round,phase,gate,lr,acc,delta_acc,client,fedavg_weight,params_update_norm,params_update_relative,params_distance_to_fused,params_cos_to_fused,bn_mean_update_norm,bn_mean_update_relative,bn_mean_distance_to_fused,bn_mean_cos_to_fused,bn_var_update_norm,bn_var_update_relative,bn_var_distance_to_fused,bn_var_cos_to_fused,local_steps,a_ratio,a_prec
226,3,1.0,0.02141454902753976,0.8481,-0.0047000000000000375,9,0.125,1.8876590651048546,0.044410736207461395,1.7696310682410368,0.34877498552389474,0.9704850219402038,0.06738830257367234,0.8885147939286482,0.4024841031621675,0.7277923871307236,0.03752376641562806,0.6546580474623167,0.436951107287367,95,0.6964638157894737,0.8597236981934112
226,3,1.0,0.02141454902753976,0.8481,-0.0047000000000000375,17,0.125,2.096381805551431,0.04932133194894209,1.9092265340912236,0.4223049023182322,1.0052569695761486,0.06980278860425769,0.924184838982235,0.3935330655217113,0.7176584850889167,0.03700127926157198,0.6080758269597268,0.5414606765235948,95,0.6621299342105263,0.8630689933552754
226,3,1.0,0.02141454902753976,0.8481,-0.0047000000000000375,4,0.125,1.984175702800597,0.04668147196455567,1.8283957805660445,0.39016881960671335,1.0993841383843288,0.07633876802552443,0.9813004434176423,0.46024384105281174,1.0191377858381054,0.052545051167539304,1.1182704343222933,-0.17863212125788358,95,0.6956003289473685,0.8746231601347757
226,3,1.0,0.02141454902753976,0.8481,-0.0047000000000000375,0,0.125,1.9462789782388763,0.04578988011476159,1.8235752562208567,0.349604940278911,1.4002788300579274,0.09723222033741562,1.299164723707843,0.38541448420644103,1.8787162662799128,0.09686348962106689,1.739547823759359,0.511511988360034,95,0.8273026315789473,0.9723161033797216
226,3,1.0,0.02141454902753976,0.8481,-0.0047000000000000375,11,0.125,1.8081929002753507,0.04254114495080843,1.6920515648125374,0.3541810202704622,1.1182248074609018,0.07764702181586552,0.9904011396272782,0.47884783727289254,1.3500074443584018,0.06960414109465639,1.2009448861882852,0.5659207160392372,95,0.8147615131578947,0.9618470855412566
226,3,1.0,0.02141454902753976,0.8481,-0.0047000000000000375,12,0.125,1.9834383274491334,0.04666412382006014,1.8518482395290292,0.3582065597212828,1.0289566297036294,0.07144843983169341,0.9445282369724838,0.39671925738519664,0.7749358233413954,0.03995440366833894,0.6773670530634555,0.49406312432455624,95,0.7141858552631579,0.8168576198975186
226,3,1.0,0.02141454902753976,0.8481,-0.0047000000000000375,10,0.125,1.8251232376371762,0.04293946303715078,1.7608764436669313,0.2820252615048332,1.0369967791310728,0.07200672976930718,1.0762173408403002,0.09614533811920895,0.9876900525299536,0.05092365828157044,1.0102839416785099,0.0854057036187898,95,0.7559621710526315,0.9401686157193364
226,3,1.0,0.02141454902753976,0.8481,-0.0047000000000000375,1,0.125,2.0421610828374512,0.04804568728516659,1.903360207605232,0.36291746427267235,1.337511635111341,0.09287380714284096,1.289008561841463,0.26893739141694023,1.9210249227172498,0.09904485366057358,1.9803200582478278,-0.11093858598255837,95,0.6689144736842105,0.9259282026063438
227,3,1.0,0.02086798289262284,0.8505,0.0024000000000000687,15,0.125,2.228999449470268,0.05248937486640015,2.059824508398449,0.3854261621692889,1.40186630591134,0.09791925270262633,1.279896364514036,0.4338909982293604,1.3265414512554283,0.06815459768971058,1.2683087560770565,0.29377851235014146,95,0.6067845394736842,0.772379209866504
227,3,1.0,0.02086798289262284,0.8505,0.0024000000000000687,9,0.125,1.8235618582237179,0.042941967523195984,1.7876623185630505,0.25245414514067405,0.914235370857942,0.06385861756661682,0.8975771981391023,0.26055054347590545,0.5377715447584844,0.027629444407712932,0.6458015169106743,0.008158863538942374,95,0.7050575657894737,0.8488365311716335
227,3,1.0,0.02086798289262284,0.8505,0.0024000000000000687,4,0.125,1.880287179974421,0.044277758197571175,1.8285995674476125,0.2669238680322167,0.9781287796716318,0.06832152163762427,1.0139759014203127,0.11408119325831534,1.0735110360918974,0.05515448666233922,1.2391048476580349,-0.3241323744772882,95,0.6865131578947369,0.8839242932438908
227,3,1.0,0.02086798289262284,0.8505,0.0024000000000000687,3,0.125,2.190439368149011,0.05158134657423016,1.969274576136823,0.45160241907538756,1.1770637384199076,0.08221697116438602,1.0234027781996184,0.5284386139665818,0.9949351187478107,0.05111743977653105,0.8398116739225241,0.577038386958539,95,0.7145559210526315,0.8262746000690528
227,3,1.0,0.02086798289262284,0.8505,0.0024000000000000687,1,0.125,1.9860574843416345,0.04676847983367715,1.8559878466393098,0.3564881878724875,1.2893247487825246,0.09005831394864183,1.1888858396536517,0.3961854683931209,1.7351509695333052,0.08914799921821873,1.6570620495532622,0.31517737541331553,95,0.6738075657894737,0.9212180386892048
227,3,1.0,0.02086798289262284,0.8505,0.0024000000000000687,5,0.125,2.0361246055087014,0.047947480524791815,1.8616363187841738,0.40700066901968646,1.1115571499126633,0.07764138776768122,0.9571611732665423,0.5385863977306694,0.9822311699415681,0.0504647405946542,0.7727808429467199,0.7011848285788351,95,0.7231496710526316,0.8613180189913003
227,3,1.0,0.02086798289262284,0.8505,0.0024000000000000687,18,0.125,2.0257407763199726,0.04770295794181613,1.8735399627255709,0.3804685138523501,1.1737160317703412,0.08198313650268477,1.1278758843427141,0.28293313299630846,1.2767398628022766,0.06559590853444834,1.1572652678291746,0.45636942337274505,95,0.7828125,0.9504674860804706
227,3,1.0,0.02086798289262284,0.8505,0.0024000000000000687,14,0.125,2.17373438679912,0.051187970959705426,1.9996053198253791,0.39557561395152285,1.3674802355285482,0.0955174128830481,1.3712282983819553,0.13732913912536926,1.577692954533653,0.08105817461819172,1.5129425782726975,0.2899238382635891,95,0.6814967105263158,0.8290696271268252
228,3,1.0,0.02032735294339415,0.8404,-0.010099999999999998,7,0.125,1.9215554972303903,0.045293414083787384,1.761224511023197,0.40016125047340506,1.0977586784158162,0.07687443881320272,0.9514850265825724,0.502696604319081,0.9496704219107689,0.04886117449448718,0.8517021096242684,0.44409448683737907,95,0.7563322368421053,0.9085571381972383
228,3,1.0,0.02032735294339415,0.8404,-0.010099999999999998,12,0.125,1.9170746635779463,0.04518779535232049,1.780476595466871,0.3710338930203747,1.0442326596275027,0.07312608980247605,0.8956406614324159,0.5170565478206061,0.6312014929042449,0.0324757363969718,0.5552535925477583,0.49020591801525876,95,0.6980263157894737,0.8397148916116871
228,3,1.0,0.02032735294339415,0.8404,-0.010099999999999998,10,0.125,1.85461371249106,0.043715514314524195,1.7185057948020088,0.37670650146075135,1.1294067475325889,0.07909070692450049,1.0944631553135558,0.2849762922499809,1.0791118049933572,0.055521019699395935,0.9797018035848913,0.4247977233307218,95,0.7445723684210527,0.9345593108018555
228,3,1.0,0.02032735294339415,0.8404,-0.010099999999999998,4,0.125,1.8705258805417766,0.044090583583941974,1.7894146721145694,0.3051337149130906,1.079931540080273,0.07562603032221459,0.9870089223633259,0.4077124514606828,1.1167410051115378,0.05745706705924006,0.9793587315626427,0.507493170641881,95,0.6703536184210527,0.8686744770901061
228,3,1.0,0.02032735294339415,0.8404,-0.010099999999999998,15,0.125,2.0727307871287874,0.048856800628945145,1.9096234608473026,0.39021668396982434,1.2815697165278228,0.08974645766430793,1.2760390291734254,0.1997667409544167,1.3339961203596082,0.0686349871576648,1.391399693233135,-0.008421397708120242,95,0.6189555921052632,0.8242875174383844
228,3,1.0,0.02032735294339415,0.8404,-0.010099999999999998,18,0.125,1.8043240614471026,0.0425301257102678,1.7264574461236473,0.30812479906880064,1.0642497248336893,0.07452785567749835,0.9783555858468755,0.39754694493150894,1.2321667037330024,0.06339579598178977,1.2158814696364504,0.1980884707980216,95,0.7738898026315789,0.9532968492641198
228,3,1.0,0.02032735294339415,0.8404,-0.010099999999999998,8,0.125,2.056553685683022,0.04847548655526131,1.8457808926829138,0.4500505064170112,1.1274309947926977,0.07895234784240061,0.967441974796118,0.5219945041361562,0.9866908088831504,0.0507658980132754,0.8203434037722328,0.5910282417751196,95,0.6568667763157895,0.8310485133020344
228,3,1.0,0.02032735294339415,0.8404,-0.010099999999999998,16,0.125,2.0926912683967025,0.04932729359398438,1.9013370674389398,0.42349696905313955,1.1984105377494874,0.08392294168903287,0.9769905252076523,0.6177150684286793,0.8216314263024815,0.042273483057359076,0.6601817634046402,0.6126414595091392,95,0.70078125,0.8814762659156252
229,3,1.0,0.01979271846601995,0.849,0.008599999999999941,19,0.125,2.19382433609641,0.05175446634304461,1.9788054214578632,0.4458849376586181,1.2958896815063232,0.09123702155191593,1.1253648816037942,0.5387222772105613,1.309778551113906,0.06814976343049713,1.2906357174179786,0.1703774620574104,95,0.6767680921052631,0.9072847682119205
229,3,1.0,0.01979271846601995,0.849,0.008599999999999941,7,0.125,1.6861492985475937,0.039777914614761906,1.6217190158744323,0.30374457843111907,0.9315886349975072,0.06558843208782257,0.8763561656130162,0.35425649241464274,0.7909492441107545,0.04115428812438289,0.7085273429392873,0.4954617402385568,95,0.7583059210526316,0.9227849474026678
229,3,1.0,0.01979271846601995,0.849,0.008599999999999941,18,0.125,1.7695577124125714,0.041745600849742215,1.7283246838261412,0.2629019452086193,0.9408646057320124,0.06624150615261121,0.973548698736522,0.1477515415088357,1.2988771048428298,0.06758254465615372,1.253750532496243,0.2869298864601627,95,0.7835526315789474,0.9526658270361041
229,3,1.0,0.01979271846601995,0.849,0.008599999999999941,17,0.125,2.1181548837660995,0.049969349795931255,1.8968209568608674,0.4590658112683586,1.1247738213668794,0.07918962149756116,0.9589377502936819,0.5502872668371832,0.63022073603197,0.032791340210179855,0.5821389323599934,0.3849723003513001,95,0.6551809210526316,0.8601104556294715
229,3,1.0,0.01979271846601995,0.849,0.008599999999999941,15,0.125,1.8505993927050846,0.04365745352001833,1.7584841245643499,0.3206804795478942,1.2324693316923,0.08677191629998879,1.173066435226263,0.3088372432468326,1.3667698887131996,0.07111510911559507,1.4372705373345718,-0.25062219817054154,95,0.6314555921052631,0.8426776063033145
229,3,1.0,0.01979271846601995,0.849,0.008599999999999941,13,0.125,2.239487474396915,0.05283170453181244,1.9959667950569675,0.4776260754017862,1.2470180576512988,0.08779621832416352,1.0606713242157093,0.5760044571265271,0.9487630856288626,0.049365581519262826,0.9830032133715109,-0.04409972454190373,95,0.6929276315789473,0.8390102065036791
229,3,1.0,0.01979271846601995,0.849,0.008599999999999941,4,0.125,1.9278192036711264,0.04547914454691678,1.7866461578828405,0.3756616255436256,0.9923389651864314,0.06986555479651654,0.9426111199552131,0.3282599635441512,1.2192942586535198,0.06344172853398206,1.1908398346828306,0.21826744021150876,95,0.6696134868421053,0.8687749462695732
229,3,1.0,0.01979271846601995,0.849,0.008599999999999941,0,0.125,1.7633043208071653,0.041598077212572734,1.6827201624662596,0.315400464912227,1.196437298924374,0.08423508357639974,1.2041807306914962,0.1594187861255511,1.8181598134127204,0.09460161113307008,1.7534476166557775,0.350745315699011,95,0.8221217105263158,0.9706411923577073
230,3,1.0,0.01926413808919542,0.8566,0.007600000000000051,14,0.125,2.022691082136762,0.047756969015132426,1.863938901320546,0.39240797029154734,1.3162525419113493,0.09264956089085377,1.30565117625044,0.1728009299388356,1.3558582238943748,0.07041431359747136,1.5698142938320498,-0.5461271713982574,95,0.7081825657894737,0.8608837020263601
230,3,1.0,0.01926413808919542,0.8566,0.007600000000000051,19,0.125,1.8313352949270496,0.04323894227276574,1.7378472952391535,0.3196139292859715,1.0604692986930782,0.07464526125014898,1.0140754354371029,0.298929119869822,1.3742084862066386,0.07136730492228724,1.2289131132074125,0.5258757551071729,95,0.6930921052631579,0.9155196962505933
230,3,1.0,0.01926413808919542,0.8566,0.007600000000000051,18,0.125,1.793642590286742,0.04234899454743039,1.6852505537102205,0.3441311625744219,1.060242745821398,0.0746293144440374,1.0139676512456963,0.29866985995876305,1.2576601554914513,0.06531455503766484,1.3825396695314673,-0.24554521665830845,95,0.7891447368421053,0.9552938724468528
230,3,1.0,0.01926413808919542,0.8566,0.007600000000000051,10,0.125,1.783069430652208,0.04209935580549998,1.670725222861765,0.3506802457702667,1.0580195863314212,0.07447282870594524,0.9728606739203303,0.39446876920477186,1.079164962966868,0.05604469463443867,0.9251536833708177,0.5757690517328731,95,0.7432154605263158,0.9373167358229599
230,3,1.0,0.01926413808919542,0.8566,0.007600000000000051,5,0.125,1.91487145492902,0.04521128191478504,1.7610346076338053,0.39471320041033015,1.0905162073730785,0.07676022992575524,0.9630232107558522,0.48932725744148803,1.031400286131778,0.05356411305571903,0.8738834717842846,0.5903217110743493,95,0.7245476973684211,0.858975086544464
230,3,1.0,0.01926413808919542,0.8566,0.007600000000000051,1,0.125,1.890082660749085,0.04462600337866619,1.7526633564525258,0.3746317628870242,1.2308111457964082,0.08663543550086159,1.1256318084452317,0.4187087648188124,1.8610551411534948,0.0966509020057965,1.6109744977652787,0.771984280876455,95,0.6663651315789474,0.9252745896581513
230,3,1.0,0.01926413808919542,0.8566,0.007600000000000051,9,0.125,1.8352439048686,0.04333122693527272,1.744559775726335,0.3153084580072662,0.9436406188708392,0.0664218196685884,0.8934801448494196,0.33026044110052977,0.8275649419141841,0.042978252678104574,0.7519826000731525,0.41752706760907576,95,0.7040296052631579,0.8481485807732742
230,3,1.0,0.01926413808919542,0.8566,0.007600000000000051,8,0.125,2.023019822412889,0.04776473077337603,1.8714192074020672,0.3826688210765519,1.1005103632820283,0.07746370750847985,1.018574091189973,0.3800494787379077,0.7549199969267343,0.03920555443615636,0.8042650323470595,0.07879008304869622,95,0.6656661184210526,0.8139477422941503
231,3,1.0,0.01874166977771553,0.8488,-0.007800000000000029,13,0.125,1.8199488683436729,0.043007900566060124,1.6865543231538918,0.3780238531438744,0.8786364526037127,0.0619257982708886,0.8272101631239451,0.33846351912899447,0.8847705361571913,0.04621730465838645,0.8949877790604736,0.13684176389193917,95,0.7053865131578947,0.8626639463713203
231,3,1.0,0.01874166977771553,0.8488,-0.007800000000000029,0,0.125,1.7060872217315513,0.04031719289786135,1.6108601233200053,0.33067675120443873,1.1777002513207873,0.08300364498962937,1.121935079271406,0.3055872221173796,1.8912954426682094,0.09879462990761805,1.7338736269165456,0.5789935633231732,95,0.8200246710526315,0.9712179712179713
231,3,1.0,0.01874166977771553,0.8488,-0.007800000000000029,18,0.125,1.6344939618375094,0.03862534547495803,1.5598195416463416,0.30659161726805273,0.922966056005367,0.06505012354733769,0.8629354276560163,0.35477434107147165,1.3893214103353235,0.0725732698658479,1.2086628949733536,0.667552517826247,95,0.7878700657894737,0.9574134961640833
231,3,1.0,0.01874166977771553,0.8488,-0.007800000000000029,16,0.125,1.9311421995092084,0.04563555226197211,1.7566572311081776,0.4304360847601753,1.0959628740310274,0.07724284105048286,1.0100817637507842,0.40246394533327673,0.9514740788316505,0.04970166340180583,0.8238466811166218,0.5527312349041502,95,0.7045641447368421,0.8784943098920338
231,3,1.0,0.01874166977771553,0.8488,-0.007800000000000029,1,0.125,1.747337861291878,0.0412920023748504,1.666743974444224,0.30387725085797984,1.097862298181161,0.07737671138605051,1.1061571319065444,0.12191173909381224,1.7519605250229726,0.09151626328577,1.88356004851227,-0.36540269373432405,95,0.6759046052631579,0.9223141501399197
231,3,1.0,0.01874166977771553,0.8488,-0.007800000000000029,3,0.125,1.8735232476292885,0.04427393700108432,1.7200744202128337,0.40362788733426724,0.993814514053573,0.07004348264130135,0.8916023358821731,0.4622156719205835,1.0234150047711292,0.0534596046483491,0.8923630206240676,0.5534514347111136,95,0.7230263157894737,0.8508303002729755
231,3,1.0,0.01874166977771553,0.8488,-0.007800000000000029,9,0.125,1.8298059771116861,0.04324083763431379,1.7367650815486282,0.3154353836814701,1.0012167324871812,0.07056518679336368,0.9359874815227686,0.35656026795138984,0.6299880210830485,0.03290836110794306,0.689930832631187,0.032202553913566107,95,0.7083881578947369,0.8319015556071512
231,3,1.0,0.01874166977771553,0.8488,-0.007800000000000029,10,0.125,1.6265159137624243,0.038436813201171253,1.5685123767331695,0.2814257799985746,1.0297846813624034,0.0725786396085953,1.0124213030111153,0.2104835645099438,0.9971748417507481,0.05208891071242081,1.0978223935680698,-0.19816326810059562,95,0.7509457236842105,0.9380715107047035
232,3,1.0,0.01822537082611828,0.8531,0.0042999999999999705,1,0.125,1.733809483795742,0.041006049144865934,1.6589965698911626,0.29750303774362874,1.1678944065538928,0.08216047774723417,1.194812488128547,0.08105768503433984,1.8733186113258162,0.09784957699545604,1.9454582210242748,-0.19824827516997004,95,0.6689144736842105,0.9178755839685272
232,3,1.0,0.01822537082611828,0.8531,0.0042999999999999705,18,0.125,1.6112754373022649,0.03810801612601854,1.5273304220611437,0.3249050669540513,0.924997597257221,0.06507287309470476,0.8309779526255106,0.44192082589767245,1.12208212920029,0.0586100309005647,1.0024339048930546,0.5380828052950445,95,0.7788651315789473,0.9554429310526872
232,3,1.0,0.01822537082611828,0.8531,0.0042999999999999705,8,0.125,1.8342209804255638,0.04338086529623328,1.674322302280444,0.4148887839888035,0.9643678541300357,0.06784254053685508,0.8275985730624354,0.5378030729693649,0.6686404372237386,0.03492528369111493,0.5418866613285812,0.6255664255815636,95,0.6739720394736842,0.8687694466475505
232,3,1.0,0.01822537082611828,0.8531,0.0042999999999999705,7,0.125,1.681661391162248,0.03977270299621146,1.5728277679563756,0.3543679294440808,0.9977728382632364,0.07019255560681414,0.9313826210119556,0.35872961412503207,0.8830615785455427,0.046125203368618375,0.8005521123077701,0.4433874408535088,95,0.7736019736842106,0.9310088232167535
232,3,1.0,0.01822537082611828,0.8531,0.0042999999999999705,14,0.125,1.836738090673832,0.04344039706573172,1.726722925016147,0.340890662831168,1.296165456710667,0.09118424796385581,1.1776451996058783,0.45111453142339686,1.3388281387600682,0.06993138607349353,1.2398961486642248,0.4522415842219109,95,0.7015625,0.8697690774821241
232,3,1.0,0.01822537082611828,0.8531,0.0042999999999999705,5,0.125,1.8143653137461904,0.04291126211822091,1.6605411657075893,0.4077772281933708,0.9680699066017764,0.06810297709517463,0.9249920827068797,0.30372324508290865,0.7603989680668133,0.03971813279560599,0.7199083131874575,0.32370158785519887,95,0.7267680921052632,0.8577652050919378
232,3,1.0,0.01822537082611828,0.8531,0.0042999999999999705,11,0.125,1.5870479469582532,0.03753501564990605,1.4878656355680404,0.3507396620724722,0.9453919942386657,0.0665076033151418,0.8372684925670072,0.47255973422269226,1.0377705601764031,0.054206161043652425,0.9622172190623818,0.398916370224051,95,0.8157072368421052,0.9595725375541889
232,3,1.0,0.01822537082611828,0.8531,0.0042999999999999705,15,0.125,1.8747985831007286,0.044340559648484656,1.7434181191610698,0.36944573297384264,1.1836858673308515,0.08327139492817177,1.1760401019090856,0.17470823286053203,1.414439715866732,0.07388082680990414,1.465533406826521,-0.09552250739231105,95,0.6185444078947369,0.8312171774247158
233,3,1.0,0.01771529785240183,0.8517,-0.0013999999999999568,1,0.125,1.6942427611927087,0.040104128658439625,1.6003494365195539,0.3293138877377799,1.1755336567838695,0.08295416420339542,1.0639957712904078,0.4594273503118439,1.8800056411840589,0.09821491978737014,1.7344912700479211,0.4302813403503673,95,0.6728618421052631,0.9191517966267416
233,3,1.0,0.01771529785240183,0.8517,-0.0013999999999999568,9,0.125,1.8229029560616439,0.043149621976416856,1.6498572037741204,0.438902924522882,0.9662493749208569,0.06818555032095516,0.8494611988531613,0.5007143281421396,0.8965864980859555,0.04683931210785661,0.6702507245731812,0.690188767104204,95,0.6997944078947368,0.8660908396498032
233,3,1.0,0.01771529785240183,0.8517,-0.0013999999999999568,3,0.125,1.6386096498900506,0.03878724686059122,1.5658958382389445,0.3018151273723888,0.8517493454269489,0.0601055994040946,0.8143890706865041,0.3058393825173074,0.7825364602267058,0.04088113034780726,0.8691927166386714,0.08493758379381273,95,0.7289884868421053,0.8457893846240623
233,3,1.0,0.01771529785240183,0.8517,-0.0013999999999999568,11,0.125,1.460097892877249,0.03456172579934396,1.4234187875547997,0.26634901765582913,0.8926557455682371,0.06299225110879701,0.9253934745826644,0.08847901773039799,0.9194591821317737,0.04803422279305383,1.0029196999696113,0.05139817055012307,95,0.8210115131578948,0.9568788501026694
233,3,1.0,0.01771529785240183,0.8517,-0.0013999999999999568,14,0.125,1.6644581670071492,0.03939910265825993,1.5711882134417887,0.3314394252734358,1.1351670857770004,0.08010560675009956,1.163112743376189,0.06339407628100491,1.3401087008792834,0.07000972001356336,1.3589823798235143,0.12593530653367319,95,0.71484375,0.8908254242162784
233,3,1.0,0.01771529785240183,0.8517,-0.0013999999999999568,2,0.125,1.9174724880175253,0.045388161082853505,1.722130534191544,0.46490101853595733,0.9741432893706556,0.06874260206651531,0.8620031386787942,0.4872490382605524,1.2614473241236432,0.06590030638246727,0.9161889777415936,0.8399773064175069,95,0.6687911184210527,0.8298801106670766
233,3,1.0,0.01771529785240183,0.8517,-0.0013999999999999568,10,0.125,1.732687883026396,0.041014156517270306,1.6022248366815048,0.38226738149423073,1.0675444707075332,0.07533366552837158,0.9700078615105943,0.4346070500563681,1.1486875854907617,0.060009532204737544,0.8703191221858307,0.7390633005097352,95,0.7525904605263158,0.9348194285089876
233,3,1.0,0.01771529785240183,0.8517,-0.0013999999999999568,5,0.125,1.6133878678283007,0.03819022640049643,1.5489675064196862,0.2914577082376079,0.8279502779384449,0.058426164926879944,0.768427009407584,0.3736396953317848,0.6538276843118174,0.034157149405681056,0.8019944787335823,-0.021508837217191965,95,0.7305098684210526,0.901778678374423
234,3,1.0,0.017211506791815812,0.854,0.0022999999999999687,2,0.125,1.731532760957359,0.04101972501967101,1.609586011328625,0.37032066558881355,0.9377975017733743,0.06655058036666965,0.8588174881990358,0.4050328623447455,0.8917362254811313,0.04722674821247671,0.9531144860429799,-0.09876185829050682,95,0.68671875,0.84875157176217
234,3,1.0,0.017211506791815812,0.854,0.0022999999999999687,19,0.125,1.759269764743376,0.041676810056596854,1.6240694420312891,0.38897084111187413,0.9945268501877093,0.07057636530814984,0.8890861748388565,0.468057741424845,1.2132300844639319,0.06425320636925537,1.210989277776673,0.11567404949073971,95,0.6842105263157895,0.9198317307692307
234,3,1.0,0.017211506791815812,0.854,0.0022999999999999687,5,0.125,1.6081818882686973,0.038097563225961834,1.5229331754571518,0.32342357380825665,0.828503671767071,0.0587945692836146,0.7710341555020903,0.36736424938067913,0.8318026971684004,0.04405264182290672,0.7683431372377948,0.3911224867544405,95,0.7254523026315789,0.8950858697500426
234,3,1.0,0.017211506791815812,0.854,0.0022999999999999687,17,0.125,1.787413355650807,0.042343527075251845,1.6519276052092198,0.38697030478238287,0.9319112519846857,0.06613286402718309,0.861576121355077,0.38206236562848533,0.6607938915541561,0.0349959392082935,0.5274429291420465,0.6581075979283632,95,0.6798108552631579,0.9021351236920099
234,3,1.0,0.017211506791815812,0.854,0.0022999999999999687,18,0.125,1.5790758470808843,0.03740804591918261,1.5156498733000872,0.2908329047814119,0.967496651804533,0.0686581736021313,0.952938658723631,0.21472827115899557,1.1825751123088735,0.06262970537192142,1.1920851662246839,0.0730737074658042,95,0.7897615131578948,0.9570989743322746
234,3,1.0,0.017211506791815812,0.854,0.0022999999999999687,7,0.125,1.582896535373302,0.037498557393568,1.4916297494374573,0.33603737948397205,0.875586814436936,0.06213581349064325,0.8411269070751951,0.2910877153852657,0.9901095930062547,0.052436645630758436,0.998290988531765,0.0995554260623439,95,0.7888980263157894,0.9354216616282706
234,3,1.0,0.017211506791815812,0.854,0.0022999999999999687,1,0.125,1.6388351921314406,0.03882373492986823,1.5613718917619404,0.30736947032048784,1.1213887889320528,0.07957909311869717,1.0740931061425776,0.28745995592338813,1.8408296920638039,0.09749116149480443,1.707945202061295,0.5636465238667986,95,0.6735608552631579,0.9173432635370246
234,3,1.0,0.017211506791815812,0.854,0.0022999999999999687,16,0.125,1.7743762583407867,0.04203468039399354,1.6667946875148631,0.34329536689445134,1.0291265051164988,0.07303172172746551,0.9653514842540285,0.34751625896369626,0.7210909619391925,0.03818929894815118,0.7517071282457445,0.05975819482656283,95,0.7113898026315789,0.895266169585573
235,3,1.0,0.016714052890727183,0.8472,-0.006800000000000028,11,0.125,1.5325788480662452,0.03633320118376013,1.4236491750255298,0.3709193330108287,1.025332982892008,0.0728828035344957,0.8135903440312944,0.6306348501404464,1.030078696156613,0.054668852503028297,0.6349406441967436,0.8536855274410123,95,0.8213815789473684,0.9601021225470565
235,3,1.0,0.016714052890727183,0.8472,-0.006800000000000028,2,0.125,1.65794717659064,0.039305337141460416,1.5831499514970775,0.30300192879234134,0.8207561291584525,0.05834105476882824,0.8396760370666548,0.25054769678868744,0.7755788016953975,0.041161906631563445,0.9021776777014394,0.09422254316902914,95,0.6973684210526315,0.8627358490566037
235,3,1.0,0.016714052890727183,0.8472,-0.006800000000000028,7,0.125,1.4890953050077027,0.0353023267722268,1.4143187329659166,0.3232402926568056,0.8366182689236276,0.059468568693993494,0.76816760020085,0.4227453932058461,0.748593589470932,0.039729733932170073,0.5100937120699346,0.7319918285371354,95,0.7849917763157894,0.934471740610759
235,3,1.0,0.016714052890727183,0.8472,-0.006800000000000028,14,0.125,1.7078460984850035,0.040488302422710516,1.5727346757350804,0.39180057619119085,1.2077925916371495,0.08585241247036049,0.9351028963962604,0.7045307888965697,1.3562624993257681,0.07198024268211434,0.8914617161352913,0.9126079095083415,95,0.71875,0.8876430205949657
235,3,1.0,0.016714052890727183,0.8472,-0.006800000000000028,15,0.125,1.721266910302821,0.040806472712246626,1.6560827747464233,0.28110812540885305,1.1273051075240104,0.08013119449582704,1.3604854923151635,-0.3276501005145548,1.2686409896052833,0.0673299500308104,1.715930654697646,-0.7621562989123873,95,0.6467105263157895,0.8568158697863683
235,3,1.0,0.016714052890727183,0.8472,-0.006800000000000028,0,0.125,1.5980007426282279,0.03788417316796992,1.4609260468557326,0.40628992040126777,1.3372280682588926,0.09505295567965849,1.0249756022795828,0.7564414354850264,1.8595357087177145,0.09869021052790199,1.3863588134658285,0.9103033397795478,95,0.8203125,0.9690225563909775
235,3,1.0,0.016714052890727183,0.8472,-0.006800000000000028,8,0.125,1.8019020570548794,0.04271810878442731,1.6484184676828453,0.4111345641632602,0.994046343955716,0.07065888408891531,0.8122251242531711,0.5862176197719163,0.7645793663283618,0.0405781390884226,0.5952368727036701,0.6319637009440009,95,0.675452302631579,0.8350885736896573
235,3,1.0,0.016714052890727183,0.8472,-0.006800000000000028,12,0.125,1.7427202052450501,0.04131507093684959,1.5909089484850252,0.413904952706346,0.9225805912483254,0.06557894956917872,0.7537101170709016,0.5801235037254766,0.6427581183249704,0.034112780797176404,0.5518311909305178,0.5763942388217161,95,0.7038240131578948,0.8355436116141848
236,3,1.0,0.01622299070056202,0.8548,0.007600000000000051,18,0.125,1.523068912879169,0.0361358403507048,1.4572383914608769,0.29972881230373394,0.821598928266834,0.05836603137388346,0.8963368366636448,0.032870804182963426,0.893594729529557,0.04714926479473056,1.2936637127297577,-0.5927480570191989,95,0.7965049342105263,0.9544163956429714
236,3,1.0,0.01622299070056202,0.8548,0.007600000000000051,6,0.125,1.7829590918959874,0.042301910669817734,1.6231662716769395,0.4282021204692476,1.059308734190051,0.07525283284484187,0.893625268419428,0.577667962380553,1.2624938298027861,0.06661370520215916,0.8177429262042556,0.8878938196951025,95,0.6592105263157895,0.8892215568862275
236,3,1.0,0.01622299070056202,0.8548,0.007600000000000051,15,0.125,1.6966991507286964,0.04025533520870483,1.5774625756330936,0.36999495329776866,1.3237471015722062,0.09403841972437194,1.0964670567810046,0.6837084340808793,1.6280809195820511,0.08590339205003505,1.198754439847058,0.8509637405457446,95,0.6402138157894737,0.8592164418754014
236,3,1.0,0.01622299070056202,0.8548,0.007600000000000051,2,0.125,1.7142467814791043,0.04067166461965129,1.5784503575157418,0.39539479996626803,0.896612639073724,0.0636949728413003,0.7767223670798836,0.5050190256688989,1.1781416184537408,0.062162979814587745,0.786650596692546,0.8300656091374536,95,0.6866776315789473,0.8267664670658683
236,3,1.0,0.01622299070056202,0.8548,0.007600000000000051,7,0.125,1.4179412611873465,0.03364161569293872,1.412078466502254,0.21024956227193806,0.7418779092218287,0.052702684771722894,0.7839747720624693,0.14833013398372538,0.5647015884636707,0.029795682365422797,0.8863160306213521,-0.2748856639012143,95,0.7887746710526315,0.9274357504040035
236,3,1.0,0.01622299070056202,0.8548,0.007600000000000051,5,0.125,1.6121207509060622,0.03824865545359695,1.5078279779414872,0.353843524388356,0.988263426753046,0.0702058050309391,0.8334567883780445,0.5647783262007741,0.8882085123323397,0.04686506864575906,0.9561231545539002,0.17767296019666715,95,0.7282072368421053,0.8876905702992659
236,3,1.0,0.01622299070056202,0.8548,0.007600000000000051,12,0.125,1.6090169783486665,0.03817501634989617,1.516698270764647,0.3343425189717593,0.8032528101906233,0.05706273110609475,0.8154735565369537,0.20861568840385508,0.658166488108781,0.03472722589041677,0.5586930245384453,0.5828991223448711,95,0.712171052631579,0.8436489607390301
236,3,1.0,0.01622299070056202,0.8548,0.007600000000000051,4,0.125,1.648836012657744,0.039119749877410695,1.5347580246334525,0.3661759641929042,0.8866001745131529,0.06298369170330641,0.8577961456673627,0.2912242889986718,1.4413934345034238,0.07605309036744957,1.1228243695539897,0.7087962840818411,95,0.68125,0.8911757605021728
237,3,1.0,0.015738374071823238,0.8514,-0.0033999999999999586,18,0.125,1.4818700258526252,0.03518396115566364,1.401206141516065,0.3294439461133174,0.9003250625395152,0.06409719298462303,0.8298236108254964,0.3891326561935898,1.3412903631064612,0.0720583847585538,0.9149603218889103,0.9164985412852616,95,0.7961759868421052,0.9552755254867531
237,3,1.0,0.015738374071823238,0.8514,-0.0033999999999999586,7,0.125,1.459579228939103,0.03465471195090771,1.3615947927965193,0.3611137888261358,0.8026542703498581,0.05714367821931938,0.7233974899975367,0.43449966142733937,0.7972604657340008,0.04283136819054634,0.47144800105187856,0.8371922057447913,95,0.7886513157894737,0.9279979144942648
237,3,1.0,0.015738374071823238,0.8514,-0.0033999999999999586,3,0.125,1.713938712033458,0.04069395562048477,1.5409266103520227,0.4557715528917117,0.9901647161765842,0.07049318245158755,0.8460822163252005,0.5769572882070417,0.8316146249585258,0.0446769828997463,0.6273780413825775,0.6605039375217746,95,0.7328536184210527,0.8594512708298266
237,3,1.0,0.015738374071823238,0.8514,-0.0033999999999999586,14,0.125,1.6165633331797151,0.03838197718287729,1.5041512499191765,0.3668211198857718,1.1032967137021834,0.07854743283275581,1.0331290317945883,0.3567683291462004,1.4110002083389226,0.0758034193814718,1.1108785121456055,0.7223871433150527,95,0.7146792763157894,0.8791208791208791
237,3,1.0,0.015738374071823238,0.8514,-0.0033999999999999586,5,0.125,1.5097945698521227,0.03584697211764233,1.421492177388694,0.3387769197500281,0.8429839528887347,0.060014885022572725,0.8144496638634579,0.2783307483138229,0.9612306283193639,0.05164036689022678,0.7299212818714382,0.6707456765394538,95,0.7307565789473685,0.8994485707855053
237,3,1.0,0.015738374071823238,0.8514,-0.0033999999999999586,15,0.125,1.586506826152927,0.03766834713620907,1.5277223244088305,0.28006853761214284,1.0535527811064214,0.07500599365698622,1.0763743758520297,0.08166236784270443,1.2625965320693087,0.06783070184143612,1.5866176664623552,-0.5555802287038836,95,0.6526315789473685,0.8633442540322581
237,3,1.0,0.015738374071823238,0.8514,-0.0033999999999999586,17,0.125,1.6514527602603892,0.03921035499316703,1.5812374425197762,0.29262208470579937,0.8774812946783019,0.06247086771831751,0.8542118568007151,0.2550313546568828,0.6072734002726579,0.03262465871232773,0.6923248731310804,0.21551985605598906,95,0.6874588815789474,0.9055565524253842
237,3,1.0,0.015738374071823238,0.8514,-0.0033999999999999586,16,0.125,1.7083703978395877,0.040561747432936786,1.569730619638863,0.4008892207391731,0.9776947961382146,0.06960540657545268,0.9050902795166689,0.3816676504434775,0.6566610973655187,0.03527792289534476,0.5587672682912462,0.5572939827322718,95,0.7239309210526316,0.8983301147336136
238,3,1.0,0.015260256148185282,0.8473,-0.0040999999999999925,4,0.125,1.5900653359642698,0.03777975069160152,1.4473963386530189,0.41545138788004693,0.8814809848084317,0.0630164317532636,0.7629488613035145,0.5177230084641542,1.3064689627242112,0.06951240535550796,0.8982746759012081,0.8876605505323231,95,0.6780838815789474,0.8787823661391062
238,3,1.0,0.015260256148185282,0.8473,-0.0040999999999999925,10,0.125,1.635608344997349,0.038861846809351085,1.5012509563524359,0.39787984425764544,1.0504323017705153,0.07509463799758656,0.9914779083308537,0.3303523754535212,1.3278578832053307,0.07065043109742844,0.9851538823521108,0.7913628156452117,95,0.7392269736842105,0.9296918455890533
238,3,1.0,0.015260256148185282,0.8473,-0.0040999999999999925,9,0.125,1.65987840976354,0.03943850046967358,1.4960316698569949,0.4396332739976872,0.9269725089265447,0.06626858758458198,0.8237077370663364,0.4699466888461741,0.9740660561571587,0.05182647002761638,0.7064839832303696,0.7214238100233662,95,0.7155838815789474,0.852094466471298
238,3,1.0,0.015260256148185282,0.8473,-0.0040999999999999925,17,0.125,1.6603132753960783,0.03944883282194241,1.4995028538673596,0.43506480980954637,0.9261701498354346,0.06621122751921706,0.8785448664628119,0.3201393157607899,0.7170773408920426,0.03815304627474691,0.59881293693055,0.5637769934371739,95,0.6934621710526315,0.9018677734954047
238,3,1.0,0.015260256148185282,0.8473,-0.0040999999999999925,11,0.125,1.33154971373789,0.03163745229876596,1.2995317217744915,0.27961343145437634,0.8357550111566807,0.059747515296031894,0.8018430858264357,0.301382790510312,0.7445018293686884,0.039612202377224084,1.0188148793915353,-0.3285097201889252,95,0.8224095394736842,0.9619519024048797
238,3,1.0,0.015260256148185282,0.8473,-0.0040999999999999925,12,0.125,1.5687563859721252,0.03727345274270949,1.4490626414225676,0.38312360791467104,0.8194539708249016,0.058582165829306865,0.7451408829785777,0.4161108944366589,0.5629349525187893,0.029951697074130992,0.5485643173916944,0.46637947293327586,95,0.7200246710526316,0.8603163725658157
238,3,1.0,0.015260256148185282,0.8473,-0.0040999999999999925,6,0.125,1.6783292812566974,0.03987689083596097,1.5254703417645594,0.4213407719182509,0.9056650632516298,0.06474533385665109,0.8292332270628483,0.4029555317076064,1.2431794259460143,0.06614500202576117,0.9220599751601025,0.7657694394174392,95,0.6633634868421052,0.8897291266348478
238,3,1.0,0.015260256148185282,0.8473,-0.0040999999999999925,0,0.125,1.4497090839685085,0.0344449039475891,1.4084379316979847,0.27602841587337246,1.0512581703236747,0.07515367873722162,1.0306774109241776,0.2218969081224777,1.4011865287986183,0.0745519784606527,1.5959736300257772,-0.2470582883945387,95,0.8272615131578948,0.9663005119538745
239,3,1.0,0.014788689360666423,0.8475,0.00019999999999997797,11,0.125,1.2977622856305298,0.03085711260476862,1.2525884789001422,0.28931438568223944,0.7974464927410552,0.05714470146286308,0.828394768487882,0.11291146750990237,0.9918588292213136,0.053466959847785295,1.1797926496379516,-0.4188377544336292,95,0.8204358552631579,0.9611587229990478
239,3,1.0,0.014788689360666423,0.8475,0.00019999999999997797,16,0.125,1.6520811778823405,0.039281812626698276,1.522263264346508,0.39490579717635116,0.8906179181840528,0.06382132909904278,0.885673038938225,0.20111225282314366,0.6966522300923985,0.0375536071433299,0.7939805183973505,-0.051641857166839535,95,0.7194490131578948,0.9016974338458021
239,3,1.0,0.014788689360666423,0.8475,0.00019999999999997797,17,0.125,1.5183103812529577,0.03610112184801923,1.4500679755049701,0.3009654981442877,0.8451268578494707,0.06056145763968844,0.7710681994498814,0.4097274210881876,0.6473543377935576,0.034896164016880254,0.6285278526981766,0.32124112416366324,95,0.6907483552631579,0.8828501696529555
239,3,1.0,0.014788689360666423,0.8475,0.00019999999999997797,3,0.125,1.5988480853169256,0.0380160804122712,1.4610750384516416,0.41359018280865095,0.8582259684164762,0.06150013474165625,0.7750032940449944,0.43197291706087254,0.9744319705104505,0.05252755080335681,1.0468368153005854,-0.038798877957686946,95,0.7418996710526315,0.8654880008867705
239,3,1.0,0.014788689360666423,0.8475,0.00019999999999997797,4,0.125,1.4916673949755102,0.03546762707259426,1.4048480030925767,0.3369260708726327,0.8447394244657066,0.060533694316062994,0.8650016649739417,0.13455463977383458,1.032235299907911,0.055643486459632276,0.9477578109110204,0.4016440154674154,95,0.7050986842105263,0.8881502216001866
239,3,1.0,0.014788689360666423,0.8475,0.00019999999999997797,6,0.125,1.5020478641623882,0.035714445238090725,1.4128753119364104,0.33985036497729126,0.8548258199120744,0.06125648143954494,0.7672502093562044,0.4445035439671521,0.9748791191290099,0.05255165471464959,0.7466265283877742,0.7592032238273714,95,0.6686677631578948,0.8962612224818596
239,3,1.0,0.014788689360666423,0.8475,0.00019999999999997797,10,0.125,1.5021891471780553,0.035717804548167656,1.4198664681914064,0.3277831801361133,1.0291027268996569,0.07374509592632332,0.9018308119676836,0.521098079473003,1.1155304896805887,0.060133581658548624,0.9163284254475024,0.6787542405252887,95,0.7405016447368421,0.935421178299739
239,3,1.0,0.014788689360666423,0.8475,0.00019999999999997797,15,0.125,1.593143529285269,0.03788044222199699,1.4640412087954335,0.3993279727117206,1.153221539184762,0.08263940110983187,1.0083108245666395,0.5531974776424502,1.4524288956579026,0.07829436524436745,1.1991003349729894,0.7864516563552691,95,0.6550575657894737,0.8721360868746469
240,3,1.0,0.014323725421878947,0.8526,0.005099999999999993,8,0.125,1.5710541973938716,0.03738260027129046,1.4698363258307683,0.35341905825036163,0.8482984089240521,0.06095993125676739,0.7397753944077357,0.49731414495789916,0.7665558467402838,0.041755767618943285,0.6604610993056288,0.5131232113691458,95,0.6967927631578947,0.8855187064794051
240,3,1.0,0.014323725421878947,0.8526,0.005099999999999993,9,0.125,1.4988786066142719,0.03566521123154011,1.4169664003187514,0.3272759254855208,0.8088477507231845,0.058124950798641335,0.850706630118057,0.09057635246434748,0.5783322254158109,0.03150286585602253,0.6912005979087756,-0.07868233971661406,95,0.7122121710526316,0.8874198949252352
240,3,1.0,0.014323725421878947,0.8526,0.005099999999999993,2,0.125,1.5951605371725628,0.037956200892736616,1.482140565653492,0.3716086509745384,0.8553360369377063,0.06146566522421312,0.7631586965627338,0.45419631960683265,0.777114603002601,0.04233092332965794,0.7700164745324474,0.237072417432716,95,0.6784950657894737,0.8449184897884977
240,3,1.0,0.014323725421878947,0.8526,0.005099999999999993,14,0.125,1.5602850473624899,0.03712635269462982,1.4218098370458034,0.4190927386662055,1.1919752338794976,0.08565703713770478,1.0089592235483984,0.6326658776641487,1.484542603853892,0.08086588374551433,1.2270950767724138,0.813364877085886,95,0.7141036184210526,0.8972188633615478
240,3,1.0,0.014323725421878947,0.8526,0.005099999999999993,3,0.125,1.4497351189984546,0.03449586178673631,1.3775431949817747,0.3158881874637786,0.794999270373529,0.057129779286771536,0.770534497558377,0.28758146225587294,1.0856698404052396,0.059138519078070065,0.9619763845689715,0.5020461459644204,95,0.7385690789473685,0.8661618973388264
240,3,1.0,0.014323725421878947,0.8526,0.005099999999999993,16,0.125,1.5566611511155155,0.03704012354667936,1.439132560929573,0.3833880607048992,0.9609093946684504,0.06905231699923545,0.819855533691973,0.5573193043549061,0.822882125886781,0.04482396810672553,0.6242498667012838,0.7242061759492314,95,0.725328947368421,0.8954648526077098
240,3,1.0,0.014323725421878947,0.8526,0.005099999999999993,4,0.125,1.46128028308,0.03477057430438389,1.3893193971061215,0.3140506016549802,0.8401849303155102,0.06037688513405063,0.759574755579128,0.427671630589555,0.8176295956539159,0.04453785270789628,0.8438792278094678,0.12588844930257995,95,0.6990542763157894,0.8820657608375978
240,3,1.0,0.014323725421878947,0.8526,0.005099999999999993,10,0.125,1.432255987538223,0.03407995291131299,1.3595186913373105,0.31906160953270374,0.9130066918164097,0.06560996058060493,0.9719115753581169,0.014612628874560702,0.8397358002222264,0.045742020081762695,1.0087613612367516,-0.3541617813235024,95,0.7537417763157894,0.9368828760024003
241,3,1.0,0.013865415320358426,0.852,-0.0006000000000000449,19,0.125,1.520084039490029,0.036194116181252206,1.4177806547803284,0.36227731250525214,0.9826089616806536,0.07063069735509685,0.8772632724793645,0.47864215424042283,1.2771670490318605,0.06968263859184821,1.264621732268056,0.14588011974979428,95,0.6951891447368421,0.9271307742355237
241,3,1.0,0.013865415320358426,0.852,-0.0006000000000000449,5,0.125,1.5496537601059521,0.03689818903223678,1.4153055175345204,0.41863533338813186,0.9083511609900705,0.06529298881449812,0.7901744780485516,0.5262511937755191,0.929576419758338,0.05071798379908606,0.7692774783243057,0.7404909205468612,95,0.7250411184210527,0.8651959394317473
241,3,1.0,0.013865415320358426,0.852,-0.0006000000000000449,7,0.125,1.3706897985561892,0.032636949358434024,1.2793963593119195,0.3588817138506915,0.7697144731736181,0.05532767573336292,0.7646551040118114,0.21844910774526005,1.045218091915958,0.05702743004828647,1.0032649945021634,0.28623178332150356,95,0.7851151315789474,0.9336964491463287
241,3,1.0,0.013865415320358426,0.852,-0.0006000000000000449,14,0.125,1.438229608383018,0.034245112894281705,1.3657622928440107,0.3150213891182897,1.0363510693487257,0.07449372190500145,1.0683167107278542,0.04596660241691009,1.4117569427647967,0.07702590580988108,1.462520170770251,-0.13098639194166994,95,0.7255345394736842,0.8841031453669594
241,3,1.0,0.013865415320358426,0.852,-0.0006000000000000449,10,0.125,1.3575498818940088,0.03232408003152333,1.3013155608040317,0.29409581092775383,0.9506693216048896,0.06833485115401652,0.8722307312679255,0.4052893886997975,1.0094908630235948,0.05507814112740336,1.0046279508891192,0.1388652647967464,95,0.7543585526315789,0.9345361386678295
241,3,1.0,0.013865415320358426,0.852,-0.0006000000000000449,1,0.125,1.5449745810071012,0.036786774960687475,1.429504533737048,0.38428961051605964,1.2225917619142679,0.08788084791828482,1.073373848124005,0.5773417612691157,1.8395234774005496,0.10036498338575964,1.7531486160827854,0.4173199894775404,95,0.6777138157894737,0.9108724669336246
241,3,1.0,0.013865415320358426,0.852,-0.0006000000000000449,11,0.125,1.2609713317813411,0.0300244866060391,1.2031748443068337,0.3109745897269917,0.8065218706813905,0.05797342012933671,0.8338173361188986,0.10387223732685856,0.9587379435789964,0.0523090457723204,0.9710609666016086,0.07309408920081395,95,0.8255756578947369,0.9601553939635422
241,3,1.0,0.013865415320358426,0.852,-0.0006000000000000449,16,0.125,1.4506336224461205,0.034540459937241544,1.3764197879738171,0.3168957703239875,0.759897830557485,0.05462204781757705,0.7614898645620882,0.19974710513853214,0.5657154756394827,0.030865615476600185,0.6339253830451352,-0.09036738341175606,95,0.7293174342105263,0.9031967074477082
242,3,1.0,0.013413809314972198,0.8532,0.0011999999999999789,9,0.125,1.4557387121273835,0.034686042423435225,1.3625158644391808,0.35303815450750825,0.8353083818746336,0.06027743009019455,0.796456066101514,0.30415337469644377,0.7062599869649072,0.0384724957039735,0.8360617577026818,-0.46364542969071576,95,0.7090871710526315,0.8660481298927225
242,3,1.0,0.013413809314972198,0.8532,0.0011999999999999789,15,0.125,1.4988422294718018,0.03571307455410026,1.3927187530741458,0.37378381935026334,1.0895597991149284,0.07862469244333933,1.0995643639571269,0.0972471455358176,1.3977338484663646,0.07613953851684438,1.44604122539715,-0.13527900051736555,95,0.6456414473684211,0.861673672143676
242,3,1.0,0.013413809314972198,0.8532,0.0011999999999999789,18,0.125,1.3840547369033656,0.03297802065758746,1.282957366208277,0.37655563768032047,0.9038743081935499,0.06522527680158814,0.7894719701776369,0.531429932662264,1.1420757535823922,0.062212931971600015,0.9975075949947457,0.695930590020442,95,0.7884046052631579,0.9561385209137373
242,3,1.0,0.013413809314972198,0.8532,0.0011999999999999789,8,0.125,1.4788703562051497,0.0352372025877704,1.369480737884566,0.3821788480157401,0.8274175201161208,0.05970801060594049,0.7379547240238954,0.4678902755098083,0.7064359576349771,0.038482081452809964,0.5947125471682034,0.6139171030125955,95,0.7054276315789474,0.899102354861273
242,3,1.0,0.013413809314972198,0.8532,0.0011999999999999789,11,0.125,1.2204102782104196,0.029078846589262672,1.1421885672845402,0.3541207309096999,0.8488946447289586,0.06125784047174809,0.7601710222577693,0.46161510985323284,1.0423204137621547,0.05677890349268917,0.9420322108048669,0.5294322511401872,95,0.8185855263157895,0.9598653807514567
242,3,1.0,0.013413809314972198,0.8532,0.0011999999999999789,14,0.125,1.35164395774918,0.03220576554658901,1.3112844628415716,0.25970589000251504,1.053316902888085,0.07600933661669614,0.9918903474495592,0.3437864016734897,1.3425191414688316,0.07313179686792622,1.2864755655132716,0.3262755774067266,95,0.734046052631579,0.8972664127268654
242,3,1.0,0.013413809314972198,0.8532,0.0011999999999999789,7,0.125,1.2796604686526079,0.030490607231576705,1.216320947460526,0.3158213167091538,0.7805234867151329,0.056324048609017144,0.7188398411963739,0.3902101349331586,0.6477105583595858,0.03528309989780806,0.5516643443142168,0.5669705290333334,95,0.7910361842105263,0.931073916207506
242,3,1.0,0.013413809314972198,0.8532,0.0011999999999999789,1,0.125,1.4395382551889748,0.03430003239844696,1.3626733137605855,0.3225096655015527,1.0788067800803176,0.07784873428563159,1.112007767516846,0.016397535264824844,1.7405344944246182,0.09481311003775734,1.787700320200007,-0.14538120532045312,95,0.6752467105263158,0.9079892826695896
243,3,1.0,0.012968956929407856,0.85,-0.0031999999999999806,2,0.125,1.5281419620284376,0.036435417367079816,1.3570206860994696,0.47778055960419746,0.8175482930848414,0.0590321309275209,0.7101411240655815,0.4998209782198785,1.0655266015789666,0.05807335141222821,0.6467124473089804,0.8795042638404265,95,0.6866776315789473,0.8382035928143713
243,3,1.0,0.012968956929407856,0.85,-0.0031999999999999806,11,0.125,1.1444440982956172,0.027286927138197494,1.1648806812496302,0.19353172512689001,0.7413384299715844,0.05352929928402878,0.8654018293918767,-0.13954331102274017,0.7112000740495689,0.038761840167556294,1.0890597126977655,-0.5160058622000299,95,0.8291529605263158,0.9593850731465411
243,3,1.0,0.012968956929407856,0.85,-0.0031999999999999806,6,0.125,1.4943896774321948,0.0356306632232147,1.3489367286400906,0.43814294778397556,0.8704131016064558,0.06284930273804587,0.7464351772218353,0.5283384642052986,1.0459870232241377,0.05700840493546712,0.6540224486507735,0.8506377621046106,95,0.6681332236842106,0.8927318604221798
243,3,1.0,0.012968956929407856,0.85,-0.0031999999999999806,17,0.125,1.4751669015451918,0.03517233547631669,1.336932055682081,0.4280182938979819,0.9136496699480962,0.06597125502488839,0.78633686974727,0.5279751441697371,0.44915015835291544,0.0244795906026507,0.5896361682897985,0.2931668298714974,95,0.6888980263157894,0.8848633162229915
243,3,1.0,0.012968956929407856,0.85,-0.0031999999999999806,7,0.125,1.236359428253591,0.029478460053769185,1.2433589842735313,0.20183736886147266,0.6953625282049282,0.05020954988750177,0.7684671611915329,0.038311889707413525,0.621973844156016,0.03389883046313594,1.026655589512451,-0.5704107447379005,95,0.7948190789473685,0.9312984997413347
243,3,1.0,0.012968956929407856,0.85,-0.0031999999999999806,9,0.125,1.3565921973389024,0.03234516434674477,1.2484891793032065,0.39118401108951323,0.7316399424958798,0.05282900746358546,0.6296681623847684,0.509843216808914,0.7334423783029227,0.03997409066342248,0.42377625730317686,0.8212156768218092,95,0.7212171052631579,0.8991448118586088
243,3,1.0,0.012968956929407856,0.85,-0.0031999999999999806,10,0.125,1.3766845543142356,0.032824225474882944,1.2688252307324694,0.3880196007491179,0.9744526636199689,0.07036161375180794,0.8165545716476392,0.5909958182703384,1.1256719502168162,0.06135139436496248,0.7574799699649866,0.8128223020021961,95,0.7596628289473685,0.9349391069012178
243,3,1.0,0.012968956929407856,0.85,-0.0031999999999999806,19,0.125,1.5043280218203796,0.03586762270389058,1.3414673420560108,0.4664386518457814,0.9545960115814949,0.06892783853286098,0.7746778610351805,0.6451075917800027,1.6304990173108203,0.08886548892281844,1.1419897567271844,0.9395222912360289,95,0.6931332236842105,0.9187874473512487
244,3,1.0,0.012530906946742542,0.8554,0.005400000000000071,8,0.125,1.552534377032058,0.03703910495241707,1.4091148968318894,0.4328326937952568,0.9062696975865003,0.06564761516255777,0.7212372812380105,0.6407812009994157,0.825768624788905,0.045671656898118286,0.5695727573687013,0.7554288996041769,95,0.6905838815789473,0.8554927061625484
244,3,1.0,0.012530906946742542,0.8554,0.005400000000000071,13,0.125,1.468358142962828,0.03503089668707116,1.376925894912286,0.3473627322820918,0.7877812370896646,0.057064646012629006,0.7922378328182306,0.23655864219054937,0.8080672260728312,0.044692626956185116,0.9155839628883933,0.018721611364883317,95,0.7066611842105263,0.872337949493774
244,3,1.0,0.012530906946742542,0.8554,0.005400000000000071,2,0.125,1.3078032189012307,0.031200507633584805,1.2522836280377991,0.30123292185892897,0.7026115642509433,0.05089519565924381,0.6590175106787927,0.3861668278836045,0.5893159595188545,0.032593919773363754,0.8205833814505313,-0.2421380613973501,95,0.6960115131578948,0.8537838955514858
244,3,1.0,0.012530906946742542,0.8554,0.005400000000000071,6,0.125,1.3323304162312062,0.031785657598399304,1.2751479372734358,0.3008318029853468,0.7929431799878244,0.05743856256503271,0.8027040842743038,0.22124749174494798,0.5959622015340724,0.03296151049535139,0.8692271447666134,-0.3792810476886453,95,0.6799753289473685,0.8941766946846466
244,3,1.0,0.012530906946742542,0.8554,0.005400000000000071,14,0.125,1.3665616667586464,0.0326023189874773,1.2684233912929124,0.37211666108166735,1.1657555942866675,0.08444404003701728,0.9491893721026432,0.6703601823447979,1.7047747522229397,0.09428777654516045,1.322310550873935,0.8923221763746179,95,0.7328947368421053,0.9078770197486535
244,3,1.0,0.012530906946742542,0.8554,0.005400000000000071,12,0.125,1.4828051772626238,0.03537556230452709,1.3590066985203453,0.40479077517089396,0.8113461154817326,0.05877161919307929,0.6765451759942371,0.5571282786236219,0.7466810096076667,0.041297474691363585,0.42902777696016753,0.859452424695266,95,0.7201480263157894,0.8336759164097294
244,3,1.0,0.012530906946742542,0.8554,0.005400000000000071,9,0.125,1.2480756643270312,0.02977557611828135,1.2265214895977912,0.24565667220343124,0.7050703508574395,0.051073303210825836,0.78450236849761,0.06234849054889658,0.5042016359222837,0.02788641204332409,0.7464042637587487,-0.23149611899575454,95,0.7314144736842105,0.8995390150663368
244,3,1.0,0.012530906946742542,0.8554,0.005400000000000071,18,0.125,1.5020464710725596,0.035834605473805514,1.3525781393215386,0.4486374352492044,0.9523124318116748,0.06898282068194751,0.7507813233173511,0.6663507598838205,1.3778441498328462,0.07620588065613647,0.9909508784843758,0.9076813877665135,95,0.7868009868421053,0.9513457015939378
245,3,1.0,0.012099707404093205,0.8562,0.0007999999999999119,7,0.125,1.290266929219386,0.03080110699471409,1.2014712446382922,0.3652887597269612,0.722109980957361,0.05223768929398591,0.6816966190248938,0.3318234851831991,0.6546532108970107,0.03597675198569916,0.661989615380437,0.14710786249613717,95,0.7941611842105263,0.9255462358910634
245,3,1.0,0.012099707404093205,0.8562,0.0007999999999999119,5,0.125,1.3311466503028249,0.031776983097937826,1.212649975774164,0.4222761669046917,0.8172011896775756,0.059116620684922384,0.7141313822984267,0.526002478145785,0.8781074304434684,0.04825677582574963,0.7308072812142349,0.7101105956895944,95,0.7255345394736842,0.8775857183338056
245,3,1.0,0.012099707404093205,0.8562,0.0007999999999999119,9,0.125,1.2573687515253693,0.03001576539745439,1.1892241897565952,0.32573253561179855,0.7657602554780276,0.05539536546262816,0.6774636672837095,0.4866320451979638,0.6945593545974639,0.03816981147233894,0.6736258868737296,0.2565308542279632,95,0.7128700657894737,0.8910999596239257
245,3,1.0,0.012099707404093205,0.8562,0.0007999999999999119,13,0.125,1.3676559247028197,0.03264852838955741,1.2545356703955746,0.40702224269244597,0.759649120160604,0.05495328379035735,0.6591737057303324,0.5280114036603825,0.9446612008560746,0.05191426723034641,0.8252918847308933,0.6018919823642016,95,0.711266447368421,0.885998381315759
245,3,1.0,0.012099707404093205,0.8562,0.0007999999999999119,18,0.125,1.23174623084665,0.029404107466039393,1.1629614850524574,0.3306672266976639,0.7527990862174432,0.054457749932340746,0.7351606657784311,0.24209243781994597,1.0940577045895272,0.06012441708202805,1.054573368861338,0.272656731538734,95,0.7999588815789473,0.9545104086353122
245,3,1.0,0.012099707404093205,0.8562,0.0007999999999999119,6,0.125,1.303997355960447,0.031128878197367767,1.2564972487932338,0.2749211553423072,0.8071919581281087,0.05839254936401443,0.762133429088388,0.32943390202981665,1.0236050751700814,0.05625266218466679,0.996149284905839,0.23006135641203712,95,0.6795230263157894,0.8939852353866634
245,3,1.0,0.012099707404093205,0.8562,0.0007999999999999119,11,0.125,1.1300712515339517,0.026976933797106833,1.0707792136319838,0.326120955459764,0.703412684313827,0.05088512029693712,0.72232862841477,0.11674006942658137,0.7581038028352244,0.04166192426773108,0.7826874790045498,0.047465148651319025,95,0.8172697368421052,0.958744214127591
245,3,1.0,0.012099707404093205,0.8562,0.0007999999999999119,2,0.125,1.2980734108824157,0.030987462446838032,1.23620978230142,0.3068451175613889,0.6725186031885553,0.04865023163260161,0.6647878463656646,0.22648588405403028,0.8315566614592773,0.04569855806616197,0.9074461877863507,-0.19860678467970985,95,0.7071546052631579,0.86696127456681
246,3,1.0,0.011675405587348867,0.853,-0.0031999999999999806,15,0.125,1.3951698693632086,0.03332433358993403,1.2752639321890102,0.40909386808321313,1.0613991298221488,0.07695874600924758,0.9240592992511896,0.5700784882844283,1.3836497576422049,0.07618274135655341,1.1798634201354585,0.620130622039506,95,0.6413651315789474,0.8438261315553276
246,3,1.0,0.011675405587348867,0.853,-0.0031999999999999806,9,0.125,1.223211938013997,0.0292170319677082,1.1533154813865178,0.33966341963246865,0.7240503781744891,0.0524986384350693,0.6389661210313008,0.4742385994251255,0.7969249252733781,0.043878102191227925,0.5934607202310037,0.6968531050032574,95,0.7219161184210526,0.8969641738337985
246,3,1.0,0.011675405587348867,0.853,-0.0031999999999999806,10,0.125,1.3083608756646998,0.03125085714226966,1.1831432723409356,0.42990549181839544,0.9279547283305603,0.06728310796489753,0.7969182131454692,0.5680843206549068,1.0328346007972833,0.05686711598946798,0.7642535918039797,0.7821318485120009,95,0.75546875,0.9424699286997225
246,3,1.0,0.011675405587348867,0.853,-0.0031999999999999806,2,0.125,1.2826347501365811,0.03063637570319813,1.2088186223046193,0.33791056191677543,0.6927739554397948,0.0502308824084363,0.6365064423543075,0.3963900765552883,0.775717444001742,0.042710433818782194,0.5094714353369967,0.8124894288909342,95,0.7083470394736842,0.8599872293492773
246,3,1.0,0.011675405587348867,0.853,-0.0031999999999999806,3,0.125,1.367697214034613,0.03266813540871237,1.2923291792980702,0.3291041268688781,0.7594406687919268,0.0550646782124688,0.720168367266056,0.32489741426205665,0.801102467694517,0.04410811461454376,1.0136622415197645,-0.3616267377193869,95,0.7351973684210527,0.8718120805369127
246,3,1.0,0.011675405587348867,0.853,-0.0031999999999999806,17,0.125,1.3554453666430157,0.03237549387556565,1.2388030733247366,0.4079974753483733,0.7637357387287037,0.05537610035996175,0.6771693725997936,0.4687567992654738,0.5488114890275995,0.030217158273738602,0.5718004670831425,0.3011142172314034,95,0.6891447368421053,0.8862768496420048
246,3,1.0,0.011675405587348867,0.853,-0.0031999999999999806,14,0.125,1.2427644722195446,0.029684054074981533,1.2083639078170267,0.2679998345750496,1.006011256792411,0.07294274379790011,1.1026417706736853,-0.18944083700092668,1.3371131913473748,0.07362047213048681,1.5452374119390386,-0.41906368211840683,95,0.7314555921052631,0.9090449153971556
246,3,1.0,0.011675405587348867,0.853,-0.0031999999999999806,4,0.125,1.3949083297989335,0.03331808658598257,1.2432951906523046,0.4668080932426172,0.8560340491982084,0.06206836346149219,0.8271757201268481,0.2696389561841551,1.29163782698233,0.07111663190474878,1.0173081419495364,0.7729193646252569,95,0.6974917763157895,0.8948888757884809
247,3,1.0,0.011258048025985219,0.8507,-0.0022999999999999687,1,0.125,1.2744930094949554,0.030460312993985314,1.1926081694350137,0.3526763482344239,0.9119873305360747,0.06637133852158858,0.9294667502809999,0.08277242237525854,1.778114123105593,0.09907175624766519,1.8573856827534434,-0.2414652844141132,95,0.6704769736842106,0.9164111370047835
247,3,1.0,0.011258048025985219,0.8507,-0.0022999999999999687,3,0.125,1.3148331291757562,0.03142443964084621,1.1970863584266365,0.42191324043442113,0.7101209824375095,0.051680191751061456,0.6324258437298155,0.46208666800971354,0.9123998648891835,0.05083647660186537,0.7596904669009109,0.6836567345141907,95,0.7426809210526316,0.8638024581995349
247,3,1.0,0.011258048025985219,0.8507,-0.0022999999999999687,11,0.125,1.1659307674419765,0.02786568136585819,1.0690302049405476,0.39952689315268963,0.8923819197043598,0.06494452335037157,0.7764222951856028,0.5527356539124267,1.0413842739538577,0.05802314238925909,0.8844627627305005,0.6861703524589312,95,0.8222039473684211,0.9591918383676735
247,3,1.0,0.011258048025985219,0.8507,-0.0022999999999999687,7,0.125,1.1768325921595415,0.028126234378411934,1.1048463905488322,0.3459098389119717,0.7652288311599175,0.05569075369669887,0.7031069637237631,0.3971383762930183,0.990200415326779,0.05517131488290068,0.8422759486195003,0.6607091909578279,95,0.7987664473684211,0.9348296098012973
247,3,1.0,0.011258048025985219,0.8507,-0.0022999999999999687,9,0.125,1.133479574664603,0.027090099639114427,1.1068040412998135,0.2556389258120765,0.6275212314768411,0.04566886259193058,0.6434173840697198,0.15564450723582876,0.5751403629412812,0.032045280505388886,0.6910183290373523,-0.2699266481914679,95,0.7354851973684211,0.9008777324313747
247,3,1.0,0.011258048025985219,0.8507,-0.0022999999999999687,6,0.125,1.2811404223909437,0.030619185797448,1.20973169778442,0.3296834072614271,0.7259145663768181,0.05282959511556741,0.6946788268110765,0.29920639825290457,0.751974687117454,0.04189801539644515,0.8334421077985064,-0.1612054108152815,95,0.6752055921052632,0.8934291456062359
247,3,1.0,0.011258048025985219,0.8507,-0.0022999999999999687,0,0.125,1.3079243459259666,0.03125932010026937,1.2180329581999931,0.3651600425655956,1.205471155270776,0.08773009387910823,1.1188459239951867,0.42120079143668004,1.9791857504878112,0.11027492875356712,1.8335228125816259,0.6088771619419058,95,0.8113486842105263,0.9692377863369147
247,3,1.0,0.011258048025985219,0.8507,-0.0022999999999999687,19,0.125,1.3085372871195615,0.03127396936116348,1.2120366406384615,0.3788678499368785,0.8234675293609498,0.059929168227178406,0.8226188339528383,0.16716024652696893,1.1618733222831554,0.06473646943136394,1.2794958548531832,-0.3678144928093957,95,0.7027549342105263,0.9249897606927623
248,3,1.0,0.010847680487962004,0.8568,0.006099999999999994,5,0.125,1.312232608826374,0.03138073100528995,1.2040317422702784,0.40491885713067344,0.8305229504715894,0.060621083539240235,0.7126722889197563,0.5466729807030087,0.8954332503377187,0.049946158622083216,0.9370620121923079,0.10239267331451941,95,0.7276315789473684,0.886132459312839
248,3,1.0,0.010847680487962004,0.8568,0.006099999999999994,1,0.125,1.222516913114286,0.029235269830832893,1.1491974227282988,0.34128941694845333,1.0098063542610105,0.07370724111278656,0.8974628729448978,0.5034126397810569,1.7962522945009292,0.10019273015893411,1.465760226155471,0.8906577443215085,95,0.6759046052631579,0.9102688891592651
248,3,1.0,0.010847680487962004,0.8568,0.006099999999999994,19,0.125,1.2325908949129916,0.029476179034621165,1.1647241596398883,0.3279637249244307,0.8085923466957268,0.05902033672928435,0.7076526005053536,0.5017496018506593,1.155171117427023,0.0644340154276141,0.9792098898144566,0.5904149785105477,95,0.6961759868421052,0.9232768294843777
248,3,1.0,0.010847680487962004,0.8568,0.006099999999999994,2,0.125,1.2952903773004354,0.03097557447544245,1.2041245581339495,0.370449328034287,0.7002736127579434,0.051113994086761885,0.6390808951169,0.40915957026010796,0.8112318458945332,0.04524950847989185,0.6146524556011694,0.6873027070776465,95,0.7101151315789473,0.8729588882455125
248,3,1.0,0.010847680487962004,0.8568,0.006099999999999994,9,0.125,1.1205393131506207,0.026796577474386307,1.100628801798573,0.2381058708373299,0.6443583211518773,0.047032655260847926,0.6121627154139367,0.3366752607321384,0.5956553169196903,0.03322491646556282,0.492119239532518,0.5682718763807622,95,0.7412006578947369,0.9091867302784866
248,3,1.0,0.010847680487962004,0.8568,0.006099999999999994,8,0.125,1.323082584160688,0.03164019731872401,1.2176836183729298,0.39768090409946016,0.753994984816254,0.05503519551959436,0.7522511595067781,0.20360764460737046,0.6548569747248345,0.036527111676999076,0.7170395323517101,0.12200617188409844,95,0.69921875,0.8939723610702734
248,3,1.0,0.010847680487962004,0.8568,0.006099999999999994,12,0.125,1.2786134277698835,0.030576761899313055,1.179772124810866,0.3890073604653499,0.7208853884624129,0.05261847770899439,0.7242623312476866,0.19550066697889845,0.49216539159222306,0.027452376497626923,0.6616444824140868,-0.13030146556800626,95,0.71328125,0.8546146307718914
248,3,1.0,0.010847680487962004,0.8568,0.006099999999999994,3,0.125,1.1960505557188075,0.02860235335205389,1.1559105593225796,0.2717470643124648,0.6643221952687512,0.04848984759962519,0.6317719595200599,0.3309330499408683,0.7048236047800883,0.03931418846871907,0.9025027944364749,-0.3174817200412413,95,0.7487253289473684,0.8790158712724477
249,3,1.0,0.010444347974704237,0.8559,-0.0009000000000000119,3,0.125,1.1583249897648824,0.027715508156156702,1.1096315344938648,0.2905877020210152,0.6231824538273062,0.045679851113432035,0.5873291297899924,0.3358243503822685,0.949431028448503,0.05376179351774509,0.6947608810206858,0.8063493671672274,95,0.7517269736842105,0.8786784815665682
249,3,1.0,0.010444347974704237,0.8559,-0.0009000000000000119,0,0.125,1.2339018812701836,0.029523853803052672,1.1477312941396458,0.3712578443958716,1.1772381705618276,0.08629264836653376,1.0818358509247092,0.4967086691831807,1.947205023983974,0.11026102086342378,1.6631481863687094,0.8302941976672148,95,0.8176809210526316,0.9689228603037313
249,3,1.0,0.010444347974704237,0.8559,-0.0009000000000000119,19,0.125,1.2145054923047973,0.029059751947942674,1.1525886007478774,0.31527485331349264,0.7488000533930854,0.05488773751997336,0.7513195197697373,0.14204068261378114,1.053490875028802,0.059654210994852755,1.3045015602457084,-0.6188931611581031,95,0.7025904605263158,0.9170714578334406
249,3,1.0,0.010444347974704237,0.8559,-0.0009000000000000119,11,0.125,1.0494944996876494,0.02511149601619041,0.9916685879618901,0.3299999598888259,0.8479682027826553,0.0621568547287282,0.760339341844508,0.4977074051242114,1.2949216155773218,0.07332529318332563,0.9850883952596605,0.9028517738838325,95,0.8228618421052631,0.9589246452128722
249,3,1.0,0.010444347974704237,0.8559,-0.0009000000000000119,17,0.125,1.2874641905184119,0.03080545148241655,1.1919091014509737,0.3873620369519265,0.7072333256604386,0.05184085787431176,0.675439165243891,0.29764086004242685,0.610994193466526,0.034597714510517755,0.5075031642321153,0.557446464927772,95,0.6981496710526316,0.895930266800165
249,3,1.0,0.010444347974704237,0.8559,-0.0009000000000000119,5,0.125,1.167835408138282,0.027943066121602928,1.0982833226416258,0.34000229529770615,0.6959705612597904,0.05101528681115432,0.6882631981573052,0.19810857713238403,0.8448323681477337,0.047838865565293265,0.6470260450867953,0.7009221640456238,95,0.7310855263157895,0.9006749156355456
249,3,1.0,0.010444347974704237,0.8559,-0.0009000000000000119,2,0.125,1.2002359514076624,0.028718321364458992,1.13361301312617,0.3285541102002644,0.6935175346489592,0.05083547768836552,0.6526843181765266,0.3381548857068893,0.6444803845022107,0.03649387930207522,0.7036186177255354,0.10302916060930987,95,0.7185855263157894,0.8778896772716869
249,3,1.0,0.010444347974704237,0.8559,-0.0009000000000000119,1,0.125,1.1631586708095587,0.02783116475305459,1.1251047546095374,0.26364123656108907,0.9030521038472766,0.0661945557004507,0.9491487309965783,-0.07933609271661181,1.3625685907480967,0.07715582178651893,1.652282965045199,-0.7683624665577538,95,0.6785361842105263,0.908132347594231
250,3,1.0,0.010048094716167114,0.8556,-0.00029999999999996696,1,0.125,1.1567612742544304,0.027693290089773295,1.1063926786832052,0.2939729636327673,0.9247863173289924,0.067833123980535,0.9903893104680134,-0.16757001041499295,1.6611122796099125,0.09299422033644773,1.5740285040486008,0.43891863464873665,95,0.6771381578947369,0.9095214962351227
250,3,1.0,0.010048094716167114,0.8556,-0.00029999999999996696,5,0.125,1.110419136536157,0.026583842279083454,1.0522687993578375,0.3201641945272636,0.6016663438964981,0.04413225729628435,0.6225198957069046,0.10121612566161711,0.7648808893162958,0.042820405836095206,0.7201128525490395,0.339426461139249,95,0.7376233552631579,0.9024471821171749
250,3,1.0,0.010048094716167114,0.8556,-0.00029999999999996696,12,0.125,1.1610162746917956,0.027795156364229977,1.0990719098188704,0.3223213612989352,0.6887088049106724,0.050516826292286154,0.6093517383740372,0.4908554015662973,0.5121595976242761,0.02867228365808183,0.5037720387146551,0.26009016244360916,95,0.7252878289473684,0.8719882079482963
250,3,1.0,0.010048094716167114,0.8556,-0.00029999999999996696,0,0.125,1.1145728389905698,0.026683283442594737,1.0667523273659723,0.2936920560599813,1.1345996794208677,0.08322294489036137,1.0236727146605664,0.5571705140644428,1.5548696906156936,0.08704643050229925,1.6084831582801962,-0.1641838704856568,95,0.8120476973684211,0.9687579117930022
250,3,1.0,0.010048094716167114,0.8556,-0.00029999999999996696,19,0.125,1.1426958375168454,0.027356558364323415,1.1011491845456265,0.27371785065825655,0.7527576106718652,0.055214809491856566,0.7909165454988629,-0.014703748014700856,1.2614408306589666,0.07061937232517439,1.2327745481719197,0.2144920302180421,95,0.7027549342105263,0.9206599964893804
250,3,1.0,0.010048094716167114,0.8556,-0.00029999999999996696,11,0.125,0.9806591971027436,0.023477341633929123,0.9358040434302417,0.30921876798107467,0.8034071732387233,0.05892995751338087,0.7178895071664423,0.4934769936487327,0.8495399863078068,0.04755988480795741,0.9255499535945028,-0.21147721856093116,95,0.820641447368421,0.9603667702174566
250,3,1.0,0.010048094716167114,0.8556,-0.00029999999999996696,13,0.125,1.2368109659699786,0.02960970913285063,1.1321382946867686,0.4172360730247766,0.6679640792055823,0.048995199593958864,0.6535535958375606,0.2350516880904471,0.877540248463515,0.04912742637654885,0.7559124301449544,0.6244088304053713,95,0.7166118421052632,0.878356667431719
250,3,1.0,0.010048094716167114,0.8556,-0.00029999999999996696,8,0.125,1.2188833538221666,0.0291805155084822,1.1125794396100572,0.4232428758726478,0.7567534250810846,0.055507902684462006,0.651144757540666,0.5768640735493761,0.715499705864824,0.04005589394202919,0.6433471002005486,0.45907004558914194,95,0.7064967105263158,0.9033872657432197
251,3,1.0,0.009658964165985781,0.8521,-0.0035000000000000586,4,0.125,1.1772626138912072,0.028199027816445243,1.0722349202003671,0.4159539977206326,0.7215134568309731,0.05297441723986323,0.7371458043807751,0.14641833969087883,1.2201003202292353,0.06873138059492728,0.8276211574654834,0.8348259343264719,95,0.6983963815789473,0.897851045039741
251,3,1.0,0.009658964165985781,0.8521,-0.0035000000000000586,8,0.125,1.124860709188541,0.0269438424814918,1.0720470915083185,0.31111365233012783,0.6957471516894319,0.05108262300321408,0.7507021222334346,0.011330680075764737,0.7483452160123708,0.042156205522899656,0.9532780435316625,-0.07798188661303716,95,0.7168585526315789,0.9005391763221292
251,3,1.0,0.009658964165985781,0.8521,-0.0035000000000000586,12,0.125,1.1372792082363083,0.027241303384398598,1.0641500809822255,0.3536613081795646,0.6334273344562188,0.046507024351285335,0.6544680816607438,0.15508354553849918,0.6500027633653931,0.03661632291697746,0.6966852559271485,0.32118674400459846,95,0.7384868421052632,0.8707126948775056
251,3,1.0,0.009658964165985781,0.8521,-0.0035000000000000586,19,0.125,1.1500730864976765,0.027547755763600603,1.0637091537090808,0.38024629228616685,0.8206014399116386,0.06024958045334904,0.6904500192472497,0.5899620048045291,1.2449193962531082,0.07012950280826359,0.8176291289857808,0.8764475718359311,95,0.7002467105263158,0.9186142102172636
251,3,1.0,0.009658964165985781,0.8521,-0.0035000000000000586,10,0.125,1.148694543892825,0.02751473546651339,1.0295430126426826,0.44985211049536966,0.8941578796008367,0.06565018593046527,0.7324952718047864,0.6693076195621137,0.9856377903592669,0.055523504891137124,0.6448178388993779,0.7982829896622752,95,0.7514802631578947,0.9446268330050339
251,3,1.0,0.009658964165985781,0.8521,-0.0035000000000000586,3,0.125,1.1037105245534304,0.026437231095203823,1.0582565936353583,0.29837867428593834,0.6128536516922984,0.04499647892128954,0.6463173664031762,0.1179728375371765,0.8777049044009317,0.04944336857733185,1.2154976742796042,-0.44802892989835996,95,0.7457236842105263,0.8894464049404499
251,3,1.0,0.009658964165985781,0.8521,-0.0035000000000000586,6,0.125,1.171859541465652,0.02806960776366798,1.0818630659478594,0.3847166479720481,0.7160280760321155,0.052571673745050916,0.6172608332098015,0.5196202584026548,0.9820317011640285,0.05532036463715324,0.5412691138861947,0.9113359271380859,95,0.6817845394736842,0.9005488209396297
251,3,1.0,0.009658964165985781,0.8521,-0.0035000000000000586,15,0.125,1.2005633765978307,0.028757152102356853,1.1070688143070821,0.3880289529265124,1.0077503920338216,0.07399028976633731,0.8734227619802178,0.5762798503363418,1.3291127114111612,0.0748723282069075,1.1268634917717337,0.5505235093222676,95,0.6738898026315789,0.8824211361278906
252,3,1.0,0.009276998996710232,0.8499,-0.0021999999999999797,15,0.125,1.1033534695248914,0.02644125284840228,1.0509680772902465,0.30677532815449643,0.8647209394750338,0.06350439557929068,0.890271592666025,0.03547083331285147,1.0867314788107565,0.06208573143862784,1.187140218222187,-0.039819513540332044,95,0.6634046052631579,0.8552125945208876
252,3,1.0,0.009276998996710232,0.8499,-0.0021999999999999797,1,0.125,1.0594284649090244,0.025388614518533706,1.0244494633008911,0.26984717974476724,0.8616434939485368,0.06327839050740351,0.908335936826494,-0.05407245533596641,1.4888752429178076,0.08506048667935379,1.558698330212072,-0.01711978588756348,95,0.6769736842105263,0.9023931000971818
252,3,1.0,0.009276998996710232,0.8499,-0.0021999999999999797,11,0.125,1.0144589407851847,0.024310944859015818,0.9357295664635717,0.3864384659885386,0.8223668991956888,0.06039394964755042,0.7335989823134226,0.4920094237027275,1.316392817302239,0.07520644475321933,0.9909510456657084,0.8191960748236369,95,0.8215049342105263,0.9582561689774263
252,3,1.0,0.009276998996710232,0.8499,-0.0021999999999999797,7,0.125,1.0820666300217308,0.02593112556717046,0.9870865840371881,0.4145856691448212,0.7594965482282809,0.055776802709409934,0.6561656626470764,0.5547009965553394,1.0817063924243817,0.0617986447296077,0.7379409219185564,0.864165352145838,95,0.7824013157894737,0.9272125289047719
252,3,1.0,0.009276998996710232,0.8499,-0.0021999999999999797,18,0.125,1.1999344112447392,0.02875576145410861,1.074540737574992,0.47112749356381195,0.9113462416280315,0.0669285194749436,0.7989995876750919,0.5651459361917175,1.6486840344211242,0.09419047500145923,1.3046606007465393,0.8382807085005335,95,0.7942434210526316,0.9568233588734728
252,3,1.0,0.009276998996710232,0.8499,-0.0021999999999999797,0,0.125,1.1123526429889927,0.026656913040320102,1.0027975113160816,0.4449440478248856,1.1605667856828377,0.08523107153960238,1.065490296274922,0.4781164084310098,1.910293519864002,0.10913640835454337,1.6919024579931015,0.5859674305022115,95,0.8178865131578947,0.9692323161228696
252,3,1.0,0.009276998996710232,0.8499,-0.0021999999999999797,19,0.125,1.0568964951463302,0.02532793726999183,1.0376268887341926,0.2299820753140132,0.6538163039990565,0.048015732370899324,0.6912064827593749,0.029877950967949304,0.9026811305523034,0.05157080598007294,1.2454968103462722,-0.6927073610565143,95,0.7045641447368421,0.9217391304347826
252,3,1.0,0.009276998996710232,0.8499,-0.0021999999999999797,10,0.125,1.0349609335415968,0.024802263724040853,1.0048400955846564,0.26166379275408086,0.779493101533268,0.05724533316048609,0.7995271955486314,0.07397764153280648,0.8101479173811049,0.04628431862407286,1.0647251458254505,-0.40544789155964184,95,0.7634457236842105,0.9373081273226692
253,3,1.0,0.008902241095125588,0.85,9.999999999998899e-05,4,0.125,1.0965676696091522,0.026291918864233876,1.0081969308911207,0.3973368123604208,0.746453869286443,0.054887814561629375,0.6198858104739506,0.6170243717075943,1.2306259470967824,0.06973199625885126,0.9653162019311415,0.7840193142726671,95,0.6966694078947369,0.8978929351354542
253,3,1.0,0.008902241095125588,0.85,9.999999999998899e-05,2,0.125,1.0945513990523772,0.026243575635305775,1.0094714095895305,0.3895257544282258,0.6140267014753183,0.045150256584085384,0.5424831501179466,0.4704067597043085,0.6931796006923396,0.03927822051552176,0.5091922707065302,0.6961514725514545,95,0.7023848684210526,0.872438824493619
253,3,1.0,0.008902241095125588,0.85,9.999999999998899e-05,8,0.125,1.0624277080468123,0.02547336007912485,1.0430760268715156,0.22719421018405114,0.6726876893137624,0.04946368244328334,0.6208885450396615,0.3848472929190916,0.6680169748274233,0.03785240941766976,0.6110632526179233,0.4259627873698988,95,0.7128289473684211,0.9004383940932165
253,3,1.0,0.008902241095125588,0.85,9.999999999998899e-05,19,0.125,1.0495307148979036,0.025164134568596577,0.9897424349235334,0.33346694745634764,0.705459215624619,0.051873419378227946,0.752217506883527,0.0021492443785176654,1.1956219897029383,0.06774853748992887,1.0882542610362433,0.43038508983001295,95,0.7078125,0.9189032183106773
253,3,1.0,0.008902241095125588,0.85,9.999999999998899e-05,17,0.125,1.1151816621741226,0.026738218345625744,1.0115642506530325,0.43193540781765627,0.6381816028045074,0.046926400830183755,0.6838922558111116,0.025426118624606853,0.4235876800753489,0.024002106076174527,0.6113536936001814,-0.16998211671365762,95,0.7023848684210526,0.9061585294462007
253,3,1.0,0.008902241095125588,0.85,9.999999999998899e-05,9,0.125,1.0547364743750962,0.025288950765165505,0.9533341039547535,0.4354494106748539,0.624292079986307,0.045905084464681264,0.6322697063483544,0.17973774649373028,0.5733223726484318,0.03248664928522919,0.545660758884993,0.39879773877846325,95,0.7435444078947369,0.9197588895647846
253,3,1.0,0.008902241095125588,0.85,9.999999999998899e-05,0,0.125,0.9981538326066438,0.023932293745512163,0.9617157765749398,0.28293011329563844,1.0584932953875685,0.07783251732287058,0.9297676015847326,0.5844438945360171,1.7546157445922312,0.09942327221872282,1.6691475164099494,0.32932889618827893,95,0.8165707236842106,0.9665139231582658
253,3,1.0,0.008902241095125588,0.85,9.999999999998899e-05,7,0.125,0.9878246277133738,0.02368463496027486,0.9388666795730212,0.3169206525010919,0.6457804425378657,0.04748515432230085,0.5526309324917771,0.5324606666070132,0.6647219176754229,0.03766569881438852,0.7549870583777942,0.024539820865036692,95,0.7963815789473684,0.9316914498141264
254,3,1.0,0.008534731557658895,0.8551,0.005099999999999993,18,0.125,1.0737371731230656,0.025755298170084536,1.005732215098917,0.3502699516460774,0.7400297460488032,0.05440113848920825,0.8077558804406375,-0.0940137669776621,1.4152699782972609,0.08072111196561288,1.3550411690206403,0.3170905909165959,95,0.7940789473684211,0.9559341342170671
254,3,1.0,0.008534731557658895,0.8551,0.005099999999999993,10,0.125,1.0193052044971678,0.024449660610878967,0.9737835760254023,0.3018051767338297,0.8408840945757506,0.06181515314300774,0.7251295356146679,0.5675956765365331,0.9240743987079446,0.05270535950490795,0.9258966878474626,0.13532177307878065,95,0.7461348684210526,0.9419155736801499
254,3,1.0,0.008534731557658895,0.8551,0.005099999999999993,19,0.125,1.0088017239175768,0.024197717881389382,0.9745540837979171,0.2744133674974981,0.7400684157997582,0.0544039811836922,0.6458880928850099,0.5138581742561519,1.192722711973858,0.06802794170268847,1.2414528746551807,-0.07891336348416197,95,0.7034128289473685,0.9197989127257847
254,3,1.0,0.008534731557658895,0.8551,0.005099999999999993,15,0.125,1.0984184686437035,0.02634731839744528,1.0210967592781328,0.3700327917117396,1.03320189220388,0.075952837740915,0.891016488354181,0.6327412299842464,1.3652228209515258,0.07786663030938065,1.2642001380276522,0.46631253172985176,95,0.6673930921052632,0.8650730084406383
254,3,1.0,0.008534731557658895,0.8551,0.005099999999999993,3,0.125,1.076604130012417,0.025824066702435197,0.9722680753176082,0.44012278057107046,0.6299524756235442,0.04630912750601241,0.54241077733475,0.5190283003337538,0.9454481446772454,0.053924429059105834,0.832521925931288,0.5429054561296817,95,0.7554276315789473,0.9037666013498803
254,3,1.0,0.008534731557658895,0.8551,0.005099999999999993,16,0.125,1.1926795435732125,0.028608320578808646,1.0679467800919686,0.47453382071949124,0.7285761945228693,0.0535591638982105,0.7486074064280566,0.10188944627400984,0.6211053480898527,0.03542526522460538,0.6281098009709627,0.18486097157042652,95,0.731702302631579,0.910199494239955
254,3,1.0,0.008534731557658895,0.8551,0.005099999999999993,9,0.125,0.9717899251818716,0.02330993087344159,0.9452719104198344,0.2611113254564995,0.6735396041257302,0.0495133087252873,0.5800666171619131,0.5267245455457132,0.5507065281322202,0.0314100093969618,0.5899141077216268,0.08427500911912146,95,0.7372121710526316,0.9074683473701823
254,3,1.0,0.008534731557658895,0.8551,0.005099999999999993,11,0.125,0.9368374144569214,0.0224715391719642,0.8900064931955094,0.3209094831721132,0.6760475055144225,0.04969766981548938,0.7618511710519495,-0.15536274355391935,1.147782591005639,0.06546474415589372,1.1055338177815888,0.2722675475292099,95,0.8205180921052632,0.9573540466048609
255,3,1.0,0.008174510685872416,0.853,-0.0020999999999999908,19,0.125,0.9806784360154897,0.023533749374323412,0.9235535866594895,0.33676597740791525,0.6875770804514015,0.05074722402812448,0.639770812164419,0.37577507964123136,1.208273720137209,0.0688682566153361,0.9906280642007634,0.7839666297873248,95,0.7110197368421053,0.9198473282442748
255,3,1.0,0.008174510685872416,0.853,-0.0020999999999999908,10,0.125,0.9631159004951702,0.023112293885822872,0.8954018216206054,0.3684179352201058,0.7419413156983927,0.05475962366102894,0.6933115695539315,0.36950812673456396,0.9605669796384686,0.05474965824999343,0.7552443827791285,0.7671461156904876,95,0.7536595394736842,0.9392219979267827
255,3,1.0,0.008174510685872416,0.853,-0.0020999999999999908,18,0.125,0.9723356896555677,0.023333545010979125,0.9515766131343767,0.23774276320212864,0.7100666808100203,0.05240708852935618,0.7324955129938018,0.028077742607103304,1.0695516339865665,0.060961481794352394,1.2583886772165078,-0.5442823357934176,95,0.7945723684210526,0.9584972055475057
255,3,1.0,0.008174510685872416,0.853,-0.0020999999999999908,3,0.125,0.9544702903403894,0.02290482157369843,0.942358223948939,0.21660859947158437,0.5452241830021998,0.040240744706323016,0.5588516342235628,0.1155734338582279,0.9124394351041752,0.05200652146565838,1.0651452525082272,-0.38678899001368383,95,0.7515625,0.899879636721742
255,3,1.0,0.008174510685872416,0.853,-0.0020999999999999908,1,0.125,1.0208071423068368,0.02449673467296363,0.945701616437641,0.3784049128788838,0.8866829889922818,0.0654424086602444,0.8347450336747221,0.3642328742316156,1.6679667970077916,0.09506948921238513,1.506776675317214,0.6010148530788283,95,0.6726151315789474,0.9064066511798509
255,3,1.0,0.008174510685872416,0.853,-0.0020999999999999908,14,0.125,1.0338467812999281,0.024809652327441575,0.9745384263171931,0.33383679948234635,0.9959085195671352,0.07350389387734017,0.993528842614431,0.11269959523893484,1.3219920050568694,0.07534988399593805,1.4913192554436152,-0.4866766946729997,95,0.7462171052631579,0.9396627727573287
255,3,1.0,0.008174510685872416,0.853,-0.0020999999999999908,2,0.125,1.0342615927137586,0.02481960672991662,0.9471286653871712,0.40820543434675527,0.5671004747378048,0.04185534343157797,0.5274605720123424,0.36754385688403574,0.7602898629081053,0.04333441711771091,0.563996484903598,0.7669146670280591,95,0.7112253289473685,0.8822917268890559
255,3,1.0,0.008174510685872416,0.853,-0.0020999999999999908,6,0.125,1.0793992026628847,0.025902792778357397,0.9679235537669288,0.46525888963038287,0.6438252460165708,0.04751808186089557,0.5612147115652206,0.5408263737451096,0.8692179766732859,0.04954301800539149,0.6475156607477578,0.817047246970748,95,0.6879934210526316,0.9049725077695434
256,3,1.0,0.007821617982044048,0.8546,0.0016000000000000458,2,0.125,0.962654927178591,0.023111419255892815,0.9290037728019988,0.27620986187592583,0.5308448195521017,0.03919766758005789,0.54145581122956,0.27304550624945567,0.4815947354958811,0.02781667792906628,0.842608931598679,-0.28420087313221587,95,0.7241365131578947,0.8876838339674067
256,3,1.0,0.007821617982044048,0.8546,0.0016000000000000458,3,0.125,0.9535427784572089,0.022892654791621975,0.900648232941549,0.3304430305004218,0.5591504716596012,0.041287761522921795,0.5315967698287285,0.37325304098076423,0.9941645676810175,0.05742246239298601,0.585607325385623,0.8571781056170112,95,0.7515213815789473,0.8962083492914592
256,3,1.0,0.007821617982044048,0.8546,0.0016000000000000458,17,0.125,1.021414912778039,0.024522128975770583,0.9492613008683204,0.3702168933095508,0.6104918021575453,0.04507881369457962,0.694813861886063,-0.011343621497596037,0.5115603707270283,0.029547478460568006,0.5967542187487382,0.3926393909036381,95,0.7122121710526316,0.9142081865943075
256,3,1.0,0.007821617982044048,0.8546,0.0016000000000000458,8,0.125,1.024168206983634,0.024588230062384066,0.9377143566019516,0.4074895631567374,0.7066835855664679,0.05218163058403748,0.5654325399729929,0.6211755186976277,0.8267068687211399,0.04775018706399357,0.47065254212988095,0.8354071197887983,95,0.7020970394736842,0.9018448023426061
256,3,1.0,0.007821617982044048,0.8546,0.0016000000000000458,14,0.125,0.9747177187078794,0.02340102275197308,0.9182792483948138,0.33611174586143255,1.0425248608745452,0.07698020482706382,0.8201156291666588,0.7673379247051186,1.6869575019006056,0.09743784566513954,1.1808774032653935,0.9257284366404196,95,0.7430509868421052,0.9309390736539207
256,3,1.0,0.007821617982044048,0.8546,0.0016000000000000458,5,0.125,1.0135678102775212,0.024333735740860372,0.9329186680591267,0.3939410592810956,0.6142576478073875,0.045356884348193356,0.685570173757342,0.0322479135023624,0.9768319472015279,0.056421338655517704,0.7984306764163359,0.576140958711951,95,0.7245065789473685,0.8800227014755959
256,3,1.0,0.007821617982044048,0.8546,0.0016000000000000458,4,0.125,1.0028183690314962,0.024075663158058973,0.94772765660172,0.3275757513842733,0.7042655536571873,0.0520030827156455,0.5829941173256893,0.5717837839608443,0.8553248577719132,0.049403148206899825,1.1584745826261242,-0.29631982525586703,95,0.697985197368421,0.9082768777614139
256,3,1.0,0.007821617982044048,0.8546,0.0016000000000000458,11,0.125,0.8901158381661503,0.021369900824651223,0.8112491225905547,0.4119641818535299,0.7661328943202833,0.05657137718524278,0.5553486296597865,0.771548965889823,1.111542653289555,0.06420216358706392,0.5893435369930262,0.9589370153288134,95,0.8104851973684211,0.9564202729440414
257,3,1.0,0.007476092144835487,0.8509,-0.0037000000000000366,4,0.125,0.9588983177147435,0.02303036415983157,0.9184743583310213,0.29099157331298425,0.6075943365005655,0.04488793929460951,0.5805782081199985,0.2964402894047663,1.10695650336337,0.06311415904385684,1.106622410779575,0.08016005122170802,95,0.7044407894736842,0.896509455988793
257,3,1.0,0.007476092144835487,0.8509,-0.0037000000000000366,0,0.125,0.9369289868830708,0.022502715210976333,0.8632642727811001,0.3914141481860913,0.9922074670536245,0.07330244189779395,0.8975538677030988,0.5539473713863656,1.4571793029564577,0.08308243910467425,1.4460923102925203,0.1231990884926673,95,0.8141858552631579,0.970254027574365
257,3,1.0,0.007476092144835487,0.8509,-0.0037000000000000366,5,0.125,0.9315150190976832,0.022372685105235584,0.888123696851687,0.3046341321092641,0.679455523925989,0.05019691014079837,0.7204972349441751,-0.06674661126988228,0.8365392958316443,0.04769606936057097,0.8258156931561581,0.16503884191883483,95,0.7393503289473684,0.91913686669262
257,3,1.0,0.007476092144835487,0.8509,-0.0037000000000000366,16,0.125,1.037901885693939,0.024927834315815457,0.940136083280605,0.44386754634982994,0.6408880624288372,0.047347617831060514,0.5658338904927956,0.5107267616114817,0.463056070121077,0.02640157437717446,0.3900768686325052,0.5751756008501606,95,0.7334703947368421,0.9132189707366297
257,3,1.0,0.007476092144835487,0.8509,-0.0037000000000000366,7,0.125,0.8777034046572036,0.02108026331900677,0.8097327504454211,0.3862684224550149,0.5127369520781127,0.0378800521932844,0.48256493491731656,0.3411205828067646,0.5267526316385955,0.030033293330853902,0.4670838969077061,0.48940128522046994,95,0.7975740131578948,0.9381347631076971
257,3,1.0,0.007476092144835487,0.8509,-0.0037000000000000366,1,0.125,0.9608558258688772,0.02307737866053794,0.9352532282784631,0.24639678585048347,1.0196031421672862,0.07532638341199492,1.0835579239225177,-0.23473274423576032,1.939126999628314,0.11056113721625044,1.9383781455909925,0.04898148180105986,95,0.6744654605263158,0.9117844296774981
257,3,1.0,0.007476092144835487,0.8509,-0.0037000000000000366,14,0.125,0.9042461930778193,0.02171775539908568,0.8549601059599408,0.3270684749991663,0.7893013942463117,0.058312118697712904,0.7128340125513744,0.4921863348896074,0.9500455838051457,0.05416773639524738,0.9352527692516184,0.17589735157144687,95,0.7412417763157895,0.9233926887446607
257,3,1.0,0.007476092144835487,0.8509,-0.0037000000000000366,8,0.125,0.9420059190739117,0.02262465055595482,0.8840349374023679,0.3453941141448476,0.5348563042054437,0.03951418878061055,0.47434442269905724,0.4731126701236759,0.48511977064721845,0.027659556872305802,0.44550148357168956,0.39791583574261,95,0.7188733552631579,0.903620660069782
258,3,1.0,0.007137971065048549,0.8532,0.0022999999999999687,1,0.125,0.9709369817636568,0.023328879832019023,0.8730551179640317,0.4391085375894334,1.1131421330368838,0.08243334986574738,0.7784962471189478,0.836971525268926,2.0599821444861757,0.11800201531502832,1.4758955225047845,0.818692057152984,95,0.6717927631578947,0.903476557718203
258,3,1.0,0.007137971065048549,0.8532,0.0022999999999999687,17,0.125,0.9857777053398737,0.023685460602380547,0.8808952137013365,0.4523501891905546,0.7180092575701741,0.053171923494307716,0.49415977435196456,0.7340151713185108,0.6006195363741442,0.034405305851524876,0.498874143407065,0.7850600880383469,95,0.7119243421052631,0.9144045281275268
258,3,1.0,0.007137971065048549,0.8532,0.0022999999999999687,12,0.125,0.9654158756388289,0.0231962232088343,0.8945628644417385,0.37703483941950827,0.5422238454770529,0.040154196515603285,0.654325619630276,0.1353632664672985,0.45603407612524055,0.026123012851904145,0.826058564681042,0.2343509581552078,95,0.7395970394736842,0.8799688664035137
258,3,1.0,0.007137971065048549,0.8532,0.0022999999999999687,3,0.125,0.851194380452327,0.020451802525012754,0.869320247070651,0.18253993127255572,0.5638317689959869,0.04175436370579765,0.5376036782873572,0.4536484638265812,0.6401936622063512,0.036672231618347845,1.1728385638773695,-0.3103817042377294,95,0.7581003289473685,0.9061127081412377
258,3,1.0,0.007137971065048549,0.8532,0.0022999999999999687,6,0.125,1.016183024534142,0.02441601474859179,0.8927703231916811,0.48896164663957753,0.77799374091143,0.057614053349095994,0.5491933037503357,0.7238942765301916,1.2569911744384759,0.07200426091748577,0.5436761027165355,0.9553286822166631,95,0.6874588815789474,0.8965847239667444
258,3,1.0,0.007137971065048549,0.8532,0.0022999999999999687,4,0.125,0.8982486875930126,0.021582384939197875,0.8309801072407376,0.38319248971203074,0.5950687355450336,0.04406760629707139,0.6960773217604612,0.13033329575183417,1.1810726318087341,0.06765541689761494,0.7378542372375155,0.7882143049792787,95,0.7017269736842106,0.8969881636001407
258,3,1.0,0.007137971065048549,0.8532,0.0022999999999999687,2,0.125,0.9952995466197092,0.023914243618342452,0.9022656138501247,0.4232729567106295,0.5851432757685908,0.04333257985790704,0.5061520045098735,0.5467074428310468,0.8641873498467897,0.049503268348527654,0.3994594933532972,0.887771789653912,95,0.723889802631579,0.876057938085771
258,3,1.0,0.007137971065048549,0.8532,0.0022999999999999687,19,0.125,0.9548354301281009,0.022942004916066582,0.834574847136962,0.4930365823424108,0.9531316236046885,0.07058382776542493,0.6075377856955042,0.8675326495179468,1.5241950839816065,0.08731051000830431,0.7826493210996683,0.9617664000646389,95,0.700452302631579,0.9161138831816847
259,3,1.0,0.006807291821469859,0.8485,-0.0046999999999999265,7,0.125,0.8739886650041502,0.02100743618531898,0.7747421998962993,0.48010625926785777,0.6766866765893301,0.05011280672571554,0.5292233346550699,0.6975548734757685,1.1115137724201418,0.06492187947988631,0.6182922311383056,0.9272298980702411,95,0.7976151315789474,0.9367976080008248
259,3,1.0,0.006807291821469859,0.8485,-0.0046999999999999265,10,0.125,0.8501610649443988,0.020434709320832526,0.828124056186058,0.25179016226020534,0.673351972803601,0.04986585141821039,0.7736370496288303,-0.22151421192756376,0.6932018565437271,0.04048889766590694,1.0904605282897806,-0.4776425629148605,95,0.7532894736842105,0.941975982532751
259,3,1.0,0.006807291821469859,0.8485,-0.0046999999999999265,3,0.125,0.8910153576196451,0.02141669453487132,0.8078254920318977,0.43030430846421175,0.5563796644459685,0.041203333174860565,0.4591539271537831,0.5749510656637091,1.1530102286208188,0.06734562626121222,0.7270473127266446,0.8542767328835581,95,0.7578947368421053,0.9003363715277778
259,3,1.0,0.006807291821469859,0.8485,-0.0046999999999999265,1,0.125,0.8418936773314886,0.020235992078090386,0.8395630414869508,0.1905196750563644,0.7176585948079847,0.053147029047369614,0.8574685466312918,-0.4091468870355721,1.3765381338995932,0.0804015614074793,1.7463373362689985,-0.5232033054612237,95,0.6767269736842105,0.9055778344877871
259,3,1.0,0.006807291821469859,0.8485,-0.0046999999999999265,14,0.125,0.9273153877536944,0.022289212219711748,0.8451078094845678,0.4211262759954456,1.084759740194799,0.08033312474572299,0.9110468496188784,0.7345888880485132,1.6627724771538217,0.0971200870765713,1.2005031297614723,0.8665081228378034,95,0.75078125,0.9290760720740456
259,3,1.0,0.006807291821469859,0.8485,-0.0046999999999999265,12,0.125,0.8851002398435657,0.02127451710833794,0.8300620244721483,0.3471313976399725,0.6118436705211374,0.045310783657982245,0.5045625480589229,0.5889565062163096,0.7418405168817299,0.04332981005303061,0.34718556267716016,0.8916554724833252,95,0.7414884868421052,0.8571507791271558
259,3,1.0,0.006807291821469859,0.8485,-0.0046999999999999265,17,0.125,0.8717966458709644,0.02095474819987791,0.8295835710525171,0.3103943021515515,0.5254439177324521,0.03891235102669131,0.5641018302923732,0.0931612169723636,0.6444431443459296,0.03764097322678146,0.48438032272007536,0.6893759991753964,95,0.7251644736842106,0.9127920163302337
259,3,1.0,0.006807291821469859,0.8485,-0.0046999999999999265,11,0.125,0.8221104609210526,0.019760477151039683,0.7578756523446236,0.38772659114844443,0.7527585017647219,0.05574639285083497,0.6013995866467733,0.6964036420569679,1.2086153342006891,0.0705934384363709,0.7447964974670581,0.8908636382119719,95,0.8197779605263158,0.9579675979334905
260,3,1.0,0.006484090676804943,0.8461,-0.0024000000000000687,18,0.125,0.8732712013482004,0.020997615610900702,0.8118585417269234,0.37228551929093084,0.685920764440096,0.05075817573143188,0.6272676213223173,0.45299851381259415,1.0417870089159418,0.059915985750975904,0.9559289364602619,0.5578957404930005,95,0.79609375,0.9606941790196787
260,3,1.0,0.006484090676804943,0.8461,-0.0024000000000000687,14,0.125,0.8217925891510418,0.01975982360604612,0.7901352765774198,0.28085341298859184,0.88943846134017,0.06581849692194516,0.8464267239528547,0.3415862269796047,1.3104431965993573,0.07536712900328135,1.1937134429956444,0.7092605632861421,95,0.7655838815789474,0.9390407648101402
260,3,1.0,0.006484090676804943,0.8461,-0.0024000000000000687,12,0.125,0.8362120568023952,0.02010653656141382,0.7787824364607538,0.365696530356949,0.5392338150399205,0.03990333310068075,0.4865010328612929,0.45186706744081073,0.46223175206821143,0.026584196993765935,0.34553847390304904,0.775522628876245,95,0.7388569078947368,0.8641549334965775
260,3,1.0,0.006484090676804943,0.8461,-0.0024000000000000687,4,0.125,0.8362994975686858,0.020108639055571944,0.7901138360699448,0.32775875484303074,0.5544074707530193,0.04102618448979477,0.5198196226568089,0.3501799711366568,0.9539906840052781,0.05486658188308814,0.9391933803238715,0.1755568825190382,95,0.6920641447368421,0.8909749866318103
260,3,1.0,0.006484090676804943,0.8461,-0.0024000000000000687,17,0.125,0.8401996284776309,0.020202416852814986,0.7940273908116621,0.3269625138005817,0.5738774044613312,0.042466960695851916,0.5835215141768726,0.0921014695316313,0.4008119969674395,0.023051780924116895,0.5006619383547174,-0.43110134034175984,95,0.7214638157894737,0.9067593753562065
260,3,1.0,0.006484090676804943,0.8461,-0.0024000000000000687,3,0.125,0.7915748791065755,0.01903324535730073,0.7796485531215378,0.2182439322148513,0.4595390197973442,0.034005913702530345,0.4731066296733652,0.10552534284949212,0.674173003992513,0.03877351104900106,0.6468749747420567,0.28283843173649825,95,0.7641036184210527,0.9023300866383254
260,3,1.0,0.006484090676804943,0.8461,-0.0024000000000000687,15,0.125,0.9488792955036238,0.022815595747766967,0.890434629637292,0.3502178040963412,0.8933998796717292,0.06611164210465899,0.8956375989207538,0.08259256277681676,1.2763015132170548,0.07340354854245663,1.371515441410229,-0.5015407600152586,95,0.6683388157894737,0.8768918420081211
260,3,1.0,0.006484090676804943,0.8461,-0.0024000000000000687,9,0.125,0.8271626358958304,0.019888945209032175,0.7677083369650074,0.3742034650232275,0.5582800666440221,0.04131275680683607,0.5411922989321172,0.2515446862492785,0.6263678229091862,0.036024105917147914,0.6570837119827537,-0.043009758640551114,95,0.7375411184210526,0.9181022467525227
261,3,1.0,0.006168403073701431,0.8493,0.0032000000000000917,12,0.125,0.7852031170902093,0.0188864356123454,0.7486820216425119,0.30437089309499676,0.5157334312548584,0.0382537015394901,0.4603337337145973,0.46459574300532813,0.35541103634434357,0.02046168115923361,0.3499230631355223,0.4019550297412769,95,0.7326480263157895,0.8565495566281288
261,3,1.0,0.006168403073701431,0.8493,0.0032000000000000917,9,0.125,0.7669891066636,0.018448335294507227,0.7428528738545221,0.2647017587921054,0.5346864986152023,0.039659514965810654,0.5552312860486729,0.05487843027504508,0.665405970390634,0.03830867197492497,0.5109855588036808,0.7068266775284504,95,0.7294819078947369,0.9179865847471957
261,3,1.0,0.006168403073701431,0.8493,0.0032000000000000917,4,0.125,0.7916411494913478,0.019041289155037496,0.7562378421821527,0.29906612158786433,0.5972237288857274,0.04429811389482374,0.5855623354115489,0.2157379702782713,1.1688190309971225,0.06729110775821899,0.9618374995145492,0.8110911429095365,95,0.6869243421052632,0.8865677002274632
261,3,1.0,0.006168403073701431,0.8493,0.0032000000000000917,15,0.125,0.8886946839895097,0.0213757110267218,0.8216603346346039,0.3901463032837902,0.9479101231885191,0.07030971571977827,0.9543009917269477,0.06064683008847958,1.3558732668642666,0.07806017158123804,1.237154696816313,0.5182936969136345,95,0.6847450657894737,0.885065753918213
261,3,1.0,0.006168403073701431,0.8493,0.0032000000000000917,7,0.125,0.7545854264377219,0.018149990442272956,0.7303590481540683,0.26791560227497624,0.5088229601800314,0.03774112841164282,0.4864291814549479,0.2991255164754399,0.4886447509366758,0.028132196446798683,0.6232846099466879,-0.2865498675016653,95,0.80390625,0.9377525446268733
261,3,1.0,0.006168403073701431,0.8493,0.0032000000000000917,8,0.125,0.8754148695799331,0.02105629258029509,0.8035328406402814,0.40872806816449075,0.5976366823916971,0.04432874405996276,0.5234735280345546,0.5346846757127236,0.48178572214808363,0.02773730927171895,0.5337029308359426,0.08016466647209464,95,0.7299753289473684,0.9077339041288797
261,3,1.0,0.006168403073701431,0.8493,0.0032000000000000917,6,0.125,0.9010201102565021,0.021672173641960654,0.8344177573917276,0.3867092259160301,0.6332886892775007,0.04697317458946129,0.5901903877868799,0.37251884351768455,1.0507191956335493,0.06049187833354196,0.8791804060340267,0.7095091092457149,95,0.6803453947368421,0.897437447117128
261,3,1.0,0.006168403073701431,0.8493,0.0032000000000000917,0,0.125,0.819495530133241,0.01971126862285262,0.7831136078490649,0.2967613639960603,0.8724557046964729,0.06471300503571918,0.8295507317957419,0.3343641535586322,1.4450089670059953,0.08319188131924977,1.6004781948130535,-0.5095965855201668,95,0.8175164473684211,0.9658485061865003
262,3,1.0,0.005860263630862452,0.8511,0.0017999999999999128,0,0.125,0.7633116332531972,0.01836599034588971,0.7271505914615517,0.30930565802340015,0.9028987980448173,0.06688930599198134,0.893632925296572,0.14700185382317105,1.7366037332603228,0.10091203495823182,1.6595538927272895,0.33993852457133017,95,0.8233141447368421,0.965639514558258
262,3,1.0,0.005860263630862452,0.8511,0.0017999999999999128,17,0.125,0.780343130053487,0.018775784055540163,0.7475557814159337,0.293827333758772,0.6169020296967794,0.04570185354196695,0.6010442867333082,0.2283448271405945,0.596852460122217,0.03468240633554553,0.42539371202932064,0.7442909852808062,95,0.7271792763157895,0.9103760248798417
262,3,1.0,0.005860263630862452,0.8511,0.0017999999999999128,2,0.125,0.8229027013622907,0.019799807064925394,0.7718622272079606,0.3467878231429956,0.49708985506114345,0.0368258275375886,0.47666049552655715,0.2869373045121351,0.5923327670018771,0.034419772194304823,0.8144247100048968,-0.642364361417035,95,0.71171875,0.8793691143335837
262,3,1.0,0.005860263630862452,0.8511,0.0017999999999999128,7,0.125,0.7260543358501064,0.017469544995642926,0.6945772852661042,0.3025242292031446,0.44571034393435716,0.03301948750377738,0.41803976084724587,0.34744636907459336,0.6589216424313683,0.038289174750842384,0.5268812627334329,0.6261910068112911,95,0.8028782894736842,0.9347024480180273
262,3,1.0,0.005860263630862452,0.8511,0.0017999999999999128,13,0.125,0.9085178200053966,0.021859786729796955,0.8144037842126419,0.47337172119073817,0.6009218526190366,0.044517996661579205,0.5367314406713032,0.5071336807815018,0.7601875362350968,0.04417361874913626,0.6531895627888822,0.5308841909299556,95,0.7249177631578947,0.8923993193420307
262,3,1.0,0.005860263630862452,0.8511,0.0017999999999999128,1,0.125,0.8332878926946328,0.02004968446157545,0.8006768683411652,0.2820166957110487,0.957845780046121,0.07095993439505366,0.9519771472636527,0.12124587241707648,1.8706539865944503,0.10870154018128983,1.8304965690628414,0.2133879995756562,95,0.6725740131578948,0.898453261600538
262,3,1.0,0.005860263630862452,0.8511,0.0017999999999999128,16,0.125,0.8771523204219154,0.02110510353429908,0.810933610404707,0.3874093023384197,0.5667292997735306,0.041984915285368844,0.5491705171539681,0.25006749440469167,0.5202507077726305,0.030231167078763086,0.5157052463008911,0.2994725541794644,95,0.7332236842105263,0.9193584567070435
262,3,1.0,0.005860263630862452,0.8511,0.0017999999999999128,11,0.125,0.7148110771958497,0.01719902169833596,0.667332819790341,0.3596833497235636,0.5976844790986476,0.04427816284134979,0.5709336114659493,0.29667774650378237,0.7470817468528108,0.0434120564819531,0.6666292525504831,0.4553332530591554,95,0.829358552631579,0.959494298463064
263,3,1.0,0.005559706139250394,0.8547,0.0036000000000000476,16,0.125,0.8252875435348859,0.01986318378206484,0.7660115111770207,0.37561315718679983,0.5695104552576811,0.042119022937987936,0.6131501195154142,0.026824451789806053,0.5588181612013402,0.03233440704029483,0.6855300063566909,-0.37556278426855955,95,0.7420641447368421,0.9178810882695185
263,3,1.0,0.005559706139250394,0.8547,0.0036000000000000476,1,0.125,0.7906770199159093,0.019030170856057713,0.7304776429057472,0.3855570566092463,0.9939085088822467,0.07350603469594183,0.8277630400571727,0.7488855593159025,1.8014594377130033,0.10423627356771956,1.6194339424228805,0.78875433819991,95,0.6696957236842105,0.903665500092098
263,3,1.0,0.005559706139250394,0.8547,0.0036000000000000476,18,0.125,0.8208864810611034,0.0197572581402229,0.7706457128043392,0.34497038263515534,0.6033571489464069,0.044622207303945664,0.6627683271385003,-0.05521050098129788,0.9145353421418082,0.05291695950249228,1.0147308713457797,-0.3109012985397969,95,0.7941611842105263,0.9549031790411101
263,3,1.0,0.005559706139250394,0.8547,0.0036000000000000476,0,0.125,0.7090282817898668,0.01706503288241918,0.7166167590853999,0.16048438622670003,0.8070870659031992,0.059689367118553445,0.9516644938493555,-0.4978151913238121,1.3715952720803537,0.07936341891009345,1.5482703577807524,-0.6987586981376341,95,0.81953125,0.9643269279012593
263,3,1.0,0.005559706139250394,0.8547,0.0036000000000000476,15,0.125,0.8037410617505497,0.019344598798089384,0.7436874480222085,0.3824386254841613,1.0288235806912926,0.07608823261141526,0.8624611993635327,0.7474255855156612,1.3521133148036142,0.07823615143694351,1.168163157245547,0.8050056006277865,95,0.6808388157894737,0.8856142046140838
263,3,1.0,0.005559706139250394,0.8547,0.0036000000000000476,3,0.125,0.7603640427646695,0.018300592128190782,0.7038351466565883,0.37932433204851584,0.4975627809457824,0.03679802186293897,0.4271707820516999,0.5133813993908842,0.7566495828973978,0.043781353754998704,0.8282060849520259,-0.15510959240651018,95,0.7637746710526315,0.9167160161507403
263,3,1.0,0.005559706139250394,0.8547,0.0036000000000000476,6,0.125,0.8038841759596431,0.019348043299171842,0.7591652189518339,0.32891050051962384,0.5824209777108463,0.04307384051214509,0.47693977297821044,0.6034062104744053,0.982464839954569,0.05684750468663358,0.8720000957417503,0.5575019364026084,95,0.68359375,0.898827067669173
263,3,1.0,0.005559706139250394,0.8547,0.0036000000000000476,13,0.125,0.7785980343329294,0.018739451442666373,0.7297054496899967,0.3488120143626407,0.5112487460651365,0.0378101884938918,0.449586657065911,0.4761042528872881,0.6504340494423916,0.037635497139757425,0.5253538761714426,0.6564357888661677,95,0.7307565789473685,0.8926963763223047
264,3,1.0,0.0052667635583811484,0.8516,-0.0030999999999999917,16,0.125,0.729880593458117,0.01757242491249698,0.6953202893697306,0.3046181551350129,0.6269684160114078,0.046529810278053974,0.6230891233790239,0.14115605577303028,0.705645029762835,0.04104352480316589,0.6592451173690267,0.44940401087080917,95,0.7370888157894737,0.9166573691844249
264,3,1.0,0.0052667635583811484,0.8516,-0.0030999999999999917,3,0.125,0.6988009817834957,0.016824159857422343,0.6543838107963639,0.35110750707075933,0.41272456418971176,0.03062992517391877,0.4065350127142516,0.21630470925478967,0.5911353827379742,0.034383122845192404,0.5409288894687574,0.4922195276996462,95,0.759046052631579,0.9134344528710726
264,3,1.0,0.0052667635583811484,0.8516,-0.0030999999999999917,13,0.125,0.7173547666253516,0.01727085619912313,0.6813429135271398,0.31323299709453534,0.486295042978463,0.036089881900102413,0.45343162130413606,0.3690176366207163,0.48275405742496347,0.02807917195478562,0.5263768427960578,-0.23862891245403095,95,0.7248766447368421,0.8972148164955471
264,3,1.0,0.0052667635583811484,0.8516,-0.0030999999999999917,14,0.125,0.7762062768947681,0.01868775062605477,0.7365366025576631,0.31583550928586523,0.9645213768567625,0.07158095292866551,0.9635968463269742,0.08064757438916464,1.374780912856,0.0799635115614558,1.3279761835737882,0.4157149282333074,95,0.7395559210526316,0.9292227287890582
264,3,1.0,0.0052667635583811484,0.8516,-0.0030999999999999917,15,0.125,0.7452808366029438,0.01794319736311728,0.7114719370833861,0.2983117585012653,0.7565893904684751,0.05614949636672942,0.7445326247653762,0.17815324422662074,1.03929114523843,0.0604499005847753,1.067980394426429,-0.1745271492982241,95,0.6778371710526315,0.8752805580831059
264,3,1.0,0.0052667635583811484,0.8516,-0.0030999999999999917,1,0.125,0.7272573028071684,0.01750926721464802,0.6866999285820196,0.32932219000588914,0.7943297992680781,0.05895036163588163,0.76318380304711,0.3034460999812529,1.4434011736397825,0.08395477807179383,1.4766448322471255,-0.22782676748948383,95,0.6768092105263158,0.901640340218712
264,3,1.0,0.0052667635583811484,0.8516,-0.0030999999999999917,18,0.125,0.7077445573374866,0.01703948317370225,0.6930085273555318,0.22836426722047715,0.665860297850572,0.049416130923749586,0.6735500229392873,0.05342720140407059,1.2385931707331508,0.07204221298221834,1.2285242418164557,0.13088858319572796,95,0.7951069078947368,0.9606453948389099
264,3,1.0,0.0052667635583811484,0.8516,-0.0030999999999999917,10,0.125,0.7705300999403188,0.01855109239152147,0.7045777500842249,0.4208082932637491,0.7075852309808148,0.052512703530653224,0.6600845864422833,0.4218909243466719,0.8908759018827416,0.05181739491278831,0.8604062053896195,0.31089666162886287,95,0.7490542763157895,0.9472470769061865
265,3,1.0,0.00498146801270987,0.8554,0.0038000000000000256,3,0.125,0.642117245261967,0.015463921779882133,0.6585445652415408,0.16582055467540902,0.4085655146089087,0.030348871695900136,0.40957414044881363,0.26985397605483913,0.7309208669380257,0.04256686989431392,0.7033086066452257,0.29101474236321445,95,0.7567434210526316,0.908552488589437
265,3,1.0,0.00498146801270987,0.8554,0.0038000000000000256,6,0.125,0.7420409816522066,0.017870355892801528,0.6868619222481238,0.37850805629157297,0.4898948396632669,0.036390138427752336,0.4869922398231985,0.24172012529255593,0.8838594659710745,0.051473603497543256,0.8767732640733508,0.1873447409620337,95,0.6903782894736842,0.907921381774866
265,3,1.0,0.00498146801270987,0.8554,0.0038000000000000256,9,0.125,0.7035918178781406,0.016944395929116916,0.6212444476076452,0.4740146001791183,0.49089944991322093,0.03646476241457958,0.49589664858240434,0.20593921567844847,0.6540882259205107,0.03809234305869357,0.5214293968006054,0.6341811286362496,95,0.7418174342105263,0.9278310514938196
265,3,1.0,0.00498146801270987,0.8554,0.0038000000000000256,7,0.125,0.6960443612923707,0.01676263274000994,0.6574914972590662,0.3368591271647925,0.5795980027465842,0.04305342666376011,0.4675226897476192,0.6449837033486915,0.8107987718990474,0.047218744730163256,0.7467072188308183,0.3913689767907988,95,0.7982730263157894,0.9416400535695889
265,3,1.0,0.00498146801270987,0.8554,0.0038000000000000256,2,0.125,0.7515513191892751,0.018099390569659497,0.6695029578127514,0.4611285339263542,0.47641415467486664,0.0353887725159048,0.40413372757370647,0.533239439467561,0.8123825806449331,0.04731098150143785,0.7112238333340046,0.5067249953496921,95,0.7275493421052631,0.8930145812139708
265,3,1.0,0.00498146801270987,0.8554,0.0038000000000000256,12,0.125,0.7536813047463643,0.01815068638874884,0.6647203338627711,0.48196201264351957,0.519459900403565,0.038586276386061644,0.43416180840657265,0.5650278215635257,0.5004091806833944,0.029142487855496346,0.39448865346157086,0.6166454143571644,95,0.7433388157894737,0.886215289301914
265,3,1.0,0.00498146801270987,0.8554,0.0038000000000000256,17,0.125,0.7704027131292099,0.018553383175340048,0.6668177355299891,0.5227594183995081,0.5023148587282157,0.03731271645155734,0.5081472589928213,0.19698693189343477,0.3615395574969333,0.021055093652052843,0.4385721546288519,0.10190915124439252,95,0.7377878289473684,0.9231455163573539
265,3,1.0,0.00498146801270987,0.8554,0.0038000000000000256,11,0.125,0.6509384261936955,0.015676359699811827,0.6113270101266562,0.35436642750082187,0.6899445658831163,0.051250138248485545,0.5722550070790225,0.6426555874950112,0.9170984966611013,0.053409355449355364,0.8206332645353287,0.4744464617713679,95,0.8118832236842105,0.9549759432767789
266,3,1.0,0.004703850788108141,0.8514,-0.0040000000000000036,8,0.125,0.7263077698274443,0.01749543985344235,0.6818744905598103,0.3459783358050114,0.5250897724518271,0.038930083174209595,0.4268506496905701,0.6033682927620182,0.5371902391874679,0.031187565053373858,0.4589471762139506,0.5202899704711179,95,0.725328947368421,0.9135487528344671
266,3,1.0,0.004703850788108141,0.8514,-0.0040000000000000036,13,0.125,0.7194655557432684,0.01733062329777957,0.6661394237027926,0.3838738446397981,0.47815254061327905,0.03545016329134905,0.5601592654594459,-0.13580346077533553,0.7236099111182422,0.04201050117813223,0.9188149349150274,-0.6482288784647017,95,0.738610197368421,0.8968435116628626
266,3,1.0,0.004703850788108141,0.8514,-0.0040000000000000036,2,0.125,0.6873679390734644,0.016557449795837245,0.6610474008255431,0.2789226123041717,0.4298595474805304,0.0318697274534716,0.4261009607224429,0.28817967809634226,0.6375339638284072,0.03701320411314279,0.7245947225841182,-0.1405834864564258,95,0.7329769736842106,0.8972848648042185
266,3,1.0,0.004703850788108141,0.8514,-0.0040000000000000036,0,0.125,0.668226945978543,0.016096377909594155,0.6287308048071655,0.33870400064225425,0.8635016302415998,0.0640198915499827,0.7043564328333197,0.7529192494444772,1.5145109024767782,0.08792770949539694,1.3148522357128418,0.7884505087436141,95,0.8127055921052632,0.9645332658740198
266,3,1.0,0.004703850788108141,0.8514,-0.0040000000000000036,3,0.125,0.6464344244100293,0.015571435500610483,0.6157472055274651,0.30761558665520033,0.440012712566909,0.032622481710041056,0.46869888945270405,0.1393234640385232,0.6655038405567816,0.03863704662993991,0.604352812199064,0.4191623320419003,95,0.7661595394736842,0.9150432029195513
266,3,1.0,0.004703850788108141,0.8514,-0.0040000000000000036,9,0.125,0.6066142843752239,0.0146122403854321,0.5965399924717425,0.23131128647844107,0.5092007971041713,0.03775207673742654,0.6331785970868546,-0.3645286849566335,0.5446907543754153,0.031623021225682106,0.6884742278912858,-0.36702742378730296,95,0.7486019736842106,0.9207404152477205
266,3,1.0,0.004703850788108141,0.8514,-0.0040000000000000036,14,0.125,0.6863301652770262,0.016532451703029596,0.6298927920516406,0.4036735475590451,0.795184492394648,0.05895486838987196,0.6266874867686159,0.7909068843539243,1.0711401871243966,0.06218700905242453,0.8578767614195392,0.8456207408808234,95,0.7452302631578948,0.9380931361730303
266,3,1.0,0.004703850788108141,0.8514,-0.0040000000000000036,4,0.125,0.6986624549692698,0.01682951424528649,0.6504482685452184,0.3674640295062785,0.5463124363607192,0.04050352854392924,0.4397474573295905,0.6251484585637341,1.0773188519711259,0.0625457227776438,1.0531148238283348,0.21345174540613163,95,0.7078947368421052,0.9079925650557621
267,3,1.0,0.00443394232843309,0.8532,0.0017999999999999128,13,0.125,0.6431509514905852,0.015496245088349231,0.6057146017506293,0.33629657480647274,0.5149746987476121,0.03832421819265667,0.42907412486454055,0.6131777892982289,0.9775784849148981,0.05676688942553398,0.6719193349652837,0.8818642816020575,95,0.7454769736842105,0.9018753447324875
267,3,1.0,0.00443394232843309,0.8532,0.0017999999999999128,11,0.125,0.5730388314260167,0.013806945564394123,0.5369145152875943,0.3499135879728685,0.47013254064796034,0.03498708210534975,0.5327526564033572,-0.18173180392776372,0.6602490186278102,0.038339922177220404,0.7894325434493398,-0.09739908662607118,95,0.8241365131578947,0.9606845282642319
267,3,1.0,0.00443394232843309,0.8532,0.0017999999999999128,15,0.125,0.7152550116872982,0.017233538932172002,0.6665861650847719,0.370316672852713,1.009642981671583,0.07513724076224944,0.8889467838450306,0.7216290696508254,1.5978914472891819,0.09278776947527426,1.342899844162299,0.7455229404531268,95,0.6741365131578947,0.8819152180542849
267,3,1.0,0.00443394232843309,0.8532,0.0017999999999999128,18,0.125,0.7014531070947194,0.01690099227923318,0.640429613662228,0.42704333786745646,0.5146571626127178,0.038300587276133315,0.5339707406411024,0.0644984523923989,0.8482950747207927,0.04925954636889579,0.8381662248279269,0.24694766060561824,95,0.79921875,0.9572979369244224
267,3,1.0,0.00443394232843309,0.8532,0.0017999999999999128,0,0.125,0.6242120228643977,0.015039925651952578,0.594998490808479,0.30422320282618304,0.791568048111053,0.058908188429294184,0.8848899873871312,-0.43780456397927914,1.3130437150119305,0.07624698019767014,1.4580674731765972,-0.2679468341426153,95,0.8189144736842106,0.9647519582245431
267,3,1.0,0.00443394232843309,0.8532,0.0017999999999999128,14,0.125,0.6300700220612213,0.015181069797150443,0.6176158233345564,0.22587395763280782,0.6893552979410784,0.05130155503718373,0.7830479135070354,-0.4279051169283315,0.8782016673890549,0.05099618876159485,1.1113864294761058,-0.4953060090176356,95,0.7601973684210527,0.939528342708784
267,3,1.0,0.00443394232843309,0.8532,0.0017999999999999128,1,0.125,0.69127845731237,0.016655841640258007,0.6583601120252596,0.30491228143003923,0.9917839061011847,0.07380817525564572,0.8821710962034033,0.6678744385361507,2.0035404231017417,0.11634335187696482,1.7722980406709659,0.6770020811350335,95,0.67109375,0.9007413761411678
267,3,1.0,0.00443394232843309,0.8532,0.0017999999999999128,9,0.125,0.6021087677554948,0.014507364116244611,0.5813765305443712,0.2717764116787943,0.6361741209115338,0.04734383238172284,0.5344639482015571,0.6627796628948579,0.6406020771856741,0.03719904625819609,0.622371875374751,0.33943989503344263,95,0.7496299342105263,0.9284734792386594
268,3,1.0,0.004171772232188925,0.8541,0.0009000000000000119,12,0.125,0.6531083255531157,0.01574006570178904,0.6137749033381361,0.3417946369941286,0.44728851410581494,0.03328201412713413,0.48649865217301064,0.011188971644254952,0.40157589103068486,0.023363104230869135,0.6249053293256358,-0.09623961683269545,95,0.7350740131578948,0.8899144151703305
268,3,1.0,0.004171772232188925,0.8541,0.0009000000000000119,13,0.125,0.5887643374759078,0.014189360313073223,0.5662608268075601,0.2886794609494076,0.43724828059481574,0.03253493660778216,0.36776485517030394,0.5502523397629503,0.6279880480060271,0.03653543588896321,0.45037720248036783,0.6969230793052398,95,0.7447368421052631,0.9085136925795053
268,3,1.0,0.004171772232188925,0.8541,0.0009000000000000119,19,0.125,0.7115878284352145,0.017149435605001734,0.615050205175953,0.55937701431274,0.7272978613913558,0.05411705629386036,0.5828059526742759,0.7975939423196606,1.482237753638507,0.08623444760168551,1.0634520448588303,0.9631754731843539,95,0.7069490131578947,0.9306112952945966
268,3,1.0,0.004171772232188925,0.8541,0.0009000000000000119,11,0.125,0.517270794773633,0.012466348960500981,0.5352773889730599,0.1344367126755597,0.4927450127006458,0.036664358588689674,0.590775837157744,-0.34943056215532575,0.6580089272523323,0.038282007201134366,1.0163324840533585,-0.6964753913284379,95,0.8133634868421052,0.9570294727263535
268,3,1.0,0.004171772232188925,0.8541,0.0009000000000000119,9,0.125,0.5613450280442953,0.013528548446089656,0.532795967134096,0.32365574202946035,0.5204175006110423,0.03872342360941338,0.4345783672981162,0.5896930374932905,0.5658141881974802,0.032918250695364186,0.33749266007638273,0.8029429367796732,95,0.7392269736842105,0.9283568806318834
268,3,1.0,0.004171772232188925,0.8541,0.0009000000000000119,1,0.125,0.6469577374035183,0.015591835067158378,0.5858899333662853,0.4329622268923128,0.8902781801876044,0.0662441579330908,0.7635997649778716,0.7093715093551644,1.7514529844055935,0.1018970001538464,1.4343967003590086,0.7789296318216915,95,0.6696546052631579,0.9055630602971878
268,3,1.0,0.004171772232188925,0.8541,0.0009000000000000119,7,0.125,0.5949079375760107,0.014337422534052019,0.5771954393171786,0.26605057081511585,0.4229489342614994,0.031470945399276334,0.4920707596049419,-0.14846810112424744,0.5884651354912285,0.03423605003135901,0.963101680836525,-0.7428460014870819,95,0.8023848684210526,0.9439376857640668
268,3,1.0,0.004171772232188925,0.8541,0.0009000000000000119,4,0.125,0.6403998963497733,0.015433789540850906,0.5672148183485048,0.4830745928986075,0.5662106876602724,0.042130820513726505,0.5853168882562522,0.07453491798215786,1.0272243331435387,0.0597624252345461,0.7469036600036784,0.7630406728257754,95,0.7005756578947369,0.9133114215283484
269,3,1.0,0.003917369249281083,0.8543,0.00019999999999997797,10,0.125,0.6438361291445421,0.015520000322207437,0.5770820763209101,0.4630547133894579,0.664943168523281,0.04952292143388873,0.5346356357720029,0.7225307954671157,0.6840049714738136,0.04039242705511245,0.6267636968803223,0.4524252815810646,95,0.745764802631579,0.9408391685504769
269,3,1.0,0.003917369249281083,0.8543,0.00019999999999997797,5,0.125,0.6382141551185373,0.015384479753004573,0.5811517902634833,0.42312429224169484,0.5626754159944971,0.04190633386152386,0.4516773139079473,0.6665892490664495,0.7329734411218718,0.04328415360791486,0.6679112410911173,0.4886359981922754,95,0.7380756578947368,0.9266295264623955
269,3,1.0,0.003917369249281083,0.8543,0.00019999999999997797,6,0.125,0.6532654791082585,0.015747299642407953,0.5959975009404787,0.4204546991722882,0.4165329873126335,0.031022095393682197,0.37015424385906925,0.460144132509035,0.5731004709506606,0.03384320280340446,0.5998354673318934,-0.02099220463569889,95,0.688733552631579,0.9060298507462686
269,3,1.0,0.003917369249281083,0.8543,0.00019999999999997797,12,0.125,0.6053279401271916,0.014591740662795357,0.5525084336667976,0.41332547466338293,0.46169264112183844,0.03438544747163737,0.4862406745939099,0.10322803667388006,0.6142248350455914,0.036271712750215526,0.5811583361273368,0.3291564163454377,95,0.742516447368421,0.8849817255510023
269,3,1.0,0.003917369249281083,0.8543,0.00019999999999997797,1,0.125,0.586817298398539,0.014145532143906138,0.5784381032411555,0.22002334320782382,0.8008226529315122,0.05964280738710541,0.7151218511129427,0.5205005226503897,1.5122879807230103,0.089304880074276,1.48816021426572,0.19936390468957682,95,0.6750822368421052,0.8976732854184432
269,3,1.0,0.003917369249281083,0.8543,0.00019999999999997797,7,0.125,0.5518448627093353,0.013302503633086162,0.5578932637107367,0.1636236463362204,0.42501328515169706,0.03165368188633329,0.5031794515726647,-0.16731030531644356,0.7374407694051937,0.043547961970925024,0.7307228046381686,0.15260238964249107,95,0.8045641447368421,0.9447028159656564
269,3,1.0,0.003917369249281083,0.8543,0.00019999999999997797,9,0.125,0.5286216299545238,0.012742695688918343,0.5196405253261633,0.24268854013615918,0.412111438874415,0.03069279206929687,0.3732126676734091,0.4303606018677024,0.36999690008909547,0.021849362827385057,0.41556058834152376,-0.06873295518038972,95,0.7572779605263158,0.9258293967529999
269,3,1.0,0.003917369249281083,0.8543,0.00019999999999997797,16,0.125,0.6807872454612802,0.01641072594505137,0.6320010898090863,0.37751210681136627,0.6121230462847608,0.04558904123544129,0.6327378575260488,0.0684396459874912,0.71630779532101,0.042300000114282796,0.7175561379427152,0.10794430605961852,95,0.7391447368421052,0.9226190476190477
270,3,1.0,0.0036707612778634846,0.8558,0.0015000000000000568,1,0.125,0.5623783790847015,0.013559328636228227,0.5576542112106603,0.19338362559096245,0.7187347730407767,0.053597338305557865,0.8208671330453963,-0.5110305757043628,1.3961387313501938,0.08257730156185697,1.6542883618486037,-0.7837772423679812,95,0.6743832236842106,0.901530394488141
270,3,1.0,0.0036707612778634846,0.8558,0.0015000000000000568,0,0.125,0.5988565475926548,0.014438842311081923,0.5525024861249453,0.39332202978740954,1.090567720977763,0.08132558668209895,0.9662879617531415,0.7560291645915831,1.811354734441748,0.10713604800350976,1.5295085133676396,0.9130420884947696,95,0.8069490131578947,0.9625987261146497
270,3,1.0,0.0036707612778634846,0.8558,0.0015000000000000568,17,0.125,0.5879797830268997,0.014176596053524886,0.540128926704253,0.4033373556898703,0.42985789209420755,0.03205527230638126,0.4777919838264788,-0.0906881505454725,0.5139399256493741,0.030397962087896215,0.4111461724802017,0.600134709490222,95,0.7338815789473684,0.9249215598386373
270,3,1.0,0.0036707612778634846,0.8558,0.0015000000000000568,5,0.125,0.5683999245334803,0.013704512229116103,0.528337154515166,0.3706383636055661,0.4286877877460629,0.031968015531069024,0.45772818026666456,0.028690585863936195,1.0184443729421822,0.06023784472126931,0.8156095687914429,0.7349941474843829,95,0.75546875,0.9234202362161867
270,3,1.0,0.0036707612778634846,0.8558,0.0015000000000000568,12,0.125,0.5453306035953969,0.013148295070620075,0.5272506832844316,0.2676180890579001,0.49577647818072756,0.03697093924170402,0.4155929007031911,0.6001731751946732,0.6282867808919044,0.03716122603579967,0.4691986462540573,0.6920287161425465,95,0.7485197368421053,0.8957921335970116
270,3,1.0,0.0036707612778634846,0.8558,0.0015000000000000568,19,0.125,0.58424704734755,0.014086597234809888,0.556766745778548,0.3037900984125354,0.483381583070543,0.0360466297308787,0.5473723196913194,-0.21471969940962088,1.0068203769592088,0.0595503211965036,1.2752344950472352,-0.8107063050086393,95,0.705797697368421,0.9252548791144771
270,3,1.0,0.0036707612778634846,0.8558,0.0015000000000000568,13,0.125,0.5902607401033052,0.014231591493880274,0.5589615067516024,0.32131054744583043,0.360265296536646,0.026865627909631207,0.3942813275530252,0.03474200366621278,0.5254913909235602,0.031081195644854624,0.615031668560785,-0.00953676788314609,95,0.7442845394736842,0.909839235401359
270,3,1.0,0.0036707612778634846,0.8558,0.0015000000000000568,14,0.125,0.6068666206410301,0.014631970668967738,0.5692029375404077,0.3486955590648804,0.9675614782513788,0.07215279102451701,0.8406774826304938,0.7740111616871352,1.5666252044469957,0.09266105082330538,1.3205076108040443,0.8212858920789622,95,0.7532894736842105,0.9398471615720524
271,3,1.0,0.0034319753612792386,0.8557,-9.999999999998899e-05,7,0.125,0.5296732726632277,0.01277324830754432,0.4918833130612045,0.37363576927820524,0.45313321858274686,0.03382261347918106,0.3425435617885403,0.7002260270702667,0.6231904243847505,0.036540721224838264,0.6109776068907996,0.29718375772555233,95,0.8030427631578947,0.9400409626216077
271,3,1.0,0.0034319753612792386,0.8557,-9.999999999998899e-05,10,0.125,0.5644208406428924,0.013611197543034125,0.5389077684710785,0.2974660795029332,0.5742320251920425,0.04286162885207047,0.6725599865288664,-0.34331768070708374,0.9747286257560202,0.05715313584733571,1.047747257613039,-0.06777523793759642,95,0.7444490131578947,0.943606738470036
271,3,1.0,0.0034319753612792386,0.8557,-9.999999999998899e-05,3,0.125,0.5533914388267839,0.013345219825539573,0.5116925076902518,0.38774696667463526,0.35262450632136677,0.02632047682996494,0.3790765161182508,0.1561346875673065,0.9157451863497655,0.05369464654472179,0.8145577382344958,0.47200712917841964,95,0.7643092105263158,0.9281794706262104
271,3,1.0,0.0034319753612792386,0.8557,-9.999999999998899e-05,11,0.125,0.5038813720937669,0.012151267990053992,0.4805593637931041,0.30364130077622226,0.657225687135551,0.04905641315395123,0.5195778524922502,0.7578001913335046,0.9433413591344172,0.0553127459524461,0.778061613957585,0.6372875361291082,95,0.8132401315789474,0.9580341793912428
271,3,1.0,0.0034319753612792386,0.8557,-9.999999999998899e-05,6,0.125,0.5634363245396533,0.013587455607583579,0.5529803128410634,0.21405507283433872,0.41993975924057386,0.031344998730744304,0.4735882323070837,-0.03515713981414322,0.8959361334770208,0.05253314429688854,0.9589449183089561,-0.0206538283959146,95,0.6911595394736842,0.9055268011184484
271,3,1.0,0.0034319753612792386,0.8557,-9.999999999998899e-05,4,0.125,0.5692756483194995,0.013728272855569485,0.5166876177482593,0.44093833733518983,0.5576086025372587,0.041620829069365636,0.435858406042923,0.7134315889186875,1.0244905441671774,0.06007092199604044,0.9337659151103583,0.4257892055254416,95,0.7063322368421052,0.9156479217603912
271,3,1.0,0.0034319753612792386,0.8557,-9.999999999998899e-05,9,0.125,0.48664807094717255,0.011735681163108134,0.46787605520456543,0.2846637632155224,0.4369671529371784,0.03261595158067961,0.5421242565118253,-0.34138846531335515,0.5202475716300613,0.03050467519875828,0.6195175872143505,-0.024501812665231094,95,0.7388569078947368,0.9221993433134843
271,3,1.0,0.0034319753612792386,0.8557,-9.999999999998899e-05,0,0.125,0.5382222713924026,0.012979410274146064,0.5174310567799089,0.27887722116720987,0.9627977355420948,0.07186481664204998,0.818489994044045,0.7585055562463489,1.5271731102771207,0.08954567448593001,1.32958267454439,0.676668369115737,95,0.8057565789473684,0.9638191467646459
272,3,1.0,0.003201037685094957,0.8571,0.0013999999999999568,4,0.125,0.5187176978400033,0.012511323272805632,0.5002222300702027,0.2724103658707416,0.44261439156515026,0.03302242999828349,0.5867417440237827,-0.2828624940922412,1.1140293838816655,0.06518348772543962,1.0494343564095077,0.3388363365393857,95,0.711266447368421,0.9110301768990635
272,3,1.0,0.003201037685094957,0.8571,0.0013999999999999568,7,0.125,0.46661113144417804,0.01125452771805831,0.4676974467247381,0.18107119295799323,0.30921296061374354,0.023069659597650796,0.45121885698134206,-0.17158547648955583,0.5763179526253599,0.03372120586264179,0.8423134704955704,-0.38883571240970843,95,0.8102384868421053,0.9419436691195128
272,3,1.0,0.003201037685094957,0.8571,0.0013999999999999568,17,0.125,0.5273969135385684,0.012720663485818089,0.4926353399461747,0.3580327338909753,0.6004924568330153,0.044801345139602634,0.40012802919399865,0.8295905950213448,0.4915175361369944,0.028759409533696222,0.28289040789198117,0.8196052972222365,95,0.7351973684210527,0.9217561521252796
272,3,1.0,0.003201037685094957,0.8571,0.0013999999999999568,15,0.125,0.5795546914295391,0.013978694247256286,0.5127548537903917,0.5109482922520556,0.923985789142128,0.06893643004570815,0.676309667175974,0.917936372173055,1.4993172438236233,0.0877272436197233,1.0910756384626938,0.9638696456766009,95,0.6803042763157895,0.8928981565427622
272,3,1.0,0.003201037685094957,0.8571,0.0013999999999999568,18,0.125,0.5542177536701801,0.013367574518027243,0.5325441750800934,0.2792632511901397,0.4587366113265109,0.03422527130582401,0.6161118414809148,-0.35392872429674765,1.0586967463995975,0.06194589422179134,1.3527899579839366,-0.5763249289410179,95,0.7952302631578947,0.9605997931747673
272,3,1.0,0.003201037685094957,0.8571,0.0013999999999999568,1,0.125,0.542751642560771,0.013091015180705434,0.49891457866252503,0.4016938811190706,0.9365844065861614,0.0698763835821252,0.6936572782798408,0.9049684511096994,1.932871184799013,0.1130951184700398,1.5209209684956817,0.9675242944419293,95,0.6712171052631579,0.899166870864984
272,3,1.0,0.003201037685094957,0.8571,0.0013999999999999568,8,0.125,0.5831158858855626,0.014064589244211598,0.5328865890696022,0.4248708543826954,0.4675803533481443,0.03488508232281232,0.5782954883577807,-0.14331138461971044,0.5561413634605452,0.0325406441367173,0.7971937291707004,-0.2959980599278243,95,0.7300164473684211,0.9179903120423567
272,3,1.0,0.003201037685094957,0.8571,0.0013999999999999568,9,0.125,0.45303868939583913,0.010927164277837758,0.46083633446877065,0.14790826010900032,0.5721587730297013,0.04268743491024961,0.3906306955932636,0.7903601241010378,0.6419010049358689,0.037558566121833135,0.5505380776644122,0.5322276814289224,95,0.7553453947368421,0.9273816004354927
273,3,1.0,0.00297797357422927,0.8535,-0.0035999999999999366,8,0.125,0.5151821280009146,0.012428120476203362,0.4761744653688275,0.3882154595954046,0.5127279862272408,0.03821951760696514,0.42893089369084425,0.6743040567743898,0.5243022024724907,0.031011801924167897,0.47579329292277345,0.48390096098729035,95,0.7290707236842106,0.9156843945631944
273,3,1.0,0.00297797357422927,0.8535,-0.0035999999999999366,4,0.125,0.48415683346132565,0.01167967429107673,0.4758004901264769,0.2195401960122375,0.5286625863998093,0.03940730674314371,0.4859571214848213,0.42059475709722477,0.9213790549358825,0.05449838778857277,0.8975432708849166,0.253455651948263,95,0.7102796052631579,0.9072015746208174
273,3,1.0,0.00297797357422927,0.8535,-0.0035999999999999366,19,0.125,0.5419641545007116,0.013074203160064937,0.5034008640086702,0.37829584936955113,0.4608812297790546,0.034354782164072305,0.4854235466279323,-0.018333676545606796,1.0777992179088345,0.06375043954076386,1.0820404604338631,0.02602992717648564,95,0.70546875,0.9253948825552253
273,3,1.0,0.00297797357422927,0.8535,-0.0035999999999999366,12,0.125,0.47955568657688136,0.011568677413078508,0.4634068267576479,0.2675906468810684,0.5023796265649223,0.037448135265955376,0.4238625607514365,0.6455169077024888,0.48532503960456413,0.028706352798213496,0.41886374857185354,0.61611974703109,95,0.7469983552631579,0.8956349424781197
273,3,1.0,0.00297797357422927,0.8535,-0.0035999999999999366,3,0.125,0.49248626497773895,0.01188061134373801,0.445594303758592,0.43912179397297313,0.36972977338019714,0.027560215090854958,0.32052290519196386,0.5135569372267329,0.827626112544631,0.04895302165138215,0.8100131479075904,0.2135625834825441,95,0.7653782894736842,0.9263994842591597
273,3,1.0,0.00297797357422927,0.8535,-0.0035999999999999366,5,0.125,0.5114109170312795,0.012337144757667333,0.48493172386476474,0.3176118509572559,0.4444951534234267,0.03313333931210082,0.43809527258725073,0.20625284071248495,0.7283686856527112,0.04308207232528943,0.7392681936796488,0.0017958225556916698,95,0.74765625,0.9334543254688445
273,3,1.0,0.00297797357422927,0.8535,-0.0035999999999999366,15,0.125,0.5053211882122772,0.012190237713893031,0.47584353397192075,0.3368087048227921,0.688479193704484,0.05132027775475401,0.7562572258321225,-0.38852217039854053,1.1016989712066927,0.06516407925430014,1.1379412593212024,-0.23027049166632527,95,0.6861842105263158,0.8926773729626079
273,3,1.0,0.00297797357422927,0.8535,-0.0035999999999999366,7,0.125,0.45031995151679033,0.010863402098216405,0.43632202439329354,0.26583919788012617,0.4810484757374226,0.03585807910259407,0.4225348537339785,0.5310143830235402,0.7765620683564296,0.045932649018302185,0.7395147953763506,0.3652681443172746,95,0.8074835526315789,0.9420511253691822
274,3,1.0,0.002762807490175642,0.8534,-9.999999999998899e-05,15,0.125,0.4633338371644006,0.011179021893137008,0.46913164574654775,0.13043193475700282,0.7662654482136526,0.057258170291024466,0.887255524503792,-0.7049117549355299,1.1039269041661075,0.06545412969492939,1.3514448106966148,-0.9151805102561785,95,0.6829358552631579,0.8856643988199169
274,3,1.0,0.002762807490175642,0.8534,-9.999999999998899e-05,5,0.125,0.4819895150417162,0.011629134133370016,0.44499473007545215,0.39004148894997154,0.4145528233622461,0.030976910429715964,0.4641070467936182,-0.13151635558641672,0.6520846817526902,0.03866346147597382,0.632282000131943,0.2771840895898795,95,0.7619243421052632,0.9336751214247166
274,3,1.0,0.002762807490175642,0.8534,-9.999999999998899e-05,18,0.125,0.49989701198310554,0.012061194743456741,0.4405540653541783,0.5143640872891744,0.5628430220010776,0.042057699033647145,0.4395913513312813,0.8242416472917174,1.1461738262770713,0.06795903786287683,0.9094911277297946,0.9144390007194148,95,0.7928042763157894,0.9615165188527566
274,3,1.0,0.002762807490175642,0.8534,-9.999999999998899e-05,7,0.125,0.41411852146602945,0.009991586295864788,0.40582988576283396,0.24061295794195656,0.45924317593965414,0.034316337809886285,0.3626584592183094,0.7117730623902768,0.8439558357944235,0.05003990257362975,0.6316807636007257,0.8556410196897773,95,0.8036595394736842,0.939933486825275
274,3,1.0,0.002762807490175642,0.8534,-9.999999999998899e-05,14,0.125,0.5403972810630824,0.013038359281004545,0.48818671463333607,0.46329162999014434,0.8294520090870526,0.061979702328032814,0.709632689444787,0.7869653544204989,1.2956892076382105,0.07682411681517516,1.046657459824641,0.949417324327934,95,0.75625,0.9545454545454546
274,3,1.0,0.002762807490175642,0.8534,-9.999999999998899e-05,10,0.125,0.49533047301413125,0.011951016217704233,0.4681270739807686,0.32709432781731484,0.5891470833830351,0.04402323516667365,0.6668252901953801,-0.3770355100625024,0.7188075866642429,0.0426196017378168,0.8972011198828049,-0.5695133565044728,95,0.7468338815789474,0.933160821450201
274,3,1.0,0.002762807490175642,0.8534,-9.999999999998899e-05,4,0.125,0.46135511060720585,0.011131280446842503,0.4585115057287453,0.18686162878231938,0.5692288611921722,0.042534872405756236,0.4924988983397901,0.5856000437524471,0.9691114134012939,0.05746063793011786,1.051426074979176,-0.185684071474215,95,0.7063322368421052,0.8992897892653394
274,3,1.0,0.002762807490175642,0.8534,-9.999999999998899e-05,8,0.125,0.46644888224463704,0.011254179704539667,0.4448379164040031,0.3024645852854206,0.49902197701161904,0.037288756011778494,0.41099729814387853,0.6595180921248277,0.6670673780963697,0.03955181680634756,0.47530542190164793,0.8169674411426723,95,0.7359375,0.9152419264722316
275,3,1.0,0.0025555630283198767,0.8554,0.0020000000000000018,6,0.125,0.5090532783295207,0.012283921170459993,0.4392751628273512,0.544559092659027,0.4650511968861931,0.03477812342744019,0.3480813215633916,0.780086556563291,0.8813439567401316,0.05197771724443338,0.6574435282561575,0.8879672027592223,95,0.6854851973684211,0.9135024893527682
275,3,1.0,0.0025555630283198767,0.8554,0.0020000000000000018,3,0.125,0.4205714957688866,0.010148774834572855,0.4402474830737631,0.09095295162819357,0.315093308924046,0.02356375827498995,0.30983659661513424,0.3028716104927664,0.7217961510960175,0.04256830260521236,0.8819658113991178,-0.4879680190556001,95,0.7592927631578947,0.9193111664681035
275,3,1.0,0.0025555630283198767,0.8554,0.0020000000000000018,5,0.125,0.42754921133434526,0.010317153492770008,0.4201773907837698,0.24539537740749257,0.4653965010626901,0.03480394645800248,0.3902770659938789,0.5866146462054933,0.6653721074372725,0.03924066534775675,0.7018871167732981,0.05753812467037286,95,0.7605263157894737,0.9314987024221453
275,3,1.0,0.0025555630283198767,0.8554,0.0020000000000000018,2,0.125,0.5005810267545744,0.012079477991497539,0.43609646665893614,0.5206267828123436,0.3393779999788108,0.02537985075804305,0.3390094984938739,0.2551620215901668,0.813225292743916,0.047960383683357144,0.6275186237397095,0.7837306963913541,95,0.7312088815789474,0.8991171343417871
275,3,1.0,0.0025555630283198767,0.8554,0.0020000000000000018,1,0.125,0.47952407284165116,0.011571354435540552,0.45289179152556247,0.3302201642975464,0.8319991027326165,0.062219746299105774,0.7051585809749855,0.7854824521894956,1.779381796117372,0.10493996488110187,1.5476197316425104,0.8921366508463808,95,0.6721217105263158,0.894469595007953
275,3,1.0,0.0025555630283198767,0.8554,0.0020000000000000018,12,0.125,0.439790266253755,0.010612541343265225,0.4077842303434273,0.375059421471966,0.3577934776975424,0.02675702333896655,0.42169533772806916,-0.16532409738237963,0.3817766565791357,0.02251547645438332,0.5659154631776457,-0.5154645550850819,95,0.7533305921052632,0.9055182577370231
275,3,1.0,0.0025555630283198767,0.8554,0.0020000000000000018,14,0.125,0.474364966799261,0.01144686048837901,0.44139081375673045,0.36632298887957027,0.7641262996529993,0.0571439853104787,0.8745537562562797,-0.5770897039556196,1.1221277864964407,0.06617806856515554,1.3557068739092728,-0.8551698187861821,95,0.762047697368421,0.9530027518480548
275,3,1.0,0.0025555630283198767,0.8554,0.0020000000000000018,9,0.125,0.4421800259793864,0.010670208431044971,0.38939888263605155,0.4820383924606308,0.520750569399208,0.038943513528699625,0.40294487220757524,0.7732685806612043,0.758283217190804,0.044720146264035976,0.5799693578094631,0.768534464262167,95,0.7552631578947369,0.930368031358885
276,3,1.0,0.0023562629153526696,0.8583,0.0028999999999999027,17,0.125,0.44124287580893967,0.010648993579408864,0.3923792240456636,0.5018556387655883,0.411860245005302,0.03076305878284583,0.2829675990784545,0.8439628163850867,0.44861237586892316,0.026612247497988347,0.2791747897557853,0.8745987583266367,95,0.7330592105263158,0.925959165357864
276,3,1.0,0.0023562629153526696,0.8583,0.0028999999999999027,9,0.125,0.3814021751820023,0.00920479295499014,0.3595894195809167,0.3334357644628196,0.3528764269896933,0.02635738311286828,0.2587326392046671,0.7197072367502393,0.46630568772534337,0.02766183689745628,0.46420913351741494,0.24267500518238522,95,0.74453125,0.9227922902744795
276,3,1.0,0.0023562629153526696,0.8583,0.0028999999999999027,7,0.125,0.4234133508619286,0.010218694288261002,0.40497767970020726,0.29227769379485485,0.44287800184511394,0.03307986670142236,0.5354104684554928,-0.40562415568017246,0.8594733045082427,0.0509850319068554,0.9042138664098756,-0.08476660896669157,95,0.8035773026315789,0.9437650309573761
276,3,1.0,0.0023562629153526696,0.8583,0.0028999999999999027,6,0.125,0.4219356876698375,0.01018303223747716,0.41008765332314545,0.2440721692006478,0.3466055663355107,0.0258889939996603,0.31835199343412074,0.4050556332962096,0.6791353347759498,0.04028715788029767,0.7308217411988646,-0.08684044358692763,95,0.6890213815789473,0.9101271110580653
276,3,1.0,0.0023562629153526696,0.8583,0.0028999999999999027,10,0.125,0.42875470063192356,0.010347602883786253,0.41945494902616204,0.22256521797315526,0.5175205734295315,0.03865514094845403,0.42269992589357913,0.6693577432128598,0.7756342290840456,0.04601159304246895,0.7513208859272248,0.25021991876448657,95,0.7434621710526316,0.9438084176760135
276,3,1.0,0.0023562629153526696,0.8583,0.0028999999999999027,1,0.125,0.42786339058750306,0.010326091930384692,0.4024515305780474,0.34149534969566936,0.756933381768912,0.056537591089316136,0.6306844031723561,0.7904141408315082,1.6005468469328457,0.09494644176991461,1.452998230166394,0.7154726535990179,95,0.6700246710526315,0.900214789812826
276,3,1.0,0.0023562629153526696,0.8583,0.0028999999999999027,5,0.125,0.4052296380461305,0.009779846996573294,0.3909491103796448,0.26844946028543415,0.4004357792391917,0.029909731674469694,0.34475445644825514,0.516616278978052,0.6742613046972696,0.0399980243170177,0.602198591720841,0.47501344365096354,95,0.7501644736842106,0.926934882701162
276,3,1.0,0.0023562629153526696,0.8583,0.0028999999999999027,11,0.125,0.4125632005439328,0.009956835825707628,0.39587346081816516,0.28341769192681343,0.5708750535851254,0.042640344738476506,0.6883367204980144,-0.6089839969729245,1.0351991660006263,0.061409309901359316,1.1166299600583967,-0.2844186055420172,95,0.8125411184210526,0.959364404635393
277,3,1.0,0.0021649290067773026,0.8585,0.000200000000000089,11,0.125,0.38126730038353185,0.00920263083376891,0.3418217543640033,0.46289762313727506,0.7047259221497164,0.052572456481214426,0.530516368658174,0.8948081225072024,1.150214233880019,0.06821314574525154,0.7017446690173541,0.9801865523476743,95,0.8051809210526316,0.9564395873761617
277,3,1.0,0.0021649290067773026,0.8585,0.000200000000000089,9,0.125,0.3398086658321735,0.008201945728425513,0.34191259656131523,0.16744549712539192,0.2733402314142786,0.02039114351967793,0.40165954802346004,-0.4066457858390112,0.5186890504984576,0.030760714618150106,0.7815143376839587,-0.2634260665883103,95,0.7451891447368421,0.9218672405230922
277,3,1.0,0.0021649290067773026,0.8585,0.000200000000000089,5,0.125,0.37307748717577627,0.009004953698927596,0.3529854045358811,0.3239568312992247,0.32392101385935534,0.024164462905699666,0.36323715075012936,0.10904981575788991,0.5968613955681981,0.03539670451500834,0.4279408621990411,0.7011865082110948,95,0.7533305921052632,0.9287702636318979
277,3,1.0,0.0021649290067773026,0.8585,0.000200000000000089,18,0.125,0.44742723912485594,0.010799530152458737,0.3996173454174258,0.5012879619216195,0.6836904171605005,0.051003210713679026,0.5090914076079334,0.8974187208370445,1.3078352850634771,0.07756081978735396,0.882046023970632,0.9460536693218876,95,0.7886924342105263,0.9600646473072311
277,3,1.0,0.0021649290067773026,0.8585,0.000200000000000089,14,0.125,0.42869346849289325,0.010347354014937814,0.39961247718331144,0.37039154490911974,0.9049042139807397,0.06750572941045195,0.7298458572243778,0.8896579997633799,1.458314984304313,0.08648497787344446,1.0621979098259826,0.8972269834882287,95,0.7490953947368421,0.9487320232736853
277,3,1.0,0.0021649290067773026,0.8585,0.000200000000000089,1,0.125,0.39505408515626084,0.00953540180710028,0.40194810464519415,0.10300075260168781,0.6123434420828571,0.04568073622474028,0.780066544782381,-0.7712109543720637,1.3421453524132705,0.07959556910250197,1.7686335877311508,-0.8931545722265615,95,0.6745065789473684,0.9011826383808828
277,3,1.0,0.0021649290067773026,0.8585,0.000200000000000089,17,0.125,0.37550076723018116,0.009063444295223398,0.37655316088650553,0.15836357196521372,0.2879054699769172,0.021477708305228906,0.41865674393132524,-0.43531508930034185,0.2527179061896372,0.014987367448233759,0.4626929136292701,0.2764604110832853,95,0.7341282894736842,0.9225383667525484
277,3,1.0,0.0021649290067773026,0.8585,0.000200000000000089,3,0.125,0.4204476196051504,0.010148324349533498,0.388909643307523,0.3913045683103285,0.36284189811504747,0.027067955496835057,0.2657312091339031,0.6938058178530138,0.9557560172388729,0.05668085351447408,0.5560783814572715,0.9242994022113494,95,0.7686677631578948,0.933240611961057
278,3,1.0,0.0019815822845129782,0.8535,-0.0050000000000000044,14,0.125,0.375593892298661,0.009066690949129834,0.3653385872852647,0.2606483827075968,0.7754867360367549,0.05801245418032794,0.6167982341618071,0.8148483379123735,1.12389952553744,0.06594882109123441,0.9300035993831521,0.8399972404256457,95,0.7473684210526316,0.9403609154929577
278,3,1.0,0.0019815822845129782,0.8535,-0.0050000000000000044,8,0.125,0.4306437779053052,0.01039557384582909,0.391294213702843,0.42900095596470655,0.4368271841412594,0.03267807923347306,0.30151528891508084,0.7855361155634103,0.4805782763824858,0.0281996477882013,0.34563624175985397,0.7311884064041542,95,0.7335526315789473,0.9255044843049327
278,3,1.0,0.0019815822845129782,0.8535,-0.0050000000000000044,18,0.125,0.39106305369640026,0.009440110508157127,0.3416328214545758,0.507194838213261,0.48528022119674197,0.03630274418447448,0.3324107143009355,0.8304717928330952,0.793377004363874,0.04655423098757207,0.6467055028119428,0.7027148943941768,95,0.78828125,0.9593657086223984
278,3,1.0,0.0019815822845129782,0.8535,-0.0050000000000000044,16,0.125,0.4639607738520074,0.011199833211585655,0.4041334509049626,0.5464128872167463,0.4858479286236769,0.036345213126317645,0.3369169218694404,0.8173977213552368,0.4649028514863879,0.027279836213845932,0.38132318296054385,0.5746145232758905,95,0.7413651315789473,0.9301719356627842
278,3,1.0,0.0019815822845129782,0.8535,-0.0050000000000000044,0,0.125,0.40538201383736594,0.009785764654758135,0.355064051707854,0.5070007154451314,0.9239439076913036,0.0691182081128393,0.7470967869105252,0.8764978075896234,1.4142089260347568,0.08298376263135634,1.2261426902914132,0.8112534360154005,95,0.7974917763157895,0.9639082237690126
278,3,1.0,0.0019815822845129782,0.8535,-0.0050000000000000044,15,0.125,0.4237420928252312,0.0102289698436546,0.4191553195124676,0.20011742043699973,0.8175594517905174,0.061159821351790974,0.9789951361150102,-0.7181882653740899,1.4227298237716193,0.08348375675682439,1.5808982176126873,-0.605153207721917,95,0.6914473684210526,0.9031874405328258
278,3,1.0,0.0019815822845129782,0.8535,-0.0050000000000000044,5,0.125,0.34458469344919174,0.008318140910609272,0.32410309725884084,0.34620932981331737,0.3686999772991838,0.027581632986618986,0.4699115138817291,-0.265020468910323,0.42402512582942203,0.024881189577992364,0.5754937109363706,-0.4527064665403843,95,0.7523848684210527,0.9303749043611323
278,3,1.0,0.0019815822845129782,0.8535,-0.0050000000000000044,9,0.125,0.3270419621468128,0.00789466617796953,0.3585036544621291,-0.013676932731047859,0.35605456458122126,0.026635657521401786,0.5141999010888831,-0.6278890742304991,0.7212874996397901,0.04232412167479264,0.8448976206268028,-0.3870606829395932,95,0.740625,0.9244392627137464
279,3,1.0,0.0018062428545939507,0.8561,0.0025999999999999357,15,0.125,0.3952906691904091,0.009543117566523499,0.35657401633487096,0.4439667263177661,0.978707699688252,0.07333655874915089,0.7645230892237028,0.9086834339968483,1.6165141892736272,0.09477791524352741,1.146805725295807,0.9600706646019709,95,0.6850740131578947,0.9007262469239542
279,3,1.0,0.0018062428545939507,0.8561,0.0025999999999999357,9,0.125,0.3355820612246223,0.008101630807632935,0.330593832428263,0.23708426278946576,0.5743658452137359,0.043038401112446535,0.3907973034202873,0.8459696968792771,0.9902446861578134,0.05805908018487062,0.5838433170115866,0.8999858380016158,95,0.7429276315789474,0.920411777728581
279,3,1.0,0.0018062428545939507,0.8561,0.0025999999999999357,7,0.125,0.33981546876217045,0.008203833841973643,0.33283899915125253,0.24912642146705893,0.2858603382372171,0.02142009661910649,0.3910955411336418,-0.08713506416039694,0.412434370678985,0.02418145790931483,0.6382576197977494,0.026352504498470777,95,0.8016858552631579,0.9412730163614915
279,3,1.0,0.0018062428545939507,0.8561,0.0025999999999999357,16,0.125,0.3964344255291077,0.009570730161655107,0.3783792193227508,0.30079028486639675,0.34970521617366873,0.026204123191197793,0.48315335870945025,-0.3058619716552178,0.45220397450195626,0.026513191317789238,0.5134913511319011,0.4193589348621065,95,0.7417763157894737,0.9318736141906874
279,3,1.0,0.0018062428545939507,0.8561,0.0025999999999999357,8,0.125,0.3712487736454549,0.008962697502023928,0.34948883204436687,0.3381696402337945,0.3308253689342309,0.024789417833621617,0.48454258667820777,-0.41153275313705323,0.32936819228363595,0.019311201113674986,0.5701638513529095,0.09598686124908022,95,0.7378700657894737,0.9250487601003065
279,3,1.0,0.0018062428545939507,0.8561,0.0025999999999999357,3,0.125,0.34527652430332295,0.008335674786191401,0.30781700344780116,0.4582257013458011,0.30243181223476556,0.022661830874153577,0.2617477397109148,0.5580668945069432,0.41796259045577216,0.024505583208633958,0.747656232877929,-0.3271112801562358,95,0.7604440789473684,0.9317616524278144
279,3,1.0,0.0018062428545939507,0.8561,0.0025999999999999357,10,0.125,0.41680564425044436,0.010062532651274301,0.3667922236704291,0.511028276647357,0.7537585438204794,0.05648066092580323,0.5367454857336431,0.9252970654844722,1.2681421099255201,0.0743524963831444,0.8020592264793198,0.960163834554406,95,0.7360608552631579,0.9401709401709402
279,3,1.0,0.0018062428545939507,0.8561,0.0025999999999999357,12,0.125,0.34992051206991026,0.008447790059048225,0.3292374163976976,0.34138658454554627,0.25216672135730084,0.018895365369344747,0.3693448560004928,-0.11172675820135568,0.31930300235606734,0.018721068515894473,0.34981091673369286,0.7157958991514323,95,0.7458470394736842,0.9095870775676719
280,3,1.0,0.0016389299449645815,0.856,-9.999999999998899e-05,12,0.125,0.32249632428157543,0.007786377595373804,0.2936157860427611,0.41534026741896946,0.34994331071212287,0.026181423378705933,0.2940108333249122,0.6323179280699402,0.45896300644358207,0.027324446449748584,0.43708180751935166,0.3051881556587806,95,0.7529194078947369,0.9111463054994265
280,3,1.0,0.0016389299449645815,0.856,-9.999999999998899e-05,2,0.125,0.3711637472594609,0.008961407830970313,0.3229900709646859,0.5339458604151577,0.3277596276295894,0.024521724847246833,0.26341564339299633,0.7037891695302426,0.6695102901737994,0.039859417457555814,0.5600636879110695,0.8067455172681739,95,0.7336348684210526,0.9186189889025894
280,3,1.0,0.0016389299449645815,0.856,-9.999999999998899e-05,10,0.125,0.34706584870156976,0.008379586199840874,0.3253411684116273,0.34825195854420593,0.4963280247819152,0.037133369187965476,0.5298014389683116,-0.21358565863485895,0.7159623145986207,0.04262494721934168,0.6909772251280547,0.27119625399677216,95,0.7400493421052632,0.9376597399711079
280,3,1.0,0.0016389299449645815,0.856,-9.999999999998899e-05,11,0.125,0.3195673802960179,0.007715660932546546,0.31701770726622486,0.21140353813432283,0.6023918253844307,0.04506865808683942,0.5546327390451151,0.5158870143318928,1.0937319491858164,0.06511553144007187,1.1224132747350986,-0.13653820454410948,95,0.8103618421052632,0.9579358636086869
280,3,1.0,0.0016389299449645815,0.856,-9.999999999998899e-05,1,0.125,0.354180537369645,0.008551363824179913,0.32909551837055906,0.37060797487934666,0.706572271141511,0.052863041561688154,0.7360055753241207,-0.20342967084349617,1.424610132218676,0.08481442452456898,1.4088740361357954,0.15934144773858677,95,0.6626644736842106,0.8947629684785307
280,3,1.0,0.0016389299449645815,0.856,-9.999999999998899e-05,8,0.125,0.3365871986636835,0.008126588817416376,0.3276205852412682,0.25356029143272646,0.4415003769475264,0.033031373759364206,0.4019913802575593,0.4728250895306739,0.5685346436863636,0.03384781389378614,0.6028607131085757,-0.11973741206673276,95,0.7319078947368421,0.9219101123595506
280,3,1.0,0.0016389299449645815,0.856,-9.999999999998899e-05,19,0.125,0.38405366537316626,0.0092726230667729,0.34753988668219576,0.4441175870635326,0.42409071124297587,0.03172884899395287,0.43441557951247967,0.02952715945679364,1.1875367449507246,0.07070021709582726,1.1013897161191346,0.638293789319694,95,0.6947368421052632,0.9285037878787878
280,3,1.0,0.0016389299449645815,0.856,-9.999999999998899e-05,18,0.125,0.3581719477662391,0.008647732762818876,0.3562324811590563,0.18589545879626815,0.47520942369164926,0.03555335602759076,0.4586313360743749,0.26463286391198,1.166081419990605,0.06942287040403718,1.2336562954423245,-0.42230349968057707,95,0.7900904605263158,0.9613322924798334
281,3,1.0,0.0014796619033708683,0.8556,-0.00039999999999995595,0,0.125,0.35680393805227206,0.008615398462729481,0.3185372109047835,0.4669231040566283,0.9300062700045822,0.0695355883521961,0.7942682897437133,0.8586547278569407,1.565251341354826,0.09335206101527742,1.2254916551659722,0.9167891894878584,95,0.7994243421052631,0.9634296883036725
281,3,1.0,0.0014796619033708683,0.8556,-0.00039999999999995595,15,0.125,0.32999329269885175,0.007968027825444634,0.32771800343644375,0.20462209399564557,0.7670609063286699,0.057352335294761005,0.8921439741056927,-0.7223903748292878,1.153542918461273,0.06879764678222804,1.4526461815821101,-0.7218543623096242,95,0.6837582236842106,0.8912141439653617
281,3,1.0,0.0014796619033708683,0.8556,-0.00039999999999995595,7,0.125,0.3241544460401847,0.007827042860979853,0.2788817152959858,0.5322560941578329,0.3601138318440741,0.026925331558160487,0.2355959930599553,0.857593793518307,0.7470155235382583,0.04455223061642124,0.3845814133223589,0.9755945803167867,95,0.7908717105263158,0.9404700010398253
281,3,1.0,0.0014796619033708683,0.8556,-0.00039999999999995595,13,0.125,0.3527622999716124,0.00851780894985274,0.3153137826586471,0.46275984209078913,0.32123928678516317,0.024018722807466787,0.38551653940786534,-0.17912485292026326,0.6379892433541563,0.038049870457952724,0.7764483206064182,-0.10436423253929188,95,0.7377055921052632,0.9206287274956803
281,3,1.0,0.0014796619033708683,0.8556,-0.00039999999999995595,9,0.125,0.29418574522055946,0.0071034177228134305,0.30250725280288443,0.14014273504139793,0.3795959825239262,0.028381991425499853,0.47837289327205373,-0.468878606446738,0.45444433467122564,0.027103196871599733,0.6811711288998971,-0.32452671710539654,95,0.7466694078947368,0.9220221377829175
281,3,1.0,0.0014796619033708683,0.8556,-0.00039999999999995595,8,0.125,0.30825491795818616,0.007443132384701123,0.2983454076430429,0.27865166182991535,0.3722383765904681,0.02783187098658701,0.2897650885199338,0.6685429317627232,0.5390083969344217,0.032146622992072264,0.3538098134958244,0.7560129661808956,95,0.7372944078947369,0.923428698901344
281,3,1.0,0.0014796619033708683,0.8556,-0.00039999999999995595,16,0.125,0.3479810290418666,0.00840236024028163,0.31793199358373947,0.410548206410088,0.44863782008091135,0.03354417683250583,0.352623088482621,0.7071954791330631,0.6648321373859276,0.03965078873559597,0.46313557081973766,0.7356497003890171,95,0.7452302631578948,0.9312513793864489
281,3,1.0,0.0014796619033708683,0.8556,-0.00039999999999995595,18,0.125,0.3271761094884606,0.007900004036154294,0.29493434259451135,0.437250434068115,0.491885739171283,0.03677777814891668,0.36172711065748775,0.8578231123627329,1.1062457695191075,0.06597683058661565,0.7623661239586896,0.9345883115953889,95,0.7925986842105263,0.9633741440132808
282,3,1.0,0.0013284561953483542,0.8566,0.0010000000000000009,1,0.125,0.3279244772471003,0.007918590751949468,0.2765597386862869,0.5710873085484849,0.8713005490924479,0.06511291550161198,0.699744770095468,0.8937849827199682,1.7645058211346205,0.1041948975580732,1.344003526095581,0.8526003745733703,95,0.6635690789473684,0.8920560168546289
282,3,1.0,0.0013284561953483542,0.8566,0.0010000000000000009,14,0.125,0.3325274498879874,0.00802974151718539,0.33659857878504645,0.15315742151747344,0.711907726275368,0.05320137543146939,0.8564593085281997,-0.6637259519681373,1.122048167397863,0.06625747133101947,1.550240554134233,-0.7336298987992103,95,0.7542763157894737,0.9558983863933711
282,3,1.0,0.0013284561953483542,0.8566,0.0010000000000000009,4,0.125,0.33383715879461195,0.008061367850549728,0.28083111701431984,0.5794984133642165,0.43215078548062846,0.03229493842080639,0.47097923493425703,0.024812603530754623,1.1563531806411014,0.06828319847671352,0.8732500260580123,0.6994973554844837,95,0.7000822368421052,0.9108422412780454
282,3,1.0,0.0013284561953483542,0.8566,0.0010000000000000009,12,0.125,0.290610279301758,0.007017542238441432,0.27411176266924386,0.3425202152126174,0.22556164354938102,0.016856383543122532,0.29797790116968187,0.015727004348612534,0.4761101966028515,0.02811453074690843,0.6130324903757485,0.2556147990954831,95,0.7497532894736842,0.9181199956125918
282,3,1.0,0.0013284561953483542,0.8566,0.0010000000000000009,8,0.125,0.27498658508573726,0.006640267441607515,0.27986510175512735,0.18545874225910378,0.24313876806012677,0.018169934675646916,0.3428468432988218,-0.19816348354269803,0.30538157746057293,0.01803292559225827,0.606161089086368,0.009727318756430688,95,0.7310855263157895,0.9224409448818898
282,3,1.0,0.0013284561953483542,0.8566,0.0010000000000000009,6,0.125,0.35140874946502904,0.008485679681578305,0.29215604858771077,0.6143019821946228,0.378045133717401,0.028251584224498097,0.2526398372511815,0.7897928886359215,0.9690417766291827,0.057222372086279234,0.5127593603380808,0.9341919358473143,95,0.6853618421052632,0.9168466522678186
282,3,1.0,0.0013284561953483542,0.8566,0.0010000000000000009,13,0.125,0.30093412167494765,0.007266838306326363,0.29299132175616754,0.2690651631202155,0.4282983775340052,0.03200704520948282,0.31369782144951386,0.732106867032536,0.7572452691263207,0.0447156888336119,0.5637758469855082,0.6681680325219592,95,0.7416118421052632,0.9202705699711687
282,3,1.0,0.0013284561953483542,0.8566,0.0010000000000000009,15,0.125,0.30131245385102323,0.007275974122279436,0.28007148569451806,0.37097891605051886,0.8639644250910298,0.06456468168870869,0.7123247499733235,0.8123757913112652,1.3815984498345686,0.081584037424336,0.967608205735323,0.8589538372325407,95,0.6868421052631579,0.8957136015325671
283,3,1.0,0.0011853294023068588,0.8581,0.0014999999999999458,1,0.125,0.2706488247163247,0.0065359602791796945,0.26614023169801804,0.20378531050561335,0.7210912683623691,0.05390810005956398,0.675245981811357,0.5742339804020844,1.4245479578347495,0.08522522759256143,1.4263325250395102,0.035385377795522,95,0.6687088815789474,0.8974973867060198
283,3,1.0,0.0011853294023068588,0.8581,0.0014999999999999458,6,0.125,0.2842269723405443,0.006863862067150713,0.2693356685323865,0.3219519673215034,0.2651281664889191,0.01982073054379431,0.23913890977851116,0.44915498685770133,0.5599997589954658,0.03350263264194329,0.6470750448406714,-0.5582802984075431,95,0.6868009868421052,0.9163623301203376
283,3,1.0,0.0011853294023068588,0.8581,0.0014999999999999458,12,0.125,0.25882952903632156,0.006250533408498291,0.2520787097578537,0.23790757356668038,0.2903622440755674,0.02170720627736017,0.3371053893111594,-0.4367052055525025,0.4735185407766457,0.02832879383599422,0.42839546060071115,0.4574183900546429,95,0.7547697368421052,0.9180649378949662
283,3,1.0,0.0011853294023068588,0.8581,0.0014999999999999458,17,0.125,0.28512707133210907,0.0068855987632637046,0.26150113463311664,0.42321548274640275,0.38183957772545823,0.02854596507523023,0.320930746950408,0.762553518438425,0.42295987671666657,0.025304063339846604,0.3186365260796363,0.8267803022247472,95,0.7341282894736842,0.9273552145177552
283,3,1.0,0.0011853294023068588,0.8581,0.0014999999999999458,13,0.125,0.26560462346338637,0.006414146711121719,0.25312858156394985,0.302885920703375,0.26732472585608213,0.019984943241058994,0.22416936895152975,0.6211453387751716,0.6323555489148701,0.03783140137844385,0.5502239637787707,0.6664349754242993,95,0.7425986842105263,0.9209302325581395
283,3,1.0,0.0011853294023068588,0.8581,0.0014999999999999458,9,0.125,0.25881214925773394,0.006250113700255963,0.23530977111424653,0.4348506757742522,0.3597435593725392,0.026894087676974827,0.29966461563576385,0.7580357625175627,0.5402283838225419,0.03231978727709399,0.5491438171783651,0.062236285228115376,95,0.7519736842105263,0.9270559930008749
283,3,1.0,0.0011853294023068588,0.8581,0.0014999999999999458,11,0.125,0.260216344143055,0.006284023923233304,0.24885751960576505,0.2926216214487765,0.5496660564009196,0.04109251362189017,0.5903904549061767,-0.4109344678717857,1.2040572021404874,0.07203411336383345,1.1747893656058837,0.26709093523417593,95,0.8017680921052631,0.9557926047489614
283,3,1.0,0.0011853294023068588,0.8581,0.0014999999999999458,16,0.125,0.3024788056421944,0.007304629757927976,0.30178068479690834,0.14109723314055472,0.43785632576444294,0.03273372408825361,0.4869750459217905,-0.5026150582753135,0.6649256251963221,0.03977994382556014,0.6747096072266721,0.032033181905442146,95,0.7355674342105263,0.9305159595282017
284,3,1.0,0.0010502972197121263,0.8572,-0.0009000000000000119,4,0.125,0.26095419938975084,0.0063021661865005525,0.2477624204861365,0.31394839446779343,0.503650183842397,0.03759610913742607,0.4068995003909401,0.6528865206302271,0.9168724627722947,0.05476387742710204,0.9153572664301928,0.1500265818311821,95,0.7067434210526315,0.9186060041889691
284,3,1.0,0.0010502972197121263,0.8572,-0.0009000000000000119,14,0.125,0.2874614732617064,0.006942329270608058,0.27254032111389254,0.3203586945820133,0.8580709288183168,0.06405264868840173,0.7070234742856747,0.8446160471136083,1.5339078305406542,0.09161878432056528,1.3123022620713611,0.8632135268207399,95,0.7490953947368421,0.9508727632012296
284,3,1.0,0.0010502972197121263,0.8572,-0.0009000000000000119,1,0.125,0.23932650110238007,0.005779847139107375,0.24363567583449114,0.11531941971735779,0.6433148082541501,0.048021691477062416,0.7898137413985656,-0.7256617491969173,1.4445665994434735,0.08628252172391285,1.6457680593643937,-0.7217029858149022,95,0.6652549342105263,0.8993139254589282
284,3,1.0,0.0010502972197121263,0.8572,-0.0009000000000000119,5,0.125,0.26318217530307847,0.00635597284873533,0.26110735690736864,0.17926929553009818,0.3558741191564998,0.026565029959722732,0.41130697981333647,-0.055861313505947245,0.9319288682718727,0.055663181505641486,0.9252274464947513,0.167207659372977,95,0.7521792763157895,0.9350024599573608
284,3,1.0,0.0010502972197121263,0.8572,-0.0009000000000000119,8,0.125,0.26450821593029683,0.0063879973512048225,0.25272213068220006,0.29536888088368896,0.46192327194211835,0.0344813092542962,0.3024117264137304,0.9073395782882357,0.8257670171094832,0.049322240054621797,0.6103821970435515,0.8680184561547325,95,0.7344983552631579,0.9242008621172255
284,3,1.0,0.0010502972197121263,0.8572,-0.0009000000000000119,12,0.125,0.23540186181537984,0.005685065261419317,0.2174306295062011,0.3854866016757991,0.37554561386735164,0.02803345325384966,0.23091339856117055,0.8728753991517897,0.5466137155592571,0.03264869186751249,0.3568851498009168,0.8346078855419998,95,0.7511924342105263,0.920849526520335
284,3,1.0,0.0010502972197121263,0.8572,-0.0009000000000000119,16,0.125,0.28282711309762715,0.006830407301195703,0.2620550832521285,0.3903305262044316,0.4673748131085587,0.03488825189670135,0.30755448199872043,0.9077754224092927,0.6896967370530591,0.04119489798574772,0.45110497517790976,0.9375234708440261,95,0.7395559210526316,0.929389525186256
284,3,1.0,0.0010502972197121263,0.8572,-0.0009000000000000119,10,0.125,0.2827830751737736,0.006829343764700477,0.2592504919900273,0.4217944438960122,0.45936260650796834,0.03429016258103922,0.5795484226185487,-0.5217624407714129,0.6306901409392951,0.03767049287143771,0.7840223028059702,-0.4400957853597021,95,0.7371299342105263,0.9401461482679757
285,3,1.0,0.0009233744553646757,0.8573,9.999999999998899e-05,6,0.125,0.23872801272728703,0.005765671605718221,0.22622072293652018,0.31984526136307095,0.33234823296955873,0.024909450753111247,0.39345595580987713,-0.3262581380013092,0.8025770691057416,0.04794565407247548,0.7850984338799645,0.22834833327826143,95,0.6866365131578948,0.9137074076291993
285,3,1.0,0.0009233744553646757,0.8573,9.999999999998899e-05,12,0.125,0.205895373723717,0.004972709722941895,0.18844624557389003,0.4065516416236003,0.2618399639359686,0.019624866449814524,0.20807516572700027,0.6208831264593552,0.39651165305354574,0.023687457921260358,0.30836611642039785,0.6291640748551273,95,0.7493009868421052,0.9137902650496625
285,3,1.0,0.0009233744553646757,0.8573,9.999999999998899e-05,14,0.125,0.2566531108383458,0.006198592015970654,0.2312225293732589,0.47467276961049776,0.7174720079915761,0.05377442055315204,0.6318452380182714,0.7163805648953191,1.1758311078021948,0.07024371080668389,1.0662629028419517,0.512719029415065,95,0.7506990131578948,0.9549214000109547
285,3,1.0,0.0009233744553646757,0.8573,9.999999999998899e-05,10,0.125,0.24272467699236372,0.0058621975785501795,0.23460798193335058,0.25941996370386444,0.5530851535375001,0.04145365020063529,0.6192460951406045,-0.42979149104566805,0.828771861817187,0.04951052119637993,0.8778249237678697,-0.03784475917031651,95,0.7371710526315789,0.9387550200803213
285,3,1.0,0.0009233744553646757,0.8573,9.999999999998899e-05,9,0.125,0.2086870681995229,0.005040133706357624,0.19017695982020918,0.4177097604251105,0.39441967552950485,0.029561696163915557,0.4373155675216894,-0.18930244059632426,0.5545939917767193,0.03313123773898472,0.5336828051719346,0.313116109992573,95,0.7469572368421052,0.9244192447429264
285,3,1.0,0.0009233744553646757,0.8573,9.999999999998899e-05,11,0.125,0.23214004008183606,0.005606561301120175,0.2347606614630071,0.11976231283152322,0.4177566324643502,0.03131079762385698,0.33864624769402,0.7113286091484351,0.8394858735302057,0.05015057225078298,0.7992527670658318,0.30588662162750496,95,0.7972861842105263,0.9568849922640537
285,3,1.0,0.0009233744553646757,0.8573,9.999999999998899e-05,16,0.125,0.2508540392203286,0.006058534960304868,0.24818349731496986,0.18112130073533092,0.2993012011729511,0.02243258062289004,0.25855919266477617,0.5101812382433976,0.5112505565069883,0.030541917119507295,0.5074827009168856,0.2684066465673086,95,0.7385279605263158,0.9339680418684928
285,3,1.0,0.0009233744553646757,0.8573,9.999999999998899e-05,4,0.125,0.23255161264910817,0.005616501451158303,0.22026951201870884,0.32081607720653527,0.40346549330819065,0.03023967886436948,0.31077368548285195,0.7979342206318684,0.8864117841760846,0.052953908609956704,0.7685577370461739,0.5701682489520487,95,0.7056332236842106,0.9164967076510693
286,3,1.0,0.0008045750277758752,0.8573,0.0,2,0.125,0.21603768559629472,0.0052178720383788185,0.2152837851195093,0.19391468722879748,0.23205559666565598,0.01737536998864227,0.2018865451098912,0.49882251980742887,0.5580848576345306,0.033201687628758525,0.6284061883704383,-0.12346709264948892,95,0.72734375,0.917349765390921
286,3,1.0,0.0008045750277758752,0.8573,0.0,18,0.125,0.25629710102599423,0.006190241638952381,0.22379833408470373,0.537377522106592,0.37218459150209576,0.02786765358966102,0.39615009995740996,-0.11990709250333126,1.2206300579162324,0.07261794929356032,1.0976966412667823,0.6053292175502011,95,0.7751644736842105,0.9587842138765118
286,3,1.0,0.0008045750277758752,0.8573,0.0,19,0.125,0.23182888653709435,0.005599270615270595,0.24147207663952813,0.04840661302686608,0.6337933687158938,0.04745584435807943,0.5835539403122364,0.5687161658878988,1.2082997991715443,0.07188439525850175,1.2954398637259323,-0.30151544529533786,95,0.6902960526315789,0.9316773886109125
286,3,1.0,0.0008045750277758752,0.8573,0.0,8,0.125,0.23238895354240072,0.0056127976902276356,0.1987985779144942,0.5624633889324179,0.2766584339287884,0.020715047251874702,0.2584492868651333,0.3568017011054372,0.648577879762472,0.03858531524769994,0.44976595550114046,0.9139763777925496,95,0.7275904605263158,0.9215597626448149
286,3,1.0,0.0008045750277758752,0.8573,0.0,16,0.125,0.2292896347093299,0.00553794107883382,0.21104968379460434,0.39354894352116426,0.2501593077701195,0.018730901521289423,0.28256394235131665,-0.15497759518291382,0.32412987658175285,0.019283194600601097,0.3146459804120624,0.3927692680695226,95,0.7404605263157895,0.9304198134162595
286,3,1.0,0.0008045750277758752,0.8573,0.0,10,0.125,0.22650619778653572,0.005470713837207195,0.2402626004863412,-0.0018831475397530608,0.6814958318304876,0.05102760887440707,0.6238217643482267,0.6344129559634839,0.9917895086950812,0.05900372499039927,1.019565166893399,-0.008530771140903644,95,0.7327713815789474,0.9408001795634364
286,3,1.0,0.0008045750277758752,0.8573,0.0,7,0.125,0.2564946902408261,0.006195013932435857,0.22904310379128384,0.4813554195255453,0.25514862701273416,0.019104481254239306,0.2655928483012542,0.0839617510880964,0.6707272997519607,0.039903032640653764,0.5935039005354212,0.48913197265204167,95,0.7896381578947368,0.9416267444282441
286,3,1.0,0.0008045750277758752,0.8573,0.0,11,0.125,0.22429668835097935,0.005417348437228473,0.20067714543043735,0.45841034071441894,0.3891034095033135,0.029134465193283797,0.4386204774427052,-0.41001631958108536,0.9574766275119898,0.05696237671316334,0.8661814091516008,0.5003308838735788,95,0.7983963815789473,0.9552454035123861
287,3,1.0,0.0006939119646417303,0.8577,0.00040000000000006697,12,0.125,0.16670050823244156,0.004026386186031699,0.1567854859707678,0.344159212370391,0.19928622149144343,0.014916238670023433,0.32667718509159016,-0.5507528708723769,0.22182790198171465,0.013190316459656341,0.4099535504222647,-0.1418036070438234,95,0.7481907894736842,0.9211365135194548
287,3,1.0,0.0006939119646417303,0.8577,0.00040000000000006697,17,0.125,0.2088991642192985,0.0050456277428580915,0.1776355514605958,0.5939386806743351,0.567770203733154,0.04249664530357499,0.4141069354705311,0.9261403290027059,0.4955671086724086,0.029467379585660942,0.4728830724820558,0.3879692126262851,95,0.72734375,0.9266210639380406
287,3,1.0,0.0006939119646417303,0.8577,0.00040000000000006697,10,0.125,0.21343738218276317,0.005155241194616837,0.1947084591406836,0.4249909738610208,0.630783268528467,0.047213067275863205,0.48784242245739523,0.8753310940843756,0.9993893534901978,0.05942562554657206,0.7473450389574505,0.8573070450425135,95,0.7290296052631579,0.9354201917653694
287,3,1.0,0.0006939119646417303,0.8577,0.00040000000000006697,4,0.125,0.1996058506881381,0.004821162505042795,0.1810051834765926,0.4331900045913252,0.36263801743469803,0.027142845995062052,0.4470346411656512,-0.3133680588261044,0.9886720649946465,0.058788354826419795,0.8163572606068674,0.6589582832577869,95,0.6976151315789474,0.9150654249675823
287,3,1.0,0.0006939119646417303,0.8577,0.00040000000000006697,15,0.125,0.2059169394530039,0.004973596837074006,0.1838860034502206,0.47494406352943,0.825311884241255,0.061773207151091865,0.6644819119336599,0.9507423363578815,1.28284408914311,0.0762803928317008,1.0026266428272348,0.9157734137511416,95,0.6735197368421053,0.8926739926739927
287,3,1.0,0.0006939119646417303,0.8577,0.00040000000000006697,11,0.125,0.1817353954445691,0.0043895300229721676,0.1951812232411685,-0.02645925882806829,0.4779096037659864,0.03577073045552152,0.6251686125045292,-0.812195638301071,0.7308264510161352,0.043456355489423386,1.0118040683766236,-0.8490559260017908,95,0.8003289473684211,0.9544286888614879
287,3,1.0,0.0006939119646417303,0.8577,0.00040000000000006697,8,0.125,0.19336168493043882,0.00467034459202818,0.19698842267319358,0.117056152009811,0.3260266822902706,0.024402549104712592,0.46452386208513247,-0.7167987017355817,0.4248070194835348,0.025259847707224434,0.6898819594588796,-0.7345684781548839,95,0.7296875,0.9234757128366956
287,3,1.0,0.0006939119646417303,0.8577,0.00040000000000006697,9,0.125,0.17768669760452832,0.004291740152818765,0.16813164126808464,0.32697966083127916,0.39468972245126244,0.029541862235273067,0.252726544094292,0.8964334605705676,0.7036461527413079,0.04184016233919301,0.46086980177377324,0.8619507296424168,95,0.7403371710526315,0.9234657039711192
288,3,1.0,0.0005913974014141677,0.857,-0.0007000000000000339,5,0.125,0.1799328022229686,0.004346121372702901,0.1526867009294649,0.570007319782714,0.34123479394185985,0.02549155736497284,0.3960115299002986,-0.18116463313692013,0.7352139079107493,0.04399065294635101,0.4117012539250473,0.8835522896072769,95,0.7452713815789473,0.9341793103448276
288,3,1.0,0.0005913974014141677,0.857,-0.0007000000000000339,13,0.125,0.18904399341667474,0.004566194323763149,0.166030765855298,0.5059338912701495,0.19318650643124188,0.014431778348106444,0.26834102798390896,-0.22064394821178004,0.4652072019390751,0.027835121654321573,0.526605026661742,0.30121134069247635,95,0.7361430921052632,0.9234206557560185
288,3,1.0,0.0005913974014141677,0.857,-0.0007000000000000339,15,0.125,0.17363281546008638,0.004193950635740897,0.17671471968527092,0.13716029379302966,0.657530206309554,0.049120046580590694,0.7692291512094181,-0.7035756315055022,0.9987816960223518,0.059760919218384584,1.253099686738705,-0.4641123138938467,95,0.6774671052631579,0.8941490653071134
288,3,1.0,0.0005913974014141677,0.857,-0.0007000000000000339,0,0.125,0.21564648360586336,0.005208754489280281,0.18914471439740602,0.535558219891854,0.9520272200334352,0.07112011120598935,0.8263355598935785,0.8688544310192541,1.7689517637547505,0.1058431325643765,1.4727389342433388,0.7600856521157426,95,0.7816611842105263,0.9566543924250395
288,3,1.0,0.0005913974014141677,0.857,-0.0007000000000000339,14,0.125,0.2088529065086366,0.005044661504262604,0.19099921941193793,0.41956105743629224,0.8219461711682419,0.06140255432693355,0.7013368661184446,0.8432348285722878,1.3584131981441625,0.08127904398206354,1.0572106977682816,0.7877979896513486,95,0.7436266447368421,0.9518385402267072
288,3,1.0,0.0005913974014141677,0.857,-0.0007000000000000339,1,0.125,0.18409266685072878,0.004446599308592856,0.19203589354167702,0.048898397817325426,0.730881940905624,0.05459970452717913,0.8506195702738647,-0.7712205718629858,1.5021222716073976,0.0898777060965053,1.7448326242691221,-0.47771403120394385,95,0.6549342105263158,0.8948392767453541
288,3,1.0,0.0005913974014141677,0.857,-0.0007000000000000339,11,0.125,0.1709169938993572,0.004128352312457373,0.14610715008846153,0.5456868310566957,0.49539295791657456,0.03700776775736877,0.3726841674734466,0.8741273176817923,1.1925214526126546,0.07135310797103417,0.826377985907952,0.9088767921757771,95,0.7946134868421053,0.9532729624838292
288,3,1.0,0.0005913974014141677,0.857,-0.0007000000000000339,12,0.125,0.1458133850684749,0.0035219963310912164,0.16426631745185238,-0.08385517575143887,0.44424181256006084,0.03318657959224339,0.33325780300710345,0.8213734240541184,0.5583646527835179,0.033409087333385025,0.500623833815601,0.5087635604823423,95,0.7478207236842105,0.9221421894759994
289,3,1.0,0.0004970425799702666,0.8576,0.0006000000000000449,4,0.125,0.16842155548214974,0.004068178945498493,0.1590265938475125,0.3295184318036386,0.39113990491900297,0.029210936750613443,0.35953298409100554,0.49228816542271736,1.0410124290574996,0.06155376934105001,0.8445461144926143,0.8545544415125857,95,0.6980674342105263,0.9154738764210403
289,3,1.0,0.0004970425799702666,0.8576,0.0006000000000000449,18,0.125,0.17969259078747357,0.004340427877007432,0.17274495624712957,0.27625099677947257,0.4233618274409947,0.03161732006496225,0.4199512148739347,0.13505983760603368,0.965890027309012,0.05711187521903786,1.1438395758759365,-0.6824115717995457,95,0.7735197368421053,0.9566234318520094
289,3,1.0,0.0004970425799702666,0.8576,0.0006000000000000449,17,0.125,0.15182921541724942,0.0036673952790886874,0.15393719999452649,0.13684584134923353,0.39874606924215483,0.029778976938188706,0.416379325286865,-0.13747301180286015,0.39837528942122424,0.023555435066619793,0.47383747096839685,-0.040832279273741966,95,0.7267680921052632,0.9251485148514852
289,3,1.0,0.0004970425799702666,0.8576,0.0006000000000000449,8,0.125,0.1580106321651404,0.0038167057957570073,0.14364314592512822,0.4254992549134086,0.2973642084895934,0.022207621817274033,0.28088142023561824,0.3375905751510776,0.39150355565165396,0.02314911800102223,0.4584575552829875,0.0057108407280091365,95,0.72578125,0.9259532037844881
289,3,1.0,0.0004970425799702666,0.8576,0.0006000000000000449,12,0.125,0.13748582622101835,0.0033209344370180166,0.12830129710112564,0.3605497549297486,0.27989719088267734,0.020903157762032384,0.25765388155840807,0.4149289169829136,0.6055141883310141,0.0358033003650158,0.555804641913048,0.3968006516447482,95,0.740625,0.9204419276038197
289,3,1.0,0.0004970425799702666,0.8576,0.0006000000000000449,15,0.125,0.15559084737381226,0.00375825652236954,0.14476153630959807,0.36726202369167665,0.7729581510180245,0.057725717515154165,0.7810470940549152,-0.05577291599039622,1.4314527468764409,0.08464001941227363,1.3485793425770947,0.4183056221278955,95,0.6806332236842105,0.8942789826617532
289,3,1.0,0.0004970425799702666,0.8576,0.0006000000000000449,6,0.125,0.1827224845500876,0.004413614174194136,0.1623957424210261,0.5048730447457964,0.2500592409805802,0.01867481323262769,0.2310471335136969,0.39147726388840837,0.8372127842964484,0.04950334998460947,0.6394213322538076,0.8681744197484266,95,0.6736842105263158,0.9136962890625
289,3,1.0,0.0004970425799702666,0.8576,0.0006000000000000449,16,0.125,0.17665082615296993,0.0042669548419922605,0.17366470243969043,0.2069221183458481,0.34658715566934745,0.0258836681082919,0.32089408738375585,0.4323652691241975,0.47583971619978194,0.02813581021389926,0.4637082867699968,0.3027646094255131,95,0.7332236842105263,0.9330978017048004
290,3,1.0,0.0004108578473795032,0.8575,-9.999999999998899e-05,12,0.125,0.11426865030468789,0.0027601833174634325,0.09797469369738926,0.5173633507294256,0.18527934712766483,0.013872884102203501,0.17670252528895183,0.3103578676221292,0.4051917740581424,0.02413226999707552,0.3362577839996071,0.5719664508027937,95,0.7457236842105263,0.9186149095721218
290,3,1.0,0.0004108578473795032,0.8575,-9.999999999998899e-05,6,0.125,0.1472212936686938,0.0035561613590096163,0.1330289855470837,0.4347887913773965,0.29969069810879045,0.02243949142646198,0.32273932150512474,-0.21411438111124387,0.813361201053517,0.0484418820065991,0.7507750317705704,0.38664850907038256,95,0.6762335526315789,0.9160890186063481
290,3,1.0,0.0004108578473795032,0.8575,-9.999999999998899e-05,2,0.125,0.14289630004948684,0.0034516902271283893,0.12057566502179465,0.5734719440495787,0.17026362827608377,0.012748574617262788,0.15056264692199678,0.4694200084313601,0.5664250242562796,0.03373494353439455,0.3794680728486025,0.8016860559438834,95,0.7238075657894737,0.9241606544339033
290,3,1.0,0.0004108578473795032,0.8575,-9.999999999998899e-05,10,0.125,0.15052692869675882,0.0036360096694058536,0.1349893142579522,0.4539650868684066,0.5554569750721918,0.041590119775343666,0.5703203111959276,-0.14548086284973943,0.9283105404153957,0.05528799456629847,0.8657717176267345,0.36602432222666853,95,0.7201069078947369,0.9359333066864615
290,3,1.0,0.0004108578473795032,0.8575,-9.999999999998899e-05,19,0.125,0.16460099735716519,0.0039759717624357985,0.15816055365274115,0.28018347321387754,0.5502904494302565,0.04120327357498305,0.5668161489257242,-0.16874269752568008,1.2366286295365336,0.07365069550944754,1.142851441324861,0.43341265061211426,95,0.6828125,0.9282789353245815
290,3,1.0,0.0004108578473795032,0.8575,-9.999999999998899e-05,18,0.125,0.14996132780146398,0.003622347460642799,0.15341933804504562,0.11098976735922138,0.3737744587069259,0.027986550181613782,0.3519203457445733,0.3917656460741793,0.9127445258861165,0.05436091931588862,1.052086590163974,-0.37555039990687467,95,0.7707236842105263,0.9583866837387964
290,3,1.0,0.0004108578473795032,0.8575,-9.999999999998899e-05,0,0.125,0.16837121795539833,0.00406704223513896,0.15499111188671014,0.399717963969549,0.8593194566215471,0.06434197558060804,0.8275901906797242,0.4760055358859222,1.5895108437135568,0.0946675310300615,1.5237173303825904,0.3168208269527177,95,0.7715460526315789,0.9569921125559582
290,3,1.0,0.0004108578473795032,0.8575,-9.999999999998899e-05,16,0.125,0.1597225442085298,0.0038581316990414566,0.16154664597958177,0.1315266243924307,0.31772496516748117,0.023789816223326758,0.2984562441240905,0.37339830091389276,0.41583203185927087,0.024765978750645814,0.35439328820134847,0.5412161141975429,95,0.7343338815789474,0.9338148832521418
291,3,1.0,0.0003328526547690002,0.8571,-0.00040000000000006697,16,0.125,0.13569498270075703,0.0032777850449319298,0.12112132019329602,0.4661943278395391,0.28306646335429264,0.021195098732884644,0.3159511070306138,-0.3157826394681195,0.5017396085740216,0.029967761401984438,0.5975827429335693,0.12029138433528064,95,0.7299342105263158,0.9296417305092384
291,3,1.0,0.0003328526547690002,0.8571,-0.00040000000000006697,18,0.125,0.13317917982550806,0.003217014477911976,0.12208090584219862,0.40257787604716,0.3611836426717754,0.027044259770008943,0.3949485440641873,-0.3523238085415162,1.0839778410066128,0.06474352183724794,0.9892088665911373,0.4121992654972762,95,0.76953125,0.9569863745658562
291,3,1.0,0.0003328526547690002,0.8571,-0.00040000000000006697,0,0.125,0.13828317245596883,0.0033403041558395723,0.14006153352193806,0.1325838397309644,0.7967839735599227,0.059660599804948984,0.8400306948916272,-0.5284756926816729,1.6517092762428927,0.09865282439345024,1.6537187284130679,0.11306643070646849,95,0.7735608552631579,0.9582735342582257
291,3,1.0,0.0003328526547690002,0.8571,-0.00040000000000006697,15,0.125,0.1194568482366596,0.002885544202679216,0.10575367295567832,0.4712895762090919,0.7840088003695205,0.0587040362689805,0.7359148670976351,0.6544629567167523,1.3498084952890708,0.0806209799544395,1.1873459955573027,0.5356411904425312,95,0.6703947368421053,0.8911923454367027
291,3,1.0,0.0003328526547690002,0.8571,-0.00040000000000006697,2,0.125,0.11173261662472492,0.0026989612476039826,0.12768139667987435,-0.15123795200651,0.1428369592428774,0.010695168258306131,0.18020518345441397,-0.27912290514032256,0.5084535406444255,0.030368769237357103,0.7648174898812272,-0.4379551396294367,95,0.7270559210526316,0.9252347019567922
291,3,1.0,0.0003328526547690002,0.8571,-0.00040000000000006697,8,0.125,0.12485884164779645,0.003016032249204067,0.1046896950929586,0.5819703428081759,0.2639705063101816,0.019765255401559753,0.27351777475055655,0.019657320964817006,0.5713219681843582,0.03412375689238634,0.4497594058224271,0.6199350886875503,95,0.7199013157894737,0.9247772446881426
291,3,1.0,0.0003328526547690002,0.8571,-0.00040000000000006697,13,0.125,0.1447611237499973,0.0034967825417809967,0.12100794908593027,0.625215887262178,0.31634452146411185,0.023686851796522853,0.2689860711517016,0.6906433682308389,0.7627749462401937,0.04555880620488286,0.5271867289918944,0.7660963562005528,95,0.7299753289473684,0.9204078183968907
291,3,1.0,0.0003328526547690002,0.8571,-0.00040000000000006697,1,0.125,0.1347924115386616,0.003255982954698222,0.12909261263214453,0.29324547206338275,0.8273303072195941,0.0619478102013075,0.777579326144022,0.6731387473397059,1.739644842310051,0.10390501500710052,1.5506832580022507,0.5698387660738394,95,0.6396792763157895,0.8869319277495661
292,3,1.0,0.0002630355562871722,0.8585,0.0014000000000000679,18,0.125,0.10283372076678254,0.0024840302230941897,0.10236773975657266,0.21700573965851377,0.4640946023374497,0.03470313220469285,0.43693383174559197,0.37977326161786734,1.1151621868346633,0.06648857887514166,1.026704602489639,0.5369829961932234,95,0.7652138157894737,0.9570660934981193
292,3,1.0,0.0002630355562871722,0.8585,0.0014000000000000679,9,0.125,0.09338406389469983,0.0022557662539107906,0.07292612341211206,0.6567889881586862,0.33246102793987653,0.02486010168486421,0.3308856171695022,0.15949965473153974,0.6059582318949003,0.036128647628148866,0.5829063080367181,0.2753324284497196,95,0.7260279605263158,0.9199184459421192
292,3,1.0,0.0002630355562871722,0.8585,0.0014000000000000679,7,0.125,0.11534218508346188,0.002786182116222649,0.09722230990769595,0.5777149882419355,0.2466642518210307,0.01844456302228821,0.18462478474330216,0.7632466166266278,0.6656848134423252,0.03968968617038139,0.5234779782936587,0.818043043195147,95,0.7673519736842105,0.9399849962490623
292,3,1.0,0.0002630355562871722,0.8585,0.0014000000000000679,5,0.125,0.08721399657752044,0.0021067233759509557,0.08581754356855648,0.27562509628662163,0.3040049820572812,0.022732272752330158,0.3219700793854833,-0.03821934509950965,0.6303412650002522,0.0375824211141761,0.678790413985928,-0.119429429094491,95,0.7358963815789473,0.9312175224898027
292,3,1.0,0.0002630355562871722,0.8585,0.0014000000000000679,14,0.125,0.12766780639788936,0.0030839172913690277,0.10722590220678135,0.6097455249599603,0.7404761826743856,0.05536983781399587,0.7161266786162923,0.31612271455568847,1.2143972043423101,0.07240520281256313,1.0869153852409503,0.7211876837365064,95,0.7289473684210527,0.9490072202166066
292,3,1.0,0.0002630355562871722,0.8585,0.0014000000000000679,2,0.125,0.10097051614137395,0.0024390230351133105,0.10068973296670253,0.21645287151831177,0.1611255011079255,0.012048318464238508,0.15952825719388078,0.31171102891208136,0.7707502598626758,0.04595393392182273,0.8183537461959739,-0.1399369179633478,95,0.7199424342105263,0.9266662859101034
292,3,1.0,0.0002630355562871722,0.8585,0.0014000000000000679,13,0.125,0.10725564561304454,0.002590845330827937,0.10338640386649163,0.28720324135743286,0.229746437276067,0.017179516732563297,0.2387072418634409,0.1107819934423593,0.5366759888274792,0.03199787818741824,0.6438480709193386,-0.45364710185260776,95,0.7330180921052631,0.9240477926740338
292,3,1.0,0.0002630355562871722,0.8585,0.0014000000000000679,10,0.125,0.11638351331886336,0.002811336227049437,0.11155691092724926,0.2935883697344421,0.48504519132150853,0.0362697331856526,0.48557823216288803,0.09238200553647366,0.9960946377175359,0.0593894929983017,1.0604189762364866,-0.259842532457506,95,0.7163240131578947,0.9331840881694506
293,3,1.0,0.00020141420816564278,0.8585,0.0,2,0.125,0.08006141020768473,0.0019339589718740623,0.07038184728254233,0.515421559285591,0.12178117272172916,0.009102222802206942,0.09709591141754569,0.6065344521070608,0.6956081277247452,0.0412960030744469,0.45782831319587114,0.8603222580937796,95,0.7203536184210526,0.9237970203778755
293,3,1.0,0.00020141420816564278,0.8585,0.0,11,0.125,0.08031122176816277,0.001939993406034179,0.08579092763115674,-0.06254401541512877,0.424289258920716,0.031712417288871635,0.39790134624487156,0.4624255742306617,0.863659259193525,0.05127265482016246,1.0505356514476787,-0.4917712232824395,95,0.7672286184210526,0.9503188809689694
293,3,1.0,0.00020141420816564278,0.8585,0.0,10,0.125,0.09093981609789316,0.0021967371394891622,0.08410043895280099,0.39804402806958816,0.6040790902776766,0.04515034916296889,0.6312000107969017,-0.3613103523550244,0.9044377948337563,0.05369354449360342,0.7544260357289874,0.6161848880365679,95,0.7167351973684211,0.9376972061270151
293,3,1.0,0.00020141420816564278,0.8585,0.0,4,0.125,0.09487428080835611,0.002291777850195896,0.08242937252389981,0.5896403096816261,0.36122938042734853,0.02699916768633834,0.30833536789837274,0.8283427568978746,1.0294117453208957,0.061112843431963264,0.746632914195838,0.9398743415096719,95,0.6868009868421052,0.9165419385739089
293,3,1.0,0.00020141420816564278,0.8585,0.0,16,0.125,0.09601274997725155,0.00231927864811684,0.09656102313593422,0.11160575295440246,0.3298582081082835,0.024654409513685208,0.2914486730277747,0.644163501467877,0.5174494314926873,0.030719297923799488,0.47098336585759004,0.4421211715278054,95,0.7218338815789473,0.9317003702648818
293,3,1.0,0.00020141420816564278,0.8585,0.0,18,0.125,0.082691304499022,0.001997486552098023,0.0909165244144825,-0.1832221336458483,0.4305268760515744,0.032178632054348316,0.4174265965245923,0.2710733930345842,0.925811867761954,0.05496245402208089,1.1562617549508063,-0.6722685624745187,95,0.7636101973684211,0.9555220505088579
293,3,1.0,0.00020141420816564278,0.8585,0.0,6,0.125,0.09351816278789653,0.0022590195387224344,0.08064120142486253,0.6057448207917585,0.2083949054723181,0.01557594509939747,0.20481902048192277,0.21300754628990495,0.9057607150470841,0.05377208198478473,0.6498723721693831,0.8820043865334206,95,0.6618832236842105,0.9135242591787289
293,3,1.0,0.00020141420816564278,0.8585,0.0,9,0.125,0.07120567776756172,0.0017200403916159271,0.06709612541341597,0.335622573032702,0.4196738499546184,0.03136745033056587,0.45400000800502466,-0.4572342870455401,0.5908228271957524,0.03507523893968046,0.46674283094479635,0.6209398609810205,95,0.7361430921052632,0.9247053566441379
294,3,1.0,0.00014799536787963308,0.859,0.0004999999999999449,18,0.125,0.07089506605601666,0.0017125475029626798,0.07073127467880282,0.15039690161811212,0.3208638821006461,0.024033786538682628,0.21252073670483854,0.8506079244015454,1.1729632564678798,0.07021194457179646,0.9348160503441839,0.9258564109003493,95,0.7610608552631579,0.9550488951320979
294,3,1.0,0.00014799536787963308,0.859,0.0004999999999999449,11,0.125,0.06656886303583878,0.0016080433591388874,0.06273976546800514,0.3358704303002389,0.4001401098571682,0.029971843271707495,0.2743640836500076,0.9172933715963414,1.0653494493084301,0.06377033216682496,0.8385690318655195,0.8940936149813983,95,0.7647615131578948,0.9461261358137534
294,3,1.0,0.00014799536787963308,0.859,0.0004999999999999449,2,0.125,0.05722758525206596,0.0013823946245648789,0.05885856500948607,0.09427625613950887,0.11346836308189467,0.008499162945203616,0.22837389336296243,-0.5713603867116549,0.48422940949318455,0.028985297085732043,0.6922604120881847,-0.6896300392001729,95,0.7175575657894737,0.9236719958741619
294,3,1.0,0.00014799536787963308,0.859,0.0004999999999999449,16,0.125,0.07482484800412387,0.0018074756642130164,0.06856747746165262,0.4320008888595912,0.27210838520129244,0.020381835445293706,0.16272437419935007,0.8722657950905416,0.4973891141148429,0.02977301865022454,0.3185930608886796,0.8220936939163429,95,0.7194490131578948,0.9265588386580557
294,3,1.0,0.00014799536787963308,0.859,0.0004999999999999449,4,0.125,0.07136741202967156,0.0017239575341921878,0.06970130631644023,0.2229647419354368,0.3234438438607406,0.02422703437266796,0.271759571733765,0.5530769219371536,0.7839680391634966,0.04692723340504289,0.9976794098346232,-0.7558707380701862,95,0.6902549342105263,0.9188062190981117
294,3,1.0,0.00014799536787963308,0.859,0.0004999999999999449,12,0.125,0.0537110973277272,0.0012974500304055838,0.052391824825917664,0.2523987062423047,0.2140139160766965,0.01603036384656553,0.09346527845723772,0.9383655657077358,0.437303012795321,0.02617634842878428,0.24468077359898263,0.8718712663730617,95,0.7416118421052632,0.928531825238412
294,3,1.0,0.00014799536787963308,0.859,0.0004999999999999449,8,0.125,0.0643977772852248,0.0015555984192047877,0.05626156756480386,0.5344494732767512,0.25123802810834434,0.018818575336134208,0.15239872314891934,0.8385158609110623,0.6580377362168544,0.03938922110871202,0.43959648041161964,0.8926706238692982,95,0.71015625,0.9206183776272364
294,3,1.0,0.00014799536787963308,0.859,0.0004999999999999449,6,0.125,0.0680354296055175,0.0016434698712581846,0.06289319199394011,0.3935178073686236,0.30693065787441065,0.02299014106928104,0.43319377315466684,-0.8253511325592979,0.6070247190219838,0.036335653048522376,0.8004039827646122,-0.6360252384495563,95,0.6636513157894737,0.9141263940520447
295,3,1.0,0.00010278489340696252,0.8595,0.000500000000000056,9,0.125,0.03908775510475186,0.0009442104695776362,0.03392809255026196,0.496822404225615,0.5612264807545453,0.042084488581160755,0.2349559508765227,0.9942517362734004,0.8115120386500063,0.04829089365310223,0.4924110325862276,0.889199105768449,95,0.7241365131578947,0.92124240531486
295,3,1.0,0.00010278489340696252,0.8595,0.000500000000000056,4,0.125,0.050090225994268135,0.0012099880302808216,0.04555424828770343,0.418016952527156,0.2730680982839543,0.020476459429818673,0.4995445775780948,-0.36255543314180894,1.049911977811324,0.06247743132677244,1.0161022354950466,0.27316090664671006,95,0.6835115131578947,0.9169223365216869
295,3,1.0,0.00010278489340696252,0.8595,0.000500000000000056,11,0.125,0.04891351014321411,0.0011815630817693093,0.0500989458305511,0.1283288052544048,0.21119091543762125,0.015836497339238347,0.4929824300054085,-0.6365931738097582,0.5730002533609985,0.034097700317900756,0.8091857234725034,-0.3680394369988352,95,0.7640625,0.9475298676138199
295,3,1.0,0.00010278489340696252,0.8595,0.000500000000000056,18,0.125,0.05278859014425552,0.0012751701742623087,0.05686335170195868,-0.04708310629474674,0.22856455254511263,0.017139288026307205,0.4924091395818611,-0.5339542793921987,0.9832077032888213,0.058508039778949986,1.24844821652959,-0.5535660525238251,95,0.7591694078947369,0.9553701998591778
295,3,1.0,0.00010278489340696252,0.8595,0.000500000000000056,17,0.125,0.053400193702822264,0.0012899441739888742,0.045420856305793345,0.5687753508070797,0.6053348877660291,0.04539202985881446,0.28737727134095997,0.9819047403722786,0.5874194052318817,0.03495574517293841,0.28686164024836464,0.9006618065218993,95,0.7191611842105263,0.9227558604917095
295,3,1.0,0.00010278489340696252,0.8595,0.000500000000000056,10,0.125,0.05327427284855742,0.0012869024083869258,0.050045207544340914,0.34299777672528853,0.7558991155109807,0.05668233553851912,0.44046636936018035,0.9733085218320093,1.1128918526832234,0.06622519389205002,0.7999375745099235,0.8543843434373264,95,0.7117598684210527,0.9336221837088389
295,3,1.0,0.00010278489340696252,0.8595,0.000500000000000056,3,0.125,0.059029237917749895,0.0014259203247605505,0.052521615176212566,0.48633110619736014,0.286460906585034,0.021480741136659532,0.19952282055197026,0.8003847797476484,0.6462684899957558,0.03845769555514377,0.8427288127322624,-0.2603955601799255,95,0.7363898026315789,0.937070746552013
295,3,1.0,0.00010278489340696252,0.8595,0.000500000000000056,1,0.125,0.05228067292504768,0.0012629008394087322,0.044730914148035365,0.5524068009069947,0.9094412997600813,0.06819594817324408,0.5924113483942087,0.9730923923356776,1.8277587653804723,0.10876499664668669,1.4862517225864267,0.8865209341839694,95,0.63203125,0.8825060178257758
296,3,1.0,0.00010000000000000002,0.8599,0.00039999999999995595,9,0.125,0.036919401001002466,0.0008918341370036401,0.0333404330006138,0.4383974336703745,0.20703757251616073,0.015458937881616555,0.3016796146593501,-0.7323741255286793,0.4382138169208165,0.026134562550158065,0.622042329420607,-0.440729799185711,95,0.7316200657894737,0.9205305457202271
296,3,1.0,0.00010000000000000002,0.8599,0.00039999999999995595,19,0.125,0.06002625020012351,0.0014500088732029574,0.05663349737641033,0.33152649727497807,0.37822507398787525,0.02824104752093726,0.4765336671329121,-0.8130843809834829,1.156387815915995,0.068965624862436,1.3530833625965257,-0.6142995732978234,95,0.6682154605263158,0.9297889360654729
296,3,1.0,0.00010000000000000002,0.8599,0.00039999999999995595,5,0.125,0.04313646772151726,0.0010420151308186212,0.04079970637985346,0.3422072429991969,0.2623551783264632,0.019589354508842353,0.28183324754077826,0.04380498628586144,0.5613673669265369,0.033479297087545094,0.544564945565799,0.31449951595855424,95,0.7248355263157895,0.9286929884275017
296,3,1.0,0.00010000000000000002,0.8599,0.00039999999999995595,12,0.125,0.03699040288940816,0.0008935492760946075,0.04063988901963787,0.06547308947957692,0.3026205119105265,0.022595858512409223,0.2184014536734532,0.8201091755193132,0.48416595708833093,0.02887509476331405,0.40681015293342077,0.5446896977817132,95,0.7407483552631579,0.9285595337218984
296,3,1.0,0.00010000000000000002,0.8599,0.00039999999999995595,0,0.125,0.05375497905974487,0.0012985185040812171,0.0474124156133158,0.48792021270458286,0.9217594233926485,0.06882529337475389,0.8283362781395074,0.8330520486932101,1.5306774169081272,0.09128782149634573,1.2613173478471578,0.9451074582099928,95,0.7494654605263158,0.9534756131014429
296,3,1.0,0.00010000000000000002,0.8599,0.00039999999999995595,7,0.125,0.05368786419756857,0.0012968972609525029,0.04391176449660974,0.6383307018533855,0.3640900079679067,0.02718562021419473,0.27840127103916823,0.8149880630357116,0.8982210526306245,0.05356885925868842,0.6714262763428387,0.8470235862642241,95,0.7699835526315789,0.9399231015700096
296,3,1.0,0.00010000000000000002,0.8599,0.00039999999999995595,17,0.125,0.045336085035688194,0.0010951496280188504,0.042098069437965756,0.37497937255577546,0.24622967146869731,0.018385306346017576,0.3257202976956902,-0.5684921220943516,0.28397626746543014,0.01693601442552587,0.37695291681505405,0.13367632082275682,95,0.7221628289473684,0.9226214200307464
296,3,1.0,0.00010000000000000002,0.8599,0.00039999999999995595,3,0.125,0.05270323142498803,0.001273112229365018,0.04687594162338886,0.4676807040098617,0.23541575663867956,0.017577860453068424,0.15379733917886132,0.8306849748115296,0.732972896404447,0.04371365134777105,0.5620069691774476,0.7200162474256544,95,0.7382401315789474,0.9374512643422078
297,3,1.0,0.00010000000000000002,0.858,-0.0019000000000000128,13,0.125,0.050478648743977034,0.0012193769899103198,0.04266759196099426,0.5431122805726057,0.23017381382888322,0.017174931930851792,0.2960537480163652,-0.6930219105911487,0.7432132639001956,0.043998154450890045,0.8281788771186364,-0.056823646469869246,95,0.7294819078947369,0.9241869116735246
297,3,1.0,0.00010000000000000002,0.858,-0.0019000000000000128,5,0.125,0.04449239143444795,0.0010747712090395873,0.03861263757830431,0.49691232964572896,0.31903950642872797,0.02380584357106554,0.3718567616531289,-0.5333454577083925,0.6274896967820265,0.037147330297196135,0.4954817874940708,0.6222312489311758,95,0.7342105263157894,0.9292674731182796
297,3,1.0,0.00010000000000000002,0.858,-0.0019000000000000128,3,0.125,0.05212812415435849,0.0012592221999325475,0.042405421316491665,0.6075406978822906,0.14387536211801444,0.010735580689211625,0.16337350586018687,0.05466772201564606,0.6180472815833947,0.036588340216585004,0.3801398503523257,0.8534571101776242,95,0.7369243421052631,0.9377859613882379
297,3,1.0,0.00010000000000000002,0.858,-0.0019000000000000128,16,0.125,0.05680623065124292,0.0013722279075057218,0.047702858809060306,0.5701229518571318,0.31758479643119036,0.023697297143601758,0.24274414346958328,0.9055800329819158,0.44636729715102397,0.026424901486303946,0.4594429869339111,0.3239707118174438,95,0.7155016447368421,0.9278202402160796
297,3,1.0,0.00010000000000000002,0.858,-0.0019000000000000128,15,0.125,0.04524519769065048,0.0010929562169491626,0.0466899393674927,0.1835793691249811,0.7138926680309179,0.053268691930700496,0.7782947547804129,-0.7257108521720567,1.3230886005523856,0.07832671916244646,1.4282690934905629,-0.21283552615233053,95,0.6644736842105263,0.8876237623762376
297,3,1.0,0.00010000000000000002,0.858,-0.0019000000000000128,14,0.125,0.05358002687189583,0.0012942947862518185,0.054995716255581424,0.14636388085304697,0.7157286664730318,0.05340568904494173,0.6470658987551362,0.8229317059330431,1.215004457314079,0.07192814817498122,1.079511899428441,0.5269233167047577,95,0.7250822368421053,0.9479414766927526
297,3,1.0,0.00010000000000000002,0.858,-0.0019000000000000128,11,0.125,0.04577857152896154,0.001105840551249697,0.03488869886400968,0.672078066411682,0.40796974134331615,0.030441571179889864,0.345404531310186,0.7793407192948076,0.6896248569573967,0.04082572586279769,0.53444911743388,0.6590371689904394,95,0.7693256578947368,0.9483164083377873
297,3,1.0,0.00010000000000000002,0.858,-0.0019000000000000128,18,0.125,0.051934857477770824,0.0012545535936165839,0.04818169518371022,0.37742773819013853,0.3713548561411449,0.027709469944991127,0.2976435201695857,0.8904108268661376,0.9452004000557556,0.05595577367720502,0.7050568677264785,0.8160930708455663,95,0.7550986842105263,0.953877150947506
298,3,1.0,0.00010000000000000002,0.8583,0.00029999999999996696,1,0.125,0.05026963872368486,0.0012143303278699775,0.050447316247206164,0.1281082142360135,0.7853682972170271,0.058722065703219056,0.817669300902266,-0.5941865352963575,1.876046537006113,0.11054668666726591,1.7997977220246608,0.5283630297034287,95,0.6280427631578948,0.8850333900746367
298,3,1.0,0.00010000000000000002,0.8583,0.00029999999999996696,8,0.125,0.04423395339714129,0.0010685302798173462,0.04117678611403478,0.3685502150929275,0.2852552591260309,0.02132856409909132,0.24114964548800197,0.8668729173197158,0.3332839216465487,0.01963886957532257,0.3887628270461144,-0.16235558048091572,95,0.7155838815789474,0.9234040108027352
298,3,1.0,0.00010000000000000002,0.8583,0.00029999999999996696,16,0.125,0.05204832598584993,0.0012572968965798776,0.04741802963288039,0.44866754697199895,0.2756353946475437,0.020609285875150374,0.23402392175811895,0.8277179695228924,0.46132017202585535,0.02718344961293744,0.37141556849745444,0.6956565292076058,95,0.7191611842105263,0.9302458547741567
298,3,1.0,0.00010000000000000002,0.8583,0.00029999999999996696,14,0.125,0.05380099730651556,0.001299635015442654,0.052724833019822406,0.20677676057175118,0.6870750077906334,0.05137266667560947,0.6502656461948556,0.7202635670007003,1.0285423357659396,0.06060721046791636,1.0548814292690731,-0.09961932080321789,95,0.7236842105263158,0.9471590909090909
298,3,1.0,0.00010000000000000002,0.8583,0.00029999999999996696,7,0.125,0.048007800293564,0.001159692596782734,0.043551533565069744,0.4477396687997824,0.17569932872665048,0.013137056285640667,0.15595206169586637,0.5043108603532657,0.29480538177306764,0.017371508394828705,0.34850355410939576,-0.12251257893459291,95,0.7733141447368421,0.941138937629606
298,3,1.0,0.00010000000000000002,0.8583,0.00029999999999996696,3,0.125,0.04539262128384875,0.00109651945162126,0.037302726819806634,0.6767682019796055,0.1486971943523347,0.011118104012580485,0.18230408746166046,-0.5355335514777813,0.2532355608831122,0.014921992418498054,0.34133642148185195,-0.37248621476280785,95,0.7433799342105263,0.940206869848996
298,3,1.0,0.00010000000000000002,0.8583,0.00029999999999996696,5,0.125,0.039318995926322375,0.0009498029113989517,0.037606472592061596,0.29830760668758816,0.3482212996641825,0.026036541213338312,0.3874753932570596,-0.7140655021776928,0.4905749475569049,0.02890729731093385,0.5513462895836905,-0.2650276185705744,95,0.7362664473684211,0.9342678431810566
298,3,1.0,0.00010000000000000002,0.8583,0.00029999999999996696,12,0.125,0.04098815820833336,0.0009901237577914204,0.04589705896336611,-0.19527208807443527,0.1927517702393844,0.014412069033748004,0.15330224762015535,0.8104669067214065,0.530829431284351,0.03127930659310873,0.451589480934804,0.6228838361524303,95,0.7362253289473685,0.9222563529740296
299,3,1.0,0.00010000000000000002,0.8583,0.0,13,0.125,0.0490475783327702,0.0011848124966197511,0.0439421386232359,0.4631010449772862,0.29289173845320426,0.02192817562251276,0.13001929823099098,0.9447238009494698,0.6656398923607998,0.039474124186086944,0.38236142657535616,0.8406403036814593,95,0.7337582236842105,0.9297282151863268
299,3,1.0,0.00010000000000000002,0.8583,0.0,8,0.125,0.042414949306266714,0.0010245921142243623,0.04177619563115869,0.23101767924414413,0.23097358217553768,0.017292496199633463,0.4121734733535111,-0.9252206154534522,0.25805984478838845,0.0153035995551445,0.6487473253792545,-0.7511169595075008,95,0.7164473684210526,0.9224058769513315
299,3,1.0,0.00010000000000000002,0.8583,0.0,11,0.125,0.040143354237437645,0.0009697185747695047,0.041774872516824046,0.1008478052961653,0.3569048340859997,0.026720698657097815,0.5213613086649275,-0.8055041654255733,0.7224239451635496,0.04284156171176651,1.1063813125222552,-0.8255059149246979,95,0.7741776315789474,0.9501805821117485
299,3,1.0,0.00010000000000000002,0.8583,0.0,1,0.125,0.05107027040932486,0.0012336734379868508,0.04281569309360717,0.6251209532966048,0.8236420000096263,0.06166430819001871,0.6471958991537718,0.9481335873343674,1.843759809632949,0.1093396061895241,1.457556739789189,0.9172805342473828,95,0.6329358552631579,0.8805950756837524
299,3,1.0,0.00010000000000000002,0.8583,0.0,3,0.125,0.042644461592064406,0.0010301363028180565,0.043744499226235745,0.12271734733655479,0.22460379823542914,0.01681560415189659,0.19728892353434743,0.5565471941903182,0.5777765479260686,0.03426360629281507,0.9094247635270136,-0.6137321280274053,95,0.7431332236842105,0.9404083439384717
299,3,1.0,0.00010000000000000002,0.8583,0.0,2,0.125,0.053801270355102196,0.0012996445414340308,0.050337463528275325,0.3571546781129363,0.17921995956803885,0.013417813589492858,0.15781428059857797,0.6338840017388339,0.7764651221846351,0.04604633978678062,0.4867178440561223,0.8236629666860051,95,0.7096217105263158,0.9300614207903581
299,3,1.0,0.00010000000000000002,0.8583,0.0,6,0.125,0.05860824443414614,0.0014157636884617902,0.051518528911562896,0.5477451188350216,0.3258617514166287,0.024396569706813653,0.16151129798423516,0.9402006124462429,1.0318899121628164,0.06119367394676325,0.6599030859622067,0.9150320592316914,95,0.6541529605263158,0.910868062103212
299,3,1.0,0.00010000000000000002,0.8583,0.0,9,0.125,0.03946841430079528,0.0009534144615271322,0.04061057758135601,0.1353658303579894,0.42218327568859276,0.03160795542775714,0.24206524174641167,0.9734180765144237,0.8765721926296015,0.0519829415079227,0.5402530478666262,0.8754531044527961,95,0.7274671052631579,0.9203594845127742
300,3,1.0,0.00010000000000000002,0.8587,0.00040000000000006697,15,0.125,0.044185410182447996,0.0010673627747729638,0.037469166861125947,0.6155384290976261,0.7176960838187538,0.053588899471121006,0.635954813213627,0.9552273241040511,1.0201101364050629,0.0610194449257049,1.0553061371148431,-0.09561413554888513,95,0.6659950657894737,0.8901648453417299
300,3,1.0,0.00010000000000000002,0.8587,0.00040000000000006697,17,0.125,0.050640289731401784,0.0012232897678176814,0.05093728120924638,0.1096890676529209,0.3194052144794957,0.023849334440030387,0.2500899691257663,0.852435417903059,0.4090429725756664,0.024467529776036466,0.3078485214374158,0.6992238887252101,95,0.7181743421052632,0.922649719454941
300,3,1.0,0.00010000000000000002,0.8587,0.00040000000000006697,11,0.125,0.0415102964270685,0.001002741515651793,0.03962323726601263,0.29897125022109566,0.5128021940168678,0.03828989156178831,0.5891765312081457,-0.8690630904995462,1.0136413761132854,0.06063250615480637,0.9337764433305553,0.49783842483987784,95,0.7747532894736842,0.9489438488483176
300,3,1.0,0.00010000000000000002,0.8587,0.00040000000000006697,1,0.125,0.046695902237458974,0.0011280073575621133,0.04132661152877626,0.5217284888616264,0.6397441921659351,0.04776839106993324,0.5637153295421682,0.8977892473907829,1.4757360558481443,0.08827340477376311,1.5088784551352101,-0.11227738650218157,95,0.6376233552631579,0.8838589024311602
300,3,1.0,0.00010000000000000002,0.8587,0.00040000000000006697,16,0.125,0.05255485224913124,0.0012695388068774522,0.05279208232432463,0.10937742712175777,0.4320044442195471,0.03225688875042719,0.5038539892767705,-0.8041506355827945,0.7614548486594117,0.04554758407256361,0.755273068269122,0.15706531480455613,95,0.7180921052631579,0.9295693999083829
300,3,1.0,0.00010000000000000002,0.8587,0.00040000000000006697,8,0.125,0.04305798657810743,0.0010401282197081902,0.03913076410957796,0.4356283574806565,0.3556240791572217,0.026553723027251595,0.41969260983603357,-0.6900162063367281,0.6126321244075373,0.036645525655437244,0.4922188622896052,0.7269895401113446,95,0.7160361842105263,0.9247731710118295
300,3,1.0,0.00010000000000000002,0.8587,0.00040000000000006697,9,0.125,0.03949036801997023,0.0009539472104605384,0.043831254356291864,-0.17337578546888008,0.2741611438366992,0.020471052172639025,0.22252169978756214,0.7002703671189309,0.4494287222895329,0.026883265040792283,0.5275608427792227,-0.2362970614092042,95,0.7275493421052631,0.9211031988244602
300,3,1.0,0.00010000000000000002,0.8587,0.00040000000000006697,3,0.125,0.043257923665899776,0.001044957990529031,0.03901321596981789,0.4564818869171987,0.19338727657807803,0.014439832621622137,0.21041837600507335,0.016129151915530195,0.8645457723086856,0.0517141250307049,0.7625311409404526,0.6155523029652641,95,0.7442023026315789,0.9399414332283551
