round,phase,gate,lr,acc,delta_acc,client,fedavg_weight,params_update_norm,params_update_relative,params_distance_to_fused,params_cos_to_fused,bn_mean_update_norm,bn_mean_update_relative,bn_mean_distance_to_fused,bn_mean_cos_to_fused,bn_var_update_norm,bn_var_update_relative,bn_var_distance_to_fused,bn_var_cos_to_fused,local_steps,a_ratio,a_prec
1,1,0.0,0.14999588770241343,0.1,nan,1,0.125,14.33662857837709,0.2558972812762775,12.742755952653539,0.4612192693906043,43.82207926963713,nan,30.45873107614263,0.7194009405690508,105.43573892027214,3.1955507100218923,82.71787557611005,0.8199510074796976,95,0.03248355263157895,0.6708860759493671
1,1,0.0,0.14999588770241343,0.1,nan,17,0.125,14.945639203878088,0.2667676307787483,12.717252099523824,0.526415621235981,43.65612174238083,nan,31.401899883950815,0.6965631370331175,142.0873516949139,4.306389296869742,79.26434891935948,0.8454302098755686,95,0.0900904605263158,0.2601551802829758
1,1,0.0,0.14999588770241343,0.1,nan,2,0.125,14.887837082446204,0.26573590943327596,13.125613582208178,0.4724493481116873,46.50300305054492,nan,36.15219327914464,0.6327574914716039,220.23750688355003,6.674967413348908,137.01562683129845,0.7966480331550357,95,0.038116776315789476,0.24919093851132687
1,1,0.0,0.14999588770241343,0.1,nan,5,0.125,14.406257093253227,0.2571400942262469,12.244778059691082,0.5270882287464429,43.01643669374749,nan,29.399769220622492,0.7305331893210556,109.21173611937215,3.3099937883764623,79.59406812445194,0.833778440919649,95,0.060485197368421055,0.38613188307273966
1,1,0.0,0.14999588770241343,0.1,nan,11,0.125,14.530094349410355,0.2593504895781302,12.487790153364822,0.511251908220364,51.13536028709396,nan,33.57687253301421,0.7647667821799747,190.81983037666717,5.783375264316324,101.27940545884205,0.8539346555022063,95,0.041036184210526315,0.6703406813627254
1,1,0.0,0.14999588770241343,0.1,nan,0,0.125,15.867446873039427,0.28322115575558854,13.739031541228178,0.5017032725926925,53.724489379097726,nan,40.68355667378755,0.6548293790654609,388.3052340987258,11.768770999629446,295.0131557305529,0.7581106535294901,95,0.046875,0.7526315789473684
1,1,0.0,0.14999588770241343,0.1,nan,18,0.125,13.890533009466544,0.2479348344116238,12.056731088485304,0.49764802947741676,43.37025825392475,nan,29.89980046851614,0.7248962248873879,130.99463123410138,3.970190669083501,87.58641009359971,0.7991166514018458,95,0.04847861842105263,0.4775233248515691
1,1,0.0,0.14999588770241343,0.1,nan,6,0.125,14.638479707369703,0.2612850809836567,12.580152999845499,0.5113921405715959,45.98457072382945,nan,32.47992324355186,0.7078926682811358,132.06669339523162,4.002682773139203,81.89434405834882,0.8256330563189211,95,0.07360197368421052,0.5078212290502794
2,1,0.0,0.14998355126061338,0.2229,0.12289999999999998,18,0.125,11.190450500596977,0.20092343613993227,10.043849719575519,0.4544956293773616,20.87931281304088,0.6398244562342741,19.30448972199325,0.44108161316359684,91.666972521543,0.536462558916625,48.10449706776501,0.8519000877747368,95,0.08651315789473685,0.5465779467680608
2,1,0.0,0.14998355126061338,0.2229,0.12289999999999998,7,0.125,12.092698314454584,0.21712320673901062,10.265343558408073,0.5286079086096254,28.862206745430655,0.8844517969519733,24.486134150024164,0.5319429884749465,106.05668807026068,0.6206754811175107,77.26977498994468,0.6853251948728436,95,0.03149671052631579,0.5809399477806788
2,1,0.0,0.14998355126061338,0.2229,0.12289999999999998,15,0.125,12.276545637812495,0.22042416731537257,10.348227736498007,0.538556182542241,32.37057027387134,0.9919618863383775,27.812780278458753,0.5198453459895263,159.90839476202805,0.9358317863735138,142.09892320156658,0.4587484102123804,95,0.023355263157894737,0.24471830985915494
2,1,0.0,0.14998355126061338,0.2229,0.12289999999999998,14,0.125,12.205758654964123,0.21915319401299171,10.803585289169742,0.4680055425519294,27.15318988997972,0.8320807831151991,24.198885042232458,0.45673670459888,93.39705013094371,0.5465874908952102,55.61217391123781,0.8034011099457867,95,0.14921875,0.42325709561862773
2,1,0.0,0.14998355126061338,0.2229,0.12289999999999998,17,0.125,11.359438702701663,0.20395760265826604,10.090188506322164,0.4677794163312941,22.928006238934486,0.7026044992821661,21.520417991317146,0.40054006878384407,90.36758795130422,0.528858171508682,47.12196090606707,0.8536050766417382,95,0.14720394736842105,0.28324022346368716
2,1,0.0,0.14998355126061338,0.2229,0.12289999999999998,3,0.125,12.675570703824299,0.2275886230595607,10.544217118591115,0.5581946186399791,28.527419527734665,0.8741925967841051,24.151667787363674,0.5344579838952206,86.44626094320421,0.5059093922128476,45.32165373631825,0.8517014056128952,95,0.14469572368421052,0.40011366865586817
2,1,0.0,0.14998355126061338,0.2229,0.12289999999999998,1,0.125,13.48324629879639,0.24209035878677737,11.268995116471315,0.5559668825364262,30.18903521924147,0.9251110520900028,25.07916196660091,0.5671095444788086,92.79577019097805,0.5430686207247852,46.839601795169955,0.8651178307068095,95,0.06422697368421053,0.6350832266325224
2,1,0.0,0.14998355126061338,0.2229,0.12289999999999998,10,0.125,12.441493868962892,0.2233857965532816,10.390857855294492,0.5517237403991919,30.28149512263723,0.9279443880308637,26.089907126490516,0.5103842312846996,91.16631359016563,0.5335325530041023,58.68291271303503,0.7673023665039188,95,0.0884046052631579,0.7679069767441861
3,1,0.0,0.14996299202742988,0.3347,0.11180000000000001,8,0.125,10.96657965924843,0.1967131357356254,10.111962725816968,0.41182992309309585,24.438736587790647,0.6773907135498451,24.17731717981735,0.3485070202904632,55.377383333834295,0.44139815377860303,46.75304566689776,0.5727598171674885,95,0.24054276315789475,0.33076923076923076
3,1,0.0,0.14996299202742988,0.3347,0.11180000000000001,2,0.125,12.742954361910073,0.22857687528429332,10.526134109822086,0.5717677963079603,30.42174202450869,0.8432271227845104,21.68572083296292,0.7274647472676528,67.8321225601776,0.5406715135753458,44.46293501643189,0.7670977223866946,95,0.1079358552631579,0.32571428571428573
3,1,0.0,0.14996299202742988,0.3347,0.11180000000000001,6,0.125,10.81054276400077,0.19391422231791886,9.631728978679048,0.4642034169721811,25.44557939365923,0.7052982923336265,21.947417227036816,0.5197987311009252,51.24914032294641,0.40849304462293057,41.5277341241242,0.6236979082085533,95,0.13540296052631579,0.49286365016702094
3,1,0.0,0.14996299202742988,0.3347,0.11180000000000001,1,0.125,11.979484843130146,0.2148821329175506,10.734280806531892,0.44773447776345987,24.791103399999095,0.6871575853149107,22.90205546839029,0.4395870979018122,49.70997035183615,0.3962247368283215,41.13193332560433,0.6142521654500412,95,0.12113486842105263,0.654786150712831
3,1,0.0,0.14996299202742988,0.3347,0.11180000000000001,17,0.125,12.176544466336258,0.21841689194107752,9.924936931874408,0.586035764339417,32.78328484344259,0.9086841552890195,24.68403654616488,0.6846622915359292,79.95353913962839,0.637288048652437,55.84894984745213,0.7454215009372839,95,0.15731907894736843,0.3374281233664401
3,1,0.0,0.14996299202742988,0.3347,0.11180000000000001,4,0.125,12.626192738207523,0.2264824624549713,10.44775258921288,0.5684416876638353,29.87611666515566,0.8281035279057274,22.879735245128813,0.6520760156928418,77.62656418580752,0.6187403602881508,54.968581167521684,0.7273673783393045,95,0.12088815789473684,0.5149659863945578
3,1,0.0,0.14996299202742988,0.3347,0.11180000000000001,5,0.125,11.42449447342882,0.20492698743744164,10.208530276600646,0.45519817922860856,25.214564148428586,0.6988950324414659,22.3788833444116,0.4869461036600603,50.394452190777365,0.40168055654775997,41.58122078021686,0.613159989017677,95,0.10941611842105263,0.44983089064261556
3,1,0.0,0.14996299202742988,0.3347,0.11180000000000001,11,0.125,11.910369563809681,0.2136423768819569,9.816282141758148,0.5695787821631852,31.77083059968367,0.880621039172,24.28239399724404,0.6622359021440853,71.90883688136462,0.5731659014738676,52.12140364784765,0.6960596777310333,95,0.1472861842105263,0.7934115019542155
4,1,0.0,0.14993421225741435,0.3128,-0.021899999999999975,6,0.125,11.21358337780813,0.20050567759194043,9.449176656895244,0.5385557464342275,23.529210437526483,0.5877441343011265,20.313121023802182,0.5117704228111108,43.23031559015263,0.33728519320663836,34.09614592320225,0.6647673284467877,95,0.18589638157894736,0.5032072550320725
4,1,0.0,0.14993421225741435,0.3128,-0.021899999999999975,16,0.125,12.133907754159269,0.21696163609043911,9.479175206249332,0.6377337423957756,28.136503317330313,0.7028312670505208,21.699737518083918,0.6555041874828309,101.66540980984195,0.7931988680174135,78.83953002957918,0.7058796582977699,95,0.18618421052631579,0.33458480565371024
4,1,0.0,0.14993421225741435,0.3128,-0.021899999999999975,14,0.125,11.224779585445052,0.20070587258073805,10.028393159159359,0.45820496592198307,22.74542533824914,0.5681657002573656,19.340154847438985,0.5330250337288054,48.155386358082936,0.3757108540615439,37.643953224061484,0.6479603531002809,95,0.2625,0.4642857142857143
4,1,0.0,0.14993421225741435,0.3128,-0.021899999999999975,19,0.125,10.860986033274974,0.19420102304033196,9.64963549017502,0.46920457952650685,21.34523279174311,0.5331898153552289,20.282906644146752,0.40268034683180937,43.13363187991636,0.33653086182039227,38.711117402486344,0.5656414963836627,95,0.14296875,0.5565142364106989
4,1,0.0,0.14993421225741435,0.3128,-0.021899999999999975,0,0.125,11.112142487459066,0.19869185289650712,9.876510355704953,0.46655700833275227,24.335535569993276,0.6078856034849414,21.644863095997692,0.4695241825162345,52.344535419728714,0.40839481510462394,39.48011794240232,0.6633749220539563,95,0.17705592105263157,0.7944728286112401
4,1,0.0,0.14993421225741435,0.3128,-0.021899999999999975,10,0.125,12.702265171377984,0.22712421171094685,10.609025380371294,0.5543320747493996,27.68183162969184,0.6914738686307207,22.817470973573965,0.5696144549774423,72.6359569956399,0.5667095521875876,57.2812710686678,0.6192187392092208,95,0.16788651315789474,0.7732059759980406
4,1,0.0,0.14993421225741435,0.3128,-0.021899999999999975,8,0.125,12.122967023288727,0.21676600918130226,9.902868643128711,0.5815136806540484,29.43926415067801,0.735373372117343,23.121169713215465,0.6401620482237838,66.3141485590478,0.5173864706684457,47.90634219007228,0.6987201811592871,95,0.2770559210526316,0.327842089640843
4,1,0.0,0.14993421225741435,0.3128,-0.021899999999999975,12,0.125,11.570170874658688,0.2068816784890605,9.920593655261884,0.5148899889727662,26.11743467976806,0.6523962661978814,21.346401990852364,0.5775617500334015,49.28370552038657,0.3845140594386294,34.73450687470874,0.7150919412763556,95,0.1435032894736842,0.4487106017191977
5,1,0.0,0.149897215106593,0.2616,-0.05120000000000002,7,0.125,13.151085749344565,0.23419924678934254,10.485648180349143,0.6209545405583285,34.73507463996527,0.848866376620614,24.188208237062998,0.7473200857295718,208.17481421466664,1.63232022227504,138.81282450711345,0.851244665944643,95,0.10275493421052631,0.5054021608643458
5,1,0.0,0.149897215106593,0.2616,-0.05120000000000002,6,0.125,9.861993719596294,0.17562591750919043,9.482250728694487,0.3763216675371024,21.681506398882988,0.5298592839446641,22.78440840323346,0.3713240589796747,41.11006558092079,0.3223482708027911,96.00685776165352,0.1137976442790718,95,0.22393092105263157,0.5229526257803893
5,1,0.0,0.149897215106593,0.2616,-0.05120000000000002,1,0.125,12.819526362769388,0.22829471844226573,10.808025590137966,0.540387985215679,31.412374801112602,0.7676652218213226,24.012811444638306,0.646688074330779,79.63685556687054,0.6244408108185112,67.80980494571959,0.6944609643544638,95,0.13745888157894737,0.6643733173795991
5,1,0.0,0.149897215106593,0.2616,-0.05120000000000002,8,0.125,8.94008889196989,0.15920830603917754,9.22302330628183,0.3033472477674634,17.91088178886082,0.4377116066046152,23.210277395763583,0.19767902866645903,42.71353362588121,0.33492122937818214,101.75386206921229,-0.018589366766490045,95,0.3794407894736842,0.3241222366710013
5,1,0.0,0.149897215106593,0.2616,-0.05120000000000002,11,0.125,12.218901396299417,0.21759857384772896,10.15363921706309,0.5582929160136919,37.00176301468689,0.9042604003134311,26.733894523732143,0.7253399493732859,106.32560894136226,0.8337100829196546,66.11536997015907,0.7866934065154133,95,0.2196546052631579,0.7961437663796331
5,1,0.0,0.149897215106593,0.2616,-0.05120000000000002,2,0.125,15.098603335403853,0.26888133771760037,11.87383143235416,0.6679751183442465,39.68792848725537,0.969905733606571,27.566737433226173,0.784440705251723,312.71946691094325,2.452065643307966,232.68539983673946,0.9086253291997759,95,0.11167763157894736,0.3486745213549337
5,1,0.0,0.149897215106593,0.2616,-0.05120000000000002,18,0.125,11.955171897706718,0.2129019844479055,10.045099631667135,0.5426018989509144,32.036579128595655,0.7829197180685192,24.00302917250518,0.667496634765743,140.64294767171273,1.1027958808128127,93.3157784022741,0.7554286836059172,95,0.10711348684210527,0.581573896353167
5,1,0.0,0.149897215106593,0.2616,-0.05120000000000002,10,0.125,11.18369293773969,0.19916321072368212,10.042875236098492,0.4525878521225047,25.207296456267514,0.6160236196128365,22.71489284209818,0.49789689199698234,49.93579834355502,0.3915517530741265,82.66806975803094,0.4421782873271237,95,0.21796875,0.7585361252593851
6,1,0.0,0.14985200463212037,0.4375,0.1759,19,0.125,11.319844882803189,0.20100228444303886,9.600395042893586,0.5330542917198579,23.7182751483547,0.5421560061894793,18.095551509585984,0.652468026657347,96.21786124774341,0.5388396607682893,29.863554112414892,0.9506945821419697,95,0.19136513157894736,0.6024924795874517
6,1,0.0,0.14985200463212037,0.4375,0.1759,0,0.125,11.570228831965645,0.20544825930316965,9.422358274382928,0.5948739721057716,27.215592371834322,0.6220982248541835,20.973789227563625,0.6587926847737774,104.06968437732569,0.5828114728278299,51.22412860714979,0.8704814731635895,95,0.23511513157894737,0.8149702693249388
6,1,0.0,0.14985200463212037,0.4375,0.1759,14,0.125,11.604334222345207,0.20605385606258533,9.555678842272352,0.5791701123958446,22.721408472314483,0.519369473340659,17.714348648871855,0.627415991131504,92.48737608996315,0.5179481825037316,32.31589375628484,0.9377585546408441,95,0.30542763157894737,0.4970382337102854
6,1,0.0,0.14985200463212037,0.4375,0.1759,9,0.125,10.596227575449381,0.18815328047288749,8.954805141365354,0.5353743556194034,22.66062792813544,0.5179801422497587,16.522570949899137,0.6918262001476195,97.82849703986841,0.5478595499301911,22.951468362124434,0.9734006400322827,95,0.23067434210526316,0.379144385026738
6,1,0.0,0.14985200463212037,0.4375,0.1759,2,0.125,9.937789997943486,0.1764616487754528,9.47226524337636,0.3548938016384245,19.020575417670386,0.4347752582921402,16.92595618581992,0.4996888740934239,91.82906632042572,0.514261513435245,28.076176305519606,0.9526050876262584,95,0.24029605263157894,0.35626283367556466
6,1,0.0,0.14985200463212037,0.4375,0.1759,1,0.125,10.00790904984131,0.1777067267566762,9.64578352030722,0.33456103143032756,18.73819964493198,0.4283206691521225,17.572609751222622,0.4414775491928461,91.89695513242648,0.514641704638355,28.02374722038061,0.9528302535276525,95,0.2325657894736842,0.6852899575671852
6,1,0.0,0.14985200463212037,0.4375,0.1759,18,0.125,10.078694026736786,0.17896362932093776,9.40607511974941,0.38752088638106497,20.160607713241472,0.46083429304183693,18.440907632168344,0.45491790679682764,94.36520633873391,0.5284644151564483,26.180445019302997,0.9607519393611235,95,0.20670230263157896,0.6069226178635369
6,1,0.0,0.14985200463212037,0.4375,0.1759,4,0.125,11.624624925093455,0.20641415054078516,9.490207368312626,0.5919182407450915,24.39216657450276,0.5575599207625468,18.0318852313462,0.6876263326709534,97.19912343349083,0.544334929281185,29.74131108650545,0.9523256201401918,95,0.2615953947368421,0.4795661741590695
7,1,0.0,0.14979858579183433,0.3511,-0.08639999999999998,7,0.125,10.675858057859333,0.18884563688464254,9.743078015357154,0.4161165938218218,19.71486591841108,0.4755049644299111,17.605054916060833,0.471667778175158,33.739475460573,0.27231565722020507,26.39282333113507,0.6455997632029054,95,0.2384046052631579,0.6181441876509141
7,1,0.0,0.14979858579183433,0.3511,-0.08639999999999998,17,0.125,9.530250105249506,0.1685809366368299,8.819613777286362,0.406367258448837,17.14123944893189,0.41343139173151716,16.196391761585524,0.4284113382980583,30.471646278435756,0.2459405864975746,27.785372577845504,0.5446158992226269,95,0.2765625,0.36678560808801663
7,1,0.0,0.14979858579183433,0.3511,-0.08639999999999998,3,0.125,9.937175722516283,0.1757790585059052,8.800173112741144,0.46859870262966513,20.84198941231571,0.5026901768018973,16.792249325792802,0.5924736621551139,34.050113163910495,0.2748228541812419,24.657499538703522,0.6982584060750003,95,0.3296875,0.49189324020952857
7,1,0.0,0.14979858579183433,0.3511,-0.08639999999999998,18,0.125,10.696597153819022,0.18921249149845373,9.02728155908061,0.5383625087640227,22.634511242899908,0.5459242029839264,17.478240449414248,0.6450802726905042,44.73258189670504,0.36104243685094345,32.71172312168969,0.6857711100917815,95,0.23766447368421054,0.6415224913494809
7,1,0.0,0.14979858579183433,0.3511,-0.08639999999999998,13,0.125,11.511440223087295,0.2036262798368741,9.69335257247892,0.5466106666919486,23.899011865100256,0.576422829039479,19.136031116755497,0.6077324267701031,43.910644167536326,0.3544084714481849,29.594438590246952,0.7488613306886504,95,0.2459703947368421,0.436308926780341
7,1,0.0,0.14979858579183433,0.3511,-0.08639999999999998,15,0.125,13.866376712478253,0.24528283603607598,11.57746982801995,0.5884219598421333,27.729993313813956,0.6688226812647521,21.90294242805639,0.649516732578726,54.63095470490061,0.4409334802023508,40.22471948690259,0.706480453893495,95,0.16159539473684212,0.36793893129770994
7,1,0.0,0.14979858579183433,0.3511,-0.08639999999999998,14,0.125,8.777711460468918,0.15526925350244478,8.791082259038449,0.297779138102377,15.745156654582576,0.37975912116089466,16.44621423475854,0.3242587165968497,30.311699951256706,0.24464963906548964,28.222346996708286,0.5269779297948871,95,0.3824013157894737,0.5492473118279569
7,1,0.0,0.14979858579183433,0.3511,-0.08639999999999998,5,0.125,11.136171571645887,0.1969881391740613,9.193372867842795,0.5730700278803149,23.84934666522872,0.5752249487598944,18.509707518501852,0.6458049434528005,53.9804752901441,0.4356833769651316,38.544207081107416,0.73578330738777,95,0.17796052631578949,0.541358595194085
8,1,0.0,0.1497369644437128,0.4971,0.14599999999999996,2,0.125,11.429020214289402,0.20155455997320912,9.99319973599784,0.48957243379077203,20.97179184502801,0.5073416019718545,16.989628099367508,0.588858444432107,36.10919939617285,0.29363792027419994,27.38581704447357,0.65194159910063,95,0.26258223684210524,0.3517068587535233
8,1,0.0,0.1497369644437128,0.4971,0.14599999999999996,13,0.125,9.520604473123573,0.16789901577566654,8.717839432982931,0.4133343463402925,17.07510398493666,0.41307441317216603,15.402659443949235,0.4698433691483029,30.42303001814834,0.24739831988397573,22.032730549055458,0.6961444401322451,95,0.3014391447368421,0.4500068203519302
8,1,0.0,0.1497369644437128,0.4971,0.14599999999999996,11,0.125,10.193102759137115,0.17975874596939992,8.860121876389261,0.4947602986310482,20.07339808981824,0.48560800236635904,16.03355460552901,0.6034127973354345,32.10971024954867,0.2611143059373384,23.109706564781117,0.6963414932117753,95,0.35526315789473684,0.850925925925926
8,1,0.0,0.1497369644437128,0.4971,0.14599999999999996,0,0.125,10.70760619804041,0.18883218466217624,9.36623454698843,0.4856944312370832,24.234625296346028,0.5862748262948632,19.820263519237272,0.5894078054984259,47.020547379550294,0.3823683707634075,39.397322072124304,0.5469730920289355,95,0.3495065789473684,0.8641176470588235
8,1,0.0,0.1497369644437128,0.4971,0.14599999999999996,3,0.125,9.2505628343044,0.1631367419616267,8.551276234201273,0.40098608624863513,16.134061189869378,0.390309064235771,14.974359656154755,0.44673968902867955,30.94826057832,0.2516694644103649,24.14209313415024,0.6406105292339928,95,0.3638980263157895,0.4914124293785311
8,1,0.0,0.1497369644437128,0.4971,0.14599999999999996,10,0.125,10.57972524732305,0.18657696170626906,9.87577180334425,0.36960513289283725,18.14464361606725,0.43894830863326484,16.609936934391325,0.43973750577901227,34.02375384905931,0.2766791977453251,24.940421326197352,0.6807338408126434,95,0.303125,0.7719750406945198
8,1,0.0,0.1497369644437128,0.4971,0.14599999999999996,19,0.125,12.076958413486766,0.21298116489475602,9.905009677023127,0.6081728089160621,26.592760360560032,0.6433219317584801,20.01231137747826,0.7256458373509628,52.97242463046108,0.4307686922025475,40.65720485797863,0.6792580433360254,95,0.25625,0.6556482670089859
8,1,0.0,0.1497369644437128,0.4971,0.14599999999999996,1,0.125,10.11758393904368,0.17842694654405655,9.283095740172277,0.4047101926118967,17.927457091512895,0.43369421493882315,16.16235197220201,0.4620949179645726,32.42020989397907,0.26363927108087704,25.005436174204927,0.644087925876737,95,0.2641858552631579,0.7106614785992218
9,1,0.0,0.14966714734523098,0.3836,-0.11349999999999999,15,0.125,11.133914101891957,0.1957482340004116,10.016634754877998,0.4374574408151142,17.74944571423183,0.4203786712387059,16.028667218123697,0.43534856546053613,27.861297423234966,0.23054510278308304,21.73373222417242,0.6258651602393768,95,0.23585526315789473,0.43357740585774057
9,1,0.0,0.14966714734523098,0.3836,-0.11349999999999999,17,0.125,9.622262544483267,0.16917149557053268,9.015847120272811,0.36592691302518626,16.98521039925438,0.4022784876388139,14.6955558508643,0.5021529980704219,26.9956182828244,0.22338182953807306,21.677898849751216,0.5991636759733927,95,0.3282072368421053,0.4004009020295665
9,1,0.0,0.14966714734523098,0.3836,-0.11349999999999999,11,0.125,8.840808788602661,0.15543255423626967,8.222613546215577,0.38893693722318723,16.158587319824356,0.3827007094174121,14.268250025683809,0.47611739106751155,26.845112163515218,0.22213642993522895,20.151053527988235,0.6607221622459153,95,0.4295230263157895,0.8592762780011488
9,1,0.0,0.14966714734523098,0.3836,-0.11349999999999999,16,0.125,9.93582212522071,0.17468426795422065,8.904645848762504,0.443899069312406,15.824282614477506,0.3747830217281637,14.225207640100852,0.452892945241859,24.820146378708515,0.20538035652275533,19.3359977061629,0.6328585945634978,95,0.3350328947368421,0.32535591556210114
9,1,0.0,0.14966714734523098,0.3836,-0.11349999999999999,1,0.125,9.388718001207783,0.1650654883310085,8.633776131499477,0.4018866076728065,15.720298167507964,0.3723202494055611,14.851899858667256,0.37978133227097144,27.16006745803964,0.22474260435866608,22.474327267145284,0.5684481851180454,95,0.3161184210526316,0.7180020811654526
9,1,0.0,0.14966714734523098,0.3836,-0.11349999999999999,18,0.125,11.614163171286114,0.20419161755393414,9.683049127418391,0.584274918038291,20.884757988403784,0.49463554826771655,16.383635275086927,0.6620557859265286,37.029872476437376,0.3064127138962748,31.447937699101747,0.5301772990667625,95,0.2878289473684211,0.6845714285714286
9,1,0.0,0.14966714734523098,0.3836,-0.11349999999999999,8,0.125,10.359824803884711,0.18213876911170834,8.800468606569346,0.5361490957472458,20.34038289735495,0.48174254410775746,16.283310328816,0.627349510772976,37.60162606020213,0.3111438284144994,30.78773460983997,0.5845267671060745,95,0.4326069078947368,0.34711529322307766
9,1,0.0,0.14966714734523098,0.3836,-0.11349999999999999,3,0.125,8.836653850901408,0.15535950519799266,7.791155946784713,0.4738001196018584,15.459662283138762,0.36614733738834815,13.119148407935434,0.5313739341556724,25.537748699616365,0.21131833199884031,17.456354960177624,0.7305950594967396,95,0.3888157894736842,0.4856175972927242
10,1,0.0,0.1495891421526205,0.479,0.09539999999999998,16,0.125,9.652208104729564,0.1693827303474928,8.666868614195852,0.44124987471953464,14.47281854748412,0.3470717456646633,12.658811418228183,0.48475883983196755,21.149006551631935,0.17768205166326628,17.78304656182546,0.5644670187138063,95,0.3917763157894737,0.3281905961376994
10,1,0.0,0.1495891421526205,0.479,0.09539999999999998,4,0.125,12.061119071601178,0.21165574314472,10.255562665948231,0.5859249301571654,19.42042731822375,0.46572003848285165,16.10693860362619,0.6151665825822134,33.29312437275992,0.2797100956203453,29.935321338971303,0.43820932728545053,95,0.33314144736842105,0.5119723525055542
10,1,0.0,0.1495891421526205,0.479,0.09539999999999998,12,0.125,9.924299206244477,0.1741575480034932,8.565838288075563,0.5190497675234917,15.237888046933223,0.3654188289129881,12.623689587159499,0.5719924307469735,24.003009337394346,0.20165977700884818,17.282730224666377,0.6963621481759823,95,0.3109786184210526,0.4659526642866587
10,1,0.0,0.1495891421526205,0.479,0.09539999999999998,11,0.125,8.94325619216936,0.15694161746103488,7.804609166945476,0.4906174561486976,16.058192999113558,0.38509051005764594,13.068270374713432,0.6066508961015153,23.026961271285117,0.19345957041829942,15.944516890220234,0.7238409437366881,95,0.42578125,0.8565910188314824
10,1,0.0,0.1495891421526205,0.479,0.09539999999999998,8,0.125,7.9028996486706475,0.13868481757020523,7.848618012995242,0.2642562187242654,12.933355741213088,0.31015398553346973,12.26415285862103,0.36238540715842693,21.796476093550343,0.18312172639771193,15.422851783106138,0.706637548562379,95,0.4939967105263158,0.34326618944564674
10,1,0.0,0.1495891421526205,0.479,0.09539999999999998,18,0.125,8.40434596670091,0.14748449796966165,8.18522817890839,0.29024576862747187,11.940719302274744,0.28634963391098806,12.156985523346604,0.2594432587823967,25.253100863699057,0.21216234253685146,18.713935078729822,0.6748829386638042,95,0.3463404605263158,0.706399145197673
10,1,0.0,0.1495891421526205,0.479,0.09539999999999998,1,0.125,9.35782276030232,0.16421667996064498,8.941409535325118,0.31442808952931967,14.841663504193106,0.35591699322888765,14.153178689786488,0.33082702903966216,24.787594823793604,0.20825142274824981,20.99143134263251,0.5378670449459187,95,0.3291118421052632,0.7137681159420289
10,1,0.0,0.1495891421526205,0.479,0.09539999999999998,3,0.125,8.05868119751261,0.1414185655161994,7.35351132589892,0.4159973520630948,12.547676459413388,0.30090503508461713,11.398386457952157,0.4346700292636682,22.7867484732575,0.1914414376665259,15.355877053249282,0.7420952677485889,95,0.4291529605263158,0.49592794864424644
11,1,0.0,0.14950295742002973,0.5396,0.06059999999999999,6,0.125,10.042424758985973,0.1760067072640059,8.982474517766173,0.4485557268842068,15.877206663519244,0.3871427685666613,13.630906015466591,0.5175260469512559,19.091023797718847,0.1658162121089184,17.707152935332854,0.434683412721894,95,0.2919819078947368,0.5718912829178989
11,1,0.0,0.14950295742002973,0.5396,0.06059999999999999,17,0.125,10.091108262661422,0.17685994972144367,8.744348986668053,0.508495824336745,16.892926271871048,0.4119096252057624,14.2024894735464,0.5587791450710634,23.48115669685546,0.20394697008725998,19.990424115643094,0.5246950730984244,95,0.35649671052631576,0.40657439446366783
11,1,0.0,0.14950295742002973,0.5396,0.06059999999999999,5,0.125,10.194328191121224,0.17866901477975838,8.880864030332782,0.499656747313475,15.646597419229181,0.38151969498806676,13.313657441759194,0.5309024169218741,20.629530912555936,0.17917900630937342,15.929677430301899,0.6360424151574069,95,0.3098273026315789,0.6221632382216323
11,1,0.0,0.14950295742002973,0.5396,0.06059999999999999,2,0.125,11.418281714823456,0.20012041070465644,9.752244666182467,0.5539009719574621,18.603189803096484,0.45361193295354413,15.340541217515565,0.6098491394219757,28.414450846242588,0.24679538710972507,24.45415262000256,0.5145001840678906,95,0.3548108552631579,0.38776219724185884
11,1,0.0,0.14950295742002973,0.5396,0.06059999999999999,3,0.125,7.248233029159792,0.12703482072923622,7.4350616084936325,0.24066325527242813,10.520830142846105,0.25653525808665223,10.860003377527427,0.28924045324683156,19.94030825423197,0.17319272229894886,15.479214717663849,0.6303937825789127,95,0.4514391447368421,0.5107933327261135
11,1,0.0,0.14950295742002973,0.5396,0.06059999999999999,9,0.125,10.26562024788695,0.1799185018774024,9.01096706387966,0.48598559151129145,15.48012110248177,0.3774604102831281,13.157135970196238,0.5318913090728172,22.24287960554799,0.19319184144683643,15.592013897274388,0.7330427439750511,95,0.3627467105263158,0.43255497619587396
11,1,0.0,0.14950295742002973,0.5396,0.06059999999999999,12,0.125,9.054520887344392,0.15869239207479707,8.582162787212017,0.34001450228634755,13.218984858662328,0.32232586652550166,12.42241001029411,0.37751364409064947,21.32875485018622,0.18525215702052544,16.06446290758407,0.6619959190998564,95,0.35764802631578946,0.4826396872844332
11,1,0.0,0.14950295742002973,0.5396,0.06059999999999999,16,0.125,8.406772076890647,0.14733974189336296,8.278671856554167,0.27744786471195665,11.747787517367575,0.28645284276966454,11.913770282286507,0.27894159476115465,17.933222669615482,0.1557600621888459,15.971324919949451,0.49743290565506665,95,0.4136513157894737,0.34920477137176936
12,1,0.0,0.14940860259858588,0.4563,-0.08329999999999999,6,0.125,8.841680627902958,0.15487947458405443,8.176854183478305,0.38437839708211136,12.980606433852312,0.3191253017385448,11.534346667066563,0.4598049151728538,18.19990274043936,0.15783864370493847,13.89478092618311,0.6468743904779852,95,0.33589638157894736,0.5867303219488309
12,1,0.0,0.14940860259858588,0.4563,-0.08329999999999999,4,0.125,10.179132701686596,0.17830758550396825,8.98998832512307,0.47906096655846825,15.943047080830489,0.3919562415075794,13.64328443633802,0.5345721869095307,20.013249835668383,0.17356489511183634,19.486364377149126,0.32446737106880796,95,0.3958470394736842,0.539212631141581
12,1,0.0,0.14940860259858588,0.4563,-0.08329999999999999,10,0.125,10.483680654315927,0.18364234355211861,9.610899903080842,0.40059740376001546,15.866310933331421,0.39006970050892237,14.46666196022576,0.41076051009958425,21.18770555885187,0.18375036154440638,16.838300482671976,0.6134449650626359,95,0.37619243421052634,0.790140999016286
12,1,0.0,0.14940860259858588,0.4563,-0.08329999999999999,1,0.125,8.856908971481236,0.15514622905658604,8.264217183891752,0.3667585363005902,13.142645025859894,0.3231089842291295,11.938340416044245,0.4228265439862328,19.907342758380462,0.1726464160586084,15.997491711874341,0.5963886769290727,95,0.3586759868421053,0.7461882379915167
12,1,0.0,0.14940860259858588,0.4563,-0.08329999999999999,14,0.125,9.14752138460752,0.1602368786453711,8.100680974965979,0.4664007528186122,14.07300857310618,0.3459817636523787,12.640748569619186,0.43974163385260756,19.599443975849727,0.16997616408385088,15.401112625682146,0.6208174139400855,95,0.4658305921052632,0.5773678171065407
12,1,0.0,0.14940860259858588,0.4563,-0.08329999999999999,5,0.125,8.870565088031055,0.15538544287182154,8.353337213396859,0.3482155056492186,11.792510852786029,0.28991623799147553,11.012679772269465,0.38867837970697544,19.159741151866935,0.16616284165238168,14.929566118021246,0.6286310864997595,95,0.3685032894736842,0.625530015621513
12,1,0.0,0.14940860259858588,0.4563,-0.08329999999999999,3,0.125,8.55790802552354,0.14990863777061275,7.546010528499973,0.4720511148533452,12.585398425518084,0.30940920137360056,10.730213512702125,0.5228201952164148,17.226246298118323,0.1493946088942987,14.25446479073597,0.5669216289827457,95,0.44268092105263157,0.5106817759613599
12,1,0.0,0.14940860259858588,0.4563,-0.08329999999999999,11,0.125,8.425400311084564,0.14758750380815364,7.439860113821652,0.46939634069113184,12.74454480767418,0.3133217795327929,10.598901858934742,0.5583089369525759,17.73034637410368,0.15376641644842876,13.24767580091686,0.6657633057143113,95,0.4944078947368421,0.8835662009314704
13,1,0.0,0.14930608803535828,0.5495,0.0932,19,0.125,10.525120306031432,0.18427282182444601,9.191738979994817,0.5139309538893285,16.322074848797687,0.4089964638125064,13.946443401542785,0.5520591525472668,25.178618913431475,0.21958567648207877,21.61497452599345,0.525657259993914,95,0.3512746710526316,0.6886339693316166
13,1,0.0,0.14930608803535828,0.5495,0.0932,9,0.125,10.37063546686673,0.18156811571047768,8.937108035247245,0.5397426657327891,15.00060623359667,0.375883272281208,12.359607236251518,0.6026568850694333,19.040979430491284,0.16605860565669722,15.281889877129204,0.5992149758792171,95,0.3941611842105263,0.4487794700605049
13,1,0.0,0.14930608803535828,0.5495,0.0932,16,0.125,8.699633375181035,0.15231236739062043,8.213088710605035,0.3401560422073056,12.81745375259173,0.32117811665815965,11.946876111936923,0.3736559887134351,16.046028324687047,0.13993928724372612,14.450322711567091,0.4687453204088097,95,0.4308388157894737,0.34901698797480435
13,1,0.0,0.14930608803535828,0.5495,0.0932,14,0.125,7.917753270180652,0.13862328364739235,7.559386415602932,0.32779350097762516,11.419591979868764,0.286150675157088,11.221555567166003,0.2940218338625555,17.036308958698463,0.1485756403206814,14.736647258939717,0.5108068750852487,95,0.4709703947368421,0.5911471974855945
13,1,0.0,0.14930608803535828,0.5495,0.0932,3,0.125,6.570171574620934,0.11502994937096994,6.743060368877191,0.23299340538072413,9.63872582245641,0.2415259587743744,9.907422717585598,0.26365587594679535,18.042735457279814,0.15735280336843643,14.154495655244002,0.6220909549859656,95,0.4862253289473684,0.5213530655391121
13,1,0.0,0.14930608803535828,0.5495,0.0932,17,0.125,10.152328151013272,0.1777460116444382,8.910392364464146,0.4978575144888234,15.153811769816974,0.3797222770113706,12.792792633901115,0.5618399442478325,22.325319781664103,0.19470172148005768,19.022649908731232,0.5273949912820094,95,0.4145970394736842,0.419418823762769
13,1,0.0,0.14930608803535828,0.5495,0.0932,6,0.125,8.433067715739014,0.14764536075899773,8.014879085068896,0.32918613382456813,12.344220956390402,0.30931990978192386,11.293544086738525,0.4102348109849688,15.973849038486748,0.13930980325801667,14.348930550179642,0.4727075661430372,95,0.3397203947368421,0.592713628661341
13,1,0.0,0.14930608803535828,0.5495,0.0932,12,0.125,8.747297561735703,0.1531468675104302,7.988386346589963,0.4076525516147096,11.829500603661556,0.2964221130208748,10.546143387966548,0.4555877252126737,17.982456694266435,0.15682710523545682,14.056217560485415,0.625793173441595,95,0.4082236842105263,0.495870265914585
14,1,0.0,0.14919542497222413,0.531,-0.01849999999999996,5,0.125,8.82849928304276,0.1546051149390709,7.903355931326487,0.4490283433437835,11.92630787633966,0.2973908320922677,10.410808607287546,0.495952594372523,16.50823294673356,0.14352797733640663,11.840513528427026,0.7091588524368049,95,0.39703947368421055,0.6427091963545982
14,1,0.0,0.14919542497222413,0.531,-0.01849999999999996,19,0.125,8.507377741542197,0.14898161866394913,8.175235460353013,0.2980627250341895,11.693816236135547,0.2915934903623963,11.003048128588958,0.3455944254432745,15.071858336344553,0.13103966661340488,13.013917489157995,0.517381292659411,95,0.3990953947368421,0.7077065732536575
14,1,0.0,0.14919542497222413,0.531,-0.01849999999999996,18,0.125,9.536565573872723,0.16700480675175672,8.487790338591608,0.46729845406322906,12.218466981733304,0.30467602381775705,11.003581245340888,0.43650867417112904,18.993706760584285,0.165137499710828,15.24942281249547,0.6050152990895922,95,0.39510690789473685,0.7415964200228952
14,1,0.0,0.14919542497222413,0.531,-0.01849999999999996,12,0.125,7.827504049445613,0.1370756370309738,7.361910746556411,0.3520671242051615,9.599866582195352,0.23937939054194862,9.078128499253495,0.3572594953466944,16.198779691179737,0.14083748950569094,12.5734128086096,0.6319939218069459,95,0.41126644736842105,0.5121975604879024
14,1,0.0,0.14919542497222413,0.531,-0.01849999999999996,8,0.125,9.959914883439032,0.1744185207439628,8.725384054080601,0.5075300582850316,13.892714560421284,0.3464245587136461,12.119748722046712,0.5167855501513297,19.95647178311919,0.17350809375202833,18.529013710666852,0.38322173405964427,95,0.5131578947368421,0.34799679487179486
14,1,0.0,0.14919542497222413,0.531,-0.01849999999999996,16,0.125,8.468118379583395,0.14829410678073093,7.904716687575741,0.36196779928168316,10.79820134355181,0.2692607063271874,9.684765401573399,0.4423128050359863,14.235751490839702,0.12377028019514624,13.44167870169269,0.415782923215218,95,0.4441611842105263,0.35558229957415294
14,1,0.0,0.14919542497222413,0.531,-0.01849999999999996,2,0.125,9.512841246835231,0.16658934516639662,8.740252116998997,0.3959162025866344,11.720094388587954,0.2922487544814094,10.99379536904645,0.3520219557689554,17.165842485186285,0.14924544977793303,13.880010544997681,0.5893668087769504,95,0.40859375,0.38331488376773676
14,1,0.0,0.14919542497222413,0.531,-0.01849999999999996,9,0.125,8.202375679386481,0.14364040750626003,7.991603164908154,0.27185955528305716,10.44431199135011,0.2604362277030319,9.685720116031684,0.38291439737361,16.76793687781746,0.14578592826640976,12.482466337183428,0.6763649251110585,95,0.42236842105263156,0.4430490654205608
15,1,0.0,0.14907662554463533,0.5453,0.01429999999999998,0,0.125,8.973806080200546,0.1572117077131628,8.149057469209419,0.420210677012769,12.004536317810217,0.3070647703757271,10.627216695492585,0.4678294042295366,19.8923844678086,0.17597815200306247,15.06878491538864,0.6916185024350004,95,0.5212993421052632,0.9081874112636062
15,1,0.0,0.14907662554463533,0.5453,0.01429999999999998,14,0.125,8.806919008081694,0.15428802055427246,7.991733827272394,0.42114696632635457,12.591470851492485,0.32207800479306486,11.399215538119336,0.42566097333845854,20.97444711910722,0.1855506286478416,18.142525787695103,0.5062451125410219,95,0.4905016447368421,0.6098583284432895
15,1,0.0,0.14907662554463533,0.5453,0.01429999999999998,3,0.125,7.5004240417898345,0.13139959362218478,7.001093130779094,0.3701273186112274,9.697977649953923,0.2480651648138996,8.610418799996625,0.46319112144630964,14.442548568568471,0.12776613137676507,11.351811109583165,0.6185361141039056,95,0.4819078947368421,0.5364334470989761
15,1,0.0,0.14907662554463533,0.5453,0.01429999999999998,13,0.125,9.785894546950308,0.171438649272952,8.768083467959842,0.45569477122086766,13.392111241603896,0.34255763441260684,11.786368074685598,0.48837737990466007,17.67190169207214,0.15633463183779092,16.338295434246835,0.39997946387706573,95,0.40452302631578946,0.46472860337466965
15,1,0.0,0.14907662554463533,0.5453,0.01429999999999998,6,0.125,8.220953470635175,0.1440225164883578,7.688784538559793,0.35924020399316403,10.84429658849577,0.2773869272145408,9.939154893581419,0.4041068776373345,14.350264553436386,0.12694974003521184,12.607841384684605,0.49867350914852104,95,0.3503289473684211,0.5982394366197183
15,1,0.0,0.14907662554463533,0.5453,0.01429999999999998,10,0.125,9.654620235107796,0.16913886046994162,8.974346169672016,0.36887750637931077,11.825209842244792,0.3024777674641619,10.74821629178173,0.41701311391675117,15.12087780887851,0.13376697689393158,12.251307259665111,0.5865639593450865,95,0.43359375,0.7941204362256994
15,1,0.0,0.14907662554463533,0.5453,0.01429999999999998,9,0.125,9.052008778985218,0.15858173729858502,8.24504758044815,0.4139610659055041,10.814440131981973,0.27662322708311293,9.656565539418974,0.4503712775510174,14.719562351725209,0.13021673621592791,12.453217585518601,0.5400220570727136,95,0.4346628289473684,0.4447072178601835
15,1,0.0,0.14907662554463533,0.5453,0.01429999999999998,5,0.125,8.000824772411965,0.14016609166091457,7.573569918563312,0.33637482688520504,9.913527533212754,0.2535787284914229,9.194517125390547,0.3909615128597896,14.992462498219021,0.13263094973261633,11.7091656742671,0.6246065978690362,95,0.42849506578947366,0.6529123884464063
16,1,0.0,0.14894970278028788,0.611,0.06569999999999998,12,0.125,8.38941706810698,0.1469777095409649,7.704462712920773,0.3957622003372042,9.73616411244705,0.25004886551732863,8.955536497930769,0.3942095925418133,13.87069832087893,0.12071029831902721,11.786269492241807,0.5375327662701901,95,0.43096217105263157,0.49422765003339375
16,1,0.0,0.14894970278028788,0.611,0.06569999999999998,9,0.125,8.002374325307041,0.14019694570846375,7.46011518421869,0.36500639917005473,9.00245230224496,0.23120532471021016,8.108390550182778,0.43565985493454534,14.366136332084654,0.12502186712023225,10.89623851942525,0.6525155635946542,95,0.46570723684210524,0.45973865442345047
16,1,0.0,0.14894970278028788,0.611,0.06569999999999998,3,0.125,6.778237770673649,0.11875078496752657,6.687516571349641,0.27102384206191615,8.709665755419136,0.22368583931257416,8.222430016355016,0.35423704969047787,13.830762838001517,0.12036275820676116,9.842661280008283,0.705181232014129,95,0.49461348684210527,0.5646354642946213
16,1,0.0,0.14894970278028788,0.611,0.06569999999999998,1,0.125,8.83060783723979,0.1547071153138965,8.054035934966409,0.41177675653207224,10.491294895498257,0.26944249872219345,9.428199596461273,0.440348511559707,15.799819151906716,0.1374985483133547,13.570685428899747,0.5144939947217416,95,0.3921875,0.7800377437617949
16,1,0.0,0.14894970278028788,0.611,0.06569999999999998,17,0.125,8.491756234333824,0.14877063223466855,7.784522621532767,0.3996802816983725,10.51939941989004,0.2701642926811803,9.705116369911838,0.38604306786821446,15.736527225504608,0.13694774783161656,12.861426528631043,0.5763055608778431,95,0.4645970394736842,0.42313479068944154
16,1,0.0,0.14894970278028788,0.611,0.06569999999999998,5,0.125,7.871588534078999,0.13790565468321758,7.42466496685022,0.34130640005685686,9.833055154130534,0.25253726801054194,8.929444531518362,0.4188503213578358,15.519433212794615,0.13505847863757375,11.313401054889486,0.6951636324616545,95,0.4522203947368421,0.6624840880160029
16,1,0.0,0.14894970278028788,0.611,0.06569999999999998,15,0.125,11.605654898506796,0.20332432645291115,10.389659482272092,0.49107387890985976,13.570095662595152,0.34851374588638784,12.353508938541438,0.4310902448686631,15.767242387077312,0.13721504773466306,14.01930957237823,0.4678387607663167,95,0.3555509868421053,0.4180640684630508
16,1,0.0,0.14894970278028788,0.611,0.06569999999999998,11,0.125,8.017077895552603,0.14045454371071148,7.46691818104891,0.3668659381752936,10.156381642965746,0.26084109493777996,9.247344841269333,0.41351955534250295,15.03116117713763,0.1308092720207537,11.796221948660634,0.6203870066569629,95,0.5390625,0.8900076277650648
17,1,0.0,0.14881467059769313,0.4937,-0.11729999999999996,8,0.125,9.274780373570986,0.16258002050131626,7.990053971907759,0.516530470308463,11.380470815474128,0.2999030181949333,9.677825751094614,0.5438698903001215,15.108623445215537,0.13249221685884938,12.522977165067248,0.5777146251058949,95,0.539391447368421,0.3494435127305992
17,1,0.0,0.14881467059769313,0.4937,-0.11729999999999996,16,0.125,9.455456925466976,0.16574714644157693,8.281108621408046,0.48839436818873405,10.276388498878404,0.2708077703399423,8.71392745230253,0.5372220133168021,14.707867849214995,0.12897786642677772,13.788755381489596,0.35862335276146284,95,0.47689144736842104,0.3596309708570443
17,1,0.0,0.14881467059769313,0.4937,-0.11729999999999996,13,0.125,9.438649098860944,0.16545251770815936,8.418071422400075,0.4540019548396694,10.884791473881736,0.2868406648871679,9.707696272461074,0.45321263002241746,13.225903818950588,0.11598206304424097,11.60493172062912,0.4799340835717671,95,0.4403371710526316,0.46390886170510787
17,1,0.0,0.14881467059769313,0.4937,-0.11729999999999996,19,0.125,9.414395146403335,0.1650273639116304,8.677153837366516,0.38885146454467157,11.342205644900485,0.2988946381083049,10.152393685199526,0.44766831834425685,13.989542675332544,0.12267864962133522,12.163714810181947,0.49466059488139524,95,0.4430921052631579,0.7026726057906458
17,1,0.0,0.14881467059769313,0.4937,-0.11729999999999996,12,0.125,7.627151262556237,0.1336983042926329,7.704885264153747,0.23655448938360632,8.495456099641734,0.22387588057963542,8.474758298783481,0.2765372324849881,12.93647356622771,0.11344395916281723,13.128291723314348,0.22370790783739508,95,0.4671463815789474,0.5268022181146026
17,1,0.0,0.14881467059769313,0.4937,-0.11729999999999996,10,0.125,9.743781314228263,0.17080125911570718,8.52529545071035,0.49271752860039486,10.288762495435392,0.2711338551719976,9.19123765276568,0.4494056518243542,13.777500858630612,0.12081918899850043,11.241115390335729,0.5892764643609331,95,0.4686266447368421,0.7924892515574274
17,1,0.0,0.14881467059769313,0.4937,-0.11729999999999996,18,0.125,8.803906342642334,0.15432594800380842,8.549175756895378,0.28638966664396404,9.892063487721709,0.2606798738159273,9.893561786147693,0.23332962520537942,13.73056999630763,0.12040763767413153,12.608422354785978,0.4028515845382672,95,0.4373766447368421,0.7559462254395036
17,1,0.0,0.14881467059769313,0.4937,-0.11729999999999996,15,0.125,10.334767232645302,0.18116080390946032,9.185445283240101,0.46669806451955065,11.962044881284976,0.31522890589049485,10.449023076159817,0.4998283704155951,15.827796534177804,0.13879886929527707,13.447286460102829,0.5429977005993021,95,0.39280427631578946,0.42583481628807707
18,1,0.0,0.14867154380465167,0.4727,-0.02100000000000002,0,0.125,10.053623701001595,0.1761249354397946,8.653647787301072,0.5117974915649977,14.0842887581472,0.36972841761379877,11.52992451327844,0.5889425900585163,23.277901280888948,0.2004294684794211,15.444427196442465,0.8010349894519571,95,0.5251644736842105,0.9029126213592233
18,1,0.0,0.14867154380465167,0.4727,-0.02100000000000002,1,0.125,9.038440723779125,0.15834039907356148,8.672321544589051,0.33287003080252486,10.332396508947086,0.2712370270881817,10.536623630364353,0.2805419992300237,16.697553804556257,0.14377077183935638,14.981493434604033,0.49473360634474794,95,0.4197779605263158,0.7751983543931825
18,1,0.0,0.14867154380465167,0.4727,-0.02100000000000002,17,0.125,11.970405436397927,0.2097041770584384,9.569584651754482,0.6610590427861912,16.19882667470881,0.42523741571087764,12.389186626259116,0.7199095811939391,27.775641839384217,0.23915631668706655,19.339403601586834,0.8127109876513461,95,0.4459703947368421,0.4385948736861516
18,1,0.0,0.14867154380465167,0.4727,-0.02100000000000002,9,0.125,11.244807350500409,0.1969927488376659,9.104147366973931,0.6250895661274728,13.622624275638596,0.35760920580854083,10.636569782028344,0.6487534725293663,15.34799998027805,0.13215072274556103,12.619509454842087,0.597882919821321,95,0.43515625,0.4764244543135217
18,1,0.0,0.14867154380465167,0.4727,-0.02100000000000002,19,0.125,8.920856122837632,0.1562804870592028,8.289659790678435,0.39048557995962735,10.671694536509436,0.28014398185063244,10.138090400537546,0.383115453270574,13.966369967495487,0.12025448838337759,13.998413600307497,0.4264330897535129,95,0.46348684210526314,0.7044889992902768
18,1,0.0,0.14867154380465167,0.4727,-0.02100000000000002,14,0.125,10.400952460955738,0.18220963258409023,8.96920947699904,0.5107971029074786,15.44411154213337,0.4054252948073715,13.003890701446496,0.5570986452503278,27.002079600014266,0.2324957218764871,20.154986977769873,0.720769913373112,95,0.4650904605263158,0.6270002652285386
18,1,0.0,0.14867154380465167,0.4727,-0.02100000000000002,3,0.125,7.378097934714901,0.12925359662016037,7.251596831375529,0.33967794226365744,8.964527540816878,0.23532892851293405,8.405269186891529,0.44406839591641406,11.991937556627832,0.10325405377015745,12.360142523235426,0.46857031572417557,95,0.49070723684210527,0.5528741411094352
18,1,0.0,0.14867154380465167,0.4727,-0.02100000000000002,6,0.125,8.531690937206257,0.14946287629186195,8.431754133573593,0.29177405795529293,10.424284544540122,0.2736491913501364,10.384514288207788,0.31587424572222517,13.557556979566641,0.11673449021475689,13.377455589074925,0.45697477140611004,95,0.3876233552631579,0.6244828683568473
19,1,0.0,0.14852033809662912,0.5921,0.11939999999999995,13,0.125,9.269971087292683,0.16240355738138432,8.06736967797901,0.5122216576477574,10.290707437971507,0.2661430680793657,8.731395816853782,0.5356518631967583,14.899632633522923,0.1215753464046302,11.769593722790592,0.6134762879929173,95,0.43145559210526313,0.4922329171828838
19,1,0.0,0.14852033809662912,0.5921,0.11939999999999995,3,0.125,7.846090119803776,0.13745813606018567,6.943200690594126,0.46653619622405734,9.559334564180492,0.2472279622215771,8.478193824693614,0.46263490099940396,14.648851073775797,0.11952906407351065,10.83673283707613,0.6735765308201126,95,0.5043585526315789,0.5556823740420676
19,1,0.0,0.14852033809662912,0.5921,0.11939999999999995,6,0.125,9.515622372093597,0.16670719998731043,8.35734576602261,0.49674049074338766,10.944557208488733,0.2830532353382598,9.952550812064134,0.416124225082216,13.937333663361338,0.11372335209579122,12.711873052344583,0.4621593319828147,95,0.3747532894736842,0.5957867017774852
19,1,0.0,0.14852033809662912,0.5921,0.11939999999999995,17,0.125,7.126691094447163,0.12485475684848892,7.11859147954132,0.24410777314056523,8.27214056110738,0.21393795147584677,7.924007473658396,0.35488029724330417,13.35051699359306,0.1089351508254743,9.633405401980681,0.6924510014777471,95,0.4895970394736842,0.4302511127907953
19,1,0.0,0.14852033809662912,0.5921,0.11939999999999995,12,0.125,8.676057711154504,0.15199860097397463,7.883651789558691,0.41804179748131304,11.293223430631913,0.2920706035470211,9.523800679362532,0.5562236170769093,15.075930878288304,0.12301387315928695,10.254208475586394,0.7425098215478673,95,0.44605263157894737,0.5092182890855457
19,1,0.0,0.14852033809662912,0.5921,0.11939999999999995,4,0.125,8.336835904287549,0.14605566677733478,7.9347419470096705,0.32054019498452424,9.766595962245924,0.25258825301869126,9.108056226107717,0.37515929280450494,14.006131881247544,0.11428471943801133,12.371646665725184,0.49954459134788065,95,0.43601973684210527,0.5770463975858167
19,1,0.0,0.14852033809662912,0.5921,0.11939999999999995,9,0.125,7.004702225946141,0.12271759525230515,6.965651681708971,0.2572698306882794,7.795060360878859,0.20159948116425028,7.007730376084572,0.45938099644862823,16.11107542135973,0.13146025969096717,10.25150818949139,0.8014203335553448,95,0.46702302631578946,0.4871456242296179
19,1,0.0,0.14852033809662912,0.5921,0.11939999999999995,5,0.125,9.105551233178915,0.15952303391903955,7.94663319695789,0.5041359095252251,11.274486048195685,0.29158600863657275,9.471530655638539,0.562570794605452,15.101028330595462,0.1232186588431468,11.731052866897159,0.6297328477538514,95,0.4411184210526316,0.668717375093214
20,1,0.0,0.14836107005503543,0.5541,-0.03799999999999992,10,0.125,9.372878354662756,0.16430744670983036,8.261496118382787,0.48551512204151775,10.045146903453215,0.26572520040738484,8.891518791332912,0.469313821220651,12.966513180355655,0.10889422703568641,10.218558923619787,0.6312348364536923,95,0.49046052631578946,0.80658953722334
20,1,0.0,0.14836107005503543,0.5541,-0.03799999999999992,15,0.125,9.954300619913772,0.17449983417596188,8.782803867520393,0.49093818159300057,10.49831148338831,0.27771280496689466,9.247335329433076,0.4822360661153814,11.797675305607179,0.0990781959153387,10.07351237088674,0.5208697624340408,95,0.4091694078947368,0.4307104813586574
20,1,0.0,0.14836107005503543,0.5541,-0.03799999999999992,14,0.125,8.024774882557471,0.14067506495678175,7.90254667571756,0.252576941584788,10.072393172503041,0.26644594848336667,9.290413303413429,0.3868433611065195,12.19200458921334,0.10238981731567658,11.03065979672793,0.43491618907199453,95,0.528577302631579,0.632049786075457
20,1,0.0,0.14836107005503543,0.5541,-0.03799999999999992,19,0.125,8.823614576565403,0.1546788005741985,8.184419609215125,0.37432504013380985,10.44574900271235,0.2763223648025276,9.607948759907593,0.3923989964352505,13.688752472405039,0.11495967333945223,11.90863549442006,0.4939400861782492,95,0.4708059210526316,0.7022707423580786
20,1,0.0,0.14836107005503543,0.5541,-0.03799999999999992,8,0.125,8.43104960709745,0.14779709941898037,7.5621501906154025,0.4430540599499334,9.83882541851086,0.2602673590774776,8.732741775852228,0.46298527893027497,11.284362515187595,0.09476733772526215,10.626117741851976,0.38266951414155886,95,0.5560855263157894,0.3544809228039042
20,1,0.0,0.14836107005503543,0.5541,-0.03799999999999992,7,0.125,9.439063045395528,0.16546767061694762,8.387776351191986,0.4691232373189492,10.120705710643836,0.26772396452464914,9.00897576739105,0.4588330973202404,13.14315497268584,0.11037768455201666,10.856596135126674,0.5700178857937445,95,0.49198190789473684,0.6076890931884663
20,1,0.0,0.14836107005503543,0.5541,-0.03799999999999992,13,0.125,7.831052927716222,0.13727910071109534,7.5755441009379165,0.29515349742943287,8.483147761097053,0.2244054925795114,8.204287855114949,0.30849666181887464,11.614993262826088,0.09754401170056576,10.634294724308706,0.4217400107177045,95,0.4571134868421053,0.5040028784744086
20,1,0.0,0.14836107005503543,0.5541,-0.03799999999999992,12,0.125,7.752126282731368,0.1358955091371811,7.293929983800666,0.3527060271018013,7.851952629118968,0.20770842935553968,7.225684099765972,0.407701983926763,12.03748310253583,0.10109212859874034,9.21995526947994,0.6550692385608733,95,0.44827302631578947,0.5441203448908457
21,1,0.0,0.14819375714540606,0.6159,0.061799999999999966,7,0.125,8.409485411116616,0.14751800699704917,7.906037948511588,0.34647183211064464,8.76577059958448,0.23420098713726936,8.374818104901344,0.32936200395154436,10.988753392094651,0.09214299958607447,9.717698799997606,0.4669792582929967,95,0.5197779605263158,0.592516414840598
21,1,0.0,0.14819375714540606,0.6159,0.061799999999999966,16,0.125,8.759744878007213,0.15366220916419332,8.136818473548919,0.3709872193823545,9.262694311635743,0.24747763207933968,8.635248343217086,0.3703809184960205,12.52803708260099,0.10505021584585629,12.346654832121606,0.23607288949630265,95,0.4888980263157895,0.3793103448275862
21,1,0.0,0.14819375714540606,0.6159,0.061799999999999966,1,0.125,8.827440268669491,0.15484971215934507,8.181869548728024,0.3756441061727713,9.277716500647834,0.2478789900039654,8.16708511348474,0.4751568869127343,13.78743095090608,0.11561049730320734,12.28659199341347,0.4648402599123898,95,0.43914473684210525,0.7853932584269663
21,1,0.0,0.14819375714540606,0.6159,0.061799999999999966,18,0.125,9.590763579742235,0.1682398220220707,8.43003249705413,0.4964073675307575,10.724707658588954,0.28653922571499063,9.381462206431996,0.4964762101905508,14.35452343444889,0.12036568659646626,12.242542846890554,0.5648151206588904,95,0.4519736842105263,0.7802947598253275
21,1,0.0,0.14819375714540606,0.6159,0.061799999999999966,11,0.125,9.38441541066025,0.16462009154364862,8.13075808584679,0.5234492592257838,10.622065588119884,0.28379686850263,8.37006492531149,0.6793996367307109,12.37503704933987,0.1037672785099806,10.784722544537262,0.49935224656179106,95,0.5691611842105263,0.8992197659297789
21,1,0.0,0.14819375714540606,0.6159,0.061799999999999966,17,0.125,9.237143663955608,0.16203667133435448,8.301802694341683,0.444373839552954,10.12124614008723,0.2704161385628857,9.021480921258792,0.4554536960442926,13.212548014683925,0.11078998343195538,12.185018842052111,0.3867050836704376,95,0.49827302631578946,0.4274632777686087
21,1,0.0,0.14819375714540606,0.6159,0.061799999999999966,8,0.125,7.2475622745753405,0.1271357152149923,7.271616757860825,0.23020224275088158,7.782938445107197,0.20794199961827817,7.591473832836629,0.3130032101498065,10.047160415585378,0.08424754519293458,9.828917175446854,0.29263818768992833,95,0.5689555921052631,0.36004914360049145
21,1,0.0,0.14819375714540606,0.6159,0.061799999999999966,19,0.125,8.003431633304483,0.14039506889702164,7.6240423869771,0.32253104964893203,8.871743588633842,0.23703233874102048,8.424787674661184,0.33935858018965614,10.64406290486692,0.08925269763018588,10.269264011431945,0.30901261246385,95,0.4983963815789474,0.7211451200396007
22,1,0.0,0.14801841771548704,0.531,-0.08489999999999998,6,0.125,8.525925700536202,0.14979547826624406,7.789589584781383,0.40656990724425346,9.102937448338501,0.24266762397524108,8.013337446120305,0.47829223257477915,13.467189660685529,0.11205859446792463,11.784628952268733,0.48438722608043466,95,0.3891858552631579,0.6455361859482304
22,1,0.0,0.14801841771548704,0.531,-0.08489999999999998,19,0.125,8.434303007338634,0.14818572166858712,7.821047699044341,0.37554189516796166,8.998686813363017,0.23988849316928035,8.363131517100031,0.37249324557633623,11.86166639062705,0.09869926074193468,10.029471406663227,0.5339479449526813,95,0.4864720394736842,0.7050122559377906
22,1,0.0,0.14801841771548704,0.531,-0.08489999999999998,1,0.125,8.137396640168,0.14296925218096057,7.493387680993486,0.3909990276827977,8.165043336525784,0.21766508639375928,7.17529535583443,0.47737163753082423,12.70647285917308,0.10572877676182417,10.556020185679758,0.5607189842496443,95,0.45875822368421054,0.8030832661109617
22,1,0.0,0.14801841771548704,0.531,-0.08489999999999998,10,0.125,10.182953067684409,0.17890847029555654,8.748654899344391,0.5577555791372225,10.125209726942185,0.26991952879304143,8.641142022929547,0.5495515112078164,11.285134794395656,0.09390202227067145,9.550358982167722,0.5331981217764964,95,0.5181332236842106,0.7816046345528133
22,1,0.0,0.14801841771548704,0.531,-0.08489999999999998,8,0.125,8.220066220940433,0.14442170788194067,7.380670492011512,0.440930961337547,8.82398158937089,0.23523117218439651,7.806580821837752,0.46761976028434676,10.609910881685181,0.08828357888969238,9.207875649571664,0.504260166472518,95,0.5824013157894737,0.39063823778593615
22,1,0.0,0.14801841771548704,0.531,-0.08489999999999998,12,0.125,7.191608492187453,0.12635231310109254,7.071739113378533,0.272554442743681,7.389282633159879,0.19698472824260815,7.118635939087991,0.3270709787175445,11.465579964132319,0.09540348119481845,9.06039412351654,0.6168381077025905,95,0.48795230263157896,0.5472318193309177
22,1,0.0,0.14801841771548704,0.531,-0.08489999999999998,13,0.125,8.598886985248402,0.15107736494016807,7.708143392189517,0.44581973033790595,9.150026505928517,0.24392293192231349,8.254919667477354,0.4316804365722998,10.857570072907231,0.09034431625024375,9.19316837170452,0.5338199806643081,95,0.46188322368421053,0.497907949790795
22,1,0.0,0.14801841771548704,0.531,-0.08489999999999998,0,0.125,7.805756627093442,0.1371425330520802,7.474819710315505,0.3137952021506675,8.358712962173499,0.22282796355938053,7.966361869612144,0.3281505409226763,13.537716508168986,0.1126454384643615,12.18409151544218,0.43665465792298785,95,0.6241776315789473,0.9306324110671936
23,1,0.0,0.1478350709932227,0.5876,0.056599999999999984,15,0.125,8.989688977887084,0.15805479875899608,8.57345655037743,0.3120885503695292,8.953313670822638,0.24114030468980444,8.209247025136293,0.4006355914874994,12.719631244548767,0.10647596798307506,10.551648253011821,0.5785332803644433,95,0.4498355263157895,0.4393053016453382
23,1,0.0,0.1478350709932227,0.5876,0.056599999999999984,5,0.125,8.749911318079198,0.1538390789647896,7.694371950290225,0.48216268235705206,9.649857273231083,0.25990036858233573,8.131598724060265,0.5608354649673502,13.925817724951532,0.11657294883100836,11.257449672324578,0.6390453976839716,95,0.48001644736842103,0.704043172862772
23,1,0.0,0.1478350709932227,0.5876,0.056599999999999984,14,0.125,10.257895033906593,0.18035212778363338,8.986842303131338,0.5086908903433025,11.14976383909069,0.30029747066045287,10.111802540274153,0.4286917681542744,16.20476732350075,0.1356500242449801,14.450361706549065,0.4730111523397817,95,0.5313733552631579,0.619592973767701
23,1,0.0,0.1478350709932227,0.5876,0.056599999999999984,1,0.125,8.106840038288633,0.14253273655794949,7.676932089982534,0.3369697955121443,7.49912508643478,0.20197452861982518,7.102551590190388,0.3589369392289846,11.562969191187145,0.0967935558601803,10.832301590849433,0.3652152417534368,95,0.4650082236842105,0.7940578300468654
23,1,0.0,0.1478350709932227,0.5876,0.056599999999999984,6,0.125,8.660294682699577,0.15226345835041397,8.08503441783967,0.3616834410126974,8.813891260238247,0.23738522988677702,8.168059594842456,0.380737966258494,11.348128446706516,0.09499512508880216,11.29051480534529,0.25005754371692174,95,0.41722861842105263,0.6136789198777964
23,1,0.0,0.1478350709932227,0.5876,0.056599999999999984,13,0.125,7.28242933720424,0.12803812303181142,7.1647301013732925,0.2768930575261217,7.466127610443644,0.2010858049911169,7.545608953124277,0.24053341575715517,12.498709817651665,0.10462663585034108,13.401837198265621,0.04527938560736982,95,0.48902138157894737,0.4870932481291516
23,1,0.0,0.1478350709932227,0.5876,0.056599999999999984,9,0.125,10.2232993564834,0.17974387394454014,9.031175223174179,0.48967215405929493,10.583130135957791,0.2850362803520802,9.214657834526621,0.5125403279512115,13.080387889837382,0.1094958600125625,10.641932665166681,0.6145771090895434,95,0.4576891447368421,0.47506962537058667
23,1,0.0,0.1478350709932227,0.5876,0.056599999999999984,12,0.125,8.324865586996586,0.14636601536326968,7.64380459003258,0.39725478545814874,8.991149791545954,0.24215934791948976,7.986890594207329,0.4600163180097533,11.560202038401819,0.09677039203839098,10.99283404080127,0.3369135380582814,95,0.4889391447368421,0.5154318392061222
24,1,0.0,0.14764373708464731,0.617,0.02939999999999998,8,0.125,8.5098623072667,0.149672268961515,7.687220643176732,0.4340824935774203,9.142779607172491,0.24824478138756292,7.828591842379349,0.5364573780329865,10.630291503628364,0.08764894713266648,9.642386649710048,0.4410222440696933,95,0.6032483552631579,0.3639833685502011
24,1,0.0,0.14764373708464731,0.617,0.02939999999999998,5,0.125,7.187401372498829,0.12641270005513527,6.939621845200024,0.2954204672770599,7.213235031585479,0.19585378084672286,6.748272077046194,0.37387578524229276,11.057667071142543,0.09117274688077856,8.474508274095168,0.6500725393701624,95,0.5078536184210526,0.7163792405473242
24,1,0.0,0.14764373708464731,0.617,0.02939999999999998,9,0.125,7.638776311728523,0.13435152548703272,7.348173379348977,0.2958566068954811,7.192094360347575,0.19527976927307375,6.800445014814746,0.35533851718677567,9.525722360138312,0.07854154660380146,7.759269741223026,0.5827803614851191,95,0.5014391447368421,0.4926609266092661
24,1,0.0,0.14764373708464731,0.617,0.02939999999999998,3,0.125,7.228319188696629,0.12713236650450255,6.57721479670859,0.4151460205743464,7.56245304308122,0.20533574942139465,6.730614884396364,0.45627760717222837,9.787671389193086,0.08070137040461055,7.5222859154713655,0.6400558681568177,95,0.5169407894736842,0.5925071587655106
24,1,0.0,0.14764373708464731,0.617,0.02939999999999998,7,0.125,8.989220841833612,0.15810327253409115,7.932329059068593,0.49203574962156266,8.644486802337699,0.2347151335432501,7.381176632032185,0.5341350349818962,11.567636378158912,0.09537754905527243,9.60450218343569,0.558260030736362,95,0.5139802631578947,0.62696
24,1,0.0,0.14764373708464731,0.617,0.02939999999999998,14,0.125,7.40894350425858,0.13030920417397845,6.734693861974736,0.41683984023795223,7.474929669709508,0.202959314505265,6.770821564683663,0.4268945039404049,9.619031917612578,0.07931090316069765,8.487691276965245,0.49129449249153745,95,0.5473273026315789,0.6324844113890767
24,1,0.0,0.14764373708464731,0.617,0.02939999999999998,12,0.125,7.299233331505726,0.12837961120394206,6.654380702509991,0.41131385491293176,7.328044772539766,0.19897109530347742,6.469977833579202,0.469922268584518,10.734061707103317,0.08850455387451525,8.673954732601262,0.5895094834071446,95,0.4829358552631579,0.5644955300127714
24,1,0.0,0.14764373708464731,0.617,0.02939999999999998,11,0.125,7.406950173046227,0.13027414527471873,6.573394495915235,0.46264931062977943,7.41247377054341,0.20126351172963114,6.375395238684647,0.5108999855727743,10.48708660759882,0.08646819321289408,7.483279009247754,0.7130584801473806,95,0.6025493421052631,0.9103998908147946
25,1,0.0,0.1474444369716801,0.6458,0.028800000000000048,10,0.125,10.690302955692697,0.18838123416205443,9.60292466846048,0.4567396268933939,10.100095436934712,0.2804132179702465,8.848934276562604,0.5019857591694039,14.260900008485551,0.11869741414832319,11.79157495346083,0.6144041496402162,95,0.5306332236842105,0.797520340953119
25,1,0.0,0.1474444369716801,0.6458,0.028800000000000048,0,0.125,7.719008871886934,0.13602200272720766,7.302508605563377,0.34413322216967474,7.830515203716879,0.21740190281861232,7.427392730196347,0.34089540666313006,11.184172984370468,0.09308896436006128,10.629849826569485,0.3372983986451016,95,0.6498766447368421,0.9350205631129389
25,1,0.0,0.1474444369716801,0.6458,0.028800000000000048,11,0.125,6.686246659324176,0.11782298432662017,6.7396492237322825,0.2504221861278399,6.880721897601496,0.19103238987317386,6.797727170300864,0.28828147816214006,8.982835260626048,0.07476662177858724,9.945345284103544,0.09767258398315182,95,0.6239309210526316,0.9091208646368789
25,1,0.0,0.1474444369716801,0.6458,0.028800000000000048,19,0.125,9.313883051261573,0.16412638550186032,8.109470827217475,0.5078857824409287,10.13528992466189,0.28139033740639585,8.444545306487223,0.6041967008980383,11.891346348649195,0.0989749638162323,10.512909746967527,0.46816859405878797,95,0.5048519736842105,0.7086659064994298
25,1,0.0,0.1474444369716801,0.6458,0.028800000000000048,1,0.125,9.789441172443642,0.17250652460131966,8.824081733916632,0.4398270060071713,9.277584480950848,0.25757749870171476,8.334774390363567,0.4418017246038371,15.217853639821056,0.12666240383563498,12.84668827129921,0.5896617090931153,95,0.4612253289473684,0.7899616653294107
25,1,0.0,0.1474444369716801,0.6458,0.028800000000000048,2,0.125,10.51729450378065,0.18533253237813516,9.27061430085347,0.4991019160813329,10.05870217700619,0.2792639994018367,9.094435010459707,0.4328268069316615,13.458134270996782,0.1120157729370328,11.559383618258183,0.5316106600388507,95,0.45797697368421053,0.4233255521637637
25,1,0.0,0.1474444369716801,0.6458,0.028800000000000048,14,0.125,6.892408522222631,0.12145590533278099,6.994600140289826,0.22858602702768868,6.209591733082698,0.17239951949242308,6.475483642117787,0.2201708728696058,8.315417596376715,0.06921152000687777,8.546818341450628,0.269954921149133,95,0.5700246710526315,0.6518069681887038
25,1,0.0,0.1474444369716801,0.6458,0.028800000000000048,4,0.125,8.581791836875372,0.1512256990520128,7.911844224759557,0.3881896628167345,8.00912498333815,0.22236072161169074,7.161185455972975,0.44789483850719913,11.367521468152756,0.0946150244895078,10.450731651928562,0.3983255621248466,95,0.4703125,0.5826193390452876
26,1,0.0,0.14723719250982437,0.6862,0.04039999999999999,1,0.125,7.43182599522985,0.13114263252101102,6.99643538330773,0.34018891922762184,7.216665689905922,0.1992068581685644,6.4792427343028205,0.4405847430485587,11.839417441383826,0.0969929216542156,9.68827134813886,0.5804553614885521,95,0.4918996710526316,0.8071553958037282
26,1,0.0,0.14723719250982437,0.6862,0.04039999999999999,2,0.125,8.096469786539027,0.14287099329492806,7.555503574013866,0.3594504817940944,7.340596041259462,0.20262779755881444,6.799296449326228,0.3790611415565329,10.147848601072903,0.08313495906329502,9.373172497262926,0.41737617298553903,95,0.5140213815789474,0.41492680585553154
26,1,0.0,0.14723719250982437,0.6862,0.04039999999999999,9,0.125,7.2708975292193365,0.12830287514594158,6.800529356939334,0.3558174709717732,6.65659838394287,0.18374691403676327,5.962978682710364,0.4448185116781723,10.273923177635739,0.0841678089976511,7.946421674322583,0.6367969887363605,95,0.5088815789473684,0.5315934065934066
26,1,0.0,0.14723719250982437,0.6862,0.04039999999999999,10,0.125,8.144650198218313,0.14372118893024344,7.564805612739412,0.37110214523116747,7.645305471509977,0.21103891300502955,6.6631467708444,0.4998257000802538,9.298734862058788,0.07617870274650719,6.9828724602004355,0.6608280186458013,95,0.5662828947368421,0.8042404879465582
26,1,0.0,0.14723719250982437,0.6862,0.04039999999999999,12,0.125,7.891668484269211,0.13925705212614478,7.071415915546641,0.4531044000851105,7.4913518104674734,0.20678921841785725,6.3963771351795975,0.5350934733873396,9.960806993156332,0.08160264447834614,7.925997410972031,0.6057872551475376,95,0.49490131578947366,0.5791791292788302
26,1,0.0,0.14723719250982437,0.6862,0.04039999999999999,13,0.125,7.638441037931745,0.13478857910745684,7.147271025197054,0.3534262456493068,7.162639425640339,0.19771553200418565,6.584030420067523,0.39527861125045494,12.827644889309942,0.10508884933881625,10.423597492479551,0.598932389369695,95,0.4872121710526316,0.4986074774242552
26,1,0.0,0.14723719250982437,0.6862,0.04039999999999999,11,0.125,7.333954654814704,0.1294155865381475,6.77408299956665,0.3832704053381709,6.879750056108923,0.18990673152275803,6.232609165859838,0.4240752673444007,8.949138262621966,0.0733146770672342,7.3446231278614365,0.5774060082821312,95,0.63046875,0.9007369725428813
26,1,0.0,0.14723719250982437,0.6862,0.04039999999999999,14,0.125,7.481240276965782,0.13201460113210933,6.960554440916508,0.36686656897655073,7.191890178837005,0.1985229617638213,6.930390706547483,0.29749579943498883,9.125042753756947,0.07475575223936579,7.966567167053796,0.5075006568435544,95,0.5894325657894737,0.6492500871991629
27,1,0.0,0.1470220264257707,0.6383,-0.047900000000000054,18,0.125,8.239536884536152,0.14570850254163875,7.6871572835473145,0.36009561516444083,7.322362942589268,0.20752775078324942,6.8802007885498435,0.34857308548424487,9.070028833644745,0.07625552099050077,7.802247837171566,0.5127317734834346,95,0.5181332236842106,0.8185858265217046
27,1,0.0,0.1470220264257707,0.6383,-0.047900000000000054,17,0.125,7.991452804498712,0.14132136764398237,7.3534126821504096,0.39275884772768943,7.370956008304115,0.20890495780105656,6.673490770741157,0.4248020861304645,8.85938515920904,0.07448455163284402,7.76487349642318,0.4816195346020296,95,0.5292763157894737,0.4449192044748291
27,1,0.0,0.1470220264257707,0.6383,-0.047900000000000054,8,0.125,8.179221104673953,0.14464187439414586,7.452799556043804,0.4168191312266435,7.882642996113156,0.22340700454711918,7.060823872780707,0.4491358926426013,10.355458516157107,0.08706266526032168,9.532414881345689,0.39085541209513197,95,0.586266447368421,0.38785243372141953
27,1,0.0,0.1470220264257707,0.6383,-0.047900000000000054,10,0.125,7.957560368459713,0.14072201161561151,7.440684022228121,0.3546356383486073,7.18654888298779,0.2036785580383907,6.796914005536667,0.3361138912548609,9.424490680408603,0.07923562979632597,8.057271277454172,0.5254411166825621,95,0.5764391447368421,0.8106141664883373
27,1,0.0,0.1470220264257707,0.6383,-0.047900000000000054,19,0.125,8.06085982086144,0.14254876580504605,7.4888264996145155,0.3701656669379533,7.631674638705277,0.2162941505218574,6.965220030066842,0.40883683940586496,10.030362656105495,0.08432944857107233,8.491549157026006,0.5487756542491727,95,0.5277138157894737,0.7166121240455041
27,1,0.0,0.1470220264257707,0.6383,-0.047900000000000054,3,0.125,7.142699910363733,0.1263119666345163,6.808051489458643,0.315447895079405,7.05087100224916,0.19983322482539795,6.411280770703388,0.41641071774773486,7.519635669496225,0.06322071805429579,5.85923022041982,0.6316044445147704,95,0.5485197368421053,0.6367316341829086
27,1,0.0,0.1470220264257707,0.6383,-0.047900000000000054,13,0.125,7.5841887419521035,0.13411928365257958,7.021680510022613,0.37795162035399443,6.883223151828236,0.19508181034426897,6.181060226704283,0.440019053288162,10.989028390618133,0.09238935183949733,10.761752150046025,0.24347685125798332,95,0.5121299342105263,0.5059012444801284
27,1,0.0,0.1470220264257707,0.6383,-0.047900000000000054,2,0.125,7.999704016246778,0.14146728260556485,7.534562124021909,0.3369179070055497,7.914653181259596,0.2243142255873326,7.083358358633463,0.45120814647425894,8.496846025549225,0.07143653370217061,8.306867878414243,0.29014356928816576,95,0.5325657894736842,0.42008956145768994
28,1,0.0,0.14679896231490505,0.6379,-0.00039999999999995595,14,0.125,8.115032311101741,0.14388336666270343,7.1672358598309565,0.47660543021077195,7.291959944217996,0.21039316248230358,6.483053895983477,0.45856790202671244,11.231455311191644,0.09409405441536013,10.10920528144879,0.44606297211210855,95,0.5965049342105263,0.6482387812780037
28,1,0.0,0.14679896231490505,0.6379,-0.00039999999999995595,12,0.125,8.102889395267107,0.14366806701331095,7.0926879963136304,0.4941319262849925,6.860204697038633,0.19793583241366774,5.641156197671446,0.582311995613531,8.751927927386422,0.07332125355279852,7.18590714664521,0.5870836621325511,95,0.5243421052631579,0.5801442910915935
28,1,0.0,0.14679896231490505,0.6379,-0.00039999999999995595,8,0.125,7.229329173865714,0.12817943051510525,7.149181265678857,0.24493503369067707,6.93316391389732,0.20004090711025918,6.705884356774215,0.2979967103543956,8.011742972652637,0.06712018686300351,7.583508358201615,0.3515879924009944,95,0.608141447368421,0.3722785665990534
28,1,0.0,0.14679896231490505,0.6379,-0.00039999999999995595,5,0.125,8.512364023928098,0.15092824613226566,7.581745702492807,0.46346815515544626,7.604779843794162,0.21941887963690931,6.50812784796802,0.5302535956401525,8.290943418390434,0.06945925167750419,7.565398343000826,0.4136622863411133,95,0.5229029605263158,0.7150271290398679
28,1,0.0,0.14679896231490505,0.6379,-0.00039999999999995595,15,0.125,9.593496300471475,0.17009723348724698,9.038445859455273,0.33523344960283286,8.495917247820845,0.2451306523391318,7.865515415297451,0.3780927507962863,10.885612743618594,0.09119668016859267,10.2320113672131,0.34186912858976876,95,0.4647615131578947,0.43793683092984165
28,1,0.0,0.14679896231490505,0.6379,-0.00039999999999995595,17,0.125,7.318461791116574,0.12975979403774546,7.04559031071224,0.30142236751205864,6.092096629100696,0.1757737954883586,6.051157508735226,0.27126136237786025,9.088284771795058,0.07613915901062712,8.673057541423589,0.3196734418320083,95,0.55625,0.46207865168539325
28,1,0.0,0.14679896231490505,0.6379,-0.00039999999999995595,9,0.125,7.782086298503884,0.13798007615528726,7.249522055200028,0.36604345273287986,7.197537756795712,0.20766882186987012,6.470723704476032,0.4379099723037023,8.416518144498571,0.07051128231683185,7.812486193116974,0.3818174046401433,95,0.5159128289473685,0.4844185861162031
28,1,0.0,0.14679896231490505,0.6379,-0.00039999999999995595,11,0.125,7.569608507401336,0.13421274427626748,6.684786538432537,0.47205185370238123,6.992871792636123,0.20176364414242395,5.947223181202915,0.5324374988593907,8.614826047682243,0.07217265157986644,6.9461888664171685,0.6112655610387447,95,0.637047697368421,0.9117020589943846
29,1,0.0,0.14656802463872076,0.5659,-0.07200000000000006,0,0.125,7.749084639004941,0.13765181946718832,7.591478897765645,0.26714878982917883,7.3979995608472615,0.2125720409397975,7.015045922885309,0.33353288670961206,9.967498390655244,0.08404027437673198,10.049007303316346,0.20013200802056433,95,0.6759046052631579,0.934724419029079
29,1,0.0,0.14656802463872076,0.5659,-0.07200000000000006,18,0.125,8.014992178389658,0.14237530079582297,7.523493235744705,0.3530246657284775,7.210818470269377,0.20719363207099228,6.746791016269299,0.3627920092228023,10.221156487145343,0.08617897510096717,9.893647491723259,0.2873093052701621,95,0.5466282894736842,0.8185647660598766
29,1,0.0,0.14656802463872076,0.5659,-0.07200000000000006,5,0.125,7.505105419429998,0.1333178645484835,7.047805878464329,0.3579709704722915,6.869250149902246,0.1973791039159644,6.318465861030915,0.3986092481760929,8.153130648270231,0.06874255804769984,6.996459715960824,0.5138723161680248,95,0.5541118421052632,0.6983526268922529
29,1,0.0,0.14656802463872076,0.5659,-0.07200000000000006,1,0.125,8.605742439698695,0.15286916582738982,7.687065128356426,0.4527184619775047,7.40553339141249,0.21278851591065598,6.800383199633175,0.3976813059473402,10.259184031922041,0.08649960171876561,8.967784346426816,0.48999063750348376,95,0.4949424342105263,0.8000332308714796
29,1,0.0,0.14656802463872076,0.5659,-0.07200000000000006,3,0.125,6.8494392323312105,0.12167085747322569,6.576591326105647,0.3286923011555393,6.374414296507034,0.18316062952687426,5.990452832034057,0.36829755685021026,8.214427061614522,0.06925937452399777,7.443661215963777,0.4339527220244416,95,0.5608963815789474,0.652444835422623
29,1,0.0,0.14656802463872076,0.5659,-0.07200000000000006,6,0.125,8.92830179103187,0.1585989885955754,7.8774845006453775,0.4802273904517114,8.358580543674627,0.24017310502855832,7.329419851716075,0.4924972255339975,10.21362732622799,0.08611549350061755,8.906999859698523,0.4939020586321029,95,0.4314967105263158,0.6598056032018296
29,1,0.0,0.14656802463872076,0.5659,-0.07200000000000006,15,0.125,10.679075498307077,0.1896990729937622,9.523544143748842,0.47894385656066985,9.242291759259995,0.2655654148216745,8.406937755336168,0.4218623413854806,13.233578045366432,0.11157799944679805,11.419117632163008,0.5521828980491211,95,0.4659128289473684,0.43606036536934073
29,1,0.0,0.14656802463872076,0.5659,-0.07200000000000006,16,0.125,9.339581200048634,0.1659048010363874,8.311371196130224,0.4666983446473859,8.39880821182923,0.24132899554349282,7.141164813128592,0.5529326145251524,11.744530987405236,0.0990232020035152,10.709966417948527,0.41241940847058856,95,0.5222861842105263,0.3756888678948197
30,1,0.0,0.14632923872213652,0.614,0.04810000000000003,19,0.125,9.58466164373977,0.17041858702241366,8.347592495047389,0.5064638656749589,8.835565869334221,0.25349639329811635,7.835740569012109,0.4667834829037683,11.45087287252304,0.09600117049302791,10.801979523126418,0.3327604770389443,95,0.5139391447368421,0.713017041363309
30,1,0.0,0.14632923872213652,0.614,0.04810000000000003,2,0.125,10.55424725430813,0.18765815330989424,8.855646209278527,0.5988198342343699,9.889216100445005,0.28372609644721825,8.207545003485441,0.6136413857981383,10.363259070515342,0.08688289634925903,8.939655449538133,0.5214262143758629,95,0.5145559210526316,0.4109797027329391
30,1,0.0,0.14632923872213652,0.614,0.04810000000000003,9,0.125,9.752906746781498,0.17341004293390525,8.168086814581288,0.5843696341073681,8.780434076082095,0.25191463713759954,7.116838521615348,0.6270089812710382,9.079302094334459,0.07611853157565075,7.391098416943289,0.5995471055408416,95,0.5055921052631579,0.5047169811320755
30,1,0.0,0.14632923872213652,0.614,0.04810000000000003,12,0.125,8.23912251119677,0.1464944375558425,7.619549916155696,0.3853445221456237,7.367488550894762,0.21137658899686496,6.252740603076703,0.5313222953391405,9.201239861734985,0.07714082642846033,7.805957834947644,0.5374820751334243,95,0.5150493421052632,0.5915695353664379
30,1,0.0,0.14632923872213652,0.614,0.04810000000000003,13,0.125,8.131635424052753,0.14458328010499988,7.710914558249993,0.33762295593527825,7.466545252995273,0.21421857072003192,6.856753577686224,0.40228043466800584,9.377428596756916,0.07861794742858759,8.494814641497308,0.42372600250131204,95,0.5133223684210526,0.4784524190964434
30,1,0.0,0.14632923872213652,0.614,0.04810000000000003,14,0.125,8.244533922505076,0.14659065431374554,7.84416597264862,0.32930918732921904,7.523341838601745,0.2158480905284755,7.119014728309283,0.3464146155910004,8.911315954631174,0.0747101790231726,8.223362649285932,0.39123084783493006,95,0.5848273026315789,0.6542220347324755
30,1,0.0,0.14632923872213652,0.614,0.04810000000000003,15,0.125,8.224937296685264,0.14624221955342195,8.057785396517174,0.2686349822151997,6.811207173678338,0.19541662391158424,6.989693314396109,0.20878365174276056,10.873844408410394,0.09116351238789494,10.404972994116497,0.3002734825578701,95,0.5189144736842105,0.4578446909667195
30,1,0.0,0.14632923872213652,0.614,0.04810000000000003,5,0.125,7.029094140971412,0.12497971614201701,7.093668692652002,0.2440862505756397,6.60539574903113,0.18951180076622234,6.655958504747628,0.2536232335322268,9.345566373264528,0.07835082274876345,9.185070634633695,0.2578205593469081,95,0.5638569078947369,0.704951505870342
31,1,0.0,0.14608263075071892,0.5585,-0.055499999999999994,17,0.125,7.3691759913337265,0.1310916366611914,7.376427597401986,0.2627945590109122,6.267884690799711,0.17983519011339888,5.893124013947755,0.39404258542297194,7.429998965834017,0.062399807796500034,7.845867883089837,0.21305833876355298,95,0.5519325657894737,0.4633837443194517
31,1,0.0,0.14608263075071892,0.5585,-0.055499999999999994,5,0.125,8.399693608757948,0.1494237054345798,7.498710260146932,0.45078456645047527,7.310325926030202,0.2097444221697727,6.393804577609191,0.485316038461601,11.065797230791759,0.09293455133596228,8.792206343669196,0.6534465222223056,95,0.5463815789473684,0.6998043347381095
31,1,0.0,0.14608263075071892,0.5585,-0.055499999999999994,4,0.125,8.623704481151169,0.15340867633586694,8.118491004747755,0.3518830143381703,7.504375555892137,0.21531200258950814,6.847973335900194,0.41641678627397144,10.14729473420599,0.08522063650083096,11.19648380124167,-0.017352928279602883,95,0.49436677631578946,0.5953588954503868
31,1,0.0,0.14608263075071892,0.5585,-0.055499999999999994,0,0.125,7.906635455733671,0.14065260262402007,7.212770747852046,0.4167469313353565,7.512729503407293,0.2155516901098913,6.65062813846419,0.46596750018795424,11.155368017011261,0.09368679906439126,9.803082139375878,0.4829753008238095,95,0.68203125,0.9376017362995117
31,1,0.0,0.14608263075071892,0.5585,-0.055499999999999994,1,0.125,8.283242012283335,0.1473521264152134,7.829062850321217,0.3486964880484075,7.157617003242373,0.20536296981123267,6.70481364008269,0.37742148606644554,10.892123120911938,0.09147597359920043,9.573457719152033,0.48101003482585303,95,0.5082236842105263,0.8196601941747573
31,1,0.0,0.14608263075071892,0.5585,-0.055499999999999994,3,0.125,9.42969364364033,0.16774656683626255,7.874997668065863,0.5725478729404149,8.362923539964559,0.23994505625173815,6.912400853525311,0.578816780262331,13.457563769322496,0.11302146830387944,11.63014259257733,0.542990095459685,95,0.5477384868421052,0.5735305157270475
31,1,0.0,0.14608263075071892,0.5585,-0.055499999999999994,16,0.125,10.693344570057487,0.19022588722530845,9.312081219588059,0.5136305098957125,10.39242907552613,0.29817467147737237,9.07580863834589,0.5108250708365697,11.89886631156929,0.09993096556976827,10.767955408434366,0.4278419782730676,95,0.5263980263157895,0.3787689423527574
31,1,0.0,0.14608263075071892,0.5585,-0.055499999999999994,18,0.125,9.458580067758737,0.16826043278537606,7.922730087075099,0.5679743345565407,8.315993441253402,0.23859856000298785,7.193867962827018,0.5050890931214667,10.009452555423941,0.08406298822903403,8.780470081494908,0.48075605392922843,95,0.5283717105263158,0.7865369649805447
32,1,0.0,0.1458282277678111,0.6067,0.04820000000000002,1,0.125,8.321222579621542,0.1481892252257735,7.65010695537874,0.40399423163974657,7.154347707177673,0.20480705576286215,6.592934394299128,0.3973656093974412,9.365630746076803,0.07717628632027626,8.118854514221354,0.4987627231141459,95,0.5061266447368421,0.8107076123161914
32,1,0.0,0.1458282277678111,0.6067,0.04820000000000002,6,0.125,8.763798013842083,0.15607086882724594,8.076351582834004,0.3954606185874138,7.548527425281382,0.21609121342621718,6.85232335792425,0.42097549325394457,10.174331173781457,0.08384027910923054,8.479851332155528,0.565637465409814,95,0.4180921052631579,0.6587332808811959
32,1,0.0,0.1458282277678111,0.6067,0.04820000000000002,2,0.125,11.149184800634266,0.19855123951991502,9.176905941960895,0.6208289256563436,9.080779809023577,0.259954904742901,7.918802774907923,0.5053517977860371,10.09610573586281,0.0831956723595071,8.979163030524596,0.45727873081913095,95,0.5103618421052631,0.40823396712858523
32,1,0.0,0.1458282277678111,0.6067,0.04820000000000002,17,0.125,8.791500100188552,0.1565642038718912,7.895750965148808,0.44069036391303434,7.592217607596277,0.21734192949033568,7.166802227268447,0.3469461048235219,8.773197059089208,0.07229441204054511,8.65136716976367,0.28466953291387787,95,0.5454358552631579,0.4520919713531851
32,1,0.0,0.1458282277678111,0.6067,0.04820000000000002,16,0.125,8.431793276350822,0.15015833321732192,8.268583700843218,0.2837930817680642,7.108118959175459,0.20348366834063245,6.8070133699332045,0.32794104246893035,11.934332573708406,0.0983433462968567,10.497187940352282,0.4880360137450372,95,0.5284950657894737,0.38940325215902905
32,1,0.0,0.1458282277678111,0.6067,0.04820000000000002,12,0.125,7.607485216711837,0.13547857053384163,7.323085454273689,0.3387713854542756,6.815749928517347,0.19511403873690833,6.16719009125453,0.43205574692950494,8.767127459025401,0.07224439627491501,7.831822825145558,0.45375004274031944,95,0.49490131578947366,0.6287803256895979
32,1,0.0,0.1458282277678111,0.6067,0.04820000000000002,9,0.125,8.88607903239191,0.15824852111635723,7.554187489732568,0.5307896920187822,7.385007997166305,0.21141015318103554,6.478492123721522,0.4802268593184168,8.2706421235924,0.06815317215557352,8.07072846108654,0.317248585912415,95,0.5167763157894737,0.5162316995544239
32,1,0.0,0.1458282277678111,0.6067,0.04820000000000002,19,0.125,10.207960095200969,0.1817893564520232,8.618434373353448,0.5573862017443671,9.590209480303708,0.2745383154692837,8.118399442554393,0.573975182015094,13.764144624169107,0.11342167925139926,12.387472804261957,0.4533742873037857,95,0.5015625,0.7020823085751763
33,1,0.0,0.1455660576715669,0.6315,0.024799999999999933,13,0.125,7.469338853520812,0.1331463618261411,6.891615397742391,0.38892948062713956,6.737154129727201,0.19261357907182264,5.816621448559978,0.5097369824263743,9.124977351530568,0.0757016343089962,7.496002371574713,0.570530278590266,95,0.4770970394736842,0.6292338188399552
33,1,0.0,0.1455660576715669,0.6315,0.024799999999999933,9,0.125,6.754227925293422,0.1203989928470633,6.596204611447379,0.29058663730153667,5.834202858301635,0.16679842436884224,5.369109585611659,0.40408866844853164,9.326254929734292,0.07737145123377168,6.73202160440957,0.7133939916809133,95,0.5212171052631579,0.5184600820448091
33,1,0.0,0.1455660576715669,0.6315,0.024799999999999933,5,0.125,8.193426818374283,0.14605375296918582,7.1958554812699616,0.485712770715172,6.90991122710785,0.19755266198365942,6.187774607944153,0.4454818234831761,8.7243715680759,0.0723781726331086,7.364314269586713,0.5376532445518838,95,0.5464226973684211,0.7233802392956581
33,1,0.0,0.1455660576715669,0.6315,0.024799999999999933,10,0.125,8.827853303813518,0.15736286345927453,8.093338326014933,0.4003731297508829,6.930013398371483,0.1981273781144836,6.355143973804595,0.399603766488094,9.193682669205824,0.07627161981508222,8.363244341187686,0.43139554894326576,95,0.5696546052631579,0.8253212068716617
33,1,0.0,0.1455660576715669,0.6315,0.024799999999999933,12,0.125,8.266512277009424,0.1473565540752137,7.418575947738179,0.44361069016227533,6.654532235248214,0.19025143943558184,5.94162301667109,0.4503802799645606,8.45435482742632,0.07013808942298062,6.898186933994269,0.5784130360214307,95,0.5010690789473684,0.5813228294764484
33,1,0.0,0.1455660576715669,0.6315,0.024799999999999933,17,0.125,7.232601098241852,0.12892634029004182,6.747008967504118,0.3698968956941859,5.827456066393311,0.16660553524805144,5.305083075651475,0.42216404739742147,8.481306494925766,0.07036168288502012,6.452048159021357,0.6516040156697899,95,0.555921052631579,0.46826923076923077
33,1,0.0,0.1455660576715669,0.6315,0.024799999999999933,2,0.125,6.825667803928134,0.12167246030061568,6.849738152909055,0.23312291218328168,6.37917340812746,0.1823789983128944,6.059616976605961,0.3367016481608852,7.910740606300735,0.06562821686248423,6.929809581570644,0.501077232455463,95,0.5452713815789474,0.4379006108136641
33,1,0.0,0.1455660576715669,0.6315,0.024799999999999933,18,0.125,9.791576043150037,0.1745419175988917,8.222626801694323,0.607280784741193,7.835543888221369,0.22401627203766744,6.674802204113017,0.552756034309844,9.810167517421057,0.08138603366387918,8.190947493016816,0.55164713549816,95,0.5336759868421053,0.7860389860543956
34,1,0.0,0.14529614921189185,0.6581,0.026600000000000068,4,0.125,9.48288850604136,0.1693588827640517,8.293050784931324,0.5124887080460807,7.3778236963292585,0.21342864080282078,6.517042383816966,0.473124475960073,8.887322812089034,0.07389480538314863,7.47371872568731,0.545571823850444,95,0.4931743421052632,0.5937135234283809
34,1,0.0,0.14529614921189185,0.6581,0.026600000000000068,9,0.125,7.216109085682122,0.12887551845369302,6.854373004001684,0.3351169909264928,5.96724544243621,0.17262286773667973,5.553621470866339,0.3851545503388399,7.3850620639924545,0.06140406233684688,6.262657077120991,0.5315781598686183,95,0.530016447368421,0.5124127230411172
34,1,0.0,0.14529614921189185,0.6581,0.026600000000000068,8,0.125,8.102762919108434,0.14471064110982024,7.457742707439921,0.3912636644424864,6.807185631268782,0.19692099415401235,6.200154769179058,0.4138391982942793,9.15867999834654,0.0761510401224271,7.662724867621519,0.5556788897024268,95,0.6276315789473684,0.3694968553459119
34,1,0.0,0.14529614921189185,0.6581,0.026600000000000068,3,0.125,7.887547121675068,0.1408670119262367,7.083591616026354,0.440474008909492,6.540141041982589,0.1891958212478806,5.588276689901176,0.5231875988531282,8.37641667343314,0.06964680961622553,6.6643259706410305,0.6158553255474482,95,0.5659539473684211,0.6717523975588492
34,1,0.0,0.14529614921189185,0.6581,0.026600000000000068,17,0.125,6.760938275571547,0.12074643206635181,6.738704071163898,0.24997897999263644,5.892197462046017,0.17045184968190502,5.637913612551502,0.33849823723067024,6.554902938200505,0.05450159594348073,6.862158544475309,0.24840780023911965,95,0.5488486842105263,0.5243482169613425
34,1,0.0,0.14529614921189185,0.6581,0.026600000000000068,15,0.125,9.466702742105934,0.16906981441794175,8.59378668883933,0.42688432567863793,7.882183659673966,0.22801896796197732,7.171882219653374,0.41620278600503324,9.692894226443524,0.08059283404088796,7.883826878632459,0.6059285536211698,95,0.49329769736842105,0.4601983829290656
34,1,0.0,0.14529614921189185,0.6581,0.026600000000000068,6,0.125,8.796390992411663,0.15709843576474816,8.054322025641582,0.40305702824067785,8.107241172690046,0.2345295218980091,7.115312062491062,0.49472310803637926,9.644970366828156,0.0801943648556942,8.41032249812941,0.4924705996782592,95,0.43273026315789476,0.6393956670467503
34,1,0.0,0.14529614921189185,0.6581,0.026600000000000068,0,0.125,7.805793408529087,0.13940693807728285,7.160823446401566,0.39867388035813267,6.621394763579628,0.1915463614714502,5.991768855339782,0.42659534317843206,9.398553614529662,0.07814550060948094,9.189925343622614,0.2738474921494575,95,0.7000411184210527,0.9386784140969163
35,1,0.0,0.14501853198729012,0.6537,-0.0044000000000000705,17,0.125,7.672729551416188,0.1373078164948178,7.175508453060861,0.3543517438143089,6.154281792202609,0.17833729741711268,5.6674572331446305,0.3898796628681844,7.97563893803941,0.06695480103047512,6.9682797583832805,0.4871058759597381,95,0.57109375,0.4520123839009288
35,1,0.0,0.14501853198729012,0.6537,-0.0044000000000000705,15,0.125,8.680723094251116,0.1553464286314848,7.868000122628546,0.43733398518562266,6.723088644814077,0.19482004557069668,5.949230035096844,0.48008998203920683,8.667313492030955,0.07276134925816241,7.712332617412401,0.456546465739619,95,0.5042763157894737,0.45678408349641225
35,1,0.0,0.14501853198729012,0.6537,-0.0044000000000000705,10,0.125,8.361816053234692,0.14963940752858323,7.512591243446583,0.454680492179705,7.394516055346604,0.21427650756726152,6.403649784276045,0.5433672956662667,8.264086962894854,0.06937629732210356,6.261410848892495,0.678096048955648,95,0.5987664473684211,0.8125944238428787
35,1,0.0,0.14501853198729012,0.6537,-0.0044000000000000705,14,0.125,7.626992985482842,0.1364893348892567,7.325336323918905,0.28958551799649834,6.442542834099022,0.1866904565505765,6.334895306851006,0.23346050499813076,8.842785857422621,0.07423442463211281,8.773839874071937,0.2476823112068512,95,0.6186677631578947,0.66502724976738
35,1,0.0,0.14501853198729012,0.6537,-0.0044000000000000705,3,0.125,6.651894048924421,0.11903939025768252,6.4087371862646485,0.2963977614230106,5.466624299009554,0.158410523989212,5.148603643613212,0.3499471326219428,7.8996301780880955,0.06631671404601536,5.958038220051714,0.6755250068530768,95,0.5878700657894737,0.6602084353360845
35,1,0.0,0.14501853198729012,0.6537,-0.0044000000000000705,9,0.125,6.673394102658325,0.11942414582777539,6.463101672776852,0.2844433393431074,5.273656112433394,0.15281873829537604,5.048089523113477,0.3221408755238966,8.247163292640401,0.06923422456988956,6.791374369376712,0.5726210043257113,95,0.5458881578947369,0.5329165411268454
35,1,0.0,0.14501853198729012,0.6537,-0.0044000000000000705,8,0.125,7.6366539173719,0.13666222270631093,7.138365934547978,0.35554560101423394,6.299811995293559,0.182554436636296,5.921325334433089,0.34421752528252786,7.825386145480486,0.0656934417954081,7.386987505394568,0.3652427524699935,95,0.6550986842105263,0.36480040170725586
35,1,0.0,0.14501853198729012,0.6537,-0.0044000000000000705,1,0.125,7.779112468588013,0.13921159871095445,7.017222941168831,0.43833053905478964,6.305873613789582,0.18273008875900576,5.73135000767357,0.41813182712756203,8.33377235142156,0.06996130014880923,7.249712517049449,0.4932043376070021,95,0.5193667763157894,0.8134747842609453
36,1,0.0,0.14473323644161884,0.6676,0.013900000000000023,16,0.125,8.997896428839635,0.1613814542257548,8.095662735489263,0.4550170213221767,6.725704742951264,0.19883552566465668,6.279041736626937,0.358415213264432,9.128400361873428,0.07691957723619275,7.479154857930009,0.5888487623355125,95,0.5280016447368421,0.44233315162370535
36,1,0.0,0.14473323644161884,0.6676,0.013900000000000023,5,0.125,7.324670331847959,0.1313713665439806,7.039428708062875,0.2957010879788173,5.611753657879763,0.16590320733815894,5.015127091083103,0.4488308383269072,7.0956048078916405,0.059790423340514896,7.421683710154448,0.21197833786386222,95,0.5982319078947368,0.7551721767819094
36,1,0.0,0.14473323644161884,0.6676,0.013900000000000023,1,0.125,6.9268113349746026,0.12423558052999306,6.668276915620017,0.298368651923087,5.596913421237689,0.16546447766350184,5.194478601030456,0.37741872871221027,9.15674977216936,0.07715846078297124,9.599776523539996,0.11720296127150164,95,0.5376233552631579,0.8264627151051626
36,1,0.0,0.14473323644161884,0.6676,0.013900000000000023,19,0.125,9.226568697353308,0.165482797637039,8.106656599987799,0.5173578023607034,8.291028911921192,0.24511202245838198,7.2553445335808116,0.5432878661246234,11.452918643999482,0.09650690430893319,10.355914343528296,0.43286991867919133,95,0.5394325657894737,0.7024925680310999
36,1,0.0,0.14473323644161884,0.6676,0.013900000000000023,9,0.125,6.9249423773784216,0.12420205990690707,6.598665932885999,0.32051963635432407,5.438171838409674,0.16077151725670916,5.102307541230945,0.3584093437552778,6.250701367865462,0.052670926732581204,6.229958228855748,0.33688477681971657,95,0.5641447368421053,0.5099854227405248
36,1,0.0,0.14473323644161884,0.6676,0.013900000000000023,8,0.125,7.191991538422847,0.12899171072140025,7.045427889000255,0.25355776574922456,5.979591911201943,0.1767778019351842,5.979911836903749,0.20538578346227773,8.081894439693691,0.06810129693316745,6.856025257197751,0.5297377629031622,95,0.6305509868421053,0.38611020541245517
36,1,0.0,0.14473323644161884,0.6676,0.013900000000000023,4,0.125,9.157096058236274,0.16423677356704935,8.192953983607657,0.47138116487563875,7.431006095257696,0.21968671829020525,6.721368702751986,0.4403168708941979,13.967416401459664,0.1176950749409997,11.789204470675443,0.6325735439283132,95,0.5115542763157894,0.5825898239691343
36,1,0.0,0.14473323644161884,0.6676,0.013900000000000023,10,0.125,7.3351134665679,0.13155866901863209,7.10553584844631,0.27712824641294537,6.025290052320487,0.1781287999730814,5.8438118759507285,0.27668282730385363,8.925443177028779,0.07520937827071986,7.408504758271942,0.5669681142712686,95,0.62265625,0.834709106517863
37,1,0.0,0.1444402938607496,0.6921,0.024500000000000077,2,0.125,8.745022889754901,0.15714602255257665,7.896420567284892,0.44397699117742606,7.586449404063781,0.2234131742892853,6.8011077518406,0.46215153231620554,10.51891713186383,0.0897156244227987,8.646560949340587,0.6252487605405498,95,0.5417763157894737,0.43594414086217365
37,1,0.0,0.1444402938607496,0.6921,0.024500000000000077,16,0.125,7.415670245209694,0.13325786544955007,7.16969877398773,0.2791990700985618,6.15395559797423,0.1812276970887422,5.797195882661033,0.3419318674177977,8.44071080051277,0.07199064604724059,6.737263701278134,0.6253485227963155,95,0.5281661184210527,0.42701440249124173
37,1,0.0,0.1444402938607496,0.6921,0.024500000000000077,6,0.125,8.265223237371414,0.14852413465763403,7.513080338901087,0.42282931568434534,7.59031385221965,0.22352697833428647,6.817425762029294,0.4576221106870271,12.601496541046053,0.10747790068780247,11.30257571541814,0.47224044737025367,95,0.4564144736842105,0.6441441441441441
37,1,0.0,0.1444402938607496,0.6921,0.024500000000000077,7,0.125,8.929459093219434,0.16046029813018595,8.185978307709437,0.4078948353239681,7.0432856971161275,0.20741755875629203,6.5255031046629295,0.37689463811241214,8.870721601765581,0.07565819918596452,8.275659201713465,0.36659370337850083,95,0.5694901315789473,0.635884476534296
37,1,0.0,0.1444402938607496,0.6921,0.024500000000000077,9,0.125,7.057086140991485,0.12681419269547572,6.676373415633189,0.33338426748952055,5.602248135025067,0.1649804766814545,5.392944616400124,0.30580983983156895,6.962196032013868,0.059380424480573936,6.8290120428956325,0.31150352015535804,95,0.5532072368421053,0.5221495466032406
37,1,0.0,0.1444402938607496,0.6921,0.024500000000000077,3,0.125,6.954787391788978,0.12497590802178882,6.588349674164567,0.3317140191702094,5.795180680638,0.1706621427868145,5.485610474576737,0.33657435292913007,7.698899119249368,0.06566374971804782,8.42404240328626,0.054195257242891405,95,0.6036595394736842,0.6696410326272052
37,1,0.0,0.1444402938607496,0.6921,0.024500000000000077,13,0.125,7.581197605640243,0.1362323535261635,6.921299799749513,0.40885111523615775,6.228266845477025,0.18341608731001002,5.557737536199244,0.4542771860155726,8.623462153878243,0.07354932852146881,6.630026603507165,0.6804380828449598,95,0.49054276315789475,0.6139983235540654
37,1,0.0,0.1444402938607496,0.6921,0.024500000000000077,1,0.125,7.232487552816683,0.12996611517365791,6.839968398039459,0.33232041031907134,6.07599289853881,0.17893177534336044,5.827860935846119,0.30336044164956744,8.76472630116851,0.074754167481965,9.002874744479632,0.1578040250044279,95,0.5412417763157895,0.8191141836967256
38,1,0.0,0.14413973636913754,0.676,-0.016100000000000003,14,0.125,8.03493549708209,0.14464347202608946,7.286568431502508,0.429146548284792,6.52840395545179,0.19253866298542577,6.017676758650015,0.3883049530685409,7.279892981579309,0.06303526789949301,6.622180831411639,0.41704919040076227,95,0.6240542763157895,0.6366212031363248
38,1,0.0,0.14413973636913754,0.676,-0.016100000000000003,15,0.125,8.65824142701379,0.15586411391830032,8.076105008504454,0.36265141398008277,6.574420456350395,0.19389580258933864,6.244474890516202,0.3165211693760381,10.004590228163018,0.08662792528031002,9.400658276399664,0.342379302273775,95,0.5293996710526315,0.4596504854368932
38,1,0.0,0.14413973636913754,0.676,-0.016100000000000003,6,0.125,7.304491026478148,0.1314941412830136,6.955062625242872,0.313404524680222,6.626583705031932,0.19543422487856177,6.455172289976108,0.2515133809270331,6.94675460868431,0.06015068338208685,6.705345509840911,0.3098278613506729,95,0.48832236842105264,0.6734590771303469
38,1,0.0,0.14413973636913754,0.676,-0.016100000000000003,10,0.125,7.859453427166588,0.14148447518285145,7.30430451501117,0.3694078780268494,6.555217242201592,0.19332945265105922,5.993612971717852,0.40706542440822563,8.572828033202656,0.07423055711074206,7.391645623440172,0.5253865604702245,95,0.6282894736842105,0.8152486910994764
38,1,0.0,0.14413973636913754,0.676,-0.016100000000000003,11,0.125,7.741721521544038,0.13936508647043708,7.013095453190653,0.4288831738354152,5.941854019548335,0.1752398651163495,5.47072535860957,0.39046953273013435,8.310119999334525,0.07195581607593166,7.599662936216361,0.4046223052200055,95,0.66484375,0.9123631640794112
38,1,0.0,0.14413973636913754,0.676,-0.016100000000000003,1,0.125,6.6335580559609575,0.11941612592276249,6.425459259711166,0.28406644304906126,5.556797739541981,0.16388360992251258,5.1032040747686995,0.39721243638248827,7.694582575533502,0.06662598959226763,7.3818529786388405,0.3075886461069106,95,0.5611019736842106,0.8335043236113147
38,1,0.0,0.14413973636913754,0.676,-0.016100000000000003,9,0.125,6.387012873367749,0.11497786363247549,6.258444602429825,0.26447731112773853,5.520677458790286,0.16281833415066302,4.999931436771881,0.4241018437248977,7.557768434503869,0.06544134085442711,6.9315191444738185,0.4003227062268383,95,0.5724917763157895,0.5648926237161531
38,1,0.0,0.14413973636913754,0.676,-0.016100000000000003,0,0.125,8.09041546247221,0.14564221244221706,7.249974376665404,0.4577225393768656,6.806417600247778,0.2007379680262886,5.993822947339734,0.49476836213048825,10.352083903913075,0.08963680975151174,9.365234179362503,0.443861202098532,95,0.6974506578947368,0.9401014031364225
39,1,0.0,0.14383159692629857,0.7003,0.02429999999999999,7,0.125,8.674161989425803,0.15652235645634466,7.860809226540025,0.44328439888994664,6.869217157690738,0.2054427204405666,6.169704145472179,0.4539356170998833,8.356373764169085,0.07300842134673782,7.965399256890894,0.3208497662108946,95,0.5876644736842105,0.6418975650713686
39,1,0.0,0.14383159692629857,0.7003,0.02429999999999999,9,0.125,6.730506764480873,0.12144974698491309,6.538779531737369,0.2700559830508729,5.5929706747838175,0.16727307994411644,5.374759967099743,0.30073469501374556,7.762043816947994,0.06781584709978915,6.875281169555779,0.4641598151114724,95,0.5782072368421053,0.5415303655241075
39,1,0.0,0.14383159692629857,0.7003,0.02429999999999999,14,0.125,6.737206514187656,0.12157064173106283,6.3629490105296425,0.33488294676871366,5.42907650348778,0.16237137664336804,5.052467584432917,0.3709243908709014,9.137118862570524,0.07982967763770274,7.929735999188992,0.5108946702681224,95,0.659375,0.6466699925168371
39,1,0.0,0.14383159692629857,0.7003,0.02429999999999999,6,0.125,7.5681522888991735,0.1365647807503526,7.248379764005536,0.2940629982710375,6.758005749007189,0.20211663919732104,6.4317579502898585,0.3092195743554372,7.337261326594466,0.06410458430665933,7.968171199889481,0.06009636474343022,95,0.4737253289473684,0.6844023956253797
39,1,0.0,0.14383159692629857,0.7003,0.02429999999999999,12,0.125,7.6872551774285025,0.13871395260073927,6.937873166798808,0.4399943798920288,6.158295928108697,0.1841806773181176,5.482708496529317,0.46278649562095825,9.074500948547822,0.07928259403662857,7.113458642561425,0.6858822163784029,95,0.5613486842105263,0.6251831233518899
39,1,0.0,0.14383159692629857,0.7003,0.02429999999999999,10,0.125,7.749914696894364,0.13984462270503,7.43214863645773,0.2892396320450589,6.179207270311313,0.18480608818103655,5.70794735261726,0.3830542192360897,6.631081970391693,0.0579347980525919,6.798490873696778,0.22254735346677407,95,0.6336759868421052,0.8255142430731296
39,1,0.0,0.14383159692629857,0.7003,0.02429999999999999,0,0.125,6.985887428003301,0.12605800577655704,6.500772341166962,0.3666040125714127,5.80501537380072,0.17361485642620955,5.539692382986527,0.31242953837807713,9.23887420255559,0.0807186992331422,7.984355508428091,0.520396407338788,95,0.7244654605263158,0.9408592996197287
39,1,0.0,0.14383159692629857,0.7003,0.02429999999999999,18,0.125,7.667002970185857,0.1383485082840519,6.992107329534799,0.4152947655513209,5.9829947491060445,0.1789378162636491,5.305719227649554,0.4685339967988942,8.75619731213301,0.07650162149286609,7.455290230485825,0.5408317515257128,95,0.5903782894736842,0.8243487950968101
40,1,0.0,0.14351590932319505,0.6219,-0.07840000000000003,10,0.125,8.974399718772904,0.1622650677510578,8.101540060699998,0.44699835597951426,6.864285293659581,0.20548533278023814,6.290993351838292,0.40274202807127996,10.165421573106954,0.08986091324745489,8.615968692770918,0.5723408056713222,95,0.6138980263157895,0.8118553248492967
40,1,0.0,0.14351590932319505,0.6219,-0.07840000000000003,0,0.125,6.267708691620227,0.1133257050454525,6.271316984862218,0.2318470884432592,5.472487240460296,0.16382125940777645,5.17563795826257,0.3415931633932212,8.45589109129957,0.0747489014912498,8.270580298254712,0.26553239469664375,95,0.7475328947368421,0.9464796479647964
40,1,0.0,0.14351590932319505,0.6219,-0.07840000000000003,18,0.125,7.224943892538251,0.1306333623370868,6.872193037786857,0.3199852214943913,5.997619122955368,0.17954130818367514,5.661190411772827,0.3376270353299071,7.464452641489132,0.0659847234502424,6.88069617864992,0.39789468612083273,95,0.6044819078947369,0.8312359703421536
40,1,0.0,0.14351590932319505,0.6219,-0.07840000000000003,7,0.125,7.889307641157536,0.1426456452818223,7.392699266562748,0.3497917163870093,6.317258156233273,0.18910984013023227,6.12163026860627,0.2723827826935006,7.3652359361145345,0.06510766157039356,7.185565802572461,0.29579987050402573,95,0.5763569078947368,0.761931939787401
40,1,0.0,0.14351590932319505,0.6219,-0.07840000000000003,3,0.125,7.148756588970757,0.12925582864541385,6.780580030401622,0.32712208994414976,5.915699866952698,0.17708902001955024,5.504982343278579,0.3688407863484579,8.023439971301993,0.07092609372096766,6.658381828527015,0.5699879443474193,95,0.5969161184210526,0.672452986154164
40,1,0.0,0.14351590932319505,0.6219,-0.07840000000000003,5,0.125,7.531625587271739,0.13617843805617266,6.958305999590442,0.38272174500149814,6.080074411408517,0.1820096427097672,5.423917629226725,0.45490993367830623,8.161376019790328,0.07214542921018127,7.030799977079605,0.5121078645953858,95,0.5900082236842106,0.7553836504286013
40,1,0.0,0.14351590932319505,0.6219,-0.07840000000000003,8,0.125,7.619702676071256,0.13777094955880537,6.904737288190247,0.4249469133760299,6.3400271641709764,0.18979144017641283,5.805095830027177,0.4023650778218663,7.601175558689878,0.0671933350275545,6.995693640124172,0.3991267310654015,95,0.6515625,0.3888047456771425
40,1,0.0,0.14351590932319505,0.6219,-0.07840000000000003,15,0.125,9.237556937101788,0.16702318252189788,8.263154330774995,0.4740536924713697,7.444345817133144,0.2228496940501203,6.581120737801471,0.49667033595057736,9.130980693821302,0.08071659970919226,8.166503765717572,0.45031073777004255,95,0.5244654605263158,0.46914935319482554
41,1,0.0,0.14319270817853014,0.6435,0.021599999999999953,10,0.125,7.133209713911251,0.12913428566434026,7.305155281725176,0.18609998394538702,5.649777086773778,0.1708102325677859,5.730511916179439,0.23803997968743756,6.438605519404226,0.056858746346894536,7.586072600538751,0.025606449383722182,95,0.6479440789473684,0.8168549308287854
41,1,0.0,0.14319270817853014,0.6435,0.021599999999999953,9,0.125,9.099275534461722,0.16472646863503412,8.005760259901823,0.4895430695353245,7.17975585302159,0.21706622194095165,6.209881930578308,0.5104884011960387,10.698076067642814,0.09447374772327576,8.443477902552832,0.6779139502729498,95,0.5643914473684211,0.49672155034241583
41,1,0.0,0.14319270817853014,0.6435,0.021599999999999953,11,0.125,8.89549171694302,0.16103731904310373,7.637621941206201,0.5354651874028556,7.502275308408434,0.2268169824286934,6.239788877753969,0.5855840320626583,8.64213835935176,0.07631794670262969,6.567779697400106,0.6785454851701098,95,0.6596217105263158,0.9120433861114574
41,1,0.0,0.14319270817853014,0.6435,0.021599999999999953,8,0.125,6.801017500921405,0.12312052666268898,7.0234748393212065,0.18232675245999103,5.534445761754691,0.16732340996464665,5.719349683879634,0.20796261575479869,6.5087961478105925,0.05747859347442224,6.428875858948937,0.3400951429538049,95,0.6091282894736842,0.4108950992304577
41,1,0.0,0.14319270817853014,0.6435,0.021599999999999953,19,0.125,10.60021477523502,0.1918983483997412,9.185732907340943,0.5494645721213512,9.27437228087173,0.2803929538962638,7.9589648105252495,0.5694077611606836,12.79134066246654,0.11295917912225209,10.293313639613055,0.7026655273936009,95,0.5466282894736842,0.7030239205656688
41,1,0.0,0.14319270817853014,0.6435,0.021599999999999953,0,0.125,7.292896027077854,0.13202512706788488,6.759576606990488,0.3839343768215639,5.650078362704854,0.1708193410708408,5.153866028606629,0.42349455669109864,7.464438155995175,0.06591778211209358,7.885810009185237,0.17632824201293945,95,0.7352384868421052,0.9356859236060623
41,1,0.0,0.14319270817853014,0.6435,0.021599999999999953,3,0.125,6.970839582325774,0.12619485842240397,6.469364750758634,0.38569715562164897,5.730122924002645,0.17323933568674688,5.1532391424068855,0.4442940808972842,7.667105443705262,0.06770751870489966,6.3658019401586685,0.5574909850545576,95,0.6064967105263158,0.6686101694915254
41,1,0.0,0.14319270817853014,0.6435,0.021599999999999953,14,0.125,8.221244604343267,0.14883125434869113,7.206676328861837,0.4870376222479578,6.438980983022214,0.1946703068665006,5.592705586309627,0.49654757845331565,7.8323571636787594,0.06916684178363838,7.119285673689876,0.42966374886205577,95,0.6260690789473684,0.6465913568895311
42,1,0.0,0.14286202893495145,0.5799,-0.06359999999999999,1,0.125,9.101113360511357,0.1649126956744508,7.96671358164212,0.49564356615247185,6.682291470830605,0.1998478911007633,5.821051636592634,0.4963864498866718,9.904716965165193,0.08564134273715991,8.732907458894429,0.4907548761809804,95,0.5369654605263158,0.8106286851979477
42,1,0.0,0.14286202893495145,0.5799,-0.06359999999999999,7,0.125,8.482692530340604,0.1537068747902507,7.625386300159874,0.4387427609224235,6.906111963696765,0.20654171068042249,6.114176566308858,0.4686168416765636,8.56184693009276,0.07403018884658712,8.749992441746897,0.1518061880180157,95,0.6119654605263158,0.7215615131357925
42,1,0.0,0.14286202893495145,0.5799,-0.06359999999999999,8,0.125,8.855670668796474,0.16046526003433256,7.66707099752414,0.5138298106626491,7.0105482898555875,0.20966509726543742,6.219614191721622,0.4654863999223209,6.839668303842411,0.059139335276107784,6.4109722777959215,0.37544522514107354,95,0.6488898026315789,0.37608516570559536
42,1,0.0,0.14286202893495145,0.5799,-0.06359999999999999,19,0.125,7.235972662233866,0.1311162393310275,7.082324348238662,0.28628256439877825,6.387020252729832,0.19101718826509992,5.940883271068058,0.3737603843545758,7.130821382609568,0.06165679647114977,5.833194902780685,0.5818227920905995,95,0.5761513157894737,0.7425064230659435
42,1,0.0,0.14286202893495145,0.5799,-0.06359999999999999,4,0.125,7.755640996895981,0.14053265933713618,7.5836726929238605,0.27512556178125364,6.409883193617717,0.19170095229136996,6.154233859173277,0.30943437349352,6.914951027061305,0.05979026891954769,6.5115695435338745,0.365930603781362,95,0.5174342105263158,0.6205499046408137
42,1,0.0,0.14286202893495145,0.5799,-0.06359999999999999,14,0.125,6.443320166031263,0.11675333067316754,6.754115540448771,0.18248514179328,5.258705313417393,0.1572725720502301,5.432481046793368,0.2070277172527859,11.02930142228902,0.0953650858050486,10.899321754872616,0.19641634777972472,95,0.6494654605263158,0.6569167458056347
42,1,0.0,0.14286202893495145,0.5799,-0.06359999999999999,6,0.125,8.857112186356101,0.16049138041512592,8.046219146208557,0.4185464930502934,7.731667501507672,0.2312316742862091,7.040871643313262,0.4161507795015867,9.67173895909866,0.08362689352695662,7.973633719765856,0.6217611872609119,95,0.4752467105263158,0.6581588510122859
42,1,0.0,0.14286202893495145,0.5799,-0.06359999999999999,15,0.125,10.77487187572458,0.19524129589269598,9.18476597782671,0.581915372935069,7.544659111820414,0.22563879758211905,6.427317345375081,0.5529363994534985,8.133412038770214,0.0703257175833136,6.791918644430864,0.5659245667076412,95,0.5256578947368421,0.4703535669586984
43,1,0.0,0.14252390785516453,0.6229,0.04300000000000004,4,0.125,8.769397549810344,0.15913100244828443,7.963394425688165,0.41949970526542224,7.099978730251538,0.21233396102784463,6.316107978146153,0.46233377808865594,9.933895698701004,0.08621270348739524,8.63964627018196,0.49423251581141187,95,0.5196957236842106,0.5906321702666351
43,1,0.0,0.14252390785516453,0.6229,0.04300000000000004,18,0.125,8.232731614378197,0.1493925696996162,7.401955852620675,0.4381157121353699,6.216479521047814,0.18591178516189683,5.619383553816285,0.42802604300067076,9.158607720805714,0.07948425831513828,6.865265137031555,0.6851915240235835,95,0.5889802631578948,0.8302848366378107
43,1,0.0,0.14252390785516453,0.6229,0.04300000000000004,14,0.125,8.341390371665586,0.15136431027514763,7.176646690906358,0.5204392221904052,6.673782727711349,0.1995880234931296,5.824009083180844,0.4946629317339233,7.4471301298597306,0.06463096062117901,6.579955669598742,0.48791818662601205,95,0.6342105263157894,0.6611773858921162
43,1,0.0,0.14252390785516453,0.6229,0.04300000000000004,1,0.125,6.75474584321937,0.12257278464221606,6.755906130649244,0.2559966851217505,5.711982229270789,0.17082414724624903,5.587564754402005,0.28717945222712765,7.861843328078857,0.06823010712671863,7.795840621374156,0.3100439787628569,95,0.5650904605263158,0.8242014116277377
43,1,0.0,0.14252390785516453,0.6229,0.04300000000000004,16,0.125,8.832537603988978,0.16027675277594544,7.859181695028724,0.4616240396027841,6.319853134470526,0.18900330552241318,5.674486665425648,0.4402367850707928,7.47086126951145,0.06483691463642795,5.986730278772919,0.5986898071396937,95,0.5354029605263158,0.4818370324859842
43,1,0.0,0.14252390785516453,0.6229,0.04300000000000004,3,0.125,7.845076913146105,0.14235812054156805,6.800523922126071,0.5022647985592344,5.948825270684273,0.17790724186326984,5.234177118716652,0.47530475350405166,7.615280268348784,0.06609027512080848,6.030008488009769,0.6107414230675526,95,0.6150082236842105,0.6449154242160862
43,1,0.0,0.14252390785516453,0.6229,0.04300000000000004,6,0.125,7.717870832060783,0.14004981702520358,7.143106443020456,0.3841406077893161,6.204494956614276,0.18555337140686345,5.748817845049523,0.38178057229801005,7.244865814773639,0.06287558146767344,6.688659509820211,0.43606928122269517,95,0.4876644736842105,0.6769814502529511
43,1,0.0,0.14252390785516453,0.6229,0.04300000000000004,2,0.125,9.145558901936756,0.16595689130851435,8.504603732713973,0.3679274866079309,7.205447484118091,0.2154881392478071,6.414906985321773,0.4618445187231351,10.123496506425067,0.0878581806207441,7.254388451437031,0.7590536494444657,95,0.5623766447368421,0.44103239014403745
44,1,0.0,0.14217838201795596,0.551,-0.07189999999999996,3,0.125,6.161905526877203,0.11199108053779419,6.274289010917854,0.2537251374474864,5.338317601646199,0.16002605759740884,5.1738693832328835,0.3147545290881566,6.416145782256803,0.05728575770724911,5.308493617653152,0.5648003173815997,95,0.6281661184210526,0.6878313805066439
44,1,0.0,0.14217838201795596,0.551,-0.07189999999999996,6,0.125,6.854689643635501,0.12458225732178861,6.570561781964527,0.3359813862370122,5.390735686777031,0.16159738776849228,5.144874514119466,0.3410042187823439,6.719333384596181,0.05999273041592506,6.462359607774192,0.3609662311711941,95,0.4920641447368421,0.6954123840561545
44,1,0.0,0.14217838201795596,0.551,-0.07189999999999996,8,0.125,8.619535508795778,0.15665788629075844,7.424520407727346,0.5200352191383012,6.7670048976703745,0.20285363223473435,5.67905251867643,0.5684094670950878,6.943852817816673,0.06199732418429078,6.540396246523154,0.38620373374426925,95,0.6696957236842105,0.37889114017314424
44,1,0.0,0.14217838201795596,0.551,-0.07189999999999996,15,0.125,11.282876942318994,0.20506344585027078,9.642482087369157,0.5878574618049367,7.951513718320421,0.23836150023785393,7.046807125637455,0.4843896400628368,8.641074898217866,0.07715075993416518,7.8694519358522985,0.4158065858629545,95,0.5124177631578948,0.4651741293532338
44,1,0.0,0.14217838201795596,0.551,-0.07189999999999996,18,0.125,7.577904614521321,0.1377265072128867,7.13740519157394,0.3538696003431325,6.362915457788287,0.19074029526109032,5.83996074074549,0.3981713750448688,9.324852439706142,0.08325578246586612,7.499995225855668,0.6258012644738792,95,0.5909950657894737,0.8254365824810408
44,1,0.0,0.14217838201795596,0.551,-0.07189999999999996,12,0.125,7.572823651366189,0.1376341619876258,7.109110320853548,0.3602180990518792,5.431581930425297,0.16282183034131326,5.058600038072466,0.38308648879705154,7.996001352157253,0.0713913012003603,6.2437352365518,0.6400121735359318,95,0.5094572368421053,0.621226795803067
44,1,0.0,0.14217838201795596,0.551,-0.07189999999999996,13,0.125,9.104381097610142,0.16546983271682147,8.082146889055483,0.46733715349586347,6.751247109884868,0.20238126306453105,5.99469533804981,0.4638597884771066,6.109889738287696,0.05455138880002894,5.480298713304115,0.47685626324291785,95,0.511389802631579,0.5495698319530433
44,1,0.0,0.14217838201795596,0.551,-0.07189999999999996,5,0.125,8.129199349354625,0.14774615012683245,7.3169048243562145,0.43573706747183244,6.2998352048375486,0.18884934666169617,5.620022768453117,0.45227712252988045,8.527210151459137,0.07613413273840287,6.472167017448536,0.686116865958057,95,0.5792351973684211,0.7482075672605949
45,1,0.0,0.14182548931412756,0.6086,0.057599999999999985,14,0.125,8.789091252204777,0.15991294130173755,7.771389601897328,0.4698911822569905,7.019188289098085,0.21209280348661697,6.342181437258825,0.42908434048420335,9.080251232559718,0.07998195207261435,7.935504085701635,0.5001220898246722,95,0.6160361842105263,0.6617274062207983
45,1,0.0,0.14182548931412756,0.6086,0.057599999999999985,12,0.125,7.550924091267194,0.13738513417729997,7.0378383919339536,0.3783621090674205,5.502417812662574,0.16626184848964326,5.185539149490155,0.36710029832528546,7.919016201333699,0.06975339757188409,6.638911239529839,0.5581264331052331,95,0.5524259868421053,0.6471901749162635
45,1,0.0,0.14182548931412756,0.6086,0.057599999999999985,17,0.125,9.647408110308103,0.17552956984837345,8.287644907186142,0.5341930668777974,7.591914055425099,0.22939836766388536,6.354591594932279,0.5862751972045988,9.420143919422275,0.08297584286860829,8.597845201012143,0.41079078278411263,95,0.5703125,0.4534967555875991
45,1,0.0,0.14182548931412756,0.6086,0.057599999999999985,9,0.125,9.304136034948721,0.1692839130833808,7.807126598127895,0.5718397181619712,7.293133567528448,0.22037037344359606,6.414330798338716,0.4850765793758812,7.668937822862522,0.06755062185907594,7.8063926485085675,0.18639439158883547,95,0.5480263157894737,0.524984993997599
45,1,0.0,0.14182548931412756,0.6086,0.057599999999999985,2,0.125,9.662864011858474,0.17581078193349886,8.408888797821827,0.5090696529825514,7.582904882471279,0.22912614519738744,6.572501407150553,0.5186987622311487,8.817271613376192,0.07766553782823868,8.16851974670628,0.3768628980963218,95,0.5642269736842105,0.4335373852208133
45,1,0.0,0.14182548931412756,0.6086,0.057599999999999985,16,0.125,8.14945786608352,0.148275144720233,7.678958358465781,0.3499394867281026,6.04870437680208,0.18276852192870371,5.811593933319344,0.31729566532684594,7.942502489086223,0.06996027281060548,6.510321051848257,0.5938924025422468,95,0.5141447368421053,0.49120281509916824
45,1,0.0,0.14182548931412756,0.6086,0.057599999999999985,3,0.125,6.998474429012538,0.12733360007926317,6.575731866786246,0.37431344436155417,5.2933907983192,0.15994585814281356,5.08792633715944,0.34008030647790405,5.967008720293242,0.05255944943153612,5.474190405240415,0.42699545099598235,95,0.6151315789473685,0.666644385026738
45,1,0.0,0.14182548931412756,0.6086,0.057599999999999985,15,0.125,7.496456937341825,0.1363941326575063,7.619524826317088,0.21171921694249515,5.8774894462883305,0.17759506694847071,5.51614940651047,0.3654494318829245,7.021140043862682,0.06184459791923993,6.40622427413988,0.4165963110299617,95,0.5415296052631579,0.48101746393318146
46,1,0.0,0.14146526844234109,0.6139,0.005299999999999971,14,0.125,6.262242189137752,0.11404020229824217,6.057700265486862,0.32768893669050236,5.067231511363701,0.1528427447626483,4.650327928006286,0.411862283678244,8.952271824446834,0.07955642357093205,8.631047823822904,0.3088100793153937,95,0.644202302631579,0.6811769962341226
46,1,0.0,0.14146526844234109,0.6139,0.005299999999999971,5,0.125,8.32438084465059,0.15159331863245556,7.2775383035065,0.49399039139465317,6.605935519256505,0.19925462537560493,5.783470409865017,0.49201425495776147,10.780130765760672,0.09580011266066371,8.607073751781225,0.6615546375939702,95,0.5891036184210526,0.7322537865568507
46,1,0.0,0.14146526844234109,0.6139,0.005299999999999971,18,0.125,8.741537777786402,0.15919006427213075,7.409189852195011,0.558891404482291,6.650058129342154,0.20058549427639605,5.727251055776904,0.5238558655461723,8.010670183107505,0.07118866391366704,6.6279819511476274,0.5631722323252132,95,0.5775493421052632,0.8158194503773316
46,1,0.0,0.14146526844234109,0.6139,0.005299999999999971,3,0.125,7.158327566521789,0.13035859986686812,6.477880009093813,0.42748791231169997,5.256850954497876,0.1585622300642371,4.77529618334143,0.4251132524610337,7.293283577500492,0.06481344276545181,5.284331244652203,0.7010798100260444,95,0.6157894736842106,0.6129807692307693
46,1,0.0,0.14146526844234109,0.6139,0.005299999999999971,17,0.125,6.832055189031581,0.12441693124251314,6.699844288936916,0.2844036071724467,5.055448591174031,0.15248733691142427,5.01632495261523,0.27573848195982303,6.551038241029099,0.058217308785179625,5.352263041050461,0.5795379675988697,95,0.5715049342105263,0.5480250377725017
46,1,0.0,0.14146526844234109,0.6139,0.005299999999999971,15,0.125,9.286599512073161,0.1691160538084204,8.328600608758403,0.4515202917712823,6.840774633230405,0.20633807018701822,6.002887200013435,0.49095977680895014,7.379979962945246,0.06558389014437038,7.028870695678814,0.36504592135143205,95,0.5487253289473685,0.47793180966654175
46,1,0.0,0.14146526844234109,0.6139,0.005299999999999971,13,0.125,8.488452683616128,0.1545811918481433,7.529222701682149,0.4674320903375714,6.841659743667623,0.20636476774530801,6.161216026890308,0.4378895097242315,6.595821929147078,0.05861528933479308,5.906680181248872,0.47299967731770487,95,0.5480674342105263,0.5202190711981394
46,1,0.0,0.14146526844234109,0.6139,0.005299999999999971,0,0.125,7.0666446111307675,0.12868898338377702,6.610906953599783,0.3687610334564315,5.519217613864621,0.1664759873618641,5.025964200966429,0.4176223379211171,7.937048307375558,0.0705344061738805,6.682768213253449,0.5396895127720489,95,0.7432976973684211,0.9487193671516292
47,1,0.0,0.1410977589048744,0.6977,0.08379999999999999,1,0.125,7.824968258441838,0.14274274267681575,7.170247097795967,0.40099137701136855,5.955114648718159,0.1808258605025971,5.367919280764986,0.4338032247242703,11.076470154978624,0.09828768802740216,10.6565322086125,0.27536544566700794,95,0.5486842105263158,0.8328836930455635
47,1,0.0,0.1410977589048744,0.6977,0.08379999999999999,5,0.125,6.567856514451969,0.11981056298461581,6.502834760322245,0.2711349587631894,4.8550098627267,0.14742139958046352,4.727439031294269,0.32821578784015587,6.680825798921621,0.05928268777889334,6.67904228144471,0.26022328277663614,95,0.63984375,0.7730222993380889
47,1,0.0,0.1410977589048744,0.6977,0.08379999999999999,18,0.125,6.0046621703390715,0.109536795387921,6.294225986322954,0.18540478455269324,5.275976078719271,0.16020395419773928,4.952806734810858,0.3740533076090442,8.4920452546313,0.07535464665398116,8.617282562547452,0.1679614293763373,95,0.6456825657894737,0.8746099471438579
47,1,0.0,0.1410977589048744,0.6977,0.08379999999999999,19,0.125,9.976103803409657,0.18198366703801397,8.642384872672169,0.542257790661608,8.005948774471413,0.2430990269171594,7.122977895959505,0.4755558832210609,10.982473169025175,0.09745360042533734,10.110085326504018,0.39939880347788026,95,0.553125,0.7133511745465358
47,1,0.0,0.1410977589048744,0.6977,0.08379999999999999,2,0.125,9.44344042312914,0.172266844002634,8.146326571935408,0.5405426948866864,7.029523579645952,0.2134500719455309,6.090147912451161,0.5147774299890262,11.638459366106426,0.10327453126222708,10.228399430374141,0.5308060755597098,95,0.5615542763157895,0.4314271069781065
47,1,0.0,0.1410977589048744,0.6977,0.08379999999999999,12,0.125,7.793699915249754,0.14217234687215766,7.212849777338641,0.3812216125904629,5.887772415407474,0.17878102711065016,5.359051744871206,0.4170029671103246,6.822011062996463,0.0605355032512681,5.655733028520886,0.5616949948406735,95,0.5480263157894737,0.6407563025210085
47,1,0.0,0.1410977589048744,0.6977,0.08379999999999999,10,0.125,8.099745737114125,0.14775522191456703,7.460938598095056,0.3896782568673781,6.274916512135537,0.19053657986804692,5.521611772005591,0.47674114762630715,6.747798709752021,0.05987697571303513,5.601181225085517,0.5594815695148744,95,0.6347861842105263,0.8253659800492291
47,1,0.0,0.1410977589048744,0.6977,0.08379999999999999,9,0.125,7.7593879988752805,0.14154643033319841,6.802136796156987,0.4847508448906806,5.94516962592931,0.1805238818826055,5.189691858299044,0.48863234727426624,7.2521324988351585,0.0643522102805025,6.419679542232792,0.4653717762556539,95,0.5749588815789474,0.5591074876635915
48,1,0.0,0.14072300100328974,0.6148,-0.08289999999999997,5,0.125,6.823118096314636,0.12463518612404895,6.4128522157588925,0.35277522274709916,5.118249686984299,0.15666439017884592,4.716581010741307,0.39602344966640374,6.977554873557585,0.0622218893716856,5.284761691829192,0.6529582610786269,95,0.6236019736842106,0.7771989977581432
48,1,0.0,0.14072300100328974,0.6148,-0.08289999999999997,19,0.125,6.378559534842169,0.11651461159052479,6.362743440779496,0.24119059487089523,5.169311057891279,0.15822732653874655,4.920821052534696,0.3345453525090228,7.176775391570327,0.06399842531543498,6.146585809580517,0.5271445331050351,95,0.5892680921052632,0.7988974949410369
48,1,0.0,0.14072300100328974,0.6148,-0.08289999999999997,8,0.125,8.175086086998384,0.149331048012126,7.024833803646425,0.5393583587702189,5.934667707445841,0.18165411110470983,5.283971524790098,0.4579331717411326,9.688180501498085,0.08639371618008966,7.56079620181173,0.6510705025848549,95,0.61640625,0.4085117737309052
48,1,0.0,0.14072300100328974,0.6148,-0.08289999999999997,3,0.125,7.839083076738901,0.14319341458254328,6.924163527259122,0.47821041991662727,6.202154813397614,0.18984161794737228,5.5312629397235575,0.45719941584821777,7.498882341604351,0.0668707929820542,9.21714532929905,-0.11762962366819221,95,0.6172286184210526,0.6722403570714809
48,1,0.0,0.14072300100328974,0.6148,-0.08289999999999997,15,0.125,7.537181705989626,0.13767870224673232,7.02188670041473,0.3650184736177306,5.641129758222006,0.1726692145830638,5.032474100357962,0.4523939380799874,9.301747045878852,0.08294772110577235,6.512621114842631,0.7657084201272483,95,0.5525082236842105,0.5200565602441021
48,1,0.0,0.14072300100328974,0.6148,-0.08289999999999997,12,0.125,7.1801826061923,0.13115754159535936,6.555363710069708,0.4081536875046019,4.948865884821914,0.1514797251674014,4.424143584103325,0.44990895609613535,8.56208908338801,0.07635186958629499,5.7902222048759855,0.7763317524955538,95,0.5636101973684211,0.6717735463631721
48,1,0.0,0.14072300100328974,0.6148,-0.08289999999999997,0,0.125,7.8750401347936885,0.14385022786935306,7.022995480270121,0.4588692770612031,6.477683944340608,0.19827528295309907,5.790829949882951,0.4554150020409199,9.881593771841935,0.0881184663724468,8.174327249323053,0.5730512455908819,95,0.7323601973684211,0.9436864858795126
48,1,0.0,0.14072300100328974,0.6148,-0.08289999999999997,10,0.125,7.241329008846533,0.13227447862738034,6.734951128219701,0.37018369277378166,5.692858823709416,0.1742525883914412,5.18150281001789,0.41438240494509376,6.6595684254072935,0.05938626601120392,5.995833317707025,0.480191396151086,95,0.6502467105263158,0.8231946376628304
49,1,0.0,0.14034103583401422,0.6593,0.044499999999999984,15,0.125,7.7934218427182005,0.14265472101098414,7.543628717058606,0.26915444039547776,5.425532469871996,0.16838243510583512,5.228655077742557,0.2902995400613146,6.656575523500066,0.06124216976113274,6.772566177363344,0.19201226259532225,95,0.5270559210526315,0.5622562022156342
49,1,0.0,0.14034103583401422,0.6593,0.044499999999999984,14,0.125,7.027398469271403,0.1286330431354244,6.457878586713956,0.3945194397420514,5.296026316063012,0.1643631869194793,4.814525337052272,0.416622541051666,9.103036084834214,0.08375022251020789,7.729978813510842,0.5825791672347966,95,0.6526315789473685,0.6851688508064516
49,1,0.0,0.14034103583401422,0.6593,0.044499999999999984,7,0.125,8.323354547444055,0.15235487630514388,7.653300935441455,0.3968111981501312,6.361766244275797,0.19743862887812277,5.699049233900688,0.45876112320113865,8.199626706748504,0.07543862891359031,7.146758665558417,0.5083766846335331,95,0.6053453947368421,0.6567042521396549
49,1,0.0,0.14034103583401422,0.6593,0.044499999999999984,18,0.125,7.05323680257249,0.12910600100975012,6.348422820465667,0.4369595241576,5.162992601819145,0.1602344602221558,4.785249016768661,0.3783469517536128,7.066745989896596,0.06501584126014567,5.609513908827322,0.6433126691919907,95,0.6488075657894737,0.8812345522529945
49,1,0.0,0.14034103583401422,0.6593,0.044499999999999984,8,0.125,6.5772968053597785,0.12039415544427672,6.436506404447747,0.2656400737027445,5.465308815264389,0.16961690157230155,5.1895484523354725,0.32323881948282784,5.670221467471803,0.05216746425668702,5.7965427388679345,0.22855437670773748,95,0.6522615131578947,0.4562819138876631
49,1,0.0,0.14034103583401422,0.6593,0.044499999999999984,6,0.125,8.252848709830852,0.15106430192108755,7.488150309283666,0.42849544821702695,6.873057532567439,0.21330665153746875,6.157355436693707,0.4688318295476124,8.878324253228584,0.08168281711685768,8.618573328376653,0.2561065509304923,95,0.47676809210526316,0.6713238464855541
49,1,0.0,0.14034103583401422,0.6593,0.044499999999999984,5,0.125,7.091905220465386,0.12981380721834143,6.522150966382772,0.39282293374741784,4.828722023738535,0.14986030907035625,4.695759632537217,0.286952173727426,5.593867483032549,0.05146498838745675,5.2378357113872145,0.38640175051389253,95,0.6364720394736842,0.7828025066218748
49,1,0.0,0.14034103583401422,0.6593,0.044499999999999984,11,0.125,8.042012422700768,0.14720504826761874,7.272794471708748,0.43413325180533235,5.917078628084959,0.18363766388686747,5.361818632644927,0.4266015586988085,7.402264843300959,0.06810269913559668,6.542076597713016,0.471381478926252,95,0.6847861842105263,0.9215203554701573
50,1,0.0,0.13995190528383292,0.722,0.06269999999999998,12,0.125,7.316932975870666,0.13421032071389533,6.917139408142321,0.33338724289681543,5.400555401776162,0.16695357328255922,5.159203682234009,0.3123258731024923,6.865359619981514,0.06347247276694994,6.052737576537732,0.4722425784009419,95,0.5631167763157895,0.6914202263599853
50,1,0.0,0.13995190528383292,0.722,0.06269999999999998,18,0.125,6.117775613204944,0.11221486240362635,6.171914419261554,0.2225901823710516,4.450090131030778,0.13757074847536838,4.1598285594279,0.37654143871670853,6.967014349819073,0.0644123036612365,6.244614506454603,0.44345387260462016,95,0.6488075657894737,0.873439381456366
50,1,0.0,0.13995190528383292,0.722,0.06269999999999998,4,0.125,9.185875328279863,0.1684912623789067,8.193359165871662,0.4788895121850943,7.402205511319159,0.2288328826105816,6.659808909662109,0.46675985240886225,9.52838221898384,0.0880929790112248,8.310305727296843,0.5288714221434881,95,0.5252467105263158,0.6207922342257711
50,1,0.0,0.13995190528383292,0.722,0.06269999999999998,5,0.125,6.264806772909239,0.11491177095314076,6.207733166559085,0.25463679026983016,4.882641895785786,0.15094271809385887,4.796878653819857,0.2665841313085917,5.989478875896752,0.05537467166790633,6.232159040883244,0.1816134966629547,95,0.6450246710526316,0.7889335118250781
50,1,0.0,0.13995190528383292,0.722,0.06269999999999998,13,0.125,8.529213477411783,0.1564464892620533,7.593884297391735,0.47264877869361993,5.999149686261092,0.18545860606278175,5.498252280135076,0.40108429539325563,8.154293812556665,0.07538908674861301,6.883102223150951,0.5667071388061181,95,0.5222861842105263,0.6087230357424027
50,1,0.0,0.13995190528383292,0.722,0.06269999999999998,9,0.125,7.912786144413339,0.14513971491666058,6.963470475704959,0.4889399627002471,6.244639777310371,0.1930477232659232,5.4080995792396145,0.5284640313432679,6.2082315583225425,0.05739711105149766,5.314903669921399,0.5169809560030684,95,0.5491365131578947,0.6473979782852864
50,1,0.0,0.13995190528383292,0.722,0.06269999999999998,8,0.125,6.612603831223795,0.12129121366413423,6.5873632507934925,0.2315348874718149,4.968293500624466,0.15359056455063266,4.90786962889956,0.2514612609113133,5.734449490044426,0.05301684241433442,5.112211741767444,0.46078183875106987,95,0.6495888157894737,0.4332826940119002
50,1,0.0,0.13995190528383292,0.722,0.06269999999999998,17,0.125,8.452034398546258,0.15503083751820054,7.374313122228985,0.516601673430128,5.863204646677409,0.18125598088073655,5.193467129672078,0.47329649517303013,7.2568407631905805,0.06709184270188989,7.036588561103247,0.28471246241269066,95,0.5767680921052631,0.5182148713195979
51,1,0.0,0.13955565202529577,0.7237,0.0017000000000000348,5,0.125,6.870676630577535,0.1263063474739867,6.5486477871527145,0.3144047771730652,5.149413641137993,0.16034772493341562,4.786903103422748,0.3740961209579149,5.821739105375311,0.05466512228210244,5.35513210627801,0.40194831836749534,95,0.6492598684210527,0.7813806206459785
51,1,0.0,0.13955565202529577,0.7237,0.0017000000000000348,0,0.125,6.629665347348639,0.12187574237911389,6.340497712730173,0.3101644238347329,5.0055643207750675,0.15586839721556775,4.726916524178506,0.3454432383455241,7.8865911834449784,0.07405372580744969,7.986328740682882,0.14550749303918373,95,0.7662828947368421,0.9496136509980683
51,1,0.0,0.13955565202529577,0.7237,0.0017000000000000348,4,0.125,7.239240185786575,0.13308179609040163,6.767376518497212,0.3559099996429751,5.5907262973975635,0.17408977118315255,5.1464269618844956,0.3908804972793053,8.182338236167643,0.07683073942984452,7.039451639891207,0.54712727703888,95,0.5590049342105263,0.6881206325855094
51,1,0.0,0.13955565202529577,0.7237,0.0017000000000000348,11,0.125,6.895516597717326,0.1267629903476795,6.413830964632605,0.3684179279779459,5.201322155111805,0.16196410549641418,4.75597882235279,0.40582563863549215,5.374100681816279,0.05046187498449883,5.398203874315179,0.2567325598615527,95,0.6980263157894737,0.9310202639019792
51,1,0.0,0.13955565202529577,0.7237,0.0017000000000000348,6,0.125,8.066667866330988,0.1482927241761923,7.295838013268756,0.43745209983064637,6.763359298378202,0.2106044206156529,6.28904126606473,0.36964990616273236,7.164352752944775,0.0672720319861526,6.376976997529322,0.4599812754698405,95,0.49300986842105265,0.7120100083402836
51,1,0.0,0.13955565202529577,0.7237,0.0017000000000000348,1,0.125,7.566178595026479,0.1390920332970647,7.008330082871798,0.37711827308120216,5.694560239238307,0.1773230589913062,5.165611270664211,0.4216534133254127,8.223348858954505,0.07721582207764627,7.129012226841587,0.5316830118777326,95,0.5677631578947369,0.8387891077636153
51,1,0.0,0.13955565202529577,0.7237,0.0017000000000000348,2,0.125,7.699525661730016,0.14154340480634767,7.224761717368837,0.34589106080521304,5.703791409556741,0.17761050864328384,5.396833597325808,0.33017589238541506,5.921109159636322,0.055598189887681296,5.356584653664877,0.42930978758061294,95,0.5537006578947369,0.5023020941630774
51,1,0.0,0.13955565202529577,0.7237,0.0017000000000000348,19,0.125,8.176881534842696,0.1503188253391359,7.390646238788326,0.44041060861243353,6.67238120251479,0.20777145132883362,5.886628614001995,0.4968149364844688,9.374104785475591,0.08802122099736888,8.801674977225918,0.34672704080286854,95,0.5702713815789474,0.7629245078953061
52,1,0.0,0.139152319512038,0.7179,-0.005800000000000027,1,0.125,6.857816377242587,0.12638326403545752,6.298802950282515,0.39647098745263215,5.3805850531088435,0.16955964503068421,4.756981449027795,0.47014403906075114,7.272964047756331,0.0688200108360319,5.929963577132821,0.5827538400864172,95,0.57421875,0.8544933762978876
52,1,0.0,0.139152319512038,0.7179,-0.005800000000000027,6,0.125,6.552062337577001,0.12074849760263262,6.120835882795922,0.3578439289967412,4.777873163852011,0.15056624319994572,4.519094902911939,0.34744682190810067,6.204922380757193,0.058713726986204605,4.802481444820408,0.6338484210420109,95,0.5030838815789473,0.7185124642419289
52,1,0.0,0.139152319512038,0.7179,-0.005800000000000027,14,0.125,6.9130909153218205,0.12740192305987932,6.670630603955405,0.27694466417771424,5.1812999970822196,0.16327952808684545,4.758216386174541,0.3975133727362892,7.953474729074849,0.07525930465831106,6.7162116607221405,0.5398997446108036,95,0.6680921052631579,0.6814992614475628
52,1,0.0,0.139152319512038,0.7179,-0.005800000000000027,3,0.125,6.650873637931117,0.12256949921238443,6.304079748017418,0.3235754600914158,4.982162983521187,0.15700407644011982,4.529277097372609,0.417963910482729,7.0860728877309755,0.06705156380760592,6.02302390665138,0.5268245695116153,95,0.6299753289473684,0.6882057306964298
52,1,0.0,0.139152319512038,0.7179,-0.005800000000000027,13,0.125,7.206785112801308,0.13281443766568107,6.571073112071087,0.4158597863522206,5.596444064537986,0.17636206093775217,4.863436102350558,0.5053929511413335,6.203977572347955,0.05870478679008446,4.489368754921361,0.6961106449407749,95,0.5665707236842106,0.599027505624501
52,1,0.0,0.139152319512038,0.7179,-0.005800000000000027,10,0.125,8.061642741561778,0.14856867946295133,7.239793656259325,0.46553397549150344,5.622807428831835,0.17719285585082523,4.9503985068910445,0.4809996017721277,6.021318592941593,0.056976386531331316,5.504743393327473,0.4435557518237405,95,0.6499588815789473,0.8308977035490606
52,1,0.0,0.139152319512038,0.7179,-0.005800000000000027,2,0.125,7.42098739972189,0.13676198929081917,7.00782869618703,0.32919542067590435,5.204861327755295,0.16402202185396264,4.844908005086172,0.37063572280384266,6.241528597711726,0.059060111243150616,5.427822258861394,0.5034242649519064,95,0.5762335526315789,0.49507635221920937
52,1,0.0,0.139152319512038,0.7179,-0.005800000000000027,19,0.125,6.31245933747029,0.11633283413770473,6.0635405189986304,0.2966160753105416,5.127488162693529,0.16158374306582357,4.622532943972039,0.43278397406028946,6.535855863648377,0.06184516634559522,5.372011866019443,0.5696127958174074,95,0.5932154605263158,0.8026616760241214
53,1,0.0,0.13874195197401476,0.6787,-0.03920000000000001,7,0.125,8.464639146349699,0.15644498611010396,7.662870415782538,0.43715982734606823,5.874735937996965,0.1888426485822705,5.432554225335857,0.3817370908852955,7.021395472998519,0.06793796346014282,5.832009482446319,0.5725604661008351,95,0.61328125,0.6686557157224271
53,1,0.0,0.13874195197401476,0.6787,-0.03920000000000001,8,0.125,7.421061818862797,0.13715740188108066,6.851305340688147,0.38427543574930817,6.022485938045977,0.19359205376945915,5.579750729804996,0.37785723721139963,10.329535763595741,0.09994702989827646,8.939747562132887,0.569502035933513,95,0.6403371710526315,0.44339562062544147
53,1,0.0,0.13874195197401476,0.6787,-0.03920000000000001,6,0.125,6.384639547745279,0.11800205869328449,6.274936376478749,0.2598776407817598,5.095679863838072,0.16379998896471631,4.811111022022669,0.3367859699920803,7.6805415210470445,0.0743157611927201,6.773341268595805,0.4775277164713075,95,0.53046875,0.7345942175025192
53,1,0.0,0.13874195197401476,0.6787,-0.03920000000000001,9,0.125,7.382246962718577,0.1364400187150225,7.0241212667102735,0.3150860830994336,5.365760211313836,0.17248168779946135,4.999285024876792,0.3638971832267622,5.653438771598554,0.05470182076569358,5.523112127873102,0.3146177246448638,95,0.5788240131578948,0.5646799744263693
53,1,0.0,0.13874195197401476,0.6787,-0.03920000000000001,16,0.125,8.790291009826074,0.16246374253639076,7.942918469517521,0.4460876225795638,6.3798187472806935,0.20507847202441049,5.860549840730138,0.4028327382174913,6.435797922680337,0.06227180989724206,5.92259315474508,0.3994028812233666,95,0.5539473684210526,0.4855997624703088
53,1,0.0,0.13874195197401476,0.6787,-0.03920000000000001,11,0.125,7.571548034936897,0.13993871524558804,6.700027108072868,0.4772195530757639,5.72216269756368,0.18393820093895655,5.0179566471716734,0.5000620353170894,7.026130233524524,0.06798377628878143,6.951137285632221,0.2437308363818932,95,0.7024671052631579,0.9133692343713417
53,1,0.0,0.13874195197401476,0.6787,-0.03920000000000001,14,0.125,7.063436051777231,0.13054769800629185,6.404016467200457,0.42248290175536535,5.12221880747308,0.16465307997331732,4.568798135096436,0.454942981790492,7.9407578852282255,0.07683357548041504,6.141664759068105,0.7113389334888656,95,0.6628700657894737,0.6785559208485826
53,1,0.0,0.13874195197401476,0.6787,-0.03920000000000001,13,0.125,6.528238534398208,0.12065608104248653,6.463780750636614,0.2392247676657318,4.913958169601773,0.15795856793632862,5.085927227209286,0.12625718074101697,6.56648244421799,0.06353629361464187,7.5055509844582975,-0.09121875381266356,95,0.5704358552631579,0.689468752252577
54,1,0.0,0.13832459441265113,0.5959,-0.08279999999999998,16,0.125,7.5703950998128064,0.14024452183023706,7.141870589888694,0.3418633171747436,5.861727319561189,0.18585962909649892,5.568463512090724,0.3251949444730925,6.5292031605962935,0.06387960019959738,5.8294092910971305,0.45286503228488606,95,0.5604851973684211,0.5548382363729734
54,1,0.0,0.13832459441265113,0.5959,-0.08279999999999998,8,0.125,6.678236935522829,0.12371694387715455,6.323693533062994,0.3480680307836664,4.958010663532339,0.15720520125620419,4.697537472767944,0.34982853556725935,7.33454857625498,0.07175883782009701,6.688310636027589,0.4137820757975789,95,0.6300575657894737,0.5072766429550349
54,1,0.0,0.13832459441265113,0.5959,-0.08279999999999998,12,0.125,6.794490385388045,0.12587058437708906,6.503127781057848,0.32528294178450257,5.222205376104132,0.16558210598256143,4.882244210939544,0.36828245696057743,6.127374117940871,0.05994823553501998,5.713755237112365,0.3670447115831171,95,0.5902138157894737,0.6925595652779712
54,1,0.0,0.13832459441265113,0.5959,-0.08279999999999998,14,0.125,5.798468843162441,0.1074188968389447,6.210096258274233,0.14468179086117974,4.892062950319374,0.1551141764013596,4.741567708500139,0.30986741094260045,6.758164858656258,0.06611968698711829,6.857008098751231,0.15844223834392768,95,0.6771381578947369,0.7103473402963323
54,1,0.0,0.13832459441265113,0.5959,-0.08279999999999998,2,0.125,9.024928155502819,0.16719031398401293,7.984353589215468,0.48311130619897763,6.23354532838756,0.19764897947812693,5.574277104062491,0.45169812257367364,7.1694024225197905,0.0701431015632179,6.57193876877976,0.40088286045277016,95,0.5641447368421053,0.513338192419825
54,1,0.0,0.13832459441265113,0.5959,-0.08279999999999998,10,0.125,9.118076878477174,0.16891593040698652,7.864417765100246,0.5394177046104579,6.551283932075206,0.20772361717646431,5.669467471251437,0.5234978260641046,6.31189904100084,0.06175356736832378,5.731087558760884,0.41901092947977575,95,0.6611430921052631,0.8224392064183096
54,1,0.0,0.13832459441265113,0.5959,-0.08279999999999998,19,0.125,8.23906057314144,0.15263181051662045,7.58355065466519,0.39088733961085437,6.669210982065076,0.2114627671874891,6.0620472416526745,0.420512267004594,8.19631376954605,0.08019006819528032,7.604836142825718,0.3768139523282543,95,0.5941611842105263,0.7540484429065744
54,1,0.0,0.13832459441265113,0.5959,-0.08279999999999998,15,0.125,9.725472477119615,0.18016817076832592,8.431466381545855,0.5409854247143584,6.872116319602434,0.21789635045065878,6.063349943993055,0.48966184573398086,9.309019357284091,0.09107641777519945,8.735707575357631,0.35203011040509047,95,0.5435855263157895,0.5128593040847201
55,1,0.0,0.13790029259590678,0.6942,0.09830000000000005,8,0.125,7.027631899583287,0.13040496990183736,6.687007905858208,0.33077068179122604,5.46609667277751,0.17271904408123206,5.22824677301759,0.31655406352826154,5.6211822572079555,0.055001095158454465,6.066005888832981,0.13967816392339116,95,0.6537417763157894,0.4234228567834455
55,1,0.0,0.13790029259590678,0.6942,0.09830000000000005,17,0.125,9.554981426019088,0.1773025512828181,8.301026982028718,0.5348519849045057,7.233858434542101,0.22857720758132766,6.318680499838378,0.5229787566040963,7.833445457007077,0.07664723527634053,6.557246733895642,0.5707489858850329,95,0.5706825657894737,0.4613444772678147
55,1,0.0,0.13790029259590678,0.6942,0.09830000000000005,15,0.125,7.158174623300034,0.13282732499960445,6.995052104100119,0.2728388754293838,5.581770383042563,0.17637412994200904,5.281247270707495,0.3368866378695777,6.313730614708619,0.06177741308763777,6.530655835379432,0.18412276828605983,95,0.5301398026315789,0.6094004498565113
55,1,0.0,0.13790029259590678,0.6942,0.09830000000000005,19,0.125,7.094778850272171,0.13165095093907742,6.895919045893994,0.28576972800295053,5.629549786150885,0.1778838750719736,5.466402054170357,0.2802388095692214,6.605759160570542,0.06463479950654294,5.84271283701932,0.46687458604200666,95,0.5944901315789474,0.7462996265043574
55,1,0.0,0.13790029259590678,0.6942,0.09830000000000005,10,0.125,7.040875605117785,0.13065072053964716,6.977903682151523,0.245542086683009,5.422642142014145,0.17134595731315022,5.291699286236572,0.27529211078406524,6.358357916814584,0.062214073985200354,5.363972815187669,0.5381208414428084,95,0.6463815789473685,0.8512722646310432
55,1,0.0,0.13790029259590678,0.6942,0.09830000000000005,18,0.125,9.05066673212034,0.16794447114734312,7.70857169383378,0.566424315953258,6.6674211756810084,0.2106787861410848,5.742726466951058,0.5384481468103358,6.650532866541551,0.06507289290932317,6.484616296909,0.29158504951177827,95,0.6020559210526316,0.848859445430952
55,1,0.0,0.13790029259590678,0.6942,0.09830000000000005,5,0.125,7.944626816930559,0.1474207579091602,7.0899845082291835,0.45443399942503615,5.694536707219316,0.17993734751431487,4.938767731212147,0.5046871523231141,6.570513441668372,0.06428993377357714,4.983091163248436,0.6798602728107377,95,0.6348684210526315,0.7668393782383419
55,1,0.0,0.13790029259590678,0.6942,0.09830000000000005,0,0.125,7.90263385668825,0.14664153515037967,7.065894057713755,0.4503935187989283,5.472367507623196,0.17291719143664425,4.974916350179532,0.4171465893147802,9.844609935705606,0.09632570215585858,8.199034086685117,0.6341144347485833,95,0.7451480263157895,0.9456461759187728
56,1,0.0,0.1374690930532574,0.7064,0.012199999999999989,6,0.125,8.162271945955819,0.1516256732056316,7.324570835409388,0.4497675288121319,6.028807229949421,0.19147170492043858,5.329044396791715,0.4760357886303598,6.2229011197876964,0.05997022636143515,6.02771336539287,0.29556574597910573,95,0.4846217105263158,0.7081282877990837
56,1,0.0,0.1374690930532574,0.7064,0.012199999999999989,11,0.125,6.799495250467043,0.12631018074831254,6.116889462232707,0.436697160404985,4.711037093722503,0.14962002762295043,4.245201331612852,0.4374014098730692,5.812142962129906,0.05601174152930204,5.450047404477926,0.36763711228271184,95,0.7119243421052631,0.929363520850179
56,1,0.0,0.1374690930532574,0.7064,0.012199999999999989,3,0.125,7.4601640620137815,0.13858303247146203,6.545992397472802,0.4882650473521153,5.7414966370952,0.18234687359688653,4.961700008590673,0.5147350386953845,6.571305091539166,0.06332780261870846,5.721024015768217,0.4962259252693359,95,0.6367598684210526,0.6883636833268759
56,1,0.0,0.1374690930532574,0.7064,0.012199999999999989,14,0.125,6.747419376247743,0.12534279819373037,6.177987555863216,0.40361696994307766,4.819303913535079,0.1530585241256827,4.345161341101418,0.43527531300682465,8.494756908594566,0.08186414742697394,7.185652983543566,0.5930381253625895,95,0.6645148026315789,0.6826310253078398
56,1,0.0,0.1374690930532574,0.7064,0.012199999999999989,7,0.125,7.726555917650776,0.14353163559506538,7.237649690726309,0.35150671851881937,5.583673788503541,0.17733450402813872,4.9606948667012025,0.46105210430484184,6.730857484369162,0.06486541231719745,5.875967257858954,0.49299204305402355,95,0.6305098684210526,0.7930742141646016
56,1,0.0,0.1374690930532574,0.7064,0.012199999999999989,1,0.125,8.160544998865118,0.1515935927362535,7.437794096204004,0.4146970105601719,6.039655452421106,0.19181623868520903,5.464525725106621,0.4279285957704294,9.050492661204487,0.08721978433002286,9.27940383103766,0.07486826705471437,95,0.5674753289473684,0.8380552133903341
56,1,0.0,0.1374690930532574,0.7064,0.012199999999999989,8,0.125,6.378755196834901,0.11849434291554396,6.166739402575087,0.3025292614901026,4.80039997246948,0.15245814503119698,4.685704157113326,0.29154518069692725,5.874352208268842,0.05661125331663597,5.1609092902642235,0.47767698529532904,95,0.6171052631578947,0.5329157782515992
56,1,0.0,0.1374690930532574,0.7064,0.012199999999999989,9,0.125,7.199771121793992,0.1337458676330151,6.699626057458156,0.3686802613204157,4.939712968923253,0.15688265155979647,4.467230739748613,0.4289763040309529,6.039117866166659,0.058199103358042376,4.906046681850539,0.596891603687002,95,0.5693256578947369,0.5843564928499205
57,1,0.0,0.13703104307059213,0.7261,0.01969999999999994,1,0.125,6.880021136836368,0.12802718121562986,6.509027312934874,0.3278485811097749,4.923547112244768,0.1578319446516016,4.348229268562507,0.4712888207644089,8.362961180917395,0.08146981436779599,7.800989232594449,0.3615724304999618,95,0.5791940789473684,0.84268067584836
57,1,0.0,0.13703104307059213,0.7261,0.01969999999999994,5,0.125,7.460235392367791,0.13882412415510617,6.913289909470381,0.37687983651760065,6.024973220409176,0.1931398681016071,5.37573728725026,0.4669702243527418,6.2350512261759725,0.0607402635240419,5.66333553319024,0.42899884681105205,95,0.6350328947368421,0.7750582750582751
57,1,0.0,0.13703104307059213,0.7261,0.01969999999999994,3,0.125,5.665668265850121,0.1054298414718502,5.630401676066806,0.24320135787683878,3.9029207688679612,0.12511418307332944,3.8189782608375378,0.308199478321559,6.980205096663795,0.06799936065372966,5.678789370692821,0.595184731973113,95,0.6529194078947368,0.7170476730272687
57,1,0.0,0.13703104307059213,0.7261,0.01969999999999994,9,0.125,6.92595439242618,0.12888193225785194,6.303005378552236,0.41647738820581437,5.011571571360999,0.16065370531367965,4.51618689127689,0.43377806906941907,7.632277427761124,0.07435168139510703,6.4220597080320605,0.5550420164379125,95,0.5921875,0.5897097625329816
57,1,0.0,0.13703104307059213,0.7261,0.01969999999999994,17,0.125,7.778607133097992,0.14474855894007602,6.926371058156797,0.4768020645297883,5.354952020907247,0.1716612985938252,4.890893416219935,0.40751087792699175,6.564026186509361,0.06394505287678576,5.23417379993982,0.6146314792838182,95,0.5893503289473684,0.5605246633642643
57,1,0.0,0.13703104307059213,0.7261,0.01969999999999994,4,0.125,8.146172196202647,0.15158840986592256,7.430410619374772,0.42267401756034345,5.887258145672855,0.18872519762969925,5.359033066041499,0.41870385965722734,7.955999410484111,0.07750529759260845,7.519752035950065,0.3352176096709979,95,0.5416529605263158,0.6214985196993851
57,1,0.0,0.13703104307059213,0.7261,0.01969999999999994,11,0.125,5.957339539260056,0.11085741941580667,5.749935416605104,0.2967477070408063,4.317795180552138,0.13841362627748893,4.054235881084409,0.3646566851091611,5.616904186782345,0.054718434238702915,5.123657250534999,0.43522684489926616,95,0.7211348684210527,0.9311209944121337
57,1,0.0,0.13703104307059213,0.7261,0.01969999999999994,12,0.125,7.021548501976687,0.13066079952339602,6.533431854477332,0.36636039957043065,4.991313884218405,0.16000431370982807,4.555607917977421,0.4087698967085378,6.029014492412686,0.05873310671803594,5.291757917799743,0.4828334383269494,95,0.5861842105263158,0.7050364758698092
58,1,0.0,0.13658619068502784,0.72,-0.006099999999999994,15,0.125,8.28789414371514,0.1546164608291003,7.3703870734665555,0.500629516113754,5.643336729152465,0.18524571659121447,5.087303670875811,0.44437516618664014,6.196636917630801,0.06129448485193999,5.219267033561287,0.5449096054907054,95,0.5785361842105263,0.4886282871357498
58,1,0.0,0.13658619068502784,0.72,-0.006099999999999994,4,0.125,6.5532449874467735,0.12225536780937529,6.239784397532856,0.3121015384434728,4.581299540027105,0.15038374581252,4.3668385844711874,0.31969382737007274,8.980862493030365,0.0888348546725686,7.18288011177467,0.7217674121509189,95,0.5653782894736842,0.6952727272727273
58,1,0.0,0.13658619068502784,0.72,-0.006099999999999994,1,0.125,7.037276750996404,0.1312853188332628,6.5026347107666105,0.38384426014485484,5.179159541562651,0.17000883815080933,4.67229398211568,0.43577274577423614,6.815850169766275,0.06741947778078979,7.723072172305112,-0.12418135809031637,95,0.5917763157894737,0.8418565869927738
58,1,0.0,0.13658619068502784,0.72,-0.006099999999999994,12,0.125,6.679858000345931,0.12461742210325429,6.308462445296284,0.3309317857172705,4.768963821658505,0.15654393188644317,4.533975106147292,0.32154578395491945,6.739918778568631,0.0666683969010454,5.106143186445613,0.7119104428214749,95,0.6008223684210526,0.7092116068984397
58,1,0.0,0.13658619068502784,0.72,-0.006099999999999994,9,0.125,6.03105947700593,0.1125136319569904,5.790472405821177,0.29984911645001666,4.8093980484728585,0.1578712082267585,4.27313373095606,0.4626998430655128,4.822691261552165,0.04770400144564429,4.688698095188983,0.3447071789537671,95,0.5808388157894737,0.697083392326207
58,1,0.0,0.13658619068502784,0.72,-0.006099999999999994,3,0.125,6.299327307076844,0.11751835592192199,6.099579505843837,0.2752295155725627,4.344934921549892,0.14262494366618833,4.16148752393409,0.31581791358326355,4.914664007992829,0.04861375655772111,4.840783630133867,0.31871447124367097,95,0.6486019736842106,0.6995689108659819
58,1,0.0,0.13658619068502784,0.72,-0.006099999999999994,17,0.125,6.448191875009319,0.12029552853506723,6.181272257675765,0.2970530332088669,4.709029018447928,0.1545765381081945,4.46961319576664,0.3262636659263897,5.262575052244091,0.05205514396110555,4.140729802774566,0.6215708638359869,95,0.6112664473684211,0.6142203686263958
58,1,0.0,0.13658619068502784,0.72,-0.006099999999999994,7,0.125,7.391625951872195,0.13789595096574261,6.730868212687014,0.4229531971284763,5.601935679790057,0.18388670375450938,4.996418989375483,0.46840288376836114,6.152898707123558,0.060861845160923175,5.504989551932904,0.4471797547892915,95,0.6743832236842106,0.7589781110907872
59,1,0.0,0.13613458467964154,0.7046,-0.01539999999999997,0,0.125,7.250007891730006,0.13561848704206683,6.527405146096326,0.4401326676142182,5.51553632505703,0.1827853422583071,4.810199124315629,0.5014641328494801,10.86521747504642,0.10996433674152557,7.695480263078078,0.7731696385102581,95,0.7724506578947369,0.9488448844884488
59,1,0.0,0.13613458467964154,0.7046,-0.01539999999999997,18,0.125,7.534261238394904,0.1409357238488448,6.91180571397325,0.39997358020263973,5.2160252916750025,0.17285952117393466,4.748438045571909,0.41382691302681623,5.666274171722149,0.05734704183511074,4.957912972624364,0.5724549712710804,95,0.6675986842105263,0.8787878787878788
59,1,0.0,0.13613458467964154,0.7046,-0.01539999999999997,4,0.125,7.115166976510141,0.13309615586855936,6.744350562871907,0.3238085245694083,5.665825918988428,0.18776595216559994,5.196432004100601,0.3989248472981912,7.18589430508703,0.07272676345120511,5.384781028068399,0.6628232164960967,95,0.5592516447368421,0.6492169693404897
59,1,0.0,0.13613458467964154,0.7046,-0.01539999999999997,8,0.125,7.342429565938628,0.13734732483276296,6.6842314464285755,0.4164506249308293,5.835949240822981,0.1934038535001229,5.299892559832429,0.4218307759327613,7.7776419053768,0.0787157031602997,5.902949935483657,0.6512367691404594,95,0.645764802631579,0.44947468958930276
59,1,0.0,0.13613458467964154,0.7046,-0.01539999999999997,12,0.125,6.9730707602244655,0.13043810719401272,6.492083496173807,0.3657255889359837,4.901815038558806,0.16244656669913668,4.377120804331681,0.4502386669151887,6.4317241328845896,0.06509398270227407,4.369838320401547,0.7347681397798457,95,0.5980674342105263,0.7090409075283602
59,1,0.0,0.13613458467964154,0.7046,-0.01539999999999997,19,0.125,7.436572053158571,0.13910835211353456,6.950025811934359,0.3558876726679026,5.96793749451165,0.19777795543740098,5.391454096016218,0.4349592942406136,7.192120304536939,0.07278977534228182,5.295394611113706,0.6768422212455265,95,0.5942845394736842,0.746903757005466
59,1,0.0,0.13613458467964154,0.7046,-0.01539999999999997,13,0.125,7.429038236252746,0.13896742470136092,6.878030007759307,0.3781527778603952,5.329588887626232,0.1766230283889497,5.1542424541369565,0.2824989395195979,5.522901557584939,0.05589600098326349,4.833004699825999,0.5803771684964254,95,0.58203125,0.6651359943482869
59,1,0.0,0.13613458467964154,0.7046,-0.01539999999999997,15,0.125,7.378643847800404,0.1380247483871582,7.082300661643434,0.29093179816361875,5.195025292217395,0.17216357940833613,5.091303936497757,0.25544818292771254,7.6976210564225624,0.07790583077615684,5.388473567172813,0.7176907460877704,95,0.5817845394736842,0.5497208283270902
60,1,0.0,0.13567627457812106,0.6715,-0.03310000000000002,7,0.125,7.249213799183691,0.13592912007480037,6.830488839820955,0.3410998336587334,5.015007516972404,0.16431564403757404,4.5563089846789415,0.41880165874407665,4.922397957425318,0.0515187358202213,4.630501342973972,0.3666501510964151,95,0.6441200657894737,0.795531439514842
60,1,0.0,0.13567627457812106,0.6715,-0.03310000000000002,17,0.125,7.8171792288569355,0.14657897028298206,7.0001842791032844,0.45140473870394887,5.3854643402196976,0.1764535822747517,4.742934796779702,0.47756810294147733,7.495358960708625,0.07844782594060198,6.3279461690604615,0.5984839084232936,95,0.6198190789473684,0.5224890540002654
60,1,0.0,0.13567627457812106,0.6715,-0.03310000000000002,8,0.125,6.408469299309851,0.12016442293089105,6.359454230008468,0.24602187389831942,4.8280058894434985,0.1581885758807476,4.73666036995308,0.2727845364904779,5.442495292311013,0.05696217160670785,5.81823386095295,0.07257241185914598,95,0.6287828947368421,0.5340701020141251
60,1,0.0,0.13567627457812106,0.6715,-0.03310000000000002,2,0.125,8.561552343689218,0.16053661938941127,7.70096923369758,0.4496867904600939,5.861180369198121,0.19204031577735214,5.237879548767398,0.45439742534893046,7.89097132424856,0.08258837878104885,6.776486644462241,0.5738024533802408,95,0.5935855263157894,0.44839290662233305
60,1,0.0,0.13567627457812106,0.6715,-0.03310000000000002,5,0.125,7.643786199004885,0.14332769881716506,6.86940390864391,0.44235817849671333,5.362925181083956,0.17571509156722617,4.618142853143544,0.5180314191295403,6.7955336434590095,0.07112332354328997,5.471570976519063,0.6631820792490823,95,0.6431743421052631,0.7706814985295998
60,1,0.0,0.13567627457812106,0.6715,-0.03310000000000002,13,0.125,7.764361099849505,0.14558858401505523,7.199506352672292,0.37446604023844726,5.58882377252013,0.18311661039115498,5.167087712141173,0.38161338786270904,5.372877231987419,0.05623353599269434,5.626711239911917,0.12730447811096118,95,0.5942023026315789,0.5699951560445644
60,1,0.0,0.13567627457812106,0.6715,-0.03310000000000002,6,0.125,7.653922459758825,0.14351776260108698,7.0550763553702724,0.38777866499719976,5.328690929181793,0.17459341365739037,4.872005247054844,0.40535718330267784,6.286006666960527,0.0657905191007106,6.593114394593776,0.07164642068210865,95,0.51484375,0.6976279849852248
60,1,0.0,0.13567627457812106,0.6715,-0.03310000000000002,18,0.125,7.2216871026450065,0.13541297035943528,6.641267805200422,0.39304350042330366,5.113313223578326,0.16753660939781592,4.5990246125084395,0.43708626759406466,6.400444505453056,0.06698824687894522,5.649734046879872,0.4783443620112641,95,0.6440378289473684,0.8532209666092064
61,1,0.0,0.1352113106393336,0.674,0.0025000000000000577,1,0.125,7.310767374436258,0.1372300535257456,6.973547240010454,0.32387155931501055,5.104206946896251,0.16889023099091877,4.750970963401235,0.368504018345268,7.883286332329852,0.08180301416655107,7.801108790155802,0.1888445095280022,95,0.5939967105263158,0.8477779316073654
61,1,0.0,0.1352113106393336,0.674,0.0025000000000000577,18,0.125,6.13869844088175,0.11522920542736777,6.0318147843623455,0.2977554009753397,4.279888585707599,0.1416148246683238,4.076336763204579,0.34132578778988387,6.564577032264842,0.06811907690901661,5.788191564777425,0.4846824579951312,95,0.6780838815789474,0.8858165059729549
61,1,0.0,0.1352113106393336,0.674,0.0025000000000000577,13,0.125,6.8869256729023896,0.12927414186709826,6.647774617161148,0.3085722748639185,4.883636292826557,0.16159189275674885,4.617448757194247,0.3391428157248687,5.323276355423412,0.05523839078752205,4.636843534980556,0.49221153860757383,95,0.5877878289473685,0.7043721580972367
61,1,0.0,0.1352113106393336,0.674,0.0025000000000000577,16,0.125,10.519017521361361,0.19745195867430912,8.94225854633847,0.602720617762457,6.573460842488277,0.2175055462382236,5.731313982743055,0.5331518252177745,8.255664660456587,0.0856670967796794,7.789156887134787,0.33338889424303925,95,0.5277549342105263,0.5027658745617453
61,1,0.0,0.1352113106393336,0.674,0.0025000000000000577,5,0.125,6.395683000824421,0.12005304991728252,6.304872549779441,0.28225030036662324,4.571778711403759,0.15127301276016233,4.476341892195515,0.2763122661544309,5.188963785128947,0.05384466073290194,5.491988244460603,0.10903738190888952,95,0.6736842105263158,0.77655029296875
61,1,0.0,0.1352113106393336,0.674,0.0025000000000000577,4,0.125,8.95623642109258,0.1681170717801073,7.789367367552011,0.5167945258723209,5.907045639112956,0.1954549086357734,5.357722518961903,0.4265467233588006,7.118529010552242,0.07386730672297044,6.635632074632811,0.3624888421214699,95,0.5537828947368421,0.6153103653103653
61,1,0.0,0.1352113106393336,0.674,0.0025000000000000577,14,0.125,7.158516678186235,0.13437216322153744,6.356186335837091,0.46002789327656135,5.070595064518744,0.16777806633187636,4.5645666297654275,0.4358395466533125,6.127010869776597,0.06357855542091147,5.174937900879241,0.5582325481304091,95,0.6786595394736842,0.6825204483489852
61,1,0.0,0.1352113106393336,0.674,0.0025000000000000577,0,0.125,7.749806522776812,0.14547123570825454,6.842190366254024,0.4724960471915425,5.253633661780655,0.17383452746157557,4.656369165666811,0.4675109967636277,7.267765358248738,0.07541589731706254,6.6407927386187255,0.4133681388989975,95,0.7614309210526315,0.9457824819094934
62,1,0.0,0.13473974385181473,0.7318,0.05779999999999996,11,0.125,6.050666919065921,0.11372631173768244,6.041320649910974,0.24898699736541496,4.537138942567304,0.15021007357948055,4.245792925939372,0.3680994678739143,4.7729210925665795,0.04992146547074319,4.354968631088115,0.42176892587861786,95,0.7348273026315789,0.9335235856974987
62,1,0.0,0.13473974385181473,0.7318,0.05779999999999996,2,0.125,9.000754663931154,0.16917517431990067,7.814209392125642,0.537807639281714,5.705200166319223,0.1888808228305128,5.070873409347703,0.4670526827872677,6.107020536704127,0.06387522629003987,5.525551349480027,0.42619518199772133,95,0.5609375,0.5294678199677466
62,1,0.0,0.13473974385181473,0.7318,0.05779999999999996,9,0.125,7.535727254555298,0.14163900911835478,6.803848069126092,0.43145536593019035,5.327897887303951,0.1763895582230153,4.765253124849947,0.44964234004011466,5.321392867642681,0.05565810227032944,4.725368055454504,0.45996054617325854,95,0.5941611842105263,0.5898269896193772
62,1,0.0,0.13473974385181473,0.7318,0.05779999999999996,19,0.125,8.134794146767797,0.15289887006373318,7.438267500877363,0.4069585622021948,5.8737176639532205,0.19445989502544753,5.518103092461784,0.3434153002806522,6.791290287509714,0.07103221633345712,6.193211339679191,0.41275087138509864,95,0.6077713815789474,0.7675394087003585
62,1,0.0,0.13473974385181473,0.7318,0.05779999999999996,18,0.125,7.600824991246684,0.14286256440497186,7.173867546021311,0.3351884027104153,5.682233800789717,0.18812048035484505,5.312616043360983,0.3555115477316069,6.150291455044416,0.0643278102766422,5.798717270886964,0.33986150430354484,95,0.6297697368421052,0.8129407155915382
62,1,0.0,0.13473974385181473,0.7318,0.05779999999999996,10,0.125,9.673717903211916,0.18182396628980463,8.609993992523975,0.4916576086761501,6.956449661246929,0.23030566810823502,6.25846433152525,0.46288015077709366,7.110247174355906,0.0743682855674837,6.4129793822939085,0.4410222542877456,95,0.6389391447368421,0.822897226333741
62,1,0.0,0.13473974385181473,0.7318,0.05779999999999996,14,0.125,5.825595713597682,0.10949594863579012,5.938098493509513,0.21716613480832275,4.621220883254132,0.15299375612858218,4.456358215809531,0.3079454758284373,5.915499720246381,0.061872050532407026,5.6457583293798805,0.31675997773707054,95,0.6865542763157895,0.695035036234054
62,1,0.0,0.13473974385181473,0.7318,0.05779999999999996,4,0.125,6.704433125359906,0.12601428269610196,6.323006304065243,0.34643462344791026,5.038073892786971,0.1667944181815554,4.722914347404555,0.3553808904225883,6.803948553389514,0.07116461307138394,6.112453663392898,0.4462487711678287,95,0.5499588815789473,0.6866542056074766
63,1,0.0,0.13426162592817678,0.7288,-0.0030000000000000027,7,0.125,7.040783655928395,0.13256543203853322,6.354897152497322,0.43620074386862306,4.837231860195054,0.15980725507193894,4.2661236290880575,0.47274783808423115,5.110453489218912,0.053674384769475114,4.218451565824422,0.5791018287940516,95,0.6762335526315789,0.8113827070412258
63,1,0.0,0.13426162592817678,0.7288,-0.0030000000000000027,2,0.125,6.339016935211201,0.11935241299571579,6.198516036632312,0.25717635588738547,4.495159211580225,0.14850622742012,4.346839241685217,0.3040196372241274,8.17902089259678,0.08590312295238464,6.155863787429862,0.7110146542544795,95,0.5796875,0.5849056603773585
63,1,0.0,0.13426162592817678,0.7288,-0.0030000000000000027,4,0.125,6.275921922055945,0.11816444613191922,5.988203414071833,0.31439431197228623,4.753405606350333,0.15703789360301235,4.5361135525011465,0.32271260003387625,6.905886435687688,0.07253156818770962,5.0945011194566625,0.6968255342837645,95,0.5825246710526316,0.6670431283969789
63,1,0.0,0.13426162592817678,0.7288,-0.0030000000000000027,5,0.125,6.723187764994763,0.12658566635437823,6.2717066832004,0.3609632545435194,5.044874328210856,0.1666671232380744,4.401568353166682,0.4944820404123544,5.679198451105698,0.05964783428514179,5.462402030196611,0.3774949217450877,95,0.6634868421052632,0.7910882498760535
63,1,0.0,0.13426162592817678,0.7288,-0.0030000000000000027,8,0.125,7.299257498034429,0.1374320347100405,6.616408758382841,0.429111358851727,5.439544957552148,0.1797058263135981,4.65758206636407,0.5377404945800328,5.820966218212974,0.06113680149630572,5.069697239010454,0.5051045648777129,95,0.645764802631579,0.4696593441579115
63,1,0.0,0.13426162592817678,0.7288,-0.0030000000000000027,0,0.125,6.561144089911149,0.12353467219714641,6.0054349403193905,0.40289358593138236,4.797890516886998,0.15850753815395566,4.291043385028446,0.44740387173757823,9.176190624628111,0.09637625845600206,7.3263221242594465,0.6567113824786983,95,0.7795230263157895,0.94883426521785
63,1,0.0,0.13426162592817678,0.7288,-0.0030000000000000027,17,0.125,6.978675537601661,0.13139604664886126,6.6454612030996865,0.31084798245838624,4.8565893210411675,0.1604467660096791,4.467298494725689,0.3943801489150501,5.974853211880506,0.06275305526449947,6.244857601956796,0.22672622751292812,95,0.5780016447368421,0.6137867254748524
63,1,0.0,0.13426162592817678,0.7288,-0.0030000000000000027,16,0.125,8.337797555020833,0.15698589661968781,7.600380116258175,0.42804094564478634,5.597025905920853,0.18490851223238178,5.13484889478503,0.39846627353687974,5.762754267202904,0.06052540944210001,5.022518550823825,0.5054577944362123,95,0.5608141447368421,0.5567856881003006
64,1,0.0,0.13377700929943795,0.7494,0.02059999999999995,7,0.125,6.164634494621529,0.1163503991213299,5.880187332612928,0.3097327329067145,4.366229126259627,0.14541617026157078,4.11464241259833,0.34601636486115545,4.641683550740645,0.050122973378463206,4.590746979765534,0.30606478317988933,95,0.7037828947368421,0.8449404066370647
64,1,0.0,0.13377700929943795,0.7494,0.02059999999999995,12,0.125,6.856473510430937,0.12940806631755425,6.305589481690722,0.39576378485853925,4.37207602689337,0.1456108998264819,3.9315545249273924,0.43746695485690407,5.154548314680529,0.05566111630197398,4.400806445561313,0.5206608444955423,95,0.58671875,0.7072675029784848
64,1,0.0,0.13377700929943795,0.7494,0.02059999999999995,9,0.125,6.757619478642535,0.12754230995140342,6.292321632132667,0.36488055793943197,4.749750760857363,0.15818926248896753,4.30087314576791,0.4251448221541658,4.647224527262548,0.05018280731924397,4.286996806438551,0.4166519403524568,95,0.5932976973684211,0.6578418462817937
64,1,0.0,0.13377700929943795,0.7494,0.02059999999999995,8,0.125,5.908776030595604,0.11152136433687355,5.6035770811667485,0.3262561295012496,4.274169706551736,0.1423501542868452,4.107075079110112,0.3082430907857605,5.665727429112196,0.06118105682876765,5.406126333193407,0.3303572697798294,95,0.6226151315789473,0.5912693171311584
64,1,0.0,0.13377700929943795,0.7494,0.02059999999999995,6,0.125,7.711081990350725,0.14553782029046114,6.963469619347072,0.4533367370139294,5.3298426028881805,0.177509076366982,4.708775803217479,0.4863113652145586,6.842252605240183,0.07388570147709685,6.290095968852138,0.3935744369158905,95,0.5134046052631579,0.7204068556783597
64,1,0.0,0.13377700929943795,0.7494,0.02059999999999995,5,0.125,6.489029050711243,0.122472973964454,5.980376177802436,0.3887478102948698,4.5756716478764545,0.15239160112026598,4.121982722915704,0.4346014467497908,9.316715135385094,0.10060605373046574,8.245410704384215,0.5219151510074854,95,0.649671052631579,0.7679113924050633
64,1,0.0,0.13377700929943795,0.7494,0.02059999999999995,4,0.125,5.903557624190533,0.11142287290667814,5.6894413894220435,0.2898144034856306,4.258364467417321,0.14182376474600042,3.97191129261972,0.3686436735483886,6.459457881407381,0.06975211297578117,5.662189205604486,0.4869915397805662,95,0.5656661184210526,0.7451479246928836
64,1,0.0,0.13377700929943795,0.7494,0.02059999999999995,18,0.125,6.220360478492404,0.11740216309378634,5.788769686610707,0.36634373497209427,4.455649485316574,0.14839429298061713,3.8562941738864533,0.5075948343116555,5.880356374481581,0.06349871609989154,5.221347379198875,0.4600288021825937,95,0.6549342105263158,0.8680939226519337
65,1,0.0,0.1332859471092728,0.7157,-0.03369999999999995,19,0.125,7.867791479806031,0.1489497074401154,7.120068433741918,0.4450334776751355,5.667536813786172,0.19086101156919308,5.181791714188086,0.4127245950453089,8.29424007684892,0.09035862191880178,7.452317539440343,0.44474705627461847,95,0.5986430921052631,0.77024520914898
65,1,0.0,0.1332859471092728,0.7157,-0.03369999999999995,14,0.125,6.098268337198649,0.11544984218868132,5.579370395849874,0.4036625887101402,4.473361972206826,0.15064576008641478,4.206078765912603,0.34845356987139,5.81122635220218,0.06330831998809275,4.362393146007012,0.6759631240640456,95,0.6396381578947369,0.7547570069426588
65,1,0.0,0.1332859471092728,0.7157,-0.03369999999999995,3,0.125,6.353325249127561,0.1202784719903099,5.780484213587446,0.4157949380399655,4.222903566998969,0.14221127679242027,3.7647399824178542,0.4530432863529737,4.319391002734144,0.04705605515626768,4.290656402286999,0.3677586614756112,95,0.6411595394736842,0.757262874366703
65,1,0.0,0.1332859471092728,0.7157,-0.03369999999999995,7,0.125,6.700993922839222,0.12686038857622348,6.295657543621121,0.3434947484183904,4.780674379121716,0.16099486919301376,4.277953718690019,0.44966922759637823,5.655379564373683,0.06161050308766794,4.569877391180347,0.5906719696850432,95,0.6782483552631579,0.8085480448620794
65,1,0.0,0.1332859471092728,0.7157,-0.03369999999999995,12,0.125,6.336499827524722,0.1199599402102377,5.983345487414537,0.33401293170708596,4.129800406503533,0.1390759176449996,3.845205715098946,0.3742247612354179,5.699151199786395,0.062087357461110125,4.133530587823799,0.707792628999851,95,0.6062088815789474,0.7330258427728413
65,1,0.0,0.1332859471092728,0.7157,-0.03369999999999995,4,0.125,6.378660250966131,0.12075810355166171,5.880814343279169,0.387306423822565,4.636103284591738,0.15612626643801486,4.197830211053378,0.4247627204974445,5.8595583513604,0.06383485560775817,4.3285924641436395,0.6940223338172775,95,0.5791940789473684,0.7219934686923186
65,1,0.0,0.1332859471092728,0.7157,-0.03369999999999995,11,0.125,6.477878369333108,0.12263645909037309,5.854206150533985,0.4308901579929431,4.6441431566429126,0.15639701864713002,4.133384265819275,0.45885856175199496,5.610415192495105,0.061120654874842105,5.230351816207494,0.3945729830027069,95,0.7455592105263158,0.9385616589455107
65,1,0.0,0.1332859471092728,0.7157,-0.03369999999999995,5,0.125,5.8615711740744745,0.11096879140209893,5.742590799118082,0.25871588320479255,4.292486459375809,0.14455456306709413,4.033640855509796,0.3529878933837355,4.591034522153232,0.05001537799241196,4.335623131539396,0.41747298516644427,95,0.6725740131578948,0.801797395610442
66,1,0.0,0.1327884932081842,0.7042,-0.011499999999999955,3,0.125,5.718807305374671,0.10857137307946794,5.69616306666967,0.2615121482049115,3.7538830369652705,0.12894562716730262,3.6798450345587277,0.31013493427510713,4.618109783116761,0.051419462996364816,4.194970077559814,0.42626996132540285,95,0.6589638157894737,0.7310620242106577
66,1,0.0,0.1327884932081842,0.7042,-0.011499999999999955,11,0.125,5.644176507855873,0.10715450978473574,5.772192984827941,0.2124661472494109,4.133192991094191,0.14197489830982993,3.869684496786003,0.3731283551789102,4.632170286718141,0.051576016993258644,4.977468463723563,0.10137894401970982,95,0.7580180921052632,0.939408733387578
66,1,0.0,0.1327884932081842,0.7042,-0.011499999999999955,2,0.125,7.869730179565121,0.14940657478654715,7.058811445598917,0.4494148120402274,5.148272302303358,0.17684280365464702,4.62976161092042,0.43906910939856475,5.508994609756159,0.061338850262747865,4.726459713090442,0.5226000561640879,95,0.5784128289473685,0.5084950593587829
66,1,0.0,0.1327884932081842,0.7042,-0.011499999999999955,15,0.125,8.532935622918988,0.16199750883516154,7.502684056214566,0.5036291534451682,5.4520845845999055,0.1872787349013297,4.890054692261926,0.44763778741272986,7.421236959389923,0.08263034816012235,6.558530784600267,0.5040404949922932,95,0.55078125,0.5366927958193356
66,1,0.0,0.1327884932081842,0.7042,-0.011499999999999955,10,0.125,8.58466003092164,0.16297949506038242,7.449966163440244,0.5341853429216042,6.324899440939975,0.2172598658911471,5.3332124935562035,0.6063151599329134,5.79997992691406,0.06457877080400189,4.911957835164344,0.5514934734547174,95,0.6545641447368421,0.8246749167661285
66,1,0.0,0.1327884932081842,0.7042,-0.011499999999999955,6,0.125,7.419740299768359,0.1408635313663775,6.675360567144685,0.4391982238799377,4.835336954616746,0.1660934957319129,4.56378079579019,0.3411959554930364,6.201465078122133,0.0690490306821031,5.29053557753544,0.5485772646477028,95,0.49786184210526313,0.7049058473736373
66,1,0.0,0.1327884932081842,0.7042,-0.011499999999999955,9,0.125,6.423836524579903,0.12195633016978945,6.000290143164508,0.3670159381307852,4.2381320652858765,0.14557954837557682,3.923503507391756,0.3901614610737861,5.39392548107178,0.060057634985873895,4.596860509273642,0.5319232040623009,95,0.5676809210526316,0.6744169201796321
66,1,0.0,0.1327884932081842,0.7042,-0.011499999999999955,18,0.125,6.736151861373016,0.1278856268113351,6.274946221374027,0.3688911631568734,4.609798970118021,0.15834628129426004,4.18061094499215,0.42209935424528283,5.4230388567990016,0.06038179231781476,5.798809108608255,0.05134842716667812,95,0.6522615131578947,0.8789636260480364
67,1,0.0,0.13228470214759816,0.7527,0.04849999999999999,13,0.125,6.712485708355119,0.12780347574384102,6.264548293356292,0.35936809312594997,5.008998999876981,0.1743631968088703,4.6328564757846395,0.3816240464583909,4.484667049375896,0.0502531108264032,4.843737319251785,0.20510380187808763,95,0.5678865131578947,0.6752588516399971
67,1,0.0,0.13228470214759816,0.7527,0.04849999999999999,10,0.125,6.202507636246742,0.11809366435646375,6.021491834731303,0.27236883656563105,4.357346860327569,0.15167919342576597,4.199337068256641,0.2892239527425697,7.101601787448846,0.07957727468738497,5.3524340933342325,0.7257148439663532,95,0.6648848684210527,0.8717377860235003
67,1,0.0,0.13228470214759816,0.7527,0.04849999999999999,3,0.125,6.480805227784787,0.12339235712618252,5.982044280555739,0.3847036007251237,4.345521777188083,0.15126756241949466,4.0195104976608835,0.3806142957738175,5.611267357888506,0.06287727434566,4.040306850725243,0.7196651896353881,95,0.6447368421052632,0.7294005102040816
67,1,0.0,0.13228470214759816,0.7527,0.04849999999999999,9,0.125,6.203458826011988,0.11811177469045508,5.749020720078999,0.37651638707112134,4.185634812430731,0.1457018990396769,3.870061608207465,0.3825025476447307,3.984937122454156,0.04465336771852557,4.127175101290655,0.323643784395363,95,0.5780427631578947,0.6270450988760848
67,1,0.0,0.13228470214759816,0.7527,0.04849999999999999,11,0.125,6.528379391265701,0.12429815323698816,5.894102532500082,0.43305821622014135,4.192740681913045,0.14594925427354163,3.7370531608262167,0.4550183253782567,4.741349649393694,0.05312937767160831,3.7928898900572894,0.6005916143353035,95,0.7206414473684211,0.9290768001825859
67,1,0.0,0.13228470214759816,0.7527,0.04849999999999999,2,0.125,6.358646514474331,0.12106649621089761,5.982414793781838,0.34242613459813986,4.229178408061137,0.1472176510960971,4.03960363786035,0.31258001965595195,4.550679759740404,0.05099281881662301,4.107128361951257,0.46827552444529374,95,0.5659128289473684,0.5781442999346073
67,1,0.0,0.13228470214759816,0.7527,0.04849999999999999,0,0.125,6.947074409387285,0.13226996590333967,6.188139275695967,0.46735061269537864,4.840912920924201,0.1685121223594654,4.335765231502687,0.45454699047003244,6.773416996305148,0.07589978726205215,5.5711539962297065,0.5882097279338946,95,0.7777138157894737,0.9515173945225759
67,1,0.0,0.13228470214759816,0.7527,0.04849999999999999,12,0.125,6.533642617917377,0.12439836330654176,5.936880518745324,0.4192684996061882,4.705363559536463,0.16379365066930388,4.220218335151225,0.4490587675765839,5.2000843547561475,0.05826974723186472,3.9725125689330025,0.6501593922226322,95,0.587171052631579,0.7203081232492997
68,1,0.0,0.13177462917388172,0.702,-0.05070000000000008,16,0.125,7.023940384177823,0.1341390342623025,6.424965872033918,0.4084819505047198,4.502942637329335,0.1584579990331741,4.128014989181168,0.39974302339757967,4.715776969675941,0.054179381378029794,5.453700375573685,0.13845239062502931,95,0.55625,0.598314606741573
68,1,0.0,0.13177462917388172,0.702,-0.05070000000000008,2,0.125,6.051297061753665,0.11556407080652628,5.844781663216496,0.28524326335055206,4.027753910299872,0.14173616602024716,3.6681004038431246,0.41572586945656237,5.716994680975507,0.0656823333988216,4.221015811704053,0.6782128972190773,95,0.5775493421052632,0.5449950163747687
68,1,0.0,0.13177462917388172,0.702,-0.05070000000000008,18,0.125,6.397024076476524,0.12216655962858104,5.704488833623823,0.45889154431793,4.158177987247897,0.14632577328897092,3.6267666479547636,0.491012461730406,4.564621330581231,0.05244276001730524,3.8674824941043204,0.5656063032986156,95,0.6633223684210526,0.888110587651872
68,1,0.0,0.13177462917388172,0.702,-0.05070000000000008,5,0.125,6.090675499872305,0.1163160967878246,5.539529891470106,0.41591162726275277,4.084888567731654,0.14374672760658255,3.644474444010274,0.45169456857588175,5.014245700491864,0.05760847721955846,3.8819397092045045,0.6354678697033682,95,0.6591282894736842,0.816032439176544
68,1,0.0,0.13177462917388172,0.702,-0.05070000000000008,12,0.125,5.953338924333903,0.11369332458248087,5.596094808544048,0.3471809421496458,3.9216030543843923,0.13800073042207092,3.5229067558927394,0.44067695497583503,7.223643617551154,0.08299216545034553,4.488488282238434,0.8792957550343874,95,0.6143503289473684,0.734756709724918
68,1,0.0,0.13177462917388172,0.702,-0.05070000000000008,8,0.125,6.238214668794417,0.1191337120511397,5.723069022136007,0.3979541878393868,4.540257947050788,0.15977112020481563,3.9860291411823243,0.4844620212066484,5.588505701789086,0.06420612842751372,3.8000613574438598,0.7434244463793778,95,0.6231907894736842,0.5511348640802323
68,1,0.0,0.13177462917388172,0.702,-0.05070000000000008,14,0.125,5.93045071808011,0.11325621923776635,5.464924286000271,0.38910483890718534,4.180293129865145,0.14710400244481484,3.7272307327998577,0.45283884162940347,5.67309457396484,0.06517796674714114,3.7262780656070684,0.7706502927459685,95,0.6533305921052631,0.7391276984077034
68,1,0.0,0.13177462917388172,0.702,-0.05070000000000008,6,0.125,6.448783097507925,0.12315502261598822,5.8736343565558204,0.41425769790401273,4.289217055301822,0.1509370220192705,3.927350964086284,0.40323318883113296,4.880432099629428,0.05607109787331012,4.2406787686088965,0.527733707027047,95,0.5340871710526316,0.7329278620371084
69,1,0.0,0.13125833022228447,0.7451,0.04310000000000003,6,0.125,5.829216560374739,0.1117790061376447,5.632087243413459,0.3054361669187796,3.7920614986298915,0.13412778600255024,3.6883203207264086,0.29728978474814255,5.1604171399207415,0.06130412085480216,5.405058444720135,0.174781768321843,95,0.5290296052631579,0.7803513135395617
69,1,0.0,0.13125833022228447,0.7451,0.04310000000000003,3,0.125,5.969846317536513,0.11447567288970492,5.655842923482546,0.3408464765739405,3.954602837795553,0.1398769833623654,3.5351718020882164,0.4484251588780093,5.226149340992589,0.06208499858024561,4.159163984235831,0.6116318024438867,95,0.6513980263157895,0.7514202752177755
69,1,0.0,0.13125833022228447,0.7451,0.04310000000000003,18,0.125,5.872947654981763,0.11261757822393724,5.821109509082553,0.25169665316696443,4.063954807934233,0.14374483668041352,3.9580868945608345,0.2823227209380234,5.496070590570842,0.06529157751693959,4.505429758371886,0.5780777816973421,95,0.7002878289473684,0.907991309964183
69,1,0.0,0.13125833022228447,0.7451,0.04310000000000003,17,0.125,7.333431622434401,0.14062330500917186,6.52313907958785,0.46638386277361776,4.565225356059279,0.1614751157997236,4.016082101305349,0.4824222942795901,6.099448807025694,0.07245951958436543,4.606563118108205,0.7022849687051392,95,0.6034539473684211,0.5506950122649223
69,1,0.0,0.13125833022228447,0.7451,0.04310000000000003,15,0.125,8.115858443999654,0.1556268464944067,7.1057975329583,0.5148424654492473,5.643307092784248,0.19960759770407824,4.906025714809297,0.5386116995765952,7.274659078483445,0.08642064531466974,5.730166948608333,0.6915520602368458,95,0.5135690789473685,0.5688550840672538
69,1,0.0,0.13125833022228447,0.7451,0.04310000000000003,8,0.125,5.61535259719819,0.1076780260136543,5.485043505467366,0.2906020442165876,3.8450727317655358,0.13600282925707496,3.958659244292927,0.17511487062728073,3.6410538365107707,0.04325456612907182,4.884108752282265,-0.15306550059226842,95,0.5892269736842105,0.62986741102582
69,1,0.0,0.13125833022228447,0.7451,0.04310000000000003,4,0.125,7.533307937577648,0.14445606291510402,6.715832298004067,0.46421388298454197,4.799206631466655,0.16975119213650858,4.36668680939263,0.41634030275324974,6.4615223591657704,0.0767608386825854,7.299177733672192,-0.11245029423134845,95,0.5410361842105263,0.6984344125246998
69,1,0.0,0.13125833022228447,0.7451,0.04310000000000003,1,0.125,7.55147480186365,0.14480442431384336,6.588478530386307,0.5107550725489198,4.894039795330299,0.17310550543370679,4.179899003314022,0.5486531948109125,8.09582702307396,0.09617586035878527,6.0437700035536945,0.8222833852585335,95,0.5787006578947368,0.8574676708824783
70,1,0.0,0.13073586191080458,0.7549,0.009800000000000031,0,0.125,6.700093656791118,0.12891682643478983,6.076337906997465,0.4266613240888423,4.522102253622452,0.16212234559944552,4.0031794643246705,0.4778859299800546,8.419501458555162,0.09940714683883697,6.679299242137049,0.71370559299508,95,0.7641036184210527,0.954097831351235
70,1,0.0,0.13073586191080458,0.7549,0.009800000000000031,11,0.125,6.133721080497417,0.11801922427344198,5.588435018027366,0.4126696546000457,4.128768821865953,0.14802090892627845,3.824947229777195,0.3773938769587036,4.370523139652241,0.05160177685633436,4.845727323894237,0.15431491009712345,95,0.7132401315789474,0.9421768707482994
70,1,0.0,0.13073586191080458,0.7549,0.009800000000000031,16,0.125,7.156939479639591,0.13770701903036944,6.4115904698082415,0.46161329397241146,4.4443121526453435,0.15933348481578588,4.031511280058191,0.4237354947547926,7.271135948684795,0.08584865535020561,5.149103974739655,0.8283674653323783,95,0.5430921052631579,0.6405966081162932
70,1,0.0,0.13073586191080458,0.7549,0.009800000000000031,5,0.125,6.001339006842457,0.11547205438497991,5.533281745133807,0.3874209913002527,3.9458445841193015,0.1414628735641365,3.579874575618355,0.42059005553685813,4.932542841605802,0.05823741618883284,4.709812676910564,0.3670174601776726,95,0.6573190789473684,0.8087076191667709
70,1,0.0,0.13073586191080458,0.7549,0.009800000000000031,19,0.125,6.786807121106888,0.13058528439991463,6.259609344627383,0.3878282449952016,5.000432543471755,0.1792710132350593,4.550271586763132,0.42468857607702953,5.082076784106211,0.06000292958089053,4.686749963625218,0.4149182259386771,95,0.5918996710526315,0.8156304272316777
70,1,0.0,0.13073586191080458,0.7549,0.009800000000000031,1,0.125,6.045497427462206,0.11632170869405073,5.878080530411883,0.26774787265960753,4.102280682007594,0.1470712799432179,3.8318833128386096,0.3599815548449164,6.209780740679612,0.07331747478925574,6.368869727784213,0.17526336823537103,95,0.6065378289473684,0.8716019252932005
70,1,0.0,0.13073586191080458,0.7549,0.009800000000000031,18,0.125,5.727824035259817,0.11020933957455395,5.372411215801507,0.35323427918409744,4.194608187150618,0.15038132267503396,3.982663331159497,0.32254258206949793,7.411129502797288,0.08750152753731245,5.588259288823251,0.750260758536764,95,0.6643092105263158,0.9039366179747462
70,1,0.0,0.13073586191080458,0.7549,0.009800000000000031,15,0.125,6.523531384557334,0.12551958320649198,6.232269177730469,0.3028330749493189,4.536227375260086,0.1626287467649513,4.435508371862814,0.2433349947777498,5.170499882001183,0.06104692107132002,6.0538397506199635,-0.05586214540740334,95,0.5601151315789473,0.5723829099985318
71,1,0.0,0.13020728153398006,0.7646,0.009699999999999931,1,0.125,6.153245665105443,0.11879104766898163,5.703285500918359,0.3758103962637609,4.1845671055320715,0.15069306985933598,3.951646546672499,0.3319550120930624,5.881586024669978,0.0712622572707139,5.851603841457202,0.24706478398977336,95,0.5944901315789474,0.8734264766911053
71,1,0.0,0.13020728153398006,0.7646,0.009699999999999931,10,0.125,6.560361461027067,0.12665059278585813,5.97055003473313,0.42368763906251833,4.305030463078628,0.15503115136130421,3.8869909036996666,0.43547120153353847,4.909583134386494,0.059485311435913214,3.5283402327168933,0.7100938005450969,95,0.6581414473684211,0.8878545545420468
71,1,0.0,0.13020728153398006,0.7646,0.009699999999999931,13,0.125,6.442368229870392,0.1243726828323459,5.827781629293355,0.4367442792529849,4.167951029732295,0.15009469793503982,3.710624400739208,0.4633907549677607,4.309788672331218,0.05221810373288027,4.7711877224328685,0.1476146334775386,95,0.5460526315789473,0.7057981927710844
71,1,0.0,0.13020728153398006,0.7646,0.009699999999999931,18,0.125,5.317904754659216,0.10266443298245947,5.185228081156509,0.2664545780973637,3.360355415406685,0.12101186588611072,3.1719274158481823,0.3506148049477098,4.825919488283968,0.058471629029882476,3.7824129726401785,0.6228127535861419,95,0.7084703947368421,0.9193847939640163
71,1,0.0,0.13020728153398006,0.7646,0.009699999999999931,4,0.125,6.1035406755984125,0.1178314715201859,5.651922079744625,0.3779037534492492,3.9597820898695715,0.14259819571482063,3.7252333858722486,0.3433756500131025,6.165000170009136,0.07469614936284766,4.505716146338875,0.7420395915328702,95,0.55,0.7722787081339713
71,1,0.0,0.13020728153398006,0.7646,0.009699999999999931,14,0.125,5.611562282750716,0.10833361755860868,5.34710632622731,0.3134257952051601,3.7765058701628713,0.13599812084846116,3.4713476407926716,0.3944459315654492,6.88213585928516,0.08338508254733956,5.3621161828932475,0.6883904702398838,95,0.6480263157894737,0.8199238578680204
71,1,0.0,0.13020728153398006,0.7646,0.009699999999999931,15,0.125,6.7279851574914105,0.12988664016652218,6.200472351764578,0.39385164421171787,4.619518925928307,0.16635639258864882,4.194914045383593,0.42768616151045424,4.8551214178594835,0.05882544437993994,5.064111078381383,0.20946367561861515,95,0.55,0.5635466507177034
71,1,0.0,0.13020728153398006,0.7646,0.009699999999999931,0,0.125,5.570889280453157,0.10754840779814526,5.382886296061206,0.2815081805623356,3.7870034312425624,0.1363761551027197,3.523204899951641,0.36959851369948965,6.6821173422252755,0.08096162551349842,5.820675069371895,0.4979238232695828,95,0.7940789473684211,0.9576429163214581
72,1,0.0,0.12967264705660586,0.7809,0.016300000000000092,10,0.125,5.951978869954017,0.11533533002394007,5.681129720206551,0.30582564661718264,3.9855404199420743,0.1449534586941169,3.718887151559986,0.3655947404668762,4.246555167688895,0.05281741900691592,3.2597036137599216,0.6730996554064961,95,0.6687911184210527,0.89695665539502
72,1,0.0,0.12967264705660586,0.7809,0.016300000000000092,17,0.125,6.021860042012716,0.11668946252641518,5.50773867359613,0.405971126485992,4.093277469534396,0.14887183771488058,3.5736038988279883,0.4930904475118374,4.184018634812735,0.05203960778588391,3.3490942828418215,0.615856849849524,95,0.5803865131578947,0.6514346439957492
72,1,0.0,0.12967264705660586,0.7809,0.016300000000000092,19,0.125,6.011425202965104,0.11648725992596941,5.545296395922027,0.38644959333689194,3.813183364088512,0.13868486052577317,3.4214139098269793,0.4416012249147044,4.797735648973897,0.059672841644532834,4.049172993715252,0.5545541103828641,95,0.6018092105263158,0.8231757310740639
72,1,0.0,0.12967264705660586,0.7809,0.016300000000000092,9,0.125,6.029338957964505,0.11683438630023354,5.44810154243266,0.43319796713830855,3.923085788647316,0.14268199388288497,3.5042836755054996,0.4497133355832515,4.0346074811563515,0.05018127527980447,3.151631296600009,0.6421407428513517,95,0.5882401315789474,0.6608416049210122
72,1,0.0,0.12967264705660586,0.7809,0.016300000000000092,3,0.125,5.830648797375602,0.11298423902237403,5.483027438284048,0.34235187097303665,3.5546166220506685,0.1292808300524855,3.201291427397364,0.4371298793344199,4.1379522702104845,0.05146664773114698,4.507336252143322,0.045474480802217276,95,0.6449013157894737,0.7448355011476664
72,1,0.0,0.12967264705660586,0.7809,0.016300000000000092,12,0.125,6.682019863505009,0.12948180479508778,6.0796427654013945,0.4250839541626378,4.385952804435499,0.1595163921788372,3.8592101534850713,0.4839785223324555,4.270678119963716,0.0531174532764993,4.6310895165879105,0.04318434126590206,95,0.5740131578947368,0.7295845272206304
72,1,0.0,0.12967264705660586,0.7809,0.016300000000000092,14,0.125,5.616393061970889,0.10883246757083737,5.343773428079175,0.3175782579797262,3.92965875011208,0.14292105142534856,3.6513883293472174,0.374876784605909,6.704439248590965,0.08338786687468366,5.945001128176717,0.5089487313838066,95,0.6293585526315789,0.7893636482425193
72,1,0.0,0.12967264705660586,0.7809,0.016300000000000092,1,0.125,5.840381679824234,0.11317283935745988,5.504979258318075,0.33686775358555454,3.971982110825357,0.14446034519044287,3.5992109880545557,0.42306952908636686,4.8457599978980035,0.0602701545392195,4.671945158243066,0.29081603995447575,95,0.6175575657894737,0.8739596511085957
73,1,0.0,0.12913201710737712,0.786,0.005099999999999993,5,0.125,5.972269490017299,0.11615237715827034,5.473852044624444,0.40150755635660784,3.83441110430149,0.14185588701754098,3.5203531354302804,0.3985549393136243,5.5411339573528995,0.07001881547229782,5.446446865884018,0.21137222963901056,95,0.6703947368421053,0.8260549558390579
73,1,0.0,0.12913201710737712,0.786,0.005099999999999993,8,0.125,6.356334084666442,0.1236219020558644,5.779851111741255,0.42372243139016724,4.541966255512804,0.16803223088330801,4.0266863643451165,0.4737455491112771,4.815762364384872,0.060852882992091524,4.417568167616024,0.3998918680872643,95,0.5694078947368421,0.6250722125938764
73,1,0.0,0.12913201710737712,0.786,0.005099999999999993,17,0.125,5.527032741149838,0.10749313851111653,5.286528872902449,0.3053694370471527,3.6196449450779222,0.13391050943822178,3.3688858455225534,0.3765996200366688,3.419456844969867,0.043208902669772155,3.0317722127275055,0.4647828760581106,95,0.5858141447368421,0.720853513020285
73,1,0.0,0.12913201710737712,0.786,0.005099999999999993,6,0.125,6.127513947737457,0.11917166703374962,5.736219076247191,0.3516601153425415,3.948558031581959,0.14607880761192713,3.5804424507915624,0.4216626627110064,4.071779720455717,0.051451777756087905,3.5946747077917593,0.471626460468283,95,0.5410773026315789,0.8109278820579071
73,1,0.0,0.12913201710737712,0.786,0.005099999999999993,15,0.125,6.20832371442883,0.12074330517139518,5.7401485505931955,0.3821524648655446,3.971935382513714,0.14694366397769976,3.6008785272645043,0.4220441482384391,4.50509550192197,0.056927237829284584,4.063965976282194,0.43403762962914383,95,0.5198190789473685,0.7259927226704636
73,1,0.0,0.12913201710737712,0.786,0.005099999999999993,9,0.125,5.2711710070268305,0.10251698184372232,5.108826796106448,0.2804578996853522,3.6169811571105672,0.1338119613184044,3.4520750733556205,0.32883958352453635,4.761892386405403,0.06017217177365293,4.56477703588018,0.2939283533638936,95,0.5879934210526315,0.7616783216783217
73,1,0.0,0.12913201710737712,0.786,0.005099999999999993,3,0.125,5.441490094479997,0.10582945240724595,5.12385565886609,0.34191905334491024,3.551644645636649,0.13139480558375533,3.247102192098419,0.41033145200821386,4.195676568669671,0.053017361735731745,3.3487180153025484,0.644073347140967,95,0.6745065789473684,0.7848695440136552
73,1,0.0,0.12913201710737712,0.786,0.005099999999999993,7,0.125,6.639706905354193,0.1291331112871195,6.037094193355087,0.4277884720547017,4.483111624152833,0.16585487542778754,3.819551293549348,0.5522364170865176,4.008235036204962,0.05064881512153637,3.812572188428666,0.3271881531468096,95,0.6650082236842105,0.8346627094540283
74,1,0.0,0.12858545097246024,0.7693,-0.016700000000000048,17,0.125,5.607149211832043,0.10943116096307783,5.351579097800656,0.3090451500928649,3.8765754083757344,0.14470823729338633,3.569632360737863,0.3926572909932425,4.251999984784492,0.05420908594370682,3.2192813131900246,0.6806457548937515,95,0.5991776315789473,0.7025116662091683
74,1,0.0,0.12858545097246024,0.7693,-0.016700000000000048,12,0.125,6.101965915954734,0.11908818351596576,5.657831022941847,0.37492893102721775,3.791964493932671,0.14154980620537422,3.439431383044626,0.4218824125808838,4.468529485659922,0.056969637769743356,3.1879747249880617,0.7107215916815239,95,0.6145559210526316,0.7786698782282885
74,1,0.0,0.12858545097246024,0.7693,-0.016700000000000048,13,0.125,6.096459651042401,0.11898072124964058,5.689411689387363,0.35927646444316824,3.720650164599758,0.13888772181273504,3.5772365520312692,0.3111418373630101,5.17575709835975,0.06598613884589533,3.0324114051375717,0.81659436038592,95,0.5735197368421052,0.7689274447949527
74,1,0.0,0.12858545097246024,0.7693,-0.016700000000000048,16,0.125,6.989840848970983,0.1364162732527176,6.406023243770655,0.4124520184961513,4.583041221063627,0.1710798183133823,4.012359551987049,0.5003036339223699,5.172768717100689,0.06594803973557437,3.5284014014055223,0.7313994605982217,95,0.5398026315789474,0.6899756246191346
74,1,0.0,0.12858545097246024,0.7693,-0.016700000000000048,15,0.125,5.83957081594617,0.11396718542225208,5.625729639545895,0.2830535822418186,3.9470955582367484,0.14734067585191513,3.7485327033411715,0.3291785960540583,5.33979349362575,0.06807745189403523,4.451666858769151,0.5667535425259878,95,0.5333881578947368,0.7002004316990441
74,1,0.0,0.12858545097246024,0.7693,-0.016700000000000048,18,0.125,5.646748392825196,0.11020399296478799,5.306842230071574,0.34430518338145755,3.736849911743404,0.1394924403095533,3.3640768783993056,0.435799141688872,7.170336846177566,0.09141519466855504,4.715153616665758,0.8074481216821177,95,0.6993009868421053,0.9266772505438937
74,1,0.0,0.12858545097246024,0.7693,-0.016700000000000048,4,0.125,6.097318965696813,0.11899749194660482,5.598868724907757,0.39802371591584024,3.7733217140633273,0.14085389202108864,3.274482255399838,0.4993204698741757,6.836536572577486,0.08715954843516571,4.099348120370632,0.8617208946089294,95,0.5635690789473684,0.7588647307748432
74,1,0.0,0.12858545097246024,0.7693,-0.016700000000000048,11,0.125,5.813255695543232,0.1134536099728062,5.323303431639849,0.40274974922452533,4.039207402133881,0.15077910827229274,3.4187656033889287,0.5474145021134229,3.5871437325379714,0.045732780711530495,4.493284135819809,0.24130275315965352,95,0.7321134868421053,0.9447907891041842
75,1,0.0,0.12803300858899105,0.7726,0.0032999999999999696,10,0.125,6.4252289938066305,0.12583573459337352,5.850633177236734,0.4241556024235166,4.429167993779452,0.16725825155829135,4.02285989759507,0.4264861325813588,4.114533808344759,0.05475065187273453,3.810806116788693,0.3821125321455265,95,0.6598684210526315,0.8839730807577268
75,1,0.0,0.12803300858899105,0.7726,0.0032999999999999696,15,0.125,6.228005313545274,0.12197318172423552,5.790552443991819,0.3693800595526806,3.6384650972481234,0.13739901294696583,3.519477238205194,0.28612082205063444,4.981271965413704,0.06628403118444513,4.584025525234457,0.39215354187890833,95,0.5453947368421053,0.6213811821471653
75,1,0.0,0.12803300858899105,0.7726,0.0032999999999999696,18,0.125,5.336689590699364,0.1045170927899655,5.089552700601772,0.31226409254744186,3.5560641482696544,0.1342873137131054,3.1680101477982943,0.4550389523282027,4.9995631251090265,0.06652742520269239,4.15401625274359,0.6064383245743671,95,0.7090460526315789,0.9249014149849223
75,1,0.0,0.12803300858899105,0.7726,0.0032999999999999696,16,0.125,5.9334777676278225,0.11620496861708701,5.617155544666655,0.3237865190333296,3.717904443815805,0.14039887346941707,3.4294732776586363,0.38685362629219805,4.000376152687794,0.05323159616566856,3.701577523516423,0.38577642843000975,95,0.5859375,0.7614736842105263
75,1,0.0,0.12803300858899105,0.7726,0.0032999999999999696,9,0.125,5.8114746735298874,0.11381558312074494,5.437062492006715,0.3532874262158834,3.4227377865077893,0.1292525229383511,3.076429300629966,0.43836413325261075,3.7317048401019672,0.049656481659684,3.524350377896733,0.3551065677341439,95,0.5756578947368421,0.7235714285714285
75,1,0.0,0.12803300858899105,0.7726,0.0032999999999999696,17,0.125,5.644746477295883,0.11055027303284655,5.369830905340576,0.3141345118503408,3.5707120533017402,0.13484046116384546,3.3011375350274226,0.3835769598470045,3.3402553109035846,0.04444760067894698,3.2087426289940395,0.3440040858580511,95,0.5985608552631579,0.7008312152229168
75,1,0.0,0.12803300858899105,0.7726,0.0032999999999999696,0,0.125,5.734715817656067,0.11231228930433161,5.369513776159267,0.35157000114515896,3.852026809872462,0.14546372367898325,3.5377879270929373,0.3956011531791407,5.447685970770441,0.07249043804008051,4.976565819991284,0.4144181836468073,95,0.7903371710526316,0.9642058165548099
75,1,0.0,0.12803300858899105,0.7726,0.0032999999999999696,7,0.125,6.144906540554507,0.12034572297479941,5.642849113793477,0.3998000183222408,3.8473837229121783,0.1452883872257485,3.41085187364926,0.46830364386919016,3.549540887218983,0.0472324901134656,3.071213150724624,0.5015243854418374,95,0.6676809210526315,0.8712895676807488
76,1,0.0,0.1274747505385024,0.7879,0.015300000000000091,16,0.125,6.236669125782798,0.12254448732226826,5.825577118414158,0.3585628266967882,3.671937262713826,0.14016120880510133,3.4015916292721844,0.37687687004357623,5.789875596700668,0.07806208370586672,3.9965729272607984,0.8265897785927032,95,0.5838404605263158,0.7429396436368758
76,1,0.0,0.1274747505385024,0.7879,0.015300000000000091,7,0.125,5.890338485699603,0.11573942682009497,5.492082460998913,0.3618594955512411,4.060027654964084,0.1549749745673301,3.7623192007967656,0.37938678620291877,4.396368878679197,0.059274108688084394,3.1656878152590457,0.7093129691109146,95,0.6753289473684211,0.849123234291281
76,1,0.0,0.1274747505385024,0.7879,0.015300000000000091,17,0.125,5.395936333106765,0.10602490499785373,5.13388398015334,0.3140946041469944,3.4177319625731943,0.13045795964717818,3.2046742374315484,0.3498042011984702,3.638611705839324,0.04905763635340166,2.905899978368569,0.6062481737678941,95,0.5875822368421053,0.7350594821553534
76,1,0.0,0.1274747505385024,0.7879,0.015300000000000091,12,0.125,5.91907116029749,0.11630399595258901,5.431034231928292,0.40194769682986164,3.740048542080504,0.14276107872832544,3.443248219168792,0.3920810058388386,4.977270872303327,0.06710612844288398,3.824227141260382,0.6607479288172388,95,0.6094161184210526,0.7925241211794076
76,1,0.0,0.1274747505385024,0.7879,0.015300000000000091,15,0.125,5.6435525860074485,0.11089032372576592,5.4890588495806405,0.25497358316504104,3.4499728167499466,0.13168862258366387,3.3920728916205074,0.23603764132869323,4.494832668017242,0.060601648189914675,4.5058030743996165,0.27052927849607145,95,0.5547697368421053,0.7016009487103468
76,1,0.0,0.1274747505385024,0.7879,0.015300000000000091,14,0.125,5.980502806834749,0.1175110681057596,5.477853684827179,0.4068852574118456,3.6948482552865007,0.1410357423780245,3.4975251831381082,0.3244090764862633,3.681987976888587,0.049642457571913746,3.2939624213753254,0.4843788522232115,95,0.6067434210526316,0.7967606397397669
76,1,0.0,0.1274747505385024,0.7879,0.015300000000000091,9,0.125,5.547603094655128,0.10900500946755172,5.21045690785359,0.34400943038113696,3.5962910662991154,0.1372737241961846,3.2579772854053135,0.42727558728318704,4.207389625956649,0.056726193107116456,4.314415018551292,0.24991120493607305,95,0.5805509868421053,0.7106735604504568
76,1,0.0,0.1274747505385024,0.7879,0.015300000000000091,18,0.125,5.747901616157995,0.11294068075841829,5.378768842067294,0.3525864864860103,3.6922855380474884,0.14093792111356743,3.3732038734548793,0.4096123557604346,3.9691263709174422,0.05351380523310038,3.2198709600822464,0.5858911583040067,95,0.7049753289473685,0.9177602799650044
77,1,0.0,0.1269107380402805,0.7609,-0.027000000000000024,11,0.125,5.912100148664842,0.11655643444876662,5.505305499467808,0.3655587438131922,3.401409810349694,0.1323230399726013,3.178183477307638,0.3604180504188775,3.061319921413879,0.04247445597630184,2.787255124571175,0.422025799791621,95,0.7425575657894737,0.9478930173320782
77,1,0.0,0.1269107380402805,0.7609,-0.027000000000000024,7,0.125,5.7075449187388045,0.11252364954179732,5.486355466587703,0.2968979858209767,3.653416535826636,0.1421267090004217,3.3042028329549966,0.4287793276242572,4.672286115423609,0.06482589732947297,3.750492738920682,0.7020631561220243,95,0.6833470394736842,0.8701486250676936
77,1,0.0,0.1269107380402805,0.7609,-0.027000000000000024,8,0.125,6.207899496528454,0.12238808757240988,5.667517040770211,0.40959089943763816,3.937437454590116,0.15317580731025787,3.608959096915104,0.4022724699093433,3.230573580555569,0.04482277541974029,2.8764289163116468,0.45584287045875405,95,0.5713815789473684,0.6310449050086355
77,1,0.0,0.1269107380402805,0.7609,-0.027000000000000024,14,0.125,5.160043452312429,0.10172971554584818,4.979046555165932,0.3016750634219191,3.349395483547687,0.13029955729091225,3.2182569211840706,0.30173594961407085,4.223400571326107,0.058597809520747036,3.5597859195227066,0.57808951177777,95,0.6345805921052632,0.8677509233460766
77,1,0.0,0.1269107380402805,0.7609,-0.027000000000000024,13,0.125,6.402998031487663,0.12623443472980012,5.830988754562755,0.4166265843582375,3.867350259280518,0.15044924648295022,3.477849734668415,0.4445826022245555,3.5392075040061797,0.04910493420448495,3.4978608698354443,0.24541673204328898,95,0.58515625,0.7993816316492165
77,1,0.0,0.1269107380402805,0.7609,-0.027000000000000024,1,0.125,6.676799060564515,0.13163239330545248,6.130564247061198,0.39947310457164015,4.153896316524994,0.16159657876598787,3.861269139449998,0.36993053673275694,5.486112496627991,0.07611737737343184,5.422446189986636,0.1820616441498069,95,0.5999177631578947,0.874503084304318
77,1,0.0,0.1269107380402805,0.7609,-0.027000000000000024,0,0.125,5.76324898785001,0.1136218494228254,5.451038756149922,0.33230979147864265,3.5908710131886563,0.13969353741758272,3.5018447028896724,0.2587605649176455,5.0083367973575035,0.06948845147670994,4.806731945815185,0.2821806939800026,95,0.783922697368421,0.9632835038027799
77,1,0.0,0.1269107380402805,0.7609,-0.027000000000000024,6,0.125,7.301104759783767,0.14394051469671026,6.5563072321792255,0.46332023483142853,4.463449442104707,0.17363894146074263,4.132393492621636,0.3839967885324532,4.144152350431003,0.05749827560857273,4.1986471027836005,0.15153097036257276,95,0.5119654605263158,0.7843546703076059
78,1,0.0,0.12634103294465168,0.7587,-0.0021999999999999797,11,0.125,5.117998842643149,0.10119821071171939,4.7801453672429695,0.35952805268444826,3.062274728257429,0.11844364004868026,2.7911208149929316,0.4142638565376288,3.525816665840333,0.04945719810029568,3.1948561598187704,0.43574669497546414,95,0.7508223684210527,0.9559693318729463
78,1,0.0,0.12634103294465168,0.7587,-0.0021999999999999797,13,0.125,5.719015118623011,0.11308210783788053,5.423301709580145,0.31964125719688347,3.3442108517305447,0.1293484554844829,3.147032323829728,0.34693094957190346,3.4845598755144915,0.04887848245920855,3.8743693932058525,0.05736267545839856,95,0.5722861842105263,0.7519040091967236
78,1,0.0,0.12634103294465168,0.7587,-0.0021999999999999797,0,0.125,5.414394418588808,0.10705884156975211,5.031285150169974,0.3695573545679473,3.5210551113163726,0.1361884942418737,3.142268830443222,0.4541400658130957,4.4259734518910845,0.062083842281871957,3.845701546005351,0.49983193099636675,95,0.7912417763157895,0.9644026399210103
78,1,0.0,0.12634103294465168,0.7587,-0.0021999999999999797,14,0.125,5.102369775875443,0.10088917711467993,4.797342413536826,0.34507732444767464,3.2952218103388353,0.12745364169413714,2.9439480719580824,0.44968898987437383,5.315347998916165,0.07455924226047426,4.154089510420657,0.7221314929737249,95,0.6536595394736842,0.8589041957602064
78,1,0.0,0.12634103294465168,0.7587,-0.0021999999999999797,6,0.125,6.2079067478687975,0.12274896389485844,5.824615257293533,0.3463575422882479,4.07223498729059,0.1575072055350031,3.8269716048949762,0.3418589121386026,5.2854034604148135,0.07413920539723302,4.80975849591616,0.4186510006745408,95,0.5262335526315789,0.7998124706985467
78,1,0.0,0.12634103294465168,0.7587,-0.0021999999999999797,5,0.125,6.023024406615544,0.11909328465336799,5.4884551998466025,0.41959521645866676,3.8247561267773973,0.14793513912182335,3.498806250387102,0.40545687002052794,3.4869107362915774,0.04891145836186537,3.5432395198513644,0.24340856212025752,95,0.6562911184210526,0.8134202117661801
78,1,0.0,0.12634103294465168,0.7587,-0.0021999999999999797,8,0.125,5.652596371788805,0.11176880970241923,5.279466806036827,0.3573261738911462,3.6535686606698667,0.1413138956294003,3.3495237154033504,0.39955796569606833,3.59180486470228,0.05038282519118108,3.0401133073301367,0.5325474814928279,95,0.5788240131578948,0.6531221140868083
78,1,0.0,0.12634103294465168,0.7587,-0.0021999999999999797,18,0.125,5.426950533934832,0.10730711368656475,4.952138848158459,0.4104477913738007,3.4110350737658828,0.13193310408842793,3.09824839321824,0.41832534130314175,3.7980479906460833,0.05327583072815383,2.9324932918208235,0.6533471285164119,95,0.6964638157894737,0.9220096823710001
79,1,0.0,0.12576569772619958,0.7746,0.015899999999999914,17,0.125,6.693192612592301,0.1328134056594536,6.074842988670037,0.42300862068305595,4.219261749427986,0.16531339400887995,3.6361378112348164,0.5176830461524428,4.155445272980362,0.05928282923374202,4.311294179051525,0.14407455868841382,95,0.5654194078947369,0.6573340120718493
79,1,0.0,0.12576569772619958,0.7746,0.015899999999999914,13,0.125,6.489573569358176,0.1287729812828765,6.014644127480567,0.37558141880314017,4.144225968386349,0.1623734437586302,3.6606218802065604,0.4714125992677543,3.553392340659434,0.05069376143671706,3.0258390405959896,0.524368764266298,95,0.5587171052631579,0.7737709743891669
79,1,0.0,0.12576569772619958,0.7746,0.015899999999999914,4,0.125,7.086565718279952,0.1406191308021786,6.339640895536532,0.4601358838958117,4.436659566527105,0.17383118056233315,3.9598855756706617,0.45509079316058476,4.276224915238064,0.06100590785384388,3.329999685846938,0.6657674926758217,95,0.5290296052631579,0.7547800404166018
79,1,0.0,0.12576569772619958,0.7746,0.015899999999999914,10,0.125,7.240938436135639,0.1436823575141586,6.539429603076939,0.44027945611249,4.62744720939947,0.18130636334341108,3.97569173978773,0.5354657708173508,4.734193142133518,0.0675394200062132,3.725180618379718,0.6759948978817855,95,0.6372944078947368,0.8831537518549584
79,1,0.0,0.12576569772619958,0.7746,0.015899999999999914,6,0.125,5.922605023726064,0.11752259184906283,5.668940707051943,0.3096104867925371,3.719097545863697,0.1457166382342067,3.354078066186758,0.4335785471603218,4.776760404858868,0.06814669734987193,3.768025713041697,0.6746024716732314,95,0.5447779605263158,0.7999094271265756
79,1,0.0,0.12576569772619958,0.7746,0.015899999999999914,7,0.125,6.380223175538017,0.12660313513409924,5.9335596164420465,0.36818086007915585,3.678683782582432,0.1441332009483822,3.5232025580296766,0.3246603904356422,3.2292633345145925,0.046069639770158426,3.0978347536883546,0.3612425339520753,95,0.6780016447368421,0.8417126569227971
79,1,0.0,0.12576569772619958,0.7746,0.015899999999999914,11,0.125,5.205297664796077,0.10328902070323233,5.154984447727255,0.2587064664730171,3.2148578355803936,0.12596020148024417,3.09879153688857,0.3370732859455597,3.218063330220004,0.045909857147985414,3.411618691292419,0.18902121622727672,95,0.7525904605263158,0.9468939518111785
79,1,0.0,0.12576569772619958,0.7746,0.015899999999999914,16,0.125,6.959175794601636,0.13809132522572112,6.4485039481453805,0.37651570106067034,3.986821622985148,0.15620624008288136,3.72133743604407,0.36604763149480757,3.409649999928045,0.04864309006952432,2.996342383763323,0.48273680574327743,95,0.5523848684210526,0.7165401220783087
80,1,0.0,0.12518479547691433,0.7809,0.006300000000000083,4,0.125,5.833049204057496,0.11597258788330747,5.508908712410241,0.33213871087203756,3.8426198667644473,0.150610540890764,3.485613894496338,0.4209430353382765,4.549977840183679,0.06568848547976247,3.909871275542387,0.5128389271752607,95,0.5741776315789474,0.8140217702663993
80,1,0.0,0.12518479547691433,0.7809,0.006300000000000083,17,0.125,5.61838636920319,0.11170466494806051,5.25157421758403,0.35731799307652135,3.5498862453125835,0.13913691857253535,3.1364770535493065,0.4686427996363847,3.582701803773867,0.05172382452878449,3.8759193679625836,0.16043656991849709,95,0.5880756578947368,0.7369598657530415
80,1,0.0,0.12518479547691433,0.7809,0.006300000000000083,18,0.125,6.014999284458765,0.1195901163751009,5.411213719835015,0.44303199776507357,3.6291434861293457,0.14224338663932676,3.2185434517520464,0.46248214018235173,3.8384624407518038,0.055416266443565725,2.7555069396445537,0.711906490427761,95,0.6856085526315789,0.9160969173563632
80,1,0.0,0.12518479547691433,0.7809,0.006300000000000083,14,0.125,5.530983894683838,0.10996693039400203,5.088134541237759,0.392163543552816,3.489119562649911,0.1367551833863097,2.973762640431697,0.5273886320577946,5.191168021965478,0.07494541230999063,3.8525799079450573,0.7476440866468083,95,0.6248355263157894,0.8604896025269808
80,1,0.0,0.12518479547691433,0.7809,0.006300000000000083,8,0.125,6.0746834476135,0.12077675592065615,5.618817166234698,0.3804005827186057,3.702992301615576,0.14513787280506052,3.2764696489953997,0.467161449114531,3.820852876593295,0.05516203540329225,4.092987366693329,0.1524570085217302,95,0.5619243421052632,0.6436411532269867
80,1,0.0,0.12518479547691433,0.7809,0.006300000000000083,7,0.125,5.561236874335081,0.11056841963549431,5.2054083759269005,0.35465147568123995,3.2399170158106396,0.12698775083451228,2.933723098197502,0.42944520223727095,3.5779949820318264,0.051655871672195326,2.4654781079197003,0.7367378374870178,95,0.688733552631579,0.9056716417910448
80,1,0.0,0.12518479547691433,0.7809,0.006300000000000083,9,0.125,5.726894103521014,0.11386201392866555,5.3336989706639555,0.36480642765319177,3.6335044211098375,0.14241431241366165,3.371525213571939,0.37819731848693616,3.754961647570224,0.054210757134923584,3.43169177465781,0.43093443382390834,95,0.5657072368421052,0.7581043756359936
80,1,0.0,0.12518479547691433,0.7809,0.006300000000000083,5,0.125,6.195468995191601,0.12317821218160982,5.648970339599663,0.41460474243878165,3.7279640061282846,0.14611663262362937,3.3939391047559724,0.4140549692377836,4.241833110458411,0.06123976917493614,3.160265531146498,0.6913759534712621,95,0.6631167763157895,0.799776771873256
81,1,0.0,0.12459838989927387,0.7902,0.009299999999999975,15,0.125,7.427656276094262,0.1480448217431456,6.682804145321298,0.47438649105835073,4.701518467520731,0.18774936987808394,4.193215381144714,0.4930248173528848,5.23713290463798,0.07693244628468329,4.860994242082499,0.3741637992650856,95,0.5111019736842105,0.6374094931617056
81,1,0.0,0.12459838989927387,0.7902,0.009299999999999975,5,0.125,5.582128126100054,0.11126055550465462,5.24691457116552,0.3436817937796499,3.2802708792562236,0.13099359172241065,3.0882406076734883,0.3462654852284155,3.2164387806948085,0.04724884936653724,2.8693043179364492,0.45997886368364194,95,0.6608552631578948,0.8456943753111
81,1,0.0,0.12459838989927387,0.7902,0.009299999999999975,17,0.125,5.278010935713831,0.10519902363427715,5.067485808497392,0.2993020534131794,3.1885130642084984,0.12732935599184575,3.008683151456522,0.3440335577726398,3.490614349421989,0.05127643422981166,2.634432194771154,0.6793330409327186,95,0.5883634868421053,0.7560276748899294
81,1,0.0,0.12459838989927387,0.7902,0.009299999999999975,6,0.125,6.303751927535853,0.1256436479739457,5.785153934108403,0.4020138945520552,3.8879137016259295,0.15525906208033383,3.5048164212525417,0.4404899649704116,3.647670792450838,0.05358356230675619,3.024232052751189,0.56540566666819,95,0.5170641447368421,0.8081113320079523
81,1,0.0,0.12459838989927387,0.7902,0.009299999999999975,0,0.125,5.716607315463499,0.1139409363512415,5.434748726886604,0.315725072373145,3.644516522747389,0.14553929446052327,3.307531651451352,0.42177973726248147,4.3833304041038295,0.06439025646324466,4.39525979956346,0.19347495181486488,95,0.7893503289473685,0.9666093660467782
81,1,0.0,0.12459838989927387,0.7902,0.009299999999999975,13,0.125,6.054190560670726,0.12066949910407483,5.551399100719865,0.4018579928364711,3.366195630663237,0.13442489121533913,3.1625982778649373,0.34874457840813317,3.348880345477565,0.04919438975171354,2.694787684576085,0.598300017617436,95,0.602796052631579,0.8073669849931787
81,1,0.0,0.12459838989927387,0.7902,0.009299999999999975,18,0.125,5.241590021007644,0.10447309776681966,5.040326102179737,0.29654776470325056,3.14717809489517,0.12567869472227516,3.017734278014383,0.31251634450468513,3.7646787041581415,0.055302385381559814,3.6339415827341983,0.3063587769867356,95,0.711266447368421,0.9280263614290669
81,1,0.0,0.12459838989927387,0.7902,0.009299999999999975,4,0.125,5.725147670169787,0.1141111589952517,5.446610011959172,0.3139766034384404,3.473141466266648,0.13869564190670328,3.2640105788880085,0.3462306240263022,5.604804949469372,0.08233347588511998,5.18479689843956,0.38688339820688966,95,0.5759457236842105,0.8154494181480688
82,1,0.0,0.12400654529925792,0.7781,-0.0121,16,0.125,6.699185368887181,0.13387590071315444,6.0842840643146205,0.4263066588862072,3.784326947679415,0.15194349576761815,3.3512584025422694,0.4729292932425735,4.250115663685253,0.06331459599489088,3.4349543785778445,0.6206976734728513,95,0.5564144736842105,0.7315991723322495
82,1,0.0,0.12400654529925792,0.7781,-0.0121,4,0.125,5.72048168803611,0.11431757688862924,5.349173282834949,0.35747295366677795,3.317957676482727,0.13321842830808636,3.2700436412973137,0.25178985056811753,4.130279058630194,0.061529372524553295,3.3604575808561536,0.6052962339985618,95,0.584375,0.8266957500703631
82,1,0.0,0.12400654529925792,0.7781,-0.0121,6,0.125,5.693148218033045,0.11377134735253204,5.414162846605301,0.3207697181876449,3.281161863909859,0.13174104951147894,3.140077781461972,0.31648889288146437,2.9493970955855575,0.043937600835451854,2.4713170186555757,0.5493776695299492,95,0.5555921052631579,0.8244523386619301
82,1,0.0,0.12400654529925792,0.7781,-0.0121,15,0.125,5.946429887101231,0.11883290479772737,5.695768934952402,0.30054169748010573,3.6844419351078384,0.14793303943159136,3.5205138972705927,0.3075340177848313,4.418806563372854,0.06582760905309883,3.414409223010916,0.697521334132334,95,0.5307976973684211,0.6751103881013246
82,1,0.0,0.12400654529925792,0.7781,-0.0121,9,0.125,5.951961517790016,0.11894344839371637,5.546831845161783,0.3634891514249581,3.6772623601333385,0.1476447742433998,3.3431924718462622,0.4170283150803427,2.8699855618884063,0.0427545955783643,2.792370290207353,0.35681540869414147,95,0.5843338815789474,0.7518823446625853
82,1,0.0,0.12400654529925792,0.7781,-0.0121,12,0.125,6.353848971701252,0.12697473009664684,5.788540246037043,0.41556634996288955,3.6006351413344513,0.14456813534400642,3.2480167662056525,0.43255540646402874,3.2747616930498045,0.04878460493360071,3.1169846972479456,0.3608526011784985,95,0.5898848684210526,0.7999442353269204
82,1,0.0,0.12400654529925792,0.7781,-0.0121,2,0.125,6.93114722113871,0.13851140491124525,6.3302176514360164,0.4154270511325222,4.182188793506419,0.16791793997481916,3.7026736732354237,0.48474303651478395,3.801615084774078,0.05663321713269467,3.4666203131883164,0.4148003641101151,95,0.5396381578947368,0.6456110941786041
82,1,0.0,0.12400654529925792,0.7781,-0.0121,3,0.125,6.094042231626695,0.12178277623605266,5.643356892226529,0.37741858458507244,3.594922237911052,0.14433875809168778,3.1703594368494548,0.47699770265785246,3.282224131964355,0.048895773979904175,3.3308111509253813,0.24777676517221023,95,0.6361842105263158,0.7715873836608066
83,1,0.0,0.12340932657929628,0.7584,-0.01970000000000005,6,0.125,5.416083231711291,0.1084843832115109,5.233771538915003,0.2903901324496691,3.269310540368774,0.13131185156767536,2.997390351442737,0.40704049633367,3.2755513302040717,0.0496500955015857,2.7471653758596832,0.5562016368964787,95,0.5729029605263158,0.8369338979401421
83,1,0.0,0.12340932657929628,0.7584,-0.01970000000000005,10,0.125,6.499163570609764,0.1301785296097726,5.894257353318495,0.42763925238914186,3.9652194856455867,0.1592630330166235,3.4996368254115593,0.47615674379959005,2.8164729329099565,0.042691484882912335,2.799573538292342,0.2693549162023715,95,0.6592105263157895,0.9007609780439122
83,1,0.0,0.12340932657929628,0.7584,-0.01970000000000005,17,0.125,5.853852156847933,0.11725291386380098,5.4675533489822445,0.3588985577494868,3.522343129449802,0.1414749050215833,3.2715878091767348,0.3777619133650159,2.927499670502034,0.04437440405253277,2.9229132430673035,0.25113143887663497,95,0.5678453947368421,0.7624909485879797
83,1,0.0,0.12340932657929628,0.7584,-0.01970000000000005,18,0.125,6.056658789845136,0.12131513956282391,5.627307206426847,0.3699411454917176,3.580401350926364,0.14380681337555495,3.199821409685048,0.44868144724311737,4.414494205762412,0.06691394419199813,3.7301112628522217,0.5992802393007984,95,0.6894325657894737,0.9227649549710741
83,1,0.0,0.12340932657929628,0.7584,-0.01970000000000005,8,0.125,6.251323323646869,0.1252142786600576,5.683265666280236,0.41967205201589275,3.8583197176322765,0.15496940403991596,3.543552659252555,0.3959322607185935,4.081991366028903,0.061873938378293275,3.406447533612807,0.6046252045580947,95,0.5828536184210527,0.5671957671957671
83,1,0.0,0.12340932657929628,0.7584,-0.01970000000000005,7,0.125,6.26724109579421,0.12553311233000475,5.756468997334991,0.39649138317736543,4.007936363388019,0.1609787563290122,3.606813705152876,0.43802986448756487,4.522741250818658,0.06855472938600461,3.946045138641647,0.5323894036462955,95,0.6534950657894737,0.8756685333165545
83,1,0.0,0.12340932657929628,0.7584,-0.01970000000000005,15,0.125,5.961574685234112,0.11941060080286721,5.536432520760771,0.37116957235343434,3.861849523641328,0.1551111786914824,3.5977913257840513,0.3662353423329663,3.477772742785739,0.052715323744099554,3.345568475273193,0.29806471083743774,95,0.5367598684210526,0.7154129002604566
83,1,0.0,0.12340932657929628,0.7584,-0.01970000000000005,19,0.125,6.554405496129931,0.1312850277858684,6.098969884048199,0.3665756779984064,4.153173554826826,0.16681220784388953,3.7229783247206836,0.44800055656425036,4.777106081583638,0.07241033623400937,5.067511965336227,-0.05413473355171053,95,0.5807565789473684,0.8467856131407533
84,1,0.0,0.1228067992311517,0.7716,0.01319999999999999,12,0.125,6.458691369858347,0.1296061450958282,5.828681711478653,0.4362548354796452,3.6150102592042654,0.1459366831082837,3.171186596069292,0.4828501072132587,3.902681199120486,0.059825032738157,4.047583097649756,0.08255884803658663,95,0.5932154605263158,0.7869272891106952
84,1,0.0,0.1228067992311517,0.7716,0.01319999999999999,0,0.125,6.0955865807105925,0.1223197446019297,5.4980854535035295,0.43410428797833017,3.790477984380269,0.15302025299291758,3.2955001472815515,0.502435489488623,6.5441872654915,0.10031724279474571,5.8012434518179825,0.595928551319218,95,0.7715871710526315,0.963709032773781
84,1,0.0,0.1228067992311517,0.7716,0.01319999999999999,18,0.125,5.374332566547666,0.10784638660145304,5.152265688172875,0.31240636096124186,3.223238210930635,0.13012098435223726,2.9118474528029172,0.43191461232225986,5.139589564907284,0.07878586497164093,4.577455915052388,0.5086621957754291,95,0.6938322368421053,0.9269882659713168
84,1,0.0,0.1228067992311517,0.7716,0.01319999999999999,16,0.125,6.781147124725386,0.13607684402832712,6.195207182285143,0.4112280149554809,3.93535874981399,0.1588690381518954,3.528643202633184,0.4454890755236906,3.677201682690482,0.05636860912475789,3.4504359794566857,0.3485072394855441,95,0.5493421052631579,0.7380239520958084
84,1,0.0,0.1228067992311517,0.7716,0.01319999999999999,7,0.125,5.724497916174721,0.1148731321931519,5.345757833383171,0.36158606770316526,3.4603186803052806,0.13969183888638362,3.2168093811945755,0.3759504674550809,3.3271030218927446,0.05100187205985757,2.6822262455341632,0.6204664092844597,95,0.6745888157894737,0.8662684383762038
84,1,0.0,0.1228067992311517,0.7716,0.01319999999999999,9,0.125,5.98800631083558,0.12016093823258694,5.475189803300437,0.4049979824166923,3.376259641375895,0.1362984052729131,3.1389794287979718,0.37770883476041334,2.7387363883781,0.04198267440671968,2.440893235943118,0.4586168784711895,95,0.5584292763157894,0.7654075546719682
84,1,0.0,0.1228067992311517,0.7716,0.01319999999999999,19,0.125,7.042336983142137,0.14131812414979275,6.495863950451893,0.38983899897880775,4.450482813795383,0.17966441406965322,4.007313451156027,0.4452840371319478,5.2077938214448345,0.07983138257147979,5.633217380236395,-0.16836911993434558,95,0.5684210526315789,0.8263888888888888
84,1,0.0,0.1228067992311517,0.7716,0.01319999999999999,17,0.125,5.549585342234912,0.11136317280061556,5.276030337143418,0.32622686874994505,3.256631599654565,0.1314690636213646,3.0913719821417733,0.3426393846907067,2.9912282073393386,0.04585317536869348,2.8631725862389903,0.32803074318453956,95,0.5588404605263158,0.7100286954602311
85,1,0.0,0.12219902932873782,0.795,0.023400000000000087,7,0.125,5.350800180352556,0.10755005465846146,5.058583892921426,0.3319576533842688,3.218200628476544,0.1301341487002164,2.91033004574534,0.4272658774912186,4.0608603541266115,0.06255180383159603,2.850743190387498,0.7958856279219475,95,0.7074013157894737,0.9012438967681935
85,1,0.0,0.12219902932873782,0.795,0.023400000000000087,3,0.125,6.034317116695079,0.1212886136376493,5.537723723944648,0.4004358829973027,3.592636739668912,0.1452751949549072,3.303246149994747,0.3932692077675558,3.236065147097233,0.04984700152562298,3.3152224324596946,0.23164959774106067,95,0.6381990131578947,0.7818439533535211
85,1,0.0,0.12219902932873782,0.795,0.023400000000000087,0,0.125,5.204025069068338,0.10459990314671519,4.937201402215457,0.3260460342697662,3.6467990084634114,0.14746535074534375,3.1562144291620973,0.5154098342098312,5.5327066754855645,0.08522351236999581,4.551158699362973,0.6616414755366622,95,0.80234375,0.9682775585507097
85,1,0.0,0.12219902932873782,0.795,0.023400000000000087,18,0.125,5.601267901058247,0.11258440767934037,5.180670718540484,0.38019714288643724,3.233920479323231,0.1307698111848752,2.982204091663987,0.39054655808190053,3.756120678138994,0.05785772061528672,2.874967802200105,0.6728981318452961,95,0.7115953947368421,0.9357448283832197
85,1,0.0,0.12219902932873782,0.795,0.023400000000000087,12,0.125,5.501780621325924,0.11058473248826868,5.193664903470178,0.3337585163080633,3.2505751198075914,0.13144327369127165,2.950074214064024,0.4204965964882274,2.5597372000717473,0.03942912713967574,2.8766839803075297,0.16135342734022043,95,0.609046052631579,0.8131920064812315
85,1,0.0,0.12219902932873782,0.795,0.023400000000000087,14,0.125,5.613577399761965,0.11283182623615069,5.174029794613219,0.3880823840866596,3.3424722461163054,0.13515931121682578,3.038479337552601,0.4168923954991437,4.86245662181839,0.07489925932531732,3.649005796987049,0.7775828691544115,95,0.6188733552631579,0.837419440568733
85,1,0.0,0.12219902932873782,0.795,0.023400000000000087,2,0.125,6.5372708860726805,0.13139788768340074,6.065193754694415,0.376967177762963,3.9307836796811486,0.15894881858939972,3.5111868414771528,0.4591642034888315,3.8242025639967325,0.05890642566724222,3.57713881501143,0.36755222408681104,95,0.5172697368421053,0.6551669316375198
85,1,0.0,0.12219902932873782,0.795,0.023400000000000087,15,0.125,6.501356238057455,0.13067601016473354,6.047630295932648,0.3697477581807106,3.691397372435038,0.1492687716003131,3.5783886996813408,0.27212277430042753,4.758396150452919,0.07329635510703712,5.572668010105108,-0.3060694041087991,95,0.5180921052631579,0.7294444444444445
86,1,0.0,0.12158608352087329,0.7788,-0.016199999999999992,13,0.125,6.436590088174052,0.1296577153601846,5.878754390177212,0.4166855882068374,3.6685228352668307,0.15019615103479814,3.2458428999188547,0.47352063194861904,3.580305545450661,0.056251239001902334,3.9201090062411055,0.01644586381639634,95,0.5836759868421053,0.8230362803804157
86,1,0.0,0.12158608352087329,0.7788,-0.016199999999999992,18,0.125,5.223393100594553,0.10521925531587885,4.98092491137915,0.31436665829543375,3.0726707333882537,0.12580085725938206,2.865791046119764,0.3724232885833057,3.8205583369488383,0.06002592164389374,3.138934940291379,0.5915729901714466,95,0.7229029605263158,0.9393663614128889
86,1,0.0,0.12158608352087329,0.7788,-0.016199999999999992,11,0.125,5.664806155113684,0.11411101436765762,5.1888719130611385,0.40227625375948833,3.4303247246275284,0.14044387716100556,3.070462571604707,0.446911155126223,2.7070545900261056,0.04253133504994976,2.376410540947297,0.49336823574194566,95,0.7540296052631579,0.9546297306140256
86,1,0.0,0.12158608352087329,0.7788,-0.016199999999999992,6,0.125,6.5028982941477755,0.13099341801926517,5.994377924808692,0.3937066449930136,3.7102566159020345,0.151904809669625,3.307366493439404,0.4592125773625126,3.4671836610705213,0.054473947630025346,3.4179403422949304,0.26838890146873284,95,0.5200246710526316,0.8213805645607654
86,1,0.0,0.12158608352087329,0.7788,-0.016199999999999992,7,0.125,5.494398762471377,0.11067835314365301,5.247615433696321,0.3064707011463093,3.3972549452830756,0.13908993886045642,3.1542867235045535,0.3742589147884046,3.5293357965076195,0.055450438206197876,2.8202132681857286,0.6197619689373747,95,0.6947368421052632,0.888671875
86,1,0.0,0.12158608352087329,0.7788,-0.016199999999999992,12,0.125,5.608355326483603,0.11297387725466773,5.307978837099105,0.3267381640634987,3.317961705543123,0.1358435260815772,3.127100357550323,0.3450558723270425,3.2323908027880615,0.050785047613106815,2.5394953551703225,0.6296966918454716,95,0.617516447368421,0.8112265281662006
86,1,0.0,0.12158608352087329,0.7788,-0.016199999999999992,4,0.125,6.2028603719780575,0.12494949864937743,5.684703345685019,0.40529407150884983,3.5349750946318714,0.14472845803587875,3.156313668341255,0.45291910090651144,3.868158140210279,0.06077377622661367,3.061016007328377,0.6505517765059079,95,0.5475740131578948,0.7931215739280619
86,1,0.0,0.12158608352087329,0.7788,-0.016199999999999992,14,0.125,5.27955624818451,0.10635059742469667,5.009717050142746,0.3245658863281325,3.234286723805704,0.13241771663204893,2.966653752417268,0.40044813776375643,3.5575551689726264,0.055893801110525915,3.0026803002141116,0.5416635892784021,95,0.6422286184210526,0.8655483705743006
87,1,0.0,0.12096802902397322,0.7887,0.009899999999999909,4,0.125,5.733887632212085,0.11570726143518821,5.440578444556314,0.32658547860034604,3.517481843006051,0.1457060201093634,3.3285943559819877,0.33342833239080666,3.460897807181178,0.05545879557303664,2.885501664312452,0.5532020043248869,95,0.578125,0.8013513513513514
87,1,0.0,0.12096802902397322,0.7887,0.009899999999999909,8,0.125,6.409985558010777,0.12935061206813347,5.906015326314962,0.3893208857928154,3.757582728501907,0.15565181258584643,3.393759817225541,0.4314077763206131,3.8582428739848527,0.061826010110864214,3.0740974370338687,0.6249294318006982,95,0.5351973684210526,0.675860479409957
87,1,0.0,0.12096802902397322,0.7887,0.009899999999999909,12,0.125,5.65846392644212,0.11418524513460555,5.425618543728048,0.3047555334756328,3.0201040957271457,0.1251029480022346,2.910090873648136,0.31567661298538763,3.2364843254811992,0.051862705165626063,2.8193446762321086,0.4947761877647445,95,0.6182154605263158,0.7974725640172929
87,1,0.0,0.12096802902397322,0.7887,0.009899999999999909,1,0.125,7.656107640210334,0.15449679259933438,6.899084020128704,0.45960444613627166,4.9213884121592,0.20386058861223325,4.351741143370869,0.5159415140481188,5.640877209418541,0.09039164790148548,5.671644654733603,0.14208131482163042,95,0.5681332236842105,0.8869508576391402
87,1,0.0,0.12096802902397322,0.7887,0.009899999999999909,2,0.125,6.95556867177446,0.14036023277019183,6.343039047637461,0.4180617960495463,4.160644943128237,0.17234801565692723,3.8072846023308795,0.4072089677922943,4.255975553768327,0.0681994359124175,3.4286201713147637,0.6268123454553014,95,0.5293996710526315,0.674873786407767
87,1,0.0,0.12096802902397322,0.7887,0.009899999999999909,15,0.125,7.03681540084232,0.14199975504966525,6.296875926440985,0.46522405963657254,4.078456030791808,0.16894347233640672,3.611508020276031,0.4805196728056849,4.015555396819258,0.06434684820866918,2.987357684453562,0.7227290247331747,95,0.5194901315789474,0.6841063796105746
87,1,0.0,0.12096802902397322,0.7887,0.009899999999999909,11,0.125,5.191890462089369,0.10477000345541733,5.172996879797694,0.2344530945692422,3.1083257465158676,0.12875738779684553,3.074190113958074,0.2580850997755025,2.904557236329829,0.046543774180665236,2.9232410450490502,0.2988488873918273,95,0.7646381578947369,0.9524628952462896
87,1,0.0,0.12096802902397322,0.7887,0.009899999999999909,7,0.125,5.593345807500872,0.11287119091942104,5.324595340654033,0.3217366868793882,3.4714707123887134,0.1438000831288174,3.383599243954151,0.2696953164095061,3.281448424927275,0.05258322768268259,3.107947151881272,0.36777523711628846,95,0.7025082236842105,0.891659350307287
88,1,0.0,0.12034493361467813,0.7962,0.007500000000000062,14,0.125,5.737582288210748,0.11595796088625723,5.3392633319941165,0.3661557329054246,3.5916344196903576,0.14735209778066294,3.1587533276877218,0.48394733712218546,3.881766757299942,0.06296034477517416,3.469211861177956,0.4522917513438315,95,0.6171875,0.8688207861425716
88,1,0.0,0.12034493361467813,0.7962,0.007500000000000062,1,0.125,6.143412087690153,0.12415988177394625,5.772225076793539,0.3423791418772246,3.6089117401411777,0.14806092532683524,3.4623425781809978,0.2980846628777265,4.65726871621402,0.07553860456248176,4.597217734441211,0.2034684340381293,95,0.6000822368421053,0.8819377826504042
88,1,0.0,0.12034493361467813,0.7962,0.007500000000000062,18,0.125,5.675943535816003,0.11471222641479635,5.266977289522789,0.37273363739425097,3.4312437656504158,0.1407718347094466,3.04511896245431,0.46342450915704003,5.315978693695663,0.08622255593877176,4.4782974087433765,0.6476611310882331,95,0.6896792763157895,0.9378167292672748
88,1,0.0,0.12034493361467813,0.7962,0.007500000000000062,0,0.125,5.9744819022377245,0.12074576083358941,5.538178909900586,0.3755394983993214,3.6836434800196995,0.15112690514413757,3.274170959267072,0.4648902715572869,4.58566860752362,0.07437728606733778,4.7057543964178015,0.08772759174701494,95,0.7638157894736842,0.970230404823428
88,1,0.0,0.12034493361467813,0.7962,0.007500000000000062,2,0.125,6.016348954777148,0.12159190434786454,5.661217688449577,0.33889147904992634,3.47149681466421,0.14242327539665378,3.2058891317626106,0.38447432244057467,2.631592425891803,0.04268313291371783,2.6609217252874067,0.27194921338952427,95,0.5546463815789474,0.6678775298391282
88,1,0.0,0.12034493361467813,0.7962,0.007500000000000062,10,0.125,6.511145811122743,0.13159187151742613,5.9487865883217665,0.41581517284837166,3.853507179684348,0.15809581387971214,3.5397598224886777,0.3961372749153297,3.1920807443245343,0.051773977360932415,2.9512311748380426,0.39128520729370814,95,0.6653371710526316,0.9017984055373587
88,1,0.0,0.12034493361467813,0.7962,0.007500000000000062,8,0.125,5.71995207384295,0.11560164988183326,5.352371918422925,0.35330112259826263,3.271761166293652,0.13422882592049581,3.0270655457583926,0.3830078252542183,3.0138491007456514,0.04888314789301822,2.3657673032534348,0.6316585159556914,95,0.5587993421052632,0.7205298013245033
88,1,0.0,0.12034493361467813,0.7962,0.007500000000000062,15,0.125,5.724829529171088,0.1157002244635568,5.452711773705372,0.31100846323239045,3.4145609413142433,0.14008739724293706,3.2239769025287233,0.33858633295685214,4.14947653090485,0.06730246543818195,3.7303082018354514,0.44436110803836365,95,0.5411184210526315,0.7310790273556231
89,1,0.0,0.1197168656224212,0.787,-0.009199999999999986,15,0.125,5.734903681498049,0.11613919942070128,5.503945567444427,0.30419877736857065,3.31569999655803,0.13749660406452133,3.014255510725466,0.41762794823545185,4.097682203576808,0.06749602467396182,3.4916647769762195,0.5575931071734479,95,0.54140625,0.7271967798283587
89,1,0.0,0.1197168656224212,0.787,-0.009199999999999986,17,0.125,5.996654519367195,0.1214399916303238,5.448111175925322,0.4181219491720639,3.3632888305216935,0.13947003443161926,3.065150240740185,0.4125652689628464,2.7175682848565215,0.04476312385761462,2.6122299230062547,0.3443867995874487,95,0.5451069078947368,0.7145658897186392
89,1,0.0,0.1197168656224212,0.787,-0.009199999999999986,19,0.125,7.205074514915105,0.14591205579064834,6.4366884696353726,0.46886904036030846,4.383627284767714,0.18178178537437842,3.9508103392307214,0.4467140203066574,4.823439647055517,0.07945052477394308,4.555476383078229,0.32921196110507805,95,0.5712171052631579,0.8364526346098474
89,1,0.0,0.1197168656224212,0.787,-0.009199999999999986,11,0.125,5.613117998750666,0.11367288220236399,5.3541561721183815,0.3198184799064283,3.270266319330829,0.1356125444887489,3.0448754157103712,0.3733991467863703,3.044515374736206,0.05014851680642278,3.3970916600248295,-0.0034173587890261627,95,0.7380756578947368,0.955933147632312
89,1,0.0,0.1197168656224212,0.787,-0.009199999999999986,6,0.125,6.202303210458324,0.12560464297787705,5.812656417144588,0.350941390630824,3.6357140420711533,0.15076705813355054,3.4441680613483516,0.3296231692273004,3.1691846837848066,0.05220203934467258,2.601110199615097,0.5816697985135494,95,0.5154605263157894,0.8107051691129546
89,1,0.0,0.1197168656224212,0.787,-0.009199999999999986,4,0.125,6.028369595833721,0.12208226285142067,5.501935317123645,0.40877469297434293,3.5438108265763004,0.1469559835350435,3.349897687146524,0.3363292321787316,5.447320562944412,0.0897269394885088,4.862603568889976,0.5070879060443318,95,0.5754934210526316,0.7997999428408117
89,1,0.0,0.1197168656224212,0.787,-0.009199999999999986,13,0.125,6.241548795858897,0.12639941672166705,5.743657958614982,0.3914070844392312,3.5827485487992106,0.1485706665827304,3.140048461066529,0.48711706766774077,3.1304442269425787,0.051563915961502185,3.063087339846487,0.28357078271294806,95,0.5703947368421053,0.8094723183391004
89,1,0.0,0.1197168656224212,0.787,-0.009199999999999986,9,0.125,6.192305017444953,0.1254021666684714,5.53642729640315,0.4522358634316704,3.653588363795399,0.15150827674186607,3.2119960595262858,0.4828092446946625,2.7169970504459693,0.04475371462333198,2.142019387748217,0.6189489985458277,95,0.5641858552631579,0.7473216237883537
90,1,0.0,0.1190838939219355,0.7942,0.007199999999999984,12,0.125,6.758403950346741,0.13698974742499445,6.149102551496042,0.4215470269120364,4.0342883095014095,0.16685605870827833,3.468534742779274,0.5305713862337886,3.358610305891598,0.055823538583029325,2.738294628551642,0.5950959486216454,95,0.5720805921052632,0.7545461079565874
90,1,0.0,0.1190838939219355,0.7942,0.007199999999999984,11,0.125,5.652843121485789,0.11458053663775537,5.264741586484773,0.3672754804729004,3.5338150638170926,0.14615674649820343,3.2201331474186197,0.41287925473520903,3.9252398733263396,0.06524150156149446,3.2044498692388657,0.6216234256384953,95,0.7468338815789474,0.9521004239387766
90,1,0.0,0.1190838939219355,0.7942,0.007199999999999984,6,0.125,5.895391945869886,0.11949689003046757,5.522956354809805,0.352723987824283,3.433727852417864,0.14201719167713475,3.0147957258267515,0.47932180382064354,2.7302024623547285,0.04537875746685689,2.8246358447926387,0.21907170584843513,95,0.5561266447368421,0.833271719038817
90,1,0.0,0.1190838939219355,0.7942,0.007199999999999984,9,0.125,5.436420025673129,0.11019373977711633,5.273836447431174,0.2840856979113192,2.8769287534219905,0.11898827157443292,2.832387498874342,0.29946126016871516,3.2596905586661404,0.054179391205711636,2.8958086130077065,0.45929588804388777,95,0.5779194078947368,0.8076840981856991
90,1,0.0,0.1190838939219355,0.7942,0.007199999999999984,13,0.125,5.728043637324832,0.11610481659300889,5.43121731618439,0.3280572059546561,3.345360368963919,0.13836235868655045,3.0600302930854038,0.40826442909628813,2.775422521018334,0.04613036109443657,2.8189634082578374,0.24842699368929638,95,0.6167351973684211,0.8391892792852856
90,1,0.0,0.1190838939219355,0.7942,0.007199999999999984,1,0.125,6.340394244959024,0.128516882473008,5.910019915610828,0.36223119607258236,3.7840624101143563,0.15650684611974672,3.5150176163113294,0.3724624881986424,4.096184981911882,0.0680827841145687,4.56854420225881,-0.1372926162632496,95,0.5975740131578947,0.8912819101355536
90,1,0.0,0.1190838939219355,0.7942,0.007199999999999984,18,0.125,6.027628245281201,0.12217725915161823,5.410850289804801,0.44403965079653934,3.646147405624116,0.15080275352136224,3.110276853600871,0.5321854483095261,4.0562201263140585,0.06741852733714003,3.0989943854998363,0.7386670539013167,95,0.6772203947368421,0.9238008500303583
90,1,0.0,0.1190838939219355,0.7942,0.007199999999999984,5,0.125,6.88592858958286,0.13957461335602883,6.09016845855618,0.48989353037946143,3.6958892415017925,0.15286004988957566,3.304646663680367,0.44856645040532234,4.172691984235282,0.06935440874710803,3.413386590138477,0.6331713689508508,95,0.6411595394736842,0.8142115051625729
91,2,0.0012179748700879012,0.1184460879257009,0.79,-0.0041999999999999815,1,0.125,5.850964907662074,0.11868491480168449,5.45758914774808,0.3621383847952949,3.3272362304394276,0.13800912245705113,3.0450402489844763,0.40860514508188117,4.188456923891197,0.0701539190440129,3.3927860019549083,0.6566170981486147,95,0.6125,0.8941997851772288
91,2,0.0012179748700879012,0.1184460879257009,0.79,-0.0041999999999999815,3,0.125,5.85325532446,0.11873137515938827,5.455887113540709,0.3636666098317195,3.5737444099782585,0.1482339382442206,3.0889984194593936,0.5069156973899291,2.891636090285404,0.0484330167096874,2.7921513778624663,0.32619673320637893,95,0.6546463815789474,0.7843728409019534
91,2,0.0012179748700879012,0.1184460879257009,0.79,-0.0041999999999999815,9,0.125,5.558359952561575,0.11274951872347934,5.3186949094012075,0.309839781798683,3.1076168840563256,0.12889961800057914,2.9091723618479386,0.3760801541350684,3.245216810188269,0.05435526293313543,3.333463477377723,0.17393128833890237,95,0.5680098684210526,0.7811640364847257
91,2,0.0012179748700879012,0.1184460879257009,0.79,-0.0041999999999999815,5,0.125,5.704574108544485,0.1157154251883954,5.498408231933838,0.290678118207387,3.4611861391327245,0.14356517801536733,3.1087619657546264,0.43997848869934203,3.568165057456407,0.059764435238340054,3.6248946795118417,0.17416755385660443,95,0.6553453947368421,0.8512360396536579
91,2,0.0012179748700879012,0.1184460879257009,0.79,-0.0041999999999999815,4,0.125,6.274451113421735,0.12727519436129262,5.729151512846952,0.40968084093657353,3.9714556142441886,0.16473044480120438,3.5305048809462782,0.46237461561534837,3.579706945249938,0.05995775432376835,3.355691242501953,0.35474350247257747,95,0.56328125,0.8031243156434776
91,2,0.0012179748700879012,0.1184460879257009,0.79,-0.0041999999999999815,19,0.125,7.0654607415004715,0.14332056667123352,6.339433305053089,0.460959134933518,4.3021377723976135,0.1784466799279572,3.7246687971353083,0.5242588117031792,4.46193117161649,0.07473443415594076,3.978053122571989,0.4720462216524471,95,0.57109375,0.8500251997984016
91,2,0.0012179748700879012,0.1184460879257009,0.79,-0.0041999999999999815,15,0.125,6.66731464907065,0.13524430304559187,6.05014277123591,0.4276425244480322,4.040502549802968,0.16759441547381188,3.682334727797409,0.4121180897069986,3.970027878172278,0.06649537512947029,3.2168362523407485,0.6411992684237493,95,0.53125,0.7580495356037151
91,2,0.0012179748700879012,0.1184460879257009,0.79,-0.0041999999999999815,8,0.125,6.0421089055764305,0.12256220845586632,5.601683616540877,0.37491134812320875,3.5021852352601686,0.14526576339199795,3.384818166907412,0.29893164592277127,3.6351686241269903,0.060886701236840826,3.4012637523319733,0.3577163925652535,95,0.5573190789473684,0.7004574295410949
92,2,0.004865965629214819,0.11780351757633237,0.8011,0.011099999999999999,4,0.125,5.624855497323903,0.11422467300387294,5.271404789298888,0.3506608126584458,3.405566701905715,0.14314648419658016,3.0583006503843597,0.44185958660790703,4.21931087768419,0.07125657010348832,3.0291053493282365,0.7537162246433844,95,0.5856496710526315,0.8161201993961946
92,2,0.004865965629214819,0.11780351757633237,0.8011,0.011099999999999999,0,0.125,6.343350627472332,0.12881524716797818,5.766371986656368,0.42483238622095215,3.965234804252408,0.16667106268246615,3.503010209305451,0.49106756694539966,5.780700046973014,0.09762562420393474,4.997896382053176,0.5417727358769789,95,0.7481496710526315,0.9695520747458093
92,2,0.004865965629214819,0.11780351757633237,0.8011,0.011099999999999999,18,0.125,5.762551563557016,0.11702088495045183,5.359404587921063,0.36756904108401034,3.3825698338449786,0.1421798548222135,3.0153377801279824,0.4562207020489135,4.09159790387454,0.06909972773391465,3.6798763452728207,0.43902907970753935,95,0.6775082236842105,0.9442252837288342
92,2,0.004865965629214819,0.11780351757633237,0.8011,0.011099999999999999,2,0.125,6.459977718673867,0.1311836086951723,5.889330216090467,0.41930419202405234,3.8272371788465347,0.16087059637732126,3.32551642831913,0.5218602795802669,4.622514913990149,0.07806596090495832,3.5328471045784116,0.7022877658107209,95,0.5222450657894737,0.6809700023620188
92,2,0.004865965629214819,0.11780351757633237,0.8011,0.011099999999999999,17,0.125,6.033573752308438,0.12252456782757702,5.51971568669664,0.40653903417557224,3.4924771529230414,0.146799598815098,3.1739139640116503,0.4181665784621526,2.8236063669495604,0.04768563181616714,2.2340191416182726,0.6165182983533128,95,0.5710115131578948,0.7537985165982574
92,2,0.004865965629214819,0.11780351757633237,0.8011,0.011099999999999999,8,0.125,5.780461925966807,0.11738459301203892,5.430694962700919,0.34401125163719537,3.3679009827800646,0.1415632777174483,3.1846038727187413,0.33324985642640076,3.00532814127705,0.05075458566362674,2.759142860664796,0.44665380411095124,95,0.5631578947368421,0.7754088785046729
92,2,0.004865965629214819,0.11780351757633237,0.8011,0.011099999999999999,1,0.125,5.55938432541255,0.11289514139078305,5.34954016024682,0.2900540677749274,3.165475617001146,0.13305471454432238,3.234236970674419,0.16458180760670915,3.785028536875538,0.06392232264942932,4.112651121696745,0.08474964410210502,95,0.6172697368421053,0.8990141220357047
92,2,0.004865965629214819,0.11780351757633237,0.8011,0.011099999999999999,19,0.125,5.5935319572442435,0.1135885817967966,5.303243466237843,0.3242834513741112,3.068031370521515,0.12895883197624977,3.0063584143257303,0.2671136456224988,2.9583290493464722,0.04996085555318045,2.9919505588581075,0.3141965226676397,95,0.6174342105263158,0.8773974427277571
93,2,0.010926199633097156,0.11715625333890979,0.7881,-0.013000000000000012,14,0.125,6.009740454033128,0.12225624673857818,5.507766849768197,0.40152505708381825,3.392504215393402,0.14307756267457208,3.041851419842773,0.44358822842435675,3.524143506830455,0.06049478018263144,2.653049317880573,0.6777821637444801,95,0.6246299342105263,0.8506352445526957
93,2,0.010926199633097156,0.11715625333890979,0.7881,-0.013000000000000012,6,0.125,6.032092875995138,0.12271096241814773,5.654176083828619,0.3488302903441377,3.098084358393253,0.13066051825309816,2.8688695561098876,0.38426650864951123,3.478775181013786,0.05971599609162779,3.0727575117734767,0.47162481612577906,95,0.5358141447368421,0.846596577392372
93,2,0.010926199633097156,0.11715625333890979,0.7881,-0.013000000000000012,15,0.125,6.096232984795482,0.1240157656833323,5.73003755630827,0.3419787110942286,3.4918127447478584,0.1472658617688988,3.3007935262913257,0.3338244368609234,3.658743821098903,0.06280530369235826,3.8465285330231263,0.14268879407814147,95,0.522203947368421,0.7493700787401575
93,2,0.010926199633097156,0.11715625333890979,0.7881,-0.013000000000000012,7,0.125,5.870892858425771,0.11943166786741587,5.423302924368068,0.38302684926502567,3.2777411130538785,0.13823747289864607,2.920657586373742,0.45449074597137246,3.229495039639157,0.05543690038308888,2.4620983338380564,0.6533800718908847,95,0.6844983552631579,0.9074307683066017
93,2,0.010926199633097156,0.11715625333890979,0.7881,-0.013000000000000012,11,0.125,5.526060287204532,0.11241673332354053,5.04274568662259,0.4090939057904271,3.147701635243906,0.13275310785287783,2.842457419278323,0.4300019670299314,3.3172443383192314,0.05694318822992103,2.5292194677566635,0.6559384976630045,95,0.7413240131578948,0.955294248155749
93,2,0.010926199633097156,0.11715625333890979,0.7881,-0.013000000000000012,13,0.125,6.173023281505496,0.12557791192467416,5.698856961233409,0.3853237644855511,3.7267183905188626,0.1571729171832763,3.3897451429758614,0.4172733379786725,2.716945186407224,0.04663856664786806,2.42377159028565,0.48722334701329495,95,0.5907072368421052,0.8266740916051789
93,2,0.010926199633097156,0.11715625333890979,0.7881,-0.013000000000000012,8,0.125,5.8761577905914715,0.11953877246716274,5.469039794812863,0.36588114187425924,3.3755053396031207,0.14236064161512418,3.1667266931375218,0.3524925508693495,3.414671011232732,0.05861559605054583,2.860399088326446,0.5463329200929495,95,0.571875,0.7933563416738568
93,2,0.010926199633097156,0.11715625333890979,0.7881,-0.013000000000000012,0,0.125,5.661217999270103,0.11516624883445098,5.284817799020428,0.35983756195756256,3.9266486511566225,0.16560489915905272,3.488710059252298,0.4725687312831755,4.260805832348529,0.07314018618402388,3.5039215495950398,0.5926031081651677,95,0.777014802631579,0.9676139069693602
94,2,0.019369152030840553,0.11650436619325079,0.775,-0.0131,7,0.125,5.690522203782528,0.11588315848528509,5.351556013815566,0.3435203342416961,3.1928616449088087,0.13482020526873878,2.9107818222510993,0.41226982848530414,4.086941294144122,0.07137994365216228,3.674888883762613,0.4386345560163034,95,0.6811266447368421,0.8954421974041654
94,2,0.019369152030840553,0.11650436619325079,0.775,-0.0131,11,0.125,5.1118406006332835,0.10409874757732168,4.998314975487673,0.268825058070789,3.130379894763434,0.13218188162149222,3.126918135945827,0.22942461363191488,2.7300682153007614,0.04768165269561017,2.9700188747146385,0.15546940245323554,95,0.7579358552631579,0.9525307871751749
94,2,0.019369152030840553,0.11650436619325079,0.775,-0.0131,15,0.125,5.886020720974905,0.11986433716101076,5.539324114324633,0.34040607235358805,3.4568302163731386,0.1459664123228603,3.194120989703864,0.3833889201130811,3.6090786927847076,0.06303389630193876,3.088761785435545,0.5205180078060861,95,0.5215049342105263,0.770637861704644
94,2,0.019369152030840553,0.11650436619325079,0.775,-0.0131,4,0.125,5.782532068565622,0.11775686943149344,5.350679359447386,0.37926130868143104,3.1655515937870575,0.1336670244837194,2.885235968659123,0.4129830354445041,3.4535769562460374,0.06031800086985912,2.6926596069865916,0.6473615689208417,95,0.5742598684210526,0.7996563081770013
94,2,0.019369152030840553,0.11650436619325079,0.775,-0.0131,9,0.125,6.022682701882948,0.12264735450552668,5.577642837910762,0.3773151050800649,3.5425908959738424,0.14958770059452411,3.169986672069363,0.4489781681275648,2.9142273444092166,0.05089806010464923,2.278501534793373,0.6257231409041099,95,0.5567845394736842,0.8088028949117495
94,2,0.019369152030840553,0.11650436619325079,0.775,-0.0131,19,0.125,6.27617874482304,0.12780960870073796,5.759132297161674,0.39986972215194894,3.830437649845089,0.16174217603342778,3.496964890242336,0.40994385132261474,4.66670495203676,0.08150573070255211,4.061674852709008,0.5178709658554036,95,0.5787417763157895,0.8674955595026643
94,2,0.019369152030840553,0.11650436619325079,0.775,-0.0131,12,0.125,5.977501780409659,0.12172727938832212,5.5018242092471015,0.3913154044830804,3.4061386379458374,0.14382593466706753,3.108720464151234,0.40875882509840816,3.0259089313355783,0.052848620391191634,2.3740431096378236,0.6243055453978293,95,0.6044819078947369,0.8203523569825182
94,2,0.019369152030840553,0.11650436619325079,0.775,-0.0131,16,0.125,7.432241912777192,0.15135195622413083,6.766781665487364,0.4347862091563387,4.682115585049185,0.19770470959017108,4.223074131651956,0.4589388323827286,3.9697903142659747,0.06933385839165723,3.9471873604836967,0.22366791874255937,95,0.5189555921052632,0.7489897789398622
95,2,0.030153689607045786,0.11584792762612703,0.7988,0.023799999999999932,12,0.125,5.524368662979357,0.11258159096877268,5.1773048503661965,0.34994333863462024,2.8224551601866166,0.12009919764363088,2.615766517106935,0.3807539321684311,2.378031468161041,0.041864693933355866,2.0483332824882767,0.5081714101831228,95,0.6127055921052632,0.8106838467216966
95,2,0.030153689607045786,0.11584792762612703,0.7988,0.023799999999999932,19,0.125,5.513632913572853,0.11236280619495305,5.26911092825896,0.30376733463867056,3.357370274284107,0.14286054277207297,3.155255212901906,0.3429916319419142,3.3545566703422565,0.059056194237235154,3.335857920410765,0.19129230413743148,95,0.6170230263157894,0.8787151805944289
95,2,0.030153689607045786,0.11584792762612703,0.7988,0.023799999999999932,16,0.125,6.157912102333808,0.12549262799429328,5.748937362513589,0.35892779932592217,3.2913823326299414,0.14005266863518287,3.0501404027898262,0.3758118570814682,2.9138465051801994,0.05129759372044049,2.4613652404672424,0.5565378703488291,95,0.5738075657894737,0.8033679684700824
95,2,0.030153689607045786,0.11584792762612703,0.7988,0.023799999999999932,11,0.125,5.326750137363178,0.10855430579356973,5.016088616640502,0.3403736356388097,3.280950481258724,0.13960877957104695,2.999692256798249,0.4058483063004262,3.100369061877592,0.054581280186474485,2.820376353815771,0.4169572290453207,95,0.7616365131578947,0.9536792096312693
95,2,0.030153689607045786,0.11584792762612703,0.7988,0.023799999999999932,1,0.125,6.748017004084014,0.1375184272720845,6.2247562534334735,0.39570725481729513,3.9607547135958594,0.16853534818765384,3.679914176296155,0.37448743431057036,4.267553997619015,0.07512930099808522,4.262684726036604,0.14204972837950708,95,0.5831003289473684,0.892884845920598
95,2,0.030153689607045786,0.11584792762612703,0.7988,0.023799999999999932,7,0.125,5.416365179978116,0.11038057856568463,5.141150263453643,0.3211286088203014,3.013650844891918,0.12823482674057393,2.9073511731201216,0.2909673095344359,3.0752846158635085,0.05413967431669199,2.6687607746087143,0.5139118020202754,95,0.6998355263157895,0.9141010575793185
95,2,0.030153689607045786,0.11584792762612703,0.7988,0.023799999999999932,17,0.125,5.8945923916911065,0.12012641263718779,5.466903610363335,0.37453792637250594,3.0967435075326724,0.1317705293635937,2.828672489342494,0.40699845425928605,2.7043543379915183,0.04760953257481917,2.457853897870574,0.41750024442244116,95,0.5589638157894737,0.7766661762542298
95,2,0.030153689607045786,0.11584792762612703,0.7988,0.023799999999999932,14,0.125,6.037754252077186,0.12304392068047285,5.5362158655256515,0.40320765247636364,3.5935658740991787,0.152910977735536,3.2413565979707264,0.44185260729525033,3.4099585393439265,0.0600315313259762,3.141081628165077,0.39201399147272015,95,0.6215871710526316,0.8358801349474102
96,2,0.04322727117869957,0.11518700962342475,0.8047,0.005900000000000016,9,0.125,5.605491199529236,0.11438638913138909,5.286496203196517,0.3353201938317041,3.23144472069899,0.13879778263319714,2.9263694136294247,0.4259684027262399,2.811242650126198,0.049699207537132445,2.9061368985068627,0.3074468933762644,95,0.56484375,0.7954429642571158
96,2,0.04322727117869957,0.11518700962342475,0.8047,0.005900000000000016,16,0.125,6.315489381118591,0.12887470521128574,5.890983347220997,0.3613313360962177,3.460760551271333,0.14864741075842974,3.1235564531850875,0.4372497881823667,3.3349350831148943,0.058957426108753326,2.429350990607635,0.6911757843755897,95,0.5813322368421052,0.8032960814825294
96,2,0.04322727117869957,0.11518700962342475,0.8047,0.005900000000000016,17,0.125,5.556611493496636,0.1133889434346868,5.24403495292062,0.3340938576391753,3.0467307620840485,0.13086390472622544,2.844271018738927,0.3617033546690921,2.5897162983755173,0.045782902365073874,2.6616434338492394,0.3496590068472855,95,0.5576891447368421,0.7948831379488314
96,2,0.04322727117869957,0.11518700962342475,0.8047,0.005900000000000016,11,0.125,5.063540813604608,0.10332727842589245,4.884401647326101,0.29243855248934053,2.950079153288826,0.12671250182498495,2.8624301267572143,0.2808748873084146,3.790438695144502,0.06701015273736957,2.5834478164162933,0.7712434209999265,95,0.7733552631578947,0.9586346235644406
96,2,0.04322727117869957,0.11518700962342475,0.8047,0.005900000000000016,18,0.125,5.730882658476742,0.11694514370014598,5.30754558914891,0.37726932613600506,2.9069195833823565,0.12485870170764157,2.724204333971128,0.35655101944460027,3.812361712450714,0.06739772390163483,2.6984112876487316,0.7379177517129892,95,0.6984786184210526,0.9430152469535528
96,2,0.04322727117869957,0.11518700962342475,0.8047,0.005900000000000016,12,0.125,5.608394747793781,0.11444563931836252,5.255643882060401,0.3501823286744763,3.0525636455460208,0.1311144401247405,2.868417381205502,0.3475928990776437,3.594438060682205,0.06354510989977813,2.3633455793731155,0.7883531198989947,95,0.6193256578947368,0.8188819545877042
96,2,0.04322727117869957,0.11518700962342475,0.8047,0.005900000000000016,7,0.125,5.4094387089090334,0.11038571627614603,5.121305673068293,0.3282933477798017,3.216953439575236,0.1381753496778668,2.943453443380458,0.40378877395310275,3.444733885959652,0.060898529801693295,2.6152338717053047,0.6551154526912301,95,0.7045641447368421,0.9111759556463379
96,2,0.04322727117869957,0.11518700962342475,0.8047,0.005900000000000016,10,0.125,7.760085503075142,0.15835332327738763,7.040175280498234,0.46028608715674346,4.424427765888703,0.1900390742854072,4.085512591447528,0.4020603107201342,4.149778111903988,0.07336281825665518,4.1025355509944985,0.26445292095391565,95,0.6209703947368421,0.9068335319825189
97,2,0.058526203570536506,0.1145216846622508,0.7974,-0.007299999999999973,10,0.125,6.1621056883555045,0.12585431814584608,5.749011927499936,0.3599880097930365,3.6361781759727085,0.15680131337363554,3.3330923353000586,0.40048142127267267,2.880081793828689,0.05218736738656055,2.5856502558223373,0.4417759726907039,95,0.6543585526315789,0.905366344099535
97,2,0.058526203570536506,0.1145216846622508,0.7974,-0.007299999999999973,5,0.125,6.145746127596739,0.12552019187982785,5.625952445302565,0.4045190924692505,3.5128178282101064,0.151481699314231,3.1613123961163496,0.4389123562328613,2.8867584997120397,0.05230834995851842,2.6836225257154553,0.3803681916704656,95,0.6510279605263158,0.8446283079643782
97,2,0.058526203570536506,0.1145216846622508,0.7974,-0.007299999999999973,18,0.125,5.329319975199641,0.10884557415612653,5.0723480583924685,0.32201041866168956,2.7620410629548338,0.11910628283427685,2.795081347839911,0.22277887432821833,3.4241052590446808,0.06204512646374093,3.8104022351841587,-0.09771459781923546,95,0.7019736842105263,0.9424203373945642
97,2,0.058526203570536506,0.1145216846622508,0.7974,-0.007299999999999973,8,0.125,5.92322447145575,0.12097542865721224,5.432561253111221,0.39908154333242346,3.2769911736162136,0.1413122501345463,3.0299145824564686,0.38245868500665303,2.8834487389649697,0.052248376765937896,2.442965130399786,0.5345126479376124,95,0.5489720394736842,0.7090854617631638
97,2,0.058526203570536506,0.1145216846622508,0.7974,-0.007299999999999973,11,0.125,4.910651860245392,0.10029473247930427,4.805972768925115,0.2741211119226352,2.879231905300094,0.12415985202308147,2.90222615931247,0.22015674781355082,2.699221267193346,0.048910156729047236,2.926325788863382,0.08112527345336631,95,0.7721628289473684,0.956653708930188
97,2,0.058526203570536506,0.1145216846622508,0.7974,-0.007299999999999973,1,0.125,6.558822776619445,0.13395683393596203,5.960503674384324,0.4257732660261611,3.8210956603634694,0.1647754287813503,3.3952023492543693,0.4732229465771426,4.7274905634514255,0.08566259728455915,3.922466424899168,0.6823908426665788,95,0.5831825657894737,0.8989635479094691
97,2,0.058526203570536506,0.1145216846622508,0.7974,-0.007299999999999973,3,0.125,6.16062043838673,0.12582398352785187,5.6522131765487496,0.399439403849421,3.514750525886848,0.15156504218671996,3.145898990243606,0.45021689344569205,3.3671816149167046,0.06101366439365181,2.798955505875067,0.5831633282798452,95,0.6369654605263158,0.7730940546123556
97,2,0.058526203570536506,0.1145216846622508,0.7974,-0.007299999999999973,19,0.125,6.582549464801313,0.1344414257806996,6.088488002757156,0.3824765168729708,3.9120695669460535,0.16869845657166577,3.409615103356932,0.5189016344279266,3.498421407813461,0.0633917424407111,2.9494471435997247,0.5650365135244203,95,0.5877878289473685,0.8640783490731024
98,2,0.07597595192178702,0.11385202570298478,0.7968,-0.0006000000000000449,18,0.125,5.0753935164555815,0.10376903857735338,4.8578154661817825,0.312005783891314,2.902984873991067,0.12471838872298016,2.631647693470648,0.4259290207097948,3.9470904256326027,0.07148454608438073,3.2146333934204585,0.6678153722341867,95,0.6942845394736842,0.9379923008587504
98,2,0.07597595192178702,0.11385202570298478,0.7968,-0.0006000000000000449,3,0.125,5.34110611760883,0.10920166977534093,5.128886759720159,0.2990994257375955,2.848344156633699,0.12237090758777541,2.7083213621777547,0.34342828353846716,2.7041547826352796,0.048974119245724916,2.9524412706233423,0.05104548771880462,95,0.6359786184210526,0.7818581496088446
98,2,0.07597595192178702,0.11385202570298478,0.7968,-0.0006000000000000449,5,0.125,5.608661779581823,0.11467198330252806,5.28138507784123,0.33991491008573266,3.360859717808044,0.14438966337179712,3.036154887255801,0.4289987628703538,2.724340848956606,0.049339702911819404,2.6441166437349213,0.3036855037733207,95,0.6518092105263158,0.8313777441332324
98,2,0.07597595192178702,0.11385202570298478,0.7968,-0.0006000000000000449,13,0.125,6.240854175997664,0.1275974829626605,5.74956429974967,0.39130192199651875,3.1781224100723664,0.1365388809634699,2.9089787987907703,0.4043887799579687,2.4975044692377275,0.04523153869690168,2.9556248999146146,-0.10922490546196303,95,0.5574835526315789,0.8032158135418204
98,2,0.07597595192178702,0.11385202570298478,0.7968,-0.0006000000000000449,15,0.125,6.289390343451069,0.1285898299435477,5.850640681632673,0.367627441010798,3.71987895488325,0.15981389143779257,3.449192319486988,0.37449258096757543,3.607869907438542,0.0653410271499939,3.4690938758435252,0.28672601187816543,95,0.5017680921052632,0.7079406703269687
98,2,0.07597595192178702,0.11385202570298478,0.7968,-0.0006000000000000449,2,0.125,7.043877947067387,0.14401571820067588,6.3917875043451176,0.4404993528323657,3.96871805773641,0.17050454719599875,3.475311297729745,0.5067869590356489,3.2709887428614195,0.059239875532644384,3.402519348793238,0.10268053517810702,95,0.5365953947368421,0.6717241379310345
98,2,0.07597595192178702,0.11385202570298478,0.7968,-0.0006000000000000449,0,0.125,5.788702139025408,0.11835300132487621,5.347913831177927,0.38282106629088997,3.5909611542706643,0.1542753092308494,3.197160667275237,0.4607422526633489,4.26437271912007,0.07723074854867512,3.4681041583689933,0.6984127374456139,95,0.7630345394736842,0.9734870938190441
98,2,0.07597595192178702,0.11385202570298478,0.7968,-0.0006000000000000449,16,0.125,6.074151469305588,0.12418916013102321,5.655595501457869,0.3648559517012399,3.2771801511028587,0.14079461166415258,3.052509428764202,0.3686214264834224,4.540285240085823,0.08222771573041202,3.8044455384587295,0.6545850603708414,95,0.5561677631578947,0.7767263048942777
99,2,0.09549150281252627,0.11317810618127785,0.798,0.0012000000000000899,17,0.125,5.75992791717242,0.11789296713780122,5.312462872070221,0.3867072930850914,3.3374623449137846,0.14436731976374878,3.0101866365132803,0.4354456023931752,2.683156239809504,0.04917612607728847,2.591362166382187,0.29861464537941923,95,0.5595805921052631,0.7991035344257477
99,2,0.09549150281252627,0.11317810618127785,0.798,0.0012000000000000899,0,0.125,5.296671521560997,0.10841113475907166,5.001827224360655,0.336108703855501,3.020317226527095,0.13064869585555125,2.875402889600782,0.32139916123340656,4.04712079649143,0.07417448137586226,3.6822151866967383,0.43881433643779827,95,0.7748355263157894,0.9728826151560178
99,2,0.09549150281252627,0.11317810618127785,0.798,0.0012000000000000899,4,0.125,6.441189934418046,0.1318368917435102,5.814954051742456,0.4442780768046898,3.67861323425779,0.15912435203548983,3.2605415549963745,0.48340139766697127,3.4978605629112436,0.06410779569612793,2.9431786617109084,0.59744299007798,95,0.5462582236842105,0.8090327436958976
99,2,0.09549150281252627,0.11317810618127785,0.798,0.0012000000000000899,14,0.125,5.561337300330802,0.11382825705776989,5.1125906615802785,0.3936156206125036,3.3574051698063463,0.14522997883843305,3.0285442748242346,0.43552172368736913,3.210761377643695,0.058845923307956405,2.79683048229409,0.5097527634332785,95,0.6326891447368421,0.8881523363878598
99,2,0.09549150281252627,0.11317810618127785,0.798,0.0012000000000000899,18,0.125,5.279915240063604,0.10806817078932572,5.034875542574509,0.3147048070774982,2.7925661111551774,0.12079695381281147,2.6371783518388683,0.34610536203821646,3.3089622799411025,0.06064572157562032,3.198491468571716,0.27173237933106353,95,0.71484375,0.9404659188955996
99,2,0.09549150281252627,0.11317810618127785,0.798,0.0012000000000000899,10,0.125,6.263379245327055,0.12819750076029032,5.828748916767388,0.36683072091247665,3.5285230462621366,0.15263195873649385,3.287431449309667,0.3633206081145118,3.251307351877851,0.05958903841667884,3.2803362386201607,0.15997605764081393,95,0.6659950657894737,0.9099215904179786
99,2,0.09549150281252627,0.11317810618127785,0.798,0.0012000000000000899,1,0.125,6.311856709544172,0.12918972708292079,5.860570970996273,0.37279037479449484,3.674383652248535,0.1589413946399322,3.4672115934980816,0.3313169241160029,4.352893396900186,0.07977859481718348,4.471488476870295,0.03736011956224971,95,0.5861019736842106,0.9035358495860811
99,2,0.09549150281252627,0.11317810618127785,0.798,0.0012000000000000899,16,0.125,5.7115850573979,0.11690349586998323,5.436421628806658,0.31296052511392236,3.0642543067804024,0.13254926516806545,2.9054012376651177,0.3288842361585721,2.8939237064994527,0.05303901239048783,2.3939583768704273,0.5882004153743264,95,0.5763980263157895,0.8227992580967328
100,2,0.11697777844051102,0.11250000000000002,0.8092,0.011199999999999988,3,0.125,5.5869475651566445,0.11451913755659231,5.211652393630107,0.36040631791883043,3.100442977901256,0.13398374456884735,2.775891469553625,0.44624915428366274,2.238986459698344,0.04154794781114029,2.599495033359475,0.061303022705886126,95,0.6344161184210526,0.7998574113682028
100,2,0.11697777844051102,0.11250000000000002,0.8092,0.011199999999999988,4,0.125,5.545825775427665,0.11367623866777586,5.171237999748471,0.36140446407114357,3.014192222003322,0.13025647097295576,2.922523880189343,0.28501536009827766,2.5979644214921094,0.048209353715294945,2.284024751347602,0.4833023363585536,95,0.5782072368421053,0.8303228559237662
100,2,0.11697777844051102,0.11250000000000002,0.8092,0.011199999999999988,11,0.125,5.261214294859383,0.10784238021228297,4.9503283375092755,0.34213556324201594,3.053540936783651,0.13195690158490941,2.8328001783619756,0.3765062226548214,3.181564831760323,0.059038985704963444,2.7776053198003607,0.488465885205508,95,0.742516447368421,0.9577472588326503
100,2,0.11697777844051102,0.11250000000000002,0.8092,0.011199999999999988,14,0.125,5.336698753871487,0.10938963209610296,5.050672985010488,0.3280200484535667,3.3377283338081076,0.14423788591005415,3.1409940732973407,0.3415933985793123,3.4770229269890325,0.06452167965684881,2.903720080399241,0.5697300275916354,95,0.6366776315789474,0.855915784035133
100,2,0.11697777844051102,0.11250000000000002,0.8092,0.011199999999999988,7,0.125,5.558134912675682,0.113928546706337,5.151360747303237,0.3755615139067326,3.05243814790102,0.13190924523869793,2.748580635970499,0.4350519545866771,3.050920188757786,0.05661466697549432,2.4447980402425964,0.6127200940690815,95,0.6940378289473684,0.9210853723561823
100,2,0.11697777844051102,0.11250000000000002,0.8092,0.011199999999999988,2,0.125,6.241267139307076,0.12793113264769054,5.75414752454265,0.39238791648807897,3.481856842481777,0.15046631114762896,3.1302071119438444,0.44355734865781316,2.578315962847909,0.04784474537620362,2.3652499695469986,0.42353773282291873,95,0.5505756578947368,0.7253174010455564
100,2,0.11697777844051102,0.11250000000000002,0.8092,0.011199999999999988,10,0.125,6.0219075698096365,0.12343478317945855,5.692463978086775,0.3265627420455616,3.7193554734308925,0.1607296690391769,3.40111784206629,0.40911666529687424,3.3197361959544023,0.061602974693670015,2.726203082185546,0.5895650344195471,95,0.6649259868421052,0.915651474862408
100,2,0.11697777844051102,0.11250000000000002,0.8092,0.011199999999999988,19,0.125,6.107694904701776,0.1251932195153204,5.635244991686321,0.3892136413992584,3.639419565487941,0.1572752877304269,3.3343698835243774,0.4034425252739606,3.580441820597581,0.0664407813895644,3.078004871212154,0.5234731852512412,95,0.5775904605263158,0.8878764148928597
101,2,0.14033009983067443,0.11181778152113554,0.8135,0.0042999999999999705,11,0.125,5.029752641963584,0.10321677064390729,4.772065723304577,0.3266296095835444,3.0628525693964943,0.13487095401522836,2.904615020220797,0.32689250569812095,3.569735569056043,0.06758344201438654,3.1211607179164673,0.5359812590982594,95,0.7612253289473684,0.9547885269810403
101,2,0.14033009983067443,0.11181778152113554,0.8135,0.0042999999999999705,9,0.125,5.70138464910507,0.11699949352770428,5.333904829418644,0.353293506748903,2.929538304566114,0.1290005369206651,2.6344010690347623,0.4376348368540974,2.916726430576492,0.05522045198569728,2.974958420938025,0.13538282810318292,95,0.5757401315789473,0.8060277103270961
101,2,0.14033009983067443,0.11181778152113554,0.8135,0.0042999999999999705,15,0.125,6.470875813184802,0.13279040784279156,5.969557562296204,0.3931407991534719,3.6991096800219436,0.16288817050369148,3.354832486518459,0.43214285516955786,3.1039461398942736,0.058764958889320526,2.9903636682623405,0.27864982652545245,95,0.49000822368421054,0.7111689183519342
101,2,0.14033009983067443,0.11181778152113554,0.8135,0.0042999999999999705,3,0.125,5.482953318129584,0.11251701134704213,5.111944601585465,0.3618565778551893,2.97455440960385,0.1309827952549882,2.695527864386884,0.422891060412427,2.7560049853356623,0.052177619186243085,2.465244430619215,0.449889750812333,95,0.6545230263157895,0.8164342254052016
101,2,0.14033009983067443,0.11181778152113554,0.8135,0.0042999999999999705,14,0.125,5.0327672565682535,0.1032786342794336,4.831154898879378,0.30051837594179903,2.7020852556573214,0.11898477252948324,2.6753375499970673,0.2513207900385057,3.280795896806843,0.06211313834417004,3.0409326496260425,0.3776793514773045,95,0.64765625,0.8580407593168687
101,2,0.14033009983067443,0.11181778152113554,0.8135,0.0042999999999999705,18,0.125,5.77679275100363,0.11854696142769976,5.316011291130283,0.39307596797827643,3.247935385661887,0.14302096954354918,2.927745231316081,0.43627524598527795,3.42529737826683,0.06484888929947859,3.0990091138534734,0.4429259960950317,95,0.7018092105263158,0.9432270916334662
101,2,0.14033009983067443,0.11181778152113554,0.8135,0.0042999999999999705,19,0.125,5.41600147802945,0.11114307644094996,5.21287723949898,0.28688908060195695,3.2475815634845366,0.143005389187156,2.9618848690193706,0.41112120544283176,2.99896114409743,0.05677734741542841,3.123332626623391,0.068335309280525,95,0.6258634868421052,0.8827278102621379
101,2,0.14033009983067443,0.11181778152113554,0.8135,0.0042999999999999705,5,0.125,6.501729025581508,0.13342355407765996,5.861952430963342,0.453773505728789,3.8253757204221217,0.16844822308299434,3.5745064233851056,0.35769103931910196,3.403801468109322,0.06444192145282082,3.1041333646850275,0.4219027186678305,95,0.640296052631579,0.8271256100693553
102,2,0.16543469682057088,0.11113152555762863,0.8042,-0.009299999999999975,18,0.125,5.193022975327411,0.10669265342650885,5.074865751127412,0.26094703232404853,3.0478227064732812,0.13432823741794073,2.8228197095852887,0.380104113786953,3.421682630147799,0.06503745211762647,3.5259954891459095,0.12636370223905286,95,0.72578125,0.9455554926066512
102,2,0.16543469682057088,0.11113152555762863,0.8042,-0.009299999999999975,9,0.125,5.617672814451347,0.11541724762309362,5.34680717936152,0.31413163179638687,2.8732807728836636,0.12663556216986419,2.8161098831219094,0.2703314318406839,2.4037768412975464,0.04568966152497776,2.151737247620998,0.46070987795615054,95,0.5837582236842105,0.8394026907093047
102,2,0.16543469682057088,0.11113152555762863,0.8042,-0.009299999999999975,6,0.125,6.484333194924742,0.1332231183176103,5.882135308062374,0.4331330678744734,3.7225236470348126,0.16406467449394418,3.2627493438902015,0.5059577470332463,3.27972583415688,0.062339215805267995,2.701011557552484,0.5918568013313497,95,0.5230674342105263,0.835704740193381
102,2,0.16543469682057088,0.11113152555762863,0.8042,-0.009299999999999975,3,0.125,5.350994814151261,0.10993824558561513,5.136685731163882,0.2983144308699215,2.907505670058936,0.12814397343788192,2.9065384313435683,0.22499685982427156,2.876832258943287,0.054681237424812075,2.91958280074783,0.21005102175928206,95,0.6610197368421052,0.8092809156506594
102,2,0.16543469682057088,0.11113152555762863,0.8042,-0.009299999999999975,8,0.125,6.170813950063696,0.1267817449030451,5.664657913998136,0.40010783249322546,3.364499266658048,0.14828528422084308,3.2071683753235973,0.3116223995456339,3.0305757841798653,0.0576035093716224,2.682109314803291,0.4656267234649326,95,0.5412006578947368,0.73978118826926
102,2,0.16543469682057088,0.11113152555762863,0.8042,-0.009299999999999975,4,0.125,6.123158544499084,0.12580264627514345,5.642379057787613,0.39050494835064786,3.6804978319366586,0.16221244941005156,3.19912444809571,0.5221545725233655,3.6667753603542366,0.0696960392597341,2.9047624872960576,0.6813976669814212,95,0.5752055921052631,0.8342268925584387
102,2,0.16543469682057088,0.11113152555762863,0.8042,-0.009299999999999975,10,0.125,6.265264091477679,0.12872225936867415,5.742501629221034,0.40474232533877347,3.5544043653519197,0.15665506804391385,3.2294792104005166,0.42121899446342576,3.092307065755496,0.058776863450186186,2.7803041700132525,0.4378675142735081,95,0.6705180921052631,0.9169681731771632
102,2,0.16543469682057088,0.11113152555762863,0.8042,-0.009299999999999975,19,0.125,5.933039957961712,0.12189658682581263,5.496685648522062,0.37671905877163236,3.4423300834464987,0.15171556132120922,3.107833132951347,0.4334576438618285,3.4222563843668015,0.0650483577206818,2.963892029863372,0.5109697931405773,95,0.6053453947368421,0.8854775166417607
103,2,0.19216926233717088,0.11044130736517907,0.8076,0.0033999999999999586,18,0.125,5.342692439825756,0.109842865530318,5.031670564602435,0.34002200452964165,3.057856824088637,0.1333514734371642,2.975525393633743,0.2896473656204314,3.602446756115976,0.06904888974343286,3.2291538125901003,0.4433012592750252,95,0.7059621710526316,0.9401828877628283
103,2,0.19216926233717088,0.11044130736517907,0.8076,0.0033999999999999586,1,0.125,5.973853256139574,0.12281919038060743,5.580185504553605,0.35708850823435034,3.544766588144622,0.1545853434981535,3.3105567599767767,0.3598437115344624,3.6686798237699536,0.07031839352667256,3.7471567564349897,0.16612881339932037,95,0.5956003289473685,0.9008629616845012
103,2,0.19216926233717088,0.11044130736517907,0.8076,0.0033999999999999586,8,0.125,5.654314512023977,0.11624964671008298,5.3204458264608805,0.33981221392151106,3.0146161199785415,0.13146576984237268,2.8518496680520538,0.3472329041366189,3.216429775069196,0.061650017319255984,3.462037298173806,0.0857514563126193,95,0.5461348684210526,0.7562867038096672
103,2,0.19216926233717088,0.11044130736517907,0.8076,0.0033999999999999586,10,0.125,5.518462313315935,0.11345659901685431,5.2309101411078505,0.32330494572287627,3.4461443582101796,0.150284481674992,3.320828115155806,0.2928506196456457,2.4832887437437554,0.047597741833869944,2.816434858077832,0.09515979381871954,95,0.6856496710526315,0.9168215892053972
103,2,0.19216926233717088,0.11044130736517907,0.8076,0.0033999999999999586,9,0.125,5.539338006292571,0.11388579196821941,5.249125825867892,0.323813256052873,3.024730331922537,0.13190684512580736,2.865230474254499,0.3442798810336454,2.509106105709711,0.04809258889214418,2.707119055493723,0.18624674258108112,95,0.5885690789473684,0.8470029341903031
103,2,0.19216926233717088,0.11044130736517907,0.8076,0.0033999999999999586,0,0.125,5.681476986674138,0.1168080924907586,5.2711628330230855,0.37317037762218697,3.480173211052179,0.15176846144478046,3.2468799471842047,0.362864568769504,4.228211652771461,0.08104306322597472,3.821385060364779,0.4317236314393463,95,0.7726973684210526,0.9709450830140486
103,2,0.19216926233717088,0.11044130736517907,0.8076,0.0033999999999999586,14,0.125,7.150704783761113,0.14701462097176043,6.502395191263935,0.4424358537929146,6.51272772287205,0.28401651480163637,5.808038676642276,0.5778964112651505,9.194251742925138,0.1762282464807552,8.13082504931478,0.718012626887811,95,0.5981907894736842,0.8935936211163047
103,2,0.19216926233717088,0.11044130736517907,0.8076,0.0033999999999999586,15,0.125,5.859302336840019,0.12046408546548984,5.519840668582647,0.3360436535676464,3.216665725933664,0.14027704329679425,3.0437240402249452,0.33939301764673135,3.1629284969670475,0.06062454654816513,3.018511333769753,0.33968659114648875,95,0.5217516447368421,0.7380408227598707
104,2,0.22040354826462666,0.10974720263398964,0.8098,0.0021999999999999797,12,0.125,6.219368438212222,0.12803398775840205,5.761121280865926,0.3786865333014375,3.3148872785727543,0.14505784443256511,3.0549247222492784,0.38828015565506663,2.7472217091705624,0.052112638901047566,2.4924138806077125,0.4519914976312838,95,0.5878700657894737,0.8037350493110442
104,2,0.22040354826462666,0.10974720263398964,0.8098,0.0021999999999999797,3,0.125,5.413207382519159,0.11143808806837244,5.059664733844159,0.3570829112265941,3.109911160400275,0.13608818985201585,2.839573450907713,0.4080550601039466,3.775180576156824,0.07161221152802666,3.111255401876921,0.5816332337700976,95,0.644860197368421,0.7918765542306957
104,2,0.22040354826462666,0.10974720263398964,0.8098,0.0021999999999999797,6,0.125,6.5243073329526045,0.13431156129406374,5.911814254457785,0.4379986731037353,4.15852463195285,0.1819750019947977,3.8125269766696404,0.4103465677784577,3.5073988770419864,0.06653260293884815,3.837481825225681,0.03810800711750104,95,0.4954358552631579,0.8360029877998174
104,2,0.22040354826462666,0.10974720263398964,0.8098,0.0021999999999999797,10,0.125,5.290216065711765,0.10890614790323339,5.023979143436739,0.32267057287448525,2.9588113061367927,0.129476134203785,2.7288368367299594,0.39026799645901356,4.08552075193535,0.07749912100564461,3.00604772020588,0.759869020453481,95,0.6932976973684211,0.9208825099341676
104,2,0.22040354826462666,0.10974720263398964,0.8098,0.0021999999999999797,13,0.125,6.021050002644303,0.12395133846627114,5.54967740182966,0.38975101645418614,3.315082177493816,0.1450663731139336,3.1128576006874433,0.34739327022428,3.1360529664017824,0.059488462568242126,3.1881466299006007,0.23951126341278842,95,0.5789473684210527,0.8129971590909091
104,2,0.22040354826462666,0.10974720263398964,0.8098,0.0021999999999999797,5,0.125,5.557640618690156,0.11441143871893134,5.173144747565589,0.36579640949543474,3.2262759134915995,0.14118025447830468,2.9010142148741216,0.4386966576167459,2.7905218127515594,0.05293400786983594,2.375297280130907,0.5305169020301929,95,0.6615131578947369,0.8408130283441074
104,2,0.22040354826462666,0.10974720263398964,0.8098,0.0021999999999999797,14,0.125,5.094210617217277,0.10487111453249179,4.892751034473564,0.3010472929359273,3.1334993965381783,0.13712039951725785,2.892160271287354,0.3862658065711372,3.927924804812481,0.07450964962178523,3.3159659777666426,0.5485767911763565,95,0.6449424342105263,0.8915524386356392
104,2,0.22040354826462666,0.10974720263398964,0.8098,0.0021999999999999797,1,0.125,5.869448748183551,0.12083042460650859,5.454937187098039,0.3692294812255481,3.4762321939274843,0.15211821893844835,3.2167572246168468,0.3790973990993812,4.449587101713983,0.08440517382209696,3.7632369552245497,0.5640079320163137,95,0.5989720394736842,0.9088350380998147
105,2,0.24999999999999997,0.10904928748046602,0.8027,-0.007099999999999995,2,0.125,6.535689654647608,0.13466646445206046,5.931834300817962,0.427462404210024,3.543821165502469,0.1561351545329255,3.121292612358992,0.48111176401386707,3.1536043153292654,0.061042930724175035,2.823567069848588,0.45136054586017005,95,0.5327713815789473,0.7003164312726712
105,2,0.24999999999999997,0.10904928748046602,0.8027,-0.007099999999999995,16,0.125,6.300953836625735,0.1298297839541135,5.86348797611517,0.36616328776820484,3.3567749168486465,0.14789419270825405,3.1436547148894727,0.35609457771984454,2.8669756127318173,0.055494785082958346,2.5762093176515277,0.4553773727219043,95,0.5419819078947369,0.7993323723541461
105,2,0.24999999999999997,0.10904928748046602,0.8027,-0.007099999999999995,19,0.125,6.151679608549583,0.1267540209373474,5.650607809666847,0.39627442263880064,3.6724568977384178,0.16180264140461934,3.424043254297714,0.3620978195166908,3.7151927568831535,0.07191335101331399,3.2672272804530196,0.47709863838743666,95,0.6017680921052632,0.8788520669627605
105,2,0.24999999999999997,0.10904928748046602,0.8027,-0.007099999999999995,3,0.125,5.215933243514412,0.1074731705203537,5.013593692763517,0.3048899717617984,2.830334015957299,0.12470003939903403,2.584234183370691,0.4156771908689794,3.1495352978568665,0.060964168543873674,2.509216164113896,0.6103316899857187,95,0.6573190789473684,0.8020768172150632
105,2,0.24999999999999997,0.10904928748046602,0.8027,-0.007099999999999995,4,0.125,6.3352250440749875,0.1305359347329241,5.722064218291254,0.43627227503671084,3.64363203060771,0.1605326633572914,3.2361946319650303,0.4666517315845534,2.908521820249912,0.05629897673599851,2.3643957086816383,0.5825359684621427,95,0.5713815789473684,0.822538860103627
105,2,0.24999999999999997,0.10904928748046602,0.8027,-0.007099999999999995,7,0.125,6.170572251290976,0.12714329973370672,5.584597901941249,0.42987659047724047,3.522026921301354,0.15517493461003704,3.044820538387084,0.5162023084652503,3.464385466446895,0.06705858468108944,2.495227607646269,0.7426190021493628,95,0.6475740131578948,0.8923741189916821
105,2,0.24999999999999997,0.10904928748046602,0.8027,-0.007099999999999995,18,0.125,5.208338432426135,0.10731668108901844,5.072650138487789,0.276769270446937,3.031205700142483,0.13355012804257194,2.8135536408558375,0.3810336422073914,3.443016896142201,0.06664496267073018,2.637981692130083,0.6699543984847347,95,0.7057154605263158,0.9440074579036299
105,2,0.24999999999999997,0.10904928748046602,0.8027,-0.007099999999999995,9,0.125,5.594075035339038,0.11526469993154254,5.162991960497016,0.3854620312867395,2.915465835453642,0.12845081269485467,2.691049825597182,0.39445803212052843,2.789255272411547,0.053990386662722725,3.1188627725623235,0.08560332160985784,95,0.58125,0.8292303338992643
106,2,0.2808144266054613,0.10834763843886955,0.8077,0.0050000000000000044,19,0.125,5.262630601312574,0.10844498420667634,4.9998384853846645,0.3198331961833105,3.2002445226402956,0.142589514332589,2.9068329186865616,0.4183644282622972,3.2732275317379917,0.06420394175370854,2.9573592864073945,0.4296775111422179,95,0.6330592105263158,0.8893868537282411
106,2,0.2808144266054613,0.10834763843886955,0.8077,0.0050000000000000044,17,0.125,5.628871179002856,0.11599196150232022,5.194067457149058,0.38598187059644984,3.0701456463547303,0.13679285240455938,2.74647127747008,0.44735756731901605,2.5360845616322987,0.04974497614318404,2.236907601187,0.47306311444166593,95,0.5613075657894737,0.8052889898175958
106,2,0.2808144266054613,0.10834763843886955,0.8077,0.0050000000000000044,18,0.125,5.471658111185191,0.11275233289294803,5.1737663225647985,0.3287346004203876,3.062392441800535,0.13644740202910124,2.8474736810887586,0.3723063327558552,3.0639282463214155,0.06009856288845026,2.980511469046661,0.27617315339697823,95,0.7084703947368421,0.938943702843877
106,2,0.2808144266054613,0.10834763843886955,0.8077,0.0050000000000000044,7,0.125,5.259601788444667,0.1083825706366372,5.0024698294301935,0.3173217887704879,2.962178345719051,0.13198228094586945,2.7295000684195343,0.3918694822633656,3.3752064851418524,0.06620424595528329,3.3719700149501395,0.19600458149543276,95,0.7070723684210526,0.9178878809025355
106,2,0.2808144266054613,0.10834763843886955,0.8077,0.0050000000000000044,2,0.125,5.705940162517587,0.11758009210339167,5.306511717726666,0.3676522150213761,3.0039311465153813,0.1338426111629687,2.8128242922211655,0.35945297774939594,3.262247971652759,0.06398857907899118,3.026168651433702,0.37440106374452503,95,0.5553042763157895,0.7342465753424657
106,2,0.2808144266054613,0.10834763843886955,0.8077,0.0050000000000000044,3,0.125,5.462874788058453,0.11257133836570082,5.174453151869184,0.324662633280293,3.123678915924676,0.13917807105101346,2.8526006104395285,0.4076654300308298,2.5747016313040683,0.050502445053568254,2.3511771655307787,0.4173715492841054,95,0.6597861842105263,0.8286177240433753
106,2,0.2808144266054613,0.10834763843886955,0.8077,0.0050000000000000044,10,0.125,5.9293680571829395,0.1221841839243665,5.4229109935919855,0.4093033408935267,3.3894008296599405,0.15101752842965707,3.0874293396326644,0.41343757026052186,2.623117601768925,0.05145211815680786,2.317138909408734,0.46957150972164907,95,0.6671463815789473,0.9179661016949152
106,2,0.2808144266054613,0.10834763843886955,0.8077,0.0050000000000000044,1,0.125,6.456316235288628,0.13304280030495677,5.867071031166424,0.4329588194313714,3.9585365261576406,0.17637583526490896,3.5832560934159448,0.43813401563620813,4.8044927705102936,0.09423951466953756,4.177208923719468,0.5847736543292527,95,0.5967105263157895,0.9031146637265711
107,2,0.31269670329204396,0.10764233245292455,0.8101,0.0024000000000000687,15,0.125,6.06507463659291,0.12510878239913623,5.761266804748934,0.31620744710550974,3.466383314737858,0.1554186800877401,3.352527340384921,0.285043974860003,2.6768582138749357,0.052914559853379936,3.2020593411252087,0.0007297960059205779,95,0.515296052631579,0.7020427705075007
107,2,0.31269670329204396,0.10764233245292455,0.8101,0.0024000000000000687,18,0.125,5.15264127746962,0.1062873443427045,4.835709231906806,0.3534354948092485,2.998484969575974,0.13444000098115746,2.615341773705311,0.48922646301977163,3.078744385904909,0.0608588094942088,2.922756159015143,0.3721150044056829,95,0.6939967105263158,0.937196350278469
107,2,0.31269670329204396,0.10764233245292455,0.8101,0.0024000000000000687,6,0.125,6.091655690490236,0.12565708946660678,5.605128490700884,0.39275847206610787,3.135013081381583,0.14056137216405096,2.9627992637328804,0.34559468952065586,3.7765530388576405,0.07465268081002399,3.319307363504575,0.47709347014253506,95,0.5297286184210527,0.8412636808196848
107,2,0.31269670329204396,0.10764233245292455,0.8101,0.0024000000000000687,5,0.125,6.0446327099134916,0.12468711165145502,5.533594398066599,0.40427879308780523,3.6936658446245154,0.16560911420730257,3.190363155215884,0.5210721345271118,2.395796470193325,0.0473586964978056,2.625279912616414,0.23042369489294057,95,0.637047697368421,0.8413477054153489
107,2,0.31269670329204396,0.10764233245292455,0.8101,0.0024000000000000687,0,0.125,5.9805293067147485,0.12336480332016944,5.4227461516255735,0.4253984184582979,3.56513693011124,0.159846394844492,2.9966199816742947,0.5658238656188254,4.318462560371727,0.08536482972498827,3.238728054983731,0.74073510958775,95,0.7738075657894737,0.9708804931186567
107,2,0.31269670329204396,0.10764233245292455,0.8101,0.0024000000000000687,4,0.125,5.911732191806857,0.12194567432433323,5.577417676457602,0.333904522390167,3.0991030476983896,0.13895131074550576,2.8843641694104027,0.37598929381115664,3.14141924174086,0.06209772920734245,2.7790688538916766,0.47409205385777764,95,0.5737253289473684,0.8370959650254426
107,2,0.31269670329204396,0.10764233245292455,0.8101,0.0024000000000000687,14,0.125,5.56099716182103,0.11471080333338014,5.142441133307501,0.38096647739626793,3.211682071269766,0.1439989011763272,2.7937288538262304,0.49570203769931104,3.814400124387785,0.07540081975222886,2.6997048476110375,0.7716673018565648,95,0.6302220394736842,0.8458276244535786
107,2,0.31269670329204396,0.10764233245292455,0.8101,0.0024000000000000687,8,0.125,5.953195776381669,0.12280097436446141,5.425078808109254,0.4139907066658056,3.174487093604722,0.14233122803988663,2.9269032362130987,0.3918328608413347,3.75525163802104,0.07423160723814529,2.617859547266012,0.7828744184937343,95,0.5464226973684211,0.7992324478892316
108,2,0.3454915028125263,0.10693344686738046,0.8165,0.006399999999999961,11,0.125,5.308516101350487,0.10962296946458065,4.951595115243444,0.3609918712765463,2.838077460158385,0.1269770077715723,2.6480725993259076,0.3708796484306907,2.620389325991359,0.05260881008971724,2.2325278720507336,0.5235740287955764,95,0.7407483552631579,0.9570913127948931
108,2,0.3454915028125263,0.10693344686738046,0.8165,0.006399999999999961,5,0.125,5.346961819355107,0.11041688883684969,5.014229832576639,0.34845292110602166,2.9829102496064435,0.13345689934940763,2.6711032122896556,0.4451712640028841,2.5372210854749824,0.050939065015035756,2.2883608301565297,0.44329381550801294,95,0.6781661184210527,0.8414478869823562
108,2,0.3454915028125263,0.10693344686738046,0.8165,0.006399999999999961,9,0.125,5.7743558294647075,0.11924274518259388,5.276068504497246,0.4110147475382332,3.0175651452711127,0.13500737674754398,2.792584989099849,0.38234544526898123,2.894782432089056,0.05811772232097892,2.6741486120137843,0.39202300071072776,95,0.5703947368421053,0.8148788927335641
108,2,0.3454915028125263,0.10693344686738046,0.8165,0.006399999999999961,12,0.125,5.81623907244328,0.12010765081318049,5.365670599770189,0.38811239076022375,3.2161275576589103,0.14389115858044027,2.8665805160726703,0.4560431260367773,4.317428346834132,0.08667977911588687,3.8808761687166795,0.46037284411562573,95,0.6221628289473684,0.8163373207322715
108,2,0.3454915028125263,0.10693344686738046,0.8165,0.006399999999999961,17,0.125,5.702328820521507,0.11775535879226216,5.191588712840625,0.4187126936631582,3.137709894692978,0.14038271304305242,2.7980864034798656,0.4540142201769119,2.5587521324858247,0.0513713377128333,2.4067898141956254,0.3762720061491403,95,0.5623355263157894,0.762869260017549
108,2,0.3454915028125263,0.10693344686738046,0.8165,0.006399999999999961,1,0.125,5.690028556381057,0.11750135344415144,5.308899617767938,0.35986795870999316,3.4158013241700096,0.15282466295372965,2.9750790718488935,0.506613642304466,4.036648473927503,0.08104264158664917,3.70843067790264,0.3991879667605073,95,0.6043174342105263,0.9093692590324556
108,2,0.3454915028125263,0.10693344686738046,0.8165,0.006399999999999961,18,0.125,4.854309944814608,0.10024343162802962,4.645700550724827,0.3089939073119962,2.6298400192838125,0.11766036031587274,2.4720454708397783,0.3657629127516848,2.8653307406782154,0.057526429101728886,2.4634804895711317,0.5116307575738045,95,0.7342927631578947,0.9513943330720125
108,2,0.3454915028125263,0.10693344686738046,0.8165,0.006399999999999961,8,0.125,5.554026357232489,0.11469285392380783,5.260232175754085,0.3234003368821848,3.160457354945592,0.14140044581385514,2.857526154815137,0.4274253183686561,3.1219273895263875,0.06267804693004692,2.8079792528587024,0.4370702687658654,95,0.5722039473684211,0.7882293762575453
109,2,0.37903905220016615,0.1062210594195301,0.7946,-0.02190000000000003,7,0.125,5.812435327793582,0.12016204256991618,5.308141610457004,0.4109345901340422,3.018320806715435,0.13445663990332124,2.6185053483464897,0.49809215809482577,2.600535077991949,0.05310991314169793,2.0676970875833085,0.6066050871429727,95,0.6689555921052631,0.8927407953777122
109,2,0.37903905220016615,0.1062210594195301,0.7946,-0.02190000000000003,11,0.125,5.119700370775456,0.10584094604143585,4.809667236334802,0.3475943558976708,3.0568033219296624,0.13617091417106023,2.7037032784450568,0.4665660172962704,3.78352130150188,0.07726967015099453,3.1654823639175937,0.5652451216784049,95,0.7734786184210526,0.9559300409334963
109,2,0.37903905220016615,0.1062210594195301,0.7946,-0.02190000000000003,18,0.125,4.942605900204134,0.10217982430646663,4.734307979812159,0.30828729591186266,2.733344035652201,0.12176182661428674,2.508525662902388,0.4117658488284933,2.9950928124804994,0.061167842136931,2.3305434169077803,0.635715401634972,95,0.7294407894736842,0.9475197294250282
109,2,0.37903905220016615,0.1062210594195301,0.7946,-0.02190000000000003,14,0.125,5.131742130608238,0.10608988858892958,4.744553799536349,0.381752642135011,2.8662799496411746,0.12768370088214664,2.4849343370560653,0.49839154921748696,3.3085065514096366,0.06756859273353295,2.268952314874378,0.7874688672471122,95,0.64140625,0.8766587601769344
109,2,0.37903905220016615,0.1062210594195301,0.7946,-0.02190000000000003,4,0.125,5.85375988012837,0.12101635618147434,5.430570810593537,0.37379244999516936,3.3893364724755095,0.15098421366506437,3.025384770530835,0.45196342033216247,3.0665274585863447,0.06262672953364279,2.763117502215388,0.44166720267417436,95,0.5849506578947369,0.8310136370026712
109,2,0.37903905220016615,0.1062210594195301,0.7946,-0.02190000000000003,0,0.125,5.2450037622201044,0.10843137683469205,4.805518019538737,0.40072935616689265,3.2761737853794664,0.14594317407924162,2.8738035503498884,0.4825851940059348,3.4129627275849446,0.06970186849310019,2.6015308796934575,0.6798858352409421,95,0.78046875,0.9711817080238133
109,2,0.37903905220016615,0.1062210594195301,0.7946,-0.02190000000000003,12,0.125,5.807285921833551,0.12005558751221941,5.32788701554656,0.400112959419423,2.9992693195393105,0.1336079564415886,2.685806295963033,0.4459886667797674,2.77200897531542,0.05661187082340322,3.094150513167508,0.07883882458797234,95,0.6167763157894737,0.8084
109,2,0.37903905220016615,0.1062210594195301,0.7946,-0.02190000000000003,10,0.125,6.341353175578936,0.13109650383396917,5.895559265536987,0.3708552401720543,3.7399993958044715,0.16660513716152864,3.448934177225507,0.3868265041272612,2.836261200908211,0.057924073896252704,2.859016100509603,0.2697232015728126,95,0.6633223684210526,0.9132779568559385
110,2,0.41317591116653485,0.105505248230685,0.8087,0.014100000000000001,3,0.125,5.593367622628736,0.11577597593726276,5.104581436850601,0.4101884444367381,2.9642969109729203,0.13447928609099494,2.678651246474528,0.4283672129120241,2.657826867874454,0.05490970192385939,2.349873129787934,0.4771690486162915,95,0.6666529605263158,0.8144698698575218
110,2,0.41317591116653485,0.105505248230685,0.8087,0.014100000000000001,4,0.125,5.443613685716994,0.11267624973184381,5.1372456606542265,0.33485141593565754,3.0504371263654324,0.1383871519416892,2.806314757073684,0.3923290016222448,3.5037460252251855,0.07238607306874055,3.335337308322066,0.30685097933262534,95,0.5784950657894737,0.8249342526121259
110,2,0.41317591116653485,0.105505248230685,0.8087,0.014100000000000001,18,0.125,5.085899049218827,0.10527198740871857,4.856969808649675,0.3133646555176483,2.8239978526892964,0.12811443204166553,2.6706204842732597,0.3404299847870201,2.211257875703246,0.04568375476193251,2.269680657645522,0.1699941159423212,95,0.7375822368421052,0.9522800758167019
110,2,0.41317591116653485,0.105505248230685,0.8087,0.014100000000000001,16,0.125,6.631267287227457,0.1372592494678162,6.03435397982177,0.42939936434066894,3.3674815742351343,0.1527702965082156,3.080687083695454,0.4053518238331774,2.2806545705904013,0.047117464337531056,2.029841305936986,0.4560923934193632,95,0.5912828947368421,0.811404728789986
110,2,0.41317591116653485,0.105505248230685,0.8087,0.014100000000000001,13,0.125,6.498962990073239,0.1345207097977696,5.854968124169294,0.45258320557447534,3.6142435379709017,0.1639649823693922,3.2659232930870434,0.4383907787448381,3.410521747401414,0.07046009460519069,2.964839795537173,0.5603004608213887,95,0.5741776315789474,0.8407333142366085
110,2,0.41317591116653485,0.105505248230685,0.8087,0.014100000000000001,17,0.125,5.55650441368872,0.11501295189179446,5.248699977096737,0.33164591056040404,3.0430848459296267,0.1380536059259416,2.725818440328769,0.44605640267205293,2.9618193632874403,0.06119007236934536,2.567077612587631,0.535139555785887,95,0.5679276315789473,0.7889516362583261
110,2,0.41317591116653485,0.105505248230685,0.8087,0.014100000000000001,14,0.125,4.854033440237745,0.10047264844564568,4.7122212376507155,0.28338332627243074,2.6257582206667487,0.11912102652595966,2.494910964247528,0.339752684710396,2.555478079251072,0.052795214504265935,2.800553020437825,-0.056313536347232906,95,0.6532894736842105,0.8904833836858006
110,2,0.41317591116653485,0.105505248230685,0.8087,0.014100000000000001,8,0.125,5.626985159082055,0.11647181846971914,5.203939553424212,0.3804553157873319,3.157416286129416,0.143240404319486,2.857092028943176,0.426859316380072,2.3788557204672043,0.04914626310297803,2.1702040349646343,0.4098245851874274,95,0.5749177631578948,0.7990273208410814
111,2,0.44773576836617324,0.10478609179760855,0.8034,-0.005299999999999971,13,0.125,5.742683556133379,0.11895867413868479,5.423353819854079,0.33466356453875656,3.283511715074919,0.14937349836812575,2.9794127623233946,0.42050753541090646,2.6854979899811027,0.05552003331041635,2.1151943817108996,0.616897411042151,95,0.5934621710526315,0.8415436846116539
111,2,0.44773576836617324,0.10478609179760855,0.8034,-0.005299999999999971,17,0.125,5.349638607655059,0.11081681755006056,5.0129261706862565,0.3561174434071379,2.8743447240188083,0.13075967567633848,2.633270669654215,0.4099213360998985,2.1807696466656727,0.04508527054457972,2.1077716019560517,0.40661646271379437,95,0.5908717105263158,0.8672929714683368
111,2,0.44773576836617324,0.10478609179760855,0.8034,-0.005299999999999971,2,0.125,6.465983869421263,0.13394171219602738,5.773700342224076,0.46370886787307475,3.481570717105213,0.15838359748875266,2.9818580643416994,0.5302169091044691,2.7926557568402073,0.057735414892410825,2.3751175887037244,0.5272672698225223,95,0.5279194078947368,0.6945244956772334
111,2,0.44773576836617324,0.10478609179760855,0.8034,-0.005299999999999971,19,0.125,6.3676737472428,0.13190523540352303,5.757678165250417,0.43377204067799147,3.727758565778839,0.16958317385793983,3.2656931411633767,0.49534876344662837,3.627515130419781,0.07499531246208929,2.644512400709455,0.7567229903818935,95,0.5768503289473684,0.8824577660560268
111,2,0.44773576836617324,0.10478609179760855,0.8034,-0.005299999999999971,10,0.125,6.2190402178158415,0.12882631813072642,5.6158341101117335,0.4350556547169004,3.385878752807168,0.15403037913192685,2.988163974534955,0.47316451327583725,2.88306616736598,0.059604561331069915,2.4402624892484615,0.5326987917118291,95,0.6692434210526316,0.9225239616613419
111,2,0.44773576836617324,0.10478609179760855,0.8034,-0.005299999999999971,6,0.125,6.250490422008992,0.12947780354789037,5.71265609537677,0.4081379532966898,3.406002280840521,0.15494583856764335,3.019762165430567,0.46488956993849356,2.8443380627302024,0.0588038958055512,2.3767525425543736,0.5493423252544439,95,0.5193256578947368,0.8388756927949327
111,2,0.44773576836617324,0.10478609179760855,0.8034,-0.005299999999999971,0,0.125,5.186501272811236,0.10743745651338756,5.086709173406419,0.2631125869852787,3.059406260612969,0.13917849416495165,2.9972821578727205,0.2759494985253137,3.828313848500678,0.07914662873867259,3.735989283859811,0.2635847767251516,95,0.8045230263157894,0.9727588674230808
111,2,0.44773576836617324,0.10478609179760855,0.8034,-0.005299999999999971,12,0.125,5.741157688479887,0.11892706606012773,5.37713453936019,0.35315482605446713,2.9252585589361333,0.13307584759740151,2.722991385282557,0.38055113535758167,2.8898370964278457,0.05974454363917802,2.320666801328661,0.5983082249496907,95,0.6187911184210526,0.8215163798259021
112,2,0.48255025164874954,0.10406366898390772,0.8138,0.010399999999999965,2,0.125,5.278459243642917,0.10940351422093932,5.1392400835026475,0.26915855633584845,2.759011600332129,0.12379317542277639,2.6596679935828935,0.3228601514654493,3.750397094675638,0.07657894865439577,3.133296690117008,0.5542955321935159,95,0.573889802631579,0.7218599985670273
112,2,0.48255025164874954,0.10406366898390772,0.8138,0.010399999999999965,11,0.125,5.8698282086784035,0.1216604702737876,5.29364457966895,0.4371945986468257,3.3768845292924743,0.15151631072041885,2.9331640496700526,0.5036733665060715,3.0016715270323706,0.06129080306517623,2.476863344844691,0.5660511345045804,95,0.7105263157894737,0.953125
112,2,0.48255025164874954,0.10406366898390772,0.8138,0.010399999999999965,13,0.125,5.444568845145033,0.11284637004521376,5.113889787272072,0.3471478998570406,2.8819217192083735,0.12930798873688118,2.652631530740604,0.39990856352078746,2.2859359010096507,0.046676275490715194,2.3400561261015707,0.3650653517325055,95,0.5878700657894737,0.8159054347065818
112,2,0.48255025164874954,0.10406366898390772,0.8138,0.010399999999999965,7,0.125,5.617198920511318,0.11642437188884698,5.127435096178038,0.4089688390946035,3.0371996058958475,0.1362751006778627,2.571515065871207,0.5378327406925536,2.599628868690151,0.053081537935951724,1.8640817192800399,0.697016771206544,95,0.6541940789473685,0.8958516656191075
112,2,0.48255025164874954,0.10406366898390772,0.8138,0.010399999999999965,17,0.125,5.263345587066883,0.10909026236735385,5.009676358026175,0.320415765426929,2.9066371752331635,0.1304169383270034,2.5885257075028436,0.4555425323652196,2.402673943114216,0.049059936822213046,1.9018926688124869,0.6243306284334212,95,0.6091694078947368,0.8603442456969288
112,2,0.48255025164874954,0.10406366898390772,0.8138,0.010399999999999965,5,0.125,5.884517557982138,0.12196492776057843,5.33741341682937,0.42466815943985425,3.327061450857522,0.14928081555683986,3.0119976465489833,0.4247993180545236,3.0811806252384306,0.06291429065738965,2.460716889658606,0.6020216485990936,95,0.6465460526315789,0.826507250063597
112,2,0.48255025164874954,0.10406366898390772,0.8138,0.010399999999999965,3,0.125,6.055755634999091,0.1255140784747102,5.457559884282729,0.44104815734114655,3.348556283936761,0.15024526008535913,2.8553111985964037,0.5357598067822458,2.842797345276762,0.05804676850029127,2.224876492771685,0.6226194114683007,95,0.6307976973684211,0.7972100906068704
112,2,0.48255025164874954,0.10406366898390772,0.8138,0.010399999999999965,18,0.125,5.486148707682386,0.11370817135359527,4.953680291076972,0.4311669871965972,2.93847300662425,0.13184536967526314,2.6590177618108792,0.4281994868115707,3.6031537776911646,0.07357240344693898,2.3930635127213398,0.8078777105912109,95,0.7087171052631579,0.9456950568577396
113,2,0.5174497483512503,0.10333805901138504,0.8086,-0.005199999999999982,15,0.125,6.634573577718958,0.13759406150146308,5.98241640335959,0.4550363786642254,3.4975349284202983,0.15878423238841674,3.22254378348536,0.3910111544421742,4.011895309767521,0.08351807955048039,3.3769084279881483,0.6289229735877929,95,0.5011101973684211,0.7815705259702962
113,2,0.5174497483512503,0.10333805901138504,0.8086,-0.005199999999999982,11,0.125,4.830422486503174,0.10017786989627116,4.632442197270132,0.3084013281441001,2.666078447129389,0.1210370241837569,2.5275085330090894,0.33926081767087823,2.184998795458178,0.04548645693034163,2.322014072796512,0.16628945572961007,95,0.7607730263157895,0.9618960112420278
113,2,0.5174497483512503,0.10333805901138504,0.8086,-0.005199999999999982,3,0.125,5.084399342845738,0.1054450821416679,4.797091342274942,0.3386969215208384,2.7562481731880926,0.12513063040354433,2.5464720960795906,0.3866394207542049,2.544131440411564,0.05296274095434558,2.2414834128176833,0.47314544859729196,95,0.6766036184210527,0.8365846247341233
113,2,0.5174497483512503,0.10333805901138504,0.8086,-0.005199999999999982,1,0.125,6.380377464386143,0.13232230209724027,5.771974113978012,0.44168190334772855,3.59811000552775,0.16335023008186236,3.191217814606914,0.4844031934909454,4.266856223067331,0.08882575689375348,3.8816064951208573,0.44331838229994536,95,0.5845394736842106,0.9095385481148002
113,2,0.5174497483512503,0.10333805901138504,0.8086,-0.005199999999999982,13,0.125,5.451026983788928,0.11304855289757103,5.0250882974972075,0.3875741149617239,3.0711173890589323,0.13942534590117492,2.6842886788664497,0.495871062305271,2.681977555030186,0.0558323678706845,2.7366948448276034,0.18416970284133383,95,0.6236842105263158,0.8604957805907173
113,2,0.5174497483512503,0.10333805901138504,0.8086,-0.005199999999999982,0,0.125,5.061945451404,0.10497941210518548,4.895211575265539,0.2841569641137763,2.8738404174904497,0.13046918873920454,2.7695941700648716,0.2959729438702474,3.220650362567708,0.06704624932019977,3.343175088808212,0.08923422341077135,95,0.7914473684210527,0.9704904405652536
113,2,0.5174497483512503,0.10333805901138504,0.8086,-0.005199999999999982,4,0.125,5.639233649108967,0.11695176071939672,5.174975940308895,0.3984679060552827,3.0872191567338163,0.1401563484137096,2.8094736904049427,0.41503716465865065,3.587991036290059,0.0746934049015971,3.0303859663111843,0.5896957624552016,95,0.5779194078947368,0.831803628601921
113,2,0.5174497483512503,0.10333805901138504,0.8086,-0.005199999999999982,7,0.125,5.164892390836508,0.10711442309718566,4.859793647629483,0.3436450075483507,2.7064678231997696,0.12287065735890267,2.519326013604916,0.3733666814497986,2.3259108347780515,0.04841990907723217,2.139107694423439,0.41010014174091747,95,0.7068667763157894,0.9231574661159909
114,2,0.5522642316338268,0.10260934145135084,0.813,0.0043999999999999595,18,0.125,5.150141629439126,0.10691618560090295,4.869725268912266,0.328870991045138,2.641206475203361,0.12097337848772349,2.4610218938724002,0.3651320128549029,3.263488292657631,0.06892011957617837,2.8617713557202094,0.4812415078053164,95,0.7131167763157895,0.9450498760306753
114,2,0.5522642316338268,0.10260934145135084,0.813,0.0043999999999999595,7,0.125,4.912793212917116,0.10198886725146344,4.704408252055766,0.30241997310626334,2.765314947434971,0.12665783418089366,2.5963574175258164,0.3464676839623938,3.279116141293295,0.0692501569779094,2.5052531428402376,0.6847399941020573,95,0.7133634868421053,0.9135973254942648
114,2,0.5522642316338268,0.10260934145135084,0.813,0.0043999999999999595,15,0.125,5.942808451622314,0.1233718326836503,5.517547353727844,0.37467067895461276,3.364108098051118,0.1540839483924932,3.173932631797731,0.3317703513571032,2.9936816644104587,0.063222196552193,2.9517913470018216,0.27729569646939806,95,0.5114309210526315,0.7651551696414215
114,2,0.5522642316338268,0.10260934145135084,0.813,0.0043999999999999595,17,0.125,5.235814094658452,0.10869473342566906,4.824458314506142,0.3890048211365665,2.892743981564942,0.13249437930557692,2.662888601586316,0.39127276504900654,2.274067612182732,0.048024995863648584,2.3218494068885973,0.29604949333571445,95,0.5859786184210526,0.8106097817697003
114,2,0.5522642316338268,0.10260934145135084,0.813,0.0043999999999999595,0,0.125,4.980618680576345,0.10339691402191933,4.7645422642401645,0.3035693258005204,2.7562796014448474,0.1262439943919591,2.6627502473622027,0.2798123531891315,3.6385745665056914,0.07684139537886853,3.4265929350629363,0.34303350101527985,95,0.7927631578947368,0.9721473029045643
114,2,0.5522642316338268,0.10260934145135084,0.813,0.0043999999999999595,9,0.125,5.624203746765535,0.11675764569448628,5.135293594085701,0.4136508571040973,2.9659310106382093,0.1358465148737705,2.631477226821433,0.47556356457624077,2.2227953767431736,0.046942200927511495,1.898529441154003,0.5372330771600609,95,0.5828947368421052,0.840081828442438
114,2,0.5522642316338268,0.10260934145135084,0.813,0.0043999999999999595,1,0.125,5.603089168115769,0.11631931013553795,5.229358006219255,0.35936231758781884,3.267815088666158,0.14967350536980153,3.103859376265791,0.31307535885355553,3.3857498896296048,0.07150210643417962,3.6260300559528233,0.0539666110613418,95,0.6034950657894737,0.9147645976698235
114,2,0.5522642316338268,0.10260934145135084,0.813,0.0043999999999999595,4,0.125,5.80535509325811,0.1205183211044095,5.379456957570301,0.3786473658606747,3.072438662533123,0.14072481219943872,2.8437138769362837,0.37999823170432256,6.39326185741436,0.1350163788502499,5.580764218133657,0.6262535611467311,95,0.59609375,0.8443126164033938
115,2,0.5868240888334652,0.10187759621589751,0.8107,-0.0022999999999999687,19,0.125,6.5430354488614375,0.13603353845635247,5.9256913145303844,0.44774427937334293,3.746388454065557,0.17083706210602762,3.310934603605184,0.5021672108026576,2.842387270135551,0.061246540659561796,2.5929576531015104,0.41076190652498534,95,0.5946957236842105,0.873331950494365
115,2,0.5868240888334652,0.10187759621589751,0.8107,-0.0022999999999999687,15,0.125,5.609448965943088,0.11662372878636153,5.285714855500431,0.3353538550895764,3.1193826122969637,0.14224530307078345,2.947311067325744,0.3317189069233619,2.8017237963632735,0.06037034158355269,2.3631172466664756,0.5668353177095675,95,0.5315378289473685,0.758722054614373
115,2,0.5868240888334652,0.10187759621589751,0.8107,-0.0022999999999999687,13,0.125,5.36533275281511,0.11154840976571609,5.040535039582627,0.34370832812511676,2.698591503091129,0.12305703208968687,2.5538607733779863,0.3395839541760183,2.31744033135056,0.049935209382429326,2.287025907881653,0.2612548390637908,95,0.6302220394736842,0.8615515104064723
115,2,0.5868240888334652,0.10187759621589751,0.8107,-0.0022999999999999687,0,0.125,5.072486399844777,0.10545996260232429,4.866500927354797,0.2975081997161382,3.0890762530933675,0.14086331894581802,2.859647288739785,0.37831145673550254,3.308368752627595,0.07128730959837387,3.3046356159205637,0.1668815454572645,95,0.7878700657894737,0.9705130212410625
115,2,0.5868240888334652,0.10187759621589751,0.8107,-0.0022999999999999687,5,0.125,5.974028951982782,0.12420356018708813,5.549132252327924,0.3725007761120487,3.268393590747966,0.14904027323798233,2.8621877805824667,0.5012112599484065,2.565880959041035,0.05528850137230166,2.4173467647437348,0.3441035947937881,95,0.6398848684210526,0.8589512916077625
115,2,0.5868240888334652,0.10187759621589751,0.8107,-0.0022999999999999687,1,0.125,5.286615469317577,0.10991183134648948,4.985727869078602,0.3350835161585032,2.867636718319442,0.13076557280477116,2.7669380992719974,0.29151781766428325,3.8800017155441324,0.08360461128117512,3.542156802842167,0.43817115021822467,95,0.6238075657894737,0.9122668248632259
115,2,0.5868240888334652,0.10187759621589751,0.8107,-0.0022999999999999687,14,0.125,5.443564810252442,0.11317490005101215,5.08400836441757,0.3574943379607154,3.049085611982349,0.13903972704580322,2.905835604020794,0.31325261838998397,3.2896425868339834,0.07088380621699916,3.101680402549762,0.3332125329022105,95,0.6310032894736842,0.8647204483252965
115,2,0.5868240888334652,0.10187759621589751,0.8107,-0.0022999999999999687,4,0.125,5.392958072782451,0.11212275634468812,5.085769693499779,0.33444884522870455,2.855962180073387,0.1302332084117419,2.611054356537749,0.4054081455058132,2.3506373286901323,0.050650524029626054,2.098870832505932,0.4503699746825829,95,0.6154194078947368,0.8621634262043162
116,2,0.6209609477998338,0.10114290354913615,0.8148,0.0040999999999999925,16,0.125,7.061930467202035,0.14696568086973982,6.414912960150258,0.43870893790367793,3.625072960429712,0.166073393532721,3.2599495907346085,0.4488326494390131,3.0620569616046325,0.06638223863654295,2.682638849680051,0.4921114941599503,95,0.5441200657894737,0.781455452278395
116,2,0.6209609477998338,0.10114290354913615,0.8148,0.0040999999999999925,1,0.125,5.264587765384209,0.1095612211181599,5.118727418079605,0.27178543122805193,2.7554849972119078,0.12623545768889488,2.6981448100027356,0.2739309947684196,3.2113856813891286,0.06961953135719476,3.5583496542791466,-0.11580915397569437,95,0.6323601973684211,0.9118278171532609
116,2,0.6209609477998338,0.10114290354913615,0.8148,0.0040999999999999925,5,0.125,5.247639547131836,0.1092085121179004,4.934500181824962,0.346476244965129,2.931786585163028,0.13431226147073635,2.684089305891747,0.4032050188050309,2.3840934770170215,0.051684689118335146,2.242984669867589,0.3663732753506995,95,0.6542351973684211,0.8608509835962541
116,2,0.6209609477998338,0.10114290354913615,0.8148,0.0040999999999999925,10,0.125,6.33171238933696,0.13176912838380847,5.752070926138251,0.4266092232936023,3.4256251272643783,0.15693620406148107,3.0651898831573097,0.4547950541534494,2.534410368641216,0.05494340438588902,2.253047216736519,0.4582656197001067,95,0.671875,0.9186658506731946
116,2,0.6209609477998338,0.10114290354913615,0.8148,0.0040999999999999925,18,0.125,5.403382571642922,0.11244967680286692,5.065783165915991,0.351305233799183,2.855623752204302,0.13082305717923928,2.683421401562581,0.3532907501437014,3.688244981195451,0.07995734944246306,3.052105824245077,0.6457017137534217,95,0.715625,0.9518501493909446
116,2,0.6209609477998338,0.10114290354913615,0.8148,0.0040999999999999925,9,0.125,5.375342273559443,0.1118661307712587,5.128659477696324,0.31253331471410795,2.9184949092582237,0.13370333752704108,2.643464249518654,0.42386965787690584,2.834000853108262,0.06143821727882331,2.58600106749882,0.4094030956020641,95,0.5971217105263158,0.8420327778542901
116,2,0.6209609477998338,0.10114290354913615,0.8148,0.0040999999999999925,8,0.125,5.985652855790375,0.12456729098179158,5.484219893641653,0.4028379342577492,3.1617697486606104,0.14484834856038947,2.813495037705024,0.4603528926938868,2.7134793629119205,0.058825435601877384,2.2455599791784353,0.5768549235950372,95,0.5414884868421053,0.7237451590857317
116,2,0.6209609477998338,0.10114290354913615,0.8148,0.0040999999999999925,2,0.125,5.877537274322294,0.12231729997481698,5.4312321478159555,0.3825230687698762,3.0619587382469504,0.140275763844919,2.785735899380845,0.4150821966199486,2.655607177277518,0.05757082627051209,2.283841758587863,0.5137938719664858,95,0.5643092105263158,0.730253570387642
117,2,0.6545084971874737,0.10040534401839686,0.8122,-0.0025999999999999357,10,0.125,5.18584477246047,0.10795959732665496,4.923988337554356,0.3179019054035331,3.279578332772487,0.14969750160188883,3.0440504226777803,0.372449872295766,2.480237000652273,0.0544023372218625,2.4019255883848873,0.27634764467234363,95,0.7040296052631579,0.9188762994977222
117,2,0.6545084971874737,0.10040534401839686,0.8122,-0.0025999999999999357,3,0.125,5.474885570957109,0.11397688661814806,5.037559021272342,0.3941572067848213,2.9029813799308237,0.13250760179436616,2.5996709599576113,0.4472021536396934,2.243862060289524,0.04921761124082519,1.8537722719584206,0.5816567111382446,95,0.648766447368421,0.8077703130941818
117,2,0.6545084971874737,0.10040534401839686,0.8122,-0.0025999999999999357,19,0.125,5.784177640400785,0.12041576952702164,5.3694021219682835,0.37438413966854717,3.323850731033009,0.15171833072595528,3.039823132422109,0.4083726059910047,3.3430886307566183,0.07332840974679677,3.3989376358485344,0.08934245305416154,95,0.5994243421052632,0.8748799560982302
117,2,0.6545084971874737,0.10040534401839686,0.8122,-0.0025999999999999357,8,0.125,5.213100198421813,0.10852700436270415,4.891343325768505,0.34649682608429183,2.7148739767114454,0.12392137349380446,2.562354738560494,0.34219937808810424,2.732152690315505,0.05992793912883067,2.4887447404525784,0.4165905027516019,95,0.5969161184210526,0.8076737617965144
117,2,0.6545084971874737,0.10040534401839686,0.8122,-0.0025999999999999357,14,0.125,5.374670046451935,0.1118905866716256,4.98773287566527,0.37294054619904754,3.117657675852508,0.1423065765075136,2.8417436824751845,0.41301971617809186,2.8995774422195226,0.06360028891232865,2.512580585457838,0.5373016552235116,95,0.6162417763157895,0.8969773803963434
117,2,0.6545084971874737,0.10040534401839686,0.8122,-0.0025999999999999357,15,0.125,5.550176134729004,0.11554429545970776,5.211465179034003,0.3439921757109046,3.133203506023143,0.14301617137024827,2.903196448730913,0.37608072153536876,3.027902222672351,0.06641500701317153,3.257877078685682,-0.0812825942793309,95,0.5268092105263158,0.7492194817358726
117,2,0.6545084971874737,0.10040534401839686,0.8122,-0.0025999999999999357,0,0.125,5.418045619821633,0.11279358505284857,5.00938424759583,0.3820891739193328,3.3649882824137287,0.15359606866627978,3.0992469931718,0.39199834203551154,3.945946532255621,0.08655169399164431,3.4894893062238332,0.5626472324291925,95,0.7754111842105263,0.9751299183370453
117,2,0.6545084971874737,0.10040534401839686,0.8122,-0.0025999999999999357,5,0.125,4.958311596162776,0.10322278178948278,4.7234590672913255,0.3128116586538309,2.8652061892937937,0.13078333998778263,2.7881446853783745,0.26918886927355606,2.3441628105522248,0.05141764101135205,2.1707172046247685,0.3795124728825038,95,0.6615131578947369,0.8583416210840378
118,2,0.687303296707956,0.09966499850539376,0.8199,0.007699999999999929,8,0.125,5.0738158209360495,0.10577877390714686,4.832432916991026,0.3141652835224977,2.498640833678168,0.11553894386820332,2.3117715513064745,0.3855211376604704,2.6951625326718216,0.05923806526464068,3.1443139117868,-0.18160441661033414,95,0.5921875,0.813220386057492
118,2,0.687303296707956,0.09966499850539376,0.8199,0.007699999999999929,1,0.125,5.344847274907171,0.11142923027039094,4.976827907551859,0.3646972087927763,2.883060972625288,0.13331480675211993,2.617007256534214,0.42046701103514256,3.5682037243145155,0.07842699003719611,2.7959553204472023,0.7412433098782027,95,0.6210115131578947,0.9065086406674171
118,2,0.687303296707956,0.09966499850539376,0.8199,0.007699999999999929,2,0.125,5.902552754247966,0.12305625889893179,5.355420140765064,0.4312023365213224,3.139670153249897,0.1451805992728513,2.810979155981983,0.4553094449860021,2.3621085180405634,0.05191773663280175,2.266936422847564,0.3320758247844646,95,0.5488898026315789,0.7297175818413364
118,2,0.687303296707956,0.09966499850539376,0.8199,0.007699999999999929,0,0.125,4.629409370803019,0.09651380035065166,4.583497134828892,0.23701138020521315,2.7009033785235887,0.12489170897975958,2.61426273039682,0.285052008976231,3.225810914257438,0.0709014002508919,3.65792119847636,-0.19707037344535439,95,0.7960526315789473,0.9724173553719008
118,2,0.687303296707956,0.09966499850539376,0.8199,0.007699999999999929,13,0.125,5.493772547005233,0.1145340202829332,5.06718885097153,0.38727341847416674,2.9385843641205516,0.13588224818943131,2.695973746368617,0.39806581294276067,2.7451324328469893,0.06033637387199196,2.178074751266725,0.6419010710832584,95,0.5965049342105263,0.8232577376438961
118,2,0.687303296707956,0.09966499850539376,0.8199,0.007699999999999929,15,0.125,5.360208433518929,0.11174947928633673,4.996743336494771,0.36204227776483155,2.8581479206005205,0.1321628093619076,2.6891531787322713,0.34297789894404135,3.5134755240629296,0.07722409683167732,2.6938155837808546,0.7732831572521228,95,0.5433799342105263,0.7567158531971245
118,2,0.687303296707956,0.09966499850539376,0.8199,0.007699999999999929,12,0.125,5.776224526440583,0.12042257144969708,5.341018649454004,0.3828942936826724,3.0223840657082808,0.1397572064817218,2.760575301773784,0.4084863548586839,2.107692085259938,0.04632581515617186,1.9241914444232948,0.43120969372154777,95,0.6034539473684211,0.8177296266012537
118,2,0.687303296707956,0.09966499850539376,0.8199,0.007699999999999929,17,0.125,5.51868873110674,0.11505347220979008,4.994387116551971,0.43157705256102197,2.8357674109506235,0.13112791854713823,2.521802846109092,0.461509098177676,2.972594403336494,0.06533585234118965,2.376456155197938,0.6483234576678961,95,0.5622944078947368,0.7982449725776966
119,2,0.7191855733945386,0.09892194819735524,0.802,-0.017899999999999916,19,0.125,5.547790031793283,0.11578693570629336,5.292251422944107,0.30622883613919244,3.0560459264903637,0.14071259268256886,2.888977949334108,0.3291538415998426,3.948267428237298,0.08625070694968492,3.232951304687833,0.6282697587663949,95,0.6047286184210526,0.8829808934520976
119,2,0.7191855733945386,0.09892194819735524,0.802,-0.017899999999999916,11,0.125,5.675810153925955,0.11845882082911516,5.114111075554039,0.44143795114872036,2.99526295442836,0.13791390123763397,2.604142882793749,0.510714817911421,2.592198526849878,0.05662710532111816,2.390517245620856,0.4156520217212116,95,0.7353618421052631,0.9580630731380004
119,2,0.7191855733945386,0.09892194819735524,0.802,-0.017899999999999916,12,0.125,5.618818108336218,0.11726935001629568,5.178956111369149,0.3887147856409086,2.7864629444469804,0.12829991261856638,2.5288202583167876,0.420092209666858,2.0367470362219513,0.044493154261905456,1.9723776557411068,0.4044852380963723,95,0.63203125,0.8140654479214104
119,2,0.7191855733945386,0.09892194819735524,0.802,-0.017899999999999916,3,0.125,5.727280860239606,0.11953305675523038,5.138373238880268,0.4519447469469076,2.992494274510892,0.13778642012679135,2.628555188434656,0.49007941741133065,3.014374115912506,0.06584961713810718,2.155742164081841,0.7443269705932508,95,0.6369243421052632,0.794448030987734
119,2,0.7191855733945386,0.09892194819735524,0.802,-0.017899999999999916,8,0.125,5.187485577417982,0.1082670857382226,4.8287339900824175,0.36640156307180266,2.6762750578136365,0.12322642106008157,2.4635966299609136,0.39220192486812755,2.7828169351306804,0.06079120331363508,1.9197156066260328,0.7598347636331271,95,0.5702302631578947,0.8027112777617537
119,2,0.7191855733945386,0.09892194819735524,0.802,-0.017899999999999916,5,0.125,5.259020860871587,0.10976008587314237,4.877389320590821,0.3742374117922773,2.7629631193957804,0.12721788656592173,2.531460931796975,0.4008904751751492,2.297852102972006,0.05019704767962947,1.9273740577402565,0.5517175432858242,95,0.65,0.8507085020242915
119,2,0.7191855733945386,0.09892194819735524,0.802,-0.017899999999999916,18,0.125,5.193865583304492,0.10840024170251715,4.7824056110290245,0.3900920532579938,2.745874362523309,0.1264310517659588,2.548343989095814,0.37471022711801283,2.7814292952766793,0.06076089003810992,2.2869160051784947,0.5706832896470023,95,0.7122944078947369,0.951105466720545
119,2,0.7191855733945386,0.09892194819735524,0.802,-0.017899999999999916,15,0.125,5.210793380786309,0.10875353874286002,5.041142790038286,0.27754234908459063,2.633939112210511,0.12127710458618766,2.541648846309853,0.29623273482703066,2.6703142050510023,0.05833355823778622,2.9591298109767274,0.06893720834929086,95,0.5522615131578947,0.7499813863450228
120,2,0.7499999999999999,0.09817627457812106,0.8239,0.02189999999999992,15,0.125,5.440566855153839,0.11365800074912893,5.09972704158391,0.35102656868556986,2.8699295385672388,0.13184339565302972,2.700913522244675,0.3519322218378603,3.1892788871516147,0.07086792313684527,2.703273484163574,0.5557416963461236,95,0.5305921052631579,0.768753874767514
120,2,0.7499999999999999,0.09817627457812106,0.8239,0.02189999999999992,6,0.125,6.337305895017298,0.132391630750941,5.819633031048195,0.4007557298669661,3.429684468303556,0.1575583094438409,3.05272853502297,0.46419592522953956,2.7477568675834703,0.061057006734383766,2.527574494380154,0.39633862680937376,95,0.49864309210526314,0.8500865836563041
120,2,0.7499999999999999,0.09817627457812106,0.8239,0.02189999999999992,8,0.125,5.149064634134127,0.10756827507584808,4.957753335521877,0.29575014508189834,2.9146841848425717,0.13389940589888957,2.7093888479143233,0.3748502899463397,3.129826985517442,0.06954686187364771,2.8490812899810454,0.41427117557547466,95,0.6037006578947368,0.8293829178586024
120,2,0.7499999999999999,0.09817627457812106,0.8239,0.02189999999999992,9,0.125,5.799775201208173,0.12116216411149285,5.214538661389451,0.4440376440280219,2.9468629209147967,0.13537768394529165,2.540907972387733,0.5118751002582552,2.441299385765665,0.05424731525407174,2.161931912148587,0.46655705263279773,95,0.5772615131578948,0.8508440772134768
120,2,0.7499999999999999,0.09817627457812106,0.8239,0.02189999999999992,11,0.125,4.7620071840372145,0.09948232059274177,4.632241046093226,0.2847933152012102,2.4919607402080617,0.11447966279586441,2.4584723269611586,0.28467970068519594,2.7268660027495013,0.06059279765900931,2.451702429005986,0.43815521351176967,95,0.7691200657894737,0.9602780005346164
120,2,0.7499999999999999,0.09817627457812106,0.8239,0.02189999999999992,7,0.125,5.715188278105282,0.11939507240481019,5.279591821847857,0.38299889319304936,2.973197161689125,0.13658746825496682,2.7763333375127095,0.3645119178202097,2.1592595963069927,0.047980201330165145,2.0730768774862915,0.35622277491652665,95,0.6768914473684211,0.9088810594095492
120,2,0.7499999999999999,0.09817627457812106,0.8239,0.02189999999999992,17,0.125,5.68846360590652,0.11883677160754864,5.147393291871766,0.4288214051642336,3.0485354933972544,0.14004848056964297,2.613836654793834,0.5245008442371196,2.962187339049253,0.06582179611396873,2.4869457193718847,0.5611919650028344,95,0.5712993421052631,0.8148121491291205
120,2,0.7499999999999999,0.09817627457812106,0.8239,0.02189999999999992,13,0.125,5.9560441840651634,0.12442675411534516,5.370963194051739,0.43948473771776425,3.1537419740737045,0.1448816234990031,2.6744798923702016,0.5477738616468156,2.135654927021859,0.04745568969359782,1.8762200074830107,0.48724246578344066,95,0.5794819078947369,0.8253033420847229
121,2,0.7795964517353733,0.0974280594192065,0.8278,0.0039000000000000146,18,0.125,5.156674410241309,0.10777834212574955,4.769867986028325,0.38013008402437415,2.8163979378063995,0.13060809034914622,2.5725174276212037,0.4070974907299976,2.8779788228618632,0.06489744072339004,2.4421259087604135,0.5679563932035243,95,0.7189555921052632,0.9442379182156134
121,2,0.7795964517353733,0.0974280594192065,0.8278,0.0039000000000000146,13,0.125,4.924346856869379,0.10292252294065066,4.660779325837047,0.328161961714321,2.706613937206966,0.1255169494713946,2.427075153404564,0.44338507271265004,2.1917326277780433,0.049422823115600305,2.2692408205456287,0.161533116061592,95,0.63671875,0.8532773651921214
121,2,0.7795964517353733,0.0974280594192065,0.8278,0.0039000000000000146,14,0.125,5.30859197588825,0.1109535325804133,4.940065430149259,0.36615372321980355,2.955700288089323,0.13706811991647758,2.7639225278953643,0.35533188535276305,3.424405924153109,0.0772191854610526,2.850335397616564,0.6574352026476574,95,0.6391858552631579,0.8735284657446124
121,2,0.7795964517353733,0.0974280594192065,0.8278,0.0039000000000000146,10,0.125,5.965275400608752,0.12467870605215146,5.46534691390621,0.41097957196968216,3.3898634845762343,0.15720207372742326,3.0797830648659383,0.42864865273676445,2.5709414050845036,0.057973851688688745,2.583304651810583,0.1904282230447341,95,0.6782483552631579,0.9167626553501061
121,2,0.7795964517353733,0.0974280594192065,0.8278,0.0039000000000000146,5,0.125,5.442340775052333,0.11374898226142974,4.997246971196326,0.39903945381653927,2.7769192498791386,0.12877729933397972,2.529796262031885,0.4124319865725667,2.2077825108451865,0.04978474250385053,1.7762059122143918,0.6098936960026383,95,0.6582236842105263,0.8340204897551224
121,2,0.7795964517353733,0.0974280594192065,0.8278,0.0039000000000000146,15,0.125,5.053817036033808,0.10562854627176359,4.825763089112228,0.30558365464471215,2.804208621741022,0.13004282104803278,2.6520351933069786,0.33240866260602236,2.316834905231586,0.0522438367974623,2.6383145257601064,-0.10589936235274824,95,0.5524671052631579,0.7904138136350104
121,2,0.7795964517353733,0.0974280594192065,0.8278,0.0039000000000000146,9,0.125,5.201751564289425,0.10872048827354669,4.9181906141311345,0.327958909742477,2.6097824437547823,0.121026470240574,2.5069578460139024,0.3055383240413838,2.2335760577246924,0.050366378187324444,2.3439000515340007,0.12424383863231038,95,0.5996299342105263,0.8570938764314613
121,2,0.7795964517353733,0.0974280594192065,0.8278,0.0039000000000000146,7,0.125,5.066945975058253,0.10590295089174782,4.710343881773407,0.3685992679981842,2.710804794679388,0.1257112969689733,2.3830016834804586,0.48105665148431975,3.242656061662625,0.07312078806015324,2.6434992166886215,0.6831074671546488,95,0.6933799342105263,0.913894324853229
122,2,0.8078307376628293,0.09667738477083535,0.8197,-0.008099999999999996,16,0.125,6.985725159056317,0.14617344429783125,6.328133951775284,0.4492865061664267,3.462106059814424,0.16119157134874054,3.1522742031261948,0.4205695200911284,2.5286093759985486,0.05749686720613263,2.3582363910795947,0.3671310230373074,95,0.56640625,0.8049364791288566
122,2,0.8078307376628293,0.09667738477083535,0.8197,-0.008099999999999996,4,0.125,5.706023405730427,0.11939620804840397,5.226429486586488,0.4029348321168983,3.075582097145856,0.14319547191386994,2.776037252598728,0.43291736848986834,2.7936526796159664,0.06352356305588104,2.135680762466705,0.7248182308687869,95,0.5838815789473685,0.8327464788732394
122,2,0.8078307376628293,0.09667738477083535,0.8197,-0.008099999999999996,7,0.125,4.901782896018745,0.10256780402852972,4.780747463601479,0.2705220527043125,2.519624683968012,0.11731075102870986,2.537809343561223,0.22082252666660313,1.778252466727477,0.040434852021392735,1.9778684206137456,0.11729444208884758,95,0.7233141447368421,0.9200727644818373
122,2,0.8078307376628293,0.09667738477083535,0.8197,-0.008099999999999996,1,0.125,5.844247684440534,0.12228849459627168,5.373529717906838,0.39492924729381834,3.316945709513671,0.1544330767913074,3.0113194404537094,0.42437518483988956,3.6323179670556267,0.08259358119313044,3.0373583697047306,0.6482313483133394,95,0.6013980263157894,0.9091344181594421
122,2,0.8078307376628293,0.09667738477083535,0.8197,-0.008099999999999996,6,0.125,6.289683808302583,0.1316090634645131,5.698931277070351,0.4354368275497741,3.8503549489951814,0.1792679813258525,3.4026735314567986,0.5088534717734005,3.2703088540335252,0.07436202510684407,3.237106467789779,0.19811587677963133,95,0.514391447368421,0.8480415667466027
122,2,0.8078307376628293,0.09667738477083535,0.8197,-0.008099999999999996,2,0.125,5.681208953960381,0.11887697578532419,5.287359766165036,0.3658542890140134,3.0497653052013964,0.14199347255601838,2.7978244394757783,0.39806671844454106,2.674038158792068,0.06080370435211389,2.0041732494634363,0.7385986844396845,95,0.5543174342105263,0.7246495067131519
122,2,0.8078307376628293,0.09667738477083535,0.8197,-0.008099999999999996,17,0.125,4.977459735979002,0.10415131098002003,4.743234616964167,0.31946777462362075,2.8569206564106664,0.1330148533491764,2.758376699947887,0.28965442344742853,1.89258105828105,0.04303451644912747,2.0303504676511954,0.16051658394796,95,0.5987664473684211,0.8568191182529872
122,2,0.8078307376628293,0.09667738477083535,0.8197,-0.008099999999999996,5,0.125,4.758828440435154,0.09957654046252971,4.665794505729451,0.26382540247594316,2.575875409577803,0.11992971841269437,2.494619499927497,0.2982029451299885,1.9664557061474603,0.044714317551896636,2.074598123751509,0.17841537237351224,95,0.6768092105263158,0.8781287970838396
123,2,0.8345653031794288,0.09592433295294221,0.8137,-0.006000000000000005,15,0.125,5.267334124876638,0.11030275630880738,4.948304052752283,0.3434493693209982,2.9088486521411943,0.1348294061419191,2.68058928133431,0.39002072647391367,2.502132720378202,0.05761373540189122,2.891203031379553,-0.053667757174344126,95,0.562171052631579,0.7946167349327092
123,2,0.8345653031794288,0.09592433295294221,0.8137,-0.006000000000000005,7,0.125,4.86415140806805,0.10185974435898124,4.545185972761626,0.3581541421122456,2.6137282805175435,0.12115014358657462,2.274435427010248,0.4930622272735727,2.795727220414887,0.0643739986376509,2.029256752624582,0.7370359348918812,95,0.7079769736842105,0.9232198861656407
123,2,0.8345653031794288,0.09592433295294221,0.8137,-0.006000000000000005,19,0.125,5.13340961795494,0.1074982556068309,4.8346104776104815,0.33821411435792914,2.8209409845326543,0.13075475667184233,2.5847756208658907,0.40228925482406847,2.3799559772815813,0.05480051190990572,2.4578440938663912,0.21747413076339478,95,0.6534539473684211,0.8914548200352379
123,2,0.8345653031794288,0.09592433295294221,0.8137,-0.006000000000000005,10,0.125,5.394050375546317,0.11295630958388289,5.0110976338865525,0.3703069628471416,3.086062892898012,0.14304354640787786,2.7865229620346748,0.43072824115938807,2.5036727244688506,0.05764919530674513,2.075411728463632,0.5602919466918698,95,0.704358552631579,0.9248686514886164
123,2,0.8345653031794288,0.09592433295294221,0.8137,-0.006000000000000005,16,0.125,5.645656736716001,0.11822517510178762,5.214160599098049,0.3860557553022104,2.783271513937936,0.129008721399011,2.44344043148369,0.4800666828814537,3.9858863644435645,0.09177842584958759,3.215972651055652,0.6923812468185389,95,0.6034539473684211,0.8171845189424911
123,2,0.8345653031794288,0.09592433295294221,0.8137,-0.006000000000000005,0,0.125,5.288328830935765,0.11074240450489921,4.879849126931207,0.3859982439632699,3.2155541878388525,0.14904565806280012,2.9057500716424496,0.430594237792854,3.6451549431143118,0.0839327948837743,3.2650911894319377,0.4539436223486724,95,0.7962993421052632,0.972632448621295
123,2,0.8345653031794288,0.09592433295294221,0.8137,-0.006000000000000005,12,0.125,5.560096516214558,0.11643346644462711,5.0787146716658835,0.4123266878624021,2.8416744493119643,0.13171578320768532,2.5503331319555635,0.441087123847201,2.243485851232228,0.05165817111062081,1.813966900136637,0.588429697828108,95,0.6078947368421053,0.8183847402597403
123,2,0.8345653031794288,0.09592433295294221,0.8137,-0.006000000000000005,5,0.125,4.894040181307081,0.10248564239255836,4.633395410612479,0.32848679404997966,2.668078464813513,0.12366935443205306,2.4531044630632755,0.3987956749149105,2.162629146622012,0.04979637667144425,1.9557581750835027,0.4544688313387544,95,0.6662828947368421,0.8597877067390768
124,2,0.8596699001693258,0.09516898654614492,0.8256,0.011900000000000022,13,0.125,5.659346777068289,0.11862908342903784,5.157590854141736,0.4141282211738233,3.0425195833703227,0.1436690084247989,2.6699213944028246,0.48658191937898443,3.0443005683847013,0.07134554195332019,2.386345422572393,0.6820883347286739,95,0.5805921052631579,0.8169971671388102
124,2,0.8596699001693258,0.09516898654614492,0.8256,0.011900000000000022,9,0.125,5.6541778463198655,0.11852073426063589,5.160583632502561,0.410722087709697,3.032761422957424,0.14320822413330775,2.711451239175556,0.45021331393898,2.6305225497248395,0.06164833357112593,2.022501414162252,0.6731842646794993,95,0.5619243421052632,0.8123810917605737
124,2,0.8596699001693258,0.09516898654614492,0.8256,0.011900000000000022,4,0.125,5.569827144672211,0.1167526068040178,5.149002157358316,0.38136963106998406,2.887818906477333,0.13636397973300632,2.5722541734414097,0.45552797006201107,2.572374252522819,0.060285583184181674,2.12950013065927,0.5691297965323061,95,0.5743009868421053,0.8225817999570416
124,2,0.8596699001693258,0.09516898654614492,0.8256,0.011900000000000022,17,0.125,5.2393394177022286,0.10982504825718058,4.828949654845334,0.3881103406014644,2.7676024170740834,0.13068730835732267,2.517450593298173,0.41637464795308227,2.2552898365894793,0.05285446428131999,1.8061007702264307,0.6021472747838719,95,0.5645148026315789,0.8405564862699395
124,2,0.8596699001693258,0.09516898654614492,0.8256,0.011900000000000022,6,0.125,6.04824197350597,0.12678095722661006,5.485045601761157,0.4297890504378578,3.144170068973209,0.14846898557278113,2.8608251673823277,0.41560289147289237,2.513686303148513,0.05891018563056213,2.114735126009745,0.5438744508047728,95,0.5293585526315789,0.8463569986018331
124,2,0.8596699001693258,0.09516898654614492,0.8256,0.011900000000000022,8,0.125,5.402698682950315,0.11324932329622679,5.089449377292811,0.3389082995570939,2.9406198593042094,0.13885726213552047,2.795924973801413,0.3238032835762396,2.2902774766254868,0.05367442672719672,2.707524815963452,-0.10837485648735759,95,0.5741776315789474,0.8002005156115726
124,2,0.8596699001693258,0.09516898654614492,0.8256,0.011900000000000022,5,0.125,4.939214666711469,0.10353394691158575,4.732746904496122,0.30817898356297835,2.643788981237331,0.12484078771253886,2.4474589226060086,0.38624492626947904,2.2183836267717028,0.051989538666472004,2.1924080756175113,0.2955242495484924,95,0.6604029605263158,0.8716144698337588
124,2,0.8596699001693258,0.09516898654614492,0.8256,0.011900000000000022,19,0.125,5.249631496024462,0.11004078690442053,4.885924208980807,0.36702442536011737,2.842349033925599,0.13421687391373227,2.5586346754702585,0.435522950646008,2.672154348373466,0.06262400702069394,2.3400392220936164,0.4836559273407256,95,0.6216282894736842,0.8960179917978569
125,2,0.8830222215594892,0.09441142838268907,0.8194,-0.006199999999999983,3,0.125,5.517022151600129,0.11571622302435466,5.047278013380022,0.40709040541484104,2.7781913428019487,0.13015095307986765,2.5134796853874257,0.42605087881989995,2.5555162780213703,0.05934563507450713,2.3063714933342387,0.4315603103319467,95,0.6474917763157895,0.7925954149996824
125,2,0.8830222215594892,0.09441142838268907,0.8194,-0.006199999999999983,10,0.125,5.316454597874444,0.11150943915787352,4.912182758340349,0.38275122958156177,2.8854658540563705,0.1351764816191866,2.5402948853709484,0.4783846002754976,2.585246117272657,0.06003603810821297,2.2530512754668344,0.5007820815972738,95,0.7010690789473685,0.9289736070381232
125,2,0.8830222215594892,0.09441142838268907,0.8194,-0.006199999999999983,11,0.125,5.17386203262834,0.10851864582258712,4.8405767173510235,0.3539821903762324,2.961176174839097,0.13872331090198048,2.6222401917442215,0.4689124828601971,2.5627958760772214,0.05951468599131292,2.3257908318811684,0.4203750923679772,95,0.7387746710526316,0.9603717927311182
125,2,0.8830222215594892,0.09441142838268907,0.8194,-0.006199999999999983,17,0.125,4.729585103974611,0.0992002043249833,4.535122422051703,0.304390658569583,2.58718986092907,0.1212030363102651,2.4138554266488645,0.37150683514083227,1.8443903604435499,0.04283146940099681,1.7666966457911235,0.3535172697751594,95,0.6179276315789474,0.8774287995741283
125,2,0.8830222215594892,0.09441142838268907,0.8194,-0.006199999999999983,6,0.125,5.128776900192131,0.10757301227305392,4.815898700562043,0.34584406557756975,2.9220165631375914,0.13688878614961109,2.726708466316497,0.36264898028049136,1.9556836999775418,0.04541598587268264,1.809897799869619,0.3998781545246539,95,0.5777549342105263,0.8681232652480251
125,2,0.8830222215594892,0.09441142838268907,0.8194,-0.006199999999999983,1,0.125,5.4597755643690284,0.11451551027146208,5.049217660408772,0.3810855208305691,3.007636998505014,0.14089987822037695,2.6870964288686583,0.45238197559505355,3.227850716132995,0.07495896321307381,2.978368095253707,0.3922450744971149,95,0.6299342105263158,0.9118798955613577
125,2,0.8830222215594892,0.09441142838268907,0.8194,-0.006199999999999983,15,0.125,5.360123247886051,0.11242536284008131,4.992303663758116,0.36405593496949473,2.8210721917947033,0.13215980800619978,2.6700613482531628,0.3351479156201242,2.341667982585696,0.05437952978635886,2.039492021720335,0.4942563546924787,95,0.5481907894736842,0.7689018901890189
125,2,0.8830222215594892,0.09441142838268907,0.8194,-0.006199999999999983,12,0.125,5.701492176102257,0.11958537089254029,5.219230517425264,0.4075256854248108,3.001021462382451,0.14058995776305616,2.6981022179042466,0.43962954305105306,2.2227636602292535,0.051618266794596385,2.0236620820095483,0.4164425473671763,95,0.6145559210526316,0.8154021142780677
126,2,0.9045084971874735,0.0936517415373641,0.8342,0.014800000000000035,17,0.125,4.923342538972793,0.1033703128887232,4.577214774131436,0.36864159689559783,2.619681846877168,0.12388560517367951,2.365590933708224,0.4300218969700359,1.779517260354971,0.04163917051951392,1.9532138444777656,0.05487262845228685,95,0.5917763157894737,0.8479710950528071
126,2,0.9045084971874735,0.0936517415373641,0.8342,0.014800000000000035,13,0.125,5.3671385784521295,0.11268823767185773,4.955932169050109,0.3853063945721996,2.755217759425215,0.13029514248783758,2.4305375483364644,0.47905484389654573,1.9902536647715343,0.04657022079571082,1.9972776104621592,0.22055862697715886,95,0.6099917763157895,0.8564880350522414
126,2,0.9045084971874735,0.0936517415373641,0.8342,0.014800000000000035,4,0.125,5.432617193465566,0.11406302418485778,5.014422568631298,0.38669990529651643,2.827027545285827,0.1336910505784857,2.609163196703636,0.3849720801514272,2.455036641391134,0.05744574195484264,2.0174729164426477,0.6236686151272983,95,0.5993009868421053,0.8308747855917668
126,2,0.9045084971874735,0.0936517415373641,0.8342,0.014800000000000035,9,0.125,5.357815182570271,0.11249248400615927,4.887051920181684,0.4145162263118275,2.8722166431896525,0.13582805769167453,2.5487604241917325,0.47080019258002026,2.043740659260782,0.04782177037813511,1.6869843713186767,0.5806390727728851,95,0.5735197368421052,0.8181818181818182
126,2,0.9045084971874735,0.0936517415373641,0.8342,0.014800000000000035,1,0.125,5.17234729098151,0.10859840720110682,4.859229571262587,0.3433585062868799,2.8622078580171326,0.1353547389909212,2.714919693688426,0.3214412455212704,2.5673650932805585,0.060074130937978296,2.629269336646331,0.10804111382326549,95,0.6363486842105263,0.9192943913155854
126,2,0.9045084971874735,0.0936517415373641,0.8342,0.014800000000000035,12,0.125,5.213036900558589,0.109452724697809,4.909990395520474,0.3369578218792356,2.62270765782131,0.12402869675573672,2.5003799872069417,0.3163594349057235,2.2178221343148943,0.051895126892036396,1.9495803664706481,0.4822000442153796,95,0.630139802631579,0.8232300163132137
126,2,0.9045084971874735,0.0936517415373641,0.8342,0.014800000000000035,18,0.125,5.254762973975019,0.11032880374990237,4.940234456070267,0.3412735267137402,2.8796189639547696,0.13617811584425873,2.675194698538703,0.3700801684044312,2.9528841213145793,0.06909494400029371,2.664852562040503,0.4553694302115732,95,0.6970805921052632,0.9433728543620599
126,2,0.9045084971874735,0.0936517415373641,0.8342,0.014800000000000035,6,0.125,5.0524350952816395,0.10608073529618678,4.805294113208389,0.3146028127538353,2.6173208362961966,0.12377395221666347,2.4540499747101427,0.3526792775768451,2.5152445831933368,0.05885455591309039,2.178445609273209,0.5264518329425475,95,0.581702302631579,0.8581324662472609
127,2,0.9240240480782128,0.09289000931839356,0.8313,-0.0029000000000000137,8,0.125,5.482913739206955,0.11522796492378724,5.025059380989927,0.4037114216883241,2.8270797603122637,0.1330590295429949,2.5153532744772593,0.45973118524478945,2.5618585448512943,0.060542962239815507,2.053082516454405,0.6078543203640063,95,0.5578536184210526,0.8181617159283555
127,2,0.9240240480782128,0.09289000931839356,0.8313,-0.0029000000000000137,7,0.125,5.235611769514594,0.11003070958753668,4.741361950014477,0.42876163564067254,2.8565382365585856,0.1344455189927011,2.525374994611339,0.4728579506403976,2.2833087535147345,0.05396015167336531,1.775374509176265,0.632996643828796,95,0.7092927631578947,0.9242898550724638
127,2,0.9240240480782128,0.09289000931839356,0.8313,-0.0029000000000000137,14,0.125,5.179620786947265,0.10885401280144977,4.760778757509842,0.3947197247974928,2.9156691055752875,0.1372285660640463,2.668628484008821,0.4029657103116834,3.499102533418488,0.08269232232972298,2.5906331274156416,0.8006056927319963,95,0.6176398026315789,0.8549364223420545
127,2,0.9240240480782128,0.09289000931839356,0.8313,-0.0029000000000000137,13,0.125,4.963787810586429,0.10431810437530331,4.675718619999356,0.3389838561863799,2.625078389689254,0.12355165493023063,2.4193203518104647,0.39075993460740865,1.8453595753323433,0.043610345041401634,1.6620245000572271,0.48288556058719023,95,0.6548519736842106,0.8752982544267236
127,2,0.9240240480782128,0.09289000931839356,0.8313,-0.0029000000000000137,12,0.125,5.0643199287461425,0.10643086994777373,4.71707094617509,0.36418935240855743,2.9184449265779087,0.13735921255445627,2.559494197798159,0.4903543267483276,1.9405814222566633,0.04586066939843175,1.8865173809041351,0.3713844267234772,95,0.6235608552631579,0.8305967688757007
127,2,0.9240240480782128,0.09289000931839356,0.8313,-0.0029000000000000137,18,0.125,5.143906290310296,0.10810344312964774,4.770687384410619,0.3739638898650211,2.779941206495132,0.13084041147886394,2.4794549385376983,0.4541780783006011,3.051532434082263,0.07211514987879188,2.2379312239775384,0.760695561949138,95,0.7097861842105263,0.9425906615687638
127,2,0.9240240480782128,0.09289000931839356,0.8313,-0.0029000000000000137,19,0.125,5.456025623925195,0.11466288895288541,5.1135915003522605,0.3487005362749968,3.0033168822143814,0.14135378681831,2.8022846908213626,0.3603261388985748,2.4246955561675683,0.0573014664666517,2.7759675497656016,-0.03048107221313978,95,0.6229440789473685,0.9006600660066006
127,2,0.9240240480782128,0.09289000931839356,0.8313,-0.0029000000000000137,9,0.125,4.755285223792132,0.09993625014589004,4.5435370075752335,0.30951427337034004,2.5122250470441414,0.1182401117386147,2.529080111011769,0.21318243350858274,2.0780379958199604,0.04910910329794675,2.1178338666211904,0.27652061467165495,95,0.6112664473684211,0.8565182295170187
128,2,0.9414737964294633,0.09212631525829919,0.8217,-0.009600000000000053,9,0.125,4.843202648477283,0.10189139537572894,4.616881558674496,0.30995165108251516,2.568188212840903,0.12195697001500272,2.4148336826201167,0.34746179026572244,1.8853818680936272,0.04500171631541712,1.6661446208891297,0.4699372148721408,95,0.62734375,0.8655043586550436
128,2,0.9414737964294633,0.09212631525829919,0.8217,-0.009600000000000053,12,0.125,4.872825748251256,0.10251460674853274,4.603147290801983,0.33122356775917217,2.6481399862946535,0.12575368397428036,2.383676978474207,0.4368014813025269,2.0387086631205538,0.04866143589271986,1.872588125546667,0.40187148018403285,95,0.64375,0.8330352580480327
128,2,0.9414737964294633,0.09212631525829919,0.8217,-0.009600000000000053,16,0.125,6.227946952751718,0.1310236740850403,5.700460157383549,0.42250001282870675,2.9794628659628226,0.14148739628513834,2.7497032491040763,0.38597325405049426,2.120510697223579,0.05061394853486733,2.002440048059522,0.3465922087611729,95,0.5891858552631579,0.8098960150743248
128,2,0.9414737964294633,0.09212631525829919,0.8217,-0.009600000000000053,15,0.125,5.65526334050197,0.11897554465579051,5.182324330809867,0.40912427567628645,3.1691116139560274,0.1504933509720828,2.8974010429532338,0.4117590779922245,2.959126633057247,0.07063066614557295,2.6650176719441787,0.4525619226664288,95,0.5215871710526315,0.7543555380370517
128,2,0.9414737964294633,0.09212631525829919,0.8217,-0.009600000000000053,8,0.125,5.11896159030858,0.10769281757708143,4.810088699646799,0.34249372182890936,2.7027649745273714,0.12834769091608395,2.5308397548206463,0.3535746215128543,2.1994890520288255,0.0524990634700172,2.085027202831526,0.3349974825889629,95,0.5822779605263158,0.8186568745145116
128,2,0.9414737964294633,0.09212631525829919,0.8217,-0.009600000000000053,19,0.125,5.1685003527476745,0.10873501506425308,4.833283446172337,0.35427381895275156,2.8714199039568538,0.13635670056283447,2.6010609147688157,0.4270172079314539,2.8633109829683496,0.06834366594850534,2.3472798300087514,0.6547622773192866,95,0.6398848684210526,0.9016835882277342
128,2,0.9414737964294633,0.09212631525829919,0.8217,-0.009600000000000053,17,0.125,4.943977649107303,0.1040115018793069,4.667771287989089,0.33192830969948456,2.621248268934103,0.12447666216123937,2.343908022019975,0.449526081893278,2.034376021497859,0.0485580211349456,1.8063334018475794,0.4602562789193208,95,0.6154605263157895,0.8708578300374131
128,2,0.9414737964294633,0.09212631525829919,0.8217,-0.009600000000000053,18,0.125,4.806228641355648,0.10111353546531614,4.61585937712783,0.29266049954569345,2.406729472021215,0.1142896897454524,2.32861950237294,0.29432728781796724,2.3672094119910176,0.056502339510308155,2.400774488327117,0.16903031813583141,95,0.7361019736842105,0.9500614456485309
129,2,0.9567727288213004,0.09136074310474071,0.8258,0.0040999999999999925,4,0.125,5.371695786530977,0.11310545958023845,4.971261906689806,0.3800053723471454,2.894063316676535,0.13860642106980722,2.610288877703001,0.43642659995620414,2.439942711358088,0.05901427227665708,1.9811444084400316,0.5927821823687613,95,0.5921463815789474,0.8101520727727242
129,2,0.9567727288213004,0.09136074310474071,0.8258,0.0040999999999999925,17,0.125,4.907427242023756,0.10332990467506216,4.599992222083084,0.3500023894825872,2.728473026726915,0.13067574542716587,2.5156574342584745,0.38728425791164817,1.736798208700167,0.04200749546319966,1.775699207800762,0.31087109088393544,95,0.6170641447368421,0.8727926967415206
129,2,0.9567727288213004,0.09136074310474071,0.8258,0.0040999999999999925,18,0.125,4.897426102090637,0.10311932247282762,4.653200089232572,0.3187020439575335,2.514254302149911,0.1204160905783373,2.3153201959272436,0.39170718366146173,2.7087262691703855,0.0655152716609396,2.618830265162458,0.2944704802803711,95,0.7190378289473685,0.9459026705552697
129,2,0.9567727288213004,0.09136074310474071,0.8258,0.0040999999999999925,8,0.125,4.886960553894555,0.10289896177380126,4.638567921639225,0.3212082561458107,2.7435357532346574,0.13139715003526858,2.5087507807275067,0.4049117350504549,3.1650347132805323,0.0765518876591346,2.453229237343154,0.7176665878731575,95,0.6074835526315789,0.8334912684445648
129,2,0.9567727288213004,0.09136074310474071,0.8258,0.0040999999999999925,2,0.125,5.697048811974529,0.11995603432069275,5.211163175083184,0.41230571070876915,2.906756919665327,0.13921436038841825,2.6878787200570136,0.38080375370356034,2.417542415153323,0.058472482023487586,1.9553779786730547,0.5969968474494908,95,0.5423519736842105,0.7165276724791508
129,2,0.9567727288213004,0.09136074310474071,0.8258,0.0040999999999999925,10,0.125,5.409621373638687,0.11390401391580295,4.994832997621581,0.38588201713749626,2.9074322091796843,0.13924670227334926,2.6835644432004524,0.38502823625101595,2.579478109567527,0.06238917937748003,2.0231517916456223,0.6470927741880009,95,0.6887746710526316,0.9179153483374127
129,2,0.9567727288213004,0.09136074310474071,0.8258,0.0040999999999999925,1,0.125,5.47634944278505,0.11530902812874955,5.074900064928479,0.37730772482193836,3.16625074767387,0.15164239213973196,2.953186557416651,0.3611817387931434,2.9738734488698357,0.07192831889493043,3.042564953827396,0.14260855224325514,95,0.6197368421052631,0.9126194267515924
129,2,0.9567727288213004,0.09136074310474071,0.8258,0.0040999999999999925,7,0.125,4.919001310692476,0.1035736061816276,4.631736541664343,0.33949754859274955,2.717004548088505,0.13012648143213654,2.587032052657147,0.3162589696490057,1.9285162264471114,0.046644530278398925,1.6873973297414737,0.4989079869292276,95,0.6936266447368421,0.9076412354022171
130,2,0.9698463103929543,0.09059337681133195,0.8089,-0.016900000000000026,7,0.125,4.834396695192127,0.1018941147955776,4.665925535709688,0.2912579093474037,2.527854012210697,0.12015530940278768,2.4385411467499547,0.3010700066781261,2.2387547626022815,0.05507141630793154,2.056931491409004,0.3947726798789236,95,0.7226151315789474,0.9238078980311825
130,2,0.9698463103929543,0.09059337681133195,0.8089,-0.016900000000000026,11,0.125,5.609624033427956,0.118233506942157,5.093921421621386,0.42341860199698306,2.9657443146244336,0.14096934554445129,2.5672404137033644,0.5195512217551249,2.983476092735329,0.07339091207864343,2.8780229312462584,0.2650964134014322,95,0.74609375,0.9615321025075778
130,2,0.9698463103929543,0.09059337681133195,0.8089,-0.016900000000000026,16,0.125,6.220149592851996,0.1311014955165028,5.581645908401939,0.4618242736437634,3.0862382343162427,0.14669672700389816,2.8295878651274102,0.4007705949888931,1.878941590547379,0.046220325816769436,1.83686848908459,0.28082694096600946,95,0.5724506578947368,0.8245941675046689
130,2,0.9698463103929543,0.09059337681133195,0.8089,-0.016900000000000026,15,0.125,5.02232453158409,0.10585505175254079,4.782843891970452,0.3170931312036722,2.620260982947501,0.12454764697695991,2.4311320758820987,0.3769274692365679,2.229200498813165,0.0548363897443098,2.0872464947510236,0.3534198331146355,95,0.54296875,0.7639530480878455
130,2,0.9698463103929543,0.09059337681133195,0.8089,-0.016900000000000026,2,0.125,5.198059256183154,0.1095589956634065,5.008538251655154,0.28672931967023946,2.700916737095924,0.12838141943692236,2.585239796873984,0.3093042143543649,2.581604095322597,0.06350521113376138,2.380411006386213,0.390323020072373,95,0.5812088815789473,0.7325787053413513
130,2,0.9698463103929543,0.09059337681133195,0.8089,-0.016900000000000026,1,0.125,5.031146240602013,0.10604098606617693,4.792421690209082,0.3163889513568392,2.8460444359768937,0.13527970686876162,2.674287866512313,0.34590317348292876,3.398712868582174,0.08360537492692965,3.1163445272552415,0.4376017412399408,95,0.6509457236842106,0.9118817509948834
130,2,0.9698463103929543,0.09059337681133195,0.8089,-0.016900000000000026,3,0.125,5.556445194464659,0.11711266166121209,4.996768139040629,0.4446379168158012,2.749011753846794,0.13066749750571843,2.4413917797395635,0.46255573582473364,2.433516468478135,0.059862384557023994,2.2504405316324565,0.38109051080703343,95,0.64921875,0.8080309075938945
130,2,0.9698463103929543,0.09059337681133195,0.8089,-0.016900000000000026,6,0.125,5.81394898964924,0.12254004441880184,5.305493097429637,0.4142212668412919,2.867864882004773,0.1363168879840958,2.5098418629381496,0.49412440658860335,2.078791882553703,0.05113646885047481,2.0077722143642562,0.2905467213651813,95,0.5388157894736842,0.8702686202686203
131,2,0.9806308479691594,0.08982430052843446,0.8261,0.017199999999999993,5,0.125,5.145916955083125,0.1085569605971365,4.755028137634016,0.38304848841903233,2.7910884348914737,0.13257721046399287,2.4961247959576425,0.4496894401411681,2.0938913333978615,0.05186921635455015,1.8117989348246637,0.5016071023643807,95,0.6552220394736842,0.857420771885786
131,2,0.9806308479691594,0.08982430052843446,0.8261,0.017199999999999993,11,0.125,4.563467751334279,0.09626975973223727,4.310379722667168,0.33562550710909117,2.3346149557941875,0.1108946368296447,2.174837336893096,0.3785146632969837,2.1807080960755845,0.05401981384483395,1.7031117114908498,0.6520911067397718,95,0.7676398026315789,0.9568803899512561
131,2,0.9806308479691594,0.08982430052843446,0.8261,0.017199999999999993,9,0.125,4.901063412668673,0.10339159228902597,4.5028169860801,0.3952781118834762,2.532016945091889,0.12027126737777344,2.3208965207738714,0.40216333447405933,2.122639733789186,0.05258136267081818,1.7713657137804408,0.5566858317605394,95,0.5944078947368421,0.8562534587714444
131,2,0.9806308479691594,0.08982430052843446,0.8261,0.017199999999999993,3,0.125,4.795964062462055,0.10117444301927446,4.5438802473320665,0.3254801499187955,2.5237777679980757,0.11987990496088928,2.320155260921051,0.3967728231173163,2.218310473967262,0.05495128810197411,2.0383179033137906,0.39880485017793516,95,0.6541118421052632,0.8075182298214735
131,2,0.9806308479691594,0.08982430052843446,0.8261,0.017199999999999993,2,0.125,5.060205352159112,0.10674881033304247,4.69024104394516,0.375480978475518,2.700088195620464,0.12825468247695848,2.4449297275315316,0.4243901436630872,2.1163160947849957,0.05242471547789812,1.9482842101292066,0.39862658734461454,95,0.5831414473684211,0.7714708785784797
131,2,0.9806308479691594,0.08982430052843446,0.8261,0.017199999999999993,17,0.125,5.125863656611035,0.10813392129217318,4.65014353679617,0.4257475484735049,2.902075987985956,0.1378491395084278,2.477653969685561,0.5428951242417683,1.7429370487418858,0.04317548739592406,1.5376927078658404,0.48128888334020226,95,0.5818667763157894,0.8554872447176878
131,2,0.9806308479691594,0.08982430052843446,0.8261,0.017199999999999993,8,0.125,4.868019806496385,0.1026945127433312,4.57467521873638,0.34376027024835226,2.6671050597052983,0.12668797749644883,2.3941259704837186,0.44106075922496213,2.0411823837899417,0.05056352686272837,1.8047158499768858,0.46805296329930757,95,0.5833881578947369,0.8183676346208063
131,2,0.9806308479691594,0.08982430052843446,0.8261,0.017199999999999993,4,0.125,5.121964120558261,0.10805165766737646,4.707707550410531,0.3955027246443913,2.6598454047382165,0.12634314255949916,2.477588304479216,0.3681535069929616,2.21307652778342,0.05482163443625249,2.010897223104336,0.419337428476594,95,0.6030016447368421,0.8435731333106035
132,2,0.9890738003669028,0.08905359859392936,0.8335,0.007400000000000073,13,0.125,5.127098254561467,0.10829743922757197,4.725467909351357,0.39170417452303247,2.636649369190909,0.12629663638632432,2.3676672973719444,0.4428328096690492,2.1191454238904734,0.052636397444756,1.800757730062903,0.5329877517187013,95,0.6376233552631579,0.8487779712387954
132,2,0.9890738003669028,0.08905359859392936,0.8335,0.007400000000000073,6,0.125,5.228148659708486,0.11043188244808068,4.816206319546971,0.39410430527885604,2.591457621122172,0.12413193225835333,2.3198685015244096,0.44828246317983556,2.3793262498251657,0.05909889936039195,1.8192081474381674,0.7155041090568209,95,0.5488075657894737,0.854798831198022
132,2,0.9890738003669028,0.08905359859392936,0.8335,0.007400000000000073,2,0.125,5.019083431478973,0.10601588967309519,4.697420913033265,0.35230666336701605,2.6403247185829155,0.1264726871995947,2.398594380431914,0.4188266042727266,2.1852716184368055,0.054278873047614806,1.866775387317802,0.5269590879092542,95,0.5962993421052631,0.7911322576196387
132,2,0.9890738003669028,0.08905359859392936,0.8335,0.007400000000000073,11,0.125,4.5976063053491,0.09711321389303727,4.3662477817747245,0.3185854159698233,2.4484879409262006,0.11728362321697305,2.280141440304071,0.3684918064921975,1.7800072151147235,0.044212712432591575,1.7864131842791708,0.26387697191813975,95,0.7670641447368421,0.9576521039935674
132,2,0.9890738003669028,0.08905359859392936,0.8335,0.007400000000000073,8,0.125,4.8362131346552815,0.10215320090188387,4.5127010521938296,0.3596033979969001,2.5270057325820785,0.12104465913570146,2.22874225320655,0.4758675530182198,2.2914252858927693,0.05691557110874766,1.8506975781269133,0.6237528163603011,95,0.5881167763157895,0.8322030343284625
132,2,0.9890738003669028,0.08905359859392936,0.8335,0.007400000000000073,5,0.125,4.8830921116637525,0.10314340489477768,4.588064239373154,0.34254206915659174,2.635126704036612,0.12622370007193323,2.4804190670177326,0.3415441337351878,2.0251948890307827,0.05030280691469067,2.224113130633795,0.021109374909812528,95,0.6662828947368421,0.8505924463095532
132,2,0.9890738003669028,0.08905359859392936,0.8335,0.007400000000000073,17,0.125,4.528218562401559,0.09564756714669022,4.29873401519923,0.3203938890985953,2.5106865930220095,0.12026296534689548,2.4527171877731893,0.2616886640520008,1.639848542711808,0.04073138099457011,1.428480622528649,0.49897983190747536,95,0.6161595394736842,0.8651317984651318
132,2,0.9890738003669028,0.08905359859392936,0.8335,0.007400000000000073,4,0.125,4.943434639863429,0.10441799355215878,4.644382653287084,0.3426232105438168,2.7389338927243747,0.13119610896223935,2.4698256793230753,0.43609716300092394,2.0133618056577745,0.050008890851924614,1.768896710616828,0.47759829953697297,95,0.6162828947368421,0.8499466239658393
133,2,0.9951340343707853,0.08828135552396875,0.8288,-0.0047000000000000375,6,0.125,4.941003668032176,0.10452598882914184,4.671487333321698,0.32763630655376225,2.4668851633727593,0.11943324458578732,2.3038767911993054,0.36366156351774614,1.953269913001003,0.04914978769512221,1.8478678698127193,0.3655999120388185,95,0.5881167763157895,0.8643641194155073
133,2,0.9951340343707853,0.08828135552396875,0.8288,-0.0047000000000000375,5,0.125,4.784052097470661,0.10120570833281853,4.472799314495682,0.35532826155492436,2.446952273829566,0.11846820182357831,2.157030006347666,0.473834519270768,1.9155787190339044,0.04820137080243975,1.5732592417109805,0.5710787236821224,95,0.6734375,0.8621931859811943
133,2,0.9951340343707853,0.08828135552396875,0.8288,-0.0047000000000000375,2,0.125,4.917630133283689,0.10403152616605482,4.628889271731062,0.33859807724605834,2.405088938574295,0.11644140542747702,2.272666843328061,0.34202513288919334,1.9014969773681354,0.04784703441060604,1.786682450177268,0.3812950385920362,95,0.6040707236842106,0.7810904635491117
133,2,0.9951340343707853,0.08828135552396875,0.8288,-0.0047000000000000375,18,0.125,5.012030488146269,0.1060285476420099,4.6153253964759084,0.3913856185087017,2.614251354827108,0.12656791897151334,2.3179709412219878,0.46630109777464274,2.5465055709114304,0.06407727234299468,2.108544909426819,0.5882889074436805,95,0.7197779605263158,0.9452727792059411
133,2,0.9951340343707853,0.08828135552396875,0.8288,-0.0047000000000000375,13,0.125,4.952488439078682,0.10476894696695484,4.6437778576745306,0.34782097945744483,2.6765317008254774,0.12958319666135154,2.4057662290967485,0.44045971398489303,2.1535989347753977,0.054190631678765734,2.0030436642500873,0.38162750142095286,95,0.6493009868421052,0.8506744348046356
133,2,0.9951340343707853,0.08828135552396875,0.8288,-0.0047000000000000375,0,0.125,5.6374214069280555,0.11925857307456865,5.206503810143369,0.3902172643424518,3.1488621948885616,0.1524508859483692,2.950342919476331,0.34967141774341176,3.4377951493599537,0.08650463543502905,2.9238756980898,0.6070921822450256,95,0.7740542763157895,0.9711022576361221
133,2,0.9951340343707853,0.08828135552396875,0.8288,-0.0047000000000000375,15,0.125,5.238455693277168,0.11081852960767283,4.874513214932788,0.3670815712148508,2.770879998490554,0.1341510312239785,2.5524761432043315,0.3891852165584902,2.5618076414961197,0.06446231565704325,2.6831110247183036,0.0850493454968039,95,0.5499588815789473,0.7874392523364486
133,2,0.9951340343707853,0.08828135552396875,0.8288,-0.0047000000000000375,17,0.125,4.670859065767266,0.09881113136783566,4.414979169480307,0.3307048112086444,2.4410352285566197,0.1181817304767148,2.2094029195988125,0.42529036629373385,1.967826228949065,0.04951606571625405,1.5673474595382073,0.6097777266554174,95,0.6294407894736842,0.8884896785994252
134,2,0.998782025129912,0.08750765600370768,0.8199,-0.008900000000000019,1,0.125,5.313726057095886,0.11256066683618836,4.904551504101684,0.385700186053921,2.867322226825049,0.13929905500988413,2.5403746527791147,0.4747901506042993,3.12478822316559,0.07931594912764983,2.650386357409591,0.5878038146611649,95,0.6215460526315789,0.9179015612595924
134,2,0.998782025129912,0.08750765600370768,0.8199,-0.008900000000000019,16,0.125,5.9353131193871445,0.12572774648547122,5.32654777299279,0.46326821857598666,2.8901466370194484,0.14040790100615652,2.571584684017082,0.4664888349069645,2.100091272967226,0.05330624691146082,2.0568977520154386,0.2888240767272903,95,0.5923519736842106,0.8152158822712758
134,2,0.998782025129912,0.08750765600370768,0.8199,-0.008900000000000019,13,0.125,4.900289438940812,0.10380283834936051,4.618933825082452,0.33796898716018847,2.4985471645408537,0.12138337842257536,2.262148926121836,0.4246033503943672,2.351142699245415,0.05967864104924094,2.1052958484570126,0.44519968034154245,95,0.6425986842105263,0.8439339646787817
134,2,0.998782025129912,0.08750765600370768,0.8199,-0.008900000000000019,6,0.125,4.833255221498838,0.10238285242328242,4.57199088584669,0.3306859481950504,2.4517783604886305,0.11911127584984466,2.2724489248177044,0.3796399224777593,2.5874701522284895,0.0656772991660727,2.099568361934544,0.6257540282606312,95,0.5848273026315789,0.8677494199535963
134,2,0.998782025129912,0.08750765600370768,0.8199,-0.008900000000000019,3,0.125,5.413511625597456,0.11467442467964471,4.848266336020914,0.45689059875227567,2.5767586455558154,0.12518301604069243,2.3232569169770976,0.432900449125313,2.5663792872797653,0.06514195345562439,2.2302224529322237,0.504625648186533,95,0.6492598684210527,0.8334388853704876
134,2,0.998782025129912,0.08750765600370768,0.8199,-0.008900000000000019,8,0.125,4.801892607014592,0.10171849811481014,4.467072513326298,0.36806966779289024,2.4156146663595837,0.11735438631342839,2.2829189762399995,0.3420176522035302,1.7730206564410613,0.045004271056195436,1.5272259838373796,0.5132831476473012,95,0.612952302631579,0.8354464345609445
134,2,0.998782025129912,0.08750765600370768,0.8199,-0.008900000000000019,17,0.125,4.523350860422349,0.09581814788951555,4.427922304073738,0.2605772842038274,2.330693176559429,0.1132287658412948,2.202247176122636,0.3462062117980879,1.621945781577425,0.04116956411499635,1.3227985631871575,0.5817501767658219,95,0.6387335526315789,0.8879232650959187
134,2,0.998782025129912,0.08750765600370768,0.8199,-0.008900000000000019,11,0.125,4.855948523435265,0.1028635646713796,4.507826568633627,0.3723975676122379,2.652595419796428,0.12886728664267938,2.4119640812639807,0.4163865754427214,2.1605285415191307,0.054840315454839014,2.3689753300688956,0.03082505286395617,95,0.7604440789473684,0.9590137341840597
135,2,1.0,0.0867325848780173,0.8293,0.009400000000000075,11,0.125,4.3182333650109825,0.09157517265658166,4.065159307277515,0.34292914451760526,2.419521772690237,0.1187119076970979,2.2475562129609945,0.3707931696415734,2.9616479673852965,0.0760397328510873,2.438565231698692,0.666829668707873,95,0.7828947368421053,0.9575630252100841
135,2,1.0,0.0867325848780173,0.8293,0.009400000000000075,8,0.125,4.6616550605572264,0.0988579891246498,4.385889308037307,0.3405786413788424,2.236469661645564,0.10973060174012265,2.072753665369105,0.37817243531531713,2.080974493538331,0.05342861349530389,1.6814323623755592,0.6104632169434295,95,0.612952302631579,0.8401422150667471
135,2,1.0,0.0867325848780173,0.8293,0.009400000000000075,1,0.125,5.001795039678613,0.10607121145020326,4.741945761138625,0.31952854224075733,2.74977254511699,0.13491539867441973,2.6641497976970707,0.2610250646676005,2.728285172436251,0.07004818869029543,2.9765482102901015,-0.10488987149570068,95,0.6305509868421053,0.9092272579067493
135,2,1.0,0.0867325848780173,0.8293,0.009400000000000075,14,0.125,5.096600647721893,0.10808171880159405,4.682510560349124,0.3987615744438649,2.7097060569631983,0.13294956836152644,2.433588710920811,0.45167739299873966,2.550721117962165,0.06548926628802032,2.2797733736029313,0.45740025105711196,95,0.6480674342105263,0.838779265275046
135,2,1.0,0.0867325848780173,0.8293,0.009400000000000075,4,0.125,5.057499485899183,0.10725251497162029,4.687218211119583,0.376892145984426,2.592252530831138,0.12718680469877808,2.3766904099598842,0.40089887604337404,2.255569548558051,0.05791130741673619,1.9302313416162409,0.5297780854504028,95,0.6111019736842105,0.8375050464271296
135,2,1.0,0.0867325848780173,0.8293,0.009400000000000075,5,0.125,4.986001900247606,0.10573629220246125,4.6473940203717365,0.3624257017880889,2.522422250621428,0.12376063764697248,2.3213835023299008,0.39158219113975906,2.277679981162736,0.05847898845344176,2.46087322747583,0.0026842415246352757,95,0.6583470394736842,0.8645930922490788
135,2,1.0,0.0867325848780173,0.8293,0.009400000000000075,16,0.125,5.0449640014434225,0.10698667960415925,4.69329785857363,0.36741399587234486,2.669289600435432,0.13096656712924853,2.481454596236934,0.36878756723547945,2.50609944904077,0.06434361365762073,2.046863276118624,0.6319208306036602,95,0.6284950657894737,0.8369643441282303
135,2,1.0,0.0867325848780173,0.8293,0.009400000000000075,13,0.125,4.805823807198459,0.10191532223969796,4.488743537747607,0.3572740712785651,2.465437271565682,0.1209647150600618,2.310590880997257,0.3503613642220744,1.8689050953249657,0.04798377313493122,1.805998548937066,0.31685282022307054,95,0.6285361842105263,0.8475729425618213
136,3,1.0,0.08595622714218087,0.8337,0.0043999999999999595,11,0.125,4.113204599627683,0.08734936327019746,4.054630941942563,0.25343987105021076,2.13099313051639,0.10461345954223418,2.1234887011281844,0.25356376845609024,1.684689174042047,0.04370633833859959,1.7678517689856295,0.07663300135982051,95,0.7811266447368421,0.9550981733957994
136,3,1.0,0.08595622714218087,0.8337,0.0043999999999999595,15,0.125,6.184480519646443,0.13133565872141523,5.592477641119799,0.4566388893221126,3.449054354336931,0.16931894476307324,3.102000815039895,0.46606943791119404,3.2651493341718463,0.08470863570813576,3.0638163145910458,0.3910060681609546,95,0.5090049342105263,0.6986024719282656
136,3,1.0,0.08595622714218087,0.8337,0.0043999999999999595,12,0.125,5.196140468604779,0.11034694491886374,4.748559820846554,0.4103837054252944,2.5587008296838527,0.1256102339766571,2.341197639372742,0.403525777471058,1.8595403983368348,0.04824255005391012,1.6680326442405098,0.4499339896808178,95,0.6326891447368421,0.8110742834860597
136,3,1.0,0.08595622714218087,0.8337,0.0043999999999999595,2,0.125,5.2988347922966135,0.11252779529201494,4.842681949104969,0.4114928964143754,2.8258791488998702,0.13872639464728956,2.455069123493182,0.5157257626991877,2.075053198453693,0.053833655821870205,1.9550355098835437,0.3352406724108523,95,0.5744654605263158,0.7401760790208288
136,3,1.0,0.08595622714218087,0.8337,0.0043999999999999595,14,0.125,4.557768722491295,0.09679027293669577,4.3799672581985005,0.29558235511786296,2.5676890865588318,0.12605148018880138,2.5154639781520762,0.2537387425927944,2.43448627034659,0.06315852339524078,2.5250784143403435,0.004068317321025722,95,0.6609786184210527,0.8739657853810264
136,3,1.0,0.08595622714218087,0.8337,0.0043999999999999595,17,0.125,4.8907168695851935,0.10386086909747917,4.517029805446928,0.38353071872320976,2.679634680869122,0.13154704736525355,2.4838629354735375,0.37556505685094893,1.667528820173682,0.04326114272403921,1.647564043482359,0.23314915743198447,95,0.592516447368421,0.8704371963913948
136,3,1.0,0.08595622714218087,0.8337,0.0043999999999999595,1,0.125,5.059846912756716,0.10745257022079084,4.762328630185544,0.33854077371524305,2.9321214120135437,0.14394197724807645,2.6489683034491414,0.43567881019835175,2.993484544116418,0.07766076396313051,2.785341592672208,0.408957713681443,95,0.6287417763157894,0.9134785167745733
136,3,1.0,0.08595622714218087,0.8337,0.0043999999999999595,3,0.125,4.654803018838929,0.09885092511094082,4.433207093993308,0.31445503621795023,2.5029360508351988,0.12287266230060406,2.3719146044798824,0.33129407853076204,2.1333779793139964,0.05534679109043071,1.9532479887375604,0.41304754481968575,95,0.6731496710526316,0.8242013316229919
137,3,1.0,0.08517866793257281,0.8127,-0.02100000000000002,9,0.125,5.022524813611019,0.10679361489935736,4.568680587249181,0.41910196406774025,2.64389278383598,0.12956117029876776,2.3539779944762005,0.46081321784078216,2.04499614272194,0.053176680623628465,1.8865899484978135,0.42214374309949654,95,0.5993421052631579,0.839324917672887
137,3,1.0,0.08517866793257281,0.8127,-0.02100000000000002,1,0.125,4.7011751149870085,0.09996077738507067,4.376922110873893,0.36565643198941195,2.722263799969396,0.13340165907721852,2.513550135400296,0.3840464086042216,2.844392705090328,0.07396364192914438,2.161577051718051,0.7085203153240969,95,0.640625,0.9140564826700899
137,3,1.0,0.08517866793257281,0.8127,-0.02100000000000002,15,0.125,4.724544128957525,0.10045767119269942,4.420214485918135,0.35454021889656856,2.3762146678398346,0.11644388725920658,2.1253207418819584,0.44745530958826696,2.1965469027237865,0.05711750290418284,1.7489411531158172,0.6075140023709699,95,0.5710526315789474,0.8099078341013825
137,3,1.0,0.08517866793257281,0.8127,-0.02100000000000002,17,0.125,4.6290444047512755,0.09842706683565604,4.312855462528224,0.3644758063594163,2.4732956582145897,0.12120123854198726,2.350470399819774,0.32452878373474325,1.8959384015723104,0.04930068509972342,1.9512475484401735,0.27370404276245164,95,0.6275082236842106,0.8676364589476443
137,3,1.0,0.08517866793257281,0.8127,-0.02100000000000002,13,0.125,4.860578313976421,0.10335015712501104,4.495051221850213,0.3804903052157439,2.618723141698726,0.12832775859945808,2.317502713798722,0.4722730789741337,1.9156209372875217,0.049812496292774296,1.657315918664175,0.5152208605155252,95,0.6400904605263158,0.8532151345795593
137,3,1.0,0.08517866793257281,0.8127,-0.02100000000000002,6,0.125,5.155979117782947,0.10963124499483753,4.728693802914686,0.40138475005924873,2.641236268301311,0.12943099056391136,2.3867715612212588,0.4301289085836641,2.50280408464307,0.06508120513881763,2.0308027189398876,0.5947338610280314,95,0.5939555921052632,0.8701280719972309
137,3,1.0,0.08517866793257281,0.8127,-0.02100000000000002,2,0.125,4.619442760901748,0.09822290771375615,4.346046400779026,0.3429319113973685,2.4243935883507794,0.11880484431589658,2.29477067104402,0.33492479490105675,2.216974622953725,0.05764869136554121,1.878162836475468,0.5315478083146854,95,0.6036595394736842,0.7818949662829507
137,3,1.0,0.08517866793257281,0.8127,-0.02100000000000002,4,0.125,4.99792405989371,0.1062705306904749,4.616380067751206,0.3836524387104301,2.508594046901801,0.12293099875614412,2.333293514671731,0.3695502820943261,2.422084332510717,0.06298222392829696,2.033559766460411,0.5450064850028938,95,0.612047697368421,0.8232448773933491
138,3,1.0,0.0843999925173228,0.8299,0.017199999999999993,12,0.125,5.951200292910938,0.126692085787136,5.309664019758941,0.4695003709745048,2.923662970385177,0.14432796483776703,2.464743338112791,0.5475979822151217,2.43340336264191,0.06443041884298216,2.0070344030836798,0.5681991431569989,95,0.596875,0.8011160099200881
138,3,1.0,0.0843999925173228,0.8299,0.017199999999999993,0,0.125,5.770699624441536,0.12284949856962944,5.102010289431417,0.486157494375863,3.3797493582126745,0.16684287877009316,2.7110690400057003,0.6557153462417895,3.475095148382498,0.09201180509852368,2.6193235274479227,0.7126395614799693,95,0.7607319078947369,0.9707583373871682
138,3,1.0,0.0843999925173228,0.8299,0.017199999999999993,2,0.125,4.612044630724117,0.09818347984453299,4.447195236632795,0.29988303712094555,2.520775169532243,0.12443922357584009,2.4114379207325816,0.3401985678345175,2.106601306883564,0.05577751992186056,1.691941982296529,0.606617625813698,95,0.5986842105263158,0.7518543956043956
138,3,1.0,0.0843999925173228,0.8299,0.017199999999999993,9,0.125,4.50883655786773,0.09598633550781455,4.320056539626061,0.3162112841799239,2.21722418850746,0.10945429003199776,2.2256045465442096,0.28680280121756363,2.04598652933295,0.05417259261485619,1.5029754892581852,0.6812393077268022,95,0.6356907894736842,0.860025873221216
138,3,1.0,0.0843999925173228,0.8299,0.017199999999999993,14,0.125,5.296279626086569,0.11274981175480023,4.746147822724594,0.44854617044417905,3.0897652594187357,0.1525276805963689,2.6198495152805537,0.5443156732126521,3.6213193657727087,0.09588345569130087,2.447944062377637,0.8571674122585129,95,0.6157072368421053,0.83658341124616
138,3,1.0,0.0843999925173228,0.8299,0.017199999999999993,13,0.125,4.6768900940725855,0.09956394203721651,4.571617228629017,0.2683606519991929,2.493747005742413,0.12310496586125337,2.4127380287509226,0.32202231523988417,1.5615401250323415,0.04134566666609886,1.8826751775904293,0.25303351577513616,95,0.6602796052631579,0.8459334910947814
138,3,1.0,0.0843999925173228,0.8299,0.017199999999999993,5,0.125,5.833648041019398,0.1241895754954131,5.275559442586876,0.4357283076510515,3.165115384339918,0.15624737410766065,2.7229073679260214,0.5217235855068989,2.4231582806805596,0.06415915476404464,1.9648766237478301,0.5865930595352447,95,0.6495888157894737,0.8390935561463476
138,3,1.0,0.0843999925173228,0.8299,0.017199999999999993,19,0.125,5.11744783456643,0.10894275241254868,4.852811119339167,0.3253596164397103,2.6439210132316875,0.13051837468846955,2.4885822208867183,0.3618723624643558,2.6479207611630082,0.07011030161458133,2.683265552874513,0.26332125948442964,95,0.6621710526315789,0.8954297069051167
139,3,1.0,0.083620286286965,0.8409,0.01100000000000001,11,0.125,4.308425569295148,0.09180373563143872,4.056041401036417,0.34493834557778347,2.360972776788627,0.11711691466170135,2.2286765606158614,0.3432286130348697,1.9690786396359519,0.05243219350011654,1.8667899336635063,0.351856675504108,95,0.7769325657894737,0.9605715797830113
139,3,1.0,0.083620286286965,0.8409,0.01100000000000001,2,0.125,4.563593588307573,0.0972408441487496,4.32631491103696,0.32554958249221805,2.3424309785209023,0.11619714200411513,2.053048934518465,0.4833394407674481,1.9234862181436836,0.051218168515180726,1.7250292611128764,0.44739059754170757,95,0.5949424342105263,0.7939042089985486
139,3,1.0,0.083620286286965,0.8409,0.01100000000000001,9,0.125,4.56070702662708,0.09717933742404525,4.337322659420556,0.3183367171668952,2.370064261221789,0.11756790105890796,2.2374341605382893,0.3427085848522373,2.160574096272192,0.05753129245667261,2.1910452431373617,0.19781932744270617,95,0.6189144736842105,0.8446718044113739
139,3,1.0,0.083620286286965,0.8409,0.01100000000000001,18,0.125,4.830841900518492,0.10293535900285515,4.4684586389197065,0.38008229070438554,2.4155116175270366,0.11982233372426104,2.3104078387534877,0.31333601301352837,2.2133734622127603,0.058937222375343185,2.0794801673290886,0.354692469124084,95,0.7348684210526316,0.9523276633840645
139,3,1.0,0.083620286286965,0.8409,0.01100000000000001,16,0.125,5.574956543191519,0.11879091988854845,5.069534895329053,0.4295880668997473,2.8443599452502526,0.14109551124437178,2.5381012523182416,0.4621212000693652,2.1378020847872374,0.056924924336815924,1.8831449416630481,0.4734668188555589,95,0.5890213815789473,0.8073996509598604
139,3,1.0,0.083620286286965,0.8409,0.01100000000000001,6,0.125,5.042085113839829,0.10743651976280773,4.67385297624862,0.3756166520857001,2.4520950808492485,0.12163706974919936,2.1809715214274608,0.45859600929232025,2.7340549970698214,0.07280181591570604,2.3115404675636655,0.5750931887390432,95,0.5760279605263158,0.8611606824184452
139,3,1.0,0.083620286286965,0.8409,0.01100000000000001,1,0.125,5.094424835711805,0.10855177217055535,4.709019885967398,0.38270337411227023,2.808680144115438,0.13932560171143069,2.5381540628392085,0.43317917156540575,3.2763014057859916,0.08724063418037725,2.915545440143292,0.4956390072612612,95,0.6179276315789474,0.9182858663827522
139,3,1.0,0.083620286286965,0.8409,0.01100000000000001,7,0.125,4.941392635823916,0.1052909690313001,4.566736226065317,0.38240208258019015,2.591387483023281,0.12854672010130083,2.3494649094570907,0.42258128657543664,2.1018674310051533,0.05596806426909903,1.8822125793979125,0.4457571392320853,95,0.7176809210526316,0.9165807264810358
140,3,1.0,0.08283963474507404,0.8293,-0.011599999999999944,14,0.125,4.402666209300795,0.09391356524956308,4.140610759132453,0.34239878900206117,2.5619980152618296,0.1275658276695374,2.3243185632579713,0.42283595515427363,2.784620035569201,0.07490684875403482,2.275400837942865,0.677748648568225,95,0.6704769736842106,0.8813933521403164
140,3,1.0,0.08283963474507404,0.8293,-0.011599999999999944,16,0.125,4.918114068800513,0.10490861776651557,4.562178689668077,0.374788729481792,2.650475610241436,0.13197126341404172,2.3778295074565725,0.449353539353123,2.530758221626137,0.06807791401300795,2.04345789827062,0.6689696102267686,95,0.6474506578947369,0.85088276387654
140,3,1.0,0.08283963474507404,0.8293,-0.011599999999999944,8,0.125,4.936821051993151,0.10530765766714963,4.531692912196078,0.40101643001504794,2.603291353623546,0.12962188659463078,2.3503577605302444,0.43420422281025944,1.6886558475791482,0.04542518783765472,1.5039117842707983,0.4601092988981286,95,0.5814555921052632,0.7981755179973128
140,3,1.0,0.08283963474507404,0.8293,-0.011599999999999944,0,0.125,4.491751560484787,0.09581385079097522,4.235205689083738,0.33561142024718865,2.364417658161521,0.11772799733766345,2.2276772626574526,0.34222830630886447,2.7642412657957816,0.07435865567716543,2.428554197735778,0.5142413651415478,95,0.8076480263157895,0.9725588025659302
140,3,1.0,0.08283963474507404,0.8293,-0.011599999999999944,11,0.125,4.170123992313893,0.08895319177811023,3.955386920187013,0.3264655721421065,2.341695497150012,0.11659662593979085,2.1232287063231046,0.4218110401698125,2.049169319882912,0.05512307401196357,1.89147713765346,0.3877795079210899,95,0.7852796052631579,0.9557021677662583
140,3,1.0,0.08283963474507404,0.8293,-0.011599999999999944,1,0.125,4.604779091498331,0.09822484856010277,4.367808082192455,0.3201414652555919,2.5793006059923673,0.12842735031483996,2.538300757957567,0.23041609361962037,2.64769275244932,0.07122347681964261,2.795719941518848,-0.0011035669680161146,95,0.63046875,0.9172373312463314
140,3,1.0,0.08283963474507404,0.8293,-0.011599999999999944,19,0.125,5.225124208061123,0.11145747143269158,4.8046862364529,0.40044870003409566,2.670615601618052,0.13297406460823108,2.5045311988478334,0.34755277903040566,2.4017236507593056,0.064606857653253,2.4541252190795766,0.12706289390289907,95,0.6332236842105263,0.9
140,3,1.0,0.08283963474507404,0.8293,-0.011599999999999944,13,0.125,4.830696475347053,0.10304390727599325,4.498732427778365,0.3645944197299493,2.637063525380238,0.13130345504889043,2.4163210972394715,0.40185888120520563,1.7794800221388087,0.04786837671802198,1.8606501931848602,0.15861328537561636,95,0.6463404605263158,0.8530440867739678
141,3,1.0,0.0820581234988886,0.8293,0.0,4,0.125,4.778564619435389,0.1020977814103594,4.394634330525567,0.39467671983403724,2.2662663213898573,0.11372682058348654,2.1268897851186646,0.3515105986617368,2.2765519907878082,0.062070408034238786,2.0174326984513,0.48556934304663496,95,0.6006578947368421,0.8617880613362541
141,3,1.0,0.0820581234988886,0.8293,0.0,6,0.125,4.940171380917509,0.10555063663410799,4.580972323156602,0.37569534605671784,2.5827200136357034,0.12960724555443773,2.352055441110186,0.41608690872739923,2.2089019154232257,0.0602259222511693,1.7896576758216223,0.6651287101553074,95,0.5763569078947368,0.8632374973246771
141,3,1.0,0.0820581234988886,0.8293,0.0,11,0.125,4.0052972126907855,0.08557631671268327,3.900022136108887,0.2732147614414847,2.1236615568723476,0.10657056259405175,2.0219276750983215,0.32768532407910045,1.8005755197791726,0.04909286397209803,2.138482241511715,-0.2618842505661376,95,0.7829358552631579,0.9606113124310698
141,3,1.0,0.0820581234988886,0.8293,0.0,19,0.125,4.7101285481405,0.10063559106574607,4.378166686742403,0.36885888790140897,2.4942995406423396,0.1251700886443636,2.260608366108601,0.4250943440910888,2.453545492534196,0.06689615280846874,1.9898484659415425,0.6998108608175825,95,0.6480674342105263,0.9031152845631623
141,3,1.0,0.0820581234988886,0.8293,0.0,12,0.125,5.040258628843835,0.1076890791947014,4.633533626809406,0.3982862683197993,2.2802003921979352,0.1144260665440478,2.114640238821538,0.3760923026061482,1.6577650497371967,0.045199122830697894,1.5431881467390427,0.3764578881271368,95,0.6426809210526315,0.8332693538067818
141,3,1.0,0.0820581234988886,0.8293,0.0,13,0.125,4.57637166640328,0.09777777036825144,4.313055480814566,0.33614521437425565,2.324265788136198,0.11663737654345586,2.115867527407254,0.4139237612459358,1.9943333514726205,0.05437568980770735,1.8858199849928543,0.3304940629305899,95,0.6456414473684211,0.842504139600051
141,3,1.0,0.0820581234988886,0.8293,0.0,16,0.125,4.81995514385413,0.10298212243138008,4.565311401308051,0.3221603022226486,2.5542441698436686,0.1281782576427637,2.3353174314475997,0.4066904252027133,2.1606714208867253,0.058910913199020344,2.133343460678381,0.21434532275640855,95,0.6404605263157894,0.847200821777093
141,3,1.0,0.0820581234988886,0.8293,0.0,17,0.125,4.844223885305228,0.10350064312893455,4.454045987944212,0.39577471653536306,2.5841204899433228,0.12967752490169043,2.3508009857150154,0.4185482732693625,1.7934080996163282,0.04889744357499713,1.6844122467551923,0.3524152600130495,95,0.6083059210526316,0.8763687981614168
142,3,1.0,0.08127583824992367,0.8457,0.01639999999999997,13,0.125,4.579063599063088,0.09795426442592053,4.264728987626316,0.3642470549096366,2.1453819405744396,0.1081681413509086,2.065255735040614,0.3142700169920389,1.7633360874057304,0.04852118549720144,1.4110914456587722,0.6032334949235371,95,0.6576891447368421,0.8612691466083151
142,3,1.0,0.08127583824992367,0.8457,0.01639999999999997,2,0.125,4.839763215002986,0.10353109002859129,4.500890924654264,0.3678713132610234,2.545897228673115,0.12836174579816959,2.3356794916287984,0.3979023923808085,2.1083864588069954,0.05801583214806804,1.8025319622235547,0.5240133695826713,95,0.5811677631578948,0.7464978067072308
142,3,1.0,0.08127583824992367,0.8457,0.01639999999999997,1,0.125,4.8127862942961395,0.10295400600974164,4.464949705656655,0.37368466927799726,2.6052383457372477,0.13135366915555333,2.314187133072501,0.4654148861787744,2.745425398016392,0.07554503985786717,2.870030896588198,0.03836426969391372,95,0.640625,0.9230423620025674
142,3,1.0,0.08127583824992367,0.8457,0.01639999999999997,14,0.125,4.656318445041037,0.09960688213855859,4.39766826908629,0.33073810706949563,2.575785426174534,0.12986868062917303,2.3922532096292484,0.3714408572058173,3.0064832752253445,0.08272849046381323,2.8322227687090975,0.3361419244538675,95,0.6586759868421053,0.8830763468381297
142,3,1.0,0.08127583824992367,0.8457,0.01639999999999997,15,0.125,5.327166000780452,0.11395749715902401,4.8660918374402,0.41830457682114586,2.6944027903754972,0.13584925666316655,2.4270958687080624,0.438550744902315,2.2731598563911577,0.06254985186574293,2.1806641568650242,0.3041548332946016,95,0.5327302631578947,0.763044149428836
142,3,1.0,0.08127583824992367,0.8457,0.01639999999999997,11,0.125,4.124179804628639,0.08822349600151715,3.9558866222195914,0.30390486190460814,2.281505079232877,0.11503134208223977,2.0694428361703587,0.4216960048149375,2.557517036822844,0.0703744223476447,2.101802252449429,0.6231073347668412,95,0.7809621710526315,0.9627757594903386
142,3,1.0,0.08127583824992367,0.8457,0.01639999999999997,12,0.125,4.571601645201619,0.0977946400429288,4.34375593221918,0.31704075646828533,2.3759459013546493,0.11979295958416981,2.260591903610398,0.32464945570873516,1.6075378796784199,0.04423413336274979,1.46511518400834,0.43850796487650934,95,0.6478207236842105,0.8188511583624246
142,3,1.0,0.08127583824992367,0.8457,0.01639999999999997,5,0.125,4.8492109316167955,0.10373319338692849,4.432890015892952,0.40923661774100184,2.6907950330739676,0.1356673569303632,2.346622198130516,0.5058071944663068,2.272317935532486,0.06252668498425655,1.8900746362794585,0.5778228728237422,95,0.6643092105263158,0.8694602624411983
143,3,1.0,0.08049286478457239,0.8273,-0.018399999999999972,11,0.125,4.238066848901154,0.09078252941122174,4.020822244772967,0.3281555919867847,2.243783520566481,0.11319907802410817,2.092489398802105,0.36738606357145587,1.9188777581150072,0.053383637420221994,1.8074044192348613,0.3425230354373386,95,0.7838815789473684,0.9584032731850608
143,3,1.0,0.08049286478457239,0.8273,-0.018399999999999972,8,0.125,4.921919193979137,0.10543115290947343,4.502306732812829,0.4069099972385627,2.3688949769199215,0.11951096211615611,2.1548115592659984,0.4154345349748595,2.0375491529475958,0.05668510396080984,1.644467664980952,0.6446975710722226,95,0.5916940789473685,0.7963168867268937
143,3,1.0,0.08049286478457239,0.8273,-0.018399999999999972,15,0.125,4.789624012059637,0.10259729217254712,4.517314078223692,0.334147467300644,2.3406552057780754,0.11808626315229986,2.228057358946055,0.3212330979602168,2.2028505584291613,0.06128382853196208,2.315655047539112,0.03127022516470392,95,0.5626233552631579,0.8076445224000585
143,3,1.0,0.08049286478457239,0.8273,-0.018399999999999972,3,0.125,4.980650522450127,0.1066892214450512,4.513816340617011,0.42929074273727164,2.5043396546961603,0.1263441581473275,2.247867433955639,0.44409899414988135,1.8837786895180277,0.05240717295090151,1.802869767487646,0.30936902744663447,95,0.6524259868421053,0.802104997794164
143,3,1.0,0.08049286478457239,0.8273,-0.018399999999999972,2,0.125,4.443547974814032,0.0951840872491953,4.291377748868537,0.28333373092572695,2.3618435982874737,0.11915521943747272,2.2420860476325086,0.3263484548578917,2.2542649064698264,0.06271418797116689,2.068628753559048,0.40078092367252505,95,0.5969572368421052,0.7643614822978372
143,3,1.0,0.08049286478457239,0.8273,-0.018399999999999972,16,0.125,5.18237775866042,0.11101036818653161,4.712108426992371,0.4246471227837303,2.784944422673771,0.14050069362995504,2.469298646463402,0.48010235076596913,2.102866654262818,0.05850225244390655,1.774940836896381,0.571531432843411,95,0.6192434210526315,0.8407038512616202
143,3,1.0,0.08049286478457239,0.8273,-0.018399999999999972,7,0.125,4.772159009830107,0.10222317889517388,4.395940825076909,0.3896808159593082,2.4097638405842163,0.12157279992015387,2.142848271999537,0.46075462285663976,1.8844731171596278,0.0524264920937062,1.5648300482893367,0.580698780530109,95,0.7027549342105263,0.9130536539699257
143,3,1.0,0.08049286478457239,0.8273,-0.018399999999999972,19,0.125,4.672035238625781,0.10007845359276957,4.365379162013789,0.35692925811108145,2.399477079310312,0.12105383189967119,2.21255041757992,0.38747190103828605,2.414699986081309,0.06717753019463255,2.3905318790978494,0.1933705590824623,95,0.6534539473684211,0.9056128869871634
144,3,1.0,0.07970928896469852,0.839,0.011699999999999933,8,0.125,4.580968800477753,0.09823628397988073,4.355870100473962,0.31859067541141595,2.2210098179508235,0.11254395047964005,2.0546717278401783,0.3857165595257911,2.040437831745421,0.05735937553465756,1.718024214265929,0.5691067030133863,95,0.6085526315789473,0.8247972972972973
144,3,1.0,0.07970928896469852,0.839,0.011699999999999933,10,0.125,5.710697922338164,0.12246268578900162,5.197233438733321,0.42981357264439946,2.997630609357645,0.15189720825595637,2.696421387384583,0.45201659451313064,1.9490095467821387,0.054789206892365445,1.802254136614253,0.3814867739538491,95,0.6672697368421052,0.9138526004436776
144,3,1.0,0.07970928896469852,0.839,0.011699999999999933,12,0.125,4.8126940692354525,0.10320550125650166,4.4767208711923505,0.36715599713690805,2.445615679426567,0.12392527385203528,2.2365124084165218,0.4046534714015454,1.8537483546782623,0.05211129021842723,1.9398418746396016,0.10220426578598939,95,0.6567845394736842,0.8152507356163526
144,3,1.0,0.07970928896469852,0.839,0.011699999999999933,3,0.125,4.52300658392837,0.09699331704143428,4.306429187240286,0.3165796059117294,2.2172136313733133,0.11235158850503835,2.1075982446816077,0.33328792511768096,1.9480840478526027,0.054763189907270256,1.6786595240137971,0.5200010943726927,95,0.6724917763157895,0.8179761540813207
144,3,1.0,0.07970928896469852,0.839,0.011699999999999933,4,0.125,4.86027026127588,0.1042257457758438,4.52487425490683,0.36508763708825354,2.4455915229583334,0.12392404978524248,2.246900976229119,0.39518019639408397,2.136269190279637,0.06005332033250442,1.844032912239203,0.5292090955710578,95,0.6050986842105263,0.8393585213373199
144,3,1.0,0.07970928896469852,0.839,0.011699999999999933,18,0.125,5.008536924786289,0.10740524048443884,4.628223175036405,0.3829123695579987,2.468386787312136,0.1250791410783425,2.2656220213222618,0.39706801013524073,2.154830596422609,0.06057510573014886,1.9633802326653311,0.4147924024187604,95,0.7112253289473685,0.9452506214950569
144,3,1.0,0.07970928896469852,0.839,0.011699999999999933,9,0.125,5.128959063873627,0.10998762512142103,4.708671211975544,0.3993086463170129,2.623966813256402,0.13296275806822483,2.3927453746316765,0.41137374304392993,1.6013967838138543,0.04501735758555185,1.3665641718065473,0.5220658471916748,95,0.6100740131578948,0.8411403922625867
144,3,1.0,0.07970928896469852,0.839,0.011699999999999933,13,0.125,4.6501123180578725,0.09971902759246767,4.3814544920066165,0.33858026478724385,2.389638891242402,0.12108879432524938,2.127078605717799,0.4571010361323309,1.8035490529646494,0.05070012220645912,1.8171227181446101,0.20222656495657063,95,0.6509457236842106,0.8681068789084707
145,3,1.0,0.07892519671822079,0.8181,-0.02089999999999992,15,0.125,4.944687800878525,0.10612742335910214,4.59169713881436,0.3717967398888544,2.662024240987647,0.1359401814411464,2.466538532913446,0.3764452912353047,2.841476195962412,0.08088109505820963,2.6659854945623924,0.37184631417867353,95,0.5446957236842105,0.793764625953046
145,3,1.0,0.07892519671822079,0.8181,-0.02089999999999992,2,0.125,4.721108488176898,0.10132875915037151,4.359829681597201,0.38414564792992456,2.3674767649445734,0.12089868154801565,2.078277832845368,0.4806248030066938,2.114697994995842,0.060193743588526825,1.9165538055373357,0.44039910324084663,95,0.5857730263157894,0.7687070054752211
145,3,1.0,0.07892519671822079,0.8181,-0.02089999999999992,19,0.125,4.855847381220291,0.10422064881475282,4.449751029522309,0.40327613325453876,2.7279825466158028,0.1393084392866555,2.3856867727789726,0.498782546549693,2.3553926422021885,0.0670449875540266,2.133863812369485,0.45746034376721467,95,0.6481496710526315,0.9003362304129925
145,3,1.0,0.07892519671822079,0.8181,-0.02089999999999992,0,0.125,4.767619755202555,0.10232702660938545,4.45631845222265,0.35547056084223116,2.6670865937552777,0.13619869792764372,2.5435020337015746,0.31126139302631306,2.7247713923261663,0.07755915545158351,2.8042276060288085,0.0024258431310478787,95,0.7912006578947368,0.9742750233863424
145,3,1.0,0.07892519671822079,0.8181,-0.02089999999999992,9,0.125,4.595353915938587,0.09862969921681883,4.278496272854425,0.3650255932070569,2.4077215842649133,0.12295384241253257,2.2271727792153078,0.3832005827418985,1.6879723980257835,0.04804722847031144,1.405683844874188,0.5847131477229696,95,0.6112664473684211,0.8416520920220638
145,3,1.0,0.07892519671822079,0.8181,-0.02089999999999992,13,0.125,4.53104913221959,0.09724953098768432,4.259771260061181,0.34284507572605716,2.416496951510857,0.12340196944205342,2.1372369490699,0.46809088459281833,1.8447814175816295,0.05251071306142037,1.7831941929591477,0.2719053727205017,95,0.6586348684210527,0.8527281807966038
145,3,1.0,0.07892519671822079,0.8181,-0.02089999999999992,16,0.125,5.004935521408563,0.10742051517816019,4.678319456793152,0.3555131011198579,2.578416970309233,0.1316706532487187,2.332278693109758,0.4269867296482629,1.8201133269576286,0.0518085490997798,1.746342529604873,0.29186633598828043,95,0.6255756578947368,0.8383068226633364
145,3,1.0,0.07892519671822079,0.8181,-0.02089999999999992,11,0.125,4.3628340086107675,0.09363914376860338,4.118951351272835,0.3350214971921182,2.324509067466972,0.11870447290735868,2.168767661466403,0.36865219690953943,1.8241158091607448,0.05192247760778526,1.8499721414686143,0.14460287304340794,95,0.7774671052631579,0.95906494605458
146,3,1.0,0.07814067402968998,0.829,0.01089999999999991,12,0.125,4.8440550281164345,0.1040907104937963,4.482839395050467,0.3789802606631828,2.2459375505660346,0.11495227247423231,2.1498987945044523,0.32200639327111713,1.7356148139294587,0.04957274379823543,1.643575105310789,0.34557049927813294,95,0.6258634868421052,0.812167400302214
146,3,1.0,0.07814067402968998,0.829,0.01089999999999991,10,0.125,5.1531065205926305,0.11073171462035845,4.7689914100069215,0.37920046143551683,2.7154330311755546,0.13898213581519853,2.5375802588012255,0.35692968435682804,1.7088007590373286,0.0488068790091755,1.9247975893546285,-0.03981509605694803,95,0.6852796052631579,0.921456858274331
146,3,1.0,0.07814067402968998,0.829,0.01089999999999991,8,0.125,4.816197347278291,0.10349209512416882,4.369018751055716,0.42217414033102535,2.4474938046679395,0.12526838720082767,2.100181795280495,0.5226475056666695,1.7937805017538193,0.051234075977025166,1.5177626135214641,0.5392282628939828,95,0.5791940789473684,0.7804202754508022
146,3,1.0,0.07814067402968998,0.829,0.01089999999999991,5,0.125,5.01399609189211,0.10774246217039933,4.586883016256412,0.4051585135736759,2.5539588452349857,0.13071751393596726,2.2287644742592927,0.4963180399070173,2.0354031107931823,0.05813531673484712,1.8793619904600414,0.38444507580019405,95,0.6485197368421053,0.8380040578239919
146,3,1.0,0.07814067402968998,0.829,0.01089999999999991,13,0.125,4.332419905542012,0.09309652006589349,4.197490442133737,0.28681924388474495,2.220743993092723,0.11366280799979156,2.082290017769414,0.36321409444480207,1.5689397465253359,0.04481215962502728,1.4152457011039266,0.43962376521433183,95,0.6650904605263158,0.8487171561051005
146,3,1.0,0.07814067402968998,0.829,0.01089999999999991,18,0.125,5.113260990877525,0.1098755002557459,4.5842347131590175,0.4511406279912183,2.6647498370092584,0.13638805284784256,2.268857213877971,0.5474105635075885,2.4840146038315503,0.07094858753137004,1.9838183708683015,0.7134066623983755,95,0.7087582236842105,0.9452921041944654
146,3,1.0,0.07814067402968998,0.829,0.01089999999999991,3,0.125,4.875149176703405,0.10475887218887019,4.43591659467436,0.41609766472486975,2.5644787943852605,0.13125594923699896,2.2888526753086573,0.4535169985417594,2.332363963343867,0.06661713202211798,1.8912455558071046,0.6626806010936601,95,0.6569490131578948,0.8253739750891907
146,3,1.0,0.07814067402968998,0.829,0.01089999999999991,4,0.125,4.766587170666101,0.1024260546887666,4.529314692587218,0.31986942981293903,2.3738382728040675,0.12149852691868561,2.312379428471645,0.27750601149577914,1.9182091044798808,0.054788013863822996,1.9752375163315319,0.14332948293193548,95,0.6167351973684211,0.8529235282352157
147,3,1.0,0.0773558069308596,0.8397,0.010700000000000043,4,0.125,5.075972346417123,0.10915563081545762,4.635260039255766,0.41227906529549035,2.6177010216661456,0.13444464518139906,2.357896124575015,0.4416464900218335,2.8773406550203755,0.08196035911154793,2.3396125418481897,0.7074651123572551,95,0.6005345394736842,0.8330023964395755
147,3,1.0,0.0773558069308596,0.8397,0.010700000000000043,11,0.125,4.274121019172843,0.09191231633850977,4.013666481206796,0.34998721564165625,2.3084185317474697,0.11855995312765574,2.088401623048357,0.4263838475358859,1.778560783528626,0.05066187775346676,1.8750031834082486,0.13429772605467805,95,0.7821134868421052,0.9614636454445087
147,3,1.0,0.0773558069308596,0.8397,0.010700000000000043,12,0.125,4.492562857558774,0.09660977232097487,4.207009522149771,0.35336109599241144,2.2679315368726463,0.11648054848390381,2.178407999256631,0.3014026125162553,1.448235065411166,0.04125262882305284,1.3710953237931507,0.38882196115386675,95,0.656578947368421,0.8321643286573146
147,3,1.0,0.0773558069308596,0.8397,0.010700000000000043,3,0.125,4.260707377553466,0.09162386431147518,4.101288745201259,0.29657506814726575,1.916846088811149,0.09844886415391217,1.8431641336622226,0.32326301730306134,1.490526836111766,0.042457299777823705,1.5768389635259255,0.19369450186388212,95,0.687171052631579,0.8293441838200096
147,3,1.0,0.0773558069308596,0.8397,0.010700000000000043,15,0.125,4.824013166378701,0.10373740523031387,4.524377990677832,0.3475659151192152,2.5117432988190163,0.1290026759364376,2.3999580904753772,0.3039002379334042,2.2610465152991517,0.06440536821335124,2.1683755703318366,0.29761603739902304,95,0.5256578947368421,0.7388141426783479
147,3,1.0,0.0773558069308596,0.8397,0.010700000000000043,14,0.125,4.6094778278906565,0.09912395610043442,4.282799407442979,0.37007869266471205,2.627719190942536,0.13495917652114472,2.381655368317309,0.42789045140165993,2.9331712671442953,0.0835506807201868,2.520786471697995,0.5861050092280192,95,0.6454358552631579,0.8783844046633115
147,3,1.0,0.0773558069308596,0.8397,0.010700000000000043,6,0.125,5.055263520181706,0.10871030037689244,4.641107791291573,0.39927192472847944,2.4176534133642664,0.12417023664699166,2.1761567624870715,0.4381453502736068,2.0997860444165366,0.05981190234028003,1.7115088305012995,0.6102561872431006,95,0.5677631578947369,0.8770278099652375
147,3,1.0,0.0773558069308596,0.8397,0.010700000000000043,9,0.125,5.241908243994125,0.11272397917096665,4.710632774541853,0.4533145657202986,2.506253683610801,0.12872073030447193,2.2223288302868633,0.47179718320739167,1.9985984646481176,0.056929598376382756,2.088656977524815,0.11503258590077878,95,0.5913240131578947,0.8430568110701621
148,3,1.0,0.07657068149125178,0.8459,0.006199999999999983,9,0.125,4.296942847061328,0.09250648580141926,4.038301940525979,0.34275367128658346,2.1793001502524234,0.11212110501073569,2.0630982617863522,0.33026286757615547,1.8081892062739575,0.0522974398073623,1.5528373772261157,0.5166609883808427,95,0.6323601973684211,0.8671565121269263
148,3,1.0,0.07657068149125178,0.8459,0.006199999999999983,14,0.125,4.217688978545559,0.0908002734724432,3.9902300415593293,0.32762999833150297,2.383741396754733,0.12263924243432836,2.201804337579396,0.38347358362523914,2.4561621023640385,0.07103846724657764,2.2350857354193794,0.42510946571697594,95,0.6689144736842105,0.8710351610523728
148,3,1.0,0.07657068149125178,0.8459,0.006199999999999983,1,0.125,5.001313148993437,0.10767048114736295,4.602135054344006,0.4000958287414425,2.824939862975007,0.14533811645401268,2.671107798079478,0.32583800600701,2.9148036945351254,0.0843035508874354,2.9360550646366153,0.11336926930740138,95,0.6456414473684211,0.9242771621449497
148,3,1.0,0.07657068149125178,0.8459,0.006199999999999983,13,0.125,4.478497838604422,0.09641508194643061,4.116516248392226,0.39602630661606597,2.233058756370048,0.11488688939387667,2.0149789791061736,0.4328441396484823,1.7332051934669854,0.05012871106886492,1.4524399838609816,0.5518381992984395,95,0.6713815789473684,0.8775722684958354
148,3,1.0,0.07657068149125178,0.8459,0.006199999999999983,3,0.125,4.26999837649586,0.0919264133237283,4.0069820114511785,0.3464757296856897,2.036196931052527,0.10475869966908163,1.8528076191657814,0.41506415729827156,1.614402561480723,0.04669263619699864,1.6379080748938815,0.22291668258190434,95,0.6960526315789474,0.8609995274102079
148,3,1.0,0.07657068149125178,0.8459,0.006199999999999983,11,0.125,3.8581436632894763,0.08305982292783094,3.6923938347518366,0.3079360031397252,1.9817455628720764,0.10195727391364753,1.8439025081886526,0.3730605041606201,1.8650013786120931,0.053940592610658596,1.773715799865621,0.3275907642143287,95,0.8044819078947368,0.9607462305136724
148,3,1.0,0.07657068149125178,0.8459,0.006199999999999983,2,0.125,4.783537726306466,0.10298211554332241,4.438300559835053,0.3755431501921176,2.480191155947637,0.12760141048514742,2.261400786397967,0.4152012263593933,1.9088152676370445,0.055207801935909746,1.7127895037646816,0.4416793234777452,95,0.5733552631578948,0.7642713711990821
148,3,1.0,0.07657068149125178,0.8459,0.006199999999999983,4,0.125,4.537042035827933,0.09767544731361627,4.241379645997257,0.3551226085903393,2.2299524269658297,0.11472707428750505,2.0450788397553277,0.3986989146792084,2.385354251237097,0.06899052374633376,2.006014765026949,0.5996823451444493,95,0.63515625,0.851233249174597
149,3,1.0,0.07578538380871845,0.8465,0.0006000000000000449,4,0.125,4.452107049865015,0.09598091674665263,4.184823186663645,0.3421584019206352,2.1493157959199833,0.11090559667406152,2.026228526278108,0.33726384224388956,2.468274209896793,0.07225966313332197,2.058382539610251,0.6348821977216117,95,0.6290296052631579,0.8734475094783631
149,3,1.0,0.07578538380871845,0.8465,0.0006000000000000449,1,0.125,4.473179354881865,0.09643520482437162,4.221478671852796,0.332328080661615,2.427278156909837,0.12524857110203072,2.3186197973645206,0.29906875861200916,3.0693588046521825,0.08985664249546096,2.9134768694309754,0.32081563376952865,95,0.6459703947368421,0.9178866963717377
149,3,1.0,0.07578538380871845,0.8465,0.0006000000000000449,2,0.125,4.584312145851797,0.09883106526493124,4.285682902853254,0.3550226377317711,2.2804167119084324,0.11767045893386331,2.098620233971538,0.3922137579333421,2.2941116717001453,0.06716098880853522,2.0049475245818447,0.5146464752110474,95,0.5949013157894737,0.7858031517832458
149,3,1.0,0.07578538380871845,0.8465,0.0006000000000000449,11,0.125,3.871032446676664,0.08345379812898455,3.747102227925046,0.2855947596543347,2.0093155923983406,0.10368152744443404,1.9458580702419053,0.2821251327374789,2.0851549145904618,0.06104370053576731,1.9289785109739659,0.3797216691926073,95,0.7952713815789474,0.9578615376660979
149,3,1.0,0.07578538380871845,0.8465,0.0006000000000000449,16,0.125,5.243317825037607,0.11303826390617287,4.833901810199628,0.3966522437925811,2.6980313672141927,0.1392195503305015,2.4710371249235945,0.4155205934540512,1.645085523966717,0.04816050230995605,1.5328962771855954,0.3775801142719098,95,0.6158305921052631,0.8432262802964545
149,3,1.0,0.07578538380871845,0.8465,0.0006000000000000449,17,0.125,4.606535599342969,0.09931017042019115,4.274454832764302,0.37327553793927154,2.1880660790453703,0.11290512753847334,2.0284204625398767,0.37500485430787284,1.406779913074119,0.04118401521754355,1.460198880973918,0.2129005326786013,95,0.5913651315789473,0.8637880684188569
149,3,1.0,0.07578538380871845,0.8465,0.0006000000000000449,18,0.125,4.667888387023315,0.10063284679355033,4.376055683063025,0.34804156331436137,2.2646345862228046,0.11685609462812835,2.099152118797145,0.3753229708645215,2.2076038511231717,0.06462843956897915,2.2672465620524918,0.1031551262633862,95,0.7135279605263158,0.9439866305537947
149,3,1.0,0.07578538380871845,0.8465,0.0006000000000000449,19,0.125,4.819627922228524,0.10390412925207713,4.438668172025694,0.39348262957732394,2.3663871427181093,0.12210656922690297,2.1691988280793364,0.40291705628433355,2.095624277336999,0.06135019509875064,1.9910420143418808,0.3177418406279564,95,0.6592516447368421,0.9053826482879062
150,3,1.0,0.075,0.846,-0.000500000000000056,11,0.125,3.77516374326277,0.08148570155803118,3.6372131141693065,0.29063642732055406,2.17445646860765,0.11273563587552843,2.0312855820741316,0.3588933040989814,1.6589320147747413,0.049274543546029274,1.6350130571996102,0.27589434611904085,95,0.794202302631579,0.9599275174734662
150,3,1.0,0.075,0.846,-0.000500000000000056,3,0.125,4.265844460105784,0.09207688784082645,3.9849773344863855,0.35685689192596126,2.131013744105049,0.11048332903854578,1.8825168959743377,0.4736147580000662,1.84690853232308,0.054857929132101205,1.6895160142840622,0.40571914254786123,95,0.6840049342105263,0.858551247370003
150,3,1.0,0.075,0.846,-0.000500000000000056,4,0.125,4.295135579531243,0.09270912728211243,4.048652596584441,0.33449029940899044,2.20138535861775,0.11413177582247097,2.053431805835191,0.36170500446639153,1.8596516421065437,0.055236432236715996,1.6528679879746797,0.45864368986077514,95,0.6435855263157895,0.8587400971121901
150,3,1.0,0.075,0.846,-0.000500000000000056,18,0.125,4.554872596301589,0.09831546768784795,4.259398920342638,0.3548986401971691,2.289356988982587,0.11869270303870412,2.1601755430683824,0.3339638986061594,2.125933587644813,0.06314569024372871,2.0100576148195586,0.33026378776170223,95,0.7317434210526316,0.9545403461452012
150,3,1.0,0.075,0.846,-0.000500000000000056,2,0.125,4.309377663854094,0.09301653811555437,4.057418338485805,0.33730751553778404,2.1732509631456605,0.11267313592357682,2.0426946326746225,0.3453093781669125,1.5963411240074188,0.0474154332598745,1.314544154488369,0.5702151638119106,95,0.6026726973684211,0.7991403424984649
150,3,1.0,0.075,0.846,-0.000500000000000056,1,0.125,4.3828068907143045,0.09460148448410494,4.1170840943145715,0.3429313563858621,2.379197723809537,0.12335053478399828,2.2243712164646077,0.35493443802161545,2.578985003353915,0.07660248142813393,2.3657531437670425,0.4083539570024382,95,0.6372944078947368,0.9194786760436158
150,3,1.0,0.075,0.846,-0.000500000000000056,9,0.125,4.243784943550125,0.09160074023377847,3.9788612394787224,0.3479579891620728,2.1284156163729016,0.11034862798281159,1.9737267725331578,0.3754770259786895,1.8588027464227121,0.05521121785362708,1.5198231535660964,0.596418976491313,95,0.6333881578947368,0.8587379901324331
150,3,1.0,0.075,0.846,-0.000500000000000056,10,0.125,5.065304169511823,0.10933296988616527,4.652639746868543,0.4102542205111429,2.8300494372210574,0.1467251368194048,2.59763914423236,0.410675118618626,1.771739636892106,0.052625219787635756,1.6221080020175533,0.40612822102644897,95,0.6891447368421053,0.9276849642004773
151,3,1.0,0.07421461619128157,0.8378,-0.008199999999999985,0,0.125,4.67020251981086,0.10095819534563075,4.334332644350377,0.3732677172911458,2.6103176880904155,0.13693153792786833,2.3620867166299973,0.4328909719076401,3.268019498105328,0.09858474282620756,2.993205331163606,0.4922073115028536,95,0.7899259868421052,0.9749102076935089
151,3,1.0,0.07421461619128157,0.8378,-0.008199999999999985,16,0.125,4.886121286247684,0.10562582354981394,4.541995577639534,0.3706528599943529,2.434983012996544,0.12773386562069,2.209142175965758,0.422830812619463,1.8210914525496904,0.054935973489968974,1.6090103457835774,0.48081298462413335,95,0.6199013157894737,0.8321836030777394
151,3,1.0,0.07421461619128157,0.8378,-0.008199999999999985,7,0.125,4.877128697984044,0.10543142609515704,4.503601173438924,0.3877308385263586,2.3613057581902424,0.12386891850832885,2.115802162895787,0.4475577160805818,1.8473503052002551,0.05572811143069058,1.711187305608292,0.3769417206221893,95,0.6798108552631579,0.8850178431016754
151,3,1.0,0.07421461619128157,0.8378,-0.008199999999999985,1,0.125,4.221520029447302,0.0912587927355438,4.061014573976964,0.2892284155047851,2.4393658300744057,0.12796377858709493,2.3043746059894126,0.33142969301429004,2.3184172928336513,0.06993855841752122,2.4247991626187737,-0.014485903236175568,95,0.6548519736842106,0.9133492402360919
151,3,1.0,0.07421461619128157,0.8378,-0.008199999999999985,9,0.125,4.25311967812126,0.09194189876577392,4.0127567363988215,0.3347067244942443,2.0040227238123323,0.10512663453419209,1.865081211112739,0.3756646373808795,1.6411657324825684,0.0495082424587064,1.39106718393781,0.5474187862247627,95,0.6404194078947368,0.8669020866773676
151,3,1.0,0.07421461619128157,0.8378,-0.008199999999999985,4,0.125,4.409592931106627,0.09532446240712598,4.150525551575943,0.33895950593278634,2.251258884715821,0.11809610100885055,2.124397859949807,0.3386215572118383,1.7780047928588476,0.05363619934011317,1.6215109330052178,0.4113419540717945,95,0.6431743421052631,0.8589055108042449
151,3,1.0,0.07421461619128157,0.8378,-0.008199999999999985,6,0.125,4.785459363378071,0.1034497624411516,4.450685692111768,0.36863444461662465,2.375984714216765,0.12463894433049524,2.1105668258384958,0.46567618313085,1.8305771397179484,0.055222123566660605,1.8096727531998216,0.21574261898313166,95,0.5675164473684211,0.88233589334879
151,3,1.0,0.07421461619128157,0.8378,-0.008199999999999985,17,0.125,4.4925249738454465,0.09711724748137518,4.185106891758486,0.3635665725611046,2.271278437151537,0.11914628279942624,2.153883771792304,0.32715007889298037,1.6001435598781735,0.04827074667916126,1.6377879161680295,0.15550455729138946,95,0.6125,0.8560687432867884
152,3,1.0,0.07342931850874825,0.8476,0.009800000000000031,5,0.125,4.933892471407906,0.10679065099020582,4.467783016643396,0.4417723736559115,2.7179411364106985,0.14193494344150967,2.4275996480322335,0.4793958109709621,1.7578638634036086,0.05328276139592319,1.612258138420195,0.3986054397320844,95,0.6712582236842105,0.8354670750382849
152,3,1.0,0.07342931850874825,0.8476,0.009800000000000031,0,0.125,3.972442748043967,0.0859807443196841,3.7989422281582206,0.3058481307343094,2.391944346885542,0.12491090444982232,2.3007214477178235,0.28308799242466337,2.815665621558721,0.08534588064955902,2.720014835381558,0.25846203697351944,95,0.8094161184210527,0.9775463550927102
152,3,1.0,0.07342931850874825,0.8476,0.009800000000000031,18,0.125,4.508026161000335,0.09757307262043563,4.1411135367386755,0.3982478580313131,2.2180005059307732,0.11582729741463911,1.9893963193344961,0.4465842723562545,2.22803740853826,0.06753423179794768,2.038690587878023,0.41377537612644083,95,0.7228618421052632,0.9441410693970421
152,3,1.0,0.07342931850874825,0.8476,0.009800000000000031,15,0.125,4.890812017501288,0.10585820470275593,4.501336515815926,0.398580219870882,2.514417018568389,0.13130661019030482,2.2945686249272415,0.4162197132552175,2.358876545188207,0.07150010802107536,2.3586936095299538,0.15221656064308203,95,0.5442434210526316,0.774176488365065
152,3,1.0,0.07342931850874825,0.8476,0.009800000000000031,19,0.125,4.436997249765918,0.09603570152574607,4.176094436209799,0.33824056983409967,2.3025954015641346,0.12024496914649195,2.219065089400748,0.2812253603821925,1.9092600502524208,0.05787174411981784,1.9548343546873732,0.12341856119635781,95,0.6604440789473685,0.905117669032499
152,3,1.0,0.07342931850874825,0.8476,0.009800000000000031,11,0.125,3.9323582814104867,0.08511314408088866,3.7174849782948347,0.33285275750305543,2.0622487924905246,0.107693710435175,1.9608636427455255,0.32259604844871226,1.8376674669587716,0.05570169522537884,1.6367570198007177,0.4599846982403377,95,0.7878700657894737,0.9605448567402537
152,3,1.0,0.07342931850874825,0.8476,0.009800000000000031,1,0.125,4.33652525903333,0.09386105557251691,4.08611558311214,0.3359533157790607,2.3687321892256805,0.12369873092609446,2.20831325403095,0.36175360949828766,2.7417099915044574,0.0831042052433437,2.5004084572377474,0.4525135656995582,95,0.6381578947368421,0.9220360824742269
152,3,1.0,0.07342931850874825,0.8476,0.009800000000000031,4,0.125,4.139434012838576,0.08959515342576771,3.989500014408349,0.2835593296804271,2.0428778815683835,0.10668213255024131,1.9578012856844225,0.3062487776510222,2.0548034488848,0.062283322481219226,1.9303637086662895,0.3427693327055513,95,0.6701069078947368,0.8797324660980549
153,3,1.0,0.07264419306914037,0.838,-0.009600000000000053,9,0.125,4.292141990407612,0.0930398346266825,4.021584503538776,0.34965731528020816,2.1797342969507416,0.1146838223727967,2.0003511645406458,0.39759473763032965,1.5835253076870959,0.048536296711890595,1.3810246586596997,0.4894868028723114,95,0.6328947368421053,0.86129158004158
153,3,1.0,0.07264419306914037,0.838,-0.009600000000000053,6,0.125,4.717714281905593,0.10226487324636485,4.335217874606464,0.40078761350477354,2.293535311107016,0.12067131144960744,2.0737215820376753,0.4329739718855469,1.9079996201424974,0.0584816897083087,1.6417072049863728,0.5262531398604817,95,0.5682565789473685,0.8695369030390738
153,3,1.0,0.07264419306914037,0.838,-0.009600000000000053,1,0.125,4.124950778730209,0.08941566685211572,3.889771686435678,0.33543008805047464,2.224015374618504,0.11701361240859592,2.0730310218494226,0.3623515418199988,2.5371353989839354,0.07776519637895062,2.1699532975594957,0.6006489647025274,95,0.6517269736842105,0.9157728706624606
153,3,1.0,0.07264419306914037,0.838,-0.009600000000000053,10,0.125,4.994302340760239,0.10826041284245998,4.531397941962394,0.43952675546158454,2.663571548735562,0.14014027617941696,2.4107829039294826,0.44570207662992295,2.103028596138344,0.06445948128536702,1.6992561054904387,0.6636826140770808,95,0.6934621710526315,0.9295582567447376
153,3,1.0,0.07264419306914037,0.838,-0.009600000000000053,18,0.125,4.12153694326812,0.08934166587834894,3.9777620856041107,0.27952274704150404,2.0854269296264047,0.10972196560988742,2.056607544004792,0.2337477356536207,1.8179228149003186,0.05572076474874533,2.1821142665929623,-0.324783911804976,95,0.7396381578947369,0.9539137202579497
153,3,1.0,0.07264419306914037,0.838,-0.009600000000000053,0,0.125,4.037285787591746,0.08751537177886312,3.9474427791431763,0.2497588507541458,2.3380938108136773,0.12301569767718834,2.3861775296528775,0.11934772020354865,2.6517814963751456,0.08127918947576296,2.9516767765021434,-0.27864653380417065,95,0.7974917763157895,0.9762309873678783
153,3,1.0,0.07264419306914037,0.838,-0.009600000000000053,15,0.125,4.472687564433135,0.09695348202871519,4.161434785412735,0.36702437220640255,2.327538671280499,0.12246035304227733,2.103706549484044,0.43488436120065815,2.0825471525472503,0.06383170892303126,1.6827238254052874,0.6607062143775937,95,0.5586348684210526,0.8072280288532313
153,3,1.0,0.07264419306914037,0.838,-0.009600000000000053,19,0.125,4.419979741351994,0.09581094593509072,4.093269271151572,0.3782351538664403,2.292450424920809,0.12061423160512927,2.0619758981384018,0.4446179669884233,2.1586483009493023,0.06616426900339563,1.816179352224439,0.59307336788307,95,0.6606085526315789,0.9113033735839662
154,3,1.0,0.07185932597031003,0.8295,-0.008499999999999952,17,0.125,4.504502631856143,0.09777795996428795,4.11463299661351,0.40940897702648266,2.239920497021536,0.11804645914465163,1.9860121057351203,0.46245309479726904,1.540743379170785,0.04772542715344923,1.407497652681614,0.42562315171664666,95,0.5984375,0.8318675278274014
154,3,1.0,0.07185932597031003,0.8295,-0.008499999999999952,9,0.125,4.2651877494092245,0.09258321974385414,3.9562408922722763,0.3738304330820383,2.1579494598765705,0.1137264885473716,1.9424241882481905,0.4376213121353838,1.901653836967636,0.05890483963404789,1.6917132708967533,0.456861135597821,95,0.6340049342105263,0.8563460665412802
154,3,1.0,0.07185932597031003,0.8295,-0.008499999999999952,4,0.125,4.520522976247237,0.09812570903238896,4.174781701176381,0.3841187002849312,2.1984720787442336,0.11586207848413795,1.9412968343903418,0.4693349999729221,1.984231958123793,0.06146274522623543,2.0481443529676566,0.13732613962664583,95,0.6310032894736842,0.8595725270428777
154,3,1.0,0.07185932597031003,0.8295,-0.008499999999999952,1,0.125,4.132756219756792,0.0897085661222113,4.009379257986088,0.2727117027828909,2.1031756205013434,0.11083984243622559,2.1318784055102395,0.21795291406561518,2.1659994189299225,0.06709309861723241,2.5296467555855298,-0.268565871532476,95,0.6623766447368421,0.9129058290396672
154,3,1.0,0.07185932597031003,0.8295,-0.008499999999999952,0,0.125,4.114515056193216,0.08931261036274349,3.848796196380371,0.35615159137479263,2.546129721315526,0.13418404739093143,2.271969992231698,0.45390868611386087,3.1091041017997867,0.09630631767036674,2.689367925661992,0.5976840943800156,95,0.7934210526315789,0.9776119402985075
154,3,1.0,0.07185932597031003,0.8295,-0.008499999999999952,13,0.125,4.466423938030799,0.09695139656658544,4.151342350923031,0.3689361317699942,2.29618048535386,0.12101142706337074,2.140580227422861,0.37056564266324127,1.4416341851651457,0.04465546191283994,1.3829525320302534,0.36207679544994686,95,0.6326480263157894,0.8239958403743664
154,3,1.0,0.07185932597031003,0.8295,-0.008499999999999952,14,0.125,4.619110330874655,0.10026571675390128,4.163495444616761,0.441504358282012,2.711597705930097,0.1429044058641563,2.292230878775916,0.5648217581915256,2.4116973391279353,0.07470373537263751,1.9696447169035067,0.6490942689113569,95,0.64296875,0.8708192108460702
154,3,1.0,0.07185932597031003,0.8295,-0.008499999999999952,11,0.125,4.252772577788107,0.09231372713769284,3.904805270999356,0.39629452007663307,2.2479426510937888,0.11846923615133624,1.8720018086276464,0.563134057135641,2.1384142787125087,0.06623863276797956,1.5904178717619168,0.7614174692098542,95,0.7666529605263158,0.95929203539823
155,3,1.0,0.07107480328177919,0.8383,0.00880000000000003,3,0.125,4.332780240835077,0.09418239800036392,3.9753233296414994,0.3988005670665247,2.150409614256193,0.11404386827886238,1.9796391056732487,0.39055500870633214,1.6521700057560031,0.05085431956548885,1.513833206549905,0.4397052808489374,95,0.6955180921052632,0.8368903340230565
155,3,1.0,0.07107480328177919,0.8383,0.00880000000000003,19,0.125,4.534977929121235,0.09857760433311115,4.27722057067859,0.33294944243145524,2.3566560540440764,0.12498185035270531,2.2181160230594923,0.3384812156315877,2.2617025222937017,0.06961592477171635,2.2241545156939857,0.2631320055637364,95,0.6517680921052632,0.9108573591571509
155,3,1.0,0.07107480328177919,0.8383,0.00880000000000003,8,0.125,5.091856935971795,0.11068258020217075,4.563844683645374,0.469834748384275,2.615407787736962,0.13870437486085846,2.271248065250012,0.5413166481725101,1.558175370861047,0.04796113473357908,1.4558163579051655,0.4257427104183813,95,0.5556743421052631,0.758176705638597
155,3,1.0,0.07107480328177919,0.8383,0.00880000000000003,14,0.125,4.0244897661761225,0.08748103431004793,3.813932754442737,0.3270187192845897,2.0977027497555483,0.11124863583911976,2.016200857299497,0.29634248701022176,2.501500299950789,0.07699697682663939,1.9304292565496304,0.6981142207370878,95,0.66015625,0.8682653379009654
155,3,1.0,0.07107480328177919,0.8383,0.00880000000000003,18,0.125,4.421485669080115,0.09611060332890298,4.067679647160988,0.39318085880858167,2.2248032867920315,0.11798922926274759,2.099039174607438,0.33468199756595435,2.452527438606789,0.07548957653965467,1.8330260521577988,0.736683343484495,95,0.7254111842105263,0.9417866455050448
155,3,1.0,0.07107480328177919,0.8383,0.00880000000000003,0,0.125,3.959953693869239,0.08607820247701323,3.7322053638659276,0.34034441172589175,2.198055635903466,0.11657070622672606,2.0599948728594093,0.3505834491649096,2.4175472762906796,0.07441287599026894,2.031100300738306,0.5587348828972007,95,0.8005345394736842,0.9740099645590425
155,3,1.0,0.07107480328177919,0.8383,0.00880000000000003,17,0.125,4.1310941484437205,0.08979831231659985,3.954120587705477,0.3019894557509139,2.2754885624740204,0.12067724965906354,2.135379732441765,0.3464631013820299,1.7474949611178088,0.05378845208553603,1.5056164612506455,0.5130039691915379,95,0.6161595394736842,0.8491825158491825
155,3,1.0,0.07107480328177919,0.8383,0.00880000000000003,13,0.125,4.302492644921252,0.09352403125793245,4.020105542509699,0.3566562631482431,2.1192920428062076,0.11239359281688828,1.9614448228620334,0.3792702081673774,1.5790186390163023,0.048602697173197096,1.636158045580364,0.26822433180709565,95,0.6675986842105263,0.8592633653609263
156,3,1.0,0.0702907110353015,0.834,-0.0043000000000000815,3,0.125,4.031370134182957,0.08773349513496731,3.840228677044023,0.3149494765980297,1.9996732396015968,0.10681181611293579,1.8703961508040823,0.3556987649733471,1.5219713036347273,0.04750739431408465,1.5515977863953878,0.17600557045142484,95,0.7005756578947369,0.8400046953867825
156,3,1.0,0.0702907110353015,0.834,-0.0043000000000000815,0,0.125,3.5595448440246775,0.07746530332403465,3.4700590738360932,0.2797128530325603,1.9737675445492053,0.10542807286858197,1.8948571644191692,0.2975226531118618,2.135575806703216,0.06666067993159641,2.1471708129921683,0.13987227578703543,95,0.8177220394736842,0.9716900487755821
156,3,1.0,0.0702907110353015,0.834,-0.0043000000000000815,2,0.125,4.833307662623543,0.1051858202522811,4.40271276756544,0.4227935278752479,2.4273155050920194,0.1296541716133688,2.207991449338549,0.42831512285795265,2.030829357316399,0.06339108420259959,1.8398619211666287,0.4363635414302538,95,0.5744654605263158,0.7583565958055973
156,3,1.0,0.0702907110353015,0.834,-0.0043000000000000815,18,0.125,4.127300918282006,0.0898212079224098,3.888467348605273,0.33870851399362323,2.0889600497609373,0.11158103848346176,1.927547187499478,0.3855556231209392,1.8068088882811337,0.056398423610728964,1.6583696232091671,0.3978052667599537,95,0.7608141447368421,0.9569259039074745
156,3,1.0,0.0702907110353015,0.834,-0.0043000000000000815,12,0.125,4.79084453326109,0.10426170794571134,4.300268173288506,0.4580884246038772,2.1720495760998677,0.11601923520103796,1.9903335089896503,0.4024459049958377,1.4160617703006284,0.044201493637963045,1.2751862261040159,0.43645135238621824,95,0.6349506578947368,0.8245045978500194
156,3,1.0,0.0702907110353015,0.834,-0.0043000000000000815,16,0.125,4.869042177674249,0.1059634997503178,4.441811503597549,0.4197483833999036,2.3270578809526454,0.12429894721899318,2.080185200457585,0.46628033270247005,1.7312225347676038,0.05403904226591953,1.448370937504355,0.5807856844353395,95,0.6093338815789474,0.8227275794588029
156,3,1.0,0.0702907110353015,0.834,-0.0043000000000000815,17,0.125,4.151165189316447,0.09034055887184178,3.9398935076918318,0.321303426239849,2.0495286822903784,0.109474826384436,1.9914917914113788,0.2645714568884664,1.5769925025184848,0.04922484705761659,1.4858176504392586,0.34474367708953796,95,0.614514802631579,0.8614252258280362
156,3,1.0,0.0702907110353015,0.834,-0.0043000000000000815,4,0.125,4.2449957593386785,0.09238256533231408,3.971796541346254,0.35367687259652053,2.100635973651721,0.1122047036957939,2.0043718980964225,0.3067687645425942,2.0202847165574496,0.06306193975339781,1.773724831331264,0.5109934633708259,95,0.6405427631578947,0.8613429195018616
157,3,1.0,0.06950713521542763,0.83,-0.0040000000000000036,4,0.125,4.233679678005203,0.09224583767608502,3.951782762866957,0.35889033288668143,1.9485441338709804,0.10416879174732467,1.7731456076279248,0.41693417135056676,1.8559140144444262,0.058252045986057543,1.526648610488238,0.612041424941647,95,0.6423930921052632,0.8632784996479549
157,3,1.0,0.06950713521542763,0.83,-0.0040000000000000036,8,0.125,4.348246703775434,0.09474208965214669,4.027386969759713,0.3775472094111585,2.140828628184308,0.11444828354645215,1.9733660211990054,0.3889050293131484,1.4884783302737647,0.046719248558675,1.3130034036962754,0.4711418516881795,95,0.6072779605263158,0.8221951384657052
157,3,1.0,0.06950713521542763,0.83,-0.0040000000000000036,9,0.125,4.224959461908648,0.09205583661324548,3.958027512787517,0.3502526637404656,2.0356360671508984,0.10882470962108856,1.8665554017522838,0.4010136507194507,1.701469805061278,0.053404466239772456,1.4301061109187014,0.5592259478114244,95,0.6249588815789474,0.8567010987564971
157,3,1.0,0.06950713521542763,0.83,-0.0040000000000000036,6,0.125,4.76940796218585,0.10391859237166472,4.355806227200402,0.417521155237084,2.436591137096729,0.1302596899508627,2.1930060843544994,0.442009544292477,2.012999213235535,0.06318251913971165,1.7289864415782146,0.5465865386887202,95,0.5396792763157895,0.8499047619047619
157,3,1.0,0.06950713521542763,0.83,-0.0040000000000000036,3,0.125,3.995582353262802,0.08705803679369842,3.739201434174557,0.3541547639341819,1.9837490333948806,0.10605083885277324,1.788243223747138,0.4333125897873542,1.4453029525441214,0.045364091978468093,1.385257561377212,0.329767813656549,95,0.7066200657894737,0.8592377073028804
157,3,1.0,0.06950713521542763,0.83,-0.0040000000000000036,12,0.125,4.195308252523408,0.09140977908034795,3.952568156705853,0.33689308841841775,2.05864502233634,0.11005476390591212,1.8715467176696872,0.4169760177635955,1.200626700855685,0.03768437613273284,1.2052505241791553,0.2916128071680904,95,0.6640625,0.8297213622291022
157,3,1.0,0.06950713521542763,0.83,-0.0040000000000000036,11,0.125,3.8458710779301204,0.08379604177920426,3.615818298515459,0.34564929626579516,1.9790514151393859,0.10579970509128489,1.8409876464953046,0.3752152508160137,1.5401919099423989,0.048342395858342706,1.5273222811700882,0.2502712566685312,95,0.7911184210526315,0.9641891891891892
157,3,1.0,0.06950713521542763,0.83,-0.0040000000000000036,16,0.125,4.4159328824844994,0.09621687488130527,4.099992569111226,0.37198762809198244,2.446319012925286,0.13077974030728737,2.161001478201478,0.48280337958818664,1.5357963985451435,0.048204432822311745,1.405776072145241,0.40699129665203165,95,0.65390625,0.8568823492422813
158,3,1.0,0.06872416175007633,0.8441,0.014100000000000001,9,0.125,4.124092772479072,0.0899603397558694,3.8740085550840857,0.3441799345598652,1.9672703373160694,0.10578344356255258,1.8177291682783574,0.38839330275976824,1.3465963436288488,0.0428323044629761,1.2302791006871951,0.4090774508747422,95,0.6395148026315789,0.8737864077669902
158,3,1.0,0.06872416175007633,0.8441,0.014100000000000001,8,0.125,4.299573506325528,0.09378816500334729,4.03459097632725,0.3458533890342178,2.1403628727401363,0.11509092108855011,1.9474893630145595,0.41487882453432817,1.5491994477349758,0.049276669087368316,1.462521843264606,0.335170363811404,95,0.6332236842105263,0.8587012987012987
158,3,1.0,0.06872416175007633,0.8441,0.014100000000000001,5,0.125,4.567619434451715,0.09963514859336824,4.157267832145039,0.4230601690686308,2.3707435935969916,0.12747888095374574,2.021100726404019,0.5501371410860849,2.0489500740471547,0.06517265089590504,1.8686705824046341,0.4310018761363391,95,0.6634868421052632,0.8547347545860189
158,3,1.0,0.06872416175007633,0.8441,0.014100000000000001,11,0.125,3.77154122531601,0.08227000427750876,3.6045925475755665,0.31018143460060366,1.9381533731188867,0.10421777529600021,1.8369161644339465,0.34138515565553895,1.6366327531994525,0.05205773260174472,1.5455434387561895,0.33165267223027095,95,0.7956825657894737,0.9554028215596093
158,3,1.0,0.06872416175007633,0.8441,0.014100000000000001,19,0.125,4.6039442045781875,0.10042751405224878,4.236498231033833,0.39632010826249875,2.2471085251019978,0.12083081482759479,2.04452546718366,0.41524612289293966,2.384699219828813,0.07585210187120622,2.2501584620361563,0.3419815688386285,95,0.6384457236842105,0.8984993881625556
158,3,1.0,0.06872416175007633,0.8441,0.014100000000000001,0,0.125,3.788847891496623,0.08264752089887067,3.629913705693428,0.30427991946184063,2.186118099719146,0.1175512568029742,2.0864963690811495,0.31374030818530446,2.3934520790658023,0.07613051130959071,2.3377348557935926,0.2178183389310295,95,0.8233963815789473,0.975330836454432
158,3,1.0,0.06872416175007633,0.8441,0.014100000000000001,6,0.125,4.300351419361944,0.09380513390412555,4.004723208533979,0.3644223594459213,2.125299015483685,0.1142809120807916,1.8908587378807866,0.4579551677783592,2.069718787440638,0.0658332585528193,2.0029053305773297,0.2552435447720198,95,0.5760279605263158,0.8638018416732101
158,3,1.0,0.06872416175007633,0.8441,0.014100000000000001,13,0.125,4.376909084582535,0.09547511417714943,4.010349539928329,0.40397539656923925,2.0789809970976223,0.11179031412334162,1.8404414639795201,0.46638620272829173,1.7217942193349747,0.054766533842211695,1.6390038592097,0.3097331146731276,95,0.6606496710526316,0.8689861206199041
159,3,1.0,0.06794187650111143,0.8226,-0.021499999999999964,19,0.125,4.185575056632465,0.09142337360340952,3.894643027224676,0.3676735392916795,2.1629338504739857,0.11676759817615687,1.9758083629469558,0.40850242944082954,2.1724105976192134,0.06959485010349117,1.7708741588505377,0.632529095165001,95,0.6623355263157895,0.8993046933200894
159,3,1.0,0.06794187650111143,0.8226,-0.021499999999999964,9,0.125,4.014214190741457,0.08768042591966595,3.7825912388238505,0.3427584959645807,2.039119678859201,0.11008339771553684,1.901114448203054,0.3745322428624252,1.3321273325380685,0.042675727198326234,1.1104351353142161,0.5557870356654868,95,0.6482730263157894,0.8770772548522137
159,3,1.0,0.06794187650111143,0.8226,-0.021499999999999964,0,0.125,3.7640913080743537,0.0822171198172939,3.717595600119142,0.2496423560377262,2.1352009793828866,0.1152704184324828,2.166276528520332,0.19285003589402167,2.4159352225209365,0.07739634940805083,2.5629831489110138,-0.014208307435611462,95,0.809375,0.975716317821581
159,3,1.0,0.06794187650111143,0.8226,-0.021499999999999964,4,0.125,4.279434233607837,0.09347349156489027,3.9575315358864023,0.3806327179677439,1.9846172732487848,0.10714104467198149,1.8133120843243773,0.412783361177615,2.079525317515479,0.06661919846897761,1.664871327174213,0.651789509086687,95,0.659827302631579,0.8695083193120209
159,3,1.0,0.06794187650111143,0.8226,-0.021499999999999964,17,0.125,4.410141199638334,0.09632845692240757,4.061588538174818,0.38979482381490876,2.2094450283736378,0.11927853882766878,2.02857483295873,0.39803777622624315,1.4512261846932233,0.04649115084444523,1.4733530937038244,0.25609028076372004,95,0.5849095394736842,0.8349384885764499
159,3,1.0,0.06794187650111143,0.8226,-0.021499999999999964,15,0.125,4.832480851366065,0.10555340576336888,4.378326394122723,0.4318971448263787,2.6796178028309345,0.14466116695990106,2.257044056011917,0.5840313376764434,2.5369636422088795,0.08127358823927164,2.3106915981446416,0.42499747089215556,95,0.5358963815789474,0.744648200721246
159,3,1.0,0.06794187650111143,0.8226,-0.021499999999999964,16,0.125,4.609296550679143,0.10067850531885683,4.324279159860755,0.3465594396797881,2.315636289278968,0.1250113533011654,2.131952601872422,0.39109576298081095,1.6739517717785009,0.05362633692041048,1.6442932948001807,0.2812914674472735,95,0.6389802631578947,0.8445302445302445
159,3,1.0,0.06794187650111143,0.8226,-0.021499999999999964,10,0.125,5.210946875741891,0.11382004541850542,4.65284665722289,0.4764231879952494,2.7549482152894345,0.14872793549767704,2.3841652019477855,0.5340035963220887,2.0227597092228664,0.06480066839713604,1.6618848920366616,0.6030427876751026,95,0.6865542763157895,0.9248367970294065
160,3,1.0,0.06716036525492598,0.8438,0.021199999999999997,19,0.125,3.8662224626335346,0.08454333741074016,3.745077043917273,0.2845457985820158,2.0246958242189095,0.10950482190901663,2.0248661045765166,0.23869620714905992,1.5612210290479285,0.05060502776438228,1.830339625967997,-0.09768749603721594,95,0.6771381578947369,0.9194802040320622
160,3,1.0,0.06716036525492598,0.8438,0.021199999999999997,16,0.125,4.646099892530049,0.1015970484509089,4.261872286529863,0.4011800596104539,2.258484208588559,0.12214916832814927,2.030203886932358,0.4382186917827244,1.7027424907304824,0.05519226900982527,1.4398735523639432,0.5369648927557327,95,0.6150493421052632,0.829923786602487
160,3,1.0,0.06716036525492598,0.8438,0.021199999999999997,8,0.125,4.394442846951353,0.09609402147256547,3.9761810803493676,0.4296054827193404,2.3427020850122937,0.12670405674596602,2.0013406103656477,0.5336414657277838,1.8466590122667152,0.059857143126039083,1.4369719466751352,0.6676038513976063,95,0.5802220394736842,0.8029197080291971
160,3,1.0,0.06716036525492598,0.8438,0.021199999999999997,0,0.125,3.8303295404463413,0.08375846083923984,3.665639125655748,0.3121275189211888,2.264818668194053,0.12249176491114815,2.030313706897362,0.44343079128280255,2.607824281447293,0.08452936369153861,2.41630518987927,0.38262819805144277,95,0.8104851973684211,0.9760032469179646
160,3,1.0,0.06716036525492598,0.8438,0.021199999999999997,6,0.125,4.478645231318646,0.09793528918572852,4.114281389474797,0.39628332411458367,2.305185954349599,0.12467501260126412,2.0251759223588306,0.4817049847657067,1.6101924924172692,0.05219237652369228,1.5756217588186943,0.2950263875860143,95,0.5639391447368421,0.8664965366387167
160,3,1.0,0.06716036525492598,0.8438,0.021199999999999997,5,0.125,4.5032714875974555,0.09847379567723666,4.1036983727615866,0.4150181891303971,2.2554450980662617,0.12198479931403607,1.95862906677899,0.5010968896050474,2.029056073618074,0.06576931583066635,1.6014099698009603,0.6702710965501489,95,0.6564555921052632,0.8576886940181647
160,3,1.0,0.06716036525492598,0.8438,0.021199999999999997,7,0.125,4.437124662004435,0.09702735190717206,4.1331692565509455,0.3637847110788664,2.0885514505838665,0.11295842659834367,1.9258191449845232,0.3932505362013904,1.8845287411506288,0.061084643041774106,1.579426165251544,0.5602963850142337,95,0.6938322368421053,0.8954604717316582
160,3,1.0,0.06716036525492598,0.8438,0.021199999999999997,1,0.125,4.646325277557583,0.10160197698324616,4.290345448464956,0.3852901485213121,2.47006587157505,0.13359247356314055,2.2806004707875407,0.3841626803860435,2.53429114330615,0.0821458789523509,2.4596363894950617,0.2510423136435234,95,0.63671875,0.9141104294478528
161,3,1.0,0.06637971371303501,0.8316,-0.012199999999999989,0,0.125,3.6983689087083262,0.08096231544997819,3.6035427952514376,0.2668378053563634,2.183256965306355,0.1191236188745908,2.0840414512360725,0.3105601543022186,2.6824515217712968,0.08726631377372082,2.6673054438357684,0.15785853635010288,95,0.8109375,0.9764729743433729
161,3,1.0,0.06637971371303501,0.8316,-0.012199999999999989,4,0.125,4.414141422958672,0.09663154735183302,4.072539754201229,0.3882908984511072,2.4159877818381092,0.13182195788344442,2.1657937232737883,0.4528807271687052,2.0539913242868226,0.06682105899731387,1.7395124235859434,0.5734589369377827,95,0.64296875,0.8616102833024237
161,3,1.0,0.06637971371303501,0.8316,-0.012199999999999989,10,0.125,4.358678310549167,0.09541738453747378,4.011242603216718,0.39390802269102726,2.2714540217886623,0.12393585706240526,2.0304009902838818,0.45398609504795884,1.8008559663855321,0.05858598395847389,1.4547292206491302,0.6291512547774201,95,0.7071957236842106,0.930519216233502
161,3,1.0,0.06637971371303501,0.8316,-0.012199999999999989,1,0.125,4.2456331750349365,0.0929426730775007,3.9881910974985586,0.34321762246004855,2.3277486298953445,0.1270074228686107,2.2036412987642504,0.3256524954433711,2.653952242616783,0.08633916671557737,2.524309590513073,0.31046148086520514,95,0.64296875,0.9097013493636887
161,3,1.0,0.06637971371303501,0.8316,-0.012199999999999989,16,0.125,4.161939352716851,0.09111050170385104,3.90870060247014,0.3441076963317024,2.0720508123141754,0.11305595043424715,1.9021292507689802,0.39720671270889785,1.5293164256238956,0.04975217854810445,1.3060823498764702,0.5217491304266285,95,0.6670230263157895,0.8486623104426088
161,3,1.0,0.06637971371303501,0.8316,-0.012199999999999989,12,0.125,4.31676313364963,0.09449980442092798,3.986222420373133,0.38524991660193064,2.2681853131225167,0.12375750865379118,2.0443055786252025,0.4364971702891686,1.292447943180165,0.04204630235825619,1.3119894731079875,0.2583790531805184,95,0.6615953947368421,0.8437538844002486
161,3,1.0,0.06637971371303501,0.8316,-0.012199999999999989,15,0.125,4.523237402358413,0.09901980642401167,4.15684625466466,0.39941343489980824,2.3062104130728622,0.12583224726043868,2.1430323800592146,0.3695352899542629,2.2868881139554174,0.07439772689202062,2.175038209864156,0.3091874717378181,95,0.5268914473684211,0.7738411112845326
161,3,1.0,0.06637971371303501,0.8316,-0.012199999999999989,8,0.125,4.0090787668071,0.0877641759906014,3.773590076063295,0.3398803261078288,2.051715794135635,0.1119464241650989,1.9257671542399122,0.35223423189778386,1.5609184976022121,0.050780266588755577,1.4983571471639554,0.31925286050263746,95,0.6171463815789474,0.8295689253114797
162,3,1.0,0.06560000748267719,0.8409,0.009299999999999975,16,0.125,4.074196781593921,0.089288200216497,3.8465942746093824,0.3312784893598474,2.0614244902331387,0.11201411959476239,1.9072831496653873,0.3803780640403792,1.4184600642099734,0.046838537058508975,1.1936531491107296,0.5419964381224157,95,0.6589638157894737,0.855672032946462
162,3,1.0,0.06560000748267719,0.8409,0.009299999999999975,2,0.125,4.698065560337933,0.10296061797426766,4.296216114574891,0.4169338132626299,2.3349630259001906,0.12687771435321996,2.091774498114445,0.45432754116439134,1.616978017974576,0.05339373784899545,1.6809839658920258,0.12624610247914578,95,0.5828536184210527,0.7633862433862434
162,3,1.0,0.06560000748267719,0.8409,0.009299999999999975,0,0.125,3.6380970176022016,0.07973084078369462,3.4680668080291213,0.3160439666338954,2.1777410352953397,0.11833455260173292,2.074764943464139,0.31253759666766506,2.79639272461193,0.0923388310793444,2.323621562512568,0.7386615038619802,95,0.8089638157894737,0.974585747687303
162,3,1.0,0.06560000748267719,0.8409,0.009299999999999975,11,0.125,4.125603514897859,0.09041480625488339,3.789831942581213,0.39682941067151295,2.0701360082921365,0.11248748790407269,1.8731856230121218,0.42620080626252554,1.8674473688774127,0.06166440987585808,1.525545969280592,0.6286596635596369,95,0.7794407894736842,0.9546317788562988
162,3,1.0,0.06560000748267719,0.8409,0.009299999999999975,8,0.125,3.923314114192236,0.08598152591028192,3.7138906841914126,0.32658912383133176,2.0385779264527706,0.11077267818386012,1.8231967825506599,0.44889466446826565,1.9079704579929477,0.06300251043938743,1.6433001117633201,0.5336924717609115,95,0.6373766447368421,0.8481388297529192
162,3,1.0,0.06560000748267719,0.8409,0.009299999999999975,9,0.125,4.236442837162264,0.09284390924836551,3.9291010490409453,0.3746879402191118,2.200168260595846,0.11955320790969692,2.004507084133221,0.4134737229041095,1.2636290609299388,0.041725909732637,1.298895171184449,0.22912137356981874,95,0.6284128289473684,0.866256625008179
162,3,1.0,0.06560000748267719,0.8409,0.009299999999999975,5,0.125,4.147001294684612,0.0908837500364944,3.8164327753250724,0.3927291811595324,2.148431255046043,0.11674191156845908,1.9674751494291618,0.4018453820622541,1.8553049549816583,0.06126345893082544,1.7176354187946734,0.3780332275845123,95,0.6587582236842106,0.871543599026278
162,3,1.0,0.06560000748267719,0.8409,0.009299999999999975,15,0.125,4.212869307688568,0.09232728274937903,4.010127905619592,0.30954793036374767,2.192671663756035,0.11914585624634623,2.1136192762124875,0.28394034218187353,2.009210092315502,0.06634551351973704,2.3103233587573744,-0.281975205247458,95,0.5552220394736842,0.7772346885877213
163,3,1.0,0.06482133206742717,0.8356,-0.005299999999999971,17,0.125,4.261210704507274,0.09350909697564869,3.8902098281384228,0.4146300295339943,2.168617855498804,0.1188027521449159,1.9764944551895418,0.41398290516746267,1.3090361097028058,0.04315181759221997,1.197944702832973,0.40463396581955874,95,0.6019325657894737,0.8399480838855113
163,3,1.0,0.06482133206742717,0.8356,-0.005299999999999971,7,0.125,4.151770189033116,0.09110750632825043,3.8409504173318485,0.38086049163411373,2.0594711816311615,0.11282340211325392,1.8931322070008725,0.39375362560082333,1.2806015010719625,0.042214482834340074,1.302270759980375,0.1865170766357672,95,0.7074424342105263,0.9149084568439407
163,3,1.0,0.06482133206742717,0.8356,-0.005299999999999971,9,0.125,3.955285040184251,0.0867957859952124,3.6667648866400797,0.3749963835468188,1.9285444381035666,0.10565088095144132,1.7379137952229822,0.43392894125056836,1.6229523911548427,0.05349993405443252,1.4780328734773622,0.4179234155641835,95,0.640953947368421,0.867590454195535
163,3,1.0,0.06482133206742717,0.8356,-0.005299999999999971,6,0.125,4.206470400148481,0.09230786174375823,3.947204055764074,0.3456463387910744,2.191179811489761,0.12003875712324882,1.962926434184573,0.4530399245454929,1.8705563702774415,0.06166209372520888,1.5914571328903655,0.6028559519751057,95,0.6078947368421053,0.8843344155844156
163,3,1.0,0.06482133206742717,0.8356,-0.005299999999999971,12,0.125,4.195363075436465,0.09206411977095755,3.8759679523140447,0.38457595287761365,2.0022061132122375,0.1096862667656478,1.821815079432258,0.41511658457837336,1.4781501355737274,0.04872658939765532,1.2729887628392937,0.5265315950240307,95,0.6433799342105263,0.8296159008116571
163,3,1.0,0.06482133206742717,0.8356,-0.005299999999999971,15,0.125,4.215667101720237,0.09250967651396422,3.9338205786071723,0.3598082315901816,2.190004538487442,0.1199743724891174,2.086512524795339,0.30893478403498753,2.4080200118392567,0.07937935366266867,2.166704866073937,0.5180237280648091,95,0.5600740131578947,0.8039791498421555
163,3,1.0,0.06482133206742717,0.8356,-0.005299999999999971,8,0.125,4.038244285874132,0.08861626488916532,3.8275308075315317,0.32118354487759165,2.02560770063808,0.1109682690251517,1.8933275701670533,0.3574083949062852,1.4745045585900294,0.048606414505723075,1.3862161110716482,0.3439320927167133,95,0.614514802631579,0.8283706925393108
163,3,1.0,0.06482133206742717,0.8356,-0.005299999999999971,0,0.125,3.461636304589566,0.07596303195190646,3.377876869814185,0.26698797206058905,1.9969433876967235,0.1093979604264553,1.903545063133558,0.31429077600266986,2.243368378809908,0.07395168273588526,2.438538102303794,-0.22600232434414042,95,0.8210115131578948,0.9740071117343617
164,3,1.0,0.06404377285781915,0.8483,0.012700000000000045,11,0.125,3.645861595201421,0.08010536931757198,3.434550293766614,0.3433933023897846,1.815244684379784,0.09984891415638283,1.7115600129910085,0.35150655757992894,1.3898712074970765,0.04603461233487106,1.4834585451924416,0.030644089385848505,95,0.7913240131578947,0.9612366848532087
164,3,1.0,0.06404377285781915,0.8483,0.012700000000000045,1,0.125,4.218278924671687,0.09268228711427202,3.936142191174921,0.35957666670577426,2.3417376654077255,0.12880906091729102,2.1896750812796597,0.3545124451919251,2.572009637995274,0.08518880452231653,2.4095504976105433,0.38892405371512,95,0.6388157894736842,0.9273300720906282
164,3,1.0,0.06404377285781915,0.8483,0.012700000000000045,13,0.125,4.337971973470368,0.09531213348347704,3.9686790377385806,0.4078539294506336,2.0978798378932475,0.11539547568804992,1.8709306338037082,0.45565587938277874,1.6046675723211379,0.05314898907156304,1.5856043724758357,0.2090595203347222,95,0.6336348684210527,0.8372485399091499
164,3,1.0,0.06404377285781915,0.8483,0.012700000000000045,2,0.125,4.255091587604968,0.09349111978189578,3.9750181557346447,0.35680414962347884,2.0563789653268034,0.11311268863572607,1.909651556510958,0.3727586643905632,1.6500431205053252,0.05465189506664656,1.5001178161783095,0.4248155232032009,95,0.5801398026315789,0.7412998795095329
164,3,1.0,0.06404377285781915,0.8483,0.012700000000000045,4,0.125,4.2526382666982645,0.09343721642540395,3.9578493248021602,0.3659371785430678,2.183143182774698,0.12008545080656283,1.913863295568743,0.49296794916356684,2.131851464590482,0.07061010775572625,1.8846881759800098,0.5456568268145402,95,0.6470394736842106,0.867564819522115
164,3,1.0,0.06404377285781915,0.8483,0.012700000000000045,14,0.125,4.3775519195817285,0.09618176775730498,4.01087451157246,0.4047873564856383,2.3134079069821616,0.12725076101345648,2.024404234234823,0.5038305933444908,2.1060450503989707,0.06975536073553386,2.095636238349434,0.15208486564758503,95,0.64296875,0.841209950757818
164,3,1.0,0.06404377285781915,0.8483,0.012700000000000045,7,0.125,3.9432348627132456,0.08663913226967104,3.714836267033745,0.3386112553456527,2.1037081816841026,0.11571606817007435,2.032932449276292,0.28272137200072417,1.5314934736981243,0.05072535352541037,1.4288332419560348,0.3600396217814844,95,0.7090460526315789,0.9071561122709348
164,3,1.0,0.06404377285781915,0.8483,0.012700000000000045,5,0.125,4.139884229450378,0.09095983115996295,3.8855404641408406,0.34575556150490183,2.129243271854993,0.11712064522152561,2.0132722525702134,0.3316808172953924,1.7650484980723329,0.058461045111747996,1.7304412414154005,0.22033497978361175,95,0.6786184210526316,0.8577314590402326
165,3,1.0,0.0632674151219827,0.8485,0.00019999999999997797,13,0.125,3.971930031676948,0.08738714880998369,3.7221391771422163,0.3491268217211795,1.9466974657037133,0.10722444708976234,1.8386972798746772,0.3327770920977472,1.4740638954498255,0.04927645311331733,1.3839943637704346,0.3459754610875749,95,0.6749588815789473,0.8599451720986903
165,3,1.0,0.0632674151219827,0.8485,0.00019999999999997797,1,0.125,4.056037341629693,0.08923760890173532,3.813516742848681,0.340725003599531,2.1165241127992043,0.11657852940441704,1.9950531006394028,0.33454356500838567,2.29147208551125,0.07660157550206685,2.2993165639078317,0.10855441988946082,95,0.6457236842105263,0.9140983188996434
165,3,1.0,0.0632674151219827,0.8485,0.00019999999999997797,2,0.125,3.9614556427812935,0.08715669989124185,3.711901018867051,0.34942855240276993,1.9276553374069125,0.10617560323291853,1.7501893281263694,0.4201867916586004,1.5044271682104062,0.050291466364216504,1.4254219397750836,0.3236359120451545,95,0.5925986842105263,0.7830974188176519
165,3,1.0,0.0632674151219827,0.8485,0.00019999999999997797,18,0.125,4.157351488482744,0.09146663971471419,3.826937410567327,0.39425478760248134,2.0531555808812985,0.11308817925114799,1.8803419158275831,0.40326954461035813,1.7140403561108328,0.057298621520375015,1.6650868671784238,0.24974948233133512,95,0.7350740131578948,0.9540750685238015
165,3,1.0,0.0632674151219827,0.8485,0.00019999999999997797,0,0.125,3.7186905893182325,0.08181558217676807,3.5135037168289065,0.3314066924386203,2.2409154752416103,0.12343002805565081,2.0603207406975423,0.39826886615615376,2.7467450238867492,0.09182088564925452,2.5799050863711104,0.39028035665159505,95,0.8049753289473685,0.9748684681003218
165,3,1.0,0.0632674151219827,0.8485,0.00019999999999997797,9,0.125,3.7232011183183626,0.08191481913859835,3.5265024108085568,0.32552180013310567,1.9339759478754608,0.10652374359612327,1.8466481877895728,0.3079176550960781,1.3945024348973265,0.04661679460553882,1.2374999267124824,0.46518514171682884,95,0.6384868421052632,0.856839258114374
165,3,1.0,0.0632674151219827,0.8485,0.00019999999999997797,12,0.125,4.084724553591771,0.08986876142473564,3.7637049896520076,0.3910326840517581,2.0661328932528558,0.11380297195431123,1.8715851150828315,0.4285144367480174,1.1802707518982358,0.03945524786711178,1.0591322584094498,0.44254576386977496,95,0.6477384868421052,0.8210499587380181
165,3,1.0,0.0632674151219827,0.8485,0.00019999999999997797,8,0.125,4.068887708618451,0.08952033214291874,3.7759920320592224,0.37335110460795456,1.8707983316754657,0.10304390911498838,1.7579100883522303,0.34656775185076333,1.4918404141392254,0.049870704008695865,1.3761394461871648,0.3862547231281737,95,0.6266858552631579,0.8442359425234565
166,3,1.0,0.062492343996292325,0.8283,-0.020199999999999996,17,0.125,3.971977179381221,0.08750951239811844,3.727340012915035,0.34620840623115556,2.2611920444998463,0.12527682471298357,2.061234880523639,0.41523276808385107,1.213055739528271,0.04086886211719559,1.2601352026213055,0.2656988151364188,95,0.6356085526315789,0.8873075430197955
166,3,1.0,0.062492343996292325,0.8283,-0.020199999999999996,4,0.125,4.107436170060194,0.0904939077480698,3.8284135658179115,0.362340002752648,2.006362156555748,0.1111584842202974,1.8834927533213874,0.3487357192517874,1.9705337610109612,0.06638892999867707,1.6881584448820477,0.5320009513820786,95,0.6439967105263158,0.8484867832971523
166,3,1.0,0.062492343996292325,0.8283,-0.020199999999999996,18,0.125,3.9243273884330776,0.08645970526594507,3.70667175728407,0.33100470255752074,1.898694343310464,0.10519336427395369,1.7841110335899006,0.35026292527260594,1.8296911826207711,0.06164382577230623,1.5233035780916007,0.5709474497874653,95,0.7368832236842106,0.9549690307460521
166,3,1.0,0.062492343996292325,0.8283,-0.020199999999999996,3,0.125,4.190883055972807,0.09233238666362384,3.825718697184213,0.41333990182617725,1.9772161239919357,0.1095437065540407,1.7721696084564158,0.44496225571330955,1.5349355545748753,0.05171326221422964,1.2620533186118583,0.5719345542570647,95,0.6703125,0.8260949576739051
166,3,1.0,0.062492343996292325,0.8283,-0.020199999999999996,6,0.125,4.2837138484608825,0.09437760923648564,3.9681035160913933,0.37858392846906563,2.198012157916771,0.1217764694043283,2.029720629758934,0.3841208291361357,1.5293673992904162,0.05152566640708545,1.5355090958545339,0.2510554745569835,95,0.5742598684210526,0.8791350422454532
166,3,1.0,0.062492343996292325,0.8283,-0.020199999999999996,9,0.125,3.799880323764089,0.08371792165120212,3.589926363760308,0.3319941991587288,1.8976422910262731,0.1051350774203819,1.7795125714814362,0.35450100829257347,1.4631479810589734,0.04929467883990724,1.4792092531328964,0.2501441783026306,95,0.64609375,0.8765353528925094
166,3,1.0,0.062492343996292325,0.8283,-0.020199999999999996,16,0.125,4.469109473012388,0.09846219481503982,4.087180054329983,0.4136755811857349,2.1112005690544473,0.11696684687473617,1.8747626503096857,0.46764888258090387,1.3319464123044402,0.044874388289141656,1.169561718567866,0.48980104366891125,95,0.6620476973684211,0.8574001614806533
166,3,1.0,0.062492343996292325,0.8283,-0.020199999999999996,0,0.125,3.5234921126047154,0.0776286123478408,3.382087678699791,0.30220033589593426,1.9329265591569988,0.10708993175683282,1.772326754000964,0.3995029555030264,2.4110292574628276,0.08122959157844727,1.961190859210165,0.6793756868386036,95,0.8153371710526316,0.9687830954662363
167,3,1.0,0.06171864447603126,0.8479,0.01959999999999995,4,0.125,3.9196507017571993,0.08646133226401975,3.6620632825939,0.3568615039486713,1.9408949424705562,0.1087391669999523,1.8092087713806608,0.366155385381863,2.096598512293673,0.07140089848616726,1.6745231218817078,0.6351376555510034,95,0.6465460526315789,0.8655558382091071
167,3,1.0,0.06171864447603126,0.8479,0.01959999999999995,0,0.125,3.352504944326915,0.07395098848432383,3.353268533820104,0.21705375647057096,1.8308746612905882,0.10257525082560133,1.8791701780353822,0.16307362106754728,2.045649841857202,0.06966581147522592,2.572321638706267,-0.43513198533570224,95,0.8305098684210527,0.9721754629171205
167,3,1.0,0.06171864447603126,0.8479,0.01959999999999995,12,0.125,3.9951611625874937,0.08812697431736151,3.729062637749666,0.3589055920459066,2.213024372053247,0.12398529230095781,2.004756017758081,0.42754338977413264,1.3561601317938035,0.04618483287735603,1.2937669736457256,0.40118330685365944,95,0.6506990131578947,0.8051816745655608
167,3,1.0,0.06171864447603126,0.8479,0.01959999999999995,17,0.125,3.834499837468301,0.08458303806638874,3.5474858809344534,0.37960373624348887,1.9122522216114644,0.1071344507741141,1.8250389566374294,0.31787812339575533,1.4009623185677735,0.04771059776321725,1.3235903011379133,0.4062729880844966,95,0.6192434210526315,0.8745019920318725
167,3,1.0,0.06171864447603126,0.8479,0.01959999999999995,10,0.125,4.7668246725658046,0.10514865818892281,4.286094295612875,0.46593100906305135,2.602597695862206,0.14581124371616766,2.2662815176747446,0.5421307457885034,2.0579558047165545,0.07008489829597062,1.584108284248368,0.6830386959889965,95,0.6778782894736842,0.9278781996845809
167,3,1.0,0.06171864447603126,0.8479,0.01959999999999995,6,0.125,4.053392835749464,0.0894114734793123,3.7604630653669306,0.373493597881769,2.042641180670909,0.11443952766615201,1.883247271961657,0.38746413976279886,1.8863430518599231,0.06424052481492537,1.3471635530857007,0.7503475772813442,95,0.5770559210526316,0.8594841100185264
167,3,1.0,0.06171864447603126,0.8479,0.01959999999999995,9,0.125,3.7126502176989105,0.081895227018225,3.500924684540608,0.3374639559634811,1.9187932616412937,0.10750091432069411,1.831502762517913,0.3172488727091738,1.3805848910810465,0.04701663245566902,1.0601162118767107,0.6407790322586691,95,0.6472450657894737,0.8672892446477353
167,3,1.0,0.06171864447603126,0.8479,0.01959999999999995,1,0.125,4.10890277927007,0.09063593556429872,3.7612703760289077,0.40573456994602275,2.211066011819774,0.12387557463627955,1.9142184265091908,0.5237832631567361,2.6292958585214166,0.08954222068917099,2.0347034046359482,0.7545667901550206,95,0.6369654605263158,0.9236330772706733
168,3,1.0,0.060946401406070654,0.8431,-0.0048000000000000265,4,0.125,3.8654871482710935,0.08539314082117742,3.6442171685488867,0.3347307933792419,1.9651635547095303,0.10981559307807255,1.7758510384944513,0.43243450159279695,1.5681578188964527,0.05436937166820936,1.5839017417175552,0.20655019305617692,95,0.655921052631579,0.8757522567703109
168,3,1.0,0.060946401406070654,0.8431,-0.0048000000000000265,3,0.125,4.078641542617215,0.09010197117421385,3.7310092186851946,0.4090875937997059,1.9443483686159946,0.1086524166084021,1.7706952393422484,0.41489053012818883,1.8605053327369367,0.06450530980194628,1.7149104714570722,0.38780536592925313,95,0.6780838815789474,0.8349402704505487
168,3,1.0,0.060946401406070654,0.8431,-0.0048000000000000265,15,0.125,4.233459161751457,0.09352207380170359,3.8990275955721265,0.3945367090063041,2.147340138667413,0.11999582950894265,2.0043395118469576,0.3593020473024911,1.9924464410823866,0.06907982078005526,2.0032675647493314,0.16480123229321958,95,0.557360197368421,0.7811877535964589
168,3,1.0,0.060946401406070654,0.8431,-0.0048000000000000265,18,0.125,4.060289008657434,0.08969654219288765,3.74340879865053,0.38973226317370485,2.150090694839063,0.12014953374214014,1.9266369905430645,0.4596749174693532,2.3146673014959056,0.08025149336808679,2.033647666368053,0.5230223996664686,95,0.7256578947368421,0.9495126926563917
168,3,1.0,0.060946401406070654,0.8431,-0.0048000000000000265,9,0.125,3.6185589602460033,0.07993820778843515,3.4658522347914444,0.3005762197616357,1.696574532399591,0.09480653049468604,1.6765117943938763,0.24289962345946417,1.3902362829160488,0.04820067997090003,1.2713690893618803,0.4165690204725892,95,0.6522203947368421,0.8690581263396797
168,3,1.0,0.060946401406070654,0.8431,-0.0048000000000000265,13,0.125,4.042407157820696,0.08930151115331278,3.6898684916197158,0.41372581995241053,1.8090387472436524,0.10109115979363814,1.6750926937006694,0.37851900886321377,1.4902772650186167,0.051669186311553206,1.2345049335391958,0.5666708839256238,95,0.6468338815789474,0.8563346258979085
168,3,1.0,0.060946401406070654,0.8431,-0.0048000000000000265,0,0.125,3.502990669955183,0.07738516882886166,3.3612470507746024,0.29943735989075043,2.032346041039107,0.11356982745874855,1.9111842726583737,0.3406673005436939,2.613783643760859,0.09062211256767924,2.4655261624291485,0.3380663455381976,95,0.8140625,0.9722699262551773
168,3,1.0,0.060946401406070654,0.8431,-0.0048000000000000265,1,0.125,3.71559460284049,0.0820818388431783,3.5139269142184277,0.3287329463856382,1.9875863866075538,0.1110686066389389,1.8808232698414384,0.3260601677582402,2.3234223517532113,0.08055503844223519,2.168267177454336,0.3634665293510032,95,0.6568256578947368,0.9206210091398522
169,3,1.0,0.060175699471565536,0.8484,0.005300000000000082,11,0.125,3.6287720404679433,0.08027392290291627,3.3914268197185558,0.3574200086566723,1.8490201878893002,0.10351168587317153,1.7405905531631143,0.34739955057010535,1.5160841099021285,0.05291421760825135,1.4122751733334056,0.363669653238928,95,0.79140625,0.9635267833948148
169,3,1.0,0.060175699471565536,0.8484,0.005300000000000082,13,0.125,3.8238834492224036,0.08459008220120473,3.6077104863611953,0.3336987214824489,1.7949591561562932,0.10048524593953594,1.6956744568961237,0.342922810625916,0.978898646423966,0.03416542370900798,0.9643357723241148,0.30832852124635485,95,0.6527960526315789,0.8393172083648274
169,3,1.0,0.060175699471565536,0.8484,0.005300000000000082,6,0.125,4.108311766270112,0.09088206652523234,3.80104338749844,0.3810299629056784,1.9437288723683437,0.10881365913526281,1.8136242800529054,0.3626973490536624,1.6226613487844685,0.05663396585537914,1.5750546870913753,0.25513410093122846,95,0.5744243421052632,0.870722977809592
169,3,1.0,0.060175699471565536,0.8484,0.005300000000000082,15,0.125,4.062106991888456,0.08985994707129678,3.8171078449348546,0.3421367015903186,2.001715286069901,0.11205984945773793,1.9049832849353028,0.3173445973945922,1.5628952657063853,0.05454801593681513,1.6884306499660549,-0.05964529703267783,95,0.5569901315789474,0.7818544219695851
169,3,1.0,0.060175699471565536,0.8484,0.005300000000000082,2,0.125,4.126946896837531,0.09129430378284245,3.7772589099886167,0.4077130470529779,2.1795394847769938,0.12201478814244147,1.951296238022717,0.4544108429054331,1.5669675537550802,0.054690146531394104,1.481214716257564,0.32725395547186986,95,0.5798930921052632,0.7426788626533362
169,3,1.0,0.060175699471565536,0.8484,0.005300000000000082,5,0.125,4.068479284957628,0.0900009118265487,3.734710733520826,0.3997973948573337,1.978834484686507,0.11077893844290043,1.7301989635204156,0.4939429491593412,1.4628748812948205,0.051057114375716285,1.3806113415704233,0.3335406967848595,95,0.6746299342105263,0.8593283354665692
169,3,1.0,0.060175699471565536,0.8484,0.005300000000000082,0,0.125,3.395999644476047,0.07512464563738404,3.272240751001857,0.29493499934167305,2.0808538559391936,0.11649017793030769,1.896010510689212,0.41319639679076575,2.578015715325059,0.08997764943727837,2.2966014208611925,0.5887594738002285,95,0.8102384868421053,0.972849530575996
169,3,1.0,0.060175699471565536,0.8484,0.005300000000000082,12,0.125,4.079066888990276,0.09023512563231142,3.7757845778306645,0.37962338350473374,1.9979383536032551,0.11184840955588488,1.7704535880503334,0.46878323602074284,1.3276776068864207,0.04633847248021462,1.1246639688938622,0.547442487865958,95,0.6484786184210526,0.828989918204299
170,3,1.0,0.05940662318866806,0.8499,0.0014999999999999458,9,0.125,3.6799866847397933,0.08152047257053363,3.4613053154382047,0.3430130759095682,1.7924391844370786,0.10164255722270668,1.5798353480691523,0.47573923721225864,1.3562356583605237,0.04737761300837132,1.2387894053999402,0.41049290906640823,95,0.6446546052631579,0.8671386656461283
170,3,1.0,0.05940662318866806,0.8499,0.0014999999999999458,8,0.125,3.998922146505376,0.08858565290676902,3.6953353493879666,0.3828652539787431,1.8010734985115064,0.10213217704914697,1.7165404305437075,0.31850547795107825,1.3658126203807885,0.047712166666207215,1.1683722133426977,0.5215116194196288,95,0.6033717105263158,0.8168188632956249
170,3,1.0,0.05940662318866806,0.8499,0.0014999999999999458,1,0.125,3.900401146560218,0.08640317803343434,3.6495937357430615,0.35317174827054276,2.117828833452487,0.12009419357772862,1.9115217152058095,0.43854925681259616,2.578202563344781,0.09006479261207384,2.3036904699967544,0.5353588387765099,95,0.6596628289473684,0.9158511500342829
170,3,1.0,0.05940662318866806,0.8499,0.0014999999999999458,17,0.125,3.81404001020009,0.08449007310916917,3.5462869313410827,0.36819118259684186,1.8560257780351972,0.10524831636617436,1.7226482224492505,0.37356414594641585,1.1661823628154917,0.04073844861847252,1.136381201575804,0.31631710737573115,95,0.628125,0.881120712228332
170,3,1.0,0.05940662318866806,0.8499,0.0014999999999999458,7,0.125,4.24711877296032,0.0940837995068429,3.860311131300378,0.4258924597685378,1.9703540809669662,0.11173144905698684,1.8301691668812854,0.37060973255534657,1.356509798029404,0.04738718957647171,1.3279293848602285,0.2766871958754778,95,0.6958059210526316,0.9147263916794706
170,3,1.0,0.05940662318866806,0.8499,0.0014999999999999458,18,0.125,3.762123133054066,0.08333999058933814,3.542548945046578,0.33942284615333645,1.9352578099106155,0.10974127010412654,1.822497218286762,0.33985280770791687,1.8660500364904455,0.06518704617306267,1.7380675723229497,0.36504767760121987,95,0.7525082236842106,0.9567236763018414
170,3,1.0,0.05940662318866806,0.8499,0.0014999999999999458,13,0.125,3.727537389887509,0.08257383397827414,3.482612687993266,0.35766180022676547,1.8586669250171952,0.10539808598490517,1.6979714569862399,0.40674945085251796,1.333404279597985,0.046580040535777065,1.1846217674550845,0.45919629685143126,95,0.6740131578947368,0.8562713518789653
170,3,1.0,0.05940662318866806,0.8499,0.0014999999999999458,3,0.125,3.9176771416380194,0.08678588248416204,3.6083363880178663,0.3901164261652636,1.8577962485342245,0.1053487131609839,1.667705520337165,0.44225035274718766,1.3594353422537293,0.047489388114937,1.3466290128808862,0.2514778346693258,95,0.6874588815789474,0.842036006938214
171,3,1.0,0.0586392568952593,0.8413,-0.008599999999999941,9,0.125,3.6767109051273605,0.08153026974129225,3.484907406684516,0.32248916340919165,1.782613697289464,0.10071813859318471,1.722406886183997,0.2895781854772084,1.3250044041540125,0.04663579119442404,1.1465286027581474,0.5046945210082651,95,0.6672286184210526,0.8726813335798361
171,3,1.0,0.0586392568952593,0.8413,-0.008599999999999941,12,0.125,3.9690181252914734,0.08801211917744799,3.6744314130685045,0.3797541756031044,2.0595692687460208,0.11636620057797188,1.8203807043104148,0.4822144359744109,1.2501746207816418,0.04400202926764313,1.2467810517573525,0.3031778845218332,95,0.6615542763157894,0.8193175461495432
171,3,1.0,0.0586392568952593,0.8413,-0.008599999999999941,18,0.125,3.6728519977828475,0.08144469930488235,3.505326116530777,0.30576844676028436,1.7862048594751507,0.10092104019282942,1.6146867938873477,0.4276370008427926,1.8301752188921616,0.06441614011989598,1.721729820228024,0.3449271460056525,95,0.7424753289473685,0.9508223957468018
171,3,1.0,0.0586392568952593,0.8413,-0.008599999999999941,11,0.125,3.5695946374741006,0.07915498965515008,3.3706075673610187,0.3329242709836648,1.844376762900185,0.10420776790074547,1.7350994495616867,0.344845903302568,1.833532785981934,0.06453431542348667,1.6630826818487858,0.42128410206991596,95,0.7926809210526315,0.9622367465504721
171,3,1.0,0.0586392568952593,0.8413,-0.008599999999999941,15,0.125,4.099537139721365,0.0909063501157567,3.825377950164377,0.3606092178699774,2.0452165177050503,0.11555526640264493,1.9058466134822525,0.36285916955886655,1.9786758490773086,0.06964287322345623,1.9371417361360268,0.24372702217044157,95,0.562171052631579,0.8039057928613225
171,3,1.0,0.0586392568952593,0.8413,-0.008599999999999941,1,0.125,3.753683871931146,0.08323712864541455,3.549559661180656,0.3273051597806005,1.937633314293304,0.10947678736481471,1.9079117306060818,0.2332031710822143,2.267184746921076,0.07979743623878899,2.1649816379473608,0.2984636854019532,95,0.6641036184210526,0.9187047241656864
171,3,1.0,0.0586392568952593,0.8413,-0.008599999999999941,0,0.125,3.5587161537729077,0.07891376163004275,3.3661331794007823,0.32906392363837333,2.0535939454214365,0.1160285932524702,1.8881784675656819,0.3942143209300251,2.806952395418827,0.09879547976976011,2.6128674285332365,0.38394610889632036,95,0.8079358552631579,0.9720087536261387
171,3,1.0,0.0586392568952593,0.8413,-0.008599999999999941,19,0.125,4.5941976856305295,0.10187534081940629,4.171329254890756,0.4440600627654091,2.424244972803432,0.1369704729218174,2.1880221096158383,0.45398488858303554,2.279742707876467,0.08023943510543975,1.9583177007875276,0.5638826548839154,95,0.6181743421052631,0.8955700412398563
172,3,1.0,0.057873684741700834,0.8415,0.00019999999999997797,0,0.125,3.2810257864094297,0.07286089656219047,3.1088809425741935,0.3315872950582472,1.8670207503265932,0.10567544701816542,1.6416244740010804,0.48190043660621457,2.5280866646924163,0.09049617865385974,2.0518168006970754,0.7547564575670592,95,0.816077302631579,0.9728926286088577
172,3,1.0,0.057873684741700834,0.8415,0.00019999999999997797,14,0.125,3.9471588609158865,0.08765354258140474,3.6183585259704745,0.4032583257944308,2.2115378221896163,0.1251754957284681,2.010016207862879,0.42457503650787354,2.2839254790895405,0.08175610871035392,1.8065550992848798,0.7639486113616971,95,0.6566200657894737,0.8497714321497902
172,3,1.0,0.057873684741700834,0.8415,0.00019999999999997797,13,0.125,3.7193054525174,0.08259366048921536,3.4620551602127287,0.36547431284589893,1.8787757552707278,0.1063407933470452,1.7926720040295132,0.3133362528721477,1.2586480020151782,0.04505495639982237,1.4549102550042665,-0.02417712750814841,95,0.6664884868421053,0.8506385341476957
172,3,1.0,0.057873684741700834,0.8415,0.00019999999999997797,15,0.125,3.893174694227567,0.08645473006326904,3.709441057483878,0.30713483468961417,2.087677705476746,0.11816487562739793,2.050890293993053,0.23055078165082074,1.8622916098961435,0.06666317123873203,2.216603932503803,-0.3663944386681368,95,0.5635690789473684,0.7930833211732088
172,3,1.0,0.057873684741700834,0.8415,0.00019999999999997797,11,0.125,3.347694164938672,0.07434138411340348,3.134597369006513,0.35549894644655994,1.6820021883386724,0.09520319102352182,1.5240453812728478,0.4241180027453225,1.7559861852099612,0.06285782910444818,1.4342284306682525,0.6168670143344284,95,0.7972450657894737,0.9606993656196813
172,3,1.0,0.057873684741700834,0.8415,0.00019999999999997797,4,0.125,3.8253459467978668,0.08494847449804635,3.57880020773474,0.35326021631191046,1.8948569755422073,0.1072510082659147,1.6832679035277085,0.4631533977592299,1.6566504619099742,0.059301976574543024,1.6367423111392994,0.2395329840235601,95,0.647203947368421,0.8599110546378653
172,3,1.0,0.057873684741700834,0.8415,0.00019999999999997797,5,0.125,3.7640931705507144,0.08358824983514458,3.5048581634466025,0.3646906178751345,1.946817249264578,0.1101920174388643,1.8256445168234892,0.34983649201464756,1.3801956329036347,0.04940591330072966,1.4196630061514957,0.1963889207533847,95,0.67421875,0.853326828078307
172,3,1.0,0.057873684741700834,0.8415,0.00019999999999997797,16,0.125,4.304872503803419,0.09559719753263117,3.909296222417641,0.4339978485797892,2.10537890174249,0.11916678298585205,1.8984964566230556,0.43901143991841074,1.3555038818540421,0.04852203967983367,1.02730951418159,0.6703018910782942,95,0.6342516447368421,0.8305348460291734
173,3,1.0,0.057109990681606444,0.8424,0.0009000000000000119,0,0.125,3.1217007297363573,0.06942670417471432,3.0150379902087208,0.2922561015204083,1.7836215477081883,0.10155859514715156,1.6706071974568126,0.3522638976890882,1.9420458067750777,0.06970235298614072,1.8235073227390608,0.352157479953533,95,0.8340871710526315,0.9708651713088489
173,3,1.0,0.057109990681606444,0.8424,0.0009000000000000119,15,0.125,3.837705431030298,0.0853506670680559,3.630976756519855,0.32459677775031753,2.0892315131389245,0.11895988680119982,1.9852779992579375,0.3121686021995769,2.1946501427788645,0.07876862553879677,2.185625595180084,0.13925947096514144,95,0.5756990131578947,0.8219412899078637
173,3,1.0,0.057109990681606444,0.8424,0.0009000000000000119,7,0.125,3.7335890051064324,0.08303511508913342,3.447804807400975,0.38468056624357194,1.8277833002783967,0.10407314514013037,1.657328898226487,0.4239704935441123,1.087993463855501,0.03904939018415911,1.0141993005695327,0.3797010199818576,95,0.7088815789473685,0.9197795823665893
173,3,1.0,0.057109990681606444,0.8424,0.0009000000000000119,18,0.125,3.6960611016947897,0.08220049355618544,3.467725606367412,0.346341209151273,1.8982442888551108,0.10808516160277368,1.8018020222054218,0.318274815998585,1.6900190439861578,0.06065681022881574,1.5598353788742478,0.39186254988442304,95,0.7631990131578947,0.9546360648671947
173,3,1.0,0.057109990681606444,0.8424,0.0009000000000000119,17,0.125,3.7405583990999522,0.08319011459003241,3.4243512960394304,0.4053337128911844,1.9201394653727912,0.10933186293943993,1.7834107338075496,0.3707095568635678,1.335483592189482,0.04793210769037823,1.2918878986935807,0.2810766920172611,95,0.5965460526315789,0.847808105872622
173,3,1.0,0.057109990681606444,0.8424,0.0009000000000000119,4,0.125,3.7600193806146875,0.08362292731730726,3.516542815613145,0.35399953261205325,1.9092077991397995,0.10870941886397632,1.7954815619996385,0.34075941737887755,1.652228636519781,0.059300467185040895,1.545838076394157,0.3542093676583092,95,0.6623766447368421,0.8730523309950959
173,3,1.0,0.057109990681606444,0.8424,0.0009000000000000119,2,0.125,4.258251246484017,0.0947036167737393,3.879352294853453,0.4280331618357278,2.132277227512247,0.12141089008969307,1.8764085722825579,0.5091533303172712,1.4483420841270327,0.05198273431054926,1.3225842086279194,0.40935048256867423,95,0.5713815789473684,0.7629533678756477
173,3,1.0,0.057109990681606444,0.8424,0.0009000000000000119,14,0.125,3.486596815667786,0.07754200247065697,3.3056396839987467,0.3234336291584571,1.8463114837445282,0.10512813143241129,1.8076863023332037,0.243124255663453,1.6068207918517114,0.05767072518495418,1.4614756694093125,0.42539471229676606,95,0.6736019736842105,0.8819435966304481
174,3,1.0,0.05634825846263591,0.8496,0.007199999999999984,14,0.125,3.442169780175149,0.07665688316213784,3.3498449862416133,0.27622197090806927,1.8638578395066694,0.10660619413879314,1.8632982120864459,0.22454566624093478,1.85245072704302,0.0669528209824105,2.0989207756853334,-0.1189104163984047,95,0.6903371710526316,0.8834355828220859
174,3,1.0,0.05634825846263591,0.8496,0.007199999999999984,6,0.125,4.260479846614955,0.09488059179927705,3.8157679369144946,0.45870940903718904,2.186573640033837,0.12506441694604398,1.9449891196191147,0.46432298101208325,1.6999530682574489,0.061441123262274626,1.4556904037136944,0.5192791192693883,95,0.5589638157894737,0.8725172870383993
174,3,1.0,0.05634825846263591,0.8496,0.007199999999999984,8,0.125,4.085348714820833,0.09098043359519455,3.755536577869706,0.3950515492758749,2.0107131461465584,0.11500580756323102,1.8139797783046236,0.43172937545236784,1.5281266711383559,0.05523083014169542,1.240164418524272,0.5885727449783057,95,0.5971628289473684,0.8213867658197342
174,3,1.0,0.05634825846263591,0.8496,0.007199999999999984,1,0.125,4.110403691134819,0.09153840618649237,3.7763134942653465,0.39666698247109305,2.380613535439207,0.13616282494787485,2.1356437356845044,0.4537138291906675,2.920953042458193,0.10557152387092292,2.428691686374896,0.7053604541245734,95,0.6426809210526315,0.9222648752399232
174,3,1.0,0.05634825846263591,0.8496,0.007199999999999984,9,0.125,3.5559747319963972,0.07919131157565736,3.3895563196396408,0.31771985985846424,1.7637307730430332,0.10087927373761302,1.5930541435227135,0.43120417574791936,1.2623880840739545,0.0456262842349646,1.0365838810529486,0.5732222933147642,95,0.6592927631578948,0.856804290881876
174,3,1.0,0.05634825846263591,0.8496,0.007199999999999984,16,0.125,4.321440550552422,0.09623818246378468,3.9198408448286295,0.4301561320093403,2.115946084387336,0.12102476609435016,1.8492957810446191,0.49658717847342754,1.317067806011841,0.04760256440308498,1.2441912474516288,0.38983693638542705,95,0.6074835526315789,0.8223906863408691
174,3,1.0,0.05634825846263591,0.8496,0.007199999999999984,2,0.125,3.703149284868307,0.08246887869884784,3.5113170558346334,0.3259438029628685,1.9301048106952854,0.11039529077585743,1.8374187911072306,0.3245864537231943,1.3638317090460677,0.04929274443464091,1.032409146606209,0.6580872009035097,95,0.6032072368421053,0.7755282890252215
174,3,1.0,0.05634825846263591,0.8496,0.007199999999999984,12,0.125,3.8823297465200586,0.08645921519906466,3.592734988151728,0.37897776124969756,1.8499439215665416,0.10581036636388672,1.6398325273456535,0.46302964501651206,1.1124905266848082,0.040208561550595975,0.9804458953096816,0.5125029652273541,95,0.6548930921052631,0.8218120173290638
175,3,1.0,0.05558857161731095,0.8464,-0.0031999999999999806,3,0.125,3.6286406028481166,0.08091116447981149,3.371097961470476,0.37031802062421937,1.7308950846876798,0.09994989518005343,1.5837250322615273,0.40938564047633674,1.3111778385092627,0.04813470293134643,1.247787017521974,0.3428398414723348,95,0.6802631578947368,0.8374637330754352
175,3,1.0,0.05558857161731095,0.8464,-0.0031999999999999806,18,0.125,3.764303172365167,0.08393615859670815,3.547915161478047,0.33602519208972315,1.9129514210000902,0.11046267084870312,1.8444983277390998,0.29764781254170614,2.2067547814549098,0.0810122644907028,2.0627212855103663,0.36171998166379277,95,0.7501233552631579,0.9515430576111386
175,3,1.0,0.05558857161731095,0.8464,-0.0031999999999999806,10,0.125,4.1838548068185695,0.09329129045418351,3.8301589142809638,0.40938165842868496,2.104964744483513,0.12155040905139419,1.8187345072119547,0.5188312776781667,1.534028156570457,0.05631577001697341,1.3243668224878522,0.5124881970378655,95,0.6940378289473684,0.9219740505954144
175,3,1.0,0.05558857161731095,0.8464,-0.0031999999999999806,19,0.125,3.779102065269155,0.08426614323528984,3.5130643186855433,0.3685650842289584,1.9953852800109455,0.11522278348655775,1.757031369996519,0.4781363563981542,1.9057930728501096,0.06996364697145531,1.8137864561767745,0.30862318229695007,95,0.6704358552631579,0.9140141061024226
175,3,1.0,0.05558857161731095,0.8464,-0.0031999999999999806,7,0.125,3.8783517990186724,0.08647920658625428,3.5591701550236805,0.39915124147281533,1.8950425905831585,0.1094285320734505,1.6597812674823038,0.4849476038301242,1.6977916484905575,0.06232769822614463,1.483428332564035,0.5005465359674353,95,0.7018092105263158,0.9050269510194516
175,3,1.0,0.05558857161731095,0.8464,-0.0031999999999999806,12,0.125,3.551123111605587,0.07918268509305057,3.362030609913756,0.32849408846374434,1.6686346620608945,0.09635469014974053,1.5543597475398783,0.3814238089334728,1.1120466737113952,0.04082439064539741,1.0032008643657058,0.4513434891539638,95,0.6723273026315789,0.830102134426029
175,3,1.0,0.05558857161731095,0.8464,-0.0031999999999999806,15,0.125,3.933654731321163,0.087712347352036,3.6344378321767916,0.38359055785647905,2.020450339734362,0.11667015607095058,1.7903233054401202,0.46699334147711863,2.0464519148697664,0.07512737943888409,1.988530622887799,0.24656918308418282,95,0.5523848684210526,0.7567366383802293
175,3,1.0,0.05558857161731095,0.8464,-0.0031999999999999806,9,0.125,3.6340269383859707,0.08103126859822561,3.4172511609498617,0.34278309335115004,1.7726123370803635,0.1023588424586812,1.5807462303677298,0.4527389353603804,1.273676238788883,0.046757980179501356,1.056167904500886,0.561288311313492,95,0.6511924342105263,0.8696722864178822
176,3,1.0,0.0548310134538551,0.8539,0.007499999999999951,8,0.125,3.736304953291567,0.08338954539765028,3.4562791348239768,0.38069964072339446,1.8154679620739114,0.10495311835681946,1.6427667675312023,0.42641268855737363,1.3305021259512961,0.04942549075474968,1.1459893484294086,0.5221033653647635,95,0.6133223684210526,0.8351434700992223
176,3,1.0,0.0548310134538551,0.8539,0.007499999999999951,18,0.125,3.4438836345546897,0.07686307576016331,3.275107082814826,0.31672017746025904,1.7382581933849528,0.10048958269505105,1.571454252770854,0.42752767573522743,1.6357949851962146,0.060766509380565215,1.6246895925655334,0.18411904905421556,95,0.7428453947368421,0.9560500387468173
176,3,1.0,0.0548310134538551,0.8539,0.007499999999999951,17,0.125,3.5836177583044755,0.0799817625915924,3.373659696967938,0.3387285636191383,1.8112894133019897,0.10471155434523632,1.7117434183145563,0.334024729126984,1.0983517196497041,0.04080156784882662,0.9568596056867121,0.49098587571027724,95,0.6102796052631579,0.8614068184880744
176,3,1.0,0.0548310134538551,0.8539,0.007499999999999951,1,0.125,3.724844673362649,0.08313376661477541,3.4841619298730095,0.35364165611900883,1.926554400203028,0.11137508136159983,1.8270799171296526,0.3221183940099806,2.237089670298715,0.0831034033394266,2.2530100713319925,0.08960955679790027,95,0.6512746710526316,0.9249952648525791
176,3,1.0,0.0548310134538551,0.8539,0.007499999999999951,2,0.125,3.760542406509613,0.08393049433803833,3.491998486131551,0.3715836106594388,1.8396805735665709,0.10635286163668095,1.7161284582556433,0.3619165773187422,1.677726779095756,0.06232419159037757,1.4610964097149308,0.5383663875028762,95,0.6038240131578947,0.7885597548518897
176,3,1.0,0.0548310134538551,0.8539,0.007499999999999951,6,0.125,3.7979661288765376,0.08476574393202997,3.483555081798106,0.40183313721852626,1.8097464333658593,0.10462235389706433,1.6424886588173602,0.42024484984754906,1.472807563997547,0.054711852929839544,1.3405991607403274,0.4176901240005885,95,0.5912828947368421,0.8770514603616133
176,3,1.0,0.0548310134538551,0.8539,0.007499999999999951,12,0.125,3.515989180355104,0.07847237927262123,3.3219442783832736,0.3308955573418438,1.7775763463316527,0.10276258494350303,1.631445227393149,0.3972669293174449,1.0810998777659,0.04016069645531366,1.1136557075563258,0.1854543116576983,95,0.6751233552631579,0.8389670503684755
176,3,1.0,0.0548310134538551,0.8539,0.007499999999999951,16,0.125,3.9020812743818714,0.08708946074884154,3.612592492764488,0.3801040500469332,1.930493530104033,0.11160280444752572,1.692663857153216,0.4949779270564158,1.403086801272579,0.052121866152469186,1.1725644766340941,0.5862773366949492,95,0.6257401315789474,0.8315153108161388
177,3,1.0,0.054075667047057796,0.8413,-0.012599999999999945,12,0.125,3.483325663986381,0.0778487138411172,3.2746885263715417,0.3425583218196472,1.6852597956588502,0.09780905840179813,1.5286429999644147,0.42123462915326837,1.1923438576688012,0.04461615492471564,0.9667506428265429,0.5861816427580371,95,0.6766447368421052,0.8468035974720467
177,3,1.0,0.054075667047057796,0.8413,-0.012599999999999945,4,0.125,3.7224281721638537,0.08319240677521382,3.4061211443650596,0.4071177434428428,1.790433499556347,0.10391312673200001,1.554108316007993,0.5056686277858015,1.7050997793093674,0.06380289999941999,1.4267072509041996,0.5630713579801323,95,0.6480263157894737,0.864022842639594
177,3,1.0,0.054075667047057796,0.8413,-0.012599999999999945,0,0.125,3.400235009023278,0.07599172392829609,3.163014597521093,0.3674142682223185,1.932007536858347,0.11212979654060724,1.6848280875459165,0.5051335241009856,2.386464076798052,0.08929877928072157,2.0252945033404948,0.6075072990490464,95,0.8152960526315789,0.9728162194875933
177,3,1.0,0.054075667047057796,0.8413,-0.012599999999999945,13,0.125,3.7304152226439786,0.0833709090650486,3.4536805919070095,0.3789759567460301,1.700114712046113,0.0986712076017128,1.5578713478353992,0.4015622379829935,1.3248647191147511,0.04957493526899416,1.3811103549810455,0.20005724594831206,95,0.6428042763157895,0.855114181539052
177,3,1.0,0.054075667047057796,0.8413,-0.012599999999999945,7,0.125,3.7734873899659322,0.08433352730744575,3.449752238996903,0.4100594967663915,1.744218563423044,0.1012309056293893,1.5600529431736976,0.4480616426837611,1.3325365149442339,0.0498620051684007,1.1219709149960428,0.5396676722256141,95,0.709375,0.906909343844192
177,3,1.0,0.054075667047057796,0.8413,-0.012599999999999945,16,0.125,3.7718110827854545,0.08429606358151509,3.521940591102897,0.3580717971002264,1.8828248808184787,0.10927533499743707,1.7605595524725945,0.356095975070788,1.469189406123763,0.054975401379202274,1.1243136735016073,0.663908678164518,95,0.6645970394736842,0.8530594567840128
177,3,1.0,0.054075667047057796,0.8413,-0.012599999999999945,9,0.125,3.4842543801706927,0.0778694696840806,3.242133612524768,0.36639885586424686,1.691079463113936,0.0981468200902095,1.5338944657953133,0.42122114735540483,1.2690003459291466,0.047484553779803484,1.1456424951756017,0.4495748507331536,95,0.6451069078947368,0.8667219070686468
177,3,1.0,0.054075667047057796,0.8413,-0.012599999999999945,6,0.125,3.4318245425741694,0.0766977172217751,3.3208582892505394,0.2742758511331626,1.5733860644268782,0.09131613408242507,1.5410753946239029,0.27688181817899005,1.7131054260587302,0.06410246222163032,1.7613225336396212,0.1486457573833203,95,0.6119654605263158,0.8869851508432439
178,3,1.0,0.05332261522916461,0.8507,0.009399999999999964,18,0.125,3.6225085237092904,0.08105189383377236,3.3279682425489194,0.3961369721990248,1.7193129521353774,0.10005608273108858,1.473202065952469,0.5236460805560917,1.7418367652610875,0.06590167283555141,1.5133241909226374,0.5428677257182432,95,0.7429276315789474,0.9520699579366836
178,3,1.0,0.05332261522916461,0.8507,0.009399999999999964,13,0.125,3.6424061848617244,0.0814970944754581,3.4160148661372522,0.34743927707763606,1.8292061379535396,0.10645135921530781,1.6493962667051754,0.43321601776520474,1.365776989257109,0.05167360691164139,1.3470972517039692,0.23750059842810334,95,0.6793996710526315,0.85462688373782
178,3,1.0,0.05332261522916461,0.8507,0.009399999999999964,5,0.125,3.9771373020507865,0.08898654296003677,3.5945372022925732,0.4414260621398008,2.0159010235468835,0.1173161403450017,1.8198800302660738,0.4353106443953114,1.5316158587609225,0.057948051876534436,1.2586976638789145,0.6277250023457377,95,0.679358552631579,0.8597627405883065
178,3,1.0,0.05332261522916461,0.8507,0.009399999999999964,19,0.125,3.868616799124087,0.08655844866448605,3.6480337733826675,0.33298290702557193,1.995697898788973,0.11614041167984311,1.8863120818199977,0.3293190231160001,2.049703608422359,0.07754968737949003,2.1568443363382985,-0.06096021009232851,95,0.6714638157894737,0.9036129822412737
178,3,1.0,0.05332261522916461,0.8507,0.009399999999999964,17,0.125,3.6365893777749525,0.08136694620186181,3.3839371307500006,0.3662330608729211,1.8710693833238201,0.10888760698332371,1.6622301454910196,0.46396807805043244,1.3011967565358724,0.04923024054498833,1.1244503999326394,0.5096674026748794,95,0.6278371710526316,0.8789049708559827
178,3,1.0,0.05332261522916461,0.8507,0.009399999999999964,12,0.125,3.471071264497624,0.07766355766402523,3.295095893321376,0.3203177486178558,1.565598318620235,0.09111060013650446,1.4830774944923697,0.34537098506236397,1.0631512086762192,0.04022388580045805,1.0289263097823025,0.32274433657366197,95,0.6686677631578948,0.8165662280162341
178,3,1.0,0.05332261522916461,0.8507,0.009399999999999964,14,0.125,3.6983929222575607,0.08274977091936611,3.4052373596765264,0.3916074437178902,1.9027023183718366,0.11072849788236597,1.7406211474460058,0.4041075022989565,1.764234640676774,0.06674908717844177,1.6797977315906132,0.30584013947123995,95,0.6524671052631579,0.8409377363246786
178,3,1.0,0.05332261522916461,0.8507,0.009399999999999964,0,0.125,3.095503640897104,0.06926041190018813,2.96307727789968,0.31184468078703714,1.6923162867297663,0.09848500133841222,1.6183563259228304,0.3168359909072898,2.126057762049885,0.08043851516883939,1.9815268872245058,0.38145877559177815,95,0.8298108552631579,0.9734899162578663
179,3,1.0,0.0525719405807935,0.8421,-0.008600000000000052,7,0.125,3.470546529721112,0.07774660313034198,3.278259927741457,0.3324454685245529,1.738237106676789,0.10220411155196592,1.7003090338862925,0.2732996258435932,1.2905936968596021,0.048420138214946014,1.5269803520137633,0.1073439194129052,95,0.738610197368421,0.9205589266826254
179,3,1.0,0.0525719405807935,0.8421,-0.008600000000000052,6,0.125,3.5771511909763403,0.08013474292892316,3.3517827002999323,0.3501286466833886,1.8700646347106087,0.10995524937374852,1.655483450484103,0.4676340128261588,1.5775847431857766,0.05918738910372595,1.0334237715275103,0.7722716399474912,95,0.5875,0.8777995520716685
179,3,1.0,0.0525719405807935,0.8421,-0.008600000000000052,19,0.125,3.68027028709394,0.08244479968003056,3.3486553857916874,0.41851016277791614,1.9246312947205326,0.1131636361842997,1.65483838792486,0.5237228299903711,2.091435782925827,0.07846591062963235,1.4014340138681316,0.8272790428604916,95,0.6612253289473684,0.9058516261426528
179,3,1.0,0.0525719405807935,0.8421,-0.008600000000000052,4,0.125,3.7259553158766776,0.08346822805690213,3.403798786710628,0.40996546871919914,1.734033724174218,0.1019569628905214,1.6291784563908305,0.3557269678786415,2.0438069704483857,0.07667898598496446,1.5020520976857827,0.7227338038170202,95,0.6337171052631579,0.8630288087204776
179,3,1.0,0.0525719405807935,0.8421,-0.008600000000000052,9,0.125,3.4266063585373483,0.07676226276168602,3.1829173084828026,0.3708715436714841,1.7358550831876423,0.10206405436789763,1.505519647382784,0.5001463159005715,1.430205400979965,0.05365805160812409,0.9299743108251808,0.7649614929084535,95,0.6485608552631579,0.851011221707982
179,3,1.0,0.0525719405807935,0.8421,-0.008600000000000052,17,0.125,3.507774717205486,0.07858058276231718,3.2746119341245183,0.3591687352244388,1.7319787927239407,0.10183613792229983,1.5336394154347563,0.4648338142386839,1.1047040791539176,0.0414459828289912,0.9835735171009384,0.5558470821511159,95,0.6453536184210527,0.8871615164064989
179,3,1.0,0.0525719405807935,0.8421,-0.008600000000000052,13,0.125,3.518888173304252,0.07882954454782208,3.2626159438598203,0.37467107818333634,1.6523677117948263,0.09715520011191818,1.4144779470498068,0.5188403655304791,1.49659676094836,0.056148904332548655,1.1130321139091117,0.6689071431329734,95,0.6549753289473684,0.8412957498901374
179,3,1.0,0.0525719405807935,0.8421,-0.008600000000000052,3,0.125,3.6732236188277168,0.08228694139563832,3.4080631157556387,0.3731613105920525,1.7589449030733042,0.10342167958383877,1.5841310020505297,0.4347533875875209,1.1905440789199813,0.044666504255027495,1.2114248894466426,0.38403463233730206,95,0.6905016447368421,0.8415411183231108
180,3,1.0,0.051823725421878956,0.8337,-0.008399999999999963,1,0.125,3.7341725728366524,0.08375646034135742,3.485769965058253,0.3591974913805006,1.9303966662912107,0.11370380972710387,1.8518686906606097,0.2935344037169857,2.1886039727914133,0.08417088870611603,2.0207416551855784,0.4580442172566176,95,0.6537828947368421,0.9125786163522013
180,3,1.0,0.051823725421878956,0.8337,-0.008399999999999963,10,0.125,4.148538384932485,0.09305057115993023,3.702015866776547,0.4689914965069143,2.1163408585338184,0.12465625459183408,1.8147685229766606,0.5585782806208109,1.3432700811505172,0.05166043647383588,1.1654657750116582,0.5337463216995256,95,0.6993009868421053,0.9328511789263244
180,3,1.0,0.051823725421878956,0.8337,-0.008399999999999963,15,0.125,4.092981945259887,0.09180445554920735,3.7029646165485857,0.435263167355362,2.020058553635801,0.11898505495324142,1.8434701929281592,0.4126174301261985,1.7812542921606414,0.06850474487237623,1.5453435723057298,0.6108985412014073,95,0.5414884868421053,0.7582200622674463
180,3,1.0,0.051823725421878956,0.8337,-0.008399999999999963,2,0.125,3.7548171055235047,0.08421951151254063,3.4343450049208677,0.4052126039708005,1.797737899228165,0.10588997152889115,1.697628741195126,0.3355812984633512,1.2622860933414664,0.048545896653203496,1.1497536389176006,0.4163765989493978,95,0.6074013157894737,0.7852017330083942
180,3,1.0,0.051823725421878956,0.8337,-0.008399999999999963,11,0.125,3.4142849022510426,0.07658146816504784,3.2686269807442465,0.3080700376155423,1.8627092905978102,0.10971690246541863,1.7958326050691569,0.2847346248053035,1.8033436334288675,0.06935427247471715,1.9062051871900263,-0.10538296295638601,95,0.801110197368421,0.9603757121593184
180,3,1.0,0.051823725421878956,0.8337,-0.008399999999999963,19,0.125,3.3914616514557574,0.07606954894792284,3.2469792083633657,0.3086568329214108,1.5841226269687676,0.09330765065364266,1.52065074384276,0.3139905028122424,1.5874943228507867,0.06105298611874513,1.5053802943783332,0.31902295949455434,95,0.6875822368421053,0.9203444564047363
180,3,1.0,0.051823725421878956,0.8337,-0.008399999999999963,12,0.125,3.619795001105351,0.0811910029706028,3.347717788559054,0.3805184062632463,1.8712044410639403,0.11021728199314532,1.6439539817883755,0.48859583847082394,1.1751125134868927,0.04519331309799109,1.2122009573725328,0.11155443274269916,95,0.6646792763157895,0.817445097432725
180,3,1.0,0.051823725421878956,0.8337,-0.008399999999999963,18,0.125,3.7087340277717766,0.08318588079547169,3.489349254699759,0.34126414654042203,2.0001350167894802,0.11781152306613069,1.8942616846854448,0.32323354720718,1.7365768919715316,0.06678650962938713,1.8284287417572154,-0.07528260032920445,95,0.7465460526315789,0.9511456267900419
181,3,1.0,0.05107805180264475,0.8411,0.007399999999999962,14,0.125,3.6236387675474266,0.081372932922927,3.259422699656634,0.4434703916350022,2.13371149398611,0.12588485948580183,1.6935493116498805,0.6558414137451712,2.2956264255627654,0.08856467532753995,1.299496472472371,0.8807593634142279,95,0.6646381578947368,0.8904355357584757
181,3,1.0,0.05107805180264475,0.8411,0.007399999999999962,11,0.125,3.379034320058966,0.07588006164768124,3.0728948853554665,0.41651580619785133,1.8370316878000894,0.10838132359574992,1.5288802063521933,0.5606694738030978,1.809543615902932,0.0698117259188538,0.9430218540869799,0.8650650752294061,95,0.7842105263157895,0.9605704697986577
181,3,1.0,0.05107805180264475,0.8411,0.007399999999999962,8,0.125,3.5558726853589646,0.07985116841655387,3.2750108042342183,0.3898224209632291,1.7318679032609035,0.10217686330342667,1.536375317242815,0.4634889242681137,1.2944495448052327,0.04993952952752453,1.1020313391363046,0.6419629570218629,95,0.6108963815789473,0.8180655583226761
181,3,1.0,0.05107805180264475,0.8411,0.007399999999999962,18,0.125,3.4481019704464546,0.07743105434939837,3.1298903402091534,0.4210163184802174,1.7856788819796405,0.10535160717760751,1.4754207252351936,0.5686679766626412,2.2181968616262315,0.08557746272429113,1.29451594538977,0.8535868399871841,95,0.7417763157894737,0.9533259423503326
181,3,1.0,0.05107805180264475,0.8411,0.007399999999999962,17,0.125,3.4988314172116795,0.07857024181637587,3.30014675139375,0.3352866984701107,1.6682626352595347,0.09842427526728553,1.6639973101339633,0.2674913110487003,1.1377981725470472,0.04389595999496929,1.2261066471400823,0.5056275613027571,95,0.632483552631579,0.8613314263424782
181,3,1.0,0.05107805180264475,0.8411,0.007399999999999962,10,0.125,3.4804962823722225,0.07815850549464705,3.390277226624837,0.25823343427805956,1.6187281338571364,0.09550183529997253,1.7818440784278182,0.07514006111004735,1.2848594436187466,0.04956954589757429,2.0366258041823673,-0.23200406210083863,95,0.7228207236842106,0.9307696683542863
181,3,1.0,0.05107805180264475,0.8411,0.007399999999999962,7,0.125,3.3297146531010227,0.07477253239087674,3.078515002399273,0.38149581020189066,1.693889733522415,0.09993622459733519,1.4635366044258964,0.5036607915467595,1.6852029500928787,0.06501469510632606,0.9069997782887395,0.8455658319870456,95,0.707360197368421,0.9154798581642737
181,3,1.0,0.05107805180264475,0.8411,0.007399999999999962,0,0.125,3.289138920288759,0.07386135812759174,2.9483461516539275,0.44507174043201714,2.0212619875219775,0.11925055566338577,1.5817906857051274,0.66376585855526,2.6534405726808616,0.1023690528230404,1.5153831240872362,0.9293059684542088,95,0.8134457236842105,0.9719961583177475
182,3,1.0,0.05033500149460625,0.8439,0.0028000000000000247,8,0.125,3.4140818817973235,0.07677361259476465,3.2129623911969847,0.34310267035260866,1.6092554896926294,0.09539278992320356,1.613759560963497,0.2641617053730275,1.4069855313689388,0.05378985040606809,1.381468457366739,0.4552294343674542,95,0.6135279605263158,0.8244085517056498
182,3,1.0,0.05033500149460625,0.8439,0.0028000000000000247,15,0.125,3.9732258888072396,0.08934727276610907,3.5681574585285003,0.4530315053640382,2.092802880899646,0.1240563147660701,1.6811127405332351,0.6352901850421775,2.444895286072381,0.09346972571095319,1.4732044194717897,0.8868013209405362,95,0.5401726973684211,0.7628073380528279
182,3,1.0,0.05033500149460625,0.8439,0.0028000000000000247,4,0.125,3.632293088689513,0.08168060171857486,3.350715332609232,0.3861532615438095,1.709617781415056,0.10134202487800699,1.5804062495451576,0.39696034829585924,1.9909724997194551,0.07611600157558605,1.4406204755493996,0.6949546770109487,95,0.6187088815789473,0.8609689639130724
182,3,1.0,0.05033500149460625,0.8439,0.0028000000000000247,1,0.125,3.8778747504110465,0.08720307950620831,3.4533806479804006,0.4695649058419091,2.305264872370187,0.1366505499567084,1.8431405740877458,0.6676539434550727,2.898121203010954,0.11079680813557426,1.8872734290565618,0.8934569651657515,95,0.6302220394736842,0.9269263391400796
182,3,1.0,0.05033500149460625,0.8439,0.0028000000000000247,3,0.125,3.5021459628518277,0.07875393933456538,3.27963011446554,0.3528446331502768,1.736044655403912,0.10290854632528036,1.5802049882289533,0.421379463222832,1.0713711863306548,0.04095912470828828,1.3154496605129167,0.34833667435731763,95,0.687171052631579,0.836225466730493
182,3,1.0,0.05033500149460625,0.8439,0.0028000000000000247,17,0.125,3.3901095187929857,0.07623453796972747,3.2016723715792437,0.33576284345057245,1.626390992921107,0.0964085412878391,1.4511474164045677,0.4577737226483788,1.3047693175056139,0.04988206689998371,0.9639639320889702,0.7109009016932388,95,0.640296052631579,0.8751605445671718
182,3,1.0,0.05033500149460625,0.8439,0.0028000000000000247,11,0.125,2.966829266228378,0.06671609194103949,2.920498576113363,0.2643876038520014,1.6059872041982841,0.0951990538299803,1.6317691433470534,0.2399351332967112,0.8759717213930187,0.033488892958147325,1.4160434373431838,0.12016165155080116,95,0.8040296052631579,0.961491254986192
182,3,1.0,0.05033500149460625,0.8439,0.0028000000000000247,6,0.125,3.7419683333760783,0.08414690599548624,3.3889557674465083,0.4285945143545412,1.9737844650513954,0.11700118970188704,1.6543828285808029,0.5582266142363778,1.8302844823803577,0.06997280804444286,0.9719812753387873,0.8713801529342702,95,0.5896792763157894,0.8677916463287079
183,3,1.0,0.04959465598160315,0.8382,-0.005700000000000038,18,0.125,3.3266310010266036,0.07490889708403561,3.0695799021854504,0.3854518551465113,1.757012202866528,0.10414715246906642,1.4947244604335517,0.5304525663244327,1.9484415839460272,0.07616531222634258,1.1271308528436526,0.8557134992755576,95,0.7321546052631579,0.9474334493990789
183,3,1.0,0.04959465598160315,0.8382,-0.005700000000000038,9,0.125,3.4507248806182056,0.07770323635767834,3.251877465597317,0.336261537952505,1.753066842976452,0.10391329069090306,1.6595245762419255,0.34291539450798325,1.3167500315361216,0.051472252543945524,1.290356059595751,0.46423208698680574,95,0.6449424342105263,0.8562958240357029
183,3,1.0,0.04959465598160315,0.8382,-0.005700000000000038,10,0.125,3.5916395049793794,0.08087634425291805,3.375186451095385,0.3421676046160345,1.8846183784048318,0.11171102698177619,1.8297705921737764,0.2809852821426979,1.5947184025265313,0.062338140410419456,1.6762807671275928,0.29287004142431117,95,0.7150904605263158,0.9318613075728825
183,3,1.0,0.04959465598160315,0.8382,-0.005700000000000038,3,0.125,3.2524964291916447,0.0732395388022664,3.030569391041826,0.3641695113606037,1.534291915950785,0.09094537524661751,1.4576019636889348,0.35553662587672,1.5737838110415556,0.061519799378324,1.1757448749822912,0.6684874424512693,95,0.6841694078947368,0.835506941522928
183,3,1.0,0.04959465598160315,0.8382,-0.005700000000000038,14,0.125,3.358268437808494,0.07562130717555643,3.0615088592931174,0.41224815816982724,1.8257919541376082,0.10822408217435078,1.4978499725436332,0.5909699632543051,2.199859153627076,0.08599331931247947,1.3464869832854371,0.8556661815860306,95,0.6775082236842105,0.8809249256539419
183,3,1.0,0.04959465598160315,0.8382,-0.005700000000000038,8,0.125,3.435874332727982,0.0773688325229257,3.2030807330118565,0.36195491995883905,1.7336871848482822,0.10276455865217277,1.4831382608307992,0.5208111598481204,1.3568722045523556,0.05304064333387718,0.8219969979790309,0.7978423214199589,95,0.6123355263157895,0.8466290625839377
183,3,1.0,0.04959465598160315,0.8382,-0.005700000000000038,16,0.125,3.852676547084034,0.08675436225855325,3.467210866082888,0.4524812179986967,1.96656870514985,0.11656864445334453,1.6500093945301788,0.5659727597194931,1.9645681430718211,0.07679570547039619,1.2393693720791223,0.8043880256369812,95,0.6263980263157894,0.8348431140869108
183,3,1.0,0.04959465598160315,0.8382,-0.005700000000000038,11,0.125,2.9816101206682406,0.06713973554774497,2.8276703182683756,0.33158200744746524,1.553674464431381,0.09209427861140596,1.362550515928228,0.481949229008087,1.611451299298555,0.06299223562045458,1.3062645135812838,0.5984628176076499,95,0.7987253289473685,0.9587129987129988
184,3,1.0,0.04885709645086388,0.847,0.00880000000000003,18,0.125,3.13284478828357,0.07063340410319001,2.9846617203433534,0.31587988928046457,1.507597572036817,0.0905759330700446,1.4661604759783218,0.2770524142369324,1.4700580735174158,0.057943866538919975,1.6407134348476364,-0.1477047022497849,95,0.7714638157894737,0.9539494723377039
184,3,1.0,0.04885709645086388,0.847,0.00880000000000003,2,0.125,4.019969518380784,0.09063459911458428,3.6351416576267717,0.44757936458868713,1.9395059772679155,0.1165248384876545,1.755704825985517,0.4378976673759756,1.6853178218686418,0.06642855320155008,1.3934307607178864,0.6520076252609097,95,0.5968338815789473,0.7776782638649673
184,3,1.0,0.04885709645086388,0.847,0.00880000000000003,11,0.125,2.837316563407881,0.06397039781267425,2.7477372108294267,0.2919434879275365,1.3442188163989897,0.08076019476547427,1.327934031767146,0.2646902378294304,0.9726479886806176,0.03833793117479244,1.051370834175425,0.12840109530784347,95,0.8097861842105263,0.9624758809789784
184,3,1.0,0.04885709645086388,0.847,0.00880000000000003,4,0.125,3.5813488049261113,0.0807454165360731,3.3197873529143425,0.37593038113191024,1.7872292112309363,0.10737610382230613,1.651190056171115,0.3833672238870353,1.880079547701018,0.07410528900663203,1.5830131983882003,0.6481780873119861,95,0.6386924342105263,0.8603618103392777
184,3,1.0,0.04885709645086388,0.847,0.00880000000000003,9,0.125,3.3905340814843585,0.07644329039177597,3.1243234700449305,0.38880327088630773,1.7665538213016492,0.10613393365092404,1.5637828059514998,0.47906068203269525,1.3442082343636712,0.05298336435520626,1.078462796772509,0.64294174225108,95,0.6514802631578948,0.8723175965665236
184,3,1.0,0.04885709645086388,0.847,0.00880000000000003,7,0.125,3.627863087862606,0.08179413179816039,3.3208007817920473,0.4070702390833764,1.8101137926252435,0.10875100144163988,1.6332285614949948,0.43913088180948867,1.5905810140558256,0.06269440347840713,1.4737619789800651,0.3779190186482548,95,0.7241776315789473,0.9237451737451737
184,3,1.0,0.04885709645086388,0.847,0.00880000000000003,16,0.125,3.359968763820309,0.07575416195420343,3.199950982351891,0.31144674194794025,1.6068045215029472,0.09653625177949134,1.5029478950891786,0.35645648730057794,0.9287532401962039,0.03660777405123429,0.8887867038144813,0.36440369830310076,95,0.6832236842105263,0.865912373615792
184,3,1.0,0.04885709645086388,0.847,0.00880000000000003,5,0.125,3.4415751924149873,0.07759406793036386,3.1985583502365302,0.3691181443012581,1.6882877487179766,0.10143173547583913,1.5662293557135156,0.3734066040763547,1.3724757077912324,0.05409755619373682,1.3547397784543351,0.23031214034647454,95,0.6837582236842106,0.8588610259185759
185,3,1.0,0.04812240378410249,0.8512,0.0041999999999999815,6,0.125,3.640151069259639,0.08215048056341777,3.3296484191606095,0.412456140601171,1.7996304189787633,0.10781495151979405,1.5952355595279266,0.4800217580029527,1.4610033082044784,0.05802158085900197,1.2653729576291135,0.5045889711035263,95,0.5924342105263158,0.8656996113270405
185,3,1.0,0.04812240378410249,0.8512,0.0041999999999999815,9,0.125,3.127375511057817,0.07057822498227177,2.9769873846714043,0.31423913500334466,1.526537740918245,0.09145410679579022,1.4442042744657233,0.3341532981898421,1.0276318515172151,0.04081087580791916,0.9323028479822612,0.452556530516428,95,0.6756578947368421,0.8834591041869523
185,3,1.0,0.04812240378410249,0.8512,0.0041999999999999815,18,0.125,3.253066630618031,0.07341480667296672,3.095181791128435,0.31287954098368725,1.631780096688214,0.0977591232955708,1.6064428743825945,0.2341714619177538,1.447067036356848,0.05746812247917526,1.49303197608734,0.14663595667117368,95,0.7714226973684211,0.9559191940728106
185,3,1.0,0.04812240378410249,0.8512,0.0041999999999999815,16,0.125,3.3889055107701775,0.07648040177365714,3.1827410439959722,0.3436376154183189,1.6479962597637428,0.09873062545367353,1.5745972796813708,0.3056768413689149,1.1421171305145315,0.045357488971082854,1.1114645369782516,0.3262164779855223,95,0.6877878289473685,0.8757099300532074
185,3,1.0,0.04812240378410249,0.8512,0.0041999999999999815,12,0.125,3.4265084425108534,0.07732902010138996,3.172237556036752,0.37910500370564737,1.5884922018134284,0.0951657673275341,1.4371641953796717,0.42683420899807056,0.9889998632601912,0.03927666365534461,0.9100150439679175,0.440975590203295,95,0.6683799342105263,0.8221470316825592
185,3,1.0,0.04812240378410249,0.8512,0.0041999999999999815,7,0.125,3.1165001636905383,0.07033279148362916,2.9796124677089484,0.3041785168525285,1.4779919715952543,0.08854575421914314,1.4054918841235218,0.3261964594193795,1.0086278668418016,0.04005616072459546,1.0926214397493443,0.17818024505736163,95,0.7413651315789473,0.9266777592900721
185,3,1.0,0.04812240378410249,0.8512,0.0041999999999999815,5,0.125,3.320749659399218,0.07494226892235437,3.0923760735581975,0.3644462984869701,1.6001326958025865,0.09586314345647268,1.4339670186908489,0.44650995140124383,1.4341463570892787,0.05695499685333541,1.148077197636434,0.6264811171456959,95,0.6793996710526315,0.8630999213217939
185,3,1.0,0.04812240378410249,0.8512,0.0041999999999999815,1,0.125,3.6330208894735208,0.08198956754503244,3.3272111387508336,0.409183146668372,2.055262193179906,0.12312972229259259,1.8509860132932912,0.460182229549188,2.6559887917556653,0.10547865810847716,2.2755219485462606,0.6746541577314253,95,0.6449424342105263,0.9208160663053873
186,3,1.0,0.04739065854864916,0.8407,-0.010499999999999954,16,0.125,3.351397605879137,0.07572710297601667,3.18964871251312,0.3110730918073134,1.6734615414280423,0.10162665841917061,1.56239239448383,0.35839882831471265,1.1152486621191813,0.044735785496935125,0.9731498119265144,0.48859309073920976,95,0.6768092105263158,0.8625151883353585
186,3,1.0,0.04739065854864916,0.8407,-0.010499999999999954,2,0.125,3.5252100621538958,0.07965451336496701,3.2210432145616785,0.4120171181237404,1.6423445345025234,0.09973697206811881,1.4645379273005443,0.4603444722983029,1.3514560326625562,0.054210732762367715,1.1480069063606377,0.5503884464686453,95,0.5886924342105263,0.7880840958301321
186,3,1.0,0.04739065854864916,0.8407,-0.010499999999999954,9,0.125,3.286013325232561,0.07424970078868737,3.06083136107904,0.36384744728329205,1.5684863921897296,0.09525168452820224,1.4589970343383214,0.36797026078486134,1.1335275255279509,0.04546900252768114,1.0806242967761004,0.3318525915147537,95,0.6744243421052631,0.8865991952200951
186,3,1.0,0.04739065854864916,0.8407,-0.010499999999999954,17,0.125,3.370726479450011,0.0761638519898443,3.0886775533450592,0.40274580504101853,1.6806752797912234,0.1020647372793126,1.5629904994038137,0.3676160246428723,1.0407185165711386,0.04174617007076007,1.0400972544110199,0.25688084774213904,95,0.6364309210526315,0.8727225739759659
186,3,1.0,0.04739065854864916,0.8407,-0.010499999999999954,0,0.125,3.0677929111004185,0.06931886245919024,2.8964604492347723,0.334972675306298,1.8096337349337333,0.10989617920169353,1.6473310306808746,0.42165882404731925,2.2364375891883004,0.08970985186128723,2.0901548542263386,0.3848443214632289,95,0.8211348684210527,0.9748122183274912
186,3,1.0,0.04739065854864916,0.8407,-0.010499999999999954,15,0.125,3.6754390597815325,0.08304903950336819,3.4136875383088623,0.3731398508832123,1.8970491644943897,0.11520477923856381,1.80966712000506,0.3010053142000888,1.904446777579415,0.076392759234727,1.9314324660272353,0.08867927921561844,95,0.5846628289473684,0.8332512834939166
186,3,1.0,0.04739065854864916,0.8407,-0.010499999999999954,6,0.125,3.29856491102927,0.07453331238656889,3.108459908270881,0.3360594236601202,1.5100866194210611,0.09170515919015708,1.5065486339212506,0.21019971224901643,1.407618230275059,0.05646355772487901,1.248092856362026,0.471795362566942,95,0.617516447368421,0.8793447862564923
186,3,1.0,0.04739065854864916,0.8407,-0.010499999999999954,14,0.125,3.2774614036641747,0.07405646431799348,3.072243409235664,0.34892711079863553,1.8032532152788205,0.10950870038879337,1.6496638383208055,0.40934735739809486,1.5831608780372688,0.06350507097891153,1.4549239276773314,0.39927275287083164,95,0.6771792763157894,0.8886999817839577
187,3,1.0,0.04666194098861497,0.8553,0.014599999999999946,19,0.125,3.436329786679083,0.0777468902481044,3.1882454391599944,0.3749716121381464,1.743610319020901,0.10643972094977369,1.569123316503787,0.44410039780865823,1.9354350959397688,0.07789904391864268,1.7445182464582192,0.4738479796442918,95,0.66796875,0.9079716835949523
187,3,1.0,0.04666194098861497,0.8553,0.014599999999999946,18,0.125,3.202598512986629,0.07245872502200762,3.0190206510467967,0.33479424109001044,1.6702214255160943,0.1019596526339067,1.6201492982585342,0.2664440958455391,1.698114255393323,0.06834715214024119,1.7428733669963683,0.07723226335331466,95,0.7627467105263158,0.955256064690027
187,3,1.0,0.04666194098861497,0.8553,0.014599999999999946,5,0.125,3.3262510231383198,0.07525636050301798,3.0642457588356558,0.3913882271369142,1.6340829922714535,0.09975356064869662,1.4425860692661754,0.47930118234957647,1.3924104024879804,0.056042922505504494,1.2262235422817045,0.48244829205574186,95,0.6765625,0.8663546857906892
187,3,1.0,0.04666194098861497,0.8553,0.014599999999999946,2,0.125,3.1584251835858352,0.07145930435926155,2.992490823491582,0.3228767980847035,1.5764923546856648,0.09623790618905047,1.503710146836591,0.31232375095111775,1.2920708468977007,0.052004370417603564,1.2848877008837742,0.22402028641623614,95,0.6182565789473684,0.7908353285448257
187,3,1.0,0.04666194098861497,0.8553,0.014599999999999946,11,0.125,3.008703750431776,0.06807186003527921,2.8464231039900247,0.3288366457731168,1.4489069457193595,0.088449379601721,1.463491386878695,0.193171688187081,1.5257813361716341,0.06141094969602551,1.6557067769270781,-0.07000217346313113,95,0.79375,0.9606299212598425
187,3,1.0,0.04666194098861497,0.8553,0.014599999999999946,15,0.125,3.4290116011806147,0.0775813164527806,3.1622920144887847,0.3901901238163585,1.8097080304186461,0.11047469475088385,1.6030716269977061,0.4838781086651655,1.6449686301112412,0.0662081016463147,1.3570347234276874,0.6477773513757193,95,0.5833881578947369,0.8032139836481533
187,3,1.0,0.04666194098861497,0.8553,0.014599999999999946,9,0.125,2.945800458197338,0.06664867435136917,2.828840661915299,0.29560929190425245,1.4499441935610433,0.08851269900836833,1.3421427174124758,0.38179394929060784,1.0426801769655192,0.04196668184271823,0.8884509772052648,0.5234058269741779,95,0.6856907894736842,0.8803669944830894
187,3,1.0,0.04666194098861497,0.8553,0.014599999999999946,13,0.125,3.3898754217865767,0.07669586120460464,3.1006696244076095,0.40985203428019645,1.6739038514384215,0.10218444849758959,1.473795750306275,0.48727755663188627,1.3792019639699598,0.05551129799669482,1.1303538167689973,0.613015424492028,95,0.6550986842105263,0.8413884007029877
188,3,1.0,0.045936331016092284,0.836,-0.019299999999999984,7,0.125,3.2399022924819683,0.07339919089003787,2.9968711953589366,0.3804262450236072,1.5685188898923703,0.09594203067259163,1.3918514007731149,0.4656008521004648,1.1634897843079413,0.04723268173008303,0.9836620239222864,0.5437550152839182,95,0.7207648026315789,0.9135147469907011
188,3,1.0,0.045936331016092284,0.836,-0.019299999999999984,8,0.125,3.5804810551253268,0.08111491912985543,3.267857414091935,0.4186131294350235,1.8576228713435692,0.11362573421910267,1.690537717820144,0.4230450652114184,1.5143876108494658,0.061477624474184596,1.240410711990528,0.6546577993070524,95,0.5863486842105263,0.7872370266479664
188,3,1.0,0.045936331016092284,0.836,-0.019299999999999984,0,0.125,2.9772074694004407,0.06744790417687749,2.808161009348036,0.3370656059636657,1.7812251725032942,0.10895269495085896,1.545468758817579,0.5266796789839283,2.2824465300724874,0.09265751360676588,1.9901267232905464,0.645081912834486,95,0.8183799342105263,0.9723659749786464
188,3,1.0,0.045936331016092284,0.836,-0.019299999999999984,15,0.125,3.236629524042213,0.07332504712465152,3.0901181309410695,0.30333063552690426,1.6948022859762997,0.10366644224238455,1.7071255106813141,0.16577592532453878,1.5674057556918324,0.06362993315367031,1.7974417382540477,-0.31670280353132285,95,0.5958881578947368,0.8461910019321005
188,3,1.0,0.045936331016092284,0.836,-0.019299999999999984,12,0.125,3.3882664371828586,0.07676034415796422,3.0907957071065217,0.41550794923769674,1.7061661286969452,0.10436153756695377,1.4858935851875708,0.5120102660115394,1.1526717157040347,0.04679351466717112,1.0419201027001235,0.4280710026670487,95,0.6574013157894737,0.8232424318238679
188,3,1.0,0.045936331016092284,0.836,-0.019299999999999984,6,0.125,3.3041961272929616,0.07485575193056528,3.1233828239205086,0.3274521739826562,1.6250671172314812,0.09940093180334049,1.5652047730006375,0.28688561836652277,1.3907516266822084,0.05645853520557434,1.4356590419531494,0.09589162167152383,95,0.6175575657894737,0.8831480125174779
188,3,1.0,0.045936331016092284,0.836,-0.019299999999999984,3,0.125,3.3235392943490774,0.07529396663057775,3.051391672416472,0.3989426234811063,1.6915934909557166,0.1034701689859573,1.5592198507592352,0.38814629469325207,1.3677698752477387,0.05552557492887552,1.0894651333129701,0.6743933946812541,95,0.6765625,0.8302540415704388
188,3,1.0,0.045936331016092284,0.836,-0.019299999999999984,9,0.125,3.0003668901744436,0.06797257516780159,2.8919189614579284,0.2863426215276724,1.4406850057617329,0.08812277996972012,1.448116169809464,0.20631018163136902,0.950736882218844,0.03859582883540715,1.0990849943537548,-0.04107354688038211,95,0.6701891447368421,0.8654518682127738
189,3,1.0,0.04521390820239145,0.8491,0.0131,1,0.125,3.463624801176731,0.07856937604587108,3.1471676996127913,0.4246830899660866,1.8657287061787753,0.11438020895958127,1.6176968232773088,0.5352599945955189,2.298490409294961,0.09322162163482099,1.6633389508620418,0.8401035334896773,95,0.6472450657894737,0.9202083730385617
189,3,1.0,0.04521390820239145,0.8491,0.0131,14,0.125,3.0965038095023303,0.07024154930222394,2.971693221806978,0.29593181674803826,1.7369814848747764,0.10648724251330857,1.6971346413503496,0.24454329800787736,1.4389455919805092,0.05836040950453515,1.9581426613540378,-0.4500690834137198,95,0.69140625,0.8796312815938151
189,3,1.0,0.04521390820239145,0.8491,0.0131,5,0.125,3.2380847340191456,0.07345319188415271,3.0422892932906573,0.3435999203934524,1.5983905943641175,0.09799080090097446,1.4700123773286786,0.39267936469907955,1.1548077878669996,0.046836416730798344,1.2870093895882013,0.19092820601087773,95,0.67734375,0.8672980027924483
189,3,1.0,0.04521390820239145,0.8491,0.0131,8,0.125,3.2620121926602725,0.0739959658864517,3.0812639105141613,0.3304897964714228,1.4236037137913793,0.0872753309309329,1.367741362622753,0.3089589329870477,1.0740824633969042,0.04356237842127687,1.1893230165179496,0.240040578191199,95,0.6413651315789474,0.8403641492499039
189,3,1.0,0.04521390820239145,0.8491,0.0131,2,0.125,3.3366070991089543,0.07568808775077195,3.0776496484337517,0.38717311379099867,1.6290639974644068,0.09987126200150512,1.5279310914344433,0.34912589603666516,1.4515719796066535,0.0588725074994361,1.0758902728593038,0.6799618380192027,95,0.6146381578947369,0.8108777093925609
189,3,1.0,0.04521390820239145,0.8491,0.0131,4,0.125,3.377160788841532,0.07660801363234088,3.137759255018147,0.37005516171727004,1.6554490793147072,0.10148882363597987,1.5368055624979522,0.3719100416147921,1.85595239602543,0.07527327124570977,1.4998680044687385,0.6114797574268096,95,0.636389802631579,0.8619241455062351
189,3,1.0,0.04521390820239145,0.8491,0.0131,15,0.125,3.3220347080779717,0.07535752548247668,3.1013966387806557,0.35838055621809556,1.8387786313291132,0.11272800991125655,1.6868741737688044,0.40213841518085386,2.099802028056593,0.08516326601839722,1.5684452854269324,0.7568557045396461,95,0.5920641447368421,0.8058198486005973
189,3,1.0,0.04521390820239145,0.8491,0.0131,6,0.125,3.3170299030599457,0.07524399574699149,3.0468175032615368,0.39679548165447287,1.637031644787099,0.1003597259259051,1.5010319429699979,0.3992519670986415,1.506741968143251,0.061110078635760165,1.0112148115257977,0.774295452622224,95,0.6125411184210526,0.8797073236222058
190,3,1.0,0.044494751769314986,0.8413,-0.007799999999999918,2,0.125,3.128526328009831,0.07106340106746879,2.928296764044147,0.35205348213970256,1.5213778741917499,0.09359889521183995,1.4076545969986094,0.37947658043737026,1.0408645040981521,0.04302155095154917,1.007763618044232,0.32508095315651553,95,0.6295230263157895,0.8043762246897452
190,3,1.0,0.044494751769314986,0.8413,-0.007799999999999918,10,0.125,3.4705075089460413,0.07883138614108527,3.1798144170063507,0.4100367193052018,1.7972759368858378,0.11057282016324149,1.6124308845532096,0.46093422860399313,1.2916933805246993,0.05338894002555197,0.9770372539711238,0.7130244715283922,95,0.7117598684210527,0.9310803004043905
190,3,1.0,0.044494751769314986,0.8413,-0.007799999999999918,1,0.125,3.030900027293935,0.0688458531758644,2.843063725101113,0.34727784439643944,1.5773603630705355,0.09704307512213818,1.5079465698155838,0.30229583840264485,1.8626175217971777,0.07698667242637483,1.7740006811261728,0.30486297068607804,95,0.67265625,0.919738370316034
190,3,1.0,0.044494751769314986,0.8413,-0.007799999999999918,9,0.125,3.0819289902954896,0.07000495854485879,2.8764574532897393,0.3590456203570053,1.40916524255064,0.08669529911741083,1.2958058153745722,0.3938253046292973,1.0840166543688687,0.04480513798351263,0.9127039528638768,0.5403033191029613,95,0.6785773026315789,0.8721444585832879
190,3,1.0,0.044494751769314986,0.8413,-0.007799999999999918,8,0.125,3.1940752805696087,0.07255232301247642,3.033490814058713,0.3150995174143507,1.6062521198065987,0.09882056680063482,1.4977132168185694,0.361425019492007,1.3910469091844215,0.057495471546822274,1.3455407944289752,0.28001776905337505,95,0.6412828947368421,0.8600923313670172
190,3,1.0,0.044494751769314986,0.8413,-0.007799999999999918,19,0.125,3.2735906029160446,0.07435848625052352,2.993798049760686,0.41020466664265687,1.623083993704726,0.09985610493217673,1.4683818502806536,0.43126603156390464,1.3002288719833073,0.05374173338072665,1.1007584752057646,0.5453856552969163,95,0.6634046052631579,0.9125449361596628
190,3,1.0,0.044494751769314986,0.8413,-0.007799999999999918,11,0.125,2.941967573204705,0.06682578302453616,2.8124542273347215,0.30344074453915315,1.5569958675202469,0.09579020144927365,1.5036312350139502,0.27866259833554624,1.4625455696443375,0.06045069122415093,1.5147122889391986,0.09376885370964055,95,0.7891447368421053,0.9589933305543976
190,3,1.0,0.044494751769314986,0.8413,-0.007799999999999918,6,0.125,2.982636171718792,0.06774955627240167,2.798803567333708,0.34683154790179127,1.4994816390428696,0.09225178516508535,1.3819859209030074,0.388095183921888,1.2455765692191207,0.051482816087715357,0.9932609073969927,0.6315595162250871,95,0.6152549342105263,0.8795696050257301
191,3,1.0,0.043778940580469924,0.8361,-0.0052000000000000934,12,0.125,3.3645982910278907,0.0765200412374626,3.088607670201008,0.4011245619852576,1.7083154269650844,0.10547919788979905,1.5041837106544418,0.5007913487347532,1.3445563167770025,0.05643011293234169,1.151563482486916,0.5423702031980988,95,0.6486019736842106,0.8038544440218081
191,3,1.0,0.043778940580469924,0.8361,-0.0052000000000000934,9,0.125,2.981132954626313,0.06779900507905037,2.876395254615109,0.28221964234659647,1.4169604083134166,0.08748960815510805,1.4184371728016631,0.20197462833584473,0.9197468019078562,0.03860114690118137,0.9340893520663024,0.24620226839935594,95,0.6819078947368421,0.8672214182344429
191,3,1.0,0.043778940580469924,0.8361,-0.0052000000000000934,16,0.125,3.554204014173121,0.08083218684861058,3.2384551796655456,0.4242818551579703,1.7884269099193557,0.11042564678933917,1.5455489059187444,0.5526300729040525,1.6424032992078927,0.06893054794232416,1.3129276987453666,0.7403069131503052,95,0.6450246710526316,0.8451584114234717
191,3,1.0,0.043778940580469924,0.8361,-0.0052000000000000934,3,0.125,3.4094141049940307,0.07753927373898416,3.1173831053784657,0.41181384226682044,1.6292463503299133,0.10059711191801711,1.4951837084548267,0.3996589765611821,1.781172013042417,0.07475457635634317,1.5133308663998724,0.6319253376357445,95,0.6741776315789474,0.8278238594779215
191,3,1.0,0.043778940580469924,0.8361,-0.0052000000000000934,10,0.125,3.1385596747072677,0.07137931335674168,2.960808140412808,0.3333513520216362,1.564736923708656,0.09661400524524681,1.469379259689126,0.34471711627227153,1.2546908137491464,0.052658518971339406,1.3392503619808045,0.02851902932964307,95,0.7256990131578948,0.9390333729956372
191,3,1.0,0.043778940580469924,0.8361,-0.0052000000000000934,15,0.125,3.2066030589668038,0.07292680346376589,3.02004220822904,0.33679659120499095,1.6657288809793185,0.10284971000918211,1.6761544480734258,0.15593552753768525,1.4056217155147233,0.05899298613001346,1.5582903500909366,-0.13861495240110808,95,0.5833881578947369,0.8010995207217366
191,3,1.0,0.043778940580469924,0.8361,-0.0052000000000000934,8,0.125,3.1437062254711967,0.07149635980408034,2.9440463583734564,0.3509898530790561,1.5429728735232748,0.09527019337060626,1.4156522673784944,0.3984256734482539,1.470814627425797,0.061729088244611784,1.189585573361917,0.67500230498028,95,0.6240542763157895,0.8404823087566713
191,3,1.0,0.043778940580469924,0.8361,-0.0052000000000000934,6,0.125,2.9677478832204085,0.06749459244866969,2.856935838874688,0.28817814002516545,1.4599347022563802,0.09014303736579965,1.3983074503589745,0.30258579174324807,1.103325345047111,0.046305813334295176,1.249313642849405,-0.07883919714980464,95,0.6446546052631579,0.8861461921163414
192,3,1.0,0.04306655313261954,0.8425,0.006400000000000072,1,0.125,3.1046535826428667,0.07068464915497634,2.923264028437152,0.33752250325164135,1.7094611225890073,0.10606547371581651,1.5049167488980277,0.4966046439944309,2.090837089358279,0.08764941077693274,2.0614604204793103,0.17057197135476784,95,0.6515625,0.9168875425975009
192,3,1.0,0.04306655313261954,0.8425,0.006400000000000072,19,0.125,3.278323076271092,0.07463863851297216,3.045378058833084,0.37151824279441326,1.6004328152098095,0.09930068748125495,1.4637722221800755,0.405621326109516,1.5951064449906036,0.0668680217801306,1.5499842726004547,0.23815308272349497,95,0.6567434210526316,0.9114700726270974
192,3,1.0,0.04306655313261954,0.8425,0.006400000000000072,12,0.125,3.0103026154889285,0.06853653026403339,2.8342060930081674,0.3385479697834425,1.4045300038772728,0.08714567312516576,1.3132663026670355,0.36048953553864654,0.9808535279819489,0.04111809295122073,0.9572184216921128,0.27304769412652236,95,0.6775082236842105,0.8303089154579111
192,3,1.0,0.04306655313261954,0.8425,0.006400000000000072,3,0.125,2.939782740207411,0.06693098152565097,2.7507117915646657,0.35378612868127934,1.3649683467363367,0.08469102478588034,1.306329079359296,0.3149115740008457,1.3303118942042906,0.05576764171154942,1.2838203704463094,0.2676955308431464,95,0.6859786184210527,0.8209554636456273
192,3,1.0,0.04306655313261954,0.8425,0.006400000000000072,7,0.125,3.300559677624179,0.07514490638576458,3.0087466079362164,0.41896614191562115,1.6058557442478283,0.09963715932594575,1.459789606895888,0.4193785941684421,1.308992268323488,0.054873907495742814,1.1831169350684365,0.4432231079512707,95,0.7108963815789474,0.9161894846434149
192,3,1.0,0.04306655313261954,0.8425,0.006400000000000072,10,0.125,3.070948410513698,0.06991727263349329,2.924963776285735,0.3094163669386706,1.6400548499357297,0.10175908201696948,1.5208492187420315,0.3744146410512417,1.2383540124870258,0.05191270045867212,1.2089065060762305,0.24099553288891232,95,0.7322779605263158,0.9289684990735022
192,3,1.0,0.04306655313261954,0.8425,0.006400000000000072,11,0.125,2.9340520333649778,0.06680050867520734,2.7235175069109805,0.3720651791144776,1.5520592465769396,0.09629929399849514,1.4738271327970505,0.32012355992095276,1.550616557980939,0.06500297337354898,1.4830711896132398,0.292357857428409,95,0.8013569078947368,0.9584380932833906
192,3,1.0,0.04306655313261954,0.8425,0.006400000000000072,5,0.125,3.1437061448789207,0.0715737714311913,2.9144313868722964,0.3754446245637144,1.540867688920482,0.09560490098261172,1.4352790796325636,0.3645485042851257,1.3050359559599343,0.05470805600531349,1.1197940730250375,0.5656166136862459,95,0.6802220394736842,0.8479115033548933
193,3,1.0,0.042357667547075435,0.8496,0.007099999999999995,2,0.125,3.267848685565164,0.07449376368315802,3.0102128358794333,0.3913409181242717,1.554736210929815,0.09708647366349307,1.4188325841523683,0.4095541141731062,1.1229313745821554,0.04729190066347368,1.0817601151124163,0.2704830138737316,95,0.6245065789473684,0.809388991308928
193,3,1.0,0.042357667547075435,0.8496,0.007099999999999995,15,0.125,3.2543078655487947,0.07418508762638976,3.0187917385286513,0.37417383559434336,1.6860892754025651,0.10528889780779599,1.5985252427764203,0.3200936926448415,1.5127990314726416,0.06371105406759578,1.428563845604686,0.3523836703549636,95,0.5736430921052632,0.7800157694788904
193,3,1.0,0.042357667547075435,0.8496,0.007099999999999995,17,0.125,3.2298407227938357,0.07362733550082744,2.9413486995934583,0.4179736777503975,1.5829291892026425,0.09884700179896586,1.4043272331049972,0.47035646737534237,0.9228313830695584,0.03886475263325954,0.8935341664603765,0.2696809677217865,95,0.6091694078947368,0.8535943300708742
193,3,1.0,0.042357667547075435,0.8496,0.007099999999999995,3,0.125,2.8928990741381115,0.06594642553065475,2.781771707600819,0.2930647739900745,1.3445954573195058,0.08396410306609603,1.2998332382202233,0.2965470631408802,1.3005195745612192,0.05477097169356229,1.2754665342132279,0.20407983758147352,95,0.7013157894736842,0.8381801125703565
193,3,1.0,0.042357667547075435,0.8496,0.007099999999999995,11,0.125,2.7410595012733436,0.06248509596888422,2.6168758002695394,0.3148374155293376,1.4614604474616497,0.09126181036065638,1.3499646986839735,0.3840243528967792,1.456793065717071,0.06135238048430587,1.3919376667730006,0.30274376945424225,95,0.8076069078947369,0.9609490351815081
193,3,1.0,0.042357667547075435,0.8496,0.007099999999999995,4,0.125,3.2759599908548442,0.0746786687132105,3.028872001730927,0.3824247715666583,1.6630844812762433,0.10385234907150362,1.538805338886029,0.37977152296743016,1.5501585699585605,0.06528443924758216,1.5588905384248473,0.0848109902605511,95,0.6447368421052632,0.8631377551020408
193,3,1.0,0.042357667547075435,0.8496,0.007099999999999995,13,0.125,3.354186239702323,0.07646191153017592,3.048113506736921,0.42581810693802946,1.563283768218151,0.09762023121652834,1.4502001789234007,0.3735644044301569,0.9921239101813789,0.04178298555743324,0.8964301593320891,0.43859813005586484,95,0.6273848684210527,0.8426399265958842
193,3,1.0,0.042357667547075435,0.8496,0.007099999999999995,5,0.125,2.987585169640669,0.06810488643296196,2.851484204361908,0.30776672883528866,1.4890258980575704,0.09298315213843786,1.3154144643255552,0.4739250196620946,1.161431180587627,0.04891330785040107,1.0983620007106774,0.3266134239511127,95,0.6837993421052632,0.8693926638604931
194,3,1.0,0.04165236156113045,0.8399,-0.009700000000000042,3,0.125,2.9667884162796296,0.06771624001218726,2.785638683681055,0.3462789964805137,1.4159655698278415,0.08860228319583964,1.2794837954908436,0.42951585616822996,1.210201162669262,0.05110737506200204,1.1205188075027173,0.4271452465664144,95,0.6977796052631579,0.8519151443724219
194,3,1.0,0.04165236156113045,0.8399,-0.009700000000000042,9,0.125,2.839549511337972,0.06481204226804146,2.6877569200940843,0.3305143926395537,1.350505912332423,0.08450622660032728,1.3083541902017284,0.3052862569141343,1.1140321274139253,0.04704611061625914,1.0890661728029618,0.3728404708001815,95,0.6827713815789473,0.8799156880457694
194,3,1.0,0.04165236156113045,0.8399,-0.009700000000000042,6,0.125,3.1280790174595743,0.07139765962447878,2.916273602138398,0.36173279924464297,1.5393536891645918,0.09632314119227102,1.4317221081042335,0.3711604840599453,1.3672622926425677,0.05774014184889142,1.157118340547856,0.5331306338375187,95,0.6018503289473685,0.8688938990230238
194,3,1.0,0.04165236156113045,0.8399,-0.009700000000000042,4,0.125,3.1140940909055796,0.07107845700191001,2.8919909666736068,0.3709070413078713,1.5079315464909635,0.09435693972303093,1.3624856093799789,0.42851443719000054,1.5416418202708444,0.0651042728682141,1.1565534740402867,0.6903795304659169,95,0.6630756578947369,0.8659928066476498
194,3,1.0,0.04165236156113045,0.8399,-0.009700000000000042,12,0.125,3.1872073234938982,0.07274724914726494,2.9095231962587063,0.4116723373859753,1.6505802772727038,0.10328300650853019,1.4386924228884186,0.5014766405780088,1.1328117839905483,0.04783918451323024,0.7718448030060121,0.7348897173391947,95,0.6673108552631579,0.8316593751925565
194,3,1.0,0.04165236156113045,0.8399,-0.009700000000000042,16,0.125,3.536431735342542,0.08071821329189129,3.1734407780309044,0.4628867849302779,1.8027879091408225,0.1128072096323299,1.5438789492458471,0.5491480630904686,1.4059970825675854,0.059375930590227104,1.0133453094518938,0.7151991752973048,95,0.6480674342105263,0.846329547617537
194,3,1.0,0.04165236156113045,0.8399,-0.009700000000000042,0,0.125,2.9983637793075393,0.06843694016375088,2.80815571284897,0.3517359426551702,1.8287677168427858,0.11443286376434575,1.6026514600026927,0.5034163972233785,2.5178730898934902,0.10633098722189567,2.1188482986613866,0.6351561818420076,95,0.8036184210526316,0.9717048710601719
194,3,1.0,0.04165236156113045,0.8399,-0.009700000000000042,15,0.125,3.0193985804074335,0.06891705449616263,2.897261446062149,0.2939688471270751,1.5637750292761425,0.09785127615451351,1.5965643591672196,0.15802287926159078,1.4736859527098711,0.06223446401474867,1.7013035105369234,-0.06617211507991629,95,0.6215049342105263,0.846443929870989
195,3,1.0,0.04095071251953399,0.8542,0.01429999999999998,12,0.125,2.8523370522828664,0.06517689010412275,2.6944779788899864,0.33201592953963616,1.352245092932534,0.08520959901843518,1.2779195923390145,0.3354375570137721,0.9382950075268481,0.04015449515111502,0.8355392065300671,0.45662177846314256,95,0.680921052631579,0.8303140096618358
195,3,1.0,0.04095071251953399,0.8542,0.01429999999999998,7,0.125,2.9943977817091163,0.06842302700176453,2.792726296180601,0.36080497653245197,1.4940338518733571,0.09414419479387119,1.358671962456043,0.41859554938364896,1.2189493479026996,0.05216514559618739,1.2065192579053319,0.19249743555552967,95,0.7299342105263158,0.9226002703920685
195,3,1.0,0.04095071251953399,0.8542,0.01429999999999998,19,0.125,3.1130194639900424,0.07113357354948135,2.9114339644599325,0.3540153960361661,1.5664928090577084,0.09871008208696753,1.4823978151685342,0.3245963112965773,1.7440388843314862,0.07463644201713486,1.6551659922442254,0.33319261575884657,95,0.6616365131578947,0.9119383506307874
195,3,1.0,0.04095071251953399,0.8542,0.01429999999999998,4,0.125,2.9403138933981636,0.06718719141142805,2.7743826397741653,0.33338448655936703,1.3802223663858548,0.0869725429293032,1.2953820271733727,0.34921045201256895,1.1211998549631192,0.04798193934572247,1.1162105938046702,0.18770709909415859,95,0.6634457236842105,0.8568949488689185
195,3,1.0,0.04095071251953399,0.8542,0.01429999999999998,17,0.125,3.154601570538737,0.07208373909413643,2.8829040122273097,0.41112919399506564,1.5717923988640417,0.09904402740850723,1.4045085478818873,0.46194633521470013,1.0336239145492705,0.0442341120137076,0.885287122484349,0.5406873120412883,95,0.6011101973684211,0.8431493262193036
195,3,1.0,0.04095071251953399,0.8542,0.01429999999999998,6,0.125,3.0023218046821833,0.06860409367271941,2.826250578505783,0.3383860371225381,1.3643943861775278,0.08597516763552533,1.3295625583365684,0.26531546478961215,1.1401842415064514,0.04879437941125198,1.1161735038116374,0.2326429225695589,95,0.6299342105263158,0.8902741514360313
195,3,1.0,0.04095071251953399,0.8542,0.01429999999999998,14,0.125,3.108796130779405,0.07103706892204874,2.8802974434151403,0.3771711265074636,1.7123685568060976,0.1079022130380205,1.5785791565429166,0.3937159668146162,1.9944187501259438,0.08535149115022182,2.0045689258379356,0.07246442644715917,95,0.669202302631579,0.8569585253456221
195,3,1.0,0.04095071251953399,0.8542,0.01429999999999998,5,0.125,3.1096693998331415,0.0710570234225525,2.8910026019138146,0.3687733863381506,1.4824996908310561,0.09341738776564443,1.3534085354547172,0.4096612539058765,1.386791407946482,0.05934797523091543,1.2307855461279897,0.516641514159762,95,0.6792351973684211,0.8693625522126037
196,3,1.0,0.04025279736601039,0.8368,-0.01739999999999997,1,0.125,3.2491163534303915,0.07433325842223759,2.9946536142906766,0.39378177970274464,1.7601756739008791,0.11158275365972056,1.6546598125751948,0.34445763095525284,2.199826495748224,0.09449148731464722,2.0366946107776154,0.43756017999844515,95,0.6444078947368421,0.927705461970393
196,3,1.0,0.04025279736601039,0.8368,-0.01739999999999997,4,0.125,2.955662054902196,0.06761961328466584,2.773783230674118,0.3456210414571969,1.4116209224302525,0.08948683474267374,1.3334134536564584,0.33048713443078587,1.4720176784218868,0.06322914105106667,1.3422839771853055,0.4219393595696527,95,0.6725740131578948,0.8832304212263863
196,3,1.0,0.04025279736601039,0.8368,-0.01739999999999997,5,0.125,2.906202950594388,0.0664880882846568,2.756680439454659,0.31979765794187165,1.4148023827606304,0.08968851694382358,1.376082007947917,0.25741393850513056,1.2579544786214392,0.054034256741976205,1.2595025784560536,0.18649668916641823,95,0.6847861842105263,0.8862135222769305
196,3,1.0,0.04025279736601039,0.8368,-0.01739999999999997,16,0.125,3.2390407688764147,0.07410274927792358,2.9557195328761923,0.41922547149585787,1.5946776368411677,0.10109134250444914,1.4593575286933214,0.4120773986360164,1.2098311255649437,0.05196716317179467,1.0307093927360074,0.5447361331397604,95,0.6796875,0.8664246823956443
196,3,1.0,0.04025279736601039,0.8368,-0.01739999999999997,7,0.125,2.823554209983561,0.06459725104590701,2.643254744335408,0.35236921406177424,1.417241190475775,0.08984312019424762,1.3141165775015287,0.3745432094663199,1.2278016383233212,0.05273906972061928,1.163009457954631,0.32654680141764036,95,0.7451891447368421,0.9226397395574684
196,3,1.0,0.04025279736601039,0.8368,-0.01739999999999997,19,0.125,3.022871426312895,0.06915722875608256,2.831793206837399,0.3498951655970401,1.5153949775650983,0.09606537971524438,1.4006051067487013,0.3838883994755049,1.579723584160413,0.06785554738150908,1.4849710430261747,0.3436286137001652,95,0.6745065789473684,0.9125213362594489
196,3,1.0,0.04025279736601039,0.8368,-0.01739999999999997,11,0.125,2.6569441414911825,0.06078554720713404,2.494665540595224,0.3478937463361322,1.292370063117674,0.08192716927536496,1.2464947646662206,0.28804368201845737,1.3463796098767336,0.057832475458068064,1.4735400218395212,-0.10167449109695587,95,0.8032894736842106,0.9613533988533989
196,3,1.0,0.04025279736601039,0.8368,-0.01739999999999997,12,0.125,2.889327098811392,0.06610200268007191,2.7446200468493642,0.3165299170877038,1.4052584842576044,0.08908350092672546,1.277866402522467,0.41881227830369366,0.9678520040717165,0.04157317658549813,0.8087198285437219,0.5525601351621267,95,0.6841694078947368,0.8371296351944227
197,3,1.0,0.03955869263482096,0.8265,-0.010299999999999976,12,0.125,2.8162594545678936,0.06450561902331829,2.6580085669918407,0.3335926803209852,1.3973144088701839,0.0889729096103688,1.2524898691126332,0.4435437157866753,0.9533565991700991,0.04151613188869452,0.7972845975903762,0.5493000609477118,95,0.6694078947368421,0.8334152334152334
197,3,1.0,0.03955869263482096,0.8265,-0.010299999999999976,0,0.125,2.8963342111178703,0.06633970846810287,2.6635421326750355,0.3935992517411171,1.7464142217739502,0.11120156903111988,1.490834524808966,0.5662647330482514,1.9927573441380424,0.08677925635949629,1.591482863697647,0.7890034119921518,95,0.8202713815789474,0.9748358313699935
197,3,1.0,0.03955869263482096,0.8265,-0.010299999999999976,6,0.125,3.0595771875432445,0.07007874225224098,2.8335396688437577,0.3783824543115188,1.4720959958612518,0.09373456907486685,1.4387953577008132,0.2588739263386822,1.0815708341892862,0.04709951914976589,1.196781702424748,0.03836738794802181,95,0.6296875,0.8772365156066344
197,3,1.0,0.03955869263482096,0.8265,-0.010299999999999976,14,0.125,2.9199063031726293,0.06687962050894862,2.687976423163192,0.3914390827250099,1.6330463334350813,0.10398295680049939,1.383886317126716,0.5670126735098967,1.6741493577874562,0.07290473008712686,1.3148179150138604,0.7433367724393607,95,0.6794819078947368,0.8714069591527988
197,3,1.0,0.03955869263482096,0.8265,-0.010299999999999976,11,0.125,2.5579834206022567,0.05858988017943495,2.411784412756174,0.3416828281123336,1.3436731231905679,0.08555734241098994,1.1938574361957373,0.4590242628935936,1.1497347324530787,0.050067874739721,0.8462815042502644,0.7157527547988206,95,0.8137746710526316,0.959981809913597
197,3,1.0,0.03955869263482096,0.8265,-0.010299999999999976,1,0.125,3.0499446892372823,0.06985811262773699,2.913885937749397,0.299603472393204,1.6691791171441879,0.10628368373676618,1.784566007093263,-0.01869724724808123,2.136850454566332,0.09305412620568042,2.4730659164034456,-0.522863593485524,95,0.6606496710526316,0.9203336030372814
197,3,1.0,0.03955869263482096,0.8265,-0.010299999999999976,8,0.125,3.05587937700818,0.0699940449573208,2.7949510355909144,0.40867178401598153,1.6247462563682658,0.10345445584041697,1.4320969872474245,0.48652614603952177,1.1660144617929542,0.050776813442169666,0.9401748783647549,0.6053818335356231,95,0.6237253289473684,0.826620080427187
197,3,1.0,0.03955869263482096,0.8265,-0.010299999999999976,16,0.125,2.9989649822952744,0.06869043699025701,2.7820407826604314,0.3738408158711486,1.3895192245895105,0.08847655730626473,1.2934318630888897,0.37059697441763306,1.0072599294749982,0.04386347785779582,0.774772550148108,0.6459653594548533,95,0.6870065789473684,0.8631194637299497
198,3,1.0,0.03886847444237134,0.847,0.020499999999999963,5,0.125,2.9393875821772424,0.06741759106221716,2.715352501211863,0.3834358771165315,1.5052547195730408,0.09628591637433725,1.2911766544680723,0.5144654492111644,1.1876214296674101,0.051789881502280595,0.9356052074368614,0.6190481594655137,95,0.6643092105263158,0.8568333745976727
198,3,1.0,0.03886847444237134,0.847,0.020499999999999963,8,0.125,2.9448114836421264,0.06754199329251115,2.8040827181300596,0.3171609919389037,1.3369295133129353,0.08551873755542565,1.3525339082109546,0.2563904606733092,0.9303749146084153,0.04057185680268336,1.0116511967107902,0.2273032465474637,95,0.6271792763157895,0.8297384121156494
198,3,1.0,0.03886847444237134,0.847,0.020499999999999963,15,0.125,3.477564408369169,0.07976117766759236,3.086372549450182,0.4818657344701992,1.9661843595221942,0.1257699845453283,1.5591387572890445,0.6804426119726749,2.0000323321551883,0.08721755510260099,1.5282016564599088,0.7944781152139982,95,0.5459703947368421,0.7880704925440578
198,3,1.0,0.03886847444237134,0.847,0.020499999999999963,14,0.125,2.67916702141703,0.061449190209710944,2.656651252785592,0.24016373790418913,1.4375139948235982,0.0919527774885732,1.6644150397453241,-0.07176362866971943,1.4225352974938983,0.06203402250046326,1.8675271818567218,-0.5453371018769345,95,0.6970394736842105,0.8788933459178858
198,3,1.0,0.03886847444237134,0.847,0.020499999999999963,1,0.125,3.028032930951006,0.06945075467406399,2.801596950548025,0.37961751420009493,1.8511382497734261,0.11841088448178243,1.5275212057414183,0.5984078697806989,2.4836133132886196,0.10830558962608602,1.9490361337336997,0.8542879018353036,95,0.6450657894736842,0.9210861805201428
198,3,1.0,0.03886847444237134,0.847,0.020499999999999963,9,0.125,3.0454900511816163,0.06985114998088483,2.8323709932818093,0.3681141454119604,1.583983042564064,0.10132189375759079,1.3603099560451815,0.5143759584394336,1.0755547747735505,0.04690287068189204,0.8678968058903621,0.5911329307748878,95,0.6272615131578947,0.856637168141593
198,3,1.0,0.03886847444237134,0.847,0.020499999999999963,10,0.125,3.4914005299118296,0.08007852199799173,3.116504756926512,0.46902612217970013,1.8225881638224772,0.11658463464339432,1.4596420522681228,0.6439655255854858,1.3258077940168798,0.057815922508373085,0.9790432123899672,0.7051118194119745,95,0.6901315789473684,0.9314227836034319
198,3,1.0,0.03886847444237134,0.847,0.020499999999999963,18,0.125,3.0837799967677415,0.07072936553468664,2.84243857794979,0.387826875985507,1.5361073592873322,0.09825945257975799,1.4781497340130165,0.318179128072649,1.3229807505806284,0.05769264059301875,1.5490162713999935,-0.12084359941918593,95,0.7433799342105263,0.9453509596769732
199,3,1.0,0.03818221847886444,0.8453,-0.0016999999999999238,2,0.125,3.0985115056472208,0.07115249439986289,2.84922145096798,0.39634563369278186,1.4549112906089479,0.09304127115725953,1.3034054865163305,0.44471050035886406,1.0415633359789371,0.04590677728668526,0.9002402556662877,0.5030106272658693,95,0.60546875,0.7964685908319185
199,3,1.0,0.03818221847886444,0.8453,-0.0016999999999999238,4,0.125,3.158682155048839,0.07253421971757813,2.868137146152359,0.42855155732890204,1.5112115864823181,0.09664166324191766,1.3687745350690812,0.42404249729577675,1.7195781090468232,0.07579019590285219,1.4525092298670457,0.6276209198641071,95,0.6543174342105263,0.8729340790548608
199,3,1.0,0.03818221847886444,0.8453,-0.0016999999999999238,11,0.125,2.766657003462969,0.06353197223455885,2.5899058718320034,0.3532382320488134,1.6020556021434686,0.1024511189446126,1.3859497823393894,0.5185374866436143,1.3663357886729437,0.060221083618005454,1.185328559532978,0.5164651066875098,95,0.7958059210526316,0.9599049292135993
199,3,1.0,0.03818221847886444,0.8453,-0.0016999999999999238,8,0.125,2.9117421897227485,0.06686362773560747,2.700682213772702,0.37385155514607343,1.4105142753575992,0.09020209136586152,1.2598587151074903,0.44979294105993967,1.1033139067603457,0.04862842617952334,0.9161183717029074,0.5659074464532992,95,0.6574424342105263,0.8533992119582213
199,3,1.0,0.03818221847886444,0.8453,-0.0016999999999999238,18,0.125,2.7971449108837962,0.0642320795790274,2.6674102065349934,0.3095986445500674,1.4974961467098458,0.09576456375197036,1.3329202679648926,0.4578666542837734,1.7438883832280232,0.07686166827910063,1.5966030706979646,0.42140535546753555,95,0.7310855263157895,0.9487626546681664
199,3,1.0,0.03818221847886444,0.8453,-0.0016999999999999238,15,0.125,2.895366524389412,0.06648758606727716,2.7230105961917483,0.3410236544276125,1.519466300800774,0.09716955048713087,1.4985695377846395,0.23750818237342491,1.4123690642347657,0.06224999463665897,1.5985270964551326,-0.20222399030733856,95,0.6034128289473685,0.8022487223168654
199,3,1.0,0.03818221847886444,0.8453,-0.0016999999999999238,7,0.125,2.9534955196403603,0.06782242797492366,2.716507798679174,0.3937844391387241,1.5603716935197633,0.09978544175165514,1.3447909793741804,0.5223495220413302,1.316064635797449,0.05800538867245401,1.102590756113314,0.5763082237819233,95,0.7267269736842106,0.9241258345592396
199,3,1.0,0.03818221847886444,0.8453,-0.0016999999999999238,10,0.125,2.7981735990563443,0.06425570180192476,2.6613456450625463,0.3158519083299023,1.4741426383006266,0.09427111179898835,1.458983942043898,0.23463350540164338,1.1933053538027136,0.052594788256965036,1.3060842735957563,-0.012959315375650926,95,0.7243421052631579,0.9296662125340599
200,3,1.0,0.037499999999999985,0.8447,-0.0006000000000000449,1,0.125,2.872245970073534,0.06602482764507046,2.661201042895296,0.37663786822022516,1.6819523995644896,0.10767135699710084,1.4479625448188669,0.5393136630359626,2.147088746949082,0.09521284084313988,1.7003191055904525,0.8267044541258628,95,0.6550986842105263,0.9248054230479538
200,3,1.0,0.037499999999999985,0.8447,-0.0006000000000000449,13,0.125,2.9948815104376565,0.06884387256673292,2.728046966323241,0.41933483067484706,1.376369920912318,0.08810928130486578,1.172391759673382,0.5317501304246558,1.0788550287931258,0.047841921902512304,0.8195789456266439,0.6624504935733501,95,0.6653371710526316,0.8626784500339905
200,3,1.0,0.037499999999999985,0.8447,-0.0006000000000000449,2,0.125,2.836888382126688,0.06521205649856725,2.6575261629030003,0.35019598644178085,1.3752754360357273,0.08803921709145177,1.3219632855228445,0.3066614655537853,1.1167809594353644,0.04952375065933409,0.9021084858587445,0.5944286960415983,95,0.6445723684210526,0.8080505230926257
200,3,1.0,0.037499999999999985,0.8447,-0.0006000000000000449,5,0.125,2.8205675836164663,0.06483688740793406,2.6433694779032866,0.3492522595187214,1.3304106223436614,0.08516716472368104,1.1979996544868259,0.43538698010678434,1.2160239471288197,0.05392468974742794,1.2248827808958367,0.22247478410740948,95,0.6916940789473685,0.8779574366900488
200,3,1.0,0.037499999999999985,0.8447,-0.0006000000000000449,19,0.125,2.998409975167439,0.06892498201141939,2.734813047483404,0.4162859473198952,1.507145907468275,0.09648099737647428,1.2730287134747895,0.5572834842390263,1.8217891836352695,0.08078740286711222,1.5515383691950704,0.5913034843007661,95,0.6569901315789474,0.901990236575291
200,3,1.0,0.037499999999999985,0.8447,-0.0006000000000000449,15,0.125,2.8321707506888876,0.06510361146780765,2.6675323623213774,0.3370892322688287,1.628575001545992,0.10425436560120038,1.4381042435041282,0.4819204373575568,1.5515272758296343,0.06880261460420233,1.1411632160110885,0.8020149080263745,95,0.6153782894736842,0.8297474275023387
200,3,1.0,0.037499999999999985,0.8447,-0.0006000000000000449,11,0.125,2.493342201891565,0.05731489950906136,2.38788686769948,0.30697739468984,1.3610569787688813,0.08712901262388004,1.3329017855476628,0.26869777645621173,1.2339923868659768,0.05472150180064395,1.5174404383245161,-0.3119079247343064,95,0.8088815789473685,0.9595363969093127
200,3,1.0,0.037499999999999985,0.8447,-0.0006000000000000449,14,0.125,2.8670113755536533,0.06590449909223482,2.6980212130790453,0.33890291209312057,1.6177256457822324,0.1035598365182544,1.6485239274540033,0.13612430213767557,1.5999858071845303,0.07095151247344136,1.9346186881017278,-0.4582261111707471,95,0.6943256578947369,0.8754589600852778
201,3,1.0,0.03682189381872215,0.8511,0.006399999999999961,9,0.125,2.7315762965343278,0.06286710847870401,2.579294467512067,0.3322841208914627,1.3349011667723225,0.08587944159114994,1.2666464784685876,0.3253148477236314,1.1100722772258271,0.04991590985150452,0.9221953214854016,0.5591358442339801,95,0.6715871710526315,0.8675075001530643
201,3,1.0,0.03682189381872215,0.8511,0.006399999999999961,6,0.125,2.855884879443848,0.06572806505404181,2.6359651903990846,0.38561001367188175,1.3319836386272081,0.08569174553232131,1.1662032672765894,0.4907241255185476,1.2745510743231374,0.057311922684931065,1.0741968970029392,0.54892766156558,95,0.6254523026315789,0.8753533626980474
201,3,1.0,0.03682189381872215,0.8511,0.006399999999999961,10,0.125,2.848394738490609,0.0655556797890117,2.6334884090004773,0.38156932087037176,1.4907528544281528,0.09590599354876302,1.3735989754337945,0.3895830747983231,1.5291330192912775,0.06875954611951322,1.1568012311928169,0.7655300469842894,95,0.7296463815789473,0.9322626091856862
201,3,1.0,0.03682189381872215,0.8511,0.006399999999999961,4,0.125,2.837307787450319,0.06530051409782002,2.6392414322493103,0.3670935520790757,1.4024837285400737,0.09022729355980716,1.366862815862037,0.2574595171758498,1.4878742840883983,0.06690429097151437,1.231064628154069,0.6063303888627011,95,0.6720805921052632,0.8788620373202815
201,3,1.0,0.03682189381872215,0.8511,0.006399999999999961,1,0.125,2.626188580906228,0.0604416148327383,2.4785231335510223,0.3354647423057119,1.464356340025409,0.0942078019722723,1.3569020318041085,0.376080802035547,1.769939936196069,0.07958775668061079,1.7723142628744886,0.15457090500518625,95,0.6740131578947368,0.9290507564665691
201,3,1.0,0.03682189381872215,0.8511,0.006399999999999961,5,0.125,2.814674051619934,0.06477959966188335,2.659642092528302,0.32935970174176904,1.3767628180589953,0.08857256624042673,1.2356513862954612,0.44411281443152195,1.0416859173173885,0.046840824159973704,1.130767764693112,0.1045650659491706,95,0.6910361842105263,0.8611805307628227
201,3,1.0,0.03682189381872215,0.8511,0.006399999999999961,8,0.125,2.9512002037587393,0.06792174305636951,2.7224913205173684,0.38792885815337763,1.435336624085536,0.09234084952509151,1.3142773027886003,0.40287776135054115,1.426327208211464,0.0641367429891664,1.2617555932563267,0.4729304097800985,95,0.6282894736842105,0.8330497382198953
201,3,1.0,0.03682189381872215,0.8511,0.006399999999999961,3,0.125,2.942477579939484,0.06772099225231554,2.7095600737030403,0.3921845290424192,1.3928871198458175,0.08960990598359864,1.2824346209744388,0.39027795356455197,1.4538419920641208,0.0653739826703565,1.541733232712394,0.03224204922914903,95,0.69375,0.831081081081081
202,3,1.0,0.036147974297015245,0.8403,-0.01079999999999992,3,0.125,2.6345986163565858,0.06070468739371124,2.47469847951905,0.3447695418376338,1.2682642886985482,0.082350582448727,1.134529916362194,0.4469902734002215,1.387143562923264,0.06351705722001144,1.1890004180757663,0.6269059107608685,95,0.7069901315789474,0.8510526927998139
202,3,1.0,0.036147974297015245,0.8403,-0.01079999999999992,16,0.125,3.049887761881172,0.07027350656812295,2.8104402064832668,0.3941051599282533,1.5855584026998755,0.10295303520908596,1.412467571500156,0.4662206512496334,1.4869431871462606,0.06808686427657086,1.3404717268732356,0.4982043486300239,95,0.6610608552631579,0.8509672202525347
202,3,1.0,0.036147974297015245,0.8403,-0.01079999999999992,19,0.125,2.88225691208176,0.06641106685095345,2.6746601527234724,0.37364313469538696,1.4527133931665823,0.09432718016612837,1.3224730613841889,0.4143119947987257,1.2709352251423518,0.05819589808582819,1.4170297816268045,-0.26616328462993005,95,0.6816200657894737,0.9121674609398565
202,3,1.0,0.036147974297015245,0.8403,-0.01079999999999992,13,0.125,2.892425088718315,0.06664535528496916,2.6705973923780593,0.38625838211962543,1.424485155734182,0.09249427213995934,1.2934735420224508,0.4192425643270885,1.0282000042366077,0.04708109545999849,0.9115691607001449,0.4760759001913362,95,0.6722450657894737,0.8347299529023182
202,3,1.0,0.036147974297015245,0.8403,-0.01079999999999992,9,0.125,2.7113047872759597,0.06247210050093764,2.5449854156943252,0.34559097071954437,1.2798625816345028,0.08310367956515448,1.1898842202683921,0.37540583737407374,0.8508689921663618,0.038961139932964524,0.8726031936409204,0.16081063041216537,95,0.6767680921052631,0.8711950908317638
202,3,1.0,0.036147974297015245,0.8403,-0.01079999999999992,1,0.125,2.5973023008202607,0.05984533023717374,2.4816845143212283,0.3054128151726201,1.4324452359423199,0.09301113384403792,1.3804009347418114,0.2892515962075084,1.600895221717001,0.07330470768775557,1.6843048729861443,-0.11215674161184655,95,0.6766447368421052,0.9205153135634419
202,3,1.0,0.036147974297015245,0.8403,-0.01079999999999992,4,0.125,2.8283170450241006,0.06516821993398295,2.627604966288125,0.37040395195999704,1.404435715342967,0.09119242747816422,1.2339060195745555,0.4834919199348468,1.1798125064340204,0.0540234049907063,1.1658452544509805,0.1955765439373379,95,0.67109375,0.8688193125421236
202,3,1.0,0.036147974297015245,0.8403,-0.01079999999999992,18,0.125,2.813090947091685,0.06481739020626846,2.6656877025602745,0.3212222240352571,1.439207628516343,0.09345022762928454,1.3482853529804142,0.3527604035685099,1.8168059435109363,0.08319122126656531,1.6315830583643984,0.5730755312942707,95,0.74375,0.9512383900928792
203,3,1.0,0.03547831533774918,0.8466,0.006299999999999972,13,0.125,2.783675744638339,0.06421183918555896,2.5984709476778876,0.3586965303290055,1.2779005236264795,0.08287960784923103,1.217711186449313,0.3211568491336575,0.9735636874115514,0.04450848094192661,1.073049152442832,0.025981353986662917,95,0.6738898026315789,0.8531942156324364
203,3,1.0,0.03547831533774918,0.8466,0.006299999999999972,19,0.125,2.7075454970381907,0.06245572113715723,2.5941760532912435,0.296593238154698,1.333101961839509,0.08645975627801959,1.3274202523472902,0.2149571800076114,1.4344129353369153,0.06557715907116379,1.6710150879166688,-0.37031701877250367,95,0.6939967105263158,0.9281312951771536
203,3,1.0,0.03547831533774918,0.8466,0.006299999999999972,18,0.125,2.8110377722525204,0.06484300684951434,2.606196906217215,0.37503623939407016,1.5335568384384253,0.0994604721059131,1.387067181340455,0.43358429071018395,1.718448170200169,0.07856241828040819,1.429022217086259,0.694251484311663,95,0.73671875,0.945805659429592
203,3,1.0,0.03547831533774918,0.8466,0.006299999999999972,17,0.125,2.9015259928285335,0.0669303243393498,2.657850095832467,0.4050459991445022,1.3582269043514257,0.088089261348346,1.249268502082817,0.3925404165381874,0.8761294394017917,0.040054072435624005,0.8424060308428077,0.3416573175050025,95,0.6224917763157894,0.8432525265869608
203,3,1.0,0.03547831533774918,0.8466,0.006299999999999972,11,0.125,2.5344864105168274,0.058463718025906476,2.3384416874963483,0.3858787860732956,1.3806548743088023,0.08954385137359043,1.2448337088043242,0.4342959478171897,1.4187332653449856,0.06486033047326593,1.0952054684920685,0.7688174995368443,95,0.8033717105263158,0.956802129184154
203,3,1.0,0.03547831533774918,0.8466,0.006299999999999972,7,0.125,2.685537256856025,0.06194805080879505,2.464285224421842,0.39803140485401517,1.4068832819514325,0.09124492285743495,1.2218122524092578,0.5108437136464492,1.2435460298213417,0.056851283058706,0.9255343700414821,0.7730451289599349,95,0.7278371710526316,0.9209649172363144
203,3,1.0,0.03547831533774918,0.8466,0.006299999999999972,15,0.125,2.872987931329483,0.06627202876768554,2.693158634235095,0.34826037459206255,1.5345735469129584,0.09952641182352678,1.4994911554981567,0.24129378230919507,1.4424051315649766,0.06594253887949104,1.6673619867026734,-0.34270628351600935,95,0.5831003289473684,0.8187715957971934
203,3,1.0,0.03547831533774918,0.8466,0.006299999999999972,14,0.125,2.732091619942279,0.06302193352722534,2.5343745797833206,0.37350814944423183,1.5996424471145643,0.10374652507348905,1.4163132705541162,0.4873499419812242,1.8480335030957482,0.08448668024099008,1.5579897709330566,0.6891875481489502,95,0.6810032894736842,0.8834078009902185
204,3,1.0,0.034812990376575266,0.8473,0.0007000000000000339,18,0.125,2.5670036184013045,0.059287461260084044,2.4800626493706854,0.291257301754607,1.2566245308055548,0.08184501807154158,1.1956090698144086,0.3385563007705308,1.2019854400763057,0.05470124723483698,1.4311876584261665,-0.10515203322557146,95,0.7664473684210527,0.9496244635193133
204,3,1.0,0.034812990376575266,0.8473,0.0007000000000000339,1,0.125,2.671440124822223,0.061699524602801446,2.5557348350957168,0.30826419542568717,1.575222006136415,0.10259554098970083,1.533616778283089,0.2593982778162336,2.0780192731826683,0.0945687378824699,1.863112416324305,0.46742658108979984,95,0.6648848684210527,0.9277056277056277
204,3,1.0,0.034812990376575266,0.8473,0.0007000000000000339,8,0.125,2.8778649654385497,0.06646710835431226,2.6245513640760483,0.41141890561320715,1.3590393150959068,0.08851537955625934,1.1429645425412882,0.5517733341979258,1.0742359232024652,0.048887484710223285,1.0249349425090297,0.38042595876637464,95,0.6347039473684211,0.8401788027986525
204,3,1.0,0.034812990376575266,0.8473,0.0007000000000000339,10,0.125,2.9200543315187395,0.06744151306069304,2.6422242280070667,0.4291843069678847,1.5224844982198875,0.09916070251355767,1.3416774032856424,0.48013389542806606,1.3702798488730648,0.06236017034396201,1.0233260810041542,0.6997332150562579,95,0.7167763157894737,0.9362092703074805
204,3,1.0,0.034812990376575266,0.8473,0.0007000000000000339,4,0.125,2.596086977078829,0.05995916989677881,2.464644779588953,0.327838519338238,1.31616199000464,0.08572274312355778,1.2470549332452372,0.3405868390144007,1.3932803694540061,0.06340690279252492,0.9867503285081544,0.7626406252444659,95,0.6763980263157895,0.8784802431610942
204,3,1.0,0.034812990376575266,0.8473,0.0007000000000000339,12,0.125,2.921934733395542,0.0674849427826557,2.6340449423060286,0.437373982136006,1.3766298642835009,0.08966106689631474,1.2088435763821341,0.4803394225830037,0.7940681789624946,0.036137309430292856,0.8003510730635007,0.406471570772753,95,0.6636513157894737,0.8181536555142503
204,3,1.0,0.034812990376575266,0.8473,0.0007000000000000339,16,0.125,3.088350160949683,0.07132846997656792,2.7808189955720146,0.4441993615726506,1.4565924012777933,0.09486909453297787,1.3081490516882812,0.4406400627668737,0.9775997766493804,0.044489662932875755,0.8605687708881815,0.5044474167528155,95,0.6724506578947368,0.8593004769475358
204,3,1.0,0.034812990376575266,0.8473,0.0007000000000000339,2,0.125,2.947329700531104,0.0680714644063332,2.6755129426461184,0.4225794402112353,1.4038240785508576,0.09143224906218125,1.193674154600287,0.5372704389987235,1.4168124171765675,0.06447782455038921,0.9302097807554043,0.8431887053343284,95,0.6153782894736842,0.8028197247093412
205,3,1.0,0.034152072373872994,0.8477,0.00039999999999995595,8,0.125,2.6757827052811582,0.061866609703112266,2.5173013122370023,0.3416864146004479,1.3189280170155426,0.08650822017740545,1.3284432993367645,0.19649643071722547,0.9774866553733766,0.045468367406495076,1.052707994527416,0.08600888187029224,95,0.6674753289473684,0.8565268280662848
205,3,1.0,0.034152072373872994,0.8477,0.00039999999999995595,6,0.125,2.8449191249697545,0.0657772026084344,2.58361394972887,0.4231964441681524,1.3969929590971106,0.09162848383895833,1.1992214161122856,0.5279055475677766,1.1008813492304255,0.05120814425711733,0.9442067287728773,0.5205305629777085,95,0.6329769736842106,0.8908016110172795
205,3,1.0,0.034152072373872994,0.8477,0.00039999999999995595,5,0.125,2.7272106315851383,0.0630556716692462,2.5022979709183035,0.39823908056391083,1.365669606408149,0.08957399151174039,1.2395343684289954,0.4198199747243943,1.0612744124280735,0.04936580426763964,0.9164363943080425,0.5068805663944808,95,0.6879934210526316,0.8598493903896725
205,3,1.0,0.034152072373872994,0.8477,0.00039999999999995595,15,0.125,2.7437138735638293,0.06343724212648719,2.5206628842125025,0.3954965088126944,1.5596132339740008,0.10229471456790526,1.3332707772674461,0.5533270122219868,1.445247577944419,0.06722654217946654,1.1510328419454352,0.7136090334380801,95,0.6057154605263158,0.8284569954517684
205,3,1.0,0.034152072373872994,0.8477,0.00039999999999995595,1,0.125,2.6428594536783727,0.06110539319885473,2.451684168092004,0.3737261068448302,1.5658785007088523,0.1027056521377926,1.3537034088417839,0.5310835296519151,1.9138246572641648,0.08902268096423023,1.6263779597831014,0.6759209770097782,95,0.6690789473684211,0.9177114060963618
205,3,1.0,0.034152072373872994,0.8477,0.00039999999999995595,17,0.125,2.8803578477495995,0.06659657916927031,2.6403131134255826,0.4022332322148742,1.4588268740973,0.09568415773795651,1.2710824533965386,0.5049623552482017,1.0292802948460709,0.04787757904730716,0.9228948485636748,0.4435500039180824,95,0.620764802631579,0.8678545406372127
205,3,1.0,0.034152072373872994,0.8477,0.00039999999999995595,18,0.125,2.572562000904984,0.059480050055231555,2.4497336059794037,0.3164190688248452,1.2723192995367105,0.08345116388484981,1.3002554084482423,0.17111708229741637,1.5917197425950331,0.07403978117413584,1.6621036015976651,0.003276257559509357,95,0.7629111842105263,0.9568826129136574
205,3,1.0,0.034152072373872994,0.8477,0.00039999999999995595,2,0.125,2.7400738046179494,0.06335308031307735,2.5620653348631865,0.3551185746277531,1.223240693199974,0.08023210808483296,1.2213670023229914,0.2334790145023249,0.8930257218291374,0.041539617344512766,1.0673759012246906,-0.12467864297898422,95,0.6315378289473684,0.8059118432189596
206,3,1.0,0.0334956338067492,0.8507,0.0030000000000000027,12,0.125,2.6884392145927816,0.06222675090713733,2.475244571649921,0.3911349473205327,1.3821631093876388,0.09085975138660422,1.1873830192243473,0.5245922377283027,1.136433625520661,0.05284261706761566,0.8149509025174579,0.7418202770293406,95,0.6693667763157894,0.8405921739664599
206,3,1.0,0.0334956338067492,0.8507,0.0030000000000000027,11,0.125,2.515885053928071,0.05823280352108883,2.3316701898301853,0.3758799043791888,1.4436990652578066,0.09490496255866164,1.2406436651099788,0.5294959003497727,1.4319588900298188,0.06658413970085222,1.0970824034406699,0.7270444134125219,95,0.7925986842105263,0.9564743722764059
206,3,1.0,0.0334956338067492,0.8507,0.0030000000000000027,2,0.125,2.6026656220546873,0.06024143096822744,2.452936032886264,0.3367303911110847,1.2641562262669985,0.08310229064306014,1.1605810849982654,0.399382171600058,1.1977314257074048,0.055692881359004694,1.067372607175827,0.45377509381082115,95,0.6417763157894737,0.817337262942081
206,3,1.0,0.0334956338067492,0.8507,0.0030000000000000027,7,0.125,2.793446149947984,0.06465724677790219,2.5369349289100818,0.42500776650113625,1.426475840364837,0.09377275325483779,1.255978996033838,0.4815867773386073,1.2674704639057517,0.058935651730649304,0.9402101373870784,0.7328436772785166,95,0.7353207236842105,0.9235586870211933
206,3,1.0,0.0334956338067492,0.8507,0.0030000000000000027,17,0.125,2.709435758246807,0.06271273797531353,2.4939320633656528,0.3919526590357454,1.2850464950612623,0.08447556172528942,1.19256689197342,0.377762432626912,0.808804126536776,0.03760829122044769,0.6636590291835267,0.5810245456104639,95,0.6441200657894737,0.8721353335461219
206,3,1.0,0.0334956338067492,0.8507,0.0030000000000000027,15,0.125,2.625762001647568,0.06077602094592964,2.4921696988159217,0.31955943184651037,1.3091445982290169,0.0860597073647147,1.3637514371022592,0.11780495655057442,1.214035525429243,0.056450999808587345,1.59038987389837,-0.5559181709363173,95,0.63359375,0.8465831656823934
206,3,1.0,0.0334956338067492,0.8507,0.0030000000000000027,9,0.125,2.653536688968696,0.061418895272443756,2.4304769277595777,0.40264584286920074,1.352703794884875,0.08892317387736454,1.1914381607036446,0.4771253580402635,1.0634926251763028,0.049450959813581274,0.8771222938018818,0.5673689402023492,95,0.6654194078947369,0.8680714329852314
206,3,1.0,0.0334956338067492,0.8507,0.0030000000000000027,8,0.125,2.6288552431055794,0.060847617270168075,2.5015121514551475,0.31329402249973054,1.3854174860683515,0.09107368551212065,1.2657118488942756,0.4066284313735036,1.144556232971189,0.053220307260390586,0.9294800668712607,0.5937031460101374,95,0.6636513157894737,0.8643122676579925
207,3,1.0,0.032843746661090224,0.8485,-0.0021999999999999797,2,0.125,2.545397777703735,0.05897359625830713,2.396779273945625,0.33753604129035586,1.2452486856212683,0.08210128485010085,1.1377165085752798,0.4065531956862138,1.0913013447722515,0.05053357813031377,0.9662065526418672,0.4661091660898358,95,0.6444078947368421,0.8154032669729454
207,3,1.0,0.032843746661090224,0.8485,-0.0021999999999999797,15,0.125,2.638402738793305,0.061128401716754516,2.5112818046379615,0.3091806551972671,1.4260516179824905,0.0940219182327543,1.4469293880747478,0.1391215428300454,1.6479776694447446,0.07631091880792842,1.7944751604539977,-0.1811377184413139,95,0.6297286184210527,0.8571988246816846
207,3,1.0,0.032843746661090224,0.8485,-0.0021999999999999797,11,0.125,2.292206412119121,0.053107477610420735,2.150912038989874,0.3495097055871046,1.2429928526916267,0.08195255409128191,1.1361311003608288,0.4057182209764004,1.0035051661934038,0.046468106140372174,0.841961649064894,0.5499103556142265,95,0.8069901315789474,0.9609701416488332
207,3,1.0,0.032843746661090224,0.8485,-0.0021999999999999797,0,0.125,2.5096861185325032,0.058146202996583456,2.311051542309556,0.3906610275923401,1.5902488296962993,0.10484770926242483,1.4406560919255254,0.43905245115207164,1.9034888936812182,0.08814256959345972,1.7514029359567236,0.4333948264642202,95,0.8111430921052631,0.9726770416180869
207,3,1.0,0.032843746661090224,0.8485,-0.0021999999999999797,8,0.125,2.6536094235482874,0.061480721065432786,2.471312612847126,0.3646974943342041,1.3824778244873475,0.0911490266785991,1.2695680353296979,0.3966169600661986,0.9874866569120833,0.04572635630731603,0.8330290344470356,0.5406617301423831,95,0.6648848684210527,0.8685219542362399
207,3,1.0,0.032843746661090224,0.8485,-0.0021999999999999797,9,0.125,2.488065554252185,0.05764528229966412,2.3781204657693764,0.3017244852023687,1.221508185310516,0.08053603479121439,1.1769750611796475,0.2953542289160266,0.9174294427712805,0.04248230119702455,0.9340937403079368,0.22150636233218304,95,0.6829769736842105,0.8682721252257676
207,3,1.0,0.032843746661090224,0.8485,-0.0021999999999999797,6,0.125,2.7852804244988287,0.06453136899048499,2.5532878308744693,0.40684420725255316,1.4112231406354667,0.09304425244067689,1.2492233610685886,0.47929030833106734,1.3953618646574943,0.06461334272656412,1.2421688203457333,0.47592759386293665,95,0.6245476973684211,0.8924221476068207
207,3,1.0,0.032843746661090224,0.8485,-0.0021999999999999797,18,0.125,2.6348173173489626,0.06104533210833156,2.420320492148493,0.39826051372500404,1.4066756748940625,0.09274443057819098,1.2687674696671807,0.43791150402192713,1.4956590957530957,0.06925768591197588,1.3105273626970508,0.5258207127359931,95,0.7648848684210526,0.9488764648962477
208,3,1.0,0.03219648242366763,0.8528,0.0042999999999999705,15,0.125,2.64080197068752,0.06125823043817767,2.4601103809791436,0.3647493000239463,1.494305280874902,0.09900380425490889,1.2874128154779454,0.5513249641849448,1.5983203878473031,0.07478577602642195,1.328292616765496,0.64677271695707,95,0.6160361842105263,0.815979175010012
208,3,1.0,0.03219648242366763,0.8528,0.0042999999999999705,11,0.125,2.186424873513607,0.050718122836976784,2.1054368321944374,0.292201157593938,1.2591375606491957,0.08342298603905722,1.2774563838432658,0.1628615518395496,0.962460798603822,0.04503376060637047,1.1217045261379888,-0.07771128638801789,95,0.8067434210526315,0.9559633027522936
208,3,1.0,0.03219648242366763,0.8528,0.0042999999999999705,1,0.125,2.653897314542093,0.061562000883828225,2.4600198590184363,0.3778049354873867,1.6077194341832683,0.10651795332309902,1.405681838275924,0.5330409105560235,2.295027200917526,0.10738484694769564,1.969857488630959,0.7072063643582626,95,0.66171875,0.9291617473435655
208,3,1.0,0.03219648242366763,0.8528,0.0042999999999999705,9,0.125,2.427843944035152,0.056318279614476184,2.291174837090185,0.3323419705411362,1.2164920160745736,0.08059754521284405,1.0839819831558322,0.455868436217213,0.9946823855733924,0.046541416020544145,0.8891191695899383,0.451920914671288,95,0.6791118421052632,0.8763623153305885
208,3,1.0,0.03219648242366763,0.8528,0.0042999999999999705,18,0.125,2.407330568661094,0.05584243436379965,2.268025795103275,0.33666547251449697,1.1383478186863119,0.0754201742158315,1.1366333400846735,0.22416144051510153,1.3766979650258124,0.06441601224089961,1.4299362651142387,0.07660518372304094,95,0.7778782894736842,0.9559150015857913
208,3,1.0,0.03219648242366763,0.8528,0.0042999999999999705,5,0.125,2.4834226703357065,0.0576075297971748,2.3004615675727083,0.3773020031282062,1.260740568440797,0.08352919182689053,1.0979362918209898,0.5023393935477602,0.9830001761130172,0.04599480277151085,0.7485898516620381,0.665359554282061,95,0.6958059210526316,0.8829925540716227
208,3,1.0,0.03219648242366763,0.8528,0.0042999999999999705,7,0.125,2.5362217261907416,0.05883230044123938,2.3372531918152677,0.390476951244232,1.155447720201619,0.07655311226006331,1.1128494159057891,0.3006814141757245,0.8691995115838628,0.04067004368450582,0.9962627838037215,0.02175991852130876,95,0.7525082236842106,0.9307688104475166
208,3,1.0,0.03219648242366763,0.8528,0.0042999999999999705,12,0.125,2.579237394512393,0.05983012752246271,2.4059753401508677,0.36076313504764124,1.1684941674136764,0.07741749246572537,1.1277703577396445,0.29467387496548647,0.8546458803779734,0.03998907595612647,0.862843750499538,0.27983643111675266,95,0.6916118421052632,0.8357907253269917
209,3,1.0,0.03155391207429908,0.85,-0.0028000000000000247,9,0.125,2.447569096891759,0.056838520666300546,2.331861747593324,0.31144815858319536,1.2033489709020697,0.08014406571609782,1.205994336149448,0.21314120395797445,0.959139473274097,0.04518434973569197,0.8985726574839451,0.41317881651488075,95,0.6848684210526316,0.877521613832853
209,3,1.0,0.03155391207429908,0.85,-0.0028000000000000247,16,0.125,2.8208783944510887,0.06550767254078446,2.581339782867439,0.41148902132120846,1.4061387748800063,0.0936500392695376,1.2194021438603504,0.5187234770642718,1.0083075304817009,0.04750062047065525,0.6847741877607225,0.7484121489619746,95,0.6676809210526315,0.8498583569405099
209,3,1.0,0.03155391207429908,0.85,-0.0028000000000000247,1,0.125,2.5597163550795803,0.05944285337350473,2.412111133399235,0.33579513022196444,1.49315507453804,0.09944539889238857,1.4803402371132424,0.20013679293392786,1.898198125969512,0.08942270689648806,1.957658593940715,0.06053686334289402,95,0.6687911184210527,0.9176759913925607
209,3,1.0,0.03155391207429908,0.85,-0.0028000000000000247,14,0.125,2.577701310567943,0.05986050788038095,2.393428418413207,0.371455688182739,1.5556757631409435,0.10360932996904926,1.3512339611757243,0.5325235009029172,1.8771062363027438,0.08842908360618945,1.6809661072161837,0.4678550686727881,95,0.6814967105263158,0.8646072161216363
209,3,1.0,0.03155391207429908,0.85,-0.0028000000000000247,4,0.125,2.6790344593162616,0.06221371060574095,2.439139603369363,0.4199849612377896,1.4092665790307972,0.09385835368827199,1.1984567219613054,0.557739866116511,1.4403809748391674,0.06785528021029633,1.0318910574750038,0.7880487460640208,95,0.6591282894736842,0.8736743605739239
209,3,1.0,0.03155391207429908,0.85,-0.0028000000000000247,6,0.125,2.618902014701741,0.06081728866191186,2.4287157199603318,0.37463460932521425,1.2971778617515286,0.08639314971096798,1.2198852906090045,0.3452119702330183,1.2175372430560385,0.05735727716291454,0.9429237009655898,0.6505821586124362,95,0.6351973684210527,0.884127395132056
209,3,1.0,0.03155391207429908,0.85,-0.0028000000000000247,8,0.125,2.6209631591186833,0.060865153459554296,2.455579367000137,0.3496361960703867,1.2583652708090294,0.08380819811810139,1.1815625123640043,0.3504438692445189,1.0245093034383077,0.048263873986966736,0.9398697617964089,0.4300067927094721,95,0.6634868421052632,0.8578953891918691
209,3,1.0,0.03155391207429908,0.85,-0.0028000000000000247,7,0.125,2.373859409674005,0.05512680205310457,2.2897100279987335,0.2847444067134217,1.1651616005132,0.07760075434427166,1.095313987295923,0.3543650799119612,1.0745170953431329,0.05061970400116072,1.0498331221158355,0.32278223523850946,95,0.7637746710526315,0.9297981157469717
210,3,1.0,0.030916106078064522,0.8434,-0.006599999999999939,9,0.125,2.385310975180352,0.055456084275098794,2.257133151796458,0.32735517060760205,1.1573979466856326,0.07706925200997276,1.056592540202959,0.4109165100802492,0.7578856632204523,0.03627271712591908,0.692722894012055,0.41122694646877606,95,0.7110608552631579,0.8926733360319205
210,3,1.0,0.030916106078064522,0.8434,-0.006599999999999939,3,0.125,2.4731485274086036,0.05749821913699872,2.3239234005873524,0.34280357853876314,1.2035341230861687,0.08014138516518672,1.156928100282764,0.3065277307062495,1.1799284787635276,0.05647185850849919,1.2125014776959355,0.06267152143366127,95,0.7137746710526316,0.8463621176335042
210,3,1.0,0.030916106078064522,0.8434,-0.006599999999999939,5,0.125,2.5012727328310818,0.05815207866404057,2.312512217444238,0.3816826825721184,1.2586176216015588,0.0838093059877788,1.0769826329059733,0.5284397526124321,1.1773726550465222,0.05634953574240184,1.0415131565481297,0.5069776984327903,95,0.6901315789473684,0.8820305052430887
210,3,1.0,0.030916106078064522,0.8434,-0.006599999999999939,6,0.125,2.4245051651857272,0.056367309824575836,2.287728563633287,0.3333735852276899,1.2338124539580455,0.08215757010752948,1.1521566356891566,0.3638047003122159,1.1622608099586889,0.05562627666953263,1.1011846434814243,0.31999996874267983,95,0.6342927631578947,0.8811098145987294
210,3,1.0,0.030916106078064522,0.8434,-0.006599999999999939,10,0.125,2.723348300538911,0.06331511255202854,2.4776801431378748,0.4256884852951081,1.5035078939640178,0.10011615202076177,1.2973245984244877,0.5384531771042923,1.1403161706734668,0.05457599727799379,1.0366769368400761,0.43178302428618187,95,0.7211348684210527,0.9280419660166496
210,3,1.0,0.030916106078064522,0.8434,-0.006599999999999939,12,0.125,2.5109828405098993,0.05837782891436844,2.34090989170568,0.36177669046026945,1.1702855233052354,0.0779274148338643,1.1449825305059815,0.2738124379050064,0.7996022569007999,0.0382692903235097,0.8598797725311781,0.054381531751832496,95,0.6849917763157894,0.8374452248034095
210,3,1.0,0.030916106078064522,0.8434,-0.006599999999999939,7,0.125,2.362388806527678,0.054923166877829624,2.2549829943923094,0.30726993476253256,1.1419610277861987,0.07604133261861314,1.125736778554292,0.262616226514792,1.0744538407349429,0.051423799289497044,1.1408441242041139,-0.019883668469480267,95,0.766858552631579,0.9264879356568365
210,3,1.0,0.030916106078064522,0.8434,-0.006599999999999939,15,0.125,2.6237625939861347,0.06099984490238027,2.4164860775094423,0.39261467651762044,1.5104996177275556,0.10058171956583929,1.286794863192355,0.56609188309011,1.5334582715336151,0.07339193866180868,1.3167029179178507,0.6736015249135852,95,0.6061677631578948,0.8392348392348392
211,3,1.0,0.030283134377578798,0.8523,0.008899999999999908,15,0.125,2.4981315673346853,0.058140499681193246,2.3588708783597157,0.3307987123025551,1.361319503527232,0.09117035800517027,1.2718448365612174,0.35676797219511847,1.3561734975238084,0.06507688759240782,1.2426301265137976,0.4533397807132825,95,0.6263157894736842,0.8360031512605042
211,3,1.0,0.030283134377578798,0.8523,0.008899999999999908,5,0.125,2.4131932092345623,0.05616367882571279,2.315455942967208,0.29350894835529595,1.1728484309738219,0.07854806388994524,1.1799050809509366,0.18483769998167837,1.057409867442124,0.0507405160241497,1.1017277010530124,0.016132864284553308,95,0.6980674342105263,0.8804264593273252
211,3,1.0,0.030283134377578798,0.8523,0.008899999999999908,17,0.125,2.664729945228528,0.06201784267764664,2.4292966205954287,0.41828625814486164,1.2752666506006072,0.08540722202690892,1.1347259144071313,0.4670367848807869,0.7307911807259732,0.03506750103025977,0.7879150180102132,0.04204378903274257,95,0.6277960526315789,0.851126539166885
211,3,1.0,0.030283134377578798,0.8523,0.008899999999999908,13,0.125,2.717198642401474,0.06323897782967187,2.492146437278789,0.4047462943778593,1.2745879105161286,0.08536176541195996,1.203697533610247,0.3309278376245306,0.7979471642541615,0.038290025581285934,0.7759288106292169,0.2712487449231906,95,0.6423108552631579,0.8265155879905256
211,3,1.0,0.030283134377578798,0.8523,0.008899999999999908,2,0.125,2.578318362891702,0.060006734599513716,2.380742654739483,0.38537498924913477,1.311371932758136,0.08782526679277805,1.1683717612579598,0.46710627000914856,0.910247037381128,0.04367880971065354,0.8147057382519501,0.45650353858848264,95,0.6137335526315789,0.8128098619857966
211,3,1.0,0.030283134377578798,0.8523,0.008899999999999908,12,0.125,2.4303449942655315,0.05656286250569363,2.3095220097714386,0.3165042586303842,1.210280992094062,0.08105499924901427,1.1685377926182448,0.28122077608456925,0.9211164355697521,0.044200385014558044,0.8896511937861129,0.2720480823948659,95,0.6953947368421053,0.8413552507095553
211,3,1.0,0.030283134377578798,0.8523,0.008899999999999908,4,0.125,2.5849529920584113,0.06016114626461407,2.383842982103722,0.38854081403289986,1.385034264536626,0.09275858416782456,1.2205945612826954,0.49912241304412847,1.3746352209608081,0.06596278567481792,1.1873210092575184,0.6529112007745596,95,0.6563733552631579,0.863434191568001
211,3,1.0,0.030283134377578798,0.8523,0.008899999999999908,3,0.125,2.435668868034053,0.05668676818191535,2.326403376253738,0.30396394846290525,1.1603405688182638,0.07771038671890136,1.0966539785745846,0.334157854246749,1.0627548658594863,0.050996999329437256,1.0600411027448036,0.16207343361718637,95,0.7002467105263158,0.8313564298297123
212,3,1.0,0.02965506638532189,0.8285,-0.023799999999999932,15,0.125,2.387042204455408,0.05561151355598727,2.301899459959243,0.2826072844855388,1.2778035251322473,0.0856542661023342,1.3432369806926847,0.05881415904841455,1.2842057044723207,0.06213885200495482,1.5315458671821247,-0.406509778965746,95,0.63671875,0.846044559250888
212,3,1.0,0.02965506638532189,0.8285,-0.023799999999999932,19,0.125,2.661968416573711,0.062016537624508664,2.443561325610003,0.40102823425843404,1.3771414285499364,0.09231312644043359,1.303787618846667,0.324038615154057,1.2708652016006514,0.06149334519033204,1.4718506800211486,-0.28721127500022775,95,0.6558799342105263,0.9168704156479217
212,3,1.0,0.02965506638532189,0.8285,-0.023799999999999932,11,0.125,2.220367852593911,0.05172845989205103,2.077539458949638,0.3568809349154406,1.1950060254390764,0.08010414909933657,1.0594060981252682,0.4654016239535342,1.443109882673715,0.06982774731030832,1.120503072522676,0.7799813471348106,95,0.8092105263157895,0.9616869918699187
212,3,1.0,0.02965506638532189,0.8285,-0.023799999999999932,17,0.125,2.417600722166116,0.05632344291305854,2.3227532111481346,0.29047377965919785,1.2406591554345758,0.08316438900956397,1.2613523467903094,0.1578485328944294,0.7341010845098132,0.035520943792860485,0.7914282193973924,0.18605176053442188,95,0.6547697368421053,0.8762245666917859
212,3,1.0,0.02965506638532189,0.8285,-0.023799999999999932,0,0.125,2.516045779475168,0.058616941800025774,2.3313239593609074,0.37636410237637974,1.6088236302462455,0.10784334573077128,1.405701259599013,0.5377970467535168,2.099651348609805,0.10159581440800287,1.792154563587619,0.7265033899554393,95,0.804358552631579,0.9733156119006237
212,3,1.0,0.02965506638532189,0.8285,-0.023799999999999932,16,0.125,2.7556115336267606,0.06419816451979377,2.4887477109623544,0.4440594721945388,1.328721679222155,0.08906743333350554,1.1210283684025748,0.5726367537534076,1.0009839718536682,0.04843460410565991,0.7045241175354623,0.7772158911316945,95,0.6762335526315789,0.8688434877781831
212,3,1.0,0.02965506638532189,0.8285,-0.023799999999999932,3,0.125,2.4467018149879025,0.05700141828145888,2.2512933238690542,0.392104001889504,1.2519632766146964,0.08392213163945292,1.1481388419535874,0.39873257112242216,1.13377710278716,0.05486006435833915,0.9195669616962566,0.6234501440766113,95,0.7263980263157894,0.8622778218045964
212,3,1.0,0.02965506638532189,0.8285,-0.023799999999999932,4,0.125,2.4777383807339137,0.057724484842030806,2.300376352324944,0.37155857571472906,1.2362827435795887,0.08287102751992362,1.0996704380475748,0.4608060248367853,1.234986170353617,0.05975726676849017,1.2038738561590538,0.2536255754336174,95,0.6723684210526316,0.8790973581213307
213,3,1.0,0.029031970976026777,0.841,0.012499999999999956,8,0.125,2.459483216251463,0.05735617001307968,2.263102665381439,0.39383294713142636,1.146025612810488,0.07721882527571043,1.0219024396609868,0.45569624932652575,0.897482391175708,0.04347814710463891,0.7898682557600171,0.47687160715855237,95,0.6619654605263158,0.8513572271569663
213,3,1.0,0.029031970976026777,0.841,0.012499999999999956,12,0.125,2.3905297623557105,0.05574814683223376,2.2290344471281656,0.36131546900194916,1.231159214030623,0.08295509905897071,1.0834816337087436,0.48813649274255155,0.8125878673444858,0.03936546853645347,0.7452885056885051,0.4050390982670075,95,0.6866365131578948,0.8449008922689981
213,3,1.0,0.029031970976026777,0.841,0.012499999999999956,16,0.125,2.5079793542238074,0.05848712009077891,2.3186860752281606,0.38304282609582724,1.26120388587532,0.08497949907211891,1.1472034986847346,0.41877472690098616,0.9335672940995677,0.045226264653246084,0.7903228154739093,0.5486197643086592,95,0.6868421052631579,0.8635656130268199
213,3,1.0,0.029031970976026777,0.841,0.012499999999999956,0,0.125,2.235489439299877,0.052132542111162965,2.0901478015099975,0.3560202686839598,1.3788362934134455,0.0929055316344904,1.2936209448873726,0.3462847832459713,1.8815959178104267,0.0911531021782838,1.7475793359063847,0.436122999449638,95,0.8250822368421052,0.9736868334496163
213,3,1.0,0.029031970976026777,0.841,0.012499999999999956,13,0.125,2.5550641077254275,0.059585156096480504,2.3702236215581456,0.37524567276329507,1.2612545621440518,0.08498291362228,1.2058942538614197,0.30033063254351394,1.2234071294796847,0.059267430389024746,1.1979385824447752,0.22356503844440945,95,0.6786184210526316,0.8568225884634028
213,3,1.0,0.029031970976026777,0.841,0.012499999999999956,19,0.125,2.391816093288825,0.055778144603800275,2.2816554842517744,0.30522251750951007,1.2499454705650552,0.08422091078665056,1.2261325584943572,0.23582356354648476,1.5503465675838695,0.07510587036730705,1.5933230425372653,0.012920571170951743,95,0.6728618421052631,0.9169518455145441
213,3,1.0,0.029031970976026777,0.841,0.012499999999999956,9,0.125,2.3426899917734505,0.05463250351465712,2.2048877427762905,0.3392281442024185,1.2215365145779578,0.08230672476487987,1.1675371473863574,0.30338392410025405,0.7755010755585442,0.0375688149143184,0.7932008049810401,0.20413047123724848,95,0.6746299342105263,0.8684098250746632
213,3,1.0,0.029031970976026777,0.841,0.012499999999999956,7,0.125,2.23407717522627,0.052099607526460805,2.0683037364918357,0.3781239114819821,1.1019092091558123,0.07424627664545005,0.9722885390397615,0.47371351154761143,1.04658013015654,0.050701122721893706,0.8992406210667021,0.5383152185816074,95,0.7493832236842105,0.9232373113854595
214,3,1.0,0.028413916479126725,0.8506,0.009600000000000053,2,0.125,2.475526145543228,0.05778954375206356,2.2831419057220304,0.3897062390215101,1.2318448674852773,0.08339251228113383,1.1043421484452938,0.44569749871714043,1.0680175566447718,0.052120325021358625,0.913872518277604,0.5577294617718778,95,0.6369654605263158,0.8171196178426183
214,3,1.0,0.028413916479126725,0.8506,0.009600000000000053,5,0.125,2.3722827079096533,0.05537939301825677,2.1964085921679524,0.37861675712392295,1.2393655952295894,0.08390164488162186,1.0987783920216057,0.4684215474444259,1.1060189148312984,0.05397482931074233,1.0434911902629374,0.3315283449848142,95,0.6938322368421053,0.8607917506222591
214,3,1.0,0.028413916479126725,0.8506,0.009600000000000053,19,0.125,2.4143271491540323,0.056360893084898125,2.2672772967741475,0.3436972570160844,1.2869982039291172,0.087126241590838,1.132348318137361,0.48716055074748377,1.5674709297914378,0.07649414919630747,1.3939922131428564,0.5578310888385835,95,0.6831003289473684,0.9143441882862818
214,3,1.0,0.028413916479126725,0.8506,0.009600000000000053,13,0.125,2.4178670159851525,0.056443528967973645,2.2459161999984047,0.3710920049761415,1.2289242478821278,0.08319479436019028,1.0949657230020362,0.45792713402464164,1.1866216402190068,0.057908322930465626,0.9655377437314843,0.6940730405803033,95,0.6954358552631579,0.8532489800744989
214,3,1.0,0.028413916479126725,0.8506,0.009600000000000053,0,0.125,2.0816631307068665,0.04859506848094463,2.0500217337827893,0.23941981193516407,1.2570110479685115,0.08509619354036707,1.338062627684235,0.023663374604246893,1.4480828456160422,0.07066789127368739,1.6680249988525746,-0.5044446139649537,95,0.8318256578947368,0.970242214532872
214,3,1.0,0.028413916479126725,0.8506,0.009600000000000053,3,0.125,2.3289469174738215,0.054367747246738485,2.195910688553587,0.3342369072008839,1.1878211798153953,0.08041222960790564,1.0779056484695189,0.4202096365119089,0.8934754635180047,0.04360249629553261,0.9160965998405859,0.14774700335645136,95,0.7106907894736842,0.8508447118722517
214,3,1.0,0.028413916479126725,0.8506,0.009600000000000053,16,0.125,2.3586294642466443,0.05506066694725908,2.233886372915146,0.3227027883207753,1.1736195457459802,0.07945081800908675,1.140868247335207,0.27446788474388123,0.7701173648141536,0.037582497693018975,0.885537898990167,-0.08955053518295995,95,0.7078947368421052,0.8713986988847584
214,3,1.0,0.028413916479126725,0.8506,0.009600000000000053,6,0.125,2.5540017769788528,0.05962150619951518,2.318215988057875,0.4320155487779032,1.324913704919856,0.08969301681186907,1.1253357923430172,0.5618049438157792,1.2582406266948187,0.06140340110553458,0.9892888887145287,0.7914300104812779,95,0.6298930921052631,0.8847183236503688
215,3,1.0,0.0278009706712622,0.8517,0.0010999999999999899,18,0.125,2.4308236675790402,0.05680721611032243,2.23218557405169,0.4008087682584992,1.4193963688994182,0.09668996371155565,1.2475260201213465,0.5127354589675468,1.492588572839705,0.07324527065174136,1.3056082511021774,0.5862854944622407,95,0.7596217105263158,0.9493883295442244
215,3,1.0,0.0278009706712622,0.8517,0.0010999999999999899,6,0.125,2.3103786262769055,0.053992471634232375,2.197540931151767,0.3118470518981756,1.2403947059197094,0.08449628428764934,1.2085415343147166,0.253978026387541,1.015302282379085,0.04982356948150994,1.0430500158138134,0.11488562611003837,95,0.635485197368421,0.8843739890003235
215,3,1.0,0.0278009706712622,0.8517,0.0010999999999999899,9,0.125,2.2811951914202573,0.05331046836396052,2.1675939286009713,0.3149638837860911,1.162489591736941,0.07918935041891106,1.0979110519619135,0.3344431057239862,0.7794954859894501,0.03825190603897215,0.8904950574186759,-0.06539432644012283,95,0.6813733552631579,0.8599360328284352
215,3,1.0,0.0278009706712622,0.8517,0.0010999999999999899,3,0.125,2.231309325434344,0.05214465892755054,2.093129743209672,0.3471099989351776,1.0647997808210674,0.07253467348764021,1.0008950615203789,0.3508940216976768,1.0280719823974322,0.050450212449977744,0.892528578670933,0.5170006988503021,95,0.7196134868421052,0.8510942231872465
215,3,1.0,0.0278009706712622,0.8517,0.0010999999999999899,16,0.125,2.3109785857416028,0.054006492407282704,2.174399077508546,0.3391049063060148,1.1597147722981336,0.07900032838340137,1.0640719544167903,0.39766899581928683,0.9484203055364707,0.046541493908439834,0.7563251250686164,0.6529513932274815,95,0.7103207236842105,0.873053545586107
215,3,1.0,0.0278009706712622,0.8517,0.0010999999999999899,4,0.125,2.478412313264609,0.057919340579042154,2.2926310511263392,0.3833324321252615,1.2373991569644365,0.08429222605125544,1.1308595096857732,0.40745170018218385,1.341173105513776,0.06581491302542808,1.335881140846032,0.1564327467373986,95,0.6741365131578947,0.8752058554437329
215,3,1.0,0.0278009706712622,0.8517,0.0010999999999999899,8,0.125,2.3778926022257427,0.0555702417840567,2.193068328762492,0.38891753899314585,1.1838635451143023,0.08064535440885502,1.0660414429461083,0.43758686870642227,0.9387267243181012,0.04606580422888313,0.7621750668110784,0.6218581166916904,95,0.6622532894736842,0.8563268347199802
215,3,1.0,0.0278009706712622,0.8517,0.0010999999999999899,5,0.125,2.2487909198778016,0.052553195641565485,2.1271737714421493,0.3267470439806963,1.1565655993047634,0.07878580520360315,1.0879395879040268,0.3437165615871922,0.9149014864149844,0.0448966367635073,0.9214727284293028,0.19184281041400025,95,0.6904194078947369,0.8749329998213329
216,3,1.0,0.027193200768848267,0.8551,0.0033999999999999586,7,0.125,2.2547927554724008,0.05274810474715164,2.102658830684082,0.36335696563898273,1.1272860741095947,0.07696855588422166,1.0291369574624258,0.41310545320036307,0.8706817777000619,0.04297589039535937,1.126484670575816,-0.29663776689610344,95,0.7550986842105263,0.9304617730341973
216,3,1.0,0.027193200768848267,0.8551,0.0033999999999999586,2,0.125,2.4483727287497445,0.057276670258373026,2.2123299547510284,0.4326850569328668,1.1886481764102919,0.0811582221176443,1.02599041853734,0.5079694620866201,0.9648791203996616,0.04762536713769526,0.68861289212797,0.7318015265014957,95,0.6372532894736842,0.8141695702671312
216,3,1.0,0.027193200768848267,0.8551,0.0033999999999999586,17,0.125,2.410022918449134,0.05637952358896829,2.1629688426771048,0.44632614874162835,1.2675106151892392,0.08654277193665795,1.0669010455598023,0.5556240935757363,0.7312326915563071,0.03609283760231984,0.6552340881387302,0.48666705655331716,95,0.6346217105263158,0.8667876117662304
216,3,1.0,0.027193200768848267,0.8551,0.0033999999999999586,18,0.125,2.1617261810019306,0.05057092664210737,2.141121971563048,0.23312760406871974,1.106456569356959,0.07554636418203087,1.1623356695364528,0.1365651184666328,1.1366508644698754,0.05610383060764541,1.4715094665260329,-0.5450415805117845,95,0.7686677631578948,0.9549588103134695
216,3,1.0,0.027193200768848267,0.8551,0.0033999999999999586,19,0.125,2.4852341032203533,0.05813899680123629,2.2727093482533696,0.4066149112030493,1.3323715991118288,0.09097133393206329,1.1476818619086306,0.5214144209143224,1.45848719540092,0.07198931625530972,1.0628157637818065,0.8536618857958567,95,0.6781661184210527,0.915661189595586
216,3,1.0,0.027193200768848267,0.8551,0.0033999999999999586,9,0.125,2.193496944348086,0.051314164595490305,2.012913687397678,0.39771633202599455,1.1152997471733381,0.07615015645941858,0.9703499336273753,0.49310845301379735,0.8945437769393174,0.04415369230896926,0.5838860279016156,0.7921056764837489,95,0.6938733552631579,0.8881185185185185
216,3,1.0,0.027193200768848267,0.8551,0.0033999999999999586,4,0.125,2.3218663219477627,0.05431720838278319,2.1515568986394022,0.3762619313959217,1.1109741010741208,0.07585481107977664,1.0841613221003652,0.29132986047811865,1.2384470521300852,0.061128377940089594,0.8963257707592194,0.7902737179363776,95,0.6659128289473685,0.8728619944427293
216,3,1.0,0.027193200768848267,0.8551,0.0033999999999999586,10,0.125,2.538315646179696,0.059380774246797226,2.307458899552676,0.4213671966206973,1.5281223289484032,0.10433675317642341,1.3240469202271392,0.5300604227776116,1.2268868948002238,0.06055778134890611,0.925571281091185,0.731289704648839,95,0.7099917763157895,0.933920194590838
217,3,1.0,0.026590673420703724,0.8475,-0.00759999999999994,7,0.125,2.151990560579204,0.05039091062677737,2.03545442599806,0.32822391418393304,1.120484100588205,0.07632744527593319,1.0227048219037398,0.41160263271936004,1.1700884861244902,0.058423640847216254,0.933965824140831,0.6356490762046153,95,0.7642680921052631,0.9329638994996503
217,3,1.0,0.026590673420703724,0.8475,-0.00759999999999994,2,0.125,2.1496557134568923,0.05033623795542703,2.067630026916461,0.28782834619175207,1.0862313520011444,0.07399414595293816,1.05533708170284,0.2969673725803199,0.859954936871611,0.0429383751505714,0.9095014975465552,0.19372541026738346,95,0.6360608552631579,0.811881828172474
217,3,1.0,0.026590673420703724,0.8475,-0.00759999999999994,6,0.125,2.3698255183626267,0.05549172384135665,2.2021419786761043,0.3705619086398631,1.1512304605106793,0.07842188918922464,1.0906358849166204,0.33871239084136845,1.0266319009504878,0.05126071589857926,1.0697510635331933,0.15965353684766354,95,0.6386101973684211,0.8815916553988796
217,3,1.0,0.026590673420703724,0.8475,-0.00759999999999994,11,0.125,2.2170074585346162,0.0519133432777922,2.0133321502253803,0.42252066153402024,1.3255913214331372,0.09029936167039337,1.0795064975776945,0.6267042495008016,1.340947892202677,0.06695481493742828,1.0490414173728788,0.7025557251191246,95,0.7843338815789473,0.959737876802097
217,3,1.0,0.026590673420703724,0.8475,-0.00759999999999994,16,0.125,2.5601890525087994,0.05994926748094188,2.3114817028273946,0.4501860436266948,1.2990873553438178,0.08849390988378102,1.0890584056957084,0.5723123022924714,1.0034101022368964,0.05010122920679681,0.6828543171048785,0.7842708886484645,95,0.6958470394736842,0.8673403060923004
217,3,1.0,0.026590673420703724,0.8475,-0.00759999999999994,18,0.125,2.288435953461156,0.05358590958453275,2.11686012449316,0.38083059122011836,1.2869904425969518,0.08766986744961398,1.0872067164994423,0.5572209564802049,1.4995261806306126,0.07487278103926227,1.2372698614964113,0.6414879064973401,95,0.762952302631579,0.9539207760711399
217,3,1.0,0.026590673420703724,0.8475,-0.00759999999999994,9,0.125,2.023004719412389,0.047370584184171005,1.954989932698667,0.28287583964505675,0.9700675519057024,0.06608106080503219,1.0438982041074079,0.1184248835990966,0.7495009031435128,0.03742329926256703,0.9973615433943117,-0.2326765798969053,95,0.7182976973684211,0.8961589100692655
217,3,1.0,0.026590673420703724,0.8475,-0.00759999999999994,4,0.125,2.2142508455674155,0.05184879455708339,2.084103796637008,0.3388873918589371,1.1899169316487308,0.08105721396282783,1.0517983966767477,0.46887545262267744,1.2526659848347268,0.06254681459340679,1.1661332177284913,0.3671005199624594,95,0.6888157894736842,0.8813872970391595
218,3,1.0,0.02599345470074211,0.8511,0.0035999999999999366,11,0.125,1.9201191725591942,0.04500797036444505,1.879770688631596,0.2666411579938713,1.0275670570755315,0.07036657260587206,1.0813624283239291,0.16213564209027378,0.8331962448437249,0.04180991303058426,1.0280080553191797,-0.2328105532871547,95,0.8079358552631579,0.9599470710977658
218,3,1.0,0.02599345470074211,0.8511,0.0035999999999999366,10,0.125,2.382557643693732,0.05584761891420761,2.18906640881564,0.3971775017357243,1.440253286529436,0.09862683584451461,1.1940715853232624,0.6033923917318659,1.2530063069648814,0.06287604516364716,0.9824677867522934,0.7252130927802388,95,0.7222450657894737,0.9382294335325932
218,3,1.0,0.02599345470074211,0.8511,0.0035999999999999366,15,0.125,2.4633018320841247,0.05774027854185576,2.2342213166494593,0.43034187471075036,1.5144832517706104,0.1037100157720028,1.2862736270028998,0.5681189206750193,1.6444658418068492,0.0825195435687623,1.347260875942404,0.7496942681136602,95,0.5956414473684211,0.8279718348750518
218,3,1.0,0.02599345470074211,0.8511,0.0035999999999999366,5,0.125,2.259548061262145,0.05296425015265072,2.0781794171650962,0.3930815804123751,1.2802894346222424,0.0876727011026151,1.0913957033422073,0.5343954624153711,1.0340158734885592,0.051887072235795945,0.9076899282687425,0.48250667925946233,95,0.6925164473684211,0.8564303526897044
218,3,1.0,0.02599345470074211,0.8511,0.0035999999999999366,2,0.125,2.202049097782948,0.051616463160446095,2.0777085755028706,0.334680174460079,1.068993821431769,0.07320342826587718,0.9956941066353523,0.3841987611442135,0.9652729907538732,0.048437544028731176,0.8740094538763666,0.4254352301716298,95,0.6504111842105263,0.8310152990264256
218,3,1.0,0.02599345470074211,0.8511,0.0035999999999999366,8,0.125,2.282124801214743,0.0534934533694271,2.0779594985920222,0.4161163886572806,1.1380836126722678,0.07793461517788788,1.0188754358858223,0.44656305344540015,0.7801073093920161,0.0391459022553814,0.7357672822171933,0.3793557532614499,95,0.6471628289473684,0.8486562043331851
218,3,1.0,0.02599345470074211,0.8511,0.0035999999999999366,16,0.125,2.225278888967667,0.052160974026311036,2.0844254748799456,0.35117469050131705,1.029403392293683,0.0704923226623448,0.9677859194983531,0.37364998943475747,0.7473236843963319,0.03750081501647536,0.7815118439246105,0.2137548645620842,95,0.7166529605263158,0.8826668196683688
218,3,1.0,0.02599345470074211,0.8511,0.0035999999999999366,12,0.125,2.2911179069353222,0.053704253533052713,2.1236143846821594,0.3754178148572862,1.1463922927414152,0.0785035837287176,1.0557224672712426,0.3971191767417331,0.7244981739749694,0.036355427466421224,0.7382841524333282,0.2709964626766594,95,0.683922697368421,0.8317801959959117
219,3,1.0,0.025401610100726092,0.8514,0.000300000000000078,13,0.125,2.4326880509851856,0.05707923444128467,2.209372470055191,0.4350239060270874,1.2248487646657478,0.0836437355517115,1.0703014302481053,0.5118202367504255,0.8403351076525778,0.042399820121238926,0.8858800885633813,0.062268636111506195,95,0.6789884868421052,0.8532065645249197
219,3,1.0,0.025401610100726092,0.8514,0.000300000000000078,8,0.125,2.1602077881958692,0.05068590966046222,2.026640756138502,0.3463200015261136,1.037052436013376,0.07081930619804523,0.9983277303555557,0.2960285387466423,0.9569951741885352,0.048286002658909775,0.8347002942809847,0.5155063507716676,95,0.6687911184210527,0.8615431909007071
219,3,1.0,0.025401610100726092,0.8514,0.000300000000000078,10,0.125,2.1501022090220046,0.050448797991912535,2.0427424956353604,0.3149888047295327,1.1781142579271084,0.0804522813611583,1.1309455785327593,0.2902047912800359,1.0168314884543148,0.05130509461220691,1.0738334468769561,-0.00761096434681168,95,0.7345394736842106,0.9317062248096731
219,3,1.0,0.025401610100726092,0.8514,0.000300000000000078,7,0.125,2.0871999296870754,0.04897289402321603,1.9716008680051296,0.3304113412655915,1.071141515084907,0.07314721638362529,0.9636304065799853,0.4380974647595475,1.0644543434523197,0.053707946126069946,0.9510564482854582,0.4766000761772589,95,0.7498355263157894,0.9250383856108796
219,3,1.0,0.025401610100726092,0.8514,0.000300000000000078,11,0.125,1.9981499639560183,0.046883475337210274,1.8997254685843274,0.31732305907503133,1.165040878843541,0.07955951296853832,1.0939565055408549,0.3448814573551196,1.1768697958001375,0.059379963057160444,1.0351412932797555,0.5379938945553878,95,0.8118832236842105,0.9588756647252469
219,3,1.0,0.025401610100726092,0.8514,0.000300000000000078,18,0.125,2.0848981866213063,0.0489188872088111,1.9828570142974582,0.3139140479949044,1.0927551518204184,0.07462319069781681,1.0196431147532328,0.3611825752413875,1.6125980249016705,0.08136500017795759,1.4781102363837872,0.4864609833378037,95,0.769860197368421,0.9582331891256743
219,3,1.0,0.025401610100726092,0.8514,0.000300000000000078,6,0.125,2.1895355135015837,0.05137403903556913,2.0419681236580867,0.3610285010283311,1.0913869404326442,0.07452975686761733,1.012254551848514,0.37441068499505936,0.9397440370605895,0.047415581913125435,0.9514680975757291,0.14465406851227358,95,0.6491776315789474,0.8890296427666582
219,3,1.0,0.025401610100726092,0.8514,0.000300000000000078,19,0.125,2.285642320831407,0.05362903551354367,2.103248619456811,0.3958934389283005,1.2340518274385892,0.08427220379288855,1.1305179033490018,0.4047426505264644,1.4760158729903052,0.07447363193679178,1.4912804482057969,0.06889450670724005,95,0.676110197368421,0.9099920939001399
220,3,1.0,0.024815204523085634,0.8512,-0.000200000000000089,10,0.125,2.068081789484033,0.048570928660226276,1.9314590211504126,0.3575294440401953,1.1946877084376566,0.08208121956707591,1.0698929462905558,0.46305506364823257,1.1815616507824622,0.05980613560974576,0.9758573087911262,0.6932934837046869,95,0.7465460526315789,0.9377616215025336
220,3,1.0,0.024815204523085634,0.8512,-0.000200000000000089,17,0.125,2.199958552948567,0.05166818376045879,2.0212256729774665,0.39861797608674854,1.1076288475038765,0.07609982591156561,1.0103831626102224,0.41298973537469025,0.7324595525645475,0.03707430357131156,0.6097402753969798,0.5620997259342589,95,0.6671463815789473,0.8907241910631741
220,3,1.0,0.024815204523085634,0.8512,-0.000200000000000089,0,0.125,2.1340531484331833,0.05012033071261647,2.0255226172180363,0.31704894762797114,1.4327877450729216,0.0984399225552785,1.4685107254100438,0.04924767600812027,1.8516652350336926,0.09372421834860763,2.030975785816517,-0.4564659190073608,95,0.8207648026315789,0.9754020339662341
220,3,1.0,0.024815204523085634,0.8512,-0.000200000000000089,6,0.125,2.0864480783639943,0.04900227896342887,1.954593501503031,0.3500731676185596,1.0751629079511724,0.07386924808435934,0.9986097421054584,0.3705883947034509,0.9889409998540825,0.050056414329411894,0.863999084258621,0.5149326689693718,95,0.64921875,0.8904933814681107
220,3,1.0,0.024815204523085634,0.8512,-0.000200000000000089,8,0.125,2.06305095993295,0.04845277469529611,1.979995557526086,0.29089988557277036,1.0285968980692894,0.07066992255812964,1.0196566081510376,0.21675344935068797,0.7521245524021027,0.0380696707163705,0.8319301864139569,-0.01773209299510066,95,0.6731907894736842,0.8689836305888101
220,3,1.0,0.024815204523085634,0.8512,-0.000200000000000089,2,0.125,2.1597063276430095,0.05072282078029379,1.9883170634824194,0.39271917361056646,1.0493960245187088,0.07209893003250196,0.9768363507941407,0.3657190777939777,0.9762214367430481,0.04941259865055038,0.8753107631992137,0.45483408489082505,95,0.6606907894736842,0.8383121732636296
220,3,1.0,0.024815204523085634,0.8512,-0.000200000000000089,5,0.125,2.099818913748312,0.04931630614305089,1.964005219658803,0.3538557053921121,1.0703888717078716,0.07354124712281934,0.9516674737282749,0.4671589375812205,1.059739330119967,0.05363995526273608,1.0358056889379383,0.230676845295935,95,0.6895559210526315,0.8850327966607037
220,3,1.0,0.024815204523085634,0.8512,-0.000200000000000089,15,0.125,2.2457226660728566,0.05274299883066593,2.0860635083428996,0.3719900275876807,1.3444942275550045,0.0923737016118864,1.214846229534668,0.4571917286712368,1.5713482350278631,0.07953564299584147,1.336141532644206,0.7443758220280517,95,0.6233552631578947,0.8315963060686016
221,3,1.0,0.024234302273800454,0.8509,-0.00029999999999996696,10,0.125,1.9614993560579317,0.04611535614739988,1.8755444624793798,0.29849682114485765,1.0355302030891467,0.0712386301663078,1.0308807359735568,0.18974102764937775,1.1658032156396803,0.05927517883790353,1.1692017978092335,0.1376888966327982,95,0.7530427631578948,0.9383531724363875
221,3,1.0,0.024234302273800454,0.8509,-0.00029999999999996696,0,0.125,2.0381461719891276,0.04791734257340354,1.9130839707492617,0.34490469315383454,1.3639920661182086,0.09383495146554217,1.2636173127056678,0.3980499648198288,1.8105505414922076,0.092057309245906,1.639110918658796,0.5696657074340662,95,0.8195723684210526,0.9715031105759583
221,3,1.0,0.024234302273800454,0.8509,-0.00029999999999996696,6,0.125,2.0293778742001614,0.04771119762918226,1.9452982039087152,0.2900542849467299,0.9912257456814341,0.06819073369108035,0.9608293803740419,0.2666133197770998,0.9788550678295241,0.04976981399913746,1.0188271912676685,0.05722930867740243,95,0.6472861842105263,0.8895947147757591
221,3,1.0,0.024234302273800454,0.8509,-0.00029999999999996696,5,0.125,2.0120670547672654,0.04730421579618504,1.886317026033104,0.3479798467437353,0.9649672494144498,0.06638429743387923,0.9694410713171011,0.17781635063170312,0.9669647445932892,0.04916525138787242,0.8311248107870469,0.5449687156639402,95,0.6986430921052632,0.8595727149667471
221,3,1.0,0.024234302273800454,0.8509,-0.00029999999999996696,19,0.125,2.1889551462170758,0.05146290048310518,2.0351239430055164,0.37196683649691625,1.2142642397023333,0.08353452254533672,1.1393478100411492,0.34898451804013575,1.3572909635644292,0.06901135931093375,1.4395530418626439,-0.11955065450080955,95,0.6750411184210526,0.9152098434549553
221,3,1.0,0.024234302273800454,0.8509,-0.00029999999999996696,18,0.125,2.051676807278969,0.048235451301486744,1.9220704330218585,0.34990214392178276,1.1805576657991113,0.08121570060725923,1.0822057477522067,0.41232459791948284,1.4834501636804736,0.07542591457086423,1.3125569806827706,0.5840128685293278,95,0.7609375,0.9550416081270939
221,3,1.0,0.024234302273800454,0.8509,-0.00029999999999996696,7,0.125,2.05250405826973,0.04825490018580292,1.9002011729705306,0.3800536476297232,1.100433957038316,0.07570364191603449,0.9605873905973378,0.5237124468783819,1.1348042105442144,0.057699036701580296,1.0400588699630688,0.4154607309026036,95,0.7503700657894737,0.9294207901802839
221,3,1.0,0.024234302273800454,0.8509,-0.00029999999999996696,15,0.125,2.123640662233128,0.04992734010619194,2.0026186034135356,0.33277593952581885,1.1948444363767439,0.08219854974330054,1.1673158080407555,0.2276724410537102,1.127631997397012,0.05733436605111317,1.2353133143987445,-0.17530332298055734,95,0.6321546052631579,0.8496162352022896
222,3,1.0,0.023658967055348343,0.8524,0.0015000000000000568,8,0.125,2.089871067193665,0.049186331010751164,1.965149262479572,0.34040049918876253,1.0301544707417603,0.07123980163305607,0.9118645855989993,0.47144555253344245,0.865346827283699,0.04430251324004918,0.7476982575009434,0.5128594356662808,95,0.6803865131578948,0.872121834773675
222,3,1.0,0.023658967055348343,0.8524,0.0015000000000000568,2,0.125,2.063799170271444,0.04857271375357915,1.9250608413096577,0.36052666092151303,1.0358088898651787,0.07163083007407467,0.9413698972533846,0.417907616218887,0.8597910615601401,0.044018078864413696,0.8639802753616992,0.19708904002139604,95,0.6600740131578947,0.8374135675574659
222,3,1.0,0.023658967055348343,0.8524,0.0015000000000000568,11,0.125,1.905287036312727,0.04484203849207437,1.754714195355677,0.38968975769232467,1.1069008477809117,0.07654715779332988,0.9450387402157713,0.5523447704556612,1.1229478304830318,0.05749071881851246,0.9896305215129918,0.5091477820891698,95,0.8006578947368421,0.961380443714051
222,3,1.0,0.023658967055348343,0.8524,0.0015000000000000568,14,0.125,2.200045758372644,0.05177935644394856,2.0039497841843494,0.422610923899328,1.4057606494563442,0.09721465338952134,1.2262344485592094,0.557518001443237,1.5945859078894822,0.08163682013883357,1.3663413358241034,0.7028130051329802,95,0.6883634868421052,0.899767039006033
222,3,1.0,0.023658967055348343,0.8524,0.0015000000000000568,9,0.125,2.102195565742502,0.04947639525188095,1.94112652155928,0.3858400162714555,1.1086831579937348,0.0766704125377554,1.031224790760469,0.36721827738149077,0.7430290935007372,0.038040303858150215,0.6820189874463061,0.4045515345890496,95,0.6979440789473684,0.8837044892188052
222,3,1.0,0.023658967055348343,0.8524,0.0015000000000000568,15,0.125,2.043211876922766,0.04808817983129116,1.9556940683225625,0.2959248927265444,1.200309271657467,0.08300676921746003,1.2527187406132063,0.03815386027192895,1.2925190453507376,0.06617212927146239,1.4608915856079752,-0.36063282949776826,95,0.6319901315789473,0.839882888744307
222,3,1.0,0.023658967055348343,0.8524,0.0015000000000000568,7,0.125,1.9715735393223035,0.0464021298918526,1.870122352367892,0.3205013881923502,0.9953794107474487,0.06883495027713413,0.9407700677037162,0.3349874506885995,1.0179401243055861,0.05211471795208956,0.9022979731205716,0.48015360706783344,95,0.7683388157894737,0.9311784223482822
222,3,1.0,0.023658967055348343,0.8524,0.0015000000000000568,6,0.125,2.0063247094368366,0.047220018891368544,1.8954304605350742,0.329616782934817,0.9440997841063473,0.06528873411879546,0.9635455858654857,0.1674502867287131,0.9928546865928903,0.050830437590321055,0.9695300491633789,0.24500768021698927,95,0.6538240131578947,0.8873655744921704
223,3,1.0,0.023089261959719498,0.8583,0.005899999999999905,12,0.125,2.1489725287550314,0.050627597350356005,1.9981822442008144,0.36867470823945914,1.053594277470095,0.07306713640784916,1.0235549605341316,0.2665700948700202,0.5927964861258737,0.030427822243497278,0.8034850001979204,-0.04647105558178954,95,0.6769736842105263,0.8239795918367347
223,3,1.0,0.023089261959719498,0.8583,0.005899999999999905,1,0.125,2.18053251257016,0.051371118326820855,1.9958218400926853,0.40836524869518587,1.351427700380416,0.0937219898025163,1.1786041336748265,0.5467065262596541,1.9666425656219992,0.10094636490563666,1.5626742413388433,0.8341812505627636,95,0.6631167763157895,0.9278229056861165
223,3,1.0,0.023089261959719498,0.8583,0.005899999999999905,11,0.125,1.813138820971276,0.042715698288434,1.7714341707690053,0.260550268626486,0.9702766287631787,0.06728902795241262,0.999111573089299,0.1393872208406136,0.9196851761295259,0.0472067863325806,1.272102955647899,-0.5342925376301472,95,0.8126644736842106,0.9581056466302368
223,3,1.0,0.023089261959719498,0.8583,0.005899999999999905,2,0.125,2.0047168384637484,0.04722908066117535,1.8753838538078935,0.3537862846557993,0.965810117214986,0.06697927379415858,0.9330345141273784,0.29059625025774666,0.8274721034474065,0.04247355486146417,0.692840578828921,0.5514164324221958,95,0.6518503289473684,0.8284867217561345
223,3,1.0,0.023089261959719498,0.8583,0.005899999999999905,4,0.125,2.0755184030546716,0.048897093190847424,1.9188706224604875,0.3818394611760379,1.0121796218703056,0.07019501536970145,0.9916413209666359,0.2518381043030424,1.2063995230575297,0.061923629949520075,1.0568247366665964,0.4858156992632797,95,0.6803042763157895,0.8786944696282865
223,3,1.0,0.023089261959719498,0.8583,0.005899999999999905,17,0.125,2.100546662316741,0.04948673340976379,1.9316678433172036,0.3949676294252205,1.0980985807089763,0.07615352560436216,0.9788295961989082,0.4619514422105506,0.7938875419147361,0.040749683191575584,0.6636967079897156,0.5565188113291653,95,0.655921052631579,0.870549147442327
223,3,1.0,0.023089261959719498,0.8583,0.005899999999999905,6,0.125,1.9840700442360444,0.046742663282288974,1.8716786671229977,0.33427060115584284,1.0940710235653173,0.07587421308957443,0.9451896873646406,0.5260698460247337,1.185633866068074,0.060857743537517245,0.8610570591131804,0.7608230446774497,95,0.6498355263157894,0.886294608959757
223,3,1.0,0.023089261959719498,0.8583,0.005899999999999905,13,0.125,2.1034194964882844,0.0495544144479088,1.945737505171389,0.3808543313800172,1.1472875203882553,0.07956479599768049,1.036323313265946,0.4363840436639082,0.9821869062301821,0.05041495570929649,0.7712871985720655,0.6276106260007459,95,0.678125,0.8602352655833131
224,3,1.0,0.022525249461497584,0.8537,-0.0045999999999999375,7,0.125,1.9152885012032603,0.04516561490515318,1.7738177494918406,0.3773949434687984,1.0660922580565113,0.07405214736555607,0.9559922429946689,0.4440669677959856,1.2353743100117611,0.06439043949045153,0.9331125989709196,0.7625839264668687,95,0.7735197368421053,0.931054645970657
224,3,1.0,0.022525249461497584,0.8537,-0.0045999999999999375,16,0.125,2.3774953222322672,0.0560652027594196,2.150777971586567,0.4461907645965919,1.231849281758281,0.08556584465889928,1.0651193085342936,0.5339970194121848,0.96647229221008,0.05037467198921976,0.6888539137626504,0.75460342985183,95,0.6941611842105263,0.8702760336453027
224,3,1.0,0.022525249461497584,0.8537,-0.0045999999999999375,10,0.125,2.0378032384102456,0.04805471147594156,1.8970998442057851,0.36514021296203997,1.1513509621412814,0.07997432724386362,1.071436011999754,0.36623994472755483,0.8252371037977257,0.043013181807914594,0.9197600251462635,0.06183536127474362,95,0.7300164473684211,0.9379858060155458
224,3,1.0,0.022525249461497584,0.8537,-0.0045999999999999375,9,0.125,1.9145255838048192,0.04514762407327549,1.8134232524329619,0.32682966618209386,0.979541414037309,0.06804021377586154,0.9787908134151475,0.2236643430624901,0.709679808921727,0.03699008019159361,0.7536396954487145,0.22588917974822156,95,0.7001644736842105,0.8739722809490251
224,3,1.0,0.022525249461497584,0.8537,-0.0045999999999999375,19,0.125,2.0108839766184756,0.047419911543266004,1.8914977412312093,0.3408019850759097,1.0697502878542666,0.07430623884741787,1.022151438450473,0.3102616274636791,1.098743922344372,0.057268961701610194,1.2975747242227693,-0.26149861796582446,95,0.6920641447368421,0.923771611906601
224,3,1.0,0.022525249461497584,0.8537,-0.0045999999999999375,17,0.125,1.976270909078572,0.04660367916980832,1.9004202497363611,0.28854357792587526,0.9809815677993596,0.06814024871918892,0.9573249339572385,0.27536536695813585,0.5813036528759374,0.030298831198562113,0.7099190044088435,0.08567430468854778,95,0.6567023026315789,0.8603093106255087
224,3,1.0,0.022525249461497584,0.8537,-0.0045999999999999375,14,0.125,2.0341996369363002,0.0479697326978924,1.8767091722052551,0.3862881936019139,1.319372595027567,0.09164532722071275,1.1947284168924104,0.4379051701436523,1.597194007766742,0.08324928183963698,1.267264525201726,0.7867787375632355,95,0.6996299342105263,0.8900969732588893
224,3,1.0,0.022525249461497584,0.8537,-0.0045999999999999375,8,0.125,2.12923136442215,0.050210735243827825,1.982062022375755,0.3656273484351214,1.1122496907224342,0.07725830234882532,0.983981833960252,0.4734543165888903,1.1691274939975143,0.06093750901955658,0.9272155465547979,0.6680046738851917,95,0.6669819078947369,0.8557425559459959
225,3,1.0,0.02196699141100894,0.8577,0.0040000000000000036,9,0.125,1.8976740985983076,0.044790626661130054,1.791182576430539,0.3330517006471355,0.9713500951096641,0.06782629019586099,0.910794895032489,0.3505099843127146,0.885566089567154,0.046252210113683107,0.738176295151243,0.5540372290675741,95,0.7145559210526315,0.8881344228334676
225,3,1.0,0.02196699141100894,0.8577,0.0040000000000000036,12,0.125,2.019276292620588,0.04766079202706372,1.8635485351163177,0.3865197550350071,0.9908862605121193,0.06919043854008045,0.9201337314763781,0.37146338162627435,0.6277443007802171,0.03278644207294022,0.7097469757719159,0.1682201372982575,95,0.6821134868421053,0.8357948037856411
225,3,1.0,0.02196699141100894,0.8577,0.0040000000000000036,16,0.125,2.0343699736154024,0.04801704678697233,1.9293009732776245,0.31881273003804705,1.054118949182536,0.07360577623677364,1.013505982933633,0.2859841654953442,0.6613039664447607,0.03453922904835401,0.7655572707269576,0.09449081123932933,95,0.7150904605263158,0.8726927721235122
225,3,1.0,0.02196699141100894,0.8577,0.0040000000000000036,6,0.125,2.0354935143117827,0.048043565614366,1.868062761663334,0.40028179583206674,1.0613329865182695,0.07410950953775405,0.9519582890161778,0.4509268882677421,1.0722181636236554,0.056000856825794344,0.7663728313568556,0.7899416890615882,95,0.65390625,0.8920958309752877
225,3,1.0,0.02196699141100894,0.8577,0.0040000000000000036,2,0.125,1.9995039729431645,0.047194107790002084,1.837593077005068,0.3961620475325056,0.9677114212321322,0.06757221316267996,0.8941445252158113,0.3827258272759366,0.8582224244816719,0.044824078483857416,0.586737832525621,0.768323142110095,95,0.6771381578947369,0.844911343211076
225,3,1.0,0.02196699141100894,0.8577,0.0040000000000000036,10,0.125,1.9335855154042378,0.045638240518648975,1.8081802811949972,0.3545608117447022,1.1575592900346585,0.08082868650560183,1.0359994000241903,0.46560940916387267,0.991056774607545,0.05176188057984715,0.7202121473976456,0.7446070781461964,95,0.7391036184210527,0.9354659248956885
225,3,1.0,0.02196699141100894,0.8577,0.0040000000000000036,5,0.125,1.9865868836460545,0.04688922692311209,1.8499001410340965,0.36456175813176767,1.0493837122685385,0.07327512969162796,0.9558292419298583,0.41566283766234186,0.94510730082348,0.04936198661246124,0.9831714697445255,0.15408286939767393,95,0.6944490131578948,0.8763692344129315
225,3,1.0,0.02196699141100894,0.8577,0.0040000000000000036,4,0.125,1.943143375652171,0.04586383381222907,1.8403099479531402,0.3238998069733021,1.0591718659457512,0.07395860535620526,1.0408102173085356,0.2288737863797159,0.9748542861385054,0.05091564119708032,0.795475075063062,0.5918343695088246,95,0.6813733552631579,0.8820228109347655
226,3,1.0,0.02141454902753976,0.8477,-0.010000000000000009,9,0.125,1.8161691313804778,0.04290600983154873,1.7038883711986603,0.3476765371335196,0.9260396075622604,0.06480415980694816,0.8541755423504649,0.3899004156726442,0.7027271702358104,0.0372114124078758,0.6421987562963443,0.40849279335768335,95,0.7037828947368421,0.8820986211731713
226,3,1.0,0.02141454902753976,0.8477,-0.010000000000000009,17,0.125,2.0357490245432333,0.04809346560979469,1.854386322479342,0.4205551408946908,0.9990363182943206,0.06991246237741242,0.8983692157726556,0.43833056527738545,0.7147663625653453,0.03784892205572637,0.5896915446053198,0.5810864207704738,95,0.6666118421052631,0.8807673328398717
226,3,1.0,0.02141454902753976,0.8477,-0.010000000000000009,4,0.125,1.9616854124130432,0.046343752978239,1.8109435506314775,0.38592014463679497,1.143117021636204,0.07999521569402705,1.0106531927835247,0.48357867371185115,1.055905656791792,0.055913222830851136,1.146791151540791,-0.14663638408568383,95,0.6844572368421052,0.8715607353117866
226,3,1.0,0.02141454902753976,0.8477,-0.010000000000000009,0,0.125,2.0454721182611375,0.048323168420752814,1.8880577780949535,0.3879913528482917,1.4731789934316348,0.1030929197141971,1.321548582842213,0.48975115396361424,1.8813735678560832,0.0996241083197011,1.7168747692242057,0.5783811233216614,95,0.833264802631579,0.9730076486553171
226,3,1.0,0.02141454902753976,0.8477,-0.010000000000000009,11,0.125,1.7945095951479773,0.04239431504581472,1.6856231632356127,0.3452968871344172,1.1357122741935317,0.07947703220307657,0.9896000781908796,0.513805373505678,1.3855259434166247,0.07336755922641552,1.224646214831497,0.5905840898198099,95,0.8092927631578948,0.9614368458489991
226,3,1.0,0.02141454902753976,0.8477,-0.010000000000000009,12,0.125,1.8826460977546329,0.04447649207548656,1.772143098132609,0.3387197183579886,0.9341441392475069,0.06537131412972466,0.9022541770329071,0.29604115704192796,0.7163349715674763,0.037931984386254176,0.5937714260617816,0.5741543679437956,95,0.699547697368421,0.849174160935755
226,3,1.0,0.02141454902753976,0.8477,-0.010000000000000009,10,0.125,1.7888230948214185,0.042259974562484856,1.7318643803727554,0.274169947141722,1.0261579545477066,0.07181043178999197,1.0975523496079824,0.019945563072430162,0.9216114767306368,0.04880196211702921,1.0010068138289077,-0.08704682268991143,95,0.7488486842105263,0.9364155501866901
226,3,1.0,0.02141454902753976,0.8477,-0.010000000000000009,1,0.125,2.059182173321433,0.04864706102912513,1.923165865643793,0.3581423112634469,1.3094497508937575,0.09163516357520624,1.2699508924396723,0.25149877150557653,1.9101728950392134,0.10114911501685385,1.9750171293763608,-0.12356177415735599,95,0.6668996710526316,0.9237930821875578
227,3,1.0,0.02086798289262284,0.8509,0.0031999999999999806,15,0.125,2.1187299152433132,0.050098040541833165,1.9576878397289856,0.38555802837658293,1.3280117333528831,0.0933982444290647,1.2092824514042697,0.4469120020965448,1.2913612815764028,0.06806001617866389,1.2474858555485502,0.26042786991658734,95,0.6160361842105263,0.8352022426912294
227,3,1.0,0.02086798289262284,0.8509,0.0031999999999999806,9,0.125,1.7218513899673582,0.04071372199022843,1.683531809904694,0.2601428549274875,0.8616202878963155,0.06059722232333428,0.8363981232722568,0.28095983363470395,0.5261745489574895,0.027731548735247673,0.660185578478683,-0.04118620389570287,95,0.7078947368421052,0.884235594795539
227,3,1.0,0.02086798289262284,0.8509,0.0031999999999999806,4,0.125,1.8515958004858957,0.04378156970950108,1.7896259228053348,0.27796317397846526,0.9540618525160458,0.06709858042953147,0.9742301986607806,0.13725961417365265,1.105009336177599,0.058238507202271604,1.2278074357814504,-0.17235442552397617,95,0.6855674342105263,0.8759071552809933
227,3,1.0,0.02086798289262284,0.8509,0.0031999999999999806,3,0.125,2.0876197115755537,0.049362429913315124,1.8839637104395195,0.4425002748477055,1.141333551080498,0.08026928324629727,0.9892295825931254,0.5471943681566765,0.8948967790927038,0.04716471690163502,0.7593269090402072,0.5427942380138384,95,0.7083059210526316,0.8507488679902473
227,3,1.0,0.02086798289262284,0.8509,0.0031999999999999806,1,0.125,2.009781727051175,0.04752192609244512,1.8650909736679895,0.37301559019366737,1.2309455802151066,0.08657164187062023,1.1304559490066102,0.4114998192091384,1.7133514551801947,0.09030062262432959,1.6378156652875788,0.3058149904387305,95,0.6664884868421053,0.9198593374051452
227,3,1.0,0.02086798289262284,0.8509,0.0031999999999999806,5,0.125,1.9945994564024492,0.04716293648975685,1.8351804353891854,0.3933976894903033,1.1019905184541685,0.07750231207764857,0.9787494698027819,0.4832679939167332,0.9945823174972085,0.05241855210126811,0.7617304035594564,0.7342605387015604,95,0.7047697368421053,0.879463243873979
227,3,1.0,0.02086798289262284,0.8509,0.0031999999999999806,18,0.125,1.974436429745817,0.046686175332224404,1.8232358680613985,0.3845078633237523,1.0806519608420095,0.07600158450908084,1.0611587024916087,0.22265849217496347,1.3049023933609514,0.06877368810013301,1.146896472309351,0.5377679397363424,95,0.7752878289473685,0.9538053566693185
227,3,1.0,0.02086798289262284,0.8509,0.0031999999999999806,14,0.125,1.96991337600292,0.04657922629254063,1.8392918208313396,0.35809734726369935,1.258124310993171,0.08848310520842712,1.2907747204323239,0.05616930969087805,1.5355827512333573,0.0809314855444937,1.468595750989848,0.2964763642306751,95,0.6726973684210527,0.868520782396088
228,3,1.0,0.02032735294339415,0.8435,-0.007399999999999962,7,0.125,1.8089327075521806,0.04281330643726289,1.6810335943969237,0.3698221908402388,1.0031144207801275,0.07073573762159656,0.8767407781929709,0.4904925670718344,0.8272604573050449,0.04372773957515138,0.800117929874012,0.2859581013053733,95,0.7708059210526316,0.931238664248373
228,3,1.0,0.02032735294339415,0.8435,-0.007399999999999962,12,0.125,1.8827090201152465,0.04455942328527323,1.7442865287988665,0.3763620753355351,1.0399091484222067,0.0733303590789614,0.8787262648828796,0.5542784774348001,0.6989547921109874,0.03694569570483318,0.6128995504495586,0.48088271672659627,95,0.6801398026315789,0.8350160207968079
228,3,1.0,0.02032735294339415,0.8435,-0.007399999999999962,10,0.125,1.8506117036030911,0.04379975309858715,1.7265643440648977,0.3604849268959212,1.1379467928866647,0.08024359345404303,1.0881405473081105,0.3013310091581667,1.0613927855555312,0.056103621179856095,0.9550520341444378,0.45526065258770787,95,0.7383223684210526,0.9346179550011139
228,3,1.0,0.02032735294339415,0.8435,-0.007399999999999962,4,0.125,1.867252140622128,0.0441935942439054,1.7823277258663484,0.3063268228405956,1.0861872903019365,0.07659371411982878,1.0120235873615568,0.36417059733067936,1.1021108514635871,0.0582559167069887,0.9524263533176661,0.5608185661575842,95,0.6706003289473684,0.862407259795205
228,3,1.0,0.02032735294339415,0.8435,-0.007399999999999962,15,0.125,1.9550735802692318,0.046272127177538355,1.8276681209652406,0.3551163302758729,1.1631167337652448,0.08201848004430229,1.226962123580165,0.02818589115172667,1.352764661468343,0.07150509890906492,1.437937927770405,-0.12697370157441407,95,0.6373355263157895,0.8566451612903225
228,3,1.0,0.02032735294339415,0.8435,-0.007399999999999962,18,0.125,1.8087746477128586,0.04280956552180038,1.7148899906366386,0.32443741423667055,1.0582737145055332,0.07462535703841092,0.9753331907410208,0.38829896100872946,1.2031934977001377,0.06359899287020626,1.209681387994356,0.12458052716061244,95,0.7619654605263158,0.9549403701904916
228,3,1.0,0.02032735294339415,0.8435,-0.007399999999999962,8,0.125,1.9691129491481045,0.04660440697959374,1.784404735122667,0.4288994679765325,1.0070824470607271,0.07101554744193771,0.8619314026850735,0.527976937270704,1.0594020180197194,0.05599839221164912,0.9013787558337513,0.5865952697198613,95,0.6643503289473685,0.8697159126075386
228,3,1.0,0.02032735294339415,0.8435,-0.007399999999999962,16,0.125,2.0434188895420653,0.0483630589089408,1.8512333244860182,0.43250561529682435,1.1131561076933143,0.07849545050347846,0.9466763396730197,0.5534080701775286,0.8059053788919369,0.0425989423514845,0.6572759469054306,0.6050543620376737,95,0.7093338815789474,0.8835429830154774
229,3,1.0,0.01979271846601995,0.845,0.0014999999999999458,19,0.125,2.1492616755578777,0.0509108881901556,1.9407704738271094,0.4436864854674338,1.2490143494132802,0.08856775507031135,1.108834322133919,0.48540825876771826,1.330620604864291,0.07105074985685134,1.3043010116464624,0.198055638679806,95,0.660485197368421,0.9043142625910477
229,3,1.0,0.01979271846601995,0.845,0.0014999999999999458,7,0.125,1.6541304389096765,0.03918240891044807,1.596030008724215,0.2960839858277863,0.885451695698716,0.06278748434561572,0.852298199128775,0.3122807110171321,0.7872490480122227,0.042036501599992525,0.7027004959856761,0.47664598434130717,95,0.7630756578947369,0.9255846535186981
229,3,1.0,0.01979271846601995,0.845,0.0014999999999999458,18,0.125,1.7364074469151216,0.041131355194105455,1.7058338607806345,0.24841989446065493,0.9528878402123063,0.06756938931970304,0.9960273400521846,0.11050704106038874,1.2494128480580582,0.06671452359206707,1.2139931034085558,0.23919641153431367,95,0.7736430921052632,0.9585968642040925
229,3,1.0,0.01979271846601995,0.845,0.0014999999999999458,17,0.125,2.0104004046507136,0.047621595537941666,1.8049423672709968,0.45040826606014056,1.0343841820290254,0.07334830454556905,0.8743189359472943,0.5569163981909585,0.5862363928309832,0.03130308906366675,0.518706739494176,0.4672621005801846,95,0.6757401315789474,0.8916271145186808
229,3,1.0,0.01979271846601995,0.845,0.0014999999999999458,15,0.125,1.8680495399675565,0.04424964272359902,1.7633786850587605,0.3337130421536322,1.2057337293306778,0.08549872118725967,1.1334118932485753,0.3411299122594191,1.3644368820470696,0.07285642748007483,1.4171521688726236,-0.11912528967167352,95,0.6373355263157895,0.8502580645161291
229,3,1.0,0.01979271846601995,0.845,0.0014999999999999458,13,0.125,2.2298807429898315,0.052820561811892444,1.9839274026065197,0.48519025102810726,1.2191841280387503,0.08645249054862383,1.0226648250701271,0.6063505416238066,0.915921004191199,0.04890715950100751,0.9110904392597688,0.15736946055019815,95,0.6759868421052632,0.8437956204379562
229,3,1.0,0.01979271846601995,0.845,0.0014999999999999458,4,0.125,1.863653376283777,0.04414550808037907,1.7419433874961994,0.35651811623434715,0.9662918971952856,0.06851987258386623,0.8869419760881573,0.39800219634102335,1.1409635986470932,0.060923691506727745,1.1344088127258223,0.13685812379597476,95,0.6777960526315789,0.8624727008007765
229,3,1.0,0.01979271846601995,0.845,0.0014999999999999458,0,0.125,1.767832952361307,0.04187575054264978,1.6774726735819063,0.3254464120606524,1.203736762416551,0.08535711602746547,1.2023296799986398,0.17527438819929117,1.7922740095658782,0.09570151842161558,1.7124920478913448,0.3784789736287974,95,0.8259046052631579,0.9714726675296226
230,3,1.0,0.01926413808919542,0.8563,0.011299999999999977,14,0.125,1.9365588362125068,0.04591049672647604,1.7937221359904587,0.37798173707687577,1.2936330577006117,0.09180287447615386,1.3141157579593754,0.09709585493367111,1.3420696745800496,0.07140982547017434,1.5412403010356637,-0.524202523279691,95,0.6896792763157895,0.8945328802241698
230,3,1.0,0.01926413808919542,0.8563,0.011299999999999977,19,0.125,1.826819742295441,0.04330888389766084,1.7199635593546956,0.3385352947431457,1.0070392714358603,0.07146470112050848,0.9291781034778771,0.3855594110467307,1.3350612135808269,0.0710369141480214,1.2067349236074547,0.49338980993741266,95,0.6819078947368421,0.9113603473227206
230,3,1.0,0.01926413808919542,0.8563,0.011299999999999977,18,0.125,1.783770669154756,0.04228830848598439,1.6740413207055183,0.34688241373544537,1.0416326943987206,0.07391962885063684,1.00280521281447,0.28459903827929856,1.24665622564747,0.06633299684880271,1.3631286570729861,-0.23630897675088502,95,0.7768503289473684,0.9570740485894247
230,3,1.0,0.01926413808919542,0.8563,0.011299999999999977,10,0.125,1.7944798237379649,0.04254219315875649,1.665993163233173,0.37163120248281856,1.1026272454036832,0.07824811680655752,0.9897097111925098,0.4518999469799483,1.0652095952410714,0.05667845174217359,0.9179369516274658,0.5699292044548303,95,0.734046052631579,0.9396706251400403
230,3,1.0,0.01926413808919542,0.8563,0.011299999999999977,5,0.125,1.8708191479740353,0.04435198908641139,1.7114460636553193,0.4062941453911324,1.076999470165903,0.07642943768479878,0.9594091893450211,0.4664760564189365,0.9619363198483595,0.051183411722113194,0.8388439415943993,0.5203981680121122,95,0.6955180921052632,0.8731303576707065
230,3,1.0,0.01926413808919542,0.8563,0.011299999999999977,1,0.125,1.8923456547874937,0.0448623235013082,1.7424478426082952,0.39150399035970057,1.212530322821621,0.08604740607230615,1.0849129031491411,0.47134592570658995,1.823561636514542,0.09702940217195241,1.5808037031497946,0.776231973110755,95,0.6651726973684211,0.9268714842059714
230,3,1.0,0.01926413808919542,0.8563,0.011299999999999977,9,0.125,1.7166438282505143,0.04069691526210473,1.6280886773917085,0.32465975212327824,0.8207945029855744,0.05824781168025817,0.7823043251706893,0.33346497942449305,0.7498353822947085,0.03989778980572054,0.6859763029467246,0.4053744546551861,95,0.7206003289473685,0.8980313837375178
230,3,1.0,0.01926413808919542,0.8563,0.011299999999999977,8,0.125,1.9139429471125973,0.04537433604647396,1.77201327205624,0.3787171414559228,1.0415549125367138,0.07391410904850143,0.9401087302553907,0.43488272907643183,0.7595003045420203,0.04041204806215518,0.7633799320107111,0.2058140341523004,95,0.6625822368421053,0.8621074841752513
231,3,1.0,0.01874166977771553,0.8453,-0.010999999999999899,13,0.125,1.8185444979680627,0.04315053207145764,1.6880509503665977,0.37452845114345745,0.9048539475716936,0.06436880969637854,0.8509639560396481,0.34081442692127617,0.8727829111338252,0.04673659312150542,0.8505499010897005,0.24470794892510173,95,0.691077302631579,0.8616647825310882
231,3,1.0,0.01874166977771553,0.8453,-0.010999999999999899,0,0.125,1.729026632088018,0.04102644682254494,1.6271939222601104,0.3382573960632547,1.213663896052561,0.0863366961817701,1.1497621638526034,0.33522283572865486,1.8295557737186556,0.09797075847682228,1.694744349609844,0.5159552115119787,95,0.8204358552631579,0.9724853405502932
231,3,1.0,0.01874166977771553,0.8453,-0.010999999999999899,18,0.125,1.6714151212527084,0.03965943746491754,1.5835155331339008,0.3222409761478208,0.9495998469875191,0.06755190934679185,0.8912175730841646,0.3483762206829529,1.3852416289529308,0.07417821036761521,1.2184313426496534,0.6322012258420707,95,0.7759046052631579,0.9560678325384208
231,3,1.0,0.01874166977771553,0.8453,-0.010999999999999899,16,0.125,1.8851968718176872,0.04473206356472084,1.7163752625427011,0.42759780239299316,1.0540790537888804,0.0749842714400042,0.9902900901904894,0.35182964902141384,0.842864510618742,0.045134494714350326,0.7283723417384872,0.5342701791867833,95,0.6984786184210526,0.8784364514040148
231,3,1.0,0.01874166977771553,0.8453,-0.010999999999999899,1,0.125,1.741326095515677,0.04131828922271163,1.665952443987326,0.29532694092553774,1.0895976371406915,0.07751096532092638,1.1037519044736366,0.08170736138863974,1.7198380407046245,0.0920954910068976,1.8235511701385154,-0.27037145873356805,95,0.6749177631578948,0.9194589984159863
231,3,1.0,0.01874166977771553,0.8453,-0.010999999999999899,3,0.125,1.864021484040792,0.04422961270337902,1.7072946790576702,0.41092208353730114,0.9348673113364243,0.06650387746693392,0.8504306598656388,0.43466579202928046,0.9819615713702688,0.05258299381969616,0.8962420485922048,0.4264131372853218,95,0.7098273026315789,0.8616694664890228
231,3,1.0,0.01874166977771553,0.8453,-0.010999999999999899,9,0.125,1.6837760905302097,0.03995273927954957,1.6213314857383054,0.28053107492533935,0.872204632343957,0.0620462276219441,0.8570897287987218,0.21651532240387075,0.6474364183904531,0.034669529011573066,0.6996705179185801,0.049192829526193374,95,0.7088404605263158,0.8852021578977899
231,3,1.0,0.01874166977771553,0.8453,-0.010999999999999899,10,0.125,1.6242344689305257,0.03853993213884199,1.5678831625827871,0.2772538772757551,1.0125524187692463,0.07203018136382866,0.9991226480217315,0.1880185685337788,1.0427027606411081,0.05583561965878329,1.105765026918895,-0.0738890702847804,95,0.7502878289473685,0.9364827094864909
232,3,1.0,0.01822537082611828,0.8548,0.009499999999999953,1,0.125,1.7454015613556442,0.04144980485891504,1.6634181360236449,0.3059062540148392,1.1587947657799755,0.08229733632867126,1.1794958295195581,0.09572277415993782,1.8212442638436772,0.09748247572065419,1.9196084584543889,-0.294621966745045,95,0.6680509868421053,0.9182618329537761
232,3,1.0,0.01822537082611828,0.8548,0.009499999999999953,18,0.125,1.5946662058872112,0.03787014089628344,1.5069799740152063,0.3309621826968597,0.9042986764874726,0.06422308291181258,0.8095411260505935,0.44886378087818385,1.140472975649479,0.06104405178697937,0.985498046242058,0.6483612148926912,95,0.7672286184210526,0.9561605659467282
232,3,1.0,0.01822537082611828,0.8548,0.009499999999999953,8,0.125,1.7687839287949239,0.042005089435803375,1.6209621456131926,0.4047526459934095,0.9102506088322294,0.06464578777072887,0.8163780876656885,0.445442552520296,0.770735459018804,0.041253774774989066,0.668390017270839,0.5269229971774327,95,0.6824013157894737,0.8755121716076163
232,3,1.0,0.01822537082611828,0.8548,0.009499999999999953,7,0.125,1.6444503102336272,0.03905241405102501,1.5341829109095484,0.36015835913824207,0.9607685373999394,0.06823355937683052,0.8610484225087832,0.4505512528228709,0.8209933066820206,0.04394383646076323,0.709843398933088,0.5456201261499217,95,0.771875,0.9297890475175794
232,3,1.0,0.01822537082611828,0.8548,0.009499999999999953,14,0.125,1.7079656561780858,0.04056077679873534,1.6135300728756825,0.32905541695304963,1.2260229455440912,0.08707186611099019,1.102579162354874,0.4738048479468894,1.367618370244068,0.0732020559894986,1.2353790556432283,0.560403482284131,95,0.7039473684210527,0.9083528037383177
232,3,1.0,0.01822537082611828,0.8548,0.009499999999999953,5,0.125,1.6937076853749429,0.04022217843801463,1.557227770081358,0.3948672567216942,0.9328059404777845,0.06624766220894274,0.8917712831118905,0.3038427013040853,0.6918145160728496,0.03702951498880122,0.6804574931086387,0.23873077016057703,95,0.70078125,0.8888106554010444
232,3,1.0,0.01822537082611828,0.8548,0.009499999999999953,11,0.125,1.5688322933814096,0.03725663701510433,1.4549182285040614,0.3743501542126973,0.9590761300259839,0.06811336499645136,0.8409835720661233,0.4964331862843657,1.0256731993825667,0.054899370030201934,0.9257006104164017,0.4812104260843477,95,0.80703125,0.9607683293422327
232,3,1.0,0.01822537082611828,0.8548,0.009499999999999953,15,0.125,1.8341889510270193,0.043558328225281544,1.703948934799836,0.37228917502477954,1.1550645589033035,0.08203241789879004,1.1599254667299095,0.14104059376962913,1.3794539101703027,0.07383555571076335,1.4626141755545605,-0.2144122038205126,95,0.6209703947368421,0.8367765858826646
233,3,1.0,0.01771529785240183,0.8556,0.0008000000000000229,1,0.125,1.7245709819170971,0.040989561204130866,1.6170651655056385,0.34758729124065585,1.173561012174064,0.08360099080681149,1.0459057661966797,0.496677135454008,1.8618694415783141,0.0996742145875691,1.6927194276658404,0.5245722483563084,95,0.6736842105263158,0.913818359375
233,3,1.0,0.01771529785240183,0.8556,0.0008000000000000229,9,0.125,1.71449120385358,0.040749985283979814,1.5571371245849122,0.42647027909606505,0.8823822584064912,0.06285828372610701,0.7617394383524494,0.521147632562544,0.8462512059314156,0.04530361926102278,0.6374021053882473,0.7044090205754556,95,0.7074424342105263,0.8833478639930252
233,3,1.0,0.01771529785240183,0.8556,0.0008000000000000229,3,0.125,1.6452287847746108,0.039103757789865544,1.5707138132428315,0.30278058618153847,0.8416608818099381,0.0599574141546286,0.8144408760759234,0.28270183973695096,0.868150811575812,0.04647600328733363,0.9328354041224828,0.045234722031652776,95,0.7162828947368421,0.8456371986222733
233,3,1.0,0.01771529785240183,0.8556,0.0008000000000000229,11,0.125,1.4692506397897782,0.03492111351480841,1.4355245743793452,0.257386708621786,0.8901910610399442,0.06341455956553876,0.9304102000933708,0.07488025226421273,0.873540344355486,0.0467645291285186,1.007193511841397,-0.1566895516712069,95,0.8147203947368421,0.9580599576057334
233,3,1.0,0.01771529785240183,0.8556,0.0008000000000000229,14,0.125,1.620272427405005,0.038510595694156116,1.5381515865825897,0.31776012214919064,1.1113165564209675,0.07916688118727874,1.1416924462520863,0.06621591779972555,1.305529934666602,0.06989086772278953,1.3766399063534094,-0.04418163559766106,95,0.7131990131578947,0.8989910637071202
233,3,1.0,0.01771529785240183,0.8556,0.0008000000000000229,2,0.125,1.8957212007337072,0.0450574554473039,1.7071451452588229,0.45923722163150565,0.9778004878549169,0.06965559416857159,0.8391585328809815,0.5495910067781108,1.115394960753084,0.059712090539362245,0.8364075196749238,0.80921385594699,95,0.6572779605263158,0.82571160462934
233,3,1.0,0.01771529785240183,0.8556,0.0008000000000000229,10,0.125,1.7423475773382784,0.041412074892264235,1.6097497894534587,0.38547052581231345,1.0658160088642286,0.0759255577123714,0.9439384440743795,0.49474716069518426,1.1162200556933375,0.059756261568916405,0.8586695318766627,0.7666171733735627,95,0.74453125,0.9337825150494284
233,3,1.0,0.01771529785240183,0.8556,0.0008000000000000229,5,0.125,1.6028305394404458,0.03809603732472087,1.5412422675669393,0.28648591420909225,0.8332691412649117,0.0593596115547806,0.7887860216817225,0.3325924671332161,0.5873936497357306,0.03144581428948275,0.7603984364756519,-0.19257238855263134,95,0.7236019736842105,0.9011819524946016
234,3,1.0,0.017211506791815812,0.8559,0.00029999999999996696,2,0.125,1.7029871414003257,0.0405096027231527,1.5840952977253557,0.3683903679352448,0.8809392802494497,0.06312630840736773,0.79330163142017,0.44070989365417323,0.88754089808942,0.04807018865366534,0.9181777060642268,-0.0016128368560303667,95,0.6729440789473684,0.8457778320909202
234,3,1.0,0.017211506791815812,0.8559,0.00029999999999996696,19,0.125,1.7626831202733309,0.041929613673045533,1.6251688964967919,0.39297030605302696,1.046095673351525,0.07496107799949885,0.9632923310278665,0.40004334624805077,1.2181321540317533,0.06597537372694975,1.2072264864351177,0.14239842736969588,95,0.6759046052631579,0.9159265117410877
234,3,1.0,0.017211506791815812,0.8559,0.00029999999999996696,5,0.125,1.5907569584260388,0.037839940683252214,1.5080097126781171,0.320872572249431,0.877537565852348,0.06288254850590844,0.8248634248651878,0.34238484751207393,0.8456488993025265,0.04580127204475184,0.794035680148362,0.3522653007148055,95,0.7098273026315789,0.8920813300121647
234,3,1.0,0.017211506791815812,0.8559,0.00029999999999996696,17,0.125,1.7616067618398805,0.041904009925684924,1.6267985413675121,0.3887192433875893,0.9270046507900354,0.06642725871443232,0.8684152186127564,0.34987392921186034,0.6702773477889749,0.03630295643598416,0.5962331786878673,0.4736233705033273,95,0.6793996710526315,0.8973552018398596
234,3,1.0,0.017211506791815812,0.8559,0.00029999999999996696,18,0.125,1.5729057994603866,0.03741530837672065,1.5053243739386872,0.29774991089021485,0.9657816653511532,0.06920594032754983,0.9512357748752877,0.21266622003226424,1.162744611325249,0.06297552365503074,1.1844070727818299,0.007002843852141704,95,0.7754111842105263,0.9599109131403119
234,3,1.0,0.017211506791815812,0.8559,0.00029999999999996696,7,0.125,1.5610418774786279,0.0371330967530766,1.4700709643766408,0.3377538885722009,0.860637382409484,0.061671515900059336,0.8155142437945235,0.32400960191970696,0.9937284922149088,0.053821425236992695,1.0129743328633567,0.034504226752763704,95,0.7810032894736842,0.9357691902706118
234,3,1.0,0.017211506791815812,0.8559,0.00029999999999996696,1,0.125,1.639156409099913,0.03899123682116978,1.5648804499593572,0.3016144343253258,1.0932133622896858,0.07833743529226314,1.050729715780494,0.2768215352754975,1.7697471456628264,0.0958514467833873,1.6605052977208394,0.5189149426756829,95,0.6787828947368421,0.9121637993700025
234,3,1.0,0.017211506791815812,0.8559,0.00029999999999996696,16,0.125,1.752996946194198,0.041699204966888,1.6500983185707259,0.33771269904627127,0.9808489996882886,0.07028563471235874,0.9054219742538374,0.38883740960822677,0.7514720138250096,0.040700548617285885,0.7498604980028253,0.16243269766035084,95,0.7130345394736842,0.8850700651634854
235,3,1.0,0.016714052890727183,0.8491,-0.006800000000000028,11,0.125,1.5303585840809177,0.036430669617669935,1.412438954199988,0.38494755864800834,0.9932296753101472,0.07137505199505514,0.7768849867582299,0.6534485513002385,1.037735796218789,0.05636848195946382,0.6768486000232165,0.806112514240932,95,0.8141036184210526,0.9604020405070963
235,3,1.0,0.016714052890727183,0.8491,-0.006800000000000028,2,0.125,1.6244823496591498,0.0386713155960835,1.5492226822896167,0.3055640299034901,0.7941394043506688,0.05706811091719707,0.8176586559364216,0.2328079949206552,0.7382555330399313,0.04010109687578131,0.9194446389337291,0.005201952184544641,95,0.68671875,0.8609065325429615
235,3,1.0,0.016714052890727183,0.8491,-0.006800000000000028,7,0.125,1.4940256639003464,0.03556575297322317,1.412982073810007,0.3303763014611421,0.833478087078336,0.0598950507427993,0.7371161187566418,0.47223518562592026,0.7587530798751102,0.04121449741877313,0.4974845589252309,0.7555821564610234,95,0.780016447368421,0.9317343173431735
235,3,1.0,0.016714052890727183,0.8491,-0.006800000000000028,14,0.125,1.6324297199491746,0.038860505256844646,1.5113963662195027,0.3784675110637239,1.1372035586876996,0.08172124247591646,0.8770249788598452,0.7075594319740431,1.4001494471955689,0.0760543282234015,0.911305417812145,0.9282076544063016,95,0.7200246710526316,0.9109702472731426
235,3,1.0,0.016714052890727183,0.8491,-0.006800000000000028,15,0.125,1.6876408276387118,0.04017482311958993,1.6228700061846675,0.2817200540555742,1.0934141312600305,0.07857446511195217,1.3349619707126443,-0.38430088972919424,1.2683727273133645,0.06889638524367289,1.7081627773224126,-0.7174491107790151,95,0.6424342105263158,0.8559907834101382
235,3,1.0,0.016714052890727183,0.8491,-0.006800000000000028,0,0.125,1.579024302483809,0.037589172420401655,1.4373836282351022,0.41664286864640726,1.2616416414537792,0.09066355949319695,0.9689566706549626,0.7503620757374991,1.8068965305341669,0.09814830986379426,1.3361706100722568,0.8945371356598728,95,0.8217516447368421,0.9683262446835126
235,3,1.0,0.016714052890727183,0.8491,-0.006800000000000028,8,0.125,1.7012917745690554,0.04049978822434436,1.5685958749871831,0.39005306683100865,0.9331625189867093,0.06705853134292931,0.7701342135979397,0.571100774531916,0.9091454756918701,0.04938362011968289,0.6562046569118767,0.6980805644034697,95,0.6779605263157895,0.8722100921882582
235,3,1.0,0.016714052890727183,0.8491,-0.006800000000000028,12,0.125,1.669611283347283,0.03974562412121749,1.5309372651773254,0.4025540330659105,0.9040300646642399,0.06496502719811957,0.7330036080602608,0.5922987390259085,0.5877606712597199,0.03192640835471452,0.5016750771602222,0.614052899982293,95,0.6900904605263158,0.843591729726509
236,3,1.0,0.01622299070056202,0.8544,0.005300000000000082,18,0.125,1.51618202192408,0.03612143029586864,1.4515830162981047,0.29737127803068575,0.8125683287413085,0.058460000426529574,0.9012201798331398,-0.02442073952104748,0.9037323137103345,0.048932866733924635,1.2989914843743005,-0.6136466885251523,95,0.7869654605263158,0.9561628089241863
236,3,1.0,0.01622299070056202,0.8544,0.005300000000000082,6,0.125,1.7624712875607234,0.041989011109170325,1.6011440785531335,0.43409592993114876,1.0062234197760611,0.07239246161662781,0.8521791900433502,0.568082676570615,1.2356488599361086,0.06690459118911118,0.8109424064147346,0.877341323850502,95,0.6405838815789474,0.8900442903909108
236,3,1.0,0.01622299070056202,0.8544,0.005300000000000082,15,0.125,1.685450307061921,0.04015406785158152,1.5609037080211632,0.38045195698653433,1.301621142529053,0.09364476789945557,1.0700705431286583,0.7117660273219648,1.6393515552639502,0.08876319897696454,1.2091086000200493,0.8660077553586374,95,0.6342105263157894,0.8583376556016598
236,3,1.0,0.01622299070056202,0.8544,0.005300000000000082,2,0.125,1.6430004410703707,0.03914274476945127,1.5189081458894813,0.383767192335224,0.867313549944861,0.06239863000598617,0.7441162843415464,0.522505164630635,1.1656781712007256,0.06311600652169734,0.7868538644349378,0.8253440549334742,95,0.6818256578947368,0.840972138463394
236,3,1.0,0.01622299070056202,0.8544,0.005300000000000082,7,0.125,1.3974864496679273,0.03329363404338574,1.3902076443844826,0.212796600212463,0.6889825084380602,0.049568653259661324,0.737909946276413,0.13206651241399403,0.5391020585972839,0.029189848353459027,0.8621896949587888,-0.298590899140619,95,0.7818667763157895,0.9271101761767025
236,3,1.0,0.01622299070056202,0.8544,0.005300000000000082,5,0.125,1.5578051205128192,0.03711305652057696,1.4590167113775276,0.3505307220636094,0.9239309697575605,0.06647195438908941,0.7776601158144908,0.564069240731377,0.8690697856716904,0.047056053390588166,0.9393898588841392,0.16760798042982022,95,0.7122944078947369,0.8967846216013392
236,3,1.0,0.01622299070056202,0.8544,0.005300000000000082,12,0.125,1.5803184699581365,0.03764941321849083,1.480317730148503,0.35009168373170974,0.7744415267934169,0.055716978357741136,0.75250132413804,0.29755625468051844,0.6342547524656357,0.034341920507787636,0.5796953818993512,0.5168555710458257,95,0.7009457236842105,0.850237578459553
236,3,1.0,0.01622299070056202,0.8544,0.005300000000000082,4,0.125,1.6404965583682114,0.03908309241690569,1.5336097754062954,0.3553720018356998,0.8503649608274635,0.06117926851725214,0.8484736295978138,0.22291457133724268,1.4299512544843545,0.07742515467264642,1.1136442414301921,0.7155502864335139,95,0.6756578947368421,0.8790774099318404
237,3,1.0,0.015738374071823238,0.8517,-0.0027000000000000357,18,0.125,1.4725476516719176,0.035108191165247826,1.389208995958668,0.3339867261409177,0.9443494473431135,0.06800991055548986,0.8498188072824477,0.45158290756669495,1.3498383768286948,0.07423838421109791,0.9266596802236182,0.9119218846353937,95,0.7849506578947368,0.956469355683604
237,3,1.0,0.015738374071823238,0.8517,-0.0027000000000000357,7,0.125,1.4184803727752078,0.033819129747686735,1.3253524428033476,0.35763347759706493,0.7671865736081434,0.05525104122976754,0.6990265137210387,0.41206228313895543,0.8025149123794046,0.0441366991952983,0.4918184790774314,0.817441802578886,95,0.7817845394736842,0.9287855677694209
237,3,1.0,0.015738374071823238,0.8517,-0.0027000000000000357,3,0.125,1.682586313437503,0.04011589158226764,1.5109444279241222,0.4596025340214089,0.933070810122325,0.06719764862138088,0.8070464305042195,0.5413799886152438,0.7993087057547472,0.04396036430710176,0.6094706832290714,0.6480749392781937,95,0.730797697368421,0.8689585326056377
237,3,1.0,0.015738374071823238,0.8517,-0.0027000000000000357,14,0.125,1.5521245182614556,0.037005447149721316,1.4480001796154485,0.3601435387824504,1.0637777672646986,0.07661086794315095,0.990580576498333,0.372256963757068,1.4396728118187347,0.07917909668057592,1.1372126745261952,0.7241162683179612,95,0.7175986842105263,0.8921613568645428
237,3,1.0,0.015738374071823238,0.8517,-0.0027000000000000357,5,0.125,1.499171647336185,0.03574295522758737,1.4133747067406683,0.33496410387502257,0.8155937549267211,0.05873721690444202,0.7859803608487727,0.28565174511059593,0.9647356031895407,0.05305850952317354,0.7481446654096724,0.6469103447161968,95,0.7231907894736842,0.8942460768705935
237,3,1.0,0.015738374071823238,0.8517,-0.0027000000000000357,15,0.125,1.5556413166202792,0.03708929396373173,1.4995548656530975,0.2769101159082817,1.0382417069498648,0.07477181865600667,1.0758711616077166,0.03071552217664105,1.235940951755784,0.06797425589146683,1.5745238317526966,-0.5912888124358652,95,0.6522615131578947,0.869759818445439
237,3,1.0,0.015738374071823238,0.8517,-0.0027000000000000357,17,0.125,1.5859062551935623,0.037810864670003205,1.5181934229422462,0.29388636848151056,0.8546468301935367,0.061549731025444025,0.8268765395329746,0.27124320137296937,0.5165214386664554,0.02840763581420662,0.5999300472714367,0.28776662800790287,95,0.6787417763157895,0.9050705761192221
237,3,1.0,0.015738374071823238,0.8517,-0.0027000000000000357,16,0.125,1.6767971934938488,0.039977868524453786,1.5420169653439377,0.3992121134577267,0.9083509452337437,0.06541737988214863,0.8254442690157563,0.42439476978093127,0.7663924587940352,0.042150037211203195,0.6483071488540321,0.5417246861537297,95,0.725328947368421,0.8956349206349207
238,3,1.0,0.015260256148185282,0.8431,-0.008600000000000052,4,0.125,1.571041453921702,0.0374831354990049,1.4256348256442364,0.4221586703600334,0.8463272123039925,0.0611815858272407,0.7340117943163812,0.5071716580114244,1.2458062992522234,0.06787544231027379,0.8339440898030428,0.9104190869221389,95,0.6790707236842105,0.8712079927338783
238,3,1.0,0.015260256148185282,0.8431,-0.008600000000000052,10,0.125,1.606504027359577,0.03832922930639436,1.4699348289336218,0.4047383614731564,1.061828086683548,0.07676029468832643,0.9649395548295618,0.4298444373506761,1.331645872390599,0.07255225201816301,0.9857308767511637,0.8086161158346313,95,0.7324424342105263,0.9321282209622186
238,3,1.0,0.015260256148185282,0.8431,-0.008600000000000052,9,0.125,1.5700838579376626,0.03746028842521608,1.4151880872196783,0.43659668454571904,0.8688214500495605,0.06280770999912245,0.7846931115722269,0.43039301737151375,0.9828880624373925,0.05355083050990356,0.6695617887712842,0.7938063208483201,95,0.7153782894736842,0.894125761581791
238,3,1.0,0.015260256148185282,0.8431,-0.008600000000000052,17,0.125,1.603215624939883,0.03825077203006664,1.4491628958115157,0.4316467900788799,0.8674390608488113,0.06270777611740071,0.8302945007455472,0.30479643918199073,0.7092885967927525,0.038644271795574316,0.5685799749752114,0.6022150230142559,95,0.6840049342105263,0.9014727983168019
238,3,1.0,0.015260256148185282,0.8431,-0.008600000000000052,11,0.125,1.3272690749214446,0.03166702346060365,1.294620270807947,0.27946307314448343,0.8223419541406726,0.05944767474701824,0.8040898838484809,0.2630477816533441,0.6935876373394064,0.037788834182013356,1.0021919067282858,-0.443298411646779,95,0.8185855263157895,0.9617741611412497
238,3,1.0,0.015260256148185282,0.8431,-0.008600000000000052,12,0.125,1.5426883364530501,0.0368066646514383,1.4235440789380844,0.3853656055300757,0.8226666666631299,0.05947114844226646,0.7355061570705637,0.4487679658995572,0.5507038431555719,0.03000407604182803,0.5480897895880354,0.4399609904197936,95,0.7044819078947369,0.8556586704021479
238,3,1.0,0.015260256148185282,0.8431,-0.008600000000000052,6,0.125,1.6839628762481629,0.04017730309288817,1.5255882567590073,0.4298295576176589,0.9153574652902752,0.06617183107323593,0.8189247700124964,0.4527861549769737,1.2544683257117504,0.06834737673346349,0.9355302053718412,0.7724638320257351,95,0.6425164473684211,0.8851913477537438
238,3,1.0,0.015260256148185282,0.8431,-0.008600000000000052,0,0.125,1.4388440689675421,0.03432906691572114,1.3915763913358863,0.28575026824715455,1.0507251862167204,0.07595765825177224,1.02417312034266,0.24070381622750525,1.3437549081735076,0.07321199034201736,1.5834082288874078,-0.3673458603745052,95,0.8264391447368421,0.9697994925120653
239,3,1.0,0.014788689360666423,0.8457,0.0026000000000000467,11,0.125,1.2931418158192447,0.030875500568698016,1.2496072745211455,0.2858923365069986,0.7759293040869075,0.05614516992777712,0.8098987126144425,0.10726674180403778,0.960036191605198,0.052947719352490874,1.137569641397329,-0.40858311596022967,95,0.8100328947368421,0.9626395939086294
239,3,1.0,0.014788689360666423,0.8457,0.0026000000000000467,16,0.125,1.6233446466233217,0.03875953738937574,1.496813584935476,0.3925672526722857,0.8673024352125522,0.06275680316145092,0.8709515572518144,0.1790431098098406,0.6714866434329821,0.0370336937881365,0.7609868688376481,-0.03843105162013258,95,0.7079358552631579,0.8887727246326306
239,3,1.0,0.014788689360666423,0.8457,0.0026000000000000467,17,0.125,1.454875033150097,0.034737098718714145,1.4031793211214114,0.27809650776277317,0.7915015354878535,0.05727195502734188,0.7197200509257909,0.4161203182924335,0.5589591848531159,0.03082760244654469,0.5615242939559946,0.29032176857385356,95,0.6854851973684211,0.8907084158118889
239,3,1.0,0.014788689360666423,0.8457,0.0026000000000000467,3,0.125,1.5915421787964363,0.03800021068486195,1.4480208949164008,0.42493754607405665,0.868384062649331,0.06283506822492595,0.7816875009717374,0.4396463886784027,0.9450189336261211,0.0521194906170818,1.0200584393537429,-0.05787885701032455,95,0.73515625,0.8730354046646904
239,3,1.0,0.014788689360666423,0.8457,0.0026000000000000467,4,0.125,1.493963511273575,0.035670388721223564,1.4082741017802853,0.33445626259331296,0.8344013312052723,0.06037612483731676,0.8363368421752043,0.19175247100444842,0.9816513426937052,0.054139833736931306,0.9017570357762319,0.39973851818151057,95,0.7004111842105263,0.8790066924973582
239,3,1.0,0.014788689360666423,0.8457,0.0026000000000000467,6,0.125,1.5109924729995643,0.03607697809218287,1.41885305812094,0.34394065021835424,0.7868644039461116,0.056936418610535285,0.7117706369361094,0.42639585011216846,0.9902054637493432,0.05461160886887072,0.7529204455526057,0.79508621008619,95,0.6510279605263158,0.8931345923072065
239,3,1.0,0.014788689360666423,0.8457,0.0026000000000000467,10,0.125,1.4809948358094975,0.03536074414723482,1.3963274931967082,0.3341570965590434,0.980931387186266,0.07097883677157069,0.8604507341188685,0.5109842701749501,1.1148397812353659,0.061485415212468406,0.9244326013638365,0.6721083844910868,95,0.7378700657894737,0.9346336026748397
239,3,1.0,0.014788689360666423,0.8457,0.0026000000000000467,15,0.125,1.580850269208532,0.037744926959192106,1.4478051834280246,0.4079757557996235,1.1569154753882422,0.08371280168904748,0.9953763322787424,0.598145754978813,1.3835107341964339,0.07630310056635448,1.152158109515325,0.7567272115630825,95,0.6445723684210526,0.8614442459811177
240,3,1.0,0.014323725421878947,0.8521,0.006399999999999961,8,0.125,1.524788695158652,0.036433959725433285,1.4302437479933738,0.346777605195188,0.815976420829101,0.05927045365982472,0.7237048396173826,0.4656775018322046,0.8068725695232143,0.04496355206085356,0.6855640767717796,0.5493583052575476,95,0.6899671052631579,0.8808700834326579
240,3,1.0,0.014323725421878947,0.8521,0.006399999999999961,9,0.125,1.4154970480237887,0.033822497899489226,1.3377079400130785,0.32877025597822435,0.7540565953935373,0.0547727548900809,0.7923967285932407,0.10156388185235592,0.5449051217694761,0.030365228335107856,0.6315242072804128,-0.00036649817295570844,95,0.7145559210526315,0.8941190010357923
240,3,1.0,0.014323725421878947,0.8521,0.006399999999999961,2,0.125,1.5478421470047563,0.03698480886194645,1.4414639966016052,0.3658613289409108,0.8058648945067933,0.05853597808305808,0.7348534286982158,0.41045533220389185,0.6309857541122313,0.03516213324917844,0.6966551396889129,0.03623611091637283,95,0.6686266447368421,0.8399852407601008
240,3,1.0,0.014323725421878947,0.8521,0.006399999999999961,14,0.125,1.4983076538093967,0.03580121028476019,1.3702883718807812,0.40990016863815926,1.1408016685039415,0.08286493420901818,0.9505563502545199,0.670939553710803,1.4881171737246617,0.08292639574171819,1.2373059375080793,0.8271282963433298,95,0.7134046052631579,0.9088760806916426
240,3,1.0,0.014323725421878947,0.8521,0.006399999999999961,3,0.125,1.4180338155820849,0.03388311251930193,1.3405632433104995,0.3278672943382245,0.7959235554920202,0.05781386447983286,0.7728290092814731,0.27704905293300425,1.035471383178107,0.057702384742815756,0.9396718289923419,0.4404477660184497,95,0.7322779605263158,0.8730978718625414
240,3,1.0,0.014323725421878947,0.8521,0.006399999999999961,16,0.125,1.5090261537546872,0.03605732275238518,1.40013233375222,0.3744944331002396,0.9085831337187534,0.06599716995309421,0.7677796368611098,0.5740459263092746,0.8211621366276296,0.045759848426221515,0.6283316559906775,0.727725418654914,95,0.7314555921052631,0.8906627691269886
240,3,1.0,0.014323725421878947,0.8521,0.006399999999999961,4,0.125,1.4425549622181926,0.034469031389108624,1.3678716856698858,0.31972128582856146,0.8373415417754608,0.060822361752586866,0.7525245179199661,0.44080164148212575,0.7976542406672797,0.044449854080424255,0.8232492531455875,0.11845660930346207,95,0.7023848684210526,0.8798735511064278
240,3,1.0,0.014323725421878947,0.8521,0.006399999999999961,10,0.125,1.4037046510748616,0.033540725272981894,1.3314498340997216,0.32007794605279555,0.8764259215960235,0.06366135178200934,0.9403928866480231,-0.010481678642268859,0.8469501228570918,0.04719690243594968,1.0029445449856256,-0.34567638691089775,95,0.7527138157894737,0.9366874248880148
241,3,1.0,0.013865415320358426,0.8507,-0.0013999999999999568,19,0.125,1.4988493842001074,0.03583784767050646,1.4012486237818338,0.35675529401891004,0.9533430880357995,0.06930879504461039,0.8434839541019867,0.5167572126279758,1.261646242256327,0.07037370190794577,1.2612626531341113,0.08837106502205658,95,0.6836759868421053,0.9207914837312805
241,3,1.0,0.013865415320358426,0.8507,-0.0013999999999999568,5,0.125,1.4641233722815996,0.035007540410511934,1.3439176371768364,0.40389700482654534,0.8386922162176438,0.06097358616099382,0.7489707795247019,0.47031738116943195,0.8489091003742613,0.047351526898570355,0.7227781497546223,0.6629605424474456,95,0.7049753289473685,0.879148439778361
241,3,1.0,0.013865415320358426,0.8507,-0.0013999999999999568,7,0.125,1.376552472002726,0.03291369921629599,1.281588438743001,0.36532919545093745,0.7107517285019004,0.05167221171114312,0.7094901816764154,0.20133970571313145,1.0230664423725535,0.05706589568149416,0.9868428695210555,0.2696199248634649,95,0.7803865131578948,0.9315559302386849
241,3,1.0,0.013865415320358426,0.8507,-0.0013999999999999568,14,0.125,1.3420428810729983,0.03208856663396445,1.2931318804892866,0.2790525190812843,0.9480367139255831,0.068923017458083,1.009257748747697,-0.07829733613345337,1.4159194433386788,0.07897894789666109,1.4593743751566244,-0.12469766448183475,95,0.7245888157894737,0.904153898535921
241,3,1.0,0.013865415320358426,0.8507,-0.0013999999999999568,10,0.125,1.3458786295833947,0.03218028029930469,1.2941051606744312,0.2842743659302587,0.9393724162468168,0.06829311617746392,0.8600524398642564,0.4204478586645407,1.0068949535206366,0.0561638618959877,0.9966324400557739,0.15524698746789242,95,0.7491365131578948,0.9332016027224326
241,3,1.0,0.013865415320358426,0.8507,-0.0013999999999999568,1,0.125,1.5418382201555445,0.0368657210317285,1.4281668036779445,0.38358079330170103,1.2139071563866712,0.08825200849626366,1.0734344388570856,0.5882442042701285,1.8348920958379396,0.10234893511418253,1.7538753764252504,0.4220598821034299,95,0.6733141447368421,0.9135267175572519
241,3,1.0,0.013865415320358426,0.8507,-0.0013999999999999568,11,0.125,1.2707684523939944,0.030384377977834946,1.2043335339123715,0.3237738955093435,0.7852930267246759,0.05709142293291423,0.8303549756066769,0.012480749431961449,0.9677703383641179,0.05398151956255843,0.982272307087179,0.04606831151063298,95,0.815172697368421,0.9594955863808323
241,3,1.0,0.013865415320358426,0.8507,-0.0013999999999999568,16,0.125,1.4102271909895516,0.03371886981056555,1.3333352395957931,0.326043171173516,0.7078821491742411,0.05146359102885049,0.6984486307311797,0.23112328357257955,0.5226800737342591,0.02915471109905999,0.5667023057972289,-0.0008289656804443359,95,0.7345805921052632,0.8920235096557515
242,3,1.0,0.013413809314972198,0.8497,-0.0010000000000000009,9,0.125,1.3766606115292581,0.03293956203855812,1.2952608238926264,0.33878219271923365,0.7809325418041794,0.0568855306724549,0.7393342036832676,0.32349622564048325,0.7161712995680393,0.03997777625695175,0.8225180331684826,-0.3524643020597317,95,0.7063733552631579,0.8917864834972932
242,3,1.0,0.013413809314972198,0.8497,-0.0010000000000000009,15,0.125,1.4670216345780391,0.03510164360002339,1.3628801128509618,0.3749423975286337,1.0553277852158587,0.0768733250079416,1.0715967688416246,0.07186529769673462,1.4049982341231069,0.07842914827648664,1.448221645485957,-0.11573442202972598,95,0.6458470394736842,0.8579614184758388
242,3,1.0,0.013413809314972198,0.8497,-0.0010000000000000009,18,0.125,1.3739343022926545,0.032874329234275565,1.2703224290574298,0.38399535405569624,0.8911204232850365,0.06491195520488764,0.7808003089835833,0.5292530074175881,1.1229940272790724,0.0626872425459305,0.9931690574340214,0.6450313921647027,95,0.77734375,0.9567310235387464
242,3,1.0,0.013413809314972198,0.8497,-0.0010000000000000009,8,0.125,1.4302016061474185,0.03422064533465962,1.3329020812771475,0.3650036032823389,0.7838509883286794,0.05709811930258397,0.7019409581228907,0.4570482487039281,0.6746947057032264,0.03766248941087448,0.5706057580134645,0.5943822574025607,95,0.7062088815789473,0.889490538573508
242,3,1.0,0.013413809314972198,0.8497,-0.0010000000000000009,11,0.125,1.211571239158032,0.028989444211704723,1.1329417203742407,0.3553039180095818,0.8167791360962379,0.059496706964830816,0.7278107882964632,0.47339386431079217,1.0297352587743052,0.05748139558790361,0.9361488357800265,0.507072386524388,95,0.8107730263157895,0.9598336545288568
242,3,1.0,0.013413809314972198,0.8497,-0.0010000000000000009,14,0.125,1.2880425177005823,0.030819183802294193,1.2529698919188785,0.25410717373724667,1.0133294213225095,0.07381403487779985,0.9534992974925395,0.3463671378516435,1.2832251822572511,0.07163159045120707,1.2416844112349819,0.2695628819437844,95,0.7351973684210527,0.9174496644295302
242,3,1.0,0.013413809314972198,0.8497,-0.0010000000000000009,7,0.125,1.2462818660715358,0.02981997051502106,1.1843549908297057,0.31600144895070087,0.7635601851797931,0.05562007473009368,0.6946833328935861,0.41888075076724157,0.6570255642633077,0.0366761709371189,0.5325650026579313,0.6728881426648238,95,0.7824424342105263,0.9333648641547112
242,3,1.0,0.013413809314972198,0.8497,-0.0010000000000000009,1,0.125,1.4309773088872173,0.034239205688829044,1.350168465858004,0.33141004853857303,1.0530840507362833,0.07670988448046166,1.0893509038666818,-0.0019247204085027364,1.7223382853062366,0.09614355483148361,1.7657735179407412,-0.1308693620222219,95,0.6681332236842106,0.9135331405009539
243,3,1.0,0.012968956929407856,0.8527,0.0030000000000000027,2,0.125,1.4904113005637123,0.03568497118637455,1.3259264802914774,0.4744323970927987,0.8731521126513562,0.063649321817956,0.7490492692699723,0.5270226727232444,1.0533696002432171,0.05873512018621784,0.6302965446249132,0.8842555009320082,95,0.6839638157894737,0.8430323433930503
243,3,1.0,0.012968956929407856,0.8527,0.0030000000000000027,11,0.125,1.1373204825654417,0.02723090507611623,1.164846493631224,0.17253738045951558,0.7304040294992722,0.05324355339365026,0.85845504618122,-0.14395623420148942,0.7348792844642982,0.040976332604819976,1.0829422284875228,-0.43544330460052955,95,0.820641447368421,0.9587634031466079
243,3,1.0,0.012968956929407856,0.8527,0.0030000000000000027,6,0.125,1.449657241354922,0.0347091952860956,1.3124362758580488,0.4314054570394858,0.8317254068875157,0.060629479468821926,0.730477729875693,0.48081522322829184,1.074887089875051,0.059934919705151794,0.717147172936276,0.8048960699429942,95,0.6530016447368421,0.8870977898117247
243,3,1.0,0.012968956929407856,0.8527,0.0030000000000000027,17,0.125,1.3884165892885751,0.03324290815877993,1.263498933658123,0.4170733295199573,0.8252779227057396,0.06015948347424554,0.717526970649216,0.49822723156153015,0.4621890160709628,0.025771322241889022,0.5921712744023,0.3054648782665793,95,0.6784128289473684,0.8902357718649615
243,3,1.0,0.012968956929407856,0.8527,0.0030000000000000027,7,0.125,1.2283029344988792,0.029409301183608464,1.2339503921192687,0.19882341232617434,0.6660383989145243,0.04855155451310683,0.7154782714369649,0.12553536364216492,0.6202203315914919,0.034583033067928835,1.0267057965676476,-0.5710511617595931,95,0.7939555921052631,0.9325703040033145
243,3,1.0,0.012968956929407856,0.8527,0.0030000000000000027,9,0.125,1.32599972191635,0.03174845886623955,1.219587336119888,0.3925249824585962,0.7547603638962035,0.055019033454768815,0.6652885184617142,0.4722695014315034,0.7322069787841968,0.04082732679028078,0.457961468893005,0.7817236384999203,95,0.7170641447368421,0.8969551006365044
243,3,1.0,0.012968956929407856,0.8527,0.0030000000000000027,10,0.125,1.3526325019828405,0.03238612847390175,1.2397512795145267,0.4003949266185679,0.9791497712087665,0.07137613022134394,0.7978354881020782,0.642378521474859,1.1732355716019358,0.06541875927392884,0.8067783044533866,0.8044427047280827,95,0.75078125,0.9344980557533271
243,3,1.0,0.012968956929407856,0.8527,0.0030000000000000027,19,0.125,1.5111562892316175,0.03618166919355946,1.348400508630973,0.4693090168495725,0.9552247722037849,0.06963209279751147,0.7683238543578635,0.658380121550174,1.630850088916771,0.09093501080353339,1.1469692790282362,0.9316043715198452,95,0.6818256578947368,0.9156917139066457
244,3,1.0,0.012530906946742542,0.8553,0.0025999999999999357,8,0.125,1.4710239873942372,0.03524254091689986,1.3403884886518074,0.42075717785107103,0.8409705957600121,0.06156474023765301,0.6717997085517501,0.6340511055541371,0.8183906227415063,0.04630465995162911,0.5588450975846068,0.7656524579834969,95,0.6877467105263158,0.8787516441468373
244,3,1.0,0.012530906946742542,0.8553,0.0025999999999999357,13,0.125,1.4704264954856314,0.035228226308017196,1.3754883692407769,0.353987883841884,0.7464325083164943,0.05464391229745043,0.7784625162533227,0.15456727378673146,0.8192608750214944,0.0463538989516582,0.932228388305033,-0.007083238555677429,95,0.6951480263157894,0.857210457825624
244,3,1.0,0.012530906946742542,0.8553,0.0025999999999999357,2,0.125,1.2949044516796493,0.031023099223986585,1.2350927934896323,0.30890493573022937,0.6384444565789946,0.046738455926551806,0.6228283555194764,0.327898237021636,0.5649617131912767,0.03196561554845038,0.8405732202713458,-0.3922963642634208,95,0.691077302631579,0.8542869042660796
244,3,1.0,0.012530906946742542,0.8553,0.0025999999999999357,6,0.125,1.3056135967254459,0.0312796670880702,1.2486355716748914,0.301877114999253,0.75244853317507,0.05508432604027191,0.7542542627162508,0.2373715232532763,0.7220657775471079,0.04085458626105025,0.9471075993844367,-0.2884139117908398,95,0.6649259868421052,0.8964813555129553
244,3,1.0,0.012530906946742542,0.8553,0.0025999999999999357,14,0.125,1.3064245031970882,0.03129909464652712,1.2112204039276657,0.3747591708649737,1.1380824770577238,0.08331534113361334,0.9214829893025027,0.6976410002385175,1.6784967076215607,0.09496958679216738,1.3007301765805936,0.8943794304426527,95,0.7305509868421053,0.9143355659368492
244,3,1.0,0.012530906946742542,0.8553,0.0025999999999999357,12,0.125,1.4039554206737,0.03363572367452888,1.2907153055120786,0.39599330448594977,0.781309320054419,0.05719713100187182,0.6636587241837268,0.5317009155209861,0.7902970522523234,0.044715121664923176,0.4986688272461984,0.8194470349584649,95,0.6941200657894737,0.8366210532551389
244,3,1.0,0.012530906946742542,0.8553,0.0025999999999999357,9,0.125,1.233470600457043,0.029551277531105386,1.2048193290420972,0.2573304006302247,0.6810445755640914,0.04985707300143348,0.7637302892698007,0.027237128484292026,0.49142490794021293,0.027804892457962083,0.7276518417097442,-0.2206450796195835,95,0.7205180921052632,0.891571078011756
244,3,1.0,0.012530906946742542,0.8553,0.0025999999999999357,18,0.125,1.4725002772997493,0.03527790961778173,1.331016166644776,0.4405663812705825,0.9396490836488415,0.06878867351730578,0.7346406757832185,0.6948859716057919,1.402554867412829,0.07935675751207442,1.0173420478145117,0.9134083627065444,95,0.7752055921052632,0.9551265050655068
245,3,1.0,0.012099707404093205,0.8562,0.0009000000000000119,7,0.125,1.2454858860240485,0.029857554069765056,1.1543992994176708,0.37652160204417845,0.6795432327456407,0.04976825364284723,0.6422287787474528,0.33183752444659687,0.6512975158880537,0.0366326906765576,0.6467911838108428,0.19424389189485233,95,0.7888569078947368,0.9318217357310399
245,3,1.0,0.012099707404093205,0.8562,0.0009000000000000119,5,0.125,1.283645829072735,0.03077234770625699,1.1721541062028757,0.41503044278318835,0.7893154477335796,0.05780772953665224,0.6874043581767243,0.5279089279553494,0.8617295724357275,0.048468590933956696,0.71745416214828,0.713517603582991,95,0.7173108552631579,0.8933218687302952
245,3,1.0,0.012099707404093205,0.8562,0.0009000000000000119,9,0.125,1.2111532705367907,0.029034511484722497,1.1521445079981942,0.31167580288896235,0.7413457769519233,0.05429453622151997,0.6497336802740379,0.503301205452701,0.6575096890537225,0.036982098761888405,0.6838586025139208,0.05458477962217627,95,0.7138569078947369,0.8979897471343816
245,3,1.0,0.012099707404093205,0.8562,0.0009000000000000119,13,0.125,1.3574605396437363,0.03254187936996238,1.2435737406930092,0.4115519360253702,0.7597356835487736,0.05564137258435504,0.6693661042454128,0.4953659041880523,0.9361093547096652,0.052652134537551826,0.8240811770612457,0.5848039145318878,95,0.7079769736842105,0.8756533859914043
245,3,1.0,0.012099707404093205,0.8562,0.0009000000000000119,18,0.125,1.2380342813394303,0.02967891961691891,1.1665367048956028,0.3352153380676546,0.7204098104850437,0.05276123202662438,0.7013473012836567,0.2547304464629822,1.097839955891533,0.061748786899185275,1.0509881114928386,0.3052534177480465,95,0.7887746710526315,0.9550643799197206
245,3,1.0,0.012099707404093205,0.8562,0.0009000000000000119,6,0.125,1.26921439912549,0.03042638858717824,1.2309516246017946,0.2575422960256821,0.7603111902563702,0.05568352143142853,0.7149117933558371,0.3404622697845302,1.033765488754957,0.05814487305394517,0.9991011245351945,0.2598886884863388,95,0.6622944078947368,0.8955112683926243
245,3,1.0,0.012099707404093205,0.8562,0.0009000000000000119,11,0.125,1.1587756789031909,0.027778883627520044,1.087429915823594,0.3465107149896795,0.7256389810843517,0.05314420499462315,0.7473100704709154,0.09918687202390905,0.7644597176669168,0.042997578969415466,0.7964192334689276,0.005102527358234319,95,0.8064555921052632,0.9573242237291593
245,3,1.0,0.012099707404093205,0.8562,0.0009000000000000119,2,0.125,1.2788771743792942,0.030658030581553176,1.2223181616010026,0.29698706794225616,0.6662935440816066,0.048797875550115596,0.6343866110097843,0.31625609889427075,0.8371058448556877,0.04708361191324988,0.8968145049622078,-0.1363181226546915,95,0.7025082236842105,0.8686567164179104
246,3,1.0,0.011675405587348867,0.8541,-0.0020999999999999908,15,0.125,1.3628222258567317,0.03268936569187669,1.2580490210768271,0.386136302616795,1.0381224210569935,0.07617909807544,0.9045514101608371,0.5776290669225638,1.371788460520002,0.07739250055700678,1.1795799750904428,0.5853054311143921,95,0.6542763157894737,0.869281045751634
246,3,1.0,0.011675405587348867,0.8541,-0.0020999999999999908,9,0.125,1.1991202476950351,0.02876272454449796,1.1274025398976815,0.3448634193207296,0.709113512406929,0.0520358935637529,0.6310466284066031,0.46015659051334934,0.7925438582216094,0.04471312651632694,0.5773503212624398,0.7122040818254114,95,0.7215871710526316,0.8944099378881988
246,3,1.0,0.011675405587348867,0.8541,-0.0020999999999999908,10,0.125,1.308918648807052,0.03139640633969889,1.185733693257165,0.4281754265144383,0.9073529544827551,0.0665830236459051,0.787133886956363,0.5523775606591159,1.0444930817023268,0.05892740297348375,0.7657943739922254,0.7852053055582109,95,0.7434621710526316,0.9387202035285659
246,3,1.0,0.011675405587348867,0.8541,-0.0020999999999999908,2,0.125,1.2711765189607611,0.030491103901033347,1.2022099933304398,0.3283826062714795,0.6634499401609991,0.04868502696262913,0.6288564055760414,0.3324215277345485,0.7421743122102745,0.041871416420398065,0.4580241095301263,0.8365018272350834,95,0.6964638157894737,0.8591333097177943
246,3,1.0,0.011675405587348867,0.8541,-0.0020999999999999908,3,0.125,1.3324353193705962,0.03196048948225537,1.257322895892443,0.3320807961310205,0.7210427857878703,0.05291128289011981,0.7024470657284123,0.26123182793424266,0.8439128218694594,0.04761122098361971,1.0229341776073337,-0.23979919622239138,95,0.7284539473684211,0.87666516143599
246,3,1.0,0.011675405587348867,0.8541,-0.0020999999999999908,17,0.125,1.274834027324991,0.03057883480692186,1.1722757181609427,0.393402015977293,0.7000910700406037,0.051373812186872043,0.6250847616447188,0.4529120037912319,0.5651002701155647,0.03188139004544851,0.5868153036866514,0.3089211293543465,95,0.6933388157894737,0.8996560313130115
246,3,1.0,0.011675405587348867,0.8541,-0.0020999999999999908,14,0.125,1.225992229227272,0.02940728992838024,1.1901876755281084,0.26875604392539837,0.9639616994999,0.07073706468298997,1.0477383131577416,-0.161666483477416,1.3237560369745394,0.07468264442905287,1.5314527729423575,-0.3912292345170154,95,0.7264802631578947,0.9176477247000226
246,3,1.0,0.011675405587348867,0.8541,-0.0020999999999999908,4,0.125,1.3698121660125704,0.032857030047199996,1.224675437225144,0.46202354423007014,0.8701500422410331,0.0638530139255982,0.8276915549637865,0.3090010582680696,1.309738365946354,0.07389180630489665,1.0238449228817066,0.7775662542178164,95,0.6986430921052632,0.8862338885292214
247,3,1.0,0.011258048025985219,0.8524,-0.0016999999999999238,1,0.125,1.288140525390105,0.03091649731657967,1.2037846654712914,0.35648284448062584,0.9300236577849771,0.06858787002993044,0.9324244191860189,0.12395912924727973,1.7514904719695703,0.10025432701964428,1.8301067560050421,-0.300281553235725,95,0.6669819078947369,0.9133838850872326
247,3,1.0,0.011258048025985219,0.8524,-0.0016999999999999238,3,0.125,1.2803920876918937,0.030730528046470813,1.1700309215374745,0.41287966428843453,0.6914134221512093,0.050990717858083505,0.6150127863830518,0.4701390810221578,0.8848478949755578,0.05064819457782619,0.7454604878096179,0.7055492897785315,95,0.7318667763157894,0.8772964773301871
247,3,1.0,0.011258048025985219,0.8524,-0.0016999999999999238,11,0.125,1.156014468904007,0.027745356598399388,1.0623295993309736,0.39484949213310583,0.878035836938641,0.06475384508927436,0.7758577884414665,0.528705541474116,1.0194661875470639,0.05835366973871213,0.8609781718500031,0.7693426076505053,95,0.8157894736842105,0.9587701612903226
247,3,1.0,0.011258048025985219,0.8524,-0.0016999999999999238,7,0.125,1.1618225449714719,0.0278847554951928,1.0893262286043666,0.3485823747225189,0.720636657964196,0.053145888302423484,0.6503632201085889,0.4413964027721592,0.9706554627646026,0.0555597713745926,0.8246647459434766,0.7243552537243291,95,0.7945723684210526,0.9354170979093356
247,3,1.0,0.011258048025985219,0.8524,-0.0016999999999999238,9,0.125,1.0969654016783037,0.02632812742778765,1.0733568939141824,0.2514928050465447,0.5851017596865888,0.04315038989787255,0.6163538779648329,0.08331516554063093,0.6094498435835468,0.034884565402167646,0.7211401484835357,-0.3697959785065624,95,0.7282894736842105,0.8945912375790425
247,3,1.0,0.011258048025985219,0.8524,-0.0016999999999999238,6,0.125,1.2592981635128362,0.030224255448548728,1.1917333510344754,0.3238014037937312,0.7087318033009844,0.052267922868393255,0.695770455033259,0.22702376828196233,0.8292442102728598,0.04746547101815254,0.9135596962608017,-0.26723119355107094,95,0.6557154605263158,0.8923935536464539
247,3,1.0,0.011258048025985219,0.8524,-0.0016999999999999238,0,0.125,1.3102926764011644,0.03144816828243371,1.2247197004166248,0.3563703202829806,1.1766192321503064,0.08677392912955356,1.1016236608414425,0.39773025486761854,1.9516284335945377,0.11171011109321193,1.8179305129683392,0.640441933719589,95,0.8128700657894737,0.9694471141686479
247,3,1.0,0.011258048025985219,0.8524,-0.0016999999999999238,19,0.125,1.2858239471941946,0.030860897417216343,1.1978371853038732,0.36458752187576293,0.7934955257835357,0.05851912210641358,0.8047204040371237,0.11114335717501796,1.1214213809063645,0.06418952751811544,1.2571609780452508,-0.5522411416983068,95,0.6912828947368421,0.922257911015941
248,3,1.0,0.010847680487962004,0.8545,0.0020999999999999908,5,0.125,1.2295186306289136,0.029527067655350327,1.1383707695978187,0.37974970912434336,0.7964051500050877,0.05868396374080596,0.6795580374100019,0.5516693900849573,0.8188405184976584,0.04676926900890976,0.8410690870033609,0.17579016340045464,95,0.7098684210526316,0.9036144578313253
248,3,1.0,0.010847680487962004,0.8545,0.0020999999999999908,1,0.125,1.223321301913837,0.029378237910363935,1.1470507728425066,0.3475967397157687,0.9716051784513571,0.07159376488493889,0.8480509949864411,0.5432500305681351,1.7838539043270112,0.10188741426368796,1.458909093866974,0.8768043345048786,95,0.6701891447368421,0.9123872630222714
248,3,1.0,0.010847680487962004,0.8545,0.0020999999999999908,19,0.125,1.214956199581301,0.029177348768578117,1.1424560345311177,0.3403181875367057,0.7649124127917515,0.05636338777678269,0.6600533586444317,0.5234879451922143,1.159114492028224,0.06620451268002173,0.9786716371692866,0.5989851358538284,95,0.6933799342105263,0.9199430706280022
248,3,1.0,0.010847680487962004,0.8545,0.0020999999999999908,2,0.125,1.2578386972019406,0.03020717814808687,1.170223137986345,0.36827503203140477,0.6596190789429655,0.048604736058255674,0.605856488511176,0.3985894059899151,0.802151946138583,0.04581607688858299,0.5960222472404426,0.7071935417523675,95,0.6972039473684211,0.865652276480302
248,3,1.0,0.010847680487962004,0.8545,0.0020999999999999908,9,0.125,1.0988357544232394,0.026388699491586145,1.0795875805989092,0.23662871963550017,0.6408512014339114,0.04722180496693089,0.6124746591789806,0.3246571007766925,0.6005192907004384,0.03429953405742317,0.5033918625368188,0.5521999785353922,95,0.7310855263157895,0.9032620922384702
248,3,1.0,0.010847680487962004,0.8545,0.0020999999999999908,8,0.125,1.2888166587828478,0.030951118373666386,1.1882475814743032,0.39300665982963856,0.7504896802857273,0.05530063333399504,0.7432490147170591,0.22151050683645776,0.6317993481910403,0.036086140106274076,0.6963497192509478,0.12718192506512624,95,0.6984786184210526,0.8866780479189968
248,3,1.0,0.010847680487962004,0.8545,0.0020999999999999908,12,0.125,1.2682318348985198,0.03045677085231559,1.168683369470041,0.39326451608882657,0.7201478102240985,0.05306486024474079,0.7156126807871411,0.22074493090755706,0.5102907307842611,0.0291459984229768,0.6924585026524496,-0.18286414393733685,95,0.6897615131578947,0.856333830104322
248,3,1.0,0.010847680487962004,0.8545,0.0020999999999999908,3,0.125,1.1715073601735244,0.028133918609180172,1.1284479999268318,0.27994286063744966,0.6439781878174629,0.0474522202970542,0.6178369436476995,0.3163126482524001,0.7049802322937319,0.040265972903493444,0.9003509022214053,-0.3069722710774175,95,0.7369243421052631,0.8829371721906037
249,3,1.0,0.010444347974704237,0.8537,-0.0008000000000000229,3,0.125,1.1264125545610564,0.027065870883240216,1.082560326583498,0.28300017340075156,0.6047666586572409,0.04480034408315969,0.5673874796786356,0.34764468239868923,0.9363438675370274,0.05435662541053298,0.6959738616673177,0.7809363251263783,95,0.7435032894736842,0.8847472624709656
249,3,1.0,0.010444347974704237,0.8537,-0.0008000000000000229,0,0.125,1.23038474317527,0.02956415432396128,1.1395107457300222,0.38329101567048923,1.181543934561598,0.08752727032812613,1.0847592919128775,0.5009644419756205,1.9261972621584016,0.1118195853851716,1.6335858284319906,0.8557710145130509,95,0.8160361842105263,0.9695152675602137
249,3,1.0,0.010444347974704237,0.8537,-0.0008000000000000229,19,0.125,1.1738133083029745,0.028204834289988608,1.1241583212236954,0.2905111869884393,0.7041746283651984,0.05216435991269122,0.7265184913039866,0.06456670048974719,1.0501455803914526,0.060963041377112066,1.2904781500802098,-0.5881509638944841,95,0.6954769736842106,0.9176421899018564
249,3,1.0,0.010444347974704237,0.8537,-0.0008000000000000229,11,0.125,1.0657253734482024,0.02560765612736119,0.9993383440142879,0.347794114255224,0.8708810491909785,0.064513759316503,0.7749600685980352,0.5261871745488537,1.3280167029573635,0.0770940131764465,1.0183115662967475,0.9062149924928341,95,0.8213815789473684,0.9607028434120946
249,3,1.0,0.010444347974704237,0.8537,-0.0008000000000000229,17,0.125,1.2557997608896785,0.030174836072107723,1.1603449421935899,0.3912168798778117,0.7214675188008157,0.05344539521881765,0.686723672758942,0.30681764023548114,0.5847310929909617,0.03394480392252299,0.49456790009923934,0.5377569469293454,95,0.6835526315789474,0.8929860442733397
249,3,1.0,0.010444347974704237,0.8537,-0.0008000000000000229,5,0.125,1.1545069249865931,0.027740933141206448,1.0836938912569427,0.34495499414448966,0.6657544604970809,0.049318242793658776,0.6668256753083994,0.16803685824524345,0.8121121931076457,0.047144729412491274,0.6151860520471975,0.7068240039778888,95,0.721875,0.8962747778537252
249,3,1.0,0.010444347974704237,0.8537,-0.0008000000000000229,2,0.125,1.1956502690118231,0.028729541118436914,1.127522875866667,0.3328452730380954,0.6551789400172517,0.04853482170128773,0.6040455661534228,0.38917639050863695,0.6404713444979305,0.03718063647987499,0.7061521878399248,0.0812514932058518,95,0.7068256578947368,0.8731820826061664
249,3,1.0,0.010444347974704237,0.8537,-0.0008000000000000229,1,0.125,1.1661921597348028,0.02802171042272267,1.126238346339853,0.2675109511085637,0.8948619855042165,0.06629023654600963,0.9373944482806773,-0.06087561315121118,1.3536453731830964,0.07858180849986186,1.648676167064467,-0.7936080370156456,95,0.6759868421052632,0.9087591240875912
250,3,1.0,0.010048094716167114,0.8548,0.0010999999999999899,1,0.125,1.1525739308102074,0.02771038276901679,1.1048257834523376,0.28712749816270133,0.9107107300935657,0.0674234085420059,0.9802231344637289,-0.20164194445617992,1.654080374707479,0.09494339365614099,1.5603540264374471,0.43125923100351216,95,0.668297697368421,0.9109702824094014
250,3,1.0,0.010048094716167114,0.8548,0.0010999999999999899,5,0.125,1.101118738259495,0.026473288086481847,1.0390989288624888,0.33095438324584014,0.6254190076884584,0.046302168045151464,0.624542239499449,0.1820286774330086,0.7668571551315602,0.04401722060849676,0.7153169855026305,0.3612996664423046,95,0.7302631578947368,0.896509009009009
250,3,1.0,0.010048094716167114,0.8548,0.0010999999999999899,12,0.125,1.1563282583132068,0.02780064496336924,1.0949706880568881,0.3214184131972808,0.6872871252879921,0.050882502097227104,0.5996948749681527,0.5302060194071875,0.5447051647429222,0.03126580647078066,0.5334425991120226,0.2798289897950398,95,0.714514802631579,0.8724751107786154
250,3,1.0,0.010048094716167114,0.8548,0.0010999999999999899,0,0.125,1.0984676298059617,0.026409549676262953,1.0504063631095222,0.29576116866363095,1.1267587646306174,0.08341827322949286,1.0226168543609642,0.5447384593936447,1.5224552840847771,0.08738817869494149,1.5774424615194569,-0.13255537407515433,95,0.8138569078947369,0.9691305006820593
250,3,1.0,0.010048094716167114,0.8548,0.0010999999999999899,19,0.125,1.1188848942363305,0.02690042509634472,1.0811745149208516,0.2659992974141329,0.726637133524695,0.053795734140954024,0.7635483559812204,-0.01661379587240053,1.2367205634789078,0.07098714735781063,1.2141027931234152,0.19115447099103458,95,0.69453125,0.9221478894085607
250,3,1.0,0.010048094716167114,0.8548,0.0010999999999999899,11,0.125,0.9821101841685369,0.02361206374460427,0.9365754632446872,0.309059189510439,0.8073251209745077,0.059769375345007966,0.7265564859333944,0.4823978182564848,0.8432184861957902,0.04840032316276064,0.914307489172117,-0.13461987661312716,95,0.8100740131578947,0.9588345769250292
250,3,1.0,0.010048094716167114,0.8548,0.0010999999999999899,13,0.125,1.1894011348675857,0.028595788809760117,1.0976996466223883,0.39326908510918623,0.6269775042507818,0.04641754952355136,0.6376430399679837,0.12936859528488434,0.9322690111443604,0.05351177915653199,0.7921026962811613,0.6411850937334912,95,0.7129934210526315,0.8726066897347174
250,3,1.0,0.010048094716167114,0.8548,0.0010999999999999899,8,0.125,1.1998987940953079,0.028848175357471115,1.0915152310770828,0.43302659148280304,0.7032005111777322,0.05206063109326991,0.5992518145898108,0.5905292435693781,0.7879255066399868,0.04522653354246121,0.6935084867831157,0.5079373775357416,95,0.69609375,0.8942052099946837
251,3,1.0,0.009658964165985781,0.8496,-0.005199999999999982,4,0.125,1.1551605811160768,0.027787311975998513,1.0511315822401728,0.4171421852825808,0.7018410959953958,0.052011026094437106,0.7172261604530606,0.15082578996362903,1.1840894401471822,0.06834594570065791,0.7976489104791349,0.8330073259208868,95,0.6971628289473685,0.895547036272486
251,3,1.0,0.009658964165985781,0.8496,-0.005199999999999982,8,0.125,1.1236503781102436,0.027029336110423033,1.0786774964403927,0.29386252351558295,0.6902202712243285,0.05114984679921552,0.7421812404212043,0.020893842661677705,0.7640944777494233,0.04410372892097016,0.9726708399353013,-0.09848783135284665,95,0.7092516447368421,0.8919937387674648
251,3,1.0,0.009658964165985781,0.8496,-0.005199999999999982,12,0.125,1.120212686461415,0.026946642663395096,1.052819421418729,0.3439539214246503,0.6282884050267069,0.04656028952298726,0.664495016016958,0.09937977148052726,0.6699657981444563,0.038670597430196935,0.7360129133971285,0.2660759067662829,95,0.7258223684210526,0.8700430546113754
251,3,1.0,0.009658964165985781,0.8496,-0.005199999999999982,19,0.125,1.1398518132987092,0.02741906057072781,1.050999582468687,0.38719752595095813,0.8106496672087764,0.060074454510026326,0.6869204629370086,0.5747552543558914,1.2478351297970893,0.07202536323090968,0.8166679175360722,0.8842133344712401,95,0.6937088815789474,0.9183806531918677
251,3,1.0,0.009658964165985781,0.8496,-0.005199999999999982,10,0.125,1.1714166851483383,0.02817835149175338,1.042699543884654,0.46640462095556423,0.9071851576954948,0.0672283671882559,0.7423471022278993,0.679567254738398,0.9833106366107842,0.0567569417461627,0.6359498436452363,0.8084728831740039,95,0.7453125,0.9419066534260179
251,3,1.0,0.009658964165985781,0.8496,-0.005199999999999982,3,0.125,1.1074207339424862,0.026638933084972494,1.0640730138325198,0.2930092288175587,0.6073265462115811,0.0450068783704597,0.6278692250892018,0.16415988027155504,0.8589584104429889,0.04957929940829703,1.1912840540788558,-0.4372195847263451,95,0.7393914473684211,0.8896118340562785
251,3,1.0,0.009658964165985781,0.8496,-0.005199999999999982,6,0.125,1.149032690005141,0.027639905957443065,1.0550178352056976,0.39680169732510595,0.6832238928336275,0.0506313692960861,0.5853323644152278,0.5264554626476355,0.9806060446985614,0.0566008320084116,0.5608550735680667,0.8918566295288567,95,0.6622532894736842,0.8996026325592946
251,3,1.0,0.009658964165985781,0.8496,-0.005199999999999982,15,0.125,1.1847352085343388,0.0284987276978293,1.0860556406557829,0.4013936595505156,1.0011504666422486,0.07419181256568862,0.8680100765950157,0.5757693709319655,1.3349267922548445,0.0770523162899437,1.1192769852043358,0.5721048778604746,95,0.6627467105263158,0.8729370889688547
252,3,1.0,0.009276998996710232,0.8492,-0.00040000000000006697,15,0.125,1.1008249807699682,0.02649359752537646,1.0427755236990799,0.32113956264336363,0.8704505337319358,0.06456041797940994,0.9083068796483856,-0.029451505182500032,1.0726899719041236,0.06280869906873507,1.1919557693067773,-0.08344406442121217,95,0.6602384868421053,0.8514666500591642
252,3,1.0,0.009276998996710232,0.8492,-0.00040000000000006697,1,0.125,1.0571840290078856,0.02544328904600285,1.0227117622503397,0.2681966515049825,0.8535289236757513,0.06330535962080562,0.8952952274262329,-0.04424852488804649,1.4419230862762844,0.08442822770630276,1.5297782761694372,-0.054936709613513594,95,0.6736842105263158,0.89984130859375
252,3,1.0,0.009276998996710232,0.8492,-0.00040000000000006697,11,0.125,1.0231705635296187,0.024624685652578592,0.943896657017304,0.3863721179066294,0.8100000266866856,0.06007686624307371,0.7258147213785872,0.4845805029832947,1.3077877206038027,0.07657426427077,0.969572124148495,0.839965117720972,95,0.8143092105263158,0.9575843263987074
252,3,1.0,0.009276998996710232,0.8492,-0.00040000000000006697,7,0.125,1.0768381098171707,0.025916304571439255,0.9828652280885652,0.41347750612184264,0.7403616987621446,0.05491186331186736,0.6381210066196902,0.5636054389301612,1.0839254759280355,0.06346656612222376,0.7418386529945981,0.8599761371127007,95,0.7753700657894737,0.9287267327782787
252,3,1.0,0.009276998996710232,0.8492,-0.00040000000000006697,18,0.125,1.1817710631871625,0.028441730031705574,1.0603872507600605,0.4650345289498794,0.8966146576922828,0.06650098405810831,0.7927555513951199,0.5472580667653534,1.651430583433359,0.09669541923996118,1.3028990452457996,0.8445774456823819,95,0.7808799342105263,0.9594018219156443
252,3,1.0,0.009276998996710232,0.8492,-0.00040000000000006697,0,0.125,1.101625725675333,0.02651286908408363,0.9928074375778134,0.4455615906386737,1.1490336116834081,0.0852226374365312,1.0488325159931657,0.5098982557907644,1.910500059982429,0.11186458947242015,1.6716208992113752,0.6260568476822793,95,0.8201891447368421,0.9701709530255176
252,3,1.0,0.009276998996710232,0.8492,-0.00040000000000006697,19,0.125,1.049974256258555,0.025269771165497824,1.0342940102014182,0.22072403672197433,0.6484940395592659,0.04809813381537381,0.684000807531335,0.026133786029434523,0.9098771813534365,0.05327560019200473,1.2448217035747136,-0.6651712140077398,95,0.7031661184210526,0.916203730775978
252,3,1.0,0.009276998996710232,0.8492,-0.00040000000000006697,10,0.125,1.0149326162756944,0.02442642265637724,0.986331782808852,0.2604531580172904,0.7511385817799578,0.055711173606000045,0.7747102856993037,0.05468363230008032,0.8088402371762898,0.04735963268241549,1.071368022571685,-0.4262258700838298,95,0.7546875,0.9347281246594747
253,3,1.0,0.008902241095125588,0.853,0.0038000000000000256,4,0.125,1.0704538304978615,0.02577597567842585,0.9791222207863135,0.40977080503044266,0.734414342135129,0.05455894508977312,0.6007679109316454,0.6425898787409451,1.1915833970714151,0.06922044244845989,0.9348993254351552,0.7837915954969761,95,0.6954769736842106,0.8918647274447203
253,3,1.0,0.008902241095125588,0.853,0.0038000000000000256,2,0.125,1.0685268540610107,0.025729575080516768,0.9856440397074219,0.38888278217734723,0.5829255642145132,0.04330498742296195,0.4957032182837734,0.5328867767767259,0.7183611650822731,0.041730421728766245,0.5385352661826223,0.6862370014985538,95,0.6928865131578947,0.8680197020948311
253,3,1.0,0.008902241095125588,0.853,0.0038000000000000256,8,0.125,1.0584507796622256,0.025486948410185457,1.0364451248387079,0.2325267641765416,0.6699094068646939,0.049766934613496905,0.624842711174765,0.36171968544120264,0.6604871052199518,0.038368451396010396,0.6118387028688765,0.40372245231252174,95,0.7102384868421052,0.8902333121055983
253,3,1.0,0.008902241095125588,0.853,0.0038000000000000256,19,0.125,1.0335097528705834,0.024886381359407253,0.977471255762082,0.3260593528652338,0.6740933010932694,0.050077752148479454,0.7206978138845231,0.009606434680964056,1.1836441610346489,0.0687592431463226,1.0826294276859019,0.41986520930475074,95,0.6971217105263158,0.9181314144154772
253,3,1.0,0.008902241095125588,0.853,0.0038000000000000256,17,0.125,1.0725386284044889,0.02582617653586093,0.9761479553195115,0.4220569538944688,0.6072798884984832,0.045114247080724965,0.6559249365545733,0.02185541823246745,0.4368952320287573,0.02537974374179756,0.6231434490586844,-0.20813079906902568,95,0.6966694078947369,0.9092250486926754
253,3,1.0,0.008902241095125588,0.853,0.0038000000000000256,9,0.125,1.0358820444767383,0.024943504916724937,0.9369669313198979,0.4339234003335263,0.5839647626524943,0.0433821884895293,0.5987137425984541,0.16680378255823733,0.5593248695249947,0.03249182141686624,0.5345218522341624,0.3910337357864081,95,0.7316611842105263,0.9120490052826795
253,3,1.0,0.008902241095125588,0.853,0.0038000000000000256,0,0.125,0.9909354535720548,0.023861214208821688,0.9534370155056481,0.28528887931425945,1.0501325113598994,0.07801334851073541,0.9157566306816043,0.6054748860595472,1.7367385652947587,0.10088912970965273,1.660359581803065,0.3103992328260013,95,0.8202302631578947,0.9674152797272909
253,3,1.0,0.008902241095125588,0.853,0.0038000000000000256,7,0.125,0.9806528193182817,0.02361361368380686,0.9323571797657825,0.3153843527235454,0.6171491114288798,0.04584742229401507,0.5337551172023742,0.5092158463264655,0.666942898788428,0.038743475828428756,0.7380918449561357,0.06516414153592645,95,0.7872121710526315,0.9331940454426744
254,3,1.0,0.008534731557658895,0.8524,-0.0005999999999999339,18,0.125,1.0492515024467237,0.02527611271067861,0.9772726910716159,0.36430973646985154,0.704620363803165,0.05239076648237471,0.7805596222303969,-0.11994153452172482,1.4044500816773926,0.08202543880664866,1.3434506234112364,0.31734497923134564,95,0.7784128289473684,0.959748560562041
254,3,1.0,0.008534731557658895,0.8524,-0.0005999999999999339,10,0.125,1.0060595643233163,0.02423563357516712,0.9562380916500453,0.3147100609437889,0.8493584795000907,0.06315250600924263,0.7183150683373514,0.6160622871997,0.950645420188657,0.05552145196031048,0.9291936089992796,0.22046021829012416,95,0.73828125,0.9370648844333055
254,3,1.0,0.008534731557658895,0.8524,-0.0005999999999999339,19,0.125,0.9910744696320175,0.02387464772809973,0.9542928653401819,0.2833817467609952,0.7130643130572645,0.05301860098203747,0.6119157595892263,0.5425361469147993,1.1859653654618398,0.06926506736025118,1.2344460011557026,-0.06988165047498056,95,0.6962582236842105,0.9154904624106773
254,3,1.0,0.008534731557658895,0.8524,-0.0005999999999999339,15,0.125,1.0690369449697095,0.025752737308380375,0.9929588320178558,0.3716149783057174,1.0379005283573393,0.07717120737131107,0.8859133726888571,0.6641756972899348,1.3620446379260538,0.07954879319505105,1.2618356002288418,0.4570296457355886,95,0.6588404605263158,0.8620732696748424
254,3,1.0,0.008534731557658895,0.8524,-0.0005999999999999339,3,0.125,1.0699377031402868,0.025774436267106175,0.9661051870585238,0.4408506254840122,0.6333355288103563,0.04709051213876603,0.554285223134098,0.48979160350627227,0.9659825284921869,0.05641719973734761,0.839131306480998,0.579214692291996,95,0.7470394736842105,0.8979524438573315
254,3,1.0,0.008534731557658895,0.8524,-0.0005999999999999339,16,0.125,1.1581065118891298,0.027898392956522668,1.032552310960193,0.48226826343654794,0.7069259431360791,0.052562193643215384,0.736355967337168,0.07040237679454223,0.5683312582508662,0.03319279300399535,0.5833062363427495,0.18086469525805096,95,0.7363486842105263,0.9060754969845879
254,3,1.0,0.008534731557658895,0.8524,-0.0005999999999999339,9,0.125,0.9339045065258663,0.02249744271312784,0.9177957453601039,0.2397659519858393,0.6701476853865577,0.04982761313381354,0.586145166667089,0.49608922159390817,0.5158676559048391,0.03012871115448545,0.5847145845160577,-0.01118003235514725,95,0.7309210526315789,0.901496399639964
254,3,1.0,0.008534731557658895,0.8524,-0.0005999999999999339,11,0.125,0.9328900022812214,0.022473003650068785,0.8856797512705926,0.321974365909988,0.6751330068541866,0.05019828765057088,0.7638946779437664,-0.1674647843100471,1.1295509855702548,0.06597024447834032,1.0881588332982157,0.27006281435430246,95,0.8135690789473684,0.9573435762660467
255,3,1.0,0.008174510685872416,0.8533,0.0008999999999999009,19,0.125,0.9652620391886166,0.023263614570107397,0.9082592602106612,0.33881642340258433,0.6783154428341778,0.05060525253995639,0.6354649832310075,0.35712012970577456,1.200783873461566,0.0700862641860269,0.9862056221789979,0.8104027583850169,95,0.7054276315789474,0.918803916996969
255,3,1.0,0.008174510685872416,0.8533,0.0008999999999999009,10,0.125,0.9510119364562541,0.022920175292386734,0.8808577928245883,0.3774918513765142,0.7165583079958938,0.05345833493665666,0.6656994837922204,0.3885829692126156,0.968066652999684,0.05650323650352582,0.7582691191729621,0.8090447240503885,95,0.7495476973684211,0.9357068407482583
255,3,1.0,0.008174510685872416,0.8533,0.0008999999999999009,18,0.125,0.9581980046852432,0.023093365488174623,0.9338948469793246,0.24793836092239474,0.6829598048974247,0.050951741946294524,0.6984507573336596,0.06059716295873595,1.0541826562469303,0.061529577286095,1.2488295691199274,-0.6202864816370245,95,0.7801809210526316,0.956730262464425
255,3,1.0,0.008174510685872416,0.8533,0.0008999999999999009,3,0.125,0.9600359541466957,0.023137661592377075,0.9431822546690559,0.2261497587686402,0.5605391381255133,0.041818633119791074,0.5565850280612189,0.19289516036495338,0.8674922346585399,0.050633000060481985,1.0494038155639296,-0.5502521961915796,95,0.7447368421052631,0.8987411660777385
255,3,1.0,0.008174510685872416,0.8533,0.0008999999999999009,1,0.125,1.008470278683822,0.02430496892681067,0.9295557956839234,0.3916186525018548,0.8743253970921389,0.06522843905348277,0.8353457970093919,0.3076504739089732,1.6463635967616659,0.09609345739817585,1.4803425880915146,0.6447282445375263,95,0.6694901315789473,0.9097776685910822
255,3,1.0,0.008174510685872416,0.8533,0.0008999999999999009,14,0.125,1.0081503133082983,0.02429725749626667,0.9560790316121587,0.31781201908259155,0.9822174358055257,0.07327764967343976,0.9852078018017578,0.08297223681374229,1.2921103387913577,0.07541672449428209,1.477051253150702,-0.5937008459846079,95,0.7317434210526316,0.9325691166554282
255,3,1.0,0.008174510685872416,0.8533,0.0008999999999999009,2,0.125,1.0004754439008965,0.0241122867872561,0.9192313909995171,0.3991987613052736,0.5666968826161085,0.04227802737111623,0.5256428773276569,0.3752218669769409,0.7525290673507532,0.04392293416630187,0.5555357846810143,0.7945305915134188,95,0.7030016447368421,0.8720828215476399
255,3,1.0,0.008174510685872416,0.8533,0.0008999999999999009,6,0.125,1.0321839387712868,0.024876487774464762,0.9306158915638368,0.44878869465557686,0.5940706129624317,0.04432022551324963,0.5185285466228043,0.5285282954626044,0.8936469736164016,0.05215957614534639,0.6794516643691803,0.8263554929777525,95,0.6665296052631579,0.9062924120913016
256,3,1.0,0.007821617982044048,0.8518,-0.0014999999999999458,2,0.125,0.9372880043222237,0.022599539682007803,0.9020899855525135,0.28515721773997693,0.5197280002283537,0.038817430028941884,0.5387240403917488,0.24235435224684299,0.43278222694771673,0.02555423043555881,0.8257836448654703,-0.35953654927988393,95,0.7115131578947368,0.8763869625520111
256,3,1.0,0.007821617982044048,0.8518,-0.0014999999999999458,3,0.125,0.9414493055123728,0.022699875428269237,0.8864827534511032,0.3382600856297161,0.5395442896887264,0.04029746848987395,0.5111098408729394,0.3802050240188472,0.9814481565437525,0.057950975782338016,0.5728066513423051,0.8606817361714938,95,0.7470805921052631,0.8926192966041059
256,3,1.0,0.007821617982044048,0.8518,-0.0014999999999999458,17,0.125,0.9996921786577779,0.02410420591876298,0.9249116599003662,0.3808026317574994,0.5877160962628225,0.043895323002688565,0.6746444906585116,-0.027273975267492617,0.49187218036692093,0.02904327918127636,0.5478678895922616,0.46922374806785283,95,0.6982730263157895,0.908609115534095
256,3,1.0,0.007821617982044048,0.8518,-0.0014999999999999458,8,0.125,1.0221448247132292,0.02464557576789828,0.9404011687385476,0.39556289879761947,0.6800328218654617,0.05079027196639071,0.5522963125175288,0.59876738479481,0.8030823538758136,0.04741911809643872,0.4808542274158184,0.8077243935549505,95,0.7018503289473684,0.8842931630441151
256,3,1.0,0.007821617982044048,0.8518,-0.0014999999999999458,14,0.125,0.9506285445528081,0.02292120182526603,0.8963595624004238,0.3346308057265222,1.0231394441840291,0.07641620956926337,0.792832094436349,0.8018106333900116,1.6783133552532605,0.09909835375101686,1.1739175991777262,0.9272257222107174,95,0.7427631578947368,0.9352856510186005
256,3,1.0,0.007821617982044048,0.8518,-0.0014999999999999458,5,0.125,0.9529058611015513,0.022976111634710385,0.883893555989674,0.3737046635034476,0.5906564986790425,0.04411493569432419,0.6869329975499099,-0.06272078603986322,0.9524906498468729,0.056241139396056156,0.7747559896986195,0.5818096562481335,95,0.7089226973684211,0.892987645728206
256,3,1.0,0.007821617982044048,0.8518,-0.0014999999999999458,4,0.125,1.0088203739010435,0.024324301566711094,0.9466423727337719,0.34564444617020584,0.6990695504605765,0.052212086607695676,0.5759267161023894,0.5815402500738616,0.8026746243383709,0.0473950431370101,1.1182933240608972,-0.3170420693537271,95,0.6932565789473685,0.8930604982206406
256,3,1.0,0.007821617982044048,0.8518,-0.0014999999999999458,11,0.125,0.9061017179399949,0.021847587546293346,0.815033767915815,0.44039638953167465,0.7721192131526866,0.05766801772732538,0.5558044286412384,0.7937440875517463,1.1404448807104004,0.06733915920315198,0.6204139202742036,0.9585188114378121,95,0.8072368421052631,0.9553789731051344
257,3,1.0,0.007476092144835487,0.846,-0.005800000000000027,4,0.125,0.9410070475049099,0.022698242034179552,0.9054625004161588,0.27927698904588155,0.5949972881511733,0.04447276729882713,0.5696101112479575,0.2935247712012625,1.081005519477424,0.0629531695619371,1.0941986376289636,0.02145441662555061,95,0.6996710526315789,0.8861071932299013
257,3,1.0,0.007476092144835487,0.846,-0.005800000000000027,0,0.125,0.922714221876282,0.022256996684627085,0.8528936598181411,0.3831807788687524,0.9785705844781811,0.07314275670768802,0.880448057243212,0.5590037310251067,1.4499458623246482,0.0844386879455327,1.434998115352926,0.14354331450803215,95,0.8162417763157894,0.9708327036421339
257,3,1.0,0.007476092144835487,0.846,-0.005800000000000027,5,0.125,0.8992461841324988,0.02169091888299099,0.8557941590566364,0.31063370932224516,0.6768691808565015,0.050592239950395766,0.7022195891551877,0.02576586550150698,0.8348597224751857,0.048618683922001686,0.8210615038821589,0.18676587079868548,95,0.7266036184210526,0.9111538679191896
257,3,1.0,0.007476092144835487,0.846,-0.005800000000000027,16,0.125,1.0244013579045141,0.024709814898317785,0.9256085588264298,0.4494365053419426,0.6347286777494637,0.047442469647478634,0.5514740903684512,0.5407288429945243,0.4952166851334669,0.02883931616202875,0.3987230669652415,0.6445751462844144,95,0.7351151315789474,0.9025058731401723
257,3,1.0,0.007476092144835487,0.846,-0.005800000000000027,7,0.125,0.8767339385730534,0.02114789595899051,0.8044654588447857,0.39888271961661353,0.4938044935499154,0.036909163739215045,0.46565518153273106,0.3410549435946278,0.5495351225340369,0.03200259122252114,0.49221136337268795,0.45649069382116836,95,0.79140625,0.9373408842936561
257,3,1.0,0.007476092144835487,0.846,-0.005800000000000027,1,0.125,0.970108105453575,0.023400195179505,0.9426531154074888,0.24986380652426735,1.0228160530973551,0.07644986157877465,1.0853471658963334,-0.21367799762038314,1.9135944942052852,0.11143961478081096,1.9127515993057627,0.05507599602092177,95,0.6754934210526315,0.9130752373995618
257,3,1.0,0.007476092144835487,0.846,-0.005800000000000027,14,0.125,0.8746533267937612,0.02109770905563972,0.8317453498888417,0.31395721318728265,0.7693825018039436,0.05750710070097445,0.6942656120000563,0.4815201311493287,0.9317366211178525,0.05426038298551305,0.9106358940141472,0.21163867552431645,95,0.740625,0.9264379302687098
257,3,1.0,0.007476092144835487,0.846,-0.005800000000000027,8,0.125,0.9421890977309961,0.022726754532783472,0.8758564580170031,0.3696824785344098,0.5208509559023374,0.03893073770334738,0.46393507212003116,0.4591893537790496,0.5646077638071855,0.032880357824742995,0.49244055853576857,0.519862351473446,95,0.7105674342105263,0.8914414675076674
258,3,1.0,0.007137971065048549,0.8512,0.005199999999999982,1,0.125,0.9613634058692445,0.02319892823904566,0.8605097471585814,0.4481533305275682,1.1046685579634223,0.08275389457088113,0.7681036988135584,0.847875659100662,2.0244992780477653,0.11850306733427465,1.4269645764048602,0.8294506882725013,95,0.6711759868421052,0.9055933345585983
258,3,1.0,0.007137971065048549,0.8512,0.005199999999999982,17,0.125,0.9676214837485569,0.02334994366021749,0.8683900998813632,0.44318446164458397,0.7137728143643595,0.05347077166418739,0.4984136840532985,0.7239134687048774,0.6531669408608644,0.03823280492744686,0.5155346820355358,0.7714491105379564,95,0.7053042763157895,0.9137177170174313
258,3,1.0,0.007137971065048549,0.8512,0.005199999999999982,12,0.125,0.9465790620392605,0.02284216311830231,0.8768511363743108,0.3779991509033384,0.5348750876635592,0.040069029116484196,0.6472027582391617,0.1287104252986207,0.4664840327342352,0.027305412919077766,0.8237920449746966,0.25617169178143545,95,0.7260690789473684,0.8764865783214407
258,3,1.0,0.007137971065048549,0.8512,0.005199999999999982,3,0.125,0.8391467224622849,0.020249683395043506,0.8567437617808499,0.18499492125401612,0.5598539858759778,0.04194027012743339,0.517567154581773,0.48521819503714997,0.6587752463521517,0.03856108432496093,1.1706403237117466,-0.26464182525088886,95,0.7480263157894737,0.8971525945470537
258,3,1.0,0.007137971065048549,0.8512,0.005199999999999982,6,0.125,0.9890585364886151,0.02386724715350324,0.8668491821205968,0.4917903771897021,0.7397616662676856,0.05541767120697071,0.5020690751606707,0.7509297066941255,1.2874242787347108,0.07535874556487734,0.5911406857212579,0.9421538466118717,95,0.6636101973684211,0.8970816035689944
258,3,1.0,0.007137971065048549,0.8512,0.005199999999999982,4,0.125,0.8934644271295107,0.021560439062454497,0.8278031086958906,0.3800733603853823,0.5887643545211622,0.044106028880701094,0.7007287037384173,0.09452980629940941,1.1837210245156942,0.06928852669606647,0.7708643351634415,0.7630600512416106,95,0.6947779605263158,0.889388648872581
258,3,1.0,0.007137971065048549,0.8512,0.005199999999999982,2,0.125,0.9877920526438393,0.023836685278928557,0.8890127895979005,0.4383141146654096,0.5864884898875016,0.04393553732412166,0.5079170110307665,0.5415724944524604,0.8596346464569279,0.05031829030346399,0.37181633848757784,0.9024447364124495,95,0.7169819078947368,0.8669495899524001
258,3,1.0,0.007137971065048549,0.8512,0.005199999999999982,19,0.125,0.9489630694001258,0.022899692264251092,0.8293316647786884,0.49343858597586143,0.918273588178256,0.06879051200970664,0.5810399908296701,0.8655643585725575,1.502384794199309,0.08794135338031497,0.7508489521890302,0.9658989647949425,95,0.6944078947368421,0.9149099952629086
259,3,1.0,0.006807291821469859,0.8481,-0.0030999999999999917,7,0.125,0.8698959493630228,0.02099993069337199,0.7671772333608903,0.49247966008885996,0.6708746109060156,0.05020568904431244,0.5234410073479907,0.7033660267364709,1.1240656276542,0.06705702923007739,0.6077964488035611,0.9409785295733583,95,0.790625,0.9353546910755148
259,3,1.0,0.006807291821469859,0.8481,-0.0030999999999999917,10,0.125,0.8371460067352465,0.02020932289033668,0.8185644903058475,0.24217993631071974,0.6518974105979225,0.04878550798199284,0.7648044725275241,-0.28276115903355137,0.6829632787762647,0.040742717703719615,1.0970959974257357,-0.4972079900895869,95,0.7451891447368421,0.9394140043039232
259,3,1.0,0.006807291821469859,0.8481,-0.0030999999999999917,3,0.125,0.8734315236572012,0.02108528206808914,0.7946345605979576,0.4214348987593091,0.5444879090219829,0.04074739184395096,0.4558625481225396,0.5530860321670391,1.13341818748734,0.06761496362703578,0.6938164848989634,0.8645545022199915,95,0.7523026315789474,0.8968627022299956
259,3,1.0,0.006807291821469859,0.8481,-0.0030999999999999917,1,0.125,0.8282123532300695,0.019993657896627156,0.8257747577806042,0.19177423965561133,0.6880999705834396,0.051494769056556845,0.831738188388398,-0.4334794601899536,1.3571282593933882,0.08096056593156734,1.7338801437646303,-0.5199482947507298,95,0.6743832236842106,0.9084202182793732
259,3,1.0,0.006807291821469859,0.8481,-0.0030999999999999917,14,0.125,0.9003639637452566,0.02173545106320482,0.8199796847756126,0.42132480386117166,1.0705663359706785,0.08011708848612631,0.8943679518201569,0.751102751341251,1.6729709155998647,0.09980241084550015,1.188890559029583,0.8837683828290737,95,0.7486019736842106,0.9330989783587829
259,3,1.0,0.006807291821469859,0.8481,-0.0030999999999999917,12,0.125,0.858275079680828,0.020719394316462202,0.8089498292255164,0.3347180686556031,0.6138427624480178,0.04593764371548762,0.5085664986641919,0.5844624692247594,0.7735192768387483,0.046144907806896465,0.39904614115964143,0.8635540929754126,95,0.719078947368421,0.8626486733760292
259,3,1.0,0.006807291821469859,0.8481,-0.0030999999999999917,17,0.125,0.8582241348145796,0.02071816446976481,0.8119504381889375,0.3252623211047784,0.5234732734280699,0.03917473692027948,0.5641712107227388,0.07944078084996349,0.6624735688822959,0.039520387760099675,0.5201524819602698,0.6581922058327798,95,0.7156661184210527,0.9073829359379488
259,3,1.0,0.006807291821469859,0.8481,-0.0030999999999999917,11,0.125,0.8210239591847024,0.019820124755267097,0.7516215720378618,0.4037374580848396,0.7551934453990997,0.05651578800516233,0.5936550426177167,0.7329414249040033,1.2174814389580404,0.07262982376719501,0.7380721269028118,0.8993150690412642,95,0.8106907894736842,0.9574964495840942
260,3,1.0,0.006484090676804943,0.8478,-0.00029999999999996696,18,0.125,0.8650496155186166,0.020890378982754462,0.8047455167028641,0.3716754899293157,0.6858096904721181,0.051332607100917985,0.6355190361652954,0.42715124260896875,1.03667330486373,0.06099136964182659,0.9502684548504167,0.5422763581071728,95,0.7857319078947368,0.9609084724475379
260,3,1.0,0.006484090676804943,0.8478,-0.00029999999999996696,14,0.125,0.8055651479279061,0.0194538682332383,0.7680535373989311,0.303253932952582,0.8775703512630362,0.06568582315275912,0.8342541761705781,0.36233811547523065,1.3277477173276722,0.07811636649529473,1.205009207296013,0.7110159176950691,95,0.7587582236842105,0.9371375928033382
260,3,1.0,0.006484090676804943,0.8478,-0.00029999999999996696,12,0.125,0.8228963199168048,0.019872404632270545,0.7678415687682468,0.36116881656225586,0.5246270429487974,0.03926814427435085,0.4861879297234326,0.38736399627589657,0.5009123578761446,0.029470548372419813,0.3781673542565819,0.7729338250910304,95,0.7130756578947368,0.8652981201706839
260,3,1.0,0.006484090676804943,0.8478,-0.00029999999999996696,4,0.125,0.8135569621757996,0.019646865288439785,0.7695692038746098,0.3244449574824789,0.5513595148235044,0.04126906011827253,0.5130814774259197,0.379727321502287,0.9567238668007794,0.05628764503864052,0.9335978559097392,0.2206076242177297,95,0.6930921052631579,0.886687233032748
260,3,1.0,0.006484090676804943,0.8478,-0.00029999999999996696,17,0.125,0.8095188993093776,0.019549348727398174,0.7677550175821325,0.31744291174330597,0.5658694203140644,0.042355121292336165,0.5763523630676461,0.06708325260481936,0.3783652299309047,0.022260642277620892,0.491877553397608,-0.47551149941767856,95,0.7127878289473685,0.90337467551197
260,3,1.0,0.006484090676804943,0.8478,-0.00029999999999996696,3,0.125,0.7906504062857119,0.019093687036985746,0.7791707001251746,0.21284325342867566,0.4632189895143248,0.03467177370161379,0.4715440048867704,0.11137225842905892,0.6741450232130859,0.039662474291639924,0.6406354374852102,0.3144714136421931,95,0.7582236842105263,0.899295010845987
260,3,1.0,0.006484090676804943,0.8478,-0.00029999999999996696,15,0.125,0.9341253942715103,0.02255851358542893,0.8795872596666241,0.3406614088797779,0.9001592191308283,0.06737659173655337,0.9129437335554542,0.0016958337139286496,1.3110045134209307,0.07713130115824646,1.4115897923636422,-0.5036288936221786,95,0.6684621710526316,0.8702097557975026
260,3,1.0,0.006484090676804943,0.8478,-0.00029999999999996696,9,0.125,0.7999262379643473,0.019317692268212578,0.746619318396926,0.35963937375234545,0.52975744873824,0.03965215329072454,0.5183765014255699,0.21835621169842626,0.634840140886329,0.037350020989840235,0.6655345989479311,-0.02897860096980194,95,0.7325657894736842,0.9156937584193983
261,3,1.0,0.006168403073701431,0.8467,-0.0010999999999999899,12,0.125,0.7785972288432611,0.018809070957864656,0.7403328365913224,0.3111285627714716,0.508036306102989,0.038116718469423314,0.4673280196613582,0.39411376189618147,0.34549616861242977,0.02034470472029853,0.36212632857117566,0.3346931745919497,95,0.7090871710526315,0.8552044070745144
261,3,1.0,0.006168403073701431,0.8467,-0.0010999999999999899,9,0.125,0.7641468621971027,0.018459984213722816,0.7386689049033929,0.26821500525727526,0.5345153889413499,0.04010337913472178,0.5538309625242834,0.06008576520717688,0.6592915936390282,0.038822696214057296,0.5056095805755715,0.7031121635122521,95,0.7240542763157894,0.9110682037594412
261,3,1.0,0.006168403073701431,0.8467,-0.0010999999999999899,4,0.125,0.771517891050529,0.018638050869498792,0.7416949163777425,0.2823210695206745,0.580228809268046,0.04353314498400315,0.560020642353137,0.2655796678806722,1.1309261849394896,0.06659512140309123,0.9363093554562145,0.7699409541274796,95,0.6922286184210527,0.8811998811998812
261,3,1.0,0.006168403073701431,0.8467,-0.0010999999999999899,15,0.125,0.8683247605843609,0.020976676298433045,0.8060247994169071,0.37899541494268785,0.9441325771102673,0.07083595248452151,0.9534324246160684,0.04391273660528621,1.3867728522589258,0.08166077298814653,1.2567568697802047,0.5508137670483315,95,0.6738075657894737,0.8745957161164337
261,3,1.0,0.006168403073701431,0.8467,-0.0010999999999999899,7,0.125,0.7375945846210574,0.017818543871374392,0.7150382396329201,0.26379288540445667,0.5143832225329477,0.03859291204811737,0.4896853811088397,0.3090262413507475,0.474524766856919,0.0279426145388091,0.6107236968133471,-0.2791106792529447,95,0.7983963815789473,0.9389195035278365
261,3,1.0,0.006168403073701431,0.8467,-0.0010999999999999899,8,0.125,0.8666225525196749,0.020935554970116354,0.7948950670763583,0.41198920885251794,0.5656836005962161,0.04244185363855596,0.49110541379511047,0.5453294112886734,0.4702173475098746,0.027688970120481483,0.5301488643047964,0.05904925955327763,95,0.7194490131578948,0.8978682059781676
261,3,1.0,0.006168403073701431,0.8467,-0.0010999999999999899,6,0.125,0.8798254254320732,0.02125450521069955,0.8150570165858606,0.38571558409773227,0.6228443169497424,0.046730482042834295,0.5770146803422599,0.38939557788593254,1.0995210006147929,0.06474581232293979,0.9114001004063866,0.7520910369640215,95,0.6608552631578948,0.8951592832254853
261,3,1.0,0.006168403073701431,0.8467,-0.0010999999999999899,0,0.125,0.8020378656335203,0.019375341404704732,0.76490048119406,0.3022019844989299,0.8548271708113733,0.0641355868043523,0.807723485949445,0.35924994986313236,1.4411038069003725,0.08486007685826302,1.5997351913121165,-0.515257597337155,95,0.819078947368421,0.9665160642570281
262,3,1.0,0.005860263630862452,0.8487,0.0020000000000000018,0,0.125,0.7466962426340401,0.018044602882563994,0.7127172267791365,0.3048950880550149,0.8836980359606308,0.06625377756842153,0.8765476568728867,0.13430362240309796,1.7240972717729057,0.1023026463894838,1.6460823662979511,0.340155955780974,95,0.8247944078947368,0.9669973577945062
262,3,1.0,0.005860263630862452,0.8487,0.0020000000000000018,17,0.125,0.7604169509872181,0.018376176445365378,0.7291653505601906,0.2921308727027292,0.6119654524423099,0.04588108303488133,0.5880367544962531,0.27765378205936997,0.6062128596057464,0.035970812568615465,0.43673481464728536,0.7319570820146704,95,0.7158305921052631,0.9117123327014762
262,3,1.0,0.005860263630862452,0.8487,0.0020000000000000018,2,0.125,0.8010477608200481,0.019358057411639002,0.7592762583583319,0.3195868684519737,0.4574202485033949,0.03429431566710664,0.4387560078035217,0.28821331270968414,0.5903690641763821,0.03503069032156218,0.8071073823709173,-0.5942519942419248,95,0.706702302631579,0.8708326060394485
262,3,1.0,0.005860263630862452,0.8487,0.0020000000000000018,7,0.125,0.7088610657651957,0.017130280963410488,0.6767687894497503,0.30803303626189193,0.4252807231364392,0.031884708676748016,0.39364509118774776,0.3785671235906668,0.6544674081790167,0.038834089542715146,0.5135706794597626,0.6471498749834709,95,0.7972450657894737,0.933570581257414
262,3,1.0,0.005860263630862452,0.8487,0.0020000000000000018,13,0.125,0.8898997274843771,0.0215052470749174,0.7971880938019089,0.47407846092456385,0.5547373854052612,0.041590504726622804,0.5009811444215239,0.46684023873645397,0.7344986569147736,0.04358289848381611,0.6472570993832241,0.4773421779733361,95,0.7176398026315789,0.884604366011574
262,3,1.0,0.005860263630862452,0.8487,0.0020000000000000018,1,0.125,0.8288463826354949,0.020029836727914686,0.7923266782302155,0.2957676050383322,0.94444881830153,0.07080846554613798,0.9382193097045988,0.1227778330816089,1.848329162611543,0.10967418592315119,1.8089919922102413,0.21059090435814604,95,0.6681332236842106,0.9021478244815065
262,3,1.0,0.005860263630862452,0.8487,0.0020000000000000018,16,0.125,0.8613577965984925,0.020815505009897,0.7985633463119873,0.3796500323032336,0.5342029219752841,0.04005096778389591,0.5259990611817034,0.199047027247612,0.5324820193545224,0.03159585055126705,0.4972069750672888,0.3964194156956209,95,0.7377878289473684,0.9093239703505546
262,3,1.0,0.005860263630862452,0.8487,0.0020000000000000018,11,0.125,0.726442121940949,0.01755514338916532,0.6695669634749964,0.38800094303305066,0.5986018943472785,0.04487917268822267,0.5667644164817807,0.32836249230789916,0.7526413981412107,0.0446594331263862,0.6631330017510775,0.4794314239251688,95,0.8216694078947369,0.9586148225992094
263,3,1.0,0.005559706139250394,0.8522,0.0034999999999999476,16,0.125,0.8029198504210199,0.01940923995411093,0.7439923339407696,0.3796626740880256,0.5576944068895606,0.041721650755266765,0.6017187428581188,0.021083768487199592,0.5431896941231823,0.03214803841461186,0.6755920371712988,-0.42081525320930413,95,0.7461759868421053,0.9118311566650135
263,3,1.0,0.005559706139250394,0.8522,0.0034999999999999476,1,0.125,0.7883418820502544,0.019056842032944502,0.7264911167217258,0.39280934082041524,0.9972815118610877,0.07460758155100584,0.8314531628769621,0.7581760363199803,1.7969187108667437,0.10634850471183396,1.6193147142245143,0.7876975234482276,95,0.6687088815789474,0.9062288630633955
263,3,1.0,0.005559706139250394,0.8522,0.0034999999999999476,18,0.125,0.7863350884079534,0.019008331164367297,0.7429708560662607,0.3275618393231024,0.5592876089341473,0.04184083972052383,0.635432745953738,-0.12897006346656384,0.8938828901073171,0.052903399678303806,1.0056557160218678,-0.37770840775766323,95,0.7831003289473685,0.9596744552375952
263,3,1.0,0.005559706139250394,0.8522,0.0034999999999999476,0,0.125,0.6953753805659124,0.016809532872437832,0.7044744912750343,0.1540751289431132,0.7925622835102017,0.0592923407262314,0.9403880117297052,-0.5289305769272892,1.3686246331039547,0.0810004272103001,1.5458995369026103,-0.7226609767334505,95,0.8164884868421053,0.9667119907337463
263,3,1.0,0.005559706139250394,0.8522,0.0034999999999999476,15,0.125,0.7976848659331577,0.019282692989270434,0.7380203361735757,0.3832789205605347,1.012641820799029,0.07575670092011708,0.8489303103406195,0.749797480029996,1.3520052091372785,0.08001682629538975,1.1663316586425865,0.8266267066238222,95,0.6738486842105263,0.876800097632414
263,3,1.0,0.005559706139250394,0.8522,0.0034999999999999476,3,0.125,0.7439989861923818,0.017984926940156222,0.6897017757081141,0.37568804810739986,0.48309476161061427,0.03614078010577622,0.41397042930177835,0.5159889605015626,0.7302505586032969,0.043219014028176204,0.8032575009796044,-0.16819174624587127,95,0.7594572368421053,0.9105035192203573
263,3,1.0,0.005559706139250394,0.8522,0.0034999999999999476,6,0.125,0.7973490937473395,0.0192745762601585,0.7489511609148248,0.34337178034754606,0.5592989513143644,0.04184168825481126,0.4418034537178698,0.6545997185826501,1.0214912875295457,0.060455751474997765,0.9034652043557797,0.5903908500804873,95,0.6646792763157895,0.8989792762140427
263,3,1.0,0.005559706139250394,0.8522,0.0034999999999999476,13,0.125,0.7745893407130011,0.01872439742511271,0.7282872392021899,0.3405601718114202,0.5046983347066439,0.03775696402414375,0.43711508665730625,0.5007363972478803,0.6219591496213369,0.03680991530338522,0.49945922285143557,0.6605425527092115,95,0.7254523026315789,0.887377430142266
264,3,1.0,0.0052667635583811484,0.8516,-0.0005999999999999339,16,0.125,0.7180855586879155,0.017364070491801827,0.6834606648027131,0.30730789812381565,0.5969342271574224,0.044777317188887784,0.59589420196599,0.13021283156088057,0.6896790485737063,0.04098646932352746,0.6542301703964695,0.36649257816368563,95,0.7379934210526315,0.9084577668821039
264,3,1.0,0.0052667635583811484,0.8516,-0.0005999999999999339,3,0.125,0.6961469703654722,0.01683357215561807,0.6502959381759076,0.3575923379855239,0.4174320646688252,0.03131247483243915,0.3961153057510948,0.3173903509479851,0.6060069085865594,0.03601397435516597,0.5570572089171649,0.47828153490274633,95,0.7579769736842106,0.9061516762504068
264,3,1.0,0.0052667635583811484,0.8516,-0.0005999999999999339,13,0.125,0.7036188997984126,0.017014251334879677,0.6718625524959353,0.2988812922425587,0.47825425989901044,0.035874878199583043,0.43995292086111487,0.40379163281063135,0.4955422853399732,0.02944924703541564,0.5417928247195228,-0.25994978873987373,95,0.7172697368421053,0.8895895436826416
264,3,1.0,0.0052667635583811484,0.8516,-0.0005999999999999339,14,0.125,0.7404712315985721,0.017905379807557048,0.7066590566506229,0.29917992940893146,0.9529978846897451,0.07148641612711254,0.9573898629575861,0.04719248995655092,1.3739271165497131,0.08165018457742698,1.339093768658625,0.32008945625226415,95,0.7435855263157894,0.9367949568679496
264,3,1.0,0.0052667635583811484,0.8516,-0.0005999999999999339,15,0.125,0.7315197110558639,0.017688922545839647,0.6985396725322327,0.2976712084793587,0.7607962118294066,0.05706895624902016,0.7438581199837713,0.21054954734673167,1.0522756618238496,0.06253497800524897,1.071145037289701,-0.09241978262322254,95,0.6714638157894737,0.8711573790569503
264,3,1.0,0.0052667635583811484,0.8516,-0.0005999999999999339,1,0.125,0.7247277270822343,0.0175246851690112,0.6762346131514424,0.36180107170832676,0.7872334808831254,0.059052072525772284,0.7539124687080009,0.31522486988873694,1.440455967707854,0.08560388263852046,1.4632547751049487,-0.13991514011285403,95,0.6716694078947368,0.9057851239669421
264,3,1.0,0.0052667635583811484,0.8516,-0.0005999999999999339,18,0.125,0.7026909694474066,0.016991812994724513,0.6862067844977775,0.2359762055603855,0.6549688739414251,0.04913062056599008,0.662102138943396,0.0634498153563797,1.2365559619264013,0.07348644721792649,1.228605199023498,0.11391554077137758,95,0.7852796052631579,0.9590009425070688
264,3,1.0,0.0052667635583811484,0.8516,-0.0005999999999999339,10,0.125,0.7622738909163297,0.01843259123622584,0.6965633587074616,0.4223726973674143,0.6990027184808323,0.05243369372595354,0.6545937216354096,0.3976312940056672,0.9185794010110571,0.05458963342242274,0.884665484885729,0.3338811835073026,95,0.7408305921052631,0.9420547260920242
265,3,1.0,0.00498146801270987,0.8534,0.0018000000000000238,3,0.125,0.6464664041620162,0.015636862833642105,0.6612881020692893,0.1663572326047828,0.4030631296733236,0.03024272074098626,0.4116395156221099,0.23718053663826918,0.7201467773016421,0.04286313865159949,0.6874115877246711,0.31223648026700757,95,0.7549753289473684,0.902292903436632
265,3,1.0,0.00498146801270987,0.8534,0.0018000000000000238,6,0.125,0.7231258877497193,0.01749111824744445,0.6703901864432368,0.37525576318373205,0.47200283055880304,0.03541541942850074,0.4785444859365808,0.20619844568471443,0.9222421474562497,0.0548918557754073,0.9316518719834722,0.1257999013932521,95,0.6726973684210527,0.9048899755501223
265,3,1.0,0.00498146801270987,0.8534,0.0018000000000000238,9,0.125,0.7067793881155882,0.01709572573989346,0.6246029909960225,0.47357872790073324,0.49015613686575643,0.03677750227049061,0.4901493916445592,0.22708875116404412,0.6931243805630152,0.04125476550516084,0.5547612309586889,0.6373281593910443,95,0.7338404605263158,0.9223959208830615
265,3,1.0,0.00498146801270987,0.8534,0.0018000000000000238,7,0.125,0.6891634090413862,0.016669626801587966,0.6533345757090232,0.3287698606899287,0.5816671419504262,0.0436437759823672,0.46578975086466434,0.6600723112677837,0.8014595123513225,0.047702872920264226,0.7403773852784802,0.3833937442603722,95,0.7951480263157895,0.9401696142310477
265,3,1.0,0.00498146801270987,0.8534,0.0018000000000000238,2,0.125,0.7469205351480287,0.018066668090633196,0.6625498902941518,0.470585007090409,0.4824336866496897,0.036198069699940286,0.41012434781275703,0.5312045577475685,0.8135361743763626,0.0484216758853589,0.7107820320312916,0.5092328637412685,95,0.7225328947368421,0.8843045754609606
265,3,1.0,0.00498146801270987,0.8534,0.0018000000000000238,12,0.125,0.7382086398082134,0.01785594296776108,0.6537906196905524,0.4727740466512473,0.5145593497869168,0.038608529470015494,0.42827209267134453,0.5714411828074809,0.5337235443039096,0.0317672271850482,0.41842505361110494,0.6258076186839862,95,0.7326480263157895,0.8916264451678079
265,3,1.0,0.00498146801270987,0.8534,0.0018000000000000238,17,0.125,0.7531345734843831,0.018216974532674096,0.6508620290897785,0.5244859380856415,0.48621387385865816,0.036481705531880904,0.501424135820034,0.15949696842137717,0.35431517953401487,0.021088840699444753,0.42702366070944836,0.13707848931703848,95,0.7328947368421053,0.9178074506283662
265,3,1.0,0.00498146801270987,0.8534,0.0018000000000000238,11,0.125,0.6574363302183696,0.01590220566961012,0.6172711338414286,0.35294966705359804,0.6908118264241478,0.05183314377588653,0.5656033014471157,0.6726410427071386,0.9174994653476978,0.054609571320061924,0.8158600993935037,0.48803554637379776,95,0.8061677631578947,0.9544017137610935
266,3,1.0,0.004703850788108141,0.8514,-0.0020000000000000018,8,0.125,0.7260459969704477,0.017565835707537353,0.6801418480345909,0.3524886136556459,0.5256386412858053,0.03938465035815786,0.42531763767829667,0.6119876307752685,0.5538239335546041,0.03290166470007811,0.4798191392255803,0.5000706944739108,95,0.7185444078947368,0.9031759656652361
266,3,1.0,0.004703850788108141,0.8514,-0.0020000000000000018,13,0.125,0.6977141587769592,0.0168803799415446,0.6461510838862454,0.381901185935587,0.462082556027854,0.03462256857913458,0.5428111740353877,-0.1278808319394804,0.7228410189017408,0.04294265992212316,0.9098354426527823,-0.6227365253308914,95,0.7309210526315789,0.8914266426642664
266,3,1.0,0.004703850788108141,0.8514,-0.0020000000000000018,2,0.125,0.6716387871570183,0.016249516751333376,0.6454277490091332,0.2817577786977728,0.4152911037702366,0.03111661440801672,0.4023685312187581,0.3339588299018864,0.6245405796614776,0.03710281101744475,0.7215652197458434,-0.18805699579891183,95,0.7261101973684211,0.8916133416388244
266,3,1.0,0.004703850788108141,0.8514,-0.0020000000000000018,0,0.125,0.6655111012388893,0.01610126454065474,0.6223941082953326,0.35445525399507216,0.8411284670960395,0.06302343089129624,0.6874551777635508,0.7401949372042416,1.5068518155614417,0.08951930421298482,1.3088891904354312,0.791589033523941,95,0.8148848684210527,0.9663941871026339
266,3,1.0,0.004703850788108141,0.8514,-0.0020000000000000018,3,0.125,0.6373609873323777,0.01542020538173981,0.6069998515027458,0.3082643274774751,0.4177663061369559,0.03130207447910369,0.4542576040232783,0.11311879154934161,0.6450108678688802,0.038318913316583686,0.5793485025832811,0.4408884809340526,95,0.7655838815789474,0.910145550244374
266,3,1.0,0.004703850788108141,0.8514,-0.0020000000000000018,9,0.125,0.6052741030371129,0.014643900656902489,0.5929196122615352,0.24030499222672136,0.5092288910739068,0.03815511313658034,0.6347761577279707,-0.3808010553916932,0.544785302055868,0.03236469617109044,0.6922400340111626,-0.39666372865230337,95,0.7390625,0.9150439523756537
266,3,1.0,0.004703850788108141,0.8514,-0.0020000000000000018,14,0.125,0.6674762532591593,0.016148809100741065,0.614898671962951,0.3929816697259217,0.7909861112841008,0.05926640277982265,0.623179579786715,0.7936727441615484,1.089476799278924,0.0647238195690134,0.8779994357947741,0.8477922318484306,95,0.7456003289473684,0.9365797165389069
266,3,1.0,0.004703850788108141,0.8514,-0.0020000000000000018,4,0.125,0.681681959231772,0.01649249958077363,0.6348523784809115,0.365990839575074,0.5605948669647826,0.04200382371809127,0.45391223014157395,0.6231920574188218,1.0579503831054695,0.06285089297395527,1.0391640155649917,0.1950025456811741,95,0.7049753289473685,0.9004374453193351
267,3,1.0,0.00443394232843309,0.8518,0.00039999999999995595,13,0.125,0.6423712129516059,0.01554527741329343,0.6069613165027177,0.32742884894695284,0.49935940348603536,0.03757897822509695,0.416687520373661,0.6007247622181102,0.986994987602566,0.0586486736577623,0.6845583738558276,0.8842010177277281,95,0.7328947368421053,0.8945803411131059
267,3,1.0,0.00443394232843309,0.8518,0.00039999999999995595,11,0.125,0.5727621329945114,0.013860749158291007,0.5347104366078245,0.3584922621761243,0.4774843853715615,0.03593278747819455,0.5348159970342159,-0.1474441511667433,0.6474661982867299,0.03847338055889,0.7762837639758139,-0.10311082619234743,95,0.8196957236842105,0.9601203912716328
267,3,1.0,0.00443394232843309,0.8518,0.00039999999999995595,15,0.125,0.7083169003974518,0.017141152173691894,0.6608779936343941,0.3666575209774484,1.021955785458217,0.07690664066931936,0.8994709387765375,0.7259813632621561,1.57302696645267,0.09347154379621958,1.326215633331916,0.736860173134292,95,0.6705592105263158,0.8765636497424577
267,3,1.0,0.00443394232843309,0.8518,0.00039999999999995595,18,0.125,0.6786953318178928,0.01642431509926834,0.6200224543191133,0.4221612208313158,0.5064052897139031,0.03810921196713753,0.5275810595198203,0.05858274834170077,0.8411680856372702,0.04998342764201557,0.8374651899067947,0.2280285537646363,95,0.7898848684210527,0.9590317542946382
267,3,1.0,0.00443394232843309,0.8518,0.00039999999999995595,0,0.125,0.6303295903532696,0.015253872132323244,0.6016735523494889,0.29989558171023156,0.7879323323150307,0.05929535271031384,0.8792223033776424,-0.4202238099725072,1.3037924921319384,0.07747324084616039,1.4395845960009797,-0.24900977681417535,95,0.8159539473684211,0.9646744607941947
267,3,1.0,0.00443394232843309,0.8518,0.00039999999999995595,14,0.125,0.6190262283769793,0.014980332636652315,0.6054320972740533,0.23351850745380162,0.6757294773407896,0.05085159734206507,0.7723337524704459,-0.4395790097853629,0.8769315981697908,0.05210854742653437,1.103982034610145,-0.49032508688297693,95,0.7571957236842105,0.9387998913928862
267,3,1.0,0.00443394232843309,0.8518,0.00039999999999995595,1,0.125,0.6835555957432229,0.016541932684704518,0.6483447598535115,0.3169726124860886,0.9777564736754077,0.07358044922593161,0.8682492444783617,0.664798212327346,1.9805781701122434,0.11768882741213528,1.7570766557054778,0.6677198303305807,95,0.6694901315789473,0.9054170249355116
267,3,1.0,0.00443394232843309,0.8518,0.00039999999999995595,9,0.125,0.6013211976606643,0.014551873813238737,0.5796622821378543,0.27580838441407873,0.642679743491777,0.04836446038221802,0.5416358024371627,0.6560499902932707,0.6216493266415561,0.03693930460207083,0.6065261845504891,0.33565895938761353,95,0.7421463815789474,0.9211036622527564
268,3,1.0,0.004171772232188925,0.854,0.0021999999999999797,12,0.125,0.6399973485700305,0.015491756444317667,0.6007287362720563,0.34490713083645486,0.4438802089157759,0.03337697169163083,0.48763836705870317,-0.01709883299122162,0.3846691594137727,0.02289292293416339,0.6164501009520841,-0.12115471501592578,95,0.7189967105263158,0.8851652750772047
268,3,1.0,0.004171772232188925,0.854,0.0021999999999999797,13,0.125,0.5861026574138455,0.014187183181789563,0.5606552799359457,0.30038351072410546,0.4275305314239104,0.032147579815506803,0.3598094722374709,0.5480985137760357,0.6404336111829292,0.03811430406222948,0.46981889645112057,0.6795949371208788,95,0.7332648026315789,0.8988392306398251
268,3,1.0,0.004171772232188925,0.854,0.0021999999999999797,19,0.125,0.6963146316549038,0.01685497089373047,0.6066965472189858,0.5405079132277167,0.711657588526526,0.05351212941978931,0.5701034659503801,0.7921962092897833,1.4663791742782135,0.08726903264138142,1.05130879765685,0.9638636804185203,95,0.7015625,0.9304888055327629
268,3,1.0,0.004171772232188925,0.854,0.0021999999999999797,11,0.125,0.5157659687258059,0.012484615424767566,0.5332588369258148,0.13059454396034698,0.48348967390918346,0.03635535181593247,0.5820370585022363,-0.35736908628105357,0.6454883230866987,0.03841512654106751,1.0018501519185103,-0.7009683620362748,95,0.8113898026315789,0.9555566817007044
268,3,1.0,0.004171772232188925,0.854,0.0021999999999999797,9,0.125,0.5499834477376176,0.013312882685833468,0.5230305431610555,0.3190248567008034,0.5132475501777038,0.03859295505632816,0.4197766642775102,0.6263565398517293,0.567678802050183,0.033784426821475325,0.33609702831145355,0.8067145419735318,95,0.730139802631579,0.9226220645379287
268,3,1.0,0.004171772232188925,0.854,0.0021999999999999797,1,0.125,0.637375832924941,0.015428300115975938,0.579237335462353,0.4252972701372338,0.8881210395588638,0.06678105984608679,0.7599984234790008,0.7208491356277487,1.7287421165491055,0.10288311157440866,1.4103692035689819,0.7874201932591189,95,0.6702713815789474,0.9071222624378873
268,3,1.0,0.004171772232188925,0.854,0.0021999999999999797,7,0.125,0.5885026607032653,0.014245277588755977,0.5702014893060459,0.2681634711195884,0.4139235572011262,0.031124421800528056,0.4873759140775731,-0.1763817383851644,0.5931735013863033,0.03530169997126705,0.9653931706525161,-0.7494541199651504,95,0.7974095394736842,0.9432785025524674
268,3,1.0,0.004171772232188925,0.854,0.0021999999999999797,4,0.125,0.6352033296024971,0.01537571256632285,0.564123015483501,0.47901361604447157,0.563904445683757,0.04240203176966334,0.5802328835061278,0.0872226645349399,1.0058423236926601,0.05986097464976924,0.7248777131945606,0.7701044631213633,95,0.6972861842105263,0.9028187286236584
269,3,1.0,0.003917369249281083,0.8536,-0.00039999999999995595,10,0.125,0.6412473545837255,0.01552545150950063,0.5725726310450456,0.472040587659335,0.6582003332213903,0.049484986559349034,0.5299389105747577,0.7197085224358599,0.7130545230784012,0.04307498817137091,0.6370579806680051,0.5289437865187654,95,0.7360608552631579,0.9383274677392325
269,3,1.0,0.003917369249281083,0.8536,-0.00039999999999995595,5,0.125,0.6288997901578137,0.015226500548713627,0.571235403287484,0.42817450545860164,0.5521055799702246,0.04150854356219017,0.43291093291549726,0.7037373862377515,0.7161705629271616,0.043263225361210765,0.6387396799198951,0.5356927848704108,95,0.7249177631578947,0.9191151446398185
269,3,1.0,0.003917369249281083,0.8536,-0.00039999999999995595,6,0.125,0.646783161700966,0.015659480764124937,0.58725710169604,0.4318583555962618,0.41086646632271795,0.030889868232303393,0.3614299132594985,0.4761597710913543,0.6512639153862111,0.03934227263658668,0.6420635291155139,0.18800012870794808,95,0.6669819078947369,0.9042599099932187
269,3,1.0,0.003917369249281083,0.8536,-0.00039999999999995595,12,0.125,0.5979732423077282,0.014477727683499315,0.5475398194038533,0.4051795123065109,0.4432061481844394,0.03332123850285387,0.47355115742129084,0.07885902801754459,0.6079865810075289,0.036727927441212005,0.588528471049507,0.25396000661886403,95,0.7189144736842106,0.8800617707618394
269,3,1.0,0.003917369249281083,0.8536,-0.00039999999999995595,1,0.125,0.5736822201219651,0.013889609721896049,0.5611063189917018,0.24331097670324292,0.805535223265243,0.06056195611641379,0.71172548966258,0.5576697864387532,1.503343373784721,0.09081563323337287,1.477619287125764,0.20246228169856978,95,0.6694078947368421,0.9028255528255529
269,3,1.0,0.003917369249281083,0.8536,-0.00039999999999995595,7,0.125,0.5408979075745916,0.013095857901965376,0.5517302611274185,0.14410658652335812,0.4060313602803848,0.030526354047576587,0.49168677134315136,-0.20819402383307903,0.7310614618417465,0.04416277129191696,0.7406503334109305,0.06755930841968451,95,0.7971628289473685,0.9440346624026409
269,3,1.0,0.003917369249281083,0.8536,-0.00039999999999995595,9,0.125,0.5203960500807417,0.01259948065830082,0.5129503736159844,0.23838625141191036,0.4092886618008575,0.0307712453273659,0.3752665469597915,0.4096608795465396,0.36648202632523225,0.022138852553416462,0.41197407188896185,-0.02846372811779699,95,0.7485197368421053,0.9220500988793672
269,3,1.0,0.003917369249281083,0.8536,-0.00039999999999995595,16,0.125,0.6746777356939125,0.016334845508805727,0.6247435760175595,0.3840065805508369,0.5864132091162706,0.04408786855108255,0.6154508410235043,0.030204682003093286,0.6945578955294097,0.0419576233877589,0.7061670924414444,0.06241993847803138,95,0.7397615131578947,0.9151798121282864
270,3,1.0,0.0036707612778634846,0.8556,0.0020000000000000018,1,0.125,0.5540344620582252,0.013416879943141476,0.5496718697565882,0.19261357047926078,0.703107061626001,0.05293784157237877,0.8099498894719732,-0.5203738983553094,1.3888179137533376,0.0839041122177072,1.6492560044012812,-0.7462471692423416,95,0.6743421052631579,0.9021951219512195
270,3,1.0,0.0036707612778634846,0.8556,0.0020000000000000018,0,0.125,0.6011365632149729,0.014557536850912267,0.5531210533498905,0.4016723326694969,1.0888719743051534,0.08198258162144714,0.9590561219427349,0.7684319625992262,1.8113348198227441,0.10943006889615932,1.5246566699523554,0.8924041749108297,95,0.8050986842105263,0.9617977528089887
270,3,1.0,0.0036707612778634846,0.8556,0.0020000000000000018,17,0.125,0.5842399958557601,0.014148357943759854,0.5344305524960223,0.4146474244156296,0.4282017854077117,0.0322398671754215,0.47019778591206984,-0.04030946611535689,0.5174895764469989,0.03126364015305633,0.3857602074469607,0.6672770948506742,95,0.7240131578947369,0.923216719672876
270,3,1.0,0.0036707612778634846,0.8556,0.0020000000000000018,5,0.125,0.5598861803983691,0.013558589182922555,0.5242419210829536,0.35147105830772646,0.4216199528066441,0.03174431247186688,0.4568148618040036,0.004515535681698224,1.0008852007028965,0.06046752663915688,0.8031218605923096,0.7056384594611547,95,0.7432976973684211,0.9140344083642197
270,3,1.0,0.0036707612778634846,0.8556,0.0020000000000000018,12,0.125,0.5405129077037713,0.013089432674348105,0.5243147319209431,0.25867827677804495,0.49920437608952983,0.03758574421447462,0.4191971091003804,0.5920817877311418,0.6422232663704998,0.03879930729345647,0.4714073069514515,0.7060685673285846,95,0.7370888157894737,0.8942318420171818
270,3,1.0,0.0036707612778634846,0.8556,0.0020000000000000018,19,0.125,0.5792570217217514,0.014027686811737838,0.5484174296687545,0.3219477503265786,0.47542990152077014,0.03579573322343581,0.5430581677319508,-0.2206097841814571,0.9993572953140691,0.06037521968953254,1.2677518725376729,-0.759473603840064,95,0.7008634868421053,0.923379290114403
270,3,1.0,0.0036707612778634846,0.8556,0.0020000000000000018,13,0.125,0.5816676695050392,0.014086064718002762,0.5501806426169976,0.32455705881084934,0.3636800788728182,0.027381944300027935,0.3874007173447137,0.10656429083493821,0.5249568242847934,0.031714766822964056,0.6058273180961166,0.04928547145446173,95,0.7375822368421052,0.901940015609321
270,3,1.0,0.0036707612778634846,0.8556,0.0020000000000000018,14,0.125,0.5925887798743872,0.014350537845047954,0.5579516205541788,0.33750474692600324,0.9611304380209709,0.0723647558604802,0.8326815721059372,0.7668359752031771,1.5623044498768606,0.0943851361525372,1.3053899341034496,0.8212762124083757,95,0.7499588815789474,0.939086572728768
271,3,1.0,0.0034319753612792386,0.8536,-0.0020000000000000018,7,0.125,0.5244833249971206,0.012703708403220675,0.48805924639625176,0.3688949126184678,0.43823531065379523,0.03305224577777711,0.3269292302883652,0.7074970812935422,0.6122003643708966,0.03668618006302935,0.6080741703101306,0.27047329606533627,95,0.7954769736842106,0.939108859712602
271,3,1.0,0.0034319753612792386,0.8536,-0.0020000000000000018,10,0.125,0.5601095347103363,0.013566624263722371,0.5390460420074895,0.2733216037857743,0.5733723351814946,0.043244446268658136,0.6724897406623561,-0.34534780377054003,0.9889305397079644,0.059261780882533394,1.0490426598671176,-0.03715096145867394,95,0.7380345394736842,0.9392166694523372
271,3,1.0,0.0034319753612792386,0.8536,-0.0020000000000000018,3,0.125,0.5485676121778278,0.01328706300547578,0.5086384641547371,0.38129616182684073,0.35460379022095473,0.026744653712702394,0.37638965528798823,0.18018395923827568,0.9021510022476271,0.05406150672012278,0.8069723694386347,0.4607298890309036,95,0.7642680921052631,0.9207510625706139
271,3,1.0,0.0034319753612792386,0.8536,-0.0020000000000000018,11,0.125,0.5005278354269744,0.012123473456461975,0.4776494499070399,0.301314144475198,0.6578695798323426,0.04961733231834279,0.5162658945773606,0.7714468874859888,0.9576560613459916,0.057387654025807866,0.7970411628235483,0.6314088671724362,95,0.8074013157894737,0.9586983092279486
271,3,1.0,0.0034319753612792386,0.8536,-0.0020000000000000018,6,0.125,0.5500590477433104,0.013323187628744189,0.5426735231820147,0.19765347960994958,0.4174731641782646,0.03148633917121073,0.4695677801414979,-0.023589574876114402,0.9594936660205416,0.05749777270573463,1.0107757323777642,-0.0027987157676374634,95,0.6719983552631579,0.9063819372208285
271,3,1.0,0.0034319753612792386,0.8536,-0.0020000000000000018,4,0.125,0.5635419732437706,0.013649762651851235,0.5116041020129077,0.44230523851848635,0.5580157805430238,0.04208623604261915,0.4361955245340273,0.7124905624722014,0.9958881012167518,0.05967871358817343,0.9129464876584145,0.4104347398838812,95,0.7081414473684211,0.9072117059574962
271,3,1.0,0.0034319753612792386,0.8536,-0.0020000000000000018,9,0.125,0.4805858321510808,0.011640450674766455,0.4637716889169326,0.2740239593323235,0.4278522472596397,0.03226914237445281,0.5355298003627428,-0.35039591294309846,0.5091718665514248,0.030512185007484663,0.6127558426425824,-0.05254945024559691,95,0.7366776315789474,0.9173922750613976
271,3,1.0,0.0034319753612792386,0.8536,-0.0020000000000000018,0,0.125,0.5425531143360753,0.013141383585117006,0.5173928394693432,0.30123357262738354,0.9545832094056756,0.07199583896045512,0.8106121045207402,0.7558099913998149,1.5091528785647026,0.09043616676471182,1.3232037068106153,0.658035041984699,95,0.80625,0.9640962872297022
272,3,1.0,0.003201037685094957,0.856,0.0023999999999999577,4,0.125,0.5118303243595389,0.012399497115551324,0.4927674438124167,0.27747248826421933,0.42957464709762044,0.03238804009620844,0.5747136281676695,-0.28091439657148387,1.0950658050602862,0.06550819477128093,1.023581763800001,0.3570237502168151,95,0.7078947368421052,0.9025906133828996
272,3,1.0,0.003201037685094957,0.856,0.0023999999999999577,7,0.125,0.4656156184817035,0.01127990907053792,0.46512488006056935,0.18960249055760992,0.30261095549681355,0.02281553584784877,0.44795904109057644,-0.18219103187861438,0.589001599792421,0.03523480629337504,0.8432180677122643,-0.35772334928587707,95,0.8032894736842106,0.9401617526617526
272,3,1.0,0.003201037685094957,0.856,0.0023999999999999577,17,0.125,0.5096091440910632,0.012345687255093081,0.4794453068009635,0.33894312370978535,0.5950080790391192,0.044860993663593945,0.3904346000231653,0.8406674661692731,0.48881448979251124,0.029241489101734196,0.2893623564771854,0.8087977687369768,95,0.7259046052631579,0.9239265888750425
272,3,1.0,0.003201037685094957,0.856,0.0023999999999999577,15,0.125,0.5691721494710157,0.013788648483165002,0.5020477140537389,0.5159535973238785,0.9067696642971208,0.06836644677172173,0.6605531147786011,0.9149377034966294,1.4906942058863568,0.08917517644361783,1.0861045330236736,0.9599001932447482,95,0.6761513157894737,0.8853685234736074
272,3,1.0,0.003201037685094957,0.856,0.0023999999999999577,18,0.125,0.5553996226142773,0.013454998054680384,0.5284355646726225,0.30784617921713986,0.46840445922988166,0.035315637245539565,0.618990920471986,-0.32626049317966527,1.0529248934848654,0.06298727316952385,1.3427429983346848,-0.566114020931409,95,0.7860608552631579,0.9584139770884553
272,3,1.0,0.003201037685094957,0.856,0.0023999999999999577,1,0.125,0.5321102689847985,0.01289079492053993,0.49057368669046897,0.3929224160356489,0.9248303419445967,0.0697281424764457,0.6815079104670297,0.9066513143512834,1.907392122335003,0.11410256267498872,1.4981072533790094,0.9651243461683492,95,0.6661595394736842,0.9022899820998703
272,3,1.0,0.003201037685094957,0.856,0.0023999999999999577,8,0.125,0.5765174640459325,0.013966594576918758,0.5283158589850495,0.41638717061764546,0.45326952923568475,0.03417453005307073,0.5625802011552781,-0.1293209735576946,0.569575351767715,0.03407270404034415,0.7983083449856906,-0.26498821261114625,95,0.7215871710526316,0.9098524132429199
272,3,1.0,0.003201037685094957,0.856,0.0023999999999999577,9,0.125,0.45241524634055674,0.010960119545575393,0.45710926619194225,0.1651057253248963,0.5730390822026421,0.04320462787194236,0.38870208673159784,0.797065495816715,0.6297488943907918,0.037672359998931475,0.5476313804739693,0.5193339391111916,95,0.7490542763157895,0.9247406268869737
273,3,1.0,0.00297797357422927,0.8536,-0.0023999999999999577,8,0.125,0.5136932017089754,0.012446771763819423,0.4720260194937572,0.40411818551617285,0.4949933188903426,0.03727433065641241,0.4119157704758704,0.6793825652434667,0.5328388941442136,0.032226516830007323,0.48486082058148794,0.47437499739544076,95,0.7206414473684211,0.9101335159192058
273,3,1.0,0.00297797357422927,0.8536,-0.0023999999999999577,4,0.125,0.4804649127235599,0.011641651260515565,0.47377977645842695,0.2100543093150378,0.5133674535612478,0.03865795250566104,0.47224794228983713,0.4162756980639396,0.9008291923025797,0.054482860477605866,0.8775149096029456,0.24914851743780492,95,0.7064144736842105,0.8985448195576251
273,3,1.0,0.00297797357422927,0.8536,-0.0023999999999999577,19,0.125,0.533922489560953,0.012936926836926304,0.4956861854216284,0.378995871663525,0.4468588332080906,0.03364967418767716,0.47142057859842623,-0.018827870179521755,1.0679360509896836,0.06458961517038939,1.0723460744051239,0.026896301628998802,95,0.6983552631578948,0.9241639189825719
273,3,1.0,0.00297797357422927,0.8536,-0.0023999999999999577,12,0.125,0.48238718867157176,0.011688227952425025,0.46152454646826374,0.2940739017250611,0.5010694321192877,0.03773187835444846,0.4213400990877112,0.6584906827184807,0.5138299907752693,0.031076843352580076,0.4440583130817529,0.6266706303618059,95,0.7303865131578947,0.8889264200866971
273,3,1.0,0.00297797357422927,0.8536,-0.0023999999999999577,3,0.125,0.4880758485482373,0.011826064020512542,0.4408563243205571,0.4429147249133492,0.3528371900199798,0.026569591117244346,0.30660518343158655,0.5054706217658279,0.818021506091956,0.049474586264428085,0.8007405604302118,0.2109728097604056,95,0.759375,0.9216482564435781
273,3,1.0,0.00297797357422927,0.8536,-0.0023999999999999577,5,0.125,0.4967016569265637,0.012035067113810817,0.47264480064937536,0.3080503078941145,0.4375399813508498,0.03294793953347294,0.43168825281968626,0.20320790729785032,0.7184714389467288,0.04345371963937325,0.7255319366124139,0.03592897672971973,95,0.731702302631579,0.9294745715088508
273,3,1.0,0.00297797357422927,0.8536,-0.0023999999999999577,15,0.125,0.4946134704855297,0.011984470415342969,0.46681077421468603,0.33055314770817174,0.6824486982589982,0.05139022581551134,0.74705369761963,-0.372447126548937,1.1071738780545002,0.0669627499174467,1.142361671263955,-0.21618225948723804,95,0.6817845394736842,0.8853507026114227
273,3,1.0,0.00297797357422927,0.8536,-0.0023999999999999577,7,0.125,0.44721911904045913,0.010836106618881357,0.43459230290491324,0.258361993314446,0.4708594813796021,0.03545698766398557,0.4128794100027254,0.5339532590686594,0.7731150012691652,0.04675860541289364,0.7407713657205122,0.3276271380984728,95,0.8010690789473685,0.9443075659583205
274,3,1.0,0.002762807490175642,0.8514,-0.0021999999999999797,15,0.125,0.4652190646971032,0.011273976502151941,0.46830378640531806,0.14635828799803843,0.767579590300912,0.05789503787143797,0.8868078203869351,-0.6983840683592764,1.0923093281336167,0.06620582329243001,1.3362716649559534,-0.9030392515759748,95,0.6784128289473684,0.8744772410449119
274,3,1.0,0.002762807490175642,0.8514,-0.0021999999999999797,5,0.125,0.47449074509752753,0.011498663568744759,0.4403589089218398,0.37568760306188137,0.410705864870673,0.030977675671897086,0.4628232795476868,-0.15135041693128248,0.6368281963691041,0.03859871370730654,0.6177517641655556,0.27886040018119346,95,0.7430921052631579,0.9292275343072156
274,3,1.0,0.002762807490175642,0.8514,-0.0021999999999999797,18,0.125,0.49528994048193664,0.012002704907162752,0.43795167464220935,0.5052566242060695,0.5768666579111397,0.04351042866244329,0.45311311705851026,0.8289065445635475,1.1431244534452605,0.06928577246096246,0.9083560482230201,0.9114034678095775,95,0.7869243421052632,0.9597659107534747
274,3,1.0,0.002762807490175642,0.8514,-0.0021999999999999797,7,0.125,0.41892936824327126,0.010152206158427896,0.41018565035519844,0.24063616358184034,0.4571438515315284,0.03448028182554635,0.3637353609920909,0.6989878950372925,0.8417734145183368,0.05102062254571283,0.636815684275533,0.8370935599767173,95,0.7983963815789473,0.9373744656744091
274,3,1.0,0.002762807490175642,0.8514,-0.0021999999999999797,14,0.125,0.5335018987917779,0.012928721815706359,0.4831463643452584,0.455040793370187,0.8205093553742302,0.061887289348896805,0.7030916569840765,0.778567116036504,1.2905885159589736,0.07822369820535607,1.046597381159082,0.9369433975980643,95,0.7536184210526315,0.9508948057616762
274,3,1.0,0.002762807490175642,0.8514,-0.0021999999999999797,10,0.125,0.5036631064442934,0.012205617649721336,0.47320929285538027,0.3444609359423927,0.5795564015464879,0.04371330379304948,0.6588213603486769,-0.3909215875246632,0.7414154828919638,0.0449378405753325,0.9094860948154514,-0.5281153920155754,95,0.7386513157894737,0.9311400578935649
274,3,1.0,0.002762807490175642,0.8514,-0.0021999999999999797,4,0.125,0.4608350401393189,0.01116773539210307,0.4585749268713166,0.18250249996777962,0.5584006474772111,0.04211762147096031,0.48005513639980113,0.5984230513107515,0.9484625350985644,0.05748714341341275,1.032862877028927,-0.1933432058110599,95,0.7030427631578947,0.8908059422154638
274,3,1.0,0.002762807490175642,0.8514,-0.0021999999999999797,8,0.125,0.4710532295173512,0.01141535986771969,0.4498430788007375,0.29824085058151273,0.4931580146573129,0.03719666637305372,0.40207703406841855,0.6787352371268205,0.6657729884800763,0.04035308286115188,0.47332701255036314,0.8206102269462285,95,0.7276315789473684,0.9069281193490054
275,3,1.0,0.0025555630283198767,0.855,0.0035999999999999366,6,0.125,0.49559642871889864,0.012011957478980734,0.42723610377329574,0.5440502690581088,0.4750550807436782,0.0358882136762577,0.35759288240005066,0.778899281735346,0.9094958092509152,0.05486715785284784,0.6965170072709053,0.8597738047714928,95,0.6720394736842106,0.9139133627019089
275,3,1.0,0.0025555630283198767,0.855,0.0035999999999999366,3,0.125,0.4190081858198374,0.010155659362645477,0.4352525870213663,0.1082241821340166,0.30526164556236235,0.023061105137446507,0.29796121564171324,0.3240208921187217,0.703666110222237,0.0424500686562389,0.8679231563693343,-0.5108776035874774,95,0.75703125,0.9162457226657976
275,3,1.0,0.0025555630283198767,0.855,0.0035999999999999366,5,0.125,0.4203118421407816,0.010187256572364816,0.41411196388679644,0.23997196134705348,0.4695527227458077,0.03547253598422731,0.3937007755275657,0.5882016975221059,0.6588009103920642,0.039743485540469387,0.6932585174310458,0.0650441810926829,95,0.7396381578947369,0.927507227040249
275,3,1.0,0.0025555630283198767,0.855,0.0035999999999999366,2,0.125,0.48709237864772265,0.011805841611442817,0.42502264938990897,0.5148373800529851,0.33696624938771513,0.025456241286341382,0.32833931463789107,0.3050405869294531,0.8167841524881687,0.04927414131042935,0.6283260800704474,0.7950657841470139,95,0.7269325657894737,0.894451043611064
275,3,1.0,0.0025555630283198767,0.855,0.0035999999999999366,1,0.125,0.47137271716238727,0.011424838249828765,0.4422319389962962,0.34658780541225853,0.8201265069877214,0.061956763578367165,0.6931654888828406,0.7850127040780879,1.7515483036770552,0.10566566254317256,1.5240054757583674,0.8843177811191328,95,0.6689555921052631,0.9004241194910566
275,3,1.0,0.0025555630283198767,0.855,0.0035999999999999366,12,0.125,0.4280294812508094,0.010374311900966375,0.39772419693072286,0.37080118358528114,0.35020090828346995,0.026456058540457874,0.41854069558274104,-0.18950086588126583,0.39696199443638047,0.023947528057617903,0.5733172432613366,-0.48864005798985194,95,0.74296875,0.9019868282694117
275,3,1.0,0.0025555630283198767,0.855,0.0035999999999999366,14,0.125,0.4720272211543005,0.011440701709823841,0.4415887762813784,0.3534287240870906,0.7569744667577002,0.057185919089516216,0.869372078166258,-0.5871615341797618,1.126875855548228,0.06798104490206629,1.3585831088858162,-0.8552800944476509,95,0.7606907894736842,0.9525405405405405
275,3,1.0,0.0025555630283198767,0.855,0.0035999999999999366,9,0.125,0.4416799345385136,0.010705163083418536,0.3873414614514897,0.4914530176992573,0.5181534866170763,0.039144098860496246,0.40165448338219323,0.766501991908728,0.7522283105162887,0.04537968073593597,0.5664417474209911,0.7941469804016422,95,0.7427631578947368,0.9275907883082374
276,3,1.0,0.0023562629153526696,0.8559,0.0009000000000000119,17,0.125,0.43838153160980814,0.010626629954246913,0.3894253613782657,0.505749400215232,0.41094691536467415,0.03098826324987389,0.2833111474401736,0.8369629854193142,0.4086692914155985,0.024773325890555406,0.2644261228969519,0.8326355841718673,95,0.7209703947368421,0.9265427170069579
276,3,1.0,0.0023562629153526696,0.8559,0.0009000000000000119,9,0.125,0.377675407633716,0.009155077279384789,0.3553693205176534,0.33858674591571253,0.3506600668515909,0.026442214447996732,0.25300350077337425,0.7344648450046213,0.46950517639947026,0.028461166489797154,0.4736317731079112,0.19639595437714344,95,0.7372121710526316,0.9206871548887278
276,3,1.0,0.0023562629153526696,0.8559,0.0009000000000000119,7,0.125,0.4225399672948128,0.010242620980936203,0.40235926332269695,0.3053524264504963,0.4480949449345363,0.033789483739638256,0.5358177972493603,-0.36956365771295985,0.8812571848387346,0.05342136512821942,0.9232536067089013,-0.09576495928647787,95,0.7972450657894737,0.9417711073288978
276,3,1.0,0.0023562629153526696,0.8559,0.0009000000000000119,6,0.125,0.40645674802261034,0.009852754147242054,0.39984918772010763,0.20933938363157178,0.3424846486109395,0.02582573089952111,0.3181669799784084,0.3872333051968889,0.7194966849889244,0.04361552538646306,0.764179576070903,-0.08490085120358074,95,0.6702713815789474,0.9119685908839948
276,3,1.0,0.0023562629153526696,0.8559,0.0009000000000000119,10,0.125,0.4284896306447444,0.010386844371323787,0.41795364292164655,0.23109920532544165,0.5095968934165,0.03842715955294382,0.41331096862757144,0.6763741198706035,0.7875638310244368,0.04774172137573531,0.7603580270491976,0.2605758146339571,95,0.7385690789473685,0.9408751809375347
276,3,1.0,0.0023562629153526696,0.8559,0.0009000000000000119,1,0.125,0.41795871434894816,0.010131568675416548,0.39390067718829935,0.33548913287234566,0.7414297390930195,0.055908972855803644,0.61799221150171,0.775028971764633,1.5768355557923248,0.09558697440697231,1.435947017944164,0.7258106805773235,95,0.6665707236842106,0.90469434334711
276,3,1.0,0.0023562629153526696,0.8559,0.0009000000000000119,5,0.125,0.40231514289757997,0.009752359167283172,0.38843249477648734,0.26600493993253305,0.39500324895934125,0.029785999616143505,0.3367253634626037,0.5317488335470109,0.6596392881312356,0.039987000242870066,0.5899714984237643,0.4784875674462142,95,0.73515625,0.9213043235080262
276,3,1.0,0.0023562629153526696,0.8559,0.0009000000000000119,11,0.125,0.4039978526210745,0.00979314905522924,0.38567691707256785,0.2984272393010929,0.5742076576717958,0.04329926175558942,0.6860339673557151,-0.565467371098793,1.0493861439768837,0.06361325765320365,1.128956157062816,-0.30877329480830645,95,0.8006167763157894,0.9576806532792358
277,3,1.0,0.0021649290067773026,0.8578,0.0019000000000000128,11,0.125,0.3794842951158398,0.009200043751650823,0.3359425720738954,0.4916970073682858,0.7025098256437852,0.05293001862522995,0.526408079654388,0.9035850127550792,1.1553304396740773,0.07006075684077308,0.7016729138157185,0.9799451099609634,95,0.7988486842105263,0.9554251595635166
277,3,1.0,0.0021649290067773026,0.8578,0.0019000000000000128,9,0.125,0.3435906966972136,0.008329855762040492,0.34699643400748176,0.15627562982876012,0.27156536130948244,0.020460866321557577,0.4015492090956214,-0.42043722180445464,0.5142142844594968,0.031182630276522492,0.7741453929429674,-0.23745643621442117,95,0.7396381578947369,0.919335112297087
277,3,1.0,0.0021649290067773026,0.8578,0.0019000000000000128,5,0.125,0.36960479842534777,0.008960529750764248,0.3496032948055308,0.32490541129542033,0.3260550424117232,0.02456634603208176,0.36266698797127295,0.1205420851924212,0.595046627476818,0.036084409831992445,0.42626804516988853,0.7029795244404893,95,0.7387746710526316,0.9235264651861746
277,3,1.0,0.0021649290067773026,0.8578,0.0019000000000000128,18,0.125,0.44509904758706,0.01079077781168536,0.3982536287746599,0.49368412812812046,0.6684561947061822,0.05036427612030165,0.49370493935759774,0.9004898322235521,1.307664453091274,0.07929849169662269,0.8781334308882424,0.9443446846706701,95,0.7842516447368421,0.9594190740837834
277,3,1.0,0.0021649290067773026,0.8578,0.0019000000000000128,14,0.125,0.42318568659605854,0.010259520306545679,0.39270785810318465,0.3820153533010741,0.8935394117628529,0.06732298393640727,0.717579397809388,0.8954102859102454,1.4620628355126757,0.08866141260303116,1.0572152021280772,0.9036810838523468,95,0.7450246710526316,0.9458027484960538
277,3,1.0,0.0021649290067773026,0.8578,0.0019000000000000128,1,0.125,0.38465357577903986,0.009325365428669066,0.39229290204634093,0.10263926538922884,0.6038182696476537,0.045494185407892275,0.7711108452006412,-0.7707724601870363,1.3278661159837948,0.08052354709470555,1.7584349478797858,-0.8894255271186551,95,0.6703125,0.9043062200956937
277,3,1.0,0.0021649290067773026,0.8578,0.0019000000000000128,17,0.125,0.3693108997036666,0.008953404604525468,0.37099850005602786,0.15723500832320025,0.2829211986430824,0.02131646244225483,0.41281258630351775,-0.428611681193194,0.24014850953072,0.01456292135490885,0.45068559200412667,0.33193805948673805,95,0.7268503289473685,0.9206878995304633
277,3,1.0,0.0021649290067773026,0.8578,0.0019000000000000128,3,0.125,0.41568451873572054,0.0100776654224522,0.38217880371723584,0.4067184995134975,0.35595117117491837,0.02681884499294408,0.2594067957650638,0.69631192053807,0.9469122416965337,0.0574220032961023,0.5467060930881094,0.9203411603294482,95,0.7629111842105263,0.9254608170744852
278,3,1.0,0.0019815822845129782,0.8521,-0.005700000000000038,14,0.125,0.3693736941868141,0.008955912253388033,0.3579931886713814,0.2704147093455395,0.7696487090580157,0.05816134815208439,0.6088459258817157,0.8279265296327902,1.10933328306738,0.06658251890722137,0.924608824522514,0.8272752417787431,95,0.7445723684210527,0.939253368676828
278,3,1.0,0.0019815822845129782,0.8521,-0.005700000000000038,8,0.125,0.4283954188036514,0.010386965398295223,0.38857354017983553,0.4337891318483303,0.4319099584574085,0.032638871693735375,0.2964968322508169,0.79002078776283,0.48715627679835233,0.029239266959528984,0.3595607889473369,0.713327902777263,95,0.7298930921052632,0.9176947777589995
278,3,1.0,0.0019815822845129782,0.8521,-0.005700000000000038,18,0.125,0.3859193036015851,0.009357080578121455,0.33869135567600883,0.4970390441114789,0.4759904192668605,0.035969974569202666,0.3253730410642863,0.8283773883430237,0.780885000229017,0.0468689537091587,0.6397152165317072,0.6973704455321605,95,0.78125,0.9602105263157895
278,3,1.0,0.0019815822845129782,0.8521,-0.005700000000000038,16,0.125,0.4554570227207781,0.011043106736814993,0.39814861033793664,0.5354961791004659,0.47205660110309433,0.035672701066243345,0.3223106064317711,0.8263821473411781,0.4345723875048887,0.026083166032478174,0.3622670789234883,0.5524809092486725,95,0.7435032894736842,0.9234044906536888
278,3,1.0,0.0019815822845129782,0.8521,-0.005700000000000038,0,0.125,0.40790514601671346,0.009890153936039361,0.35512535061133466,0.5228119859222681,0.9172048151377474,0.06931197045114974,0.7418790127590474,0.8762861820438926,1.401871499601067,0.08414075107310506,1.2194957156450041,0.8101763713158767,95,0.7982730263157894,0.9645101473163696
278,3,1.0,0.0019815822845129782,0.8521,-0.005700000000000038,15,0.125,0.4136772002693256,0.010030104377074408,0.4101345177657241,0.19554713022772843,0.8134073734779033,0.06146813329450378,0.9729660809919564,-0.7153094481520179,1.4196134264904074,0.08520562688688545,1.5725275633330682,-0.6039007970383827,95,0.6854029605263158,0.898674185614014
278,3,1.0,0.0019815822845129782,0.8521,-0.005700000000000038,5,0.125,0.3453757568441106,0.008374053218795122,0.32430556844558156,0.3490447353573617,0.3629463114924873,0.02742737892598505,0.4631692279094302,-0.2625289896359089,0.4284520309679578,0.02571582038346605,0.5678205244281378,-0.4164316510366861,95,0.7411184210526316,0.9286506879715934
278,3,1.0,0.0019815822845129782,0.8521,-0.005700000000000038,9,0.125,0.32589789410372383,0.007901788863396238,0.3580243737691382,-0.02241874859351004,0.351667104042464,0.02657502394421253,0.5110271982333068,-0.6450567656452562,0.7169111286437289,0.0430292226027254,0.834761401006508,-0.37966350504680524,95,0.7340871710526315,0.9213577549991598
279,3,1.0,0.0018062428545939507,0.854,0.0019000000000000128,15,0.125,0.3861938597667878,0.009364700544128643,0.34860353312905124,0.44036542875803325,0.9690608979061948,0.07336300262843866,0.7548992231970371,0.9091111771138576,1.6065065805701535,0.0962946524037615,1.1358341484436345,0.9599453930097719,95,0.6799342105263158,0.8932027092404451
279,3,1.0,0.0018062428545939507,0.854,0.0019000000000000128,9,0.125,0.3409480384284442,0.008267548020878784,0.33342609833649506,0.25201785773134255,0.5693592093460407,0.04310348427227808,0.38592173963418847,0.8465477364069142,0.9845758883371152,0.05901587586332768,0.5784964012702467,0.8991229210182325,95,0.737047697368421,0.921673640167364
279,3,1.0,0.0018062428545939507,0.854,0.0019000000000000128,7,0.125,0.3401165740248067,0.00824738608677173,0.3325657917457515,0.252707199457231,0.282478732998004,0.021385124584210213,0.38679573441981224,-0.07814004436652038,0.41100905462886334,0.024636048509828506,0.6423644244031167,0.013688523300563764,95,0.7951480263157895,0.940945289068156
279,3,1.0,0.0018062428545939507,0.854,0.0019000000000000128,16,0.125,0.38881168330776145,0.009428179371972755,0.37109788076057987,0.3014988575087149,0.3354318740098986,0.02539395564078614,0.4728887092376615,-0.3190224788962725,0.43477955110427047,0.0260608616560976,0.505992309959196,0.4199250701739777,95,0.7421463815789474,0.9235414704415758
279,3,1.0,0.0018062428545939507,0.854,0.0019000000000000128,8,0.125,0.3692627420643231,0.008954142884675631,0.34970897469850776,0.3235005227302076,0.32159612300759266,0.024346516579586037,0.47656080187821387,-0.41319124726536227,0.3436873173333255,0.020600756422951137,0.5665983841733823,0.13521703248767336,95,0.7305098684210526,0.9209726443768997
279,3,1.0,0.0018062428545939507,0.854,0.0019000000000000128,3,0.125,0.3427738378192059,0.008311821289641941,0.30598677385598494,0.45526647267775455,0.3009806868003623,0.022785819719434885,0.25955477259054655,0.562502054852584,0.40835396515333383,0.02447690137576805,0.7336812315423125,-0.2996888793037355,95,0.7564555921052631,0.9234657824645323
279,3,1.0,0.0018062428545939507,0.854,0.0019000000000000128,10,0.125,0.4151647954123706,0.010067208183602608,0.3639437623729275,0.5200591195565493,0.7484902065617183,0.0566646421396144,0.5291082721459524,0.9326371149373612,1.278206741771016,0.07661622765049708,0.8096899152160084,0.9616633093191597,95,0.7286184210526315,0.9378103837471783
279,3,1.0,0.0018062428545939507,0.854,0.0019000000000000128,12,0.125,0.3441763080419957,0.008345829374768968,0.3223204133759206,0.3525906481831552,0.2536674754889696,0.019203960980425514,0.36741088266695027,-0.09372006890307524,0.3145389470446583,0.018853591351216923,0.35057402101285734,0.7174337465106109,95,0.7348273026315789,0.9054333836942533
280,3,1.0,0.0016389299449645815,0.8547,0.0007000000000000339,12,0.125,0.3157775348040482,0.007657856516850645,0.2892958308309341,0.4017024725681998,0.34827072083852434,0.026320092206021915,0.29389842849999426,0.6232160503305776,0.44906654166313514,0.02733257728807187,0.43398295905750534,0.26335538019726057,95,0.7409128289473684,0.9099839058771297
280,3,1.0,0.0016389299449645815,0.8547,0.0007000000000000339,2,0.125,0.36472163566953447,0.00884478991287814,0.31619026322658533,0.5444721889266824,0.3309370130620183,0.02501012050971786,0.2625797217741783,0.7359902902611576,0.6663515980110304,0.04055770106188216,0.5574830223195921,0.8019669100403588,95,0.7316200657894737,0.9092339684145451
280,3,1.0,0.0016389299449645815,0.8547,0.0007000000000000339,10,0.125,0.3466110964968636,0.008405594925453915,0.3241031968075793,0.35469779767240905,0.4933209698755312,0.03728207006040076,0.5237503371700762,-0.1861261765176226,0.7450890606913435,0.04535008166589233,0.7149850322946691,0.3013996113663644,95,0.7361430921052632,0.9320225660503826
280,3,1.0,0.0016389299449645815,0.8547,0.0007000000000000339,11,0.125,0.32071545186177186,0.0077776049351275245,0.31898255194992586,0.19954445138351892,0.5992931674054915,0.045290776630817674,0.5537264080133515,0.5000724739479623,1.093509193696929,0.06655678341398033,1.125750856682265,-0.16118033805969514,95,0.8047286184210526,0.9572837361402075
280,3,1.0,0.0016389299449645815,0.8547,0.0007000000000000339,1,0.125,0.3479149198272206,0.00843721367880631,0.32611811993540013,0.348467857017943,0.6974415391943672,0.05270820807361721,0.7265894908598418,-0.2026466668775485,1.412105532682395,0.08594825049314941,1.3911002631638345,0.19571580455783136,95,0.6611430921052631,0.8981279930343927
280,3,1.0,0.0016389299449645815,0.8547,0.0007000000000000339,8,0.125,0.3359703562980695,0.008147548507661672,0.32698726179775306,0.2512778012344334,0.43344885343571793,0.032757315233260975,0.39575606636920835,0.4611368120247718,0.5635541732975234,0.034300903248375994,0.5986425773904984,-0.12326464122141338,95,0.7298930921052632,0.9135823333896682
280,3,1.0,0.0016389299449645815,0.8547,0.0007000000000000339,19,0.125,0.3740403825659489,0.009070776941036654,0.34151296171195283,0.420830624699022,0.4142055955308895,0.031303031849404035,0.423981094581983,0.03594381282030915,1.1798318593176829,0.07181083979736938,1.0950404134897576,0.6283889097291838,95,0.6881990131578948,0.9299755033757543
280,3,1.0,0.0016389299449645815,0.8547,0.0007000000000000339,18,0.125,0.35408832313384636,0.0085869236218272,0.3492132070297839,0.20834957456125194,0.470680252622601,0.03557102824708713,0.45740929419076315,0.23597626922490478,1.1610137560428984,0.0706654699814217,1.2295585874047597,-0.427707395504885,95,0.7830592105263158,0.957834488552825
281,3,1.0,0.0014796619033708683,0.8545,-0.00019999999999997797,0,0.125,0.35781541303557063,0.008678011056233831,0.31939277806504596,0.4704327910178298,0.9215761507792523,0.06960232579667829,0.7858218045293531,0.8660562152851967,1.5605536787316603,0.09514907399818301,1.2159463613809356,0.921294809835325,95,0.7977384868421052,0.9642801917426936
281,3,1.0,0.0014796619033708683,0.8545,-0.00019999999999997797,15,0.125,0.3218809424487838,0.007806500993527155,0.322637492177576,0.18044833679884473,0.7598686765935588,0.057389318447786324,0.8863221948298655,-0.7415481213624256,1.136583667187871,0.06929904746517895,1.4398893354289548,-0.7262137027484276,95,0.6794407894736842,0.8826555313483418
281,3,1.0,0.0014796619033708683,0.8545,-0.00019999999999997797,7,0.125,0.32189927661579865,0.0078069456476651975,0.276407219936856,0.538400887902668,0.353990054082859,0.026735209078734782,0.2320573216420463,0.8529476386146766,0.7562979577508916,0.04611251207020357,0.3883666751535233,0.9789088877851384,95,0.7845805921052632,0.9393637650018343
281,3,1.0,0.0014796619033708683,0.8545,-0.00019999999999997797,13,0.125,0.3490414686339744,0.008465218695284686,0.31238369786893927,0.46112315289723754,0.31490739276203417,0.023783478910855388,0.3791094693889513,-0.18139655283651057,0.6152075203336469,0.0375100367736407,0.7587233688906746,-0.10516885272834062,95,0.7283717105263158,0.9133453765383313
281,3,1.0,0.0014796619033708683,0.8545,-0.00019999999999997797,9,0.125,0.29748277465464845,0.007214778104697023,0.3058948651136881,0.13110415469438855,0.3775193940968545,0.02851226981110091,0.476167847423386,-0.47642539453320804,0.44689739844983206,0.027247940403599697,0.6729943125432378,-0.3079905908845421,95,0.7400082236842105,0.92432072012002
281,3,1.0,0.0014796619033708683,0.8545,-0.00019999999999997797,8,0.125,0.30706866369647495,0.007447262363502642,0.29542998460377895,0.29073248178256855,0.3622836858552376,0.02736158820125295,0.283609031632072,0.6570730344678413,0.5350826664439371,0.032624715777799115,0.36010547392351333,0.7399863789481426,95,0.7305921052631579,0.9176609635299414
281,3,1.0,0.0014796619033708683,0.8545,-0.00019999999999997797,16,0.125,0.34381755744928694,0.008338524435155106,0.31585978976565,0.39793027492464134,0.4509068734971632,0.03405488204808014,0.3480573993469398,0.7431601180381199,0.663625943300753,0.040462173680278095,0.45268419572762136,0.7513243933673915,95,0.7469983552631579,0.9251940331370067
281,3,1.0,0.0014796619033708683,0.8545,-0.00019999999999997797,18,0.125,0.3212565389941449,0.00779135748688797,0.2914731586845987,0.42336509015595447,0.48719856237234144,0.03679582315280161,0.35756865758244516,0.8614401375345693,1.0989419375572176,0.06700398016511813,0.7523414549190826,0.9349214125279629,95,0.7836348684210527,0.9598593766397313
282,3,1.0,0.0013284561953483542,0.8564,0.0019000000000000128,1,0.125,0.32610787465244734,0.007909537265426187,0.2737444623608978,0.5803678351469927,0.8648529770068165,0.06531794330145224,0.6953684541628588,0.8924620725653244,1.7523171475872623,0.10579173452548109,1.325584851778534,0.8570637225321284,95,0.6639802631578947,0.8963339113202874
282,3,1.0,0.0013284561953483542,0.8564,0.0019000000000000128,14,0.125,0.33271773304379587,0.00806985513975314,0.3352557203941822,0.16388592396920357,0.7015003114995836,0.0529807479313559,0.8477934230676923,-0.6833054613531583,1.1084206554944211,0.06691810548683003,1.5466885747722214,-0.7484840464616476,95,0.7556743421052632,0.9524975514201763
282,3,1.0,0.0013284561953483542,0.8564,0.0019000000000000128,4,0.125,0.33254249004442044,0.008065604733241055,0.28045045912940647,0.5755231203456795,0.42509371505374566,0.03210516459546789,0.4674617388136024,0.004178686198596408,1.1318206199226573,0.06833081940571518,0.8490352301510715,0.7005026906735469,95,0.7020970394736842,0.9048316251830161
282,3,1.0,0.0013284561953483542,0.8564,0.0019000000000000128,12,0.125,0.2902997209343349,0.00704103347188434,0.2744601610173461,0.3370116649394142,0.22553901063219417,0.01703381349246738,0.2978118652491957,0.007782738177745013,0.471112715194958,0.028442243669250883,0.6082214277824703,0.2681435184475394,95,0.7469572368421052,0.9125839480347903
282,3,1.0,0.0013284561953483542,0.8564,0.0019000000000000128,8,0.125,0.2714874305414245,0.006584753438569213,0.2782810925294028,0.17027219527773982,0.2372046594057089,0.01791486056685016,0.33388747220028425,-0.17939314718614735,0.3195101018828214,0.019289617705982986,0.6046488167340103,0.0550508684208445,95,0.7282483552631579,0.9182993619784315
282,3,1.0,0.0013284561953483542,0.8564,0.0019000000000000128,6,0.125,0.3471185926881243,0.008419138750682138,0.28645255784292933,0.627615436996926,0.39114369177463143,0.029541092140860745,0.2625511109698171,0.798409799514673,1.020798891557668,0.061628162167029384,0.5632861842375608,0.9284404594518747,95,0.6750411184210526,0.9163062678930377
282,3,1.0,0.0013284561953483542,0.8564,0.0019000000000000128,13,0.125,0.2968437437397209,0.007199754546314582,0.28993600105342143,0.26250778973053474,0.419532169602588,0.03168512937548818,0.30791832813099657,0.7269740892038583,0.747625153764341,0.045135985743511346,0.5455531789929399,0.6842569965553892,95,0.7344983552631579,0.915019873481498
282,3,1.0,0.0013284561953483542,0.8564,0.0019000000000000128,15,0.125,0.2934716850113335,0.007117967425406169,0.2733614493831264,0.36739545926906386,0.8555117859766701,0.06461245068906994,0.7042569836679566,0.8172983087087556,1.3632420169159631,0.08230230340787843,0.9409144006988788,0.8666995951075791,95,0.6813733552631579,0.8864884436666466
283,3,1.0,0.0011853294023068588,0.8547,-0.0017000000000000348,1,0.125,0.26463990989542063,0.006419102767226887,0.2612110885648137,0.19382135947407594,0.7143525482626628,0.053963423930506633,0.6673440892127327,0.5760670647807828,1.399950602555743,0.08561729228049701,1.4046035760589486,0.0154289961141795,95,0.6623355263157895,0.9034020362552769
283,3,1.0,0.0011853294023068588,0.8547,-0.0017000000000000348,6,0.125,0.2773593984001104,0.0067276265416282245,0.26365977646192756,0.3112145541198385,0.2735574460691878,0.020665001430288675,0.250596205710149,0.41040105218973283,0.6218493393896466,0.038030668044830115,0.7023395559320408,-0.510802298800023,95,0.6738075657894737,0.9151156404466956
283,3,1.0,0.0011853294023068588,0.8547,-0.0017000000000000348,12,0.125,0.25683576862719804,0.006229805601767325,0.24865434810523662,0.2564261698414026,0.29293027593159066,0.022128458421015372,0.3381049194466653,-0.3994159739169797,0.47099614344053603,0.028804883831127604,0.4257179206127462,0.4590007444261376,95,0.7451891447368421,0.9148595707112509
283,3,1.0,0.0011853294023068588,0.8547,-0.0017000000000000348,17,0.125,0.28054619257033014,0.00680492538625345,0.25546923112392134,0.44190168493157783,0.3859113475455516,0.02915240898606892,0.32254018260940576,0.7724468963076415,0.42291351322021425,0.02586427678565549,0.3194969359738247,0.8214312006400826,95,0.7308388157894737,0.9274220771914031
283,3,1.0,0.0011853294023068588,0.8547,-0.0017000000000000348,13,0.125,0.26176427324138657,0.006349351355919562,0.2512544180899095,0.2815651410887687,0.26031746865298716,0.019664830694034702,0.2182141861122332,0.6075101340896211,0.6201403705817932,0.03792615201286933,0.5390034808756907,0.6612011308514969,95,0.734375,0.9141657334826427
283,3,1.0,0.0011853294023068588,0.8547,-0.0017000000000000348,9,0.125,0.26446251543492955,0.0064147998891285725,0.23895074477399503,0.4546399206508598,0.3590835363488771,0.027125789843665548,0.2975620510270561,0.7593266489842794,0.5306146572990381,0.03245099514179365,0.5391283316378391,0.06765242648749047,95,0.7465049342105263,0.9282842192233545
283,3,1.0,0.0011853294023068588,0.8547,-0.0017000000000000348,11,0.125,0.25939023607877754,0.006291766736403838,0.24704146556908216,0.3048961685991753,0.546642922089592,0.041294349428827225,0.5878307658152122,-0.4025215168929555,1.2156228152018052,0.07434429020707492,1.1831895167717954,0.2888295248985785,95,0.7928042763157894,0.9544629427934236
283,3,1.0,0.0011853294023068588,0.8547,-0.0017000000000000348,16,0.125,0.297080064664712,0.007205970807391792,0.29707297223297385,0.13484396537179605,0.42850409975204196,0.032369938970774365,0.47777736744714183,-0.4861642841764026,0.649621437341248,0.03972913642165998,0.6560918183540441,0.058938069444983865,95,0.7396381578947369,0.9234489659773182
284,3,1.0,0.0010502972197121263,0.8559,0.0011999999999999789,4,0.125,0.25463546953749483,0.006176760179055804,0.2448588212139657,0.2770632668929765,0.5020746479852185,0.037851670760110465,0.4051841322582277,0.6557190707079272,0.9063180809160338,0.05531827622125287,0.9045038086072502,0.1523517627175453,95,0.70703125,0.910729863332364
284,3,1.0,0.0010502972197121263,0.8559,0.0011999999999999789,14,0.125,0.2841370156574212,0.0068923870146459934,0.27097424284257676,0.3014417569422527,0.8450017568916244,0.06370512516799758,0.6962952333062242,0.8388474797649839,1.5163069522187345,0.09254972242665992,1.2949094177599838,0.8652424284984738,95,0.7474095394736842,0.9502118061286241
284,3,1.0,0.0010502972197121263,0.8559,0.0011999999999999789,1,0.125,0.23551034504910212,0.00571283695746395,0.23904194736291706,0.12601709557109242,0.6351594374145737,0.04788500276138468,0.781061927340813,-0.7275036511494168,1.4241605329152458,0.08692544858377492,1.6262861638392854,-0.7283115592647682,95,0.6608141447368421,0.9038641030427478
284,3,1.0,0.0010502972197121263,0.8559,0.0011999999999999789,5,0.125,0.25885690939842143,0.00627916076636837,0.25532220501118236,0.198743425468693,0.3517166751343636,0.026516104410869615,0.40707216402372043,-0.05627247479851928,0.9157689800747211,0.055895123865813884,0.9058443831722646,0.1814092524002115,95,0.7415707236842105,0.9297477127807042
284,3,1.0,0.0010502972197121263,0.8559,0.0011999999999999789,8,0.125,0.26953297879882737,0.006538133015839504,0.2547594546736222,0.3279199654352933,0.45937854275459467,0.03463278901729802,0.2989179542885316,0.9141740376292976,0.831171613994504,0.050731616083109214,0.6127852892742212,0.8779962988777006,95,0.7284539473684211,0.9201286972228494
284,3,1.0,0.0010502972197121263,0.8559,0.0011999999999999789,12,0.125,0.23352581719382462,0.005664697738473878,0.21666438467821525,0.3743513228335097,0.37372627338144143,0.028175419554053702,0.22862188867219002,0.8773073963564881,0.5436648974478288,0.03318327814713914,0.35093136477897113,0.843851174795953,95,0.7426398026315789,0.9160622335418859
284,3,1.0,0.0010502972197121263,0.8559,0.0011999999999999789,16,0.125,0.2813934473918213,0.0068258355509309854,0.25930940264098923,0.40699732528265836,0.4682883616358661,0.03530450493081698,0.30944506026692825,0.9074575987712488,0.6804850182476638,0.04153426815208384,0.4427925220621103,0.9377095904176238,95,0.7416529605263158,0.9221045628430449
284,3,1.0,0.0010502972197121263,0.8559,0.0011999999999999789,10,0.125,0.2850488620061072,0.0069145059135810516,0.2633460990624821,0.40092072199603596,0.45843573944471805,0.03456171058180999,0.578069064688552,-0.5237091532864078,0.6407769285920584,0.03911063442123415,0.7976435462727514,-0.4619166241238355,95,0.7310444078947368,0.9373418077507172
285,3,1.0,0.0009233744553646757,0.8545,-0.0013999999999999568,6,0.125,0.23814686373868824,0.005777067928318922,0.22615244990105474,0.31357264239065913,0.34455215937784006,0.02608591287157672,0.40280173164289274,-0.3110835886106118,0.8598897530023009,0.052493280538482935,0.8380948064691294,0.23298418987937042,95,0.67421875,0.9142526071842411
285,3,1.0,0.0009233744553646757,0.8545,-0.0013999999999999568,12,0.125,0.20437993968272308,0.004957935520109902,0.18852523313802386,0.3878417906628696,0.2607578819331065,0.01974188001307701,0.2079181226143992,0.6170378311412086,0.38768989707998347,0.023667120649245244,0.30497087777141557,0.6188560907101565,95,0.7470394736842105,0.9080801409070894
285,3,1.0,0.0009233744553646757,0.8545,-0.0013999999999999568,14,0.125,0.25389338323491234,0.006159053696832348,0.2281655807532249,0.4812176910201315,0.7102130481820231,0.05376995961536474,0.6254518842746832,0.7153799794073874,1.172157946649395,0.07155616835070502,1.0679698980585512,0.49779461787917983,95,0.7483552631578947,0.955
285,3,1.0,0.0009233744553646757,0.8545,-0.0013999999999999568,10,0.125,0.24519259189646958,0.005947986199225211,0.2372111780290282,0.2558340192874823,0.5515497835118237,0.041757624224460985,0.6166517728615312,-0.4257615527557844,0.8457247657933673,0.051628557305316805,0.8889436339081289,-0.021436407405078416,95,0.7308799342105263,0.9346835443037975
285,3,1.0,0.0009233744553646757,0.8545,-0.0013999999999999568,9,0.125,0.21456573495679676,0.005205026874908684,0.19377953128047615,0.44260256946705334,0.39340228127686866,0.02978433701126278,0.43473140932044435,-0.17959412292505453,0.550374377134869,0.033598442683217065,0.5267183535145985,0.32314359480261257,95,0.7412006578947369,0.9257738821701986
285,3,1.0,0.0009233744553646757,0.8545,-0.0013999999999999568,11,0.125,0.22796666661454637,0.005530112375822641,0.23142896752475176,0.10925639383236199,0.41430901177520424,0.03136717762150274,0.3363666127094172,0.7080514460212185,0.8421244214984764,0.051408768800514926,0.8063955591427114,0.28861856847487133,95,0.7901726973684211,0.9551438830202424
285,3,1.0,0.0009233744553646757,0.8545,-0.0013999999999999568,16,0.125,0.2486082051575082,0.006030843598714371,0.24808325610605286,0.15195035709808044,0.2991737345702682,0.022650329597574903,0.2600213433210962,0.5001395855589256,0.506338854779162,0.030910227106038787,0.5033178326631105,0.26482205865792524,95,0.7430509868421052,0.9284488960212495
285,3,1.0,0.0009233744553646757,0.8545,-0.0013999999999999568,4,0.125,0.23062833142019223,0.005594680172950988,0.2168187701036978,0.34218297576519746,0.40138007507176887,0.030388332743627233,0.3096210506352971,0.7966857705580761,0.8738328054601763,0.05334445542651777,0.7604706436286447,0.5602889418078861,95,0.7034950657894737,0.9108071775089135
286,3,1.0,0.0008045750277758752,0.8544,-9.999999999998899e-05,2,0.125,0.21191719755534874,0.005140981160308987,0.21075728475251004,0.2000693870218767,0.23145162006148243,0.017501646845440158,0.2006706063510265,0.5069486327386058,0.5551684892527485,0.033740548200291334,0.6340741297060929,-0.17533141472113378,95,0.7217927631578948,0.9105616953400935
286,3,1.0,0.0008045750277758752,0.8544,-9.999999999998899e-05,18,0.125,0.2539624194673718,0.006160972440980136,0.22170972624635002,0.5391615587381111,0.3657119428750072,0.02765399209414877,0.3911099902121375,-0.14358033576324206,1.2177011321083315,0.07400618827763751,1.0912717039330189,0.6269259176887212,95,0.7672286184210526,0.9565893134680316
286,3,1.0,0.0008045750277758752,0.8544,-9.999999999998899e-05,19,0.125,0.22318365926798772,0.005414298607293872,0.23236857236855227,0.05665904770948828,0.626173146097378,0.04734925279064094,0.5748767454226389,0.5902722793631622,1.1965667505137363,0.07272173925958247,1.286167352446888,-0.3211861467365156,95,0.6872532894736842,0.9317338757927486
286,3,1.0,0.0008045750277758752,0.8544,-9.999999999998899e-05,8,0.125,0.23391100894127867,0.005674537527054179,0.2001146754913098,0.5670605042209677,0.269907871319398,0.020409588160937384,0.2550692918199846,0.32808590067373794,0.6350990466208162,0.03859835421010908,0.4402028259280492,0.9127097592825981,95,0.725,0.9174795825771325
286,3,1.0,0.0008045750277758752,0.8544,-9.999999999998899e-05,16,0.125,0.2239659715636721,0.005433277023486551,0.20754144429046054,0.37678914410755326,0.24538763738551578,0.018555444842500525,0.2793276085512874,-0.18391354287365463,0.3261908204295148,0.01982435479003572,0.31062242619748326,0.41130441796518347,95,0.7453536184210526,0.923815303138964
286,3,1.0,0.0008045750277758752,0.8544,-9.999999999998899e-05,10,0.125,0.2266252834555851,0.005497790297979715,0.2399140406014446,-0.000808839150606423,0.6784435849919224,0.051301779723679754,0.6210252368296687,0.6448905736048282,0.9890031139720031,0.0601069907301937,1.0272800292859412,-0.060832063144519485,95,0.7265625,0.9374646293152236
286,3,1.0,0.0008045750277758752,0.8544,-9.999999999998899e-05,7,0.125,0.25480356226373996,0.006181378049015458,0.22814580267821188,0.4757475173143229,0.2524380595144824,0.019088575689368965,0.2631622956123417,0.07525024936647794,0.683648898483765,0.04154898748380891,0.6002340525657068,0.5134261463082767,95,0.7854440789473685,0.9395351272118103
286,3,1.0,0.0008045750277758752,0.8544,-9.999999999998899e-05,11,0.125,0.21837419778708136,0.005297624023306352,0.1959541872334659,0.4506172727773798,0.3852899089045989,0.02913441658766028,0.43573697430927577,-0.43713912634937035,0.9625267186127111,0.05849787906214393,0.8658989808634597,0.5259708916815825,95,0.79140625,0.9527718605496961
287,3,1.0,0.0006939119646417303,0.8558,0.0013999999999999568,12,0.125,0.16877102301028807,0.004094418155145344,0.1586842598880159,0.3440017271637468,0.19837100734786842,0.01499244870051145,0.32437330501311834,-0.5530588917821957,0.22031695602548262,0.013381727416373005,0.40976068048881803,-0.15377269739972962,95,0.7421052631578947,0.9173315602836879
287,3,1.0,0.0006939119646417303,0.8558,0.0013999999999999568,17,0.125,0.20563157083691935,0.004988662282709603,0.17392392088350367,0.6026419804886604,0.5609219732867993,0.04239326110163223,0.40958991106740705,0.9238310486046458,0.48997565250533864,0.029760399475234078,0.46950456113326267,0.3836602881118537,95,0.7234786184210527,0.9257175333901677
287,3,1.0,0.0006939119646417303,0.8558,0.0013999999999999568,10,0.125,0.21085649465675355,0.005115419960453112,0.1917963760486346,0.43172983956982314,0.6276455283348873,0.04743608207405374,0.4845948314846927,0.883167505562271,1.0050276700469654,0.06104390042918621,0.7491886852061044,0.8685787407821717,95,0.7245888157894737,0.9309385994779253
287,3,1.0,0.0006939119646417303,0.8558,0.0013999999999999568,4,0.125,0.2001152468329913,0.004854835179285751,0.1812403636458689,0.4369395307691255,0.3580425046772192,0.027060072717998023,0.44300089294704115,-0.3244586656187276,0.9748379346357364,0.05921022036509364,0.8008196791424541,0.666587815983768,95,0.6950246710526315,0.9109033899307816
287,3,1.0,0.0006939119646417303,0.8558,0.0013999999999999568,15,0.125,0.20033808056459002,0.004860241169366056,0.17871926700647478,0.473981872987573,0.8161395035656877,0.06168204619847606,0.6568723228630601,0.9522236544518435,1.271101928225458,0.07720485898494268,0.9901668303284229,0.9209089571067907,95,0.6715049342105263,0.8865348110954626
287,3,1.0,0.0006939119646417303,0.8558,0.0013999999999999568,11,0.125,0.17706978374426424,0.004295747719950602,0.19181958417838718,-0.04460891476742375,0.4739616198745387,0.035820986982837366,0.6211998396527434,-0.8254674913252749,0.7335819265273363,0.044556685765171716,1.0174547299118992,-0.8679682443136669,95,0.7923519736842105,0.9531914893617022
287,3,1.0,0.0006939119646417303,0.8558,0.0013999999999999568,8,0.125,0.19624324026773507,0.004760899539773388,0.20205583360043755,0.07990010712904017,0.32176888154651284,0.024318591282582788,0.45917765243093056,-0.7211070268290123,0.4143804435001445,0.025168857820245666,0.678164553529873,-0.7320467274486028,95,0.7239720394736842,0.9182143465667064
287,3,1.0,0.0006939119646417303,0.8558,0.0013999999999999568,9,0.125,0.1836503200181725,0.004455392821994215,0.17095475295943366,0.3653750342844408,0.3925330296819056,0.029666791480481663,0.25021227081324676,0.9036152796014443,0.691535929099664,0.04200287380863055,0.4485449062465104,0.8658882936761261,95,0.7405427631578947,0.9240421987784564
288,3,1.0,0.0005913974014141677,0.8553,-0.000500000000000056,5,0.125,0.1777157782807252,0.004311548149716578,0.15249310940720948,0.5508209827074844,0.33640998739397676,0.02537764398103369,0.3935766695670642,-0.2077172962185022,0.7254713072003711,0.04435192579877751,0.4054118007573127,0.8808124822376614,95,0.7347861842105263,0.9326804700615556
288,3,1.0,0.0005913974014141677,0.8553,-0.000500000000000056,13,0.125,0.18754289734665397,0.004549963092023054,0.16728141781458877,0.4733383209342732,0.18895208244695325,0.014253912955913505,0.2648328833343116,-0.23758092518269086,0.4520945066442563,0.0276389456257061,0.5140305792689197,0.31233409801078965,95,0.7287417763157895,0.9175083225187609
288,3,1.0,0.0005913974014141677,0.8553,-0.000500000000000056,15,0.125,0.16677169500773584,0.004046034628956113,0.17063140279316022,0.12484431774405501,0.6491467532073781,0.04896945932537952,0.7597705903983827,-0.7096479228228819,0.9806085165645717,0.05994982259485689,1.2399260592135086,-0.47701858777125294,95,0.6717105263157894,0.8892017629774731
288,3,1.0,0.0005913974014141677,0.8553,-0.000500000000000056,0,0.125,0.21188017450044622,0.005140407808281279,0.18728095643325154,0.5182892971362355,0.9394241222384742,0.07086701291493797,0.8152170411639179,0.8720810068657688,1.7578858044327128,0.10746892397687939,1.4564968426827019,0.7709217930386847,95,0.7762746710526316,0.9593198792308915
288,3,1.0,0.0005913974014141677,0.8553,-0.000500000000000056,14,0.125,0.20554510200120338,0.00498671312581316,0.18664890381617047,0.44051354232001166,0.812991419211441,0.06132935278232665,0.6931008708297847,0.8503002146536884,1.3533853846682553,0.08273965842921721,1.0469389749652147,0.7979667340602417,95,0.7389391447368421,0.9488620555339158
288,3,1.0,0.0005913974014141677,0.8553,-0.000500000000000056,1,0.125,0.182789705682946,0.0044346462927992054,0.1905766362912167,0.04363603160774952,0.7238544449012895,0.05460515765033019,0.8424613710834218,-0.7779200240638116,1.4792892655786323,0.09043683339463988,1.728404684464614,-0.49433590438425984,95,0.6540296052631579,0.8960769520935497
288,3,1.0,0.0005913974014141677,0.8553,-0.000500000000000056,11,0.125,0.16979896211860143,0.004119478911938869,0.14394165405714246,0.5663109863764572,0.49197234940896284,0.03711274813369857,0.37040830811719055,0.8780465123259538,1.1902234449099824,0.07276469984226812,0.8210688893949551,0.9142049660638537,95,0.7884457236842105,0.9513428943937419
288,3,1.0,0.0005913974014141677,0.8553,-0.000500000000000056,12,0.125,0.1466146501751508,0.00355700619156884,0.1640538691213547,-0.08261609619892997,0.44113621416624077,0.033277840164540634,0.33099196306216616,0.8256301037703769,0.5482106572739542,0.033515037951456876,0.4885820889416312,0.5194897530398139,95,0.7411184210526316,0.9198291167332445
289,3,1.0,0.0004970425799702666,0.8573,0.0020000000000000018,4,0.125,0.16648174924330358,0.004039101735172749,0.1583698540979991,0.30838684343576156,0.38598487605468557,0.02911201975283176,0.35483356208054007,0.4957343511110594,1.022565551801578,0.061761788259699774,0.8289613636884908,0.839814651659384,95,0.694078947368421,0.9119075829383886
289,3,1.0,0.0004970425799702666,0.8573,0.0020000000000000018,18,0.125,0.17443509390435186,0.0042320620348264915,0.16856473888111573,0.2601816531120886,0.4161786252167199,0.03138931370020563,0.41414367403871677,0.11717396029131684,0.959007174930257,0.05792293508540622,1.1393168606481963,-0.684599896968799,95,0.764391447368421,0.9555137170521786
289,3,1.0,0.0004970425799702666,0.8573,0.0020000000000000018,17,0.125,0.15141919541957116,0.0036736611534747667,0.15427605493903765,0.11706082393638824,0.3951640725283828,0.029804339492892087,0.4134673449776833,-0.15478684467682274,0.39816204383456105,0.02404853146190399,0.4632287198460762,0.015812051928395774,95,0.721875,0.9252677147413989
289,3,1.0,0.0004970425799702666,0.8573,0.0020000000000000018,8,0.125,0.15896723238947394,0.003856788068952612,0.14349991908708695,0.446110797296422,0.2958625984969086,0.022314754659832424,0.27762956356496316,0.3623606353421252,0.3888055493033558,0.023483409907524195,0.45710257895404355,0.007067322821733302,95,0.7247532894736842,0.9218200385793713
289,3,1.0,0.0004970425799702666,0.8573,0.0020000000000000018,12,0.125,0.13639958996232807,0.003309262564802436,0.12728953677287597,0.360037272524818,0.2753034425021106,0.02076412769864208,0.254484957551006,0.403293522447508,0.5932423455072179,0.035831158271811346,0.5444368657611403,0.3973968678640934,95,0.7354029605263158,0.9160749231199329
289,3,1.0,0.0004970425799702666,0.8573,0.0020000000000000018,15,0.125,0.15144044898442638,0.003674176797448208,0.1394334795160274,0.39325846481472876,0.766337076721802,0.05779920794536951,0.7742031669574673,-0.056480329195654724,1.4152774066885527,0.08548113455087009,1.326343453505301,0.4401966622464046,95,0.678125,0.8895221925782197
289,3,1.0,0.0004970425799702666,0.8573,0.0020000000000000018,6,0.125,0.1778894235113894,0.004315869351682908,0.15882652060210695,0.49239794541883236,0.2554057036146361,0.019263386598499136,0.23595862011201962,0.39624471110611914,0.8620638305076007,0.05206766810435985,0.66095670933255,0.8717082055138503,95,0.6627467105263158,0.9136989700955453
289,3,1.0,0.0004970425799702666,0.8573,0.0020000000000000018,16,0.125,0.1760388302072353,0.004270971129145709,0.17311917499046062,0.20370535900801912,0.3450021671632691,0.02602099338162639,0.32080167007223037,0.4200444961344939,0.4688034449451122,0.02831519118858035,0.4677998518845306,0.2634258674773909,95,0.7375822368421052,0.9286988515999554
290,3,1.0,0.0004108578473795032,0.8576,0.000300000000000078,12,0.125,0.11260485923956712,0.0027320174922312417,0.09720485647609314,0.5068234704768524,0.1848097133436255,0.013974120989035275,0.1774804226059317,0.29259682691311123,0.3968297569431262,0.0241414567082594,0.3345236744297699,0.5566679528396637,95,0.7384457236842106,0.9172002895484158
290,3,1.0,0.0004108578473795032,0.8576,0.000300000000000078,6,0.125,0.1443940847163518,0.0035032872283115284,0.13017201792064637,0.4401389918956816,0.30445536973367493,0.02302095542191148,0.3247066588620907,-0.18121118500969244,0.8379481351403769,0.05097724723087582,0.770029147720712,0.40035821474720906,95,0.6650493421052631,0.9170273278100656
290,3,1.0,0.0004108578473795032,0.8576,0.000300000000000078,2,0.125,0.13923140960122532,0.003378030478145667,0.11815542638345797,0.5614740670622707,0.17014801611636815,0.01286549781522327,0.15148658387249764,0.4573772488376691,0.5672146476867717,0.03450695826569112,0.3813790005659939,0.8043233323645462,95,0.718421052631579,0.9199290293040293
290,3,1.0,0.0004108578473795032,0.8576,0.000300000000000078,10,0.125,0.14825592351798583,0.0035969831063534796,0.13324254860044818,0.4495268837664419,0.5508023023320842,0.04164812484458743,0.5651232741138354,-0.14189910080106524,0.9269607612448673,0.0563924017700502,0.8612521162400356,0.3780112344206356,95,0.7136924342105263,0.9324768105087284
290,3,1.0,0.0004108578473795032,0.8576,0.000300000000000078,19,0.125,0.16001741322233526,0.0038823402021659977,0.15314367324508416,0.2918122679426897,0.5436833431081339,0.04110983496949564,0.5585072027084051,-0.14842374308999517,1.226872076003368,0.07463774727370703,1.1325127022748727,0.4398681851281773,95,0.6760690789473685,0.9333414426468799
290,3,1.0,0.0004108578473795032,0.8576,0.000300000000000078,18,0.125,0.14511552001632605,0.003520790681291737,0.1481151585034656,0.12075515389442171,0.3675417258348024,0.027791139612800636,0.3468455433398761,0.38129047560533325,0.9093309291460012,0.05531987678687547,1.0488450046908069,-0.38814534463259,95,0.7641036184210527,0.9572189635688533
290,3,1.0,0.0004108578473795032,0.8576,0.000300000000000078,0,0.125,0.16640156669383574,0.0040372324428296184,0.15359166278566636,0.3931553171789199,0.8490303500760247,0.06419821026000512,0.8187669643960258,0.4633065479208589,1.5726209784819816,0.09567165920968096,1.5139573677384528,0.29558452652473416,95,0.7690378289473684,0.9582954606212907
290,3,1.0,0.0004108578473795032,0.8576,0.000300000000000078,16,0.125,0.15803479317223304,0.00383423790272789,0.1597680528801556,0.1308968657258063,0.31587160824369437,0.023884177897031445,0.2981664426506338,0.3557544578313334,0.4064921585690457,0.02472927666497545,0.35665935102708385,0.5100525842370511,95,0.7372944078947369,0.9280017846188165
291,3,1.0,0.0003328526547690002,0.8563,-0.0013000000000000789,16,0.125,0.13520168787188575,0.003280308056588591,0.12187434173225693,0.4468444492131722,0.2828581830836261,0.021383142333692276,0.31398264296121653,-0.3034210698054633,0.5030484255779657,0.030685943981056292,0.5883246776108328,0.1392128867473337,95,0.7308799342105263,0.9263572433192686
291,3,1.0,0.0003328526547690002,0.8563,-0.0013000000000000789,18,0.125,0.1287155888537295,0.0031229401775333355,0.1181831970260029,0.39880001727816655,0.35642658663710336,0.02694467011873581,0.3895096676887459,-0.3545516844735535,1.079179029890409,0.06582989941515141,0.9811698438169976,0.4217218659973572,95,0.7640213815789474,0.9536623432538615
291,3,1.0,0.0003328526547690002,0.8563,-0.0013000000000000789,0,0.125,0.13549655007480202,0.00328746210085412,0.1380978291296555,0.1099663358860708,0.7886968564470385,0.05962287163018601,0.8304182786567552,-0.5214705876417888,1.6457076726166815,0.10038813538296858,1.6415425137878015,0.12723468263258075,95,0.7710526315789473,0.9598442832764505
291,3,1.0,0.0003328526547690002,0.8563,-0.0013000000000000789,15,0.125,0.11351060007732813,0.00275403171219797,0.10202758429592612,0.4400679196949866,0.776297142661422,0.05868549431309954,0.7297997419657898,0.647933602319084,1.3234941336168111,0.0807331158958725,1.1707270498515185,0.520520234772834,95,0.66796875,0.884764542936288
291,3,1.0,0.0003328526547690002,0.8563,-0.0013000000000000789,2,0.125,0.11007538816824045,0.0026706854649813875,0.12434714060929924,-0.12783743140020892,0.14285909412347014,0.01079967462847405,0.18048237469557663,-0.30254166906833996,0.508457219947317,0.031015880330290013,0.7614963397118235,-0.4483290043339539,95,0.7212171052631579,0.9219498289623718
291,3,1.0,0.0003328526547690002,0.8563,-0.0013000000000000789,8,0.125,0.12345381536071912,0.0029952772892014854,0.10473443390217319,0.5646897586237979,0.2622934353455692,0.019828515477415896,0.27183201335999974,0.014350283249596531,0.5660240062780971,0.03452745315448917,0.44216298266838583,0.6263426917569253,95,0.7185444078947368,0.9198283261802576
291,3,1.0,0.0003328526547690002,0.8563,-0.0013000000000000789,13,0.125,0.14657428491288554,0.003556233766430891,0.12364802933760763,0.6199735789280232,0.309929689300013,0.02342965859248227,0.26472596011632427,0.6783570201901216,0.7466625447515197,0.04554640041795939,0.5202158808473726,0.7580399909605178,95,0.7238486842105263,0.9158713928652579
291,3,1.0,0.0003328526547690002,0.8563,-0.0013000000000000789,1,0.125,0.1330567273375798,0.0032282663148581504,0.126825231340416,0.30469328055982514,0.8186493139846783,0.061887178272436734,0.7699592072947262,0.6738321316119943,1.7107656739435686,0.10435667217332364,1.531986486771361,0.5543029654161051,95,0.6375,0.8915118679050568
292,3,1.0,0.0002630355562871722,0.8567,0.00040000000000006697,18,0.125,0.10082884164055599,0.0024463682348718286,0.10064255929989573,0.21266648902553445,0.45913671573293174,0.0346699324419683,0.4328537176501225,0.3745969291257217,1.1077460862506898,0.06745092113256829,1.0207898358734788,0.5391503297340038,95,0.7588404605263158,0.9558385261446762
292,3,1.0,0.0002630355562871722,0.8567,0.00040000000000006697,9,0.125,0.09557046787642544,0.0023187864999798333,0.07539336451899055,0.6494675356386214,0.3302400656273895,0.024936800679631554,0.328552991691639,0.15976411216162356,0.5991209818392241,0.03648061825402745,0.5795831416593424,0.2577433060708921,95,0.7227384868421053,0.9194970700347045
292,3,1.0,0.0002630355562871722,0.8567,0.00040000000000006697,7,0.125,0.11488389034173752,0.002787380033903714,0.09677090630493947,0.5800981668479818,0.24508422666462457,0.018506587014045513,0.1845889638632929,0.7572903755465301,0.6646202415826364,0.04046888366794352,0.5267576360178178,0.8129288542522554,95,0.7645148026315789,0.937879847254343
292,3,1.0,0.0002630355562871722,0.8567,0.00040000000000006697,5,0.125,0.08622778746233978,0.0020921089321163026,0.08617211282869539,0.24482045399038455,0.3024254043947431,0.022836484166514764,0.3194821511984922,-0.032424582109653044,0.6188880609882721,0.037684240377592264,0.663040717105155,-0.10206326844592763,95,0.7279605263157894,0.9287166741979214
292,3,1.0,0.0002630355562871722,0.8567,0.00040000000000006697,14,0.125,0.1252661181201523,0.003039279706964143,0.10624334829808636,0.5862233332614848,0.7330573503898166,0.05535398922199574,0.709727207476021,0.30902583590431215,1.1999960338067615,0.07306804225294027,1.0758676081376413,0.7195105646401685,95,0.7240542763157894,0.9482083025725482
292,3,1.0,0.0002630355562871722,0.8567,0.00040000000000006697,2,0.125,0.09927629061821257,0.00240869933535577,0.09834093156557194,0.23366069186120017,0.1610778393552757,0.012163169742221243,0.16009724969716582,0.3011474451349111,0.7667847749765251,0.0466897062644111,0.8152740487576183,-0.15404814348858345,95,0.7176398026315789,0.9204721251360798
292,3,1.0,0.0002630355562871722,0.8567,0.00040000000000006697,13,0.125,0.10943680000462225,0.0026552195473169456,0.10309754785071078,0.3384460771221775,0.2268568708660159,0.017130218772345003,0.2348010099839979,0.12010547580645356,0.5250648934540609,0.03197132552074334,0.6294656968726473,-0.45301222994395085,95,0.7281661184210526,0.916821954938167
292,3,1.0,0.0002630355562871722,0.8567,0.00040000000000006697,10,0.125,0.11427049464803994,0.0027724974693908895,0.11053307385222388,0.2712873063558999,0.4833294618722389,0.036496754051946786,0.483413268924814,0.095988796527175,0.9935911625425731,0.060500000834585836,1.0584751935555896,-0.274080222335729,95,0.7116776315789474,0.9296856944765426
293,3,1.0,0.00020141420816564278,0.8596,0.0029000000000000137,2,0.125,0.07769714000080558,0.001885145190251602,0.06900618369818319,0.4921594832490925,0.12432496578783178,0.009384293999977209,0.09874253973788537,0.6137791223199955,0.6958125231801572,0.04218627193422197,0.45941097644312245,0.8624366477557248,95,0.715625,0.9199609285221788
293,3,1.0,0.00020141420816564278,0.8596,0.0029000000000000137,11,0.125,0.0780403049225117,0.0018934713101269366,0.08372033172899482,-0.08241166033010697,0.42181553467820054,0.03183946978061622,0.3955446721132902,0.4661225635752079,0.8592097967901775,0.052092851060332415,1.047580986934087,-0.5075161065927096,95,0.7637335526315789,0.948153332615484
293,3,1.0,0.00020141420816564278,0.8596,0.0029000000000000137,10,0.125,0.0897452013399408,0.002177464120975327,0.08250629820958177,0.4197172025188663,0.5996768493584282,0.04526479314672231,0.6265467311150311,-0.36463717073082436,0.9017998802921989,0.05467503632498638,0.7487245658673043,0.6282930132766977,95,0.7122121710526316,0.9323942035679234
293,3,1.0,0.00020141420816564278,0.8596,0.0029000000000000137,4,0.125,0.09561630029417269,0.002319913044512882,0.08349963778302097,0.5905863296227374,0.35680021499043024,0.026931985024145382,0.30484425697783785,0.8270279050502367,1.0156325436890432,0.06157657306523942,0.7373641493522787,0.9372951139864573,95,0.6905838815789473,0.9121762429294433
293,3,1.0,0.00020141420816564278,0.8596,0.0029000000000000137,16,0.125,0.09682016691220852,0.002349122142359613,0.0974526098426679,0.10096787797332919,0.3278810528238624,0.024749109539045893,0.2912487382729894,0.6277619999049807,0.5096091093122531,0.03089698410046731,0.46975547550243574,0.42486915657477675,95,0.7227796052631579,0.9267265900557515
293,3,1.0,0.00020141420816564278,0.8596,0.0029000000000000137,18,0.125,0.07981990306797375,0.001936649229989414,0.0884280136690872,-0.21564947237821225,0.4269298539880377,0.032225508704569576,0.41431446645549025,0.2664262128753276,0.9243786004593244,0.05604395682751438,1.1536636531201119,-0.6796521588848805,95,0.7532894736842105,0.954967248908297
293,3,1.0,0.00020141420816564278,0.8596,0.0029000000000000137,6,0.125,0.09098134941757594,0.0022074564553517077,0.07893524016684154,0.5930432768881506,0.21236402280037678,0.016029655929104235,0.20791388267355376,0.22147636091831113,0.9120803195174666,0.0552983269245551,0.6600345375358782,0.8792040841807779,95,0.6538651315789473,0.912715381712992
293,3,1.0,0.00020141420816564278,0.8596,0.0029000000000000137,9,0.125,0.07229250166633491,0.0017540138775524324,0.06820283091999854,0.3316713807052669,0.4157816889488129,0.03138402318615094,0.44977612895162566,-0.4612293526573129,0.5869400349354378,0.03558546461581454,0.46146516943005395,0.6272034242659055,95,0.7288240131578947,0.9271086036671368
294,3,1.0,0.00014799536787963308,0.8587,-0.0009000000000000119,18,0.125,0.06906685724032925,0.0016757603796287454,0.06881938586025164,0.16291865275140938,0.3173853806173894,0.02400396431122515,0.20936785163285362,0.8528429940994368,1.1655275871304223,0.07126238927595482,0.9282620227475679,0.928435879996393,95,0.7560032894736842,0.9522462743391711
294,3,1.0,0.00014799536787963308,0.8587,-0.0009000000000000119,11,0.125,0.06378883459525925,0.0015477003869666345,0.05994854847394888,0.34205787386181397,0.39691563083532533,0.030018864191555503,0.2713039189026307,0.920574183098536,1.0606956651210695,0.06485278274474444,0.8342600437465745,0.8979377389317906,95,0.7560032894736842,0.9426737735233329
294,3,1.0,0.00014799536787963308,0.8587,-0.0009000000000000119,2,0.125,0.05601406370783365,0.00135906210900788,0.05910687654295315,0.033998892815049434,0.1147199644732206,0.008676309941067677,0.22878423594207906,-0.5742707204407105,0.48268504005395696,0.02951220511793504,0.6909556909516076,-0.6996499716788768,95,0.714514802631579,0.9188007135869253
294,3,1.0,0.00014799536787963308,0.8587,-0.0009000000000000119,16,0.125,0.07728096747475129,0.0018750582923287588,0.06973953413810526,0.47875338107573806,0.27075926631676533,0.020477615424372975,0.16239478373629876,0.8708498348778383,0.4945397270282104,0.030237021353287957,0.31493724304990184,0.8270312759248776,95,0.7178042763157895,0.9236409463252564
294,3,1.0,0.00014799536787963308,0.8587,-0.0009000000000000119,4,0.125,0.07118776676383007,0.0017272197378545406,0.0697050056452609,0.21688990920924664,0.32006033947309065,0.024206272359508108,0.2677427971793402,0.5595575871599179,0.7731473283093188,0.04727157596783495,0.9860113716792179,-0.7589508054827799,95,0.6905427631578948,0.914076455877099
294,3,1.0,0.00014799536787963308,0.8587,-0.0009000000000000119,12,0.125,0.0555861354168845,0.001348679339269284,0.05248698001629568,0.33208403766506456,0.21305197489623828,0.016113193342104242,0.09316460141760162,0.9385800826474556,0.4337509237290665,0.026520287908146176,0.24161168726389473,0.8739541620411411,95,0.7350740131578948,0.9273927392739274
294,3,1.0,0.00014799536787963308,0.8587,-0.0009000000000000119,8,0.125,0.06566208411748378,0.0015931508020561656,0.056598219693175224,0.563251712785775,0.25075723654389054,0.018964855107920505,0.15210971543306936,0.839781549204377,0.6512287488252567,0.03981726140068222,0.4332278072614945,0.8957953662277507,95,0.7082236842105263,0.9181955411054343
294,3,1.0,0.00014799536787963308,0.8587,-0.0009000000000000119,6,0.125,0.06625170507493472,0.0016074567004128394,0.06179808328648832,0.36373220853592086,0.306218824174548,0.023159433848568542,0.43194160437906165,-0.8285366531938444,0.6125281162134444,0.037451037231592633,0.8053906361395411,-0.6421182805145552,95,0.6555098684210526,0.9145025718228579
295,3,1.0,0.00010278489340696252,0.8563,-0.0024000000000000687,9,0.125,0.04023852335542046,0.0009763055047144556,0.034999353125211095,0.4952587262015056,0.555957420185741,0.042094683683524994,0.23260208655836503,0.9944064160673132,0.8038249668307661,0.04885341993413416,0.485889826787424,0.8930060365985159,95,0.7222039473684211,0.9226827601913004
295,3,1.0,0.00010278489340696252,0.8563,-0.0024000000000000687,4,0.125,0.05010238075615262,0.0012156318386604545,0.045387215896974,0.42848382350361314,0.26928909594607764,0.02038940196082895,0.4955563457955109,-0.3717107122689851,1.036598294789721,0.0630004962374246,0.9984160175905619,0.28503527351985325,95,0.6881578947368421,0.9120458891013384
295,3,1.0,0.00010278489340696252,0.8563,-0.0024000000000000687,11,0.125,0.046772469204191536,0.0011348383425950992,0.048200507884139654,0.11501700390925933,0.20923896037465717,0.01584266623925656,0.4897807466469588,-0.6463923535736796,0.5724495421286618,0.03479130286656325,0.8079457485929465,-0.37802042424151017,95,0.7621710526315789,0.9445943029779887
295,3,1.0,0.00010278489340696252,0.8563,-0.0024000000000000687,18,0.125,0.05112642025201505,0.0012404780634591294,0.05514258384682203,-0.051167702769623936,0.2274560680515153,0.01722198659265676,0.4875666410910777,-0.5267583304121685,0.975632427759436,0.05929522304166661,1.2391937362655299,-0.5587317309773818,95,0.74921875,0.9534054113385654
295,3,1.0,0.00010278489340696252,0.8563,-0.0024000000000000687,17,0.125,0.05360141044005419,0.0013005286404485896,0.04594081169622262,0.5605094101640051,0.6006275659058069,0.045476913303834625,0.28574277617891825,0.9817066007259816,0.5799707671494782,0.03524841427703579,0.28363651739790907,0.899956129418922,95,0.7148026315789474,0.9227450529222273
295,3,1.0,0.00010278489340696252,0.8563,-0.0024000000000000687,10,0.125,0.051923627621922694,0.0012598206704620008,0.04899337826604231,0.3317253402909835,0.7509116544201315,0.05685577243762197,0.4381740892161645,0.9736812137821994,1.102801803437612,0.06702409334195374,0.7932335444529721,0.8547675344394122,95,0.70703125,0.9307938354172725
295,3,1.0,0.00010278489340696252,0.8563,-0.0024000000000000687,3,0.125,0.05830811232334939,0.0014147271391639256,0.052513229763625595,0.45858186698363135,0.28339437833267955,0.02145739274352672,0.19673044239691687,0.8022798669731008,0.6375078558291033,0.0387452993839213,0.8337593441827604,-0.26700261471998826,95,0.7357730263157894,0.936067955739354
295,3,1.0,0.00010278489340696252,0.8563,-0.0024000000000000687,1,0.125,0.05146976584380494,0.0012488086423007795,0.044490296019565605,0.5342103692580217,0.9010094488182111,0.06822052618921508,0.5871316609749839,0.9726897181868196,1.8031104973674867,0.10958618847439337,1.4648839977693402,0.8881319897871808,95,0.6339226973684211,0.8837646753583707
296,3,1.0,0.00010000000000000002,0.8573,0.0010000000000000009,9,0.125,0.037934377098566174,0.0009204028546510452,0.03408104940265785,0.4419102680761356,0.205062714506967,0.015462510757828151,0.2982631987168104,-0.7306870186722512,0.43228429283084313,0.02633254328136792,0.6178690347519106,-0.4592000455552675,95,0.7259046052631579,0.9231902118500057
296,3,1.0,0.00010000000000000002,0.8573,0.0010000000000000009,19,0.125,0.0564834249713131,0.0013704589230234046,0.05393060085015371,0.2988624756760018,0.37478497599494215,0.02826021657387779,0.4717425661790834,-0.8130491702613358,1.1461895047500705,0.0698199893982533,1.342841522239905,-0.6232310855810451,95,0.6672286184210526,0.930116472545757
296,3,1.0,0.00010000000000000002,0.8573,0.0010000000000000009,5,0.125,0.04283793062515678,0.0010393779112884923,0.04155534115406409,0.28533833775046025,0.26026049179289523,0.01962463368272911,0.28016368587112955,0.03608772720609721,0.551821526056259,0.033614138795815554,0.5320274906569432,0.32680109195569174,95,0.7209292763157895,0.9265385273484287
296,3,1.0,0.00010000000000000002,0.8573,0.0010000000000000009,12,0.125,0.03739534867831847,0.0009073243929843376,0.04013410716260766,0.09690802683936187,0.2996945791582227,0.02259811426683985,0.21622648680030507,0.8222409709999656,0.4736771289084879,0.028853982680461857,0.39949403087777174,0.5408627868454646,95,0.7342516447368421,0.9294954359634877
296,3,1.0,0.00010000000000000002,0.8573,0.0010000000000000009,0,0.125,0.05335043112004921,0.0012944430054082333,0.046990441760173286,0.49556170353323814,0.9120986977101693,0.06877572043973591,0.8199459284532848,0.8329438937699104,1.515740384435378,0.09233113471481205,1.2488556123195491,0.9465803493756284,95,0.7469983552631579,0.9529366433643419
296,3,1.0,0.00010000000000000002,0.8573,0.0010000000000000009,7,0.125,0.052621551700748295,0.0012767581836309351,0.04333413428278157,0.6314041909416858,0.3610324538906691,0.027223223956785683,0.2765897475522406,0.8140443374570198,0.8940025127057182,0.05445805052344789,0.6678831163058597,0.8514565549219769,95,0.7639802631578947,0.9398815931108719
296,3,1.0,0.00010000000000000002,0.8573,0.0010000000000000009,17,0.125,0.0466676324079994,0.0011322980729727547,0.04360245480971161,0.35874954181032537,0.24459169160204333,0.018443146389459732,0.32282608075262625,-0.5672479781952222,0.2774038158800046,0.016898018524432613,0.37209723407610795,0.1264244344982558,95,0.7168174342105263,0.9243388974932599
296,3,1.0,0.00010000000000000002,0.8573,0.0010000000000000009,3,0.125,0.0522143685930518,0.001266878688477614,0.046991647237584866,0.4446734256510256,0.23220673504111247,0.017509273430062613,0.15229249223472657,0.8272425882048167,0.7255402236734099,0.044196191393263314,0.552734752251425,0.7298989898572791,95,0.7345394736842106,0.9358486341244961
297,3,1.0,0.00010000000000000002,0.8564,-0.0008999999999999009,13,0.125,0.051255424074499435,0.0012436141131310827,0.044696994481723075,0.4936250376542827,0.22694289679563678,0.0170987236962979,0.2927043644684971,-0.6811637280540461,0.7283099226447445,0.044036486158606246,0.8190853552581958,-0.07754884947286439,95,0.7229440789473685,0.9212262541235354
297,3,1.0,0.00010000000000000002,0.8564,-0.0008999999999999009,5,0.125,0.044507481761821205,0.0010798882939388826,0.039080829151688846,0.4787838010762146,0.3165520638559288,0.02385021233001834,0.369622122861059,-0.5293420911642652,0.6121133655218955,0.03701078470882117,0.4849609818364754,0.6167412348901558,95,0.7273026315789474,0.9305744007236545
297,3,1.0,0.00010000000000000002,0.8564,-0.0008999999999999009,3,0.125,0.051219958618834716,0.001242753612179434,0.04196591570435177,0.5973359417692771,0.14330405688372788,0.010797061762280855,0.16227197015614675,0.06733361602052194,0.610018152979782,0.03688409990714351,0.37198134562943796,0.8583870027015726,95,0.7349095394736842,0.9369439937335646
297,3,1.0,0.00010000000000000002,0.8564,-0.0008999999999999009,16,0.125,0.05737124099161919,0.0013920026274939939,0.04813984151746869,0.5775104417530156,0.31568222816185787,0.02378467566681319,0.23982677038682906,0.9093899382205286,0.4407840094176499,0.026651537108225574,0.44962404804946504,0.338187699511759,95,0.7156661184210527,0.923355357655846
297,3,1.0,0.00010000000000000002,0.8564,-0.0008999999999999009,15,0.125,0.042685927952048355,0.0010356918002688937,0.04494782732524544,0.15229603573421738,0.7064025533343332,0.0532230012411445,0.7708327710073896,-0.7186647905300154,1.3036264519530625,0.07882238923638295,1.4138478133279975,-0.23246795083039068,95,0.6632401315789473,0.8841289522628643
297,3,1.0,0.00010000000000000002,0.8564,-0.0008999999999999009,14,0.125,0.05310021170495715,0.0012883743306961984,0.053402394432957224,0.19346445405943266,0.7104434165496263,0.053527454936714666,0.6414991988234178,0.8201296823126792,1.2060923093101403,0.0729250908625125,1.065973484831702,0.5429016583474208,95,0.7202302631578947,0.9477620461292533
297,3,1.0,0.00010000000000000002,0.8564,-0.0008999999999999009,11,0.125,0.04378839907655841,0.001062441138012493,0.03263361492021044,0.6935895297204859,0.4053276654838818,0.03053889703723746,0.34277805070608436,0.7747355890939328,0.6870911005634459,0.041544233847302034,0.527102947229162,0.6729908441597254,95,0.7668174342105263,0.9451445117700681
297,3,1.0,0.00010000000000000002,0.8564,-0.0008999999999999009,18,0.125,0.04992665214614545,0.0012113740223880709,0.046465906870706786,0.37220377052587755,0.3681064992991051,0.02773451564776134,0.2938942717040954,0.889783177106601,0.939965185348812,0.05683399688400965,0.6994880992135504,0.821771686896873,95,0.74921875,0.9523077767411229
298,3,1.0,0.00010000000000000002,0.8572,0.0007999999999999119,1,0.125,0.05017949838727721,0.0012175111099973054,0.05040463154114193,0.13306496961123962,0.7783251995004584,0.058771691420942046,0.8103044489912091,-0.5946011357476534,1.8553706736537579,0.11164936148172377,1.7789816242326588,0.5377968375199899,95,0.6303042763157894,0.8853806510535586
298,3,1.0,0.00010000000000000002,0.8572,0.0007999999999999119,8,0.125,0.04461980110242191,0.0010826155165760403,0.0407944032168589,0.41282391714129596,0.28345558655644704,0.0214038608480488,0.2395859731193276,0.8704887798251482,0.32605926197190055,0.01962104334260833,0.38302469855098714,-0.18095369366338174,95,0.7133634868421053,0.9208023517205602
298,3,1.0,0.00010000000000000002,0.8572,0.0007999999999999119,16,0.125,0.052055542395027216,0.0012630297878575573,0.046801505810351356,0.47824479560720823,0.27232994432312846,0.020563758519849654,0.23122348700761486,0.8266917399481626,0.4506413817712496,0.02711793564836258,0.36339402186439956,0.6906754156374174,95,0.7231085526315789,0.9243147958603435
298,3,1.0,0.00010000000000000002,0.8572,0.0007999999999999119,14,0.125,0.05166678326144529,0.0012535972789752261,0.05067037948855852,0.21029811619460853,0.6811165193324273,0.05143141956807214,0.6446342630239873,0.7213422773498543,1.0128956570622647,0.060952323416812386,1.0408746399443878,-0.1142511554788578,95,0.7219161184210526,0.9458905279945321
298,3,1.0,0.00010000000000000002,0.8572,0.0007999999999999119,7,0.125,0.04789089296695797,0.00116198240574176,0.043902691099048076,0.4122415123467386,0.1742084100480558,0.013154556636285866,0.15472563630642275,0.5030841612360331,0.2926139580798782,0.017608428355678038,0.34605710550801605,-0.13053572799196597,95,0.7717516447368421,0.9378762853641643
298,3,1.0,0.00010000000000000002,0.8572,0.0007999999999999119,3,0.125,0.04532083432153425,0.001099624768564953,0.036949794687827595,0.6748601858304325,0.1466033471907123,0.01107008572753361,0.18021647614228206,-0.5436859212165824,0.24688438726191667,0.014856591509726317,0.3346985752984512,-0.382712887064989,95,0.7387746710526316,0.938220070128569
298,3,1.0,0.00010000000000000002,0.8572,0.0007999999999999119,5,0.125,0.039809917043598875,0.0009659127302265305,0.03797638604521861,0.3072558468014911,0.3458147484962095,0.026112629657210448,0.3846252435236764,-0.7135572932472424,0.4786259813979737,0.028801945600666325,0.5376969655380416,-0.25964786761783915,95,0.7294819078947369,0.9317964038103828
298,3,1.0,0.00010000000000000002,0.8572,0.0007999999999999119,12,0.125,0.0403147759590915,0.0009781621818621272,0.04447111729603914,-0.10928890280389637,0.19086531488519107,0.014412327130861166,0.15200474564250505,0.8077755040293049,0.5209600752876785,0.03134945517317935,0.44254397294774245,0.6263563353811064,95,0.7286184210526315,0.9212189616252822
299,3,1.0,0.00010000000000000002,0.8564,-0.0007999999999999119,13,0.125,0.051349377553505354,0.0012458986306521345,0.04496397244788757,0.5243542116546677,0.2890649991694996,0.021855119007928785,0.12763249819824693,0.9445995971702368,0.6578941341309071,0.039845051345121354,0.3730653684677268,0.8451724013245485,95,0.7295230263157895,0.927854807800699
299,3,1.0,0.00010000000000000002,0.8564,-0.0007999999999999119,8,0.125,0.042709602469384586,0.0010362703068183693,0.042547665890065776,0.20227855185816554,0.22982014830848546,0.017375838327478018,0.4095607162563298,-0.9238815239885008,0.25543283397521493,0.015470170437706229,0.6464023939852147,-0.755261739430197,95,0.71484375,0.9190106413574921
299,3,1.0,0.00010000000000000002,0.8564,-0.0007999999999999119,11,0.125,0.038926187971780817,0.0009444726810955977,0.041181786910017316,0.06996197815190443,0.35435953794574887,0.026791793872138075,0.517682930491974,-0.805948679761276,0.7163260656394401,0.043383954020135694,1.102240083630715,-0.8343199966902884,95,0.7699835526315789,0.948360568193955
299,3,1.0,0.00010000000000000002,0.8564,-0.0007999999999999119,1,0.125,0.049941989669980924,0.0012117509404478586,0.04164744993772451,0.6272529261957084,0.815643011526776,0.06166770496641991,0.6408441774221395,0.9466170874878723,1.8248637383784774,0.1105220210689284,1.4387375788127796,0.9185182961527538,95,0.6329769736842106,0.8837209302325582
299,3,1.0,0.00010000000000000002,0.8564,-0.0007999999999999119,3,0.125,0.04203080233811506,0.0010198004644497063,0.0429613146238291,0.13832235604892615,0.22270478530809054,0.01683787245265739,0.19423927089753762,0.5633423924565212,0.5672236044362159,0.034353633009332606,0.8991266465197089,-0.6140936250763834,95,0.7421875,0.9358448753462604
299,3,1.0,0.00010000000000000002,0.8564,-0.0007999999999999119,2,0.125,0.05414165115024896,0.0013136480370975,0.050389014043287765,0.3721817719373329,0.1787481044904766,0.013514472894694379,0.15509833433750972,0.6426595660857,0.7726650475161401,0.04679609817699832,0.4791027593936111,0.8303635560165256,95,0.707360197368421,0.9255362436784281
299,3,1.0,0.00010000000000000002,0.8564,-0.0007999999999999119,6,0.125,0.056576768777696566,0.0013727317078655159,0.050057282395055504,0.519022688679936,0.3253983995701549,0.024602150962681035,0.16175204218669925,0.9410735929774104,1.035902913116266,0.06273897671424658,0.6622338467378672,0.9181471926054556,95,0.6495888157894737,0.9068236485631093
299,3,1.0,0.00010000000000000002,0.8564,-0.0007999999999999119,9,0.125,0.039865534830753335,0.0009672642127764204,0.0405416898235491,0.16469467981770272,0.4185747410769719,0.03164686422165579,0.2396077472201436,0.9739079445636574,0.8690164443780549,0.05263157558281032,0.5299912072507028,0.880765277623225,95,0.7232730263157895,0.9220011370096646
300,3,1.0,0.00010000000000000002,0.8559,-0.000500000000000056,15,0.125,0.04225322204608889,0.0010251995085316162,0.03635494890820013,0.5777050147922856,0.7112695296153475,0.05362859785122862,0.6305773736998459,0.9500044753818799,1.0029416104976525,0.061272983227207936,1.0422591383140014,-0.11849987608681715,95,0.6650904605263158,0.8862442040185471
300,3,1.0,0.00010000000000000002,0.8559,-0.000500000000000056,17,0.125,0.05158885372811421,0.0012517120571321665,0.05185723884990969,0.10430893684295076,0.316799658062796,0.02388619328434371,0.248533439512503,0.847120840567976,0.4016323471484127,0.024537033674490713,0.3026349348599455,0.6949825144642121,95,0.7159950657894737,0.9249985642910469
300,3,1.0,0.00010000000000000002,0.8559,-0.000500000000000056,11,0.125,0.03975029014650331,0.0009644703042464544,0.03822105047015923,0.2785729844123274,0.5092289594558571,0.03839505833411213,0.5845441756405833,-0.8616574752614116,1.008037382898817,0.06158430062953537,0.9247831460936149,0.5167159880668077,95,0.7696957236842106,0.9455633313745392
300,3,1.0,0.00010000000000000002,0.8559,-0.000500000000000056,1,0.125,0.0460932061744876,0.0011183699142561655,0.04090984464072253,0.5189211130280094,0.6338213483080783,0.04778912744416262,0.5587248550524022,0.8934325758764408,1.4517266097694592,0.08869072663837166,1.4884439457695398,-0.13215993789836256,95,0.6358552631578948,0.8860579410243146
300,3,1.0,0.00010000000000000002,0.8559,-0.000500000000000056,16,0.125,0.05250414748508994,0.001273920037124557,0.05244952866635461,0.1271939929295642,0.428475877227082,0.032306403623377944,0.4990700473605515,-0.7935087783229058,0.7533987385276246,0.046027593018398164,0.7425798778220347,0.18212573780019764,95,0.7187911184210526,0.9265488244379612
300,3,1.0,0.00010000000000000002,0.8559,-0.000500000000000056,8,0.125,0.04280524627235793,0.0010385933975195676,0.039309041310289186,0.4105324470055447,0.35325289658492515,0.02663470982790407,0.416405701589271,-0.6832641791194345,0.6096143649303272,0.0372433353711456,0.48855479474856733,0.7327930950728543,95,0.7123766447368421,0.9215007215007215
300,3,1.0,0.00010000000000000002,0.8559,-0.000500000000000056,9,0.125,0.039182371545382795,0.0009506907664370151,0.043061837942045586,-0.15054265323221422,0.27119958104637754,0.020448019581582873,0.22008301312990775,0.6989908807953585,0.43992165547148493,0.026876252749763577,0.5181220134943801,-0.23705993006628218,95,0.7252467105263158,0.9198321805193332
300,3,1.0,0.00010000000000000002,0.8559,-0.000500000000000056,3,0.125,0.04217816962026457,0.001023378494503733,0.037749187093586684,0.4780622003790483,0.19134982078321633,0.014427473918694846,0.20775232067146793,0.023518217191085312,0.8587437501098619,0.05246346431956556,0.7545169998877876,0.6288639369748441,95,0.7410361842105263,0.9374098324270336
