round,phase,gate,lr,acc,delta_acc,client,fedavg_weight,params_update_norm,params_update_relative,params_distance_to_fused,params_cos_to_fused,bn_mean_update_norm,bn_mean_update_relative,bn_mean_distance_to_fused,bn_mean_cos_to_fused,bn_var_update_norm,bn_var_update_relative,bn_var_distance_to_fused,bn_var_cos_to_fused,local_steps,a_ratio,a_prec
1,1,0.0,0.14999588770241343,0.1,nan,1,0.125,14.33662857837709,0.2558972812762775,12.742755952653539,0.4612192693906043,43.82207926963713,nan,30.45873107614263,0.7194009405690508,105.43573892027214,3.1955507100218923,82.71787557611005,0.8199510074796976,95,0.03248355263157895,0.6708860759493671
1,1,0.0,0.14999588770241343,0.1,nan,17,0.125,14.945639203878088,0.2667676307787483,12.717252099523824,0.526415621235981,43.65612174238083,nan,31.401899883950815,0.6965631370331175,142.0873516949139,4.306389296869742,79.26434891935948,0.8454302098755686,95,0.0900904605263158,0.2601551802829758
1,1,0.0,0.14999588770241343,0.1,nan,2,0.125,14.887837082446204,0.26573590943327596,13.125613582208178,0.4724493481116873,46.50300305054492,nan,36.15219327914464,0.6327574914716039,220.23750688355003,6.674967413348908,137.01562683129845,0.7966480331550357,95,0.038116776315789476,0.24919093851132687
1,1,0.0,0.14999588770241343,0.1,nan,5,0.125,14.406257093253227,0.2571400942262469,12.244778059691082,0.5270882287464429,43.01643669374749,nan,29.399769220622492,0.7305331893210556,109.21173611937215,3.3099937883764623,79.59406812445194,0.833778440919649,95,0.060485197368421055,0.38613188307273966
1,1,0.0,0.14999588770241343,0.1,nan,11,0.125,14.530094349410355,0.2593504895781302,12.487790153364822,0.511251908220364,51.13536028709396,nan,33.57687253301421,0.7647667821799747,190.81983037666717,5.783375264316324,101.27940545884205,0.8539346555022063,95,0.041036184210526315,0.6703406813627254
1,1,0.0,0.14999588770241343,0.1,nan,0,0.125,15.867446873039427,0.28322115575558854,13.739031541228178,0.5017032725926925,53.724489379097726,nan,40.68355667378755,0.6548293790654609,388.3052340987258,11.768770999629446,295.0131557305529,0.7581106535294901,95,0.046875,0.7526315789473684
1,1,0.0,0.14999588770241343,0.1,nan,18,0.125,13.890533009466544,0.2479348344116238,12.056731088485304,0.49764802947741676,43.37025825392475,nan,29.89980046851614,0.7248962248873879,130.99463123410138,3.970190669083501,87.58641009359971,0.7991166514018458,95,0.04847861842105263,0.4775233248515691
1,1,0.0,0.14999588770241343,0.1,nan,6,0.125,14.638479707369703,0.2612850809836567,12.580152999845499,0.5113921405715959,45.98457072382945,nan,32.47992324355186,0.7078926682811358,132.06669339523162,4.002682773139203,81.89434405834882,0.8256330563189211,95,0.07360197368421052,0.5078212290502794
2,1,0.0,0.14998355126061338,0.2229,0.12289999999999998,18,0.125,11.190450500596977,0.20092343613993227,10.043849719575519,0.4544956293773616,20.87931281304088,0.6398244562342741,19.30448972199325,0.44108161316359684,91.666972521543,0.536462558916625,48.10449706776501,0.8519000877747368,95,0.08651315789473685,0.5465779467680608
2,1,0.0,0.14998355126061338,0.2229,0.12289999999999998,7,0.125,12.092698314454584,0.21712320673901062,10.265343558408073,0.5286079086096254,28.862206745430655,0.8844517969519733,24.486134150024164,0.5319429884749465,106.05668807026068,0.6206754811175107,77.26977498994468,0.6853251948728436,95,0.03149671052631579,0.5809399477806788
2,1,0.0,0.14998355126061338,0.2229,0.12289999999999998,15,0.125,12.276545637812495,0.22042416731537257,10.348227736498007,0.538556182542241,32.37057027387134,0.9919618863383775,27.812780278458753,0.5198453459895263,159.90839476202805,0.9358317863735138,142.09892320156658,0.4587484102123804,95,0.023355263157894737,0.24471830985915494
2,1,0.0,0.14998355126061338,0.2229,0.12289999999999998,14,0.125,12.205758654964123,0.21915319401299171,10.803585289169742,0.4680055425519294,27.15318988997972,0.8320807831151991,24.198885042232458,0.45673670459888,93.39705013094371,0.5465874908952102,55.61217391123781,0.8034011099457867,95,0.14921875,0.42325709561862773
2,1,0.0,0.14998355126061338,0.2229,0.12289999999999998,17,0.125,11.359438702701663,0.20395760265826604,10.090188506322164,0.4677794163312941,22.928006238934486,0.7026044992821661,21.520417991317146,0.40054006878384407,90.36758795130422,0.528858171508682,47.12196090606707,0.8536050766417382,95,0.14720394736842105,0.28324022346368716
2,1,0.0,0.14998355126061338,0.2229,0.12289999999999998,3,0.125,12.675570703824299,0.2275886230595607,10.544217118591115,0.5581946186399791,28.527419527734665,0.8741925967841051,24.151667787363674,0.5344579838952206,86.44626094320421,0.5059093922128476,45.32165373631825,0.8517014056128952,95,0.14469572368421052,0.40011366865586817
2,1,0.0,0.14998355126061338,0.2229,0.12289999999999998,1,0.125,13.48324629879639,0.24209035878677737,11.268995116471315,0.5559668825364262,30.18903521924147,0.9251110520900028,25.07916196660091,0.5671095444788086,92.79577019097805,0.5430686207247852,46.839601795169955,0.8651178307068095,95,0.06422697368421053,0.6350832266325224
2,1,0.0,0.14998355126061338,0.2229,0.12289999999999998,10,0.125,12.441493868962892,0.2233857965532816,10.390857855294492,0.5517237403991919,30.28149512263723,0.9279443880308637,26.089907126490516,0.5103842312846996,91.16631359016563,0.5335325530041023,58.68291271303503,0.7673023665039188,95,0.0884046052631579,0.7679069767441861
3,1,0.0,0.14996299202742988,0.3347,0.11180000000000001,8,0.125,10.96657965924843,0.1967131357356254,10.111962725816968,0.41182992309309585,24.438736587790647,0.6773907135498451,24.17731717981735,0.3485070202904632,55.377383333834295,0.44139815377860303,46.75304566689776,0.5727598171674885,95,0.24054276315789475,0.33076923076923076
3,1,0.0,0.14996299202742988,0.3347,0.11180000000000001,2,0.125,12.742954361910073,0.22857687528429332,10.526134109822086,0.5717677963079603,30.42174202450869,0.8432271227845104,21.68572083296292,0.7274647472676528,67.8321225601776,0.5406715135753458,44.46293501643189,0.7670977223866946,95,0.1079358552631579,0.32571428571428573
3,1,0.0,0.14996299202742988,0.3347,0.11180000000000001,6,0.125,10.81054276400077,0.19391422231791886,9.631728978679048,0.4642034169721811,25.44557939365923,0.7052982923336265,21.947417227036816,0.5197987311009252,51.24914032294641,0.40849304462293057,41.5277341241242,0.6236979082085533,95,0.13540296052631579,0.49286365016702094
3,1,0.0,0.14996299202742988,0.3347,0.11180000000000001,1,0.125,11.979484843130146,0.2148821329175506,10.734280806531892,0.44773447776345987,24.791103399999095,0.6871575853149107,22.90205546839029,0.4395870979018122,49.70997035183615,0.3962247368283215,41.13193332560433,0.6142521654500412,95,0.12113486842105263,0.654786150712831
3,1,0.0,0.14996299202742988,0.3347,0.11180000000000001,17,0.125,12.176544466336258,0.21841689194107752,9.924936931874408,0.586035764339417,32.78328484344259,0.9086841552890195,24.68403654616488,0.6846622915359292,79.95353913962839,0.637288048652437,55.84894984745213,0.7454215009372839,95,0.15731907894736843,0.3374281233664401
3,1,0.0,0.14996299202742988,0.3347,0.11180000000000001,4,0.125,12.626192738207523,0.2264824624549713,10.44775258921288,0.5684416876638353,29.87611666515566,0.8281035279057274,22.879735245128813,0.6520760156928418,77.62656418580752,0.6187403602881508,54.968581167521684,0.7273673783393045,95,0.12088815789473684,0.5149659863945578
3,1,0.0,0.14996299202742988,0.3347,0.11180000000000001,5,0.125,11.42449447342882,0.20492698743744164,10.208530276600646,0.45519817922860856,25.214564148428586,0.6988950324414659,22.3788833444116,0.4869461036600603,50.394452190777365,0.40168055654775997,41.58122078021686,0.613159989017677,95,0.10941611842105263,0.44983089064261556
3,1,0.0,0.14996299202742988,0.3347,0.11180000000000001,11,0.125,11.910369563809681,0.2136423768819569,9.816282141758148,0.5695787821631852,31.77083059968367,0.880621039172,24.28239399724404,0.6622359021440853,71.90883688136462,0.5731659014738676,52.12140364784765,0.6960596777310333,95,0.1472861842105263,0.7934115019542155
4,1,0.0,0.14993421225741435,0.3128,-0.021899999999999975,6,0.125,11.21358337780813,0.20050567759194043,9.449176656895244,0.5385557464342275,23.529210437526483,0.5877441343011265,20.313121023802182,0.5117704228111108,43.23031559015263,0.33728519320663836,34.09614592320225,0.6647673284467877,95,0.18589638157894736,0.5032072550320725
4,1,0.0,0.14993421225741435,0.3128,-0.021899999999999975,16,0.125,12.133907754159269,0.21696163609043911,9.479175206249332,0.6377337423957756,28.136503317330313,0.7028312670505208,21.699737518083918,0.6555041874828309,101.66540980984195,0.7931988680174135,78.83953002957918,0.7058796582977699,95,0.18618421052631579,0.33458480565371024
4,1,0.0,0.14993421225741435,0.3128,-0.021899999999999975,14,0.125,11.224779585445052,0.20070587258073805,10.028393159159359,0.45820496592198307,22.74542533824914,0.5681657002573656,19.340154847438985,0.5330250337288054,48.155386358082936,0.3757108540615439,37.643953224061484,0.6479603531002809,95,0.2625,0.4642857142857143
4,1,0.0,0.14993421225741435,0.3128,-0.021899999999999975,19,0.125,10.860986033274974,0.19420102304033196,9.64963549017502,0.46920457952650685,21.34523279174311,0.5331898153552289,20.282906644146752,0.40268034683180937,43.13363187991636,0.33653086182039227,38.711117402486344,0.5656414963836627,95,0.14296875,0.5565142364106989
4,1,0.0,0.14993421225741435,0.3128,-0.021899999999999975,0,0.125,11.112142487459066,0.19869185289650712,9.876510355704953,0.46655700833275227,24.335535569993276,0.6078856034849414,21.644863095997692,0.4695241825162345,52.344535419728714,0.40839481510462394,39.48011794240232,0.6633749220539563,95,0.17705592105263157,0.7944728286112401
4,1,0.0,0.14993421225741435,0.3128,-0.021899999999999975,10,0.125,12.702265171377984,0.22712421171094685,10.609025380371294,0.5543320747493996,27.68183162969184,0.6914738686307207,22.817470973573965,0.5696144549774423,72.6359569956399,0.5667095521875876,57.2812710686678,0.6192187392092208,95,0.16788651315789474,0.7732059759980406
4,1,0.0,0.14993421225741435,0.3128,-0.021899999999999975,8,0.125,12.122967023288727,0.21676600918130226,9.902868643128711,0.5815136806540484,29.43926415067801,0.735373372117343,23.121169713215465,0.6401620482237838,66.3141485590478,0.5173864706684457,47.90634219007228,0.6987201811592871,95,0.2770559210526316,0.327842089640843
4,1,0.0,0.14993421225741435,0.3128,-0.021899999999999975,12,0.125,11.570170874658688,0.2068816784890605,9.920593655261884,0.5148899889727662,26.11743467976806,0.6523962661978814,21.346401990852364,0.5775617500334015,49.28370552038657,0.3845140594386294,34.73450687470874,0.7150919412763556,95,0.1435032894736842,0.4487106017191977
5,1,0.0,0.149897215106593,0.2616,-0.05120000000000002,7,0.125,13.151085749344565,0.23419924678934254,10.485648180349143,0.6209545405583285,34.73507463996527,0.848866376620614,24.188208237062998,0.7473200857295718,208.17481421466664,1.63232022227504,138.81282450711345,0.851244665944643,95,0.10275493421052631,0.5054021608643458
5,1,0.0,0.149897215106593,0.2616,-0.05120000000000002,6,0.125,9.861993719596294,0.17562591750919043,9.482250728694487,0.3763216675371024,21.681506398882988,0.5298592839446641,22.78440840323346,0.3713240589796747,41.11006558092079,0.3223482708027911,96.00685776165352,0.1137976442790718,95,0.22393092105263157,0.5229526257803893
5,1,0.0,0.149897215106593,0.2616,-0.05120000000000002,1,0.125,12.819526362769388,0.22829471844226573,10.808025590137966,0.540387985215679,31.412374801112602,0.7676652218213226,24.012811444638306,0.646688074330779,79.63685556687054,0.6244408108185112,67.80980494571959,0.6944609643544638,95,0.13745888157894737,0.6643733173795991
5,1,0.0,0.149897215106593,0.2616,-0.05120000000000002,8,0.125,8.94008889196989,0.15920830603917754,9.22302330628183,0.3033472477674634,17.91088178886082,0.4377116066046152,23.210277395763583,0.19767902866645903,42.71353362588121,0.33492122937818214,101.75386206921229,-0.018589366766490045,95,0.3794407894736842,0.3241222366710013
5,1,0.0,0.149897215106593,0.2616,-0.05120000000000002,11,0.125,12.218901396299417,0.21759857384772896,10.15363921706309,0.5582929160136919,37.00176301468689,0.9042604003134311,26.733894523732143,0.7253399493732859,106.32560894136226,0.8337100829196546,66.11536997015907,0.7866934065154133,95,0.2196546052631579,0.7961437663796331
5,1,0.0,0.149897215106593,0.2616,-0.05120000000000002,2,0.125,15.098603335403853,0.26888133771760037,11.87383143235416,0.6679751183442465,39.68792848725537,0.969905733606571,27.566737433226173,0.784440705251723,312.71946691094325,2.452065643307966,232.68539983673946,0.9086253291997759,95,0.11167763157894736,0.3486745213549337
5,1,0.0,0.149897215106593,0.2616,-0.05120000000000002,18,0.125,11.955171897706718,0.2129019844479055,10.045099631667135,0.5426018989509144,32.036579128595655,0.7829197180685192,24.00302917250518,0.667496634765743,140.64294767171273,1.1027958808128127,93.3157784022741,0.7554286836059172,95,0.10711348684210527,0.581573896353167
5,1,0.0,0.149897215106593,0.2616,-0.05120000000000002,10,0.125,11.18369293773969,0.19916321072368212,10.042875236098492,0.4525878521225047,25.207296456267514,0.6160236196128365,22.71489284209818,0.49789689199698234,49.93579834355502,0.3915517530741265,82.66806975803094,0.4421782873271237,95,0.21796875,0.7585361252593851
6,1,0.0,0.14985200463212037,0.4375,0.1759,19,0.125,11.319844882803189,0.20100228444303886,9.600395042893586,0.5330542917198579,23.7182751483547,0.5421560061894793,18.095551509585984,0.652468026657347,96.21786124774341,0.5388396607682893,29.863554112414892,0.9506945821419697,95,0.19136513157894736,0.6024924795874517
6,1,0.0,0.14985200463212037,0.4375,0.1759,0,0.125,11.570228831965645,0.20544825930316965,9.422358274382928,0.5948739721057716,27.215592371834322,0.6220982248541835,20.973789227563625,0.6587926847737774,104.06968437732569,0.5828114728278299,51.22412860714979,0.8704814731635895,95,0.23511513157894737,0.8149702693249388
6,1,0.0,0.14985200463212037,0.4375,0.1759,14,0.125,11.604334222345207,0.20605385606258533,9.555678842272352,0.5791701123958446,22.721408472314483,0.519369473340659,17.714348648871855,0.627415991131504,92.48737608996315,0.5179481825037316,32.31589375628484,0.9377585546408441,95,0.30542763157894737,0.4970382337102854
6,1,0.0,0.14985200463212037,0.4375,0.1759,9,0.125,10.596227575449381,0.18815328047288749,8.954805141365354,0.5353743556194034,22.66062792813544,0.5179801422497587,16.522570949899137,0.6918262001476195,97.82849703986841,0.5478595499301911,22.951468362124434,0.9734006400322827,95,0.23067434210526316,0.379144385026738
6,1,0.0,0.14985200463212037,0.4375,0.1759,2,0.125,9.937789997943486,0.1764616487754528,9.47226524337636,0.3548938016384245,19.020575417670386,0.4347752582921402,16.92595618581992,0.4996888740934239,91.82906632042572,0.514261513435245,28.076176305519606,0.9526050876262584,95,0.24029605263157894,0.35626283367556466
6,1,0.0,0.14985200463212037,0.4375,0.1759,1,0.125,10.00790904984131,0.1777067267566762,9.64578352030722,0.33456103143032756,18.73819964493198,0.4283206691521225,17.572609751222622,0.4414775491928461,91.89695513242648,0.514641704638355,28.02374722038061,0.9528302535276525,95,0.2325657894736842,0.6852899575671852
6,1,0.0,0.14985200463212037,0.4375,0.1759,18,0.125,10.078694026736786,0.17896362932093776,9.40607511974941,0.38752088638106497,20.160607713241472,0.46083429304183693,18.440907632168344,0.45491790679682764,94.36520633873391,0.5284644151564483,26.180445019302997,0.9607519393611235,95,0.20670230263157896,0.6069226178635369
6,1,0.0,0.14985200463212037,0.4375,0.1759,4,0.125,11.624624925093455,0.20641415054078516,9.490207368312626,0.5919182407450915,24.39216657450276,0.5575599207625468,18.0318852313462,0.6876263326709534,97.19912343349083,0.544334929281185,29.74131108650545,0.9523256201401918,95,0.2615953947368421,0.4795661741590695
7,1,0.0,0.14979858579183433,0.3511,-0.08639999999999998,7,0.125,10.675858057859333,0.18884563688464254,9.743078015357154,0.4161165938218218,19.71486591841108,0.4755049644299111,17.605054916060833,0.471667778175158,33.739475460573,0.27231565722020507,26.39282333113507,0.6455997632029054,95,0.2384046052631579,0.6181441876509141
7,1,0.0,0.14979858579183433,0.3511,-0.08639999999999998,17,0.125,9.530250105249506,0.1685809366368299,8.819613777286362,0.406367258448837,17.14123944893189,0.41343139173151716,16.196391761585524,0.4284113382980583,30.471646278435756,0.2459405864975746,27.785372577845504,0.5446158992226269,95,0.2765625,0.36678560808801663
7,1,0.0,0.14979858579183433,0.3511,-0.08639999999999998,3,0.125,9.937175722516283,0.1757790585059052,8.800173112741144,0.46859870262966513,20.84198941231571,0.5026901768018973,16.792249325792802,0.5924736621551139,34.050113163910495,0.2748228541812419,24.657499538703522,0.6982584060750003,95,0.3296875,0.49189324020952857
7,1,0.0,0.14979858579183433,0.3511,-0.08639999999999998,18,0.125,10.696597153819022,0.18921249149845373,9.02728155908061,0.5383625087640227,22.634511242899908,0.5459242029839264,17.478240449414248,0.6450802726905042,44.73258189670504,0.36104243685094345,32.71172312168969,0.6857711100917815,95,0.23766447368421054,0.6415224913494809
7,1,0.0,0.14979858579183433,0.3511,-0.08639999999999998,13,0.125,11.511440223087295,0.2036262798368741,9.69335257247892,0.5466106666919486,23.899011865100256,0.576422829039479,19.136031116755497,0.6077324267701031,43.910644167536326,0.3544084714481849,29.594438590246952,0.7488613306886504,95,0.2459703947368421,0.436308926780341
7,1,0.0,0.14979858579183433,0.3511,-0.08639999999999998,15,0.125,13.866376712478253,0.24528283603607598,11.57746982801995,0.5884219598421333,27.729993313813956,0.6688226812647521,21.90294242805639,0.649516732578726,54.63095470490061,0.4409334802023508,40.22471948690259,0.706480453893495,95,0.16159539473684212,0.36793893129770994
7,1,0.0,0.14979858579183433,0.3511,-0.08639999999999998,14,0.125,8.777711460468918,0.15526925350244478,8.791082259038449,0.297779138102377,15.745156654582576,0.37975912116089466,16.44621423475854,0.3242587165968497,30.311699951256706,0.24464963906548964,28.222346996708286,0.5269779297948871,95,0.3824013157894737,0.5492473118279569
7,1,0.0,0.14979858579183433,0.3511,-0.08639999999999998,5,0.125,11.136171571645887,0.1969881391740613,9.193372867842795,0.5730700278803149,23.84934666522872,0.5752249487598944,18.509707518501852,0.6458049434528005,53.9804752901441,0.4356833769651316,38.544207081107416,0.73578330738777,95,0.17796052631578949,0.541358595194085
8,1,0.0,0.1497369644437128,0.4971,0.14599999999999996,2,0.125,11.429020214289402,0.20155455997320912,9.99319973599784,0.48957243379077203,20.97179184502801,0.5073416019718545,16.989628099367508,0.588858444432107,36.10919939617285,0.29363792027419994,27.38581704447357,0.65194159910063,95,0.26258223684210524,0.3517068587535233
8,1,0.0,0.1497369644437128,0.4971,0.14599999999999996,13,0.125,9.520604473123573,0.16789901577566654,8.717839432982931,0.4133343463402925,17.07510398493666,0.41307441317216603,15.402659443949235,0.4698433691483029,30.42303001814834,0.24739831988397573,22.032730549055458,0.6961444401322451,95,0.3014391447368421,0.4500068203519302
8,1,0.0,0.1497369644437128,0.4971,0.14599999999999996,11,0.125,10.193102759137115,0.17975874596939992,8.860121876389261,0.4947602986310482,20.07339808981824,0.48560800236635904,16.03355460552901,0.6034127973354345,32.10971024954867,0.2611143059373384,23.109706564781117,0.6963414932117753,95,0.35526315789473684,0.850925925925926
8,1,0.0,0.1497369644437128,0.4971,0.14599999999999996,0,0.125,10.70760619804041,0.18883218466217624,9.36623454698843,0.4856944312370832,24.234625296346028,0.5862748262948632,19.820263519237272,0.5894078054984259,47.020547379550294,0.3823683707634075,39.397322072124304,0.5469730920289355,95,0.3495065789473684,0.8641176470588235
8,1,0.0,0.1497369644437128,0.4971,0.14599999999999996,3,0.125,9.2505628343044,0.1631367419616267,8.551276234201273,0.40098608624863513,16.134061189869378,0.390309064235771,14.974359656154755,0.44673968902867955,30.94826057832,0.2516694644103649,24.14209313415024,0.6406105292339928,95,0.3638980263157895,0.4914124293785311
8,1,0.0,0.1497369644437128,0.4971,0.14599999999999996,10,0.125,10.57972524732305,0.18657696170626906,9.87577180334425,0.36960513289283725,18.14464361606725,0.43894830863326484,16.609936934391325,0.43973750577901227,34.02375384905931,0.2766791977453251,24.940421326197352,0.6807338408126434,95,0.303125,0.7719750406945198
8,1,0.0,0.1497369644437128,0.4971,0.14599999999999996,19,0.125,12.076958413486766,0.21298116489475602,9.905009677023127,0.6081728089160621,26.592760360560032,0.6433219317584801,20.01231137747826,0.7256458373509628,52.97242463046108,0.4307686922025475,40.65720485797863,0.6792580433360254,95,0.25625,0.6556482670089859
8,1,0.0,0.1497369644437128,0.4971,0.14599999999999996,1,0.125,10.11758393904368,0.17842694654405655,9.283095740172277,0.4047101926118967,17.927457091512895,0.43369421493882315,16.16235197220201,0.4620949179645726,32.42020989397907,0.26363927108087704,25.005436174204927,0.644087925876737,95,0.2641858552631579,0.7106614785992218
9,1,0.0,0.14966714734523098,0.3836,-0.11349999999999999,15,0.125,11.133914101891957,0.1957482340004116,10.016634754877998,0.4374574408151142,17.74944571423183,0.4203786712387059,16.028667218123697,0.43534856546053613,27.861297423234966,0.23054510278308304,21.73373222417242,0.6258651602393768,95,0.23585526315789473,0.43357740585774057
9,1,0.0,0.14966714734523098,0.3836,-0.11349999999999999,17,0.125,9.622262544483267,0.16917149557053268,9.015847120272811,0.36592691302518626,16.98521039925438,0.4022784876388139,14.6955558508643,0.5021529980704219,26.9956182828244,0.22338182953807306,21.677898849751216,0.5991636759733927,95,0.3282072368421053,0.4004009020295665
9,1,0.0,0.14966714734523098,0.3836,-0.11349999999999999,11,0.125,8.840808788602661,0.15543255423626967,8.222613546215577,0.38893693722318723,16.158587319824356,0.3827007094174121,14.268250025683809,0.47611739106751155,26.845112163515218,0.22213642993522895,20.151053527988235,0.6607221622459153,95,0.4295230263157895,0.8592762780011488
9,1,0.0,0.14966714734523098,0.3836,-0.11349999999999999,16,0.125,9.93582212522071,0.17468426795422065,8.904645848762504,0.443899069312406,15.824282614477506,0.3747830217281637,14.225207640100852,0.452892945241859,24.820146378708515,0.20538035652275533,19.3359977061629,0.6328585945634978,95,0.3350328947368421,0.32535591556210114
9,1,0.0,0.14966714734523098,0.3836,-0.11349999999999999,1,0.125,9.388718001207783,0.1650654883310085,8.633776131499477,0.4018866076728065,15.720298167507964,0.3723202494055611,14.851899858667256,0.37978133227097144,27.16006745803964,0.22474260435866608,22.474327267145284,0.5684481851180454,95,0.3161184210526316,0.7180020811654526
9,1,0.0,0.14966714734523098,0.3836,-0.11349999999999999,18,0.125,11.614163171286114,0.20419161755393414,9.683049127418391,0.584274918038291,20.884757988403784,0.49463554826771655,16.383635275086927,0.6620557859265286,37.029872476437376,0.3064127138962748,31.447937699101747,0.5301772990667625,95,0.2878289473684211,0.6845714285714286
9,1,0.0,0.14966714734523098,0.3836,-0.11349999999999999,8,0.125,10.359824803884711,0.18213876911170834,8.800468606569346,0.5361490957472458,20.34038289735495,0.48174254410775746,16.283310328816,0.627349510772976,37.60162606020213,0.3111438284144994,30.78773460983997,0.5845267671060745,95,0.4326069078947368,0.34711529322307766
9,1,0.0,0.14966714734523098,0.3836,-0.11349999999999999,3,0.125,8.836653850901408,0.15535950519799266,7.791155946784713,0.4738001196018584,15.459662283138762,0.36614733738834815,13.119148407935434,0.5313739341556724,25.537748699616365,0.21131833199884031,17.456354960177624,0.7305950594967396,95,0.3888157894736842,0.4856175972927242
10,1,0.0,0.1495891421526205,0.479,0.09539999999999998,16,0.125,9.652208104729564,0.1693827303474928,8.666868614195852,0.44124987471953464,14.47281854748412,0.3470717456646633,12.658811418228183,0.48475883983196755,21.149006551631935,0.17768205166326628,17.78304656182546,0.5644670187138063,95,0.3917763157894737,0.3281905961376994
10,1,0.0,0.1495891421526205,0.479,0.09539999999999998,4,0.125,12.061119071601178,0.21165574314472,10.255562665948231,0.5859249301571654,19.42042731822375,0.46572003848285165,16.10693860362619,0.6151665825822134,33.29312437275992,0.2797100956203453,29.935321338971303,0.43820932728545053,95,0.33314144736842105,0.5119723525055542
10,1,0.0,0.1495891421526205,0.479,0.09539999999999998,12,0.125,9.924299206244477,0.1741575480034932,8.565838288075563,0.5190497675234917,15.237888046933223,0.3654188289129881,12.623689587159499,0.5719924307469735,24.003009337394346,0.20165977700884818,17.282730224666377,0.6963621481759823,95,0.3109786184210526,0.4659526642866587
10,1,0.0,0.1495891421526205,0.479,0.09539999999999998,11,0.125,8.94325619216936,0.15694161746103488,7.804609166945476,0.4906174561486976,16.058192999113558,0.38509051005764594,13.068270374713432,0.6066508961015153,23.026961271285117,0.19345957041829942,15.944516890220234,0.7238409437366881,95,0.42578125,0.8565910188314824
10,1,0.0,0.1495891421526205,0.479,0.09539999999999998,8,0.125,7.9028996486706475,0.13868481757020523,7.848618012995242,0.2642562187242654,12.933355741213088,0.31015398553346973,12.26415285862103,0.36238540715842693,21.796476093550343,0.18312172639771193,15.422851783106138,0.706637548562379,95,0.4939967105263158,0.34326618944564674
10,1,0.0,0.1495891421526205,0.479,0.09539999999999998,18,0.125,8.40434596670091,0.14748449796966165,8.18522817890839,0.29024576862747187,11.940719302274744,0.28634963391098806,12.156985523346604,0.2594432587823967,25.253100863699057,0.21216234253685146,18.713935078729822,0.6748829386638042,95,0.3463404605263158,0.706399145197673
10,1,0.0,0.1495891421526205,0.479,0.09539999999999998,1,0.125,9.35782276030232,0.16421667996064498,8.941409535325118,0.31442808952931967,14.841663504193106,0.35591699322888765,14.153178689786488,0.33082702903966216,24.787594823793604,0.20825142274824981,20.99143134263251,0.5378670449459187,95,0.3291118421052632,0.7137681159420289
10,1,0.0,0.1495891421526205,0.479,0.09539999999999998,3,0.125,8.05868119751261,0.1414185655161994,7.35351132589892,0.4159973520630948,12.547676459413388,0.30090503508461713,11.398386457952157,0.4346700292636682,22.7867484732575,0.1914414376665259,15.355877053249282,0.7420952677485889,95,0.4291529605263158,0.49592794864424644
11,1,0.0,0.14950295742002973,0.5396,0.06059999999999999,6,0.125,10.042424758985973,0.1760067072640059,8.982474517766173,0.4485557268842068,15.877206663519244,0.3871427685666613,13.630906015466591,0.5175260469512559,19.091023797718847,0.1658162121089184,17.707152935332854,0.434683412721894,95,0.2919819078947368,0.5718912829178989
11,1,0.0,0.14950295742002973,0.5396,0.06059999999999999,17,0.125,10.091108262661422,0.17685994972144367,8.744348986668053,0.508495824336745,16.892926271871048,0.4119096252057624,14.2024894735464,0.5587791450710634,23.48115669685546,0.20394697008725998,19.990424115643094,0.5246950730984244,95,0.35649671052631576,0.40657439446366783
11,1,0.0,0.14950295742002973,0.5396,0.06059999999999999,5,0.125,10.194328191121224,0.17866901477975838,8.880864030332782,0.499656747313475,15.646597419229181,0.38151969498806676,13.313657441759194,0.5309024169218741,20.629530912555936,0.17917900630937342,15.929677430301899,0.6360424151574069,95,0.3098273026315789,0.6221632382216323
11,1,0.0,0.14950295742002973,0.5396,0.06059999999999999,2,0.125,11.418281714823456,0.20012041070465644,9.752244666182467,0.5539009719574621,18.603189803096484,0.45361193295354413,15.340541217515565,0.6098491394219757,28.414450846242588,0.24679538710972507,24.45415262000256,0.5145001840678906,95,0.3548108552631579,0.38776219724185884
11,1,0.0,0.14950295742002973,0.5396,0.06059999999999999,3,0.125,7.248233029159792,0.12703482072923622,7.4350616084936325,0.24066325527242813,10.520830142846105,0.25653525808665223,10.860003377527427,0.28924045324683156,19.94030825423197,0.17319272229894886,15.479214717663849,0.6303937825789127,95,0.4514391447368421,0.5107933327261135
11,1,0.0,0.14950295742002973,0.5396,0.06059999999999999,9,0.125,10.26562024788695,0.1799185018774024,9.01096706387966,0.48598559151129145,15.48012110248177,0.3774604102831281,13.157135970196238,0.5318913090728172,22.24287960554799,0.19319184144683643,15.592013897274388,0.7330427439750511,95,0.3627467105263158,0.43255497619587396
11,1,0.0,0.14950295742002973,0.5396,0.06059999999999999,12,0.125,9.054520887344392,0.15869239207479707,8.582162787212017,0.34001450228634755,13.218984858662328,0.32232586652550166,12.42241001029411,0.37751364409064947,21.32875485018622,0.18525215702052544,16.06446290758407,0.6619959190998564,95,0.35764802631578946,0.4826396872844332
11,1,0.0,0.14950295742002973,0.5396,0.06059999999999999,16,0.125,8.406772076890647,0.14733974189336296,8.278671856554167,0.27744786471195665,11.747787517367575,0.28645284276966454,11.913770282286507,0.27894159476115465,17.933222669615482,0.1557600621888459,15.971324919949451,0.49743290565506665,95,0.4136513157894737,0.34920477137176936
12,1,0.0,0.14940860259858588,0.4563,-0.08329999999999999,6,0.125,8.841680627902958,0.15487947458405443,8.176854183478305,0.38437839708211136,12.980606433852312,0.3191253017385448,11.534346667066563,0.4598049151728538,18.19990274043936,0.15783864370493847,13.89478092618311,0.6468743904779852,95,0.33589638157894736,0.5867303219488309
12,1,0.0,0.14940860259858588,0.4563,-0.08329999999999999,4,0.125,10.179132701686596,0.17830758550396825,8.98998832512307,0.47906096655846825,15.943047080830489,0.3919562415075794,13.64328443633802,0.5345721869095307,20.013249835668383,0.17356489511183634,19.486364377149126,0.32446737106880796,95,0.3958470394736842,0.539212631141581
12,1,0.0,0.14940860259858588,0.4563,-0.08329999999999999,10,0.125,10.483680654315927,0.18364234355211861,9.610899903080842,0.40059740376001546,15.866310933331421,0.39006970050892237,14.46666196022576,0.41076051009958425,21.18770555885187,0.18375036154440638,16.838300482671976,0.6134449650626359,95,0.37619243421052634,0.790140999016286
12,1,0.0,0.14940860259858588,0.4563,-0.08329999999999999,1,0.125,8.856908971481236,0.15514622905658604,8.264217183891752,0.3667585363005902,13.142645025859894,0.3231089842291295,11.938340416044245,0.4228265439862328,19.907342758380462,0.1726464160586084,15.997491711874341,0.5963886769290727,95,0.3586759868421053,0.7461882379915167
12,1,0.0,0.14940860259858588,0.4563,-0.08329999999999999,14,0.125,9.14752138460752,0.1602368786453711,8.100680974965979,0.4664007528186122,14.07300857310618,0.3459817636523787,12.640748569619186,0.43974163385260756,19.599443975849727,0.16997616408385088,15.401112625682146,0.6208174139400855,95,0.4658305921052632,0.5773678171065407
12,1,0.0,0.14940860259858588,0.4563,-0.08329999999999999,5,0.125,8.870565088031055,0.15538544287182154,8.353337213396859,0.3482155056492186,11.792510852786029,0.28991623799147553,11.012679772269465,0.38867837970697544,19.159741151866935,0.16616284165238168,14.929566118021246,0.6286310864997595,95,0.3685032894736842,0.625530015621513
12,1,0.0,0.14940860259858588,0.4563,-0.08329999999999999,3,0.125,8.55790802552354,0.14990863777061275,7.546010528499973,0.4720511148533452,12.585398425518084,0.30940920137360056,10.730213512702125,0.5228201952164148,17.226246298118323,0.1493946088942987,14.25446479073597,0.5669216289827457,95,0.44268092105263157,0.5106817759613599
12,1,0.0,0.14940860259858588,0.4563,-0.08329999999999999,11,0.125,8.425400311084564,0.14758750380815364,7.439860113821652,0.46939634069113184,12.74454480767418,0.3133217795327929,10.598901858934742,0.5583089369525759,17.73034637410368,0.15376641644842876,13.24767580091686,0.6657633057143113,95,0.4944078947368421,0.8835662009314704
13,1,0.0,0.14930608803535828,0.5495,0.0932,19,0.125,10.525120306031432,0.18427282182444601,9.191738979994817,0.5139309538893285,16.322074848797687,0.4089964638125064,13.946443401542785,0.5520591525472668,25.178618913431475,0.21958567648207877,21.61497452599345,0.525657259993914,95,0.3512746710526316,0.6886339693316166
13,1,0.0,0.14930608803535828,0.5495,0.0932,9,0.125,10.37063546686673,0.18156811571047768,8.937108035247245,0.5397426657327891,15.00060623359667,0.375883272281208,12.359607236251518,0.6026568850694333,19.040979430491284,0.16605860565669722,15.281889877129204,0.5992149758792171,95,0.3941611842105263,0.4487794700605049
13,1,0.0,0.14930608803535828,0.5495,0.0932,16,0.125,8.699633375181035,0.15231236739062043,8.213088710605035,0.3401560422073056,12.81745375259173,0.32117811665815965,11.946876111936923,0.3736559887134351,16.046028324687047,0.13993928724372612,14.450322711567091,0.4687453204088097,95,0.4308388157894737,0.34901698797480435
13,1,0.0,0.14930608803535828,0.5495,0.0932,14,0.125,7.917753270180652,0.13862328364739235,7.559386415602932,0.32779350097762516,11.419591979868764,0.286150675157088,11.221555567166003,0.2940218338625555,17.036308958698463,0.1485756403206814,14.736647258939717,0.5108068750852487,95,0.4709703947368421,0.5911471974855945
13,1,0.0,0.14930608803535828,0.5495,0.0932,3,0.125,6.570171574620934,0.11502994937096994,6.743060368877191,0.23299340538072413,9.63872582245641,0.2415259587743744,9.907422717585598,0.26365587594679535,18.042735457279814,0.15735280336843643,14.154495655244002,0.6220909549859656,95,0.4862253289473684,0.5213530655391121
13,1,0.0,0.14930608803535828,0.5495,0.0932,17,0.125,10.152328151013272,0.1777460116444382,8.910392364464146,0.4978575144888234,15.153811769816974,0.3797222770113706,12.792792633901115,0.5618399442478325,22.325319781664103,0.19470172148005768,19.022649908731232,0.5273949912820094,95,0.4145970394736842,0.419418823762769
13,1,0.0,0.14930608803535828,0.5495,0.0932,6,0.125,8.433067715739014,0.14764536075899773,8.014879085068896,0.32918613382456813,12.344220956390402,0.30931990978192386,11.293544086738525,0.4102348109849688,15.973849038486748,0.13930980325801667,14.348930550179642,0.4727075661430372,95,0.3397203947368421,0.592713628661341
13,1,0.0,0.14930608803535828,0.5495,0.0932,12,0.125,8.747297561735703,0.1531468675104302,7.988386346589963,0.4076525516147096,11.829500603661556,0.2964221130208748,10.546143387966548,0.4555877252126737,17.982456694266435,0.15682710523545682,14.056217560485415,0.625793173441595,95,0.4082236842105263,0.495870265914585
14,1,0.0,0.14919542497222413,0.531,-0.01849999999999996,5,0.125,8.82849928304276,0.1546051149390709,7.903355931326487,0.4490283433437835,11.92630787633966,0.2973908320922677,10.410808607287546,0.495952594372523,16.50823294673356,0.14352797733640663,11.840513528427026,0.7091588524368049,95,0.39703947368421055,0.6427091963545982
14,1,0.0,0.14919542497222413,0.531,-0.01849999999999996,19,0.125,8.507377741542197,0.14898161866394913,8.175235460353013,0.2980627250341895,11.693816236135547,0.2915934903623963,11.003048128588958,0.3455944254432745,15.071858336344553,0.13103966661340488,13.013917489157995,0.517381292659411,95,0.3990953947368421,0.7077065732536575
14,1,0.0,0.14919542497222413,0.531,-0.01849999999999996,18,0.125,9.536565573872723,0.16700480675175672,8.487790338591608,0.46729845406322906,12.218466981733304,0.30467602381775705,11.003581245340888,0.43650867417112904,18.993706760584285,0.165137499710828,15.24942281249547,0.6050152990895922,95,0.39510690789473685,0.7415964200228952
14,1,0.0,0.14919542497222413,0.531,-0.01849999999999996,12,0.125,7.827504049445613,0.1370756370309738,7.361910746556411,0.3520671242051615,9.599866582195352,0.23937939054194862,9.078128499253495,0.3572594953466944,16.198779691179737,0.14083748950569094,12.5734128086096,0.6319939218069459,95,0.41126644736842105,0.5121975604879024
14,1,0.0,0.14919542497222413,0.531,-0.01849999999999996,8,0.125,9.959914883439032,0.1744185207439628,8.725384054080601,0.5075300582850316,13.892714560421284,0.3464245587136461,12.119748722046712,0.5167855501513297,19.95647178311919,0.17350809375202833,18.529013710666852,0.38322173405964427,95,0.5131578947368421,0.34799679487179486
14,1,0.0,0.14919542497222413,0.531,-0.01849999999999996,16,0.125,8.468118379583395,0.14829410678073093,7.904716687575741,0.36196779928168316,10.79820134355181,0.2692607063271874,9.684765401573399,0.4423128050359863,14.235751490839702,0.12377028019514624,13.44167870169269,0.415782923215218,95,0.4441611842105263,0.35558229957415294
14,1,0.0,0.14919542497222413,0.531,-0.01849999999999996,2,0.125,9.512841246835231,0.16658934516639662,8.740252116998997,0.3959162025866344,11.720094388587954,0.2922487544814094,10.99379536904645,0.3520219557689554,17.165842485186285,0.14924544977793303,13.880010544997681,0.5893668087769504,95,0.40859375,0.38331488376773676
14,1,0.0,0.14919542497222413,0.531,-0.01849999999999996,9,0.125,8.202375679386481,0.14364040750626003,7.991603164908154,0.27185955528305716,10.44431199135011,0.2604362277030319,9.685720116031684,0.38291439737361,16.76793687781746,0.14578592826640976,12.482466337183428,0.6763649251110585,95,0.42236842105263156,0.4430490654205608
15,1,0.0,0.14907662554463533,0.5453,0.01429999999999998,0,0.125,8.973806080200546,0.1572117077131628,8.149057469209419,0.420210677012769,12.004536317810217,0.3070647703757271,10.627216695492585,0.4678294042295366,19.8923844678086,0.17597815200306247,15.06878491538864,0.6916185024350004,95,0.5212993421052632,0.9081874112636062
15,1,0.0,0.14907662554463533,0.5453,0.01429999999999998,14,0.125,8.806919008081694,0.15428802055427246,7.991733827272394,0.42114696632635457,12.591470851492485,0.32207800479306486,11.399215538119336,0.42566097333845854,20.97444711910722,0.1855506286478416,18.142525787695103,0.5062451125410219,95,0.4905016447368421,0.6098583284432895
15,1,0.0,0.14907662554463533,0.5453,0.01429999999999998,3,0.125,7.5004240417898345,0.13139959362218478,7.001093130779094,0.3701273186112274,9.697977649953923,0.2480651648138996,8.610418799996625,0.46319112144630964,14.442548568568471,0.12776613137676507,11.351811109583165,0.6185361141039056,95,0.4819078947368421,0.5364334470989761
15,1,0.0,0.14907662554463533,0.5453,0.01429999999999998,13,0.125,9.785894546950308,0.171438649272952,8.768083467959842,0.45569477122086766,13.392111241603896,0.34255763441260684,11.786368074685598,0.48837737990466007,17.67190169207214,0.15633463183779092,16.338295434246835,0.39997946387706573,95,0.40452302631578946,0.46472860337466965
15,1,0.0,0.14907662554463533,0.5453,0.01429999999999998,6,0.125,8.220953470635175,0.1440225164883578,7.688784538559793,0.35924020399316403,10.84429658849577,0.2773869272145408,9.939154893581419,0.4041068776373345,14.350264553436386,0.12694974003521184,12.607841384684605,0.49867350914852104,95,0.3503289473684211,0.5982394366197183
15,1,0.0,0.14907662554463533,0.5453,0.01429999999999998,10,0.125,9.654620235107796,0.16913886046994162,8.974346169672016,0.36887750637931077,11.825209842244792,0.3024777674641619,10.74821629178173,0.41701311391675117,15.12087780887851,0.13376697689393158,12.251307259665111,0.5865639593450865,95,0.43359375,0.7941204362256994
15,1,0.0,0.14907662554463533,0.5453,0.01429999999999998,9,0.125,9.052008778985218,0.15858173729858502,8.24504758044815,0.4139610659055041,10.814440131981973,0.27662322708311293,9.656565539418974,0.4503712775510174,14.719562351725209,0.13021673621592791,12.453217585518601,0.5400220570727136,95,0.4346628289473684,0.4447072178601835
15,1,0.0,0.14907662554463533,0.5453,0.01429999999999998,5,0.125,8.000824772411965,0.14016609166091457,7.573569918563312,0.33637482688520504,9.913527533212754,0.2535787284914229,9.194517125390547,0.3909615128597896,14.992462498219021,0.13263094973261633,11.7091656742671,0.6246065978690362,95,0.42849506578947366,0.6529123884464063
16,1,0.0,0.14894970278028788,0.611,0.06569999999999998,12,0.125,8.38941706810698,0.1469777095409649,7.704462712920773,0.3957622003372042,9.73616411244705,0.25004886551732863,8.955536497930769,0.3942095925418133,13.87069832087893,0.12071029831902721,11.786269492241807,0.5375327662701901,95,0.43096217105263157,0.49422765003339375
16,1,0.0,0.14894970278028788,0.611,0.06569999999999998,9,0.125,8.002374325307041,0.14019694570846375,7.46011518421869,0.36500639917005473,9.00245230224496,0.23120532471021016,8.108390550182778,0.43565985493454534,14.366136332084654,0.12502186712023225,10.89623851942525,0.6525155635946542,95,0.46570723684210524,0.45973865442345047
16,1,0.0,0.14894970278028788,0.611,0.06569999999999998,3,0.125,6.778237770673649,0.11875078496752657,6.687516571349641,0.27102384206191615,8.709665755419136,0.22368583931257416,8.222430016355016,0.35423704969047787,13.830762838001517,0.12036275820676116,9.842661280008283,0.705181232014129,95,0.49461348684210527,0.5646354642946213
16,1,0.0,0.14894970278028788,0.611,0.06569999999999998,1,0.125,8.83060783723979,0.1547071153138965,8.054035934966409,0.41177675653207224,10.491294895498257,0.26944249872219345,9.428199596461273,0.440348511559707,15.799819151906716,0.1374985483133547,13.570685428899747,0.5144939947217416,95,0.3921875,0.7800377437617949
16,1,0.0,0.14894970278028788,0.611,0.06569999999999998,17,0.125,8.491756234333824,0.14877063223466855,7.784522621532767,0.3996802816983725,10.51939941989004,0.2701642926811803,9.705116369911838,0.38604306786821446,15.736527225504608,0.13694774783161656,12.861426528631043,0.5763055608778431,95,0.4645970394736842,0.42313479068944154
16,1,0.0,0.14894970278028788,0.611,0.06569999999999998,5,0.125,7.871588534078999,0.13790565468321758,7.42466496685022,0.34130640005685686,9.833055154130534,0.25253726801054194,8.929444531518362,0.4188503213578358,15.519433212794615,0.13505847863757375,11.313401054889486,0.6951636324616545,95,0.4522203947368421,0.6624840880160029
16,1,0.0,0.14894970278028788,0.611,0.06569999999999998,15,0.125,11.605654898506796,0.20332432645291115,10.389659482272092,0.49107387890985976,13.570095662595152,0.34851374588638784,12.353508938541438,0.4310902448686631,15.767242387077312,0.13721504773466306,14.01930957237823,0.4678387607663167,95,0.3555509868421053,0.4180640684630508
16,1,0.0,0.14894970278028788,0.611,0.06569999999999998,11,0.125,8.017077895552603,0.14045454371071148,7.46691818104891,0.3668659381752936,10.156381642965746,0.26084109493777996,9.247344841269333,0.41351955534250295,15.03116117713763,0.1308092720207537,11.796221948660634,0.6203870066569629,95,0.5390625,0.8900076277650648
17,1,0.0,0.14881467059769313,0.4937,-0.11729999999999996,8,0.125,9.274780373570986,0.16258002050131626,7.990053971907759,0.516530470308463,11.380470815474128,0.2999030181949333,9.677825751094614,0.5438698903001215,15.108623445215537,0.13249221685884938,12.522977165067248,0.5777146251058949,95,0.539391447368421,0.3494435127305992
17,1,0.0,0.14881467059769313,0.4937,-0.11729999999999996,16,0.125,9.455456925466976,0.16574714644157693,8.281108621408046,0.48839436818873405,10.276388498878404,0.2708077703399423,8.71392745230253,0.5372220133168021,14.707867849214995,0.12897786642677772,13.788755381489596,0.35862335276146284,95,0.47689144736842104,0.3596309708570443
17,1,0.0,0.14881467059769313,0.4937,-0.11729999999999996,13,0.125,9.438649098860944,0.16545251770815936,8.418071422400075,0.4540019548396694,10.884791473881736,0.2868406648871679,9.707696272461074,0.45321263002241746,13.225903818950588,0.11598206304424097,11.60493172062912,0.4799340835717671,95,0.4403371710526316,0.46390886170510787
17,1,0.0,0.14881467059769313,0.4937,-0.11729999999999996,19,0.125,9.414395146403335,0.1650273639116304,8.677153837366516,0.38885146454467157,11.342205644900485,0.2988946381083049,10.152393685199526,0.44766831834425685,13.989542675332544,0.12267864962133522,12.163714810181947,0.49466059488139524,95,0.4430921052631579,0.7026726057906458
17,1,0.0,0.14881467059769313,0.4937,-0.11729999999999996,12,0.125,7.627151262556237,0.1336983042926329,7.704885264153747,0.23655448938360632,8.495456099641734,0.22387588057963542,8.474758298783481,0.2765372324849881,12.93647356622771,0.11344395916281723,13.128291723314348,0.22370790783739508,95,0.4671463815789474,0.5268022181146026
17,1,0.0,0.14881467059769313,0.4937,-0.11729999999999996,10,0.125,9.743781314228263,0.17080125911570718,8.52529545071035,0.49271752860039486,10.288762495435392,0.2711338551719976,9.19123765276568,0.4494056518243542,13.777500858630612,0.12081918899850043,11.241115390335729,0.5892764643609331,95,0.4686266447368421,0.7924892515574274
17,1,0.0,0.14881467059769313,0.4937,-0.11729999999999996,18,0.125,8.803906342642334,0.15432594800380842,8.549175756895378,0.28638966664396404,9.892063487721709,0.2606798738159273,9.893561786147693,0.23332962520537942,13.73056999630763,0.12040763767413153,12.608422354785978,0.4028515845382672,95,0.4373766447368421,0.7559462254395036
17,1,0.0,0.14881467059769313,0.4937,-0.11729999999999996,15,0.125,10.334767232645302,0.18116080390946032,9.185445283240101,0.46669806451955065,11.962044881284976,0.31522890589049485,10.449023076159817,0.4998283704155951,15.827796534177804,0.13879886929527707,13.447286460102829,0.5429977005993021,95,0.39280427631578946,0.42583481628807707
18,1,0.0,0.14867154380465167,0.4727,-0.02100000000000002,0,0.125,10.053623701001595,0.1761249354397946,8.653647787301072,0.5117974915649977,14.0842887581472,0.36972841761379877,11.52992451327844,0.5889425900585163,23.277901280888948,0.2004294684794211,15.444427196442465,0.8010349894519571,95,0.5251644736842105,0.9029126213592233
18,1,0.0,0.14867154380465167,0.4727,-0.02100000000000002,1,0.125,9.038440723779125,0.15834039907356148,8.672321544589051,0.33287003080252486,10.332396508947086,0.2712370270881817,10.536623630364353,0.2805419992300237,16.697553804556257,0.14377077183935638,14.981493434604033,0.49473360634474794,95,0.4197779605263158,0.7751983543931825
18,1,0.0,0.14867154380465167,0.4727,-0.02100000000000002,17,0.125,11.970405436397927,0.2097041770584384,9.569584651754482,0.6610590427861912,16.19882667470881,0.42523741571087764,12.389186626259116,0.7199095811939391,27.775641839384217,0.23915631668706655,19.339403601586834,0.8127109876513461,95,0.4459703947368421,0.4385948736861516
18,1,0.0,0.14867154380465167,0.4727,-0.02100000000000002,9,0.125,11.244807350500409,0.1969927488376659,9.104147366973931,0.6250895661274728,13.622624275638596,0.35760920580854083,10.636569782028344,0.6487534725293663,15.34799998027805,0.13215072274556103,12.619509454842087,0.597882919821321,95,0.43515625,0.4764244543135217
18,1,0.0,0.14867154380465167,0.4727,-0.02100000000000002,19,0.125,8.920856122837632,0.1562804870592028,8.289659790678435,0.39048557995962735,10.671694536509436,0.28014398185063244,10.138090400537546,0.383115453270574,13.966369967495487,0.12025448838337759,13.998413600307497,0.4264330897535129,95,0.46348684210526314,0.7044889992902768
18,1,0.0,0.14867154380465167,0.4727,-0.02100000000000002,14,0.125,10.400952460955738,0.18220963258409023,8.96920947699904,0.5107971029074786,15.44411154213337,0.4054252948073715,13.003890701446496,0.5570986452503278,27.002079600014266,0.2324957218764871,20.154986977769873,0.720769913373112,95,0.4650904605263158,0.6270002652285386
18,1,0.0,0.14867154380465167,0.4727,-0.02100000000000002,3,0.125,7.378097934714901,0.12925359662016037,7.251596831375529,0.33967794226365744,8.964527540816878,0.23532892851293405,8.405269186891529,0.44406839591641406,11.991937556627832,0.10325405377015745,12.360142523235426,0.46857031572417557,95,0.49070723684210527,0.5528741411094352
18,1,0.0,0.14867154380465167,0.4727,-0.02100000000000002,6,0.125,8.531690937206257,0.14946287629186195,8.431754133573593,0.29177405795529293,10.424284544540122,0.2736491913501364,10.384514288207788,0.31587424572222517,13.557556979566641,0.11673449021475689,13.377455589074925,0.45697477140611004,95,0.3876233552631579,0.6244828683568473
19,1,0.0,0.14852033809662912,0.5921,0.11939999999999995,13,0.125,9.269971087292683,0.16240355738138432,8.06736967797901,0.5122216576477574,10.290707437971507,0.2661430680793657,8.731395816853782,0.5356518631967583,14.899632633522923,0.1215753464046302,11.769593722790592,0.6134762879929173,95,0.43145559210526313,0.4922329171828838
19,1,0.0,0.14852033809662912,0.5921,0.11939999999999995,3,0.125,7.846090119803776,0.13745813606018567,6.943200690594126,0.46653619622405734,9.559334564180492,0.2472279622215771,8.478193824693614,0.46263490099940396,14.648851073775797,0.11952906407351065,10.83673283707613,0.6735765308201126,95,0.5043585526315789,0.5556823740420676
19,1,0.0,0.14852033809662912,0.5921,0.11939999999999995,6,0.125,9.515622372093597,0.16670719998731043,8.35734576602261,0.49674049074338766,10.944557208488733,0.2830532353382598,9.952550812064134,0.416124225082216,13.937333663361338,0.11372335209579122,12.711873052344583,0.4621593319828147,95,0.3747532894736842,0.5957867017774852
19,1,0.0,0.14852033809662912,0.5921,0.11939999999999995,17,0.125,7.126691094447163,0.12485475684848892,7.11859147954132,0.24410777314056523,8.27214056110738,0.21393795147584677,7.924007473658396,0.35488029724330417,13.35051699359306,0.1089351508254743,9.633405401980681,0.6924510014777471,95,0.4895970394736842,0.4302511127907953
19,1,0.0,0.14852033809662912,0.5921,0.11939999999999995,12,0.125,8.676057711154504,0.15199860097397463,7.883651789558691,0.41804179748131304,11.293223430631913,0.2920706035470211,9.523800679362532,0.5562236170769093,15.075930878288304,0.12301387315928695,10.254208475586394,0.7425098215478673,95,0.44605263157894737,0.5092182890855457
19,1,0.0,0.14852033809662912,0.5921,0.11939999999999995,4,0.125,8.336835904287549,0.14605566677733478,7.9347419470096705,0.32054019498452424,9.766595962245924,0.25258825301869126,9.108056226107717,0.37515929280450494,14.006131881247544,0.11428471943801133,12.371646665725184,0.49954459134788065,95,0.43601973684210527,0.5770463975858167
19,1,0.0,0.14852033809662912,0.5921,0.11939999999999995,9,0.125,7.004702225946141,0.12271759525230515,6.965651681708971,0.2572698306882794,7.795060360878859,0.20159948116425028,7.007730376084572,0.45938099644862823,16.11107542135973,0.13146025969096717,10.25150818949139,0.8014203335553448,95,0.46702302631578946,0.4871456242296179
19,1,0.0,0.14852033809662912,0.5921,0.11939999999999995,5,0.125,9.105551233178915,0.15952303391903955,7.94663319695789,0.5041359095252251,11.274486048195685,0.29158600863657275,9.471530655638539,0.562570794605452,15.101028330595462,0.1232186588431468,11.731052866897159,0.6297328477538514,95,0.4411184210526316,0.668717375093214
20,1,0.0,0.14836107005503543,0.5541,-0.03799999999999992,10,0.125,9.372878354662756,0.16430744670983036,8.261496118382787,0.48551512204151775,10.045146903453215,0.26572520040738484,8.891518791332912,0.469313821220651,12.966513180355655,0.10889422703568641,10.218558923619787,0.6312348364536923,95,0.49046052631578946,0.80658953722334
20,1,0.0,0.14836107005503543,0.5541,-0.03799999999999992,15,0.125,9.954300619913772,0.17449983417596188,8.782803867520393,0.49093818159300057,10.49831148338831,0.27771280496689466,9.247335329433076,0.4822360661153814,11.797675305607179,0.0990781959153387,10.07351237088674,0.5208697624340408,95,0.4091694078947368,0.4307104813586574
20,1,0.0,0.14836107005503543,0.5541,-0.03799999999999992,14,0.125,8.024774882557471,0.14067506495678175,7.90254667571756,0.252576941584788,10.072393172503041,0.26644594848336667,9.290413303413429,0.3868433611065195,12.19200458921334,0.10238981731567658,11.03065979672793,0.43491618907199453,95,0.528577302631579,0.632049786075457
20,1,0.0,0.14836107005503543,0.5541,-0.03799999999999992,19,0.125,8.823614576565403,0.1546788005741985,8.184419609215125,0.37432504013380985,10.44574900271235,0.2763223648025276,9.607948759907593,0.3923989964352505,13.688752472405039,0.11495967333945223,11.90863549442006,0.4939400861782492,95,0.4708059210526316,0.7022707423580786
20,1,0.0,0.14836107005503543,0.5541,-0.03799999999999992,8,0.125,8.43104960709745,0.14779709941898037,7.5621501906154025,0.4430540599499334,9.83882541851086,0.2602673590774776,8.732741775852228,0.46298527893027497,11.284362515187595,0.09476733772526215,10.626117741851976,0.38266951414155886,95,0.5560855263157894,0.3544809228039042
20,1,0.0,0.14836107005503543,0.5541,-0.03799999999999992,7,0.125,9.439063045395528,0.16546767061694762,8.387776351191986,0.4691232373189492,10.120705710643836,0.26772396452464914,9.00897576739105,0.4588330973202404,13.14315497268584,0.11037768455201666,10.856596135126674,0.5700178857937445,95,0.49198190789473684,0.6076890931884663
20,1,0.0,0.14836107005503543,0.5541,-0.03799999999999992,13,0.125,7.831052927716222,0.13727910071109534,7.5755441009379165,0.29515349742943287,8.483147761097053,0.2244054925795114,8.204287855114949,0.30849666181887464,11.614993262826088,0.09754401170056576,10.634294724308706,0.4217400107177045,95,0.4571134868421053,0.5040028784744086
20,1,0.0,0.14836107005503543,0.5541,-0.03799999999999992,12,0.125,7.752126282731368,0.1358955091371811,7.293929983800666,0.3527060271018013,7.851952629118968,0.20770842935553968,7.225684099765972,0.407701983926763,12.03748310253583,0.10109212859874034,9.21995526947994,0.6550692385608733,95,0.44827302631578947,0.5441203448908457
21,1,0.0,0.14819375714540606,0.6159,0.061799999999999966,7,0.125,8.409485411116616,0.14751800699704917,7.906037948511588,0.34647183211064464,8.76577059958448,0.23420098713726936,8.374818104901344,0.32936200395154436,10.988753392094651,0.09214299958607447,9.717698799997606,0.4669792582929967,95,0.5197779605263158,0.592516414840598
21,1,0.0,0.14819375714540606,0.6159,0.061799999999999966,16,0.125,8.759744878007213,0.15366220916419332,8.136818473548919,0.3709872193823545,9.262694311635743,0.24747763207933968,8.635248343217086,0.3703809184960205,12.52803708260099,0.10505021584585629,12.346654832121606,0.23607288949630265,95,0.4888980263157895,0.3793103448275862
21,1,0.0,0.14819375714540606,0.6159,0.061799999999999966,1,0.125,8.827440268669491,0.15484971215934507,8.181869548728024,0.3756441061727713,9.277716500647834,0.2478789900039654,8.16708511348474,0.4751568869127343,13.78743095090608,0.11561049730320734,12.28659199341347,0.4648402599123898,95,0.43914473684210525,0.7853932584269663
21,1,0.0,0.14819375714540606,0.6159,0.061799999999999966,18,0.125,9.590763579742235,0.1682398220220707,8.43003249705413,0.4964073675307575,10.724707658588954,0.28653922571499063,9.381462206431996,0.4964762101905508,14.35452343444889,0.12036568659646626,12.242542846890554,0.5648151206588904,95,0.4519736842105263,0.7802947598253275
21,1,0.0,0.14819375714540606,0.6159,0.061799999999999966,11,0.125,9.38441541066025,0.16462009154364862,8.13075808584679,0.5234492592257838,10.622065588119884,0.28379686850263,8.37006492531149,0.6793996367307109,12.37503704933987,0.1037672785099806,10.784722544537262,0.49935224656179106,95,0.5691611842105263,0.8992197659297789
21,1,0.0,0.14819375714540606,0.6159,0.061799999999999966,17,0.125,9.237143663955608,0.16203667133435448,8.301802694341683,0.444373839552954,10.12124614008723,0.2704161385628857,9.021480921258792,0.4554536960442926,13.212548014683925,0.11078998343195538,12.185018842052111,0.3867050836704376,95,0.49827302631578946,0.4274632777686087
21,1,0.0,0.14819375714540606,0.6159,0.061799999999999966,8,0.125,7.2475622745753405,0.1271357152149923,7.271616757860825,0.23020224275088158,7.782938445107197,0.20794199961827817,7.591473832836629,0.3130032101498065,10.047160415585378,0.08424754519293458,9.828917175446854,0.29263818768992833,95,0.5689555921052631,0.36004914360049145
21,1,0.0,0.14819375714540606,0.6159,0.061799999999999966,19,0.125,8.003431633304483,0.14039506889702164,7.6240423869771,0.32253104964893203,8.871743588633842,0.23703233874102048,8.424787674661184,0.33935858018965614,10.64406290486692,0.08925269763018588,10.269264011431945,0.30901261246385,95,0.4983963815789474,0.7211451200396007
22,1,0.0,0.14801841771548704,0.531,-0.08489999999999998,6,0.125,8.525925700536202,0.14979547826624406,7.789589584781383,0.40656990724425346,9.102937448338501,0.24266762397524108,8.013337446120305,0.47829223257477915,13.467189660685529,0.11205859446792463,11.784628952268733,0.48438722608043466,95,0.3891858552631579,0.6455361859482304
22,1,0.0,0.14801841771548704,0.531,-0.08489999999999998,19,0.125,8.434303007338634,0.14818572166858712,7.821047699044341,0.37554189516796166,8.998686813363017,0.23988849316928035,8.363131517100031,0.37249324557633623,11.86166639062705,0.09869926074193468,10.029471406663227,0.5339479449526813,95,0.4864720394736842,0.7050122559377906
22,1,0.0,0.14801841771548704,0.531,-0.08489999999999998,1,0.125,8.137396640168,0.14296925218096057,7.493387680993486,0.3909990276827977,8.165043336525784,0.21766508639375928,7.17529535583443,0.47737163753082423,12.70647285917308,0.10572877676182417,10.556020185679758,0.5607189842496443,95,0.45875822368421054,0.8030832661109617
22,1,0.0,0.14801841771548704,0.531,-0.08489999999999998,10,0.125,10.182953067684409,0.17890847029555654,8.748654899344391,0.5577555791372225,10.125209726942185,0.26991952879304143,8.641142022929547,0.5495515112078164,11.285134794395656,0.09390202227067145,9.550358982167722,0.5331981217764964,95,0.5181332236842106,0.7816046345528133
22,1,0.0,0.14801841771548704,0.531,-0.08489999999999998,8,0.125,8.220066220940433,0.14442170788194067,7.380670492011512,0.440930961337547,8.82398158937089,0.23523117218439651,7.806580821837752,0.46761976028434676,10.609910881685181,0.08828357888969238,9.207875649571664,0.504260166472518,95,0.5824013157894737,0.39063823778593615
22,1,0.0,0.14801841771548704,0.531,-0.08489999999999998,12,0.125,7.191608492187453,0.12635231310109254,7.071739113378533,0.272554442743681,7.389282633159879,0.19698472824260815,7.118635939087991,0.3270709787175445,11.465579964132319,0.09540348119481845,9.06039412351654,0.6168381077025905,95,0.48795230263157896,0.5472318193309177
22,1,0.0,0.14801841771548704,0.531,-0.08489999999999998,13,0.125,8.598886985248402,0.15107736494016807,7.708143392189517,0.44581973033790595,9.150026505928517,0.24392293192231349,8.254919667477354,0.4316804365722998,10.857570072907231,0.09034431625024375,9.19316837170452,0.5338199806643081,95,0.46188322368421053,0.497907949790795
22,1,0.0,0.14801841771548704,0.531,-0.08489999999999998,0,0.125,7.805756627093442,0.1371425330520802,7.474819710315505,0.3137952021506675,8.358712962173499,0.22282796355938053,7.966361869612144,0.3281505409226763,13.537716508168986,0.1126454384643615,12.18409151544218,0.43665465792298785,95,0.6241776315789473,0.9306324110671936
23,1,0.0,0.1478350709932227,0.5876,0.056599999999999984,15,0.125,8.989688977887084,0.15805479875899608,8.57345655037743,0.3120885503695292,8.953313670822638,0.24114030468980444,8.209247025136293,0.4006355914874994,12.719631244548767,0.10647596798307506,10.551648253011821,0.5785332803644433,95,0.4498355263157895,0.4393053016453382
23,1,0.0,0.1478350709932227,0.5876,0.056599999999999984,5,0.125,8.749911318079198,0.1538390789647896,7.694371950290225,0.48216268235705206,9.649857273231083,0.25990036858233573,8.131598724060265,0.5608354649673502,13.925817724951532,0.11657294883100836,11.257449672324578,0.6390453976839716,95,0.48001644736842103,0.704043172862772
23,1,0.0,0.1478350709932227,0.5876,0.056599999999999984,14,0.125,10.257895033906593,0.18035212778363338,8.986842303131338,0.5086908903433025,11.14976383909069,0.30029747066045287,10.111802540274153,0.4286917681542744,16.20476732350075,0.1356500242449801,14.450361706549065,0.4730111523397817,95,0.5313733552631579,0.619592973767701
23,1,0.0,0.1478350709932227,0.5876,0.056599999999999984,1,0.125,8.106840038288633,0.14253273655794949,7.676932089982534,0.3369697955121443,7.49912508643478,0.20197452861982518,7.102551590190388,0.3589369392289846,11.562969191187145,0.0967935558601803,10.832301590849433,0.3652152417534368,95,0.4650082236842105,0.7940578300468654
23,1,0.0,0.1478350709932227,0.5876,0.056599999999999984,6,0.125,8.660294682699577,0.15226345835041397,8.08503441783967,0.3616834410126974,8.813891260238247,0.23738522988677702,8.168059594842456,0.380737966258494,11.348128446706516,0.09499512508880216,11.29051480534529,0.25005754371692174,95,0.41722861842105263,0.6136789198777964
23,1,0.0,0.1478350709932227,0.5876,0.056599999999999984,13,0.125,7.28242933720424,0.12803812303181142,7.1647301013732925,0.2768930575261217,7.466127610443644,0.2010858049911169,7.545608953124277,0.24053341575715517,12.498709817651665,0.10462663585034108,13.401837198265621,0.04527938560736982,95,0.48902138157894737,0.4870932481291516
23,1,0.0,0.1478350709932227,0.5876,0.056599999999999984,9,0.125,10.2232993564834,0.17974387394454014,9.031175223174179,0.48967215405929493,10.583130135957791,0.2850362803520802,9.214657834526621,0.5125403279512115,13.080387889837382,0.1094958600125625,10.641932665166681,0.6145771090895434,95,0.4576891447368421,0.47506962537058667
23,1,0.0,0.1478350709932227,0.5876,0.056599999999999984,12,0.125,8.324865586996586,0.14636601536326968,7.64380459003258,0.39725478545814874,8.991149791545954,0.24215934791948976,7.986890594207329,0.4600163180097533,11.560202038401819,0.09677039203839098,10.99283404080127,0.3369135380582814,95,0.4889391447368421,0.5154318392061222
24,1,0.0,0.14764373708464731,0.617,0.02939999999999998,8,0.125,8.5098623072667,0.149672268961515,7.687220643176732,0.4340824935774203,9.142779607172491,0.24824478138756292,7.828591842379349,0.5364573780329865,10.630291503628364,0.08764894713266648,9.642386649710048,0.4410222440696933,95,0.6032483552631579,0.3639833685502011
24,1,0.0,0.14764373708464731,0.617,0.02939999999999998,5,0.125,7.187401372498829,0.12641270005513527,6.939621845200024,0.2954204672770599,7.213235031585479,0.19585378084672286,6.748272077046194,0.37387578524229276,11.057667071142543,0.09117274688077856,8.474508274095168,0.6500725393701624,95,0.5078536184210526,0.7163792405473242
24,1,0.0,0.14764373708464731,0.617,0.02939999999999998,9,0.125,7.638776311728523,0.13435152548703272,7.348173379348977,0.2958566068954811,7.192094360347575,0.19527976927307375,6.800445014814746,0.35533851718677567,9.525722360138312,0.07854154660380146,7.759269741223026,0.5827803614851191,95,0.5014391447368421,0.4926609266092661
24,1,0.0,0.14764373708464731,0.617,0.02939999999999998,3,0.125,7.228319188696629,0.12713236650450255,6.57721479670859,0.4151460205743464,7.56245304308122,0.20533574942139465,6.730614884396364,0.45627760717222837,9.787671389193086,0.08070137040461055,7.5222859154713655,0.6400558681568177,95,0.5169407894736842,0.5925071587655106
24,1,0.0,0.14764373708464731,0.617,0.02939999999999998,7,0.125,8.989220841833612,0.15810327253409115,7.932329059068593,0.49203574962156266,8.644486802337699,0.2347151335432501,7.381176632032185,0.5341350349818962,11.567636378158912,0.09537754905527243,9.60450218343569,0.558260030736362,95,0.5139802631578947,0.62696
24,1,0.0,0.14764373708464731,0.617,0.02939999999999998,14,0.125,7.40894350425858,0.13030920417397845,6.734693861974736,0.41683984023795223,7.474929669709508,0.202959314505265,6.770821564683663,0.4268945039404049,9.619031917612578,0.07931090316069765,8.487691276965245,0.49129449249153745,95,0.5473273026315789,0.6324844113890767
24,1,0.0,0.14764373708464731,0.617,0.02939999999999998,12,0.125,7.299233331505726,0.12837961120394206,6.654380702509991,0.41131385491293176,7.328044772539766,0.19897109530347742,6.469977833579202,0.469922268584518,10.734061707103317,0.08850455387451525,8.673954732601262,0.5895094834071446,95,0.4829358552631579,0.5644955300127714
24,1,0.0,0.14764373708464731,0.617,0.02939999999999998,11,0.125,7.406950173046227,0.13027414527471873,6.573394495915235,0.46264931062977943,7.41247377054341,0.20126351172963114,6.375395238684647,0.5108999855727743,10.48708660759882,0.08646819321289408,7.483279009247754,0.7130584801473806,95,0.6025493421052631,0.9103998908147946
25,1,0.0,0.1474444369716801,0.6458,0.028800000000000048,10,0.125,10.690302955692697,0.18838123416205443,9.60292466846048,0.4567396268933939,10.100095436934712,0.2804132179702465,8.848934276562604,0.5019857591694039,14.260900008485551,0.11869741414832319,11.79157495346083,0.6144041496402162,95,0.5306332236842105,0.797520340953119
25,1,0.0,0.1474444369716801,0.6458,0.028800000000000048,0,0.125,7.719008871886934,0.13602200272720766,7.302508605563377,0.34413322216967474,7.830515203716879,0.21740190281861232,7.427392730196347,0.34089540666313006,11.184172984370468,0.09308896436006128,10.629849826569485,0.3372983986451016,95,0.6498766447368421,0.9350205631129389
25,1,0.0,0.1474444369716801,0.6458,0.028800000000000048,11,0.125,6.686246659324176,0.11782298432662017,6.7396492237322825,0.2504221861278399,6.880721897601496,0.19103238987317386,6.797727170300864,0.28828147816214006,8.982835260626048,0.07476662177858724,9.945345284103544,0.09767258398315182,95,0.6239309210526316,0.9091208646368789
25,1,0.0,0.1474444369716801,0.6458,0.028800000000000048,19,0.125,9.313883051261573,0.16412638550186032,8.109470827217475,0.5078857824409287,10.13528992466189,0.28139033740639585,8.444545306487223,0.6041967008980383,11.891346348649195,0.0989749638162323,10.512909746967527,0.46816859405878797,95,0.5048519736842105,0.7086659064994298
25,1,0.0,0.1474444369716801,0.6458,0.028800000000000048,1,0.125,9.789441172443642,0.17250652460131966,8.824081733916632,0.4398270060071713,9.277584480950848,0.25757749870171476,8.334774390363567,0.4418017246038371,15.217853639821056,0.12666240383563498,12.84668827129921,0.5896617090931153,95,0.4612253289473684,0.7899616653294107
25,1,0.0,0.1474444369716801,0.6458,0.028800000000000048,2,0.125,10.51729450378065,0.18533253237813516,9.27061430085347,0.4991019160813329,10.05870217700619,0.2792639994018367,9.094435010459707,0.4328268069316615,13.458134270996782,0.1120157729370328,11.559383618258183,0.5316106600388507,95,0.45797697368421053,0.4233255521637637
25,1,0.0,0.1474444369716801,0.6458,0.028800000000000048,14,0.125,6.892408522222631,0.12145590533278099,6.994600140289826,0.22858602702768868,6.209591733082698,0.17239951949242308,6.475483642117787,0.2201708728696058,8.315417596376715,0.06921152000687777,8.546818341450628,0.269954921149133,95,0.5700246710526315,0.6518069681887038
25,1,0.0,0.1474444369716801,0.6458,0.028800000000000048,4,0.125,8.581791836875372,0.1512256990520128,7.911844224759557,0.3881896628167345,8.00912498333815,0.22236072161169074,7.161185455972975,0.44789483850719913,11.367521468152756,0.0946150244895078,10.450731651928562,0.3983255621248466,95,0.4703125,0.5826193390452876
26,1,0.0,0.14723719250982437,0.6862,0.04039999999999999,1,0.125,7.43182599522985,0.13114263252101102,6.99643538330773,0.34018891922762184,7.216665689905922,0.1992068581685644,6.4792427343028205,0.4405847430485587,11.839417441383826,0.0969929216542156,9.68827134813886,0.5804553614885521,95,0.4918996710526316,0.8071553958037282
26,1,0.0,0.14723719250982437,0.6862,0.04039999999999999,2,0.125,8.096469786539027,0.14287099329492806,7.555503574013866,0.3594504817940944,7.340596041259462,0.20262779755881444,6.799296449326228,0.3790611415565329,10.147848601072903,0.08313495906329502,9.373172497262926,0.41737617298553903,95,0.5140213815789474,0.41492680585553154
26,1,0.0,0.14723719250982437,0.6862,0.04039999999999999,9,0.125,7.2708975292193365,0.12830287514594158,6.800529356939334,0.3558174709717732,6.65659838394287,0.18374691403676327,5.962978682710364,0.4448185116781723,10.273923177635739,0.0841678089976511,7.946421674322583,0.6367969887363605,95,0.5088815789473684,0.5315934065934066
26,1,0.0,0.14723719250982437,0.6862,0.04039999999999999,10,0.125,8.144650198218313,0.14372118893024344,7.564805612739412,0.37110214523116747,7.645305471509977,0.21103891300502955,6.6631467708444,0.4998257000802538,9.298734862058788,0.07617870274650719,6.9828724602004355,0.6608280186458013,95,0.5662828947368421,0.8042404879465582
26,1,0.0,0.14723719250982437,0.6862,0.04039999999999999,12,0.125,7.891668484269211,0.13925705212614478,7.071415915546641,0.4531044000851105,7.4913518104674734,0.20678921841785725,6.3963771351795975,0.5350934733873396,9.960806993156332,0.08160264447834614,7.925997410972031,0.6057872551475376,95,0.49490131578947366,0.5791791292788302
26,1,0.0,0.14723719250982437,0.6862,0.04039999999999999,13,0.125,7.638441037931745,0.13478857910745684,7.147271025197054,0.3534262456493068,7.162639425640339,0.19771553200418565,6.584030420067523,0.39527861125045494,12.827644889309942,0.10508884933881625,10.423597492479551,0.598932389369695,95,0.4872121710526316,0.4986074774242552
26,1,0.0,0.14723719250982437,0.6862,0.04039999999999999,11,0.125,7.333954654814704,0.1294155865381475,6.77408299956665,0.3832704053381709,6.879750056108923,0.18990673152275803,6.232609165859838,0.4240752673444007,8.949138262621966,0.0733146770672342,7.3446231278614365,0.5774060082821312,95,0.63046875,0.9007369725428813
26,1,0.0,0.14723719250982437,0.6862,0.04039999999999999,14,0.125,7.481240276965782,0.13201460113210933,6.960554440916508,0.36686656897655073,7.191890178837005,0.1985229617638213,6.930390706547483,0.29749579943498883,9.125042753756947,0.07475575223936579,7.966567167053796,0.5075006568435544,95,0.5894325657894737,0.6492500871991629
27,1,0.0,0.1470220264257707,0.6383,-0.047900000000000054,18,0.125,8.239536884536152,0.14570850254163875,7.6871572835473145,0.36009561516444083,7.322362942589268,0.20752775078324942,6.8802007885498435,0.34857308548424487,9.070028833644745,0.07625552099050077,7.802247837171566,0.5127317734834346,95,0.5181332236842106,0.8185858265217046
27,1,0.0,0.1470220264257707,0.6383,-0.047900000000000054,17,0.125,7.991452804498712,0.14132136764398237,7.3534126821504096,0.39275884772768943,7.370956008304115,0.20890495780105656,6.673490770741157,0.4248020861304645,8.85938515920904,0.07448455163284402,7.76487349642318,0.4816195346020296,95,0.5292763157894737,0.4449192044748291
27,1,0.0,0.1470220264257707,0.6383,-0.047900000000000054,8,0.125,8.179221104673953,0.14464187439414586,7.452799556043804,0.4168191312266435,7.882642996113156,0.22340700454711918,7.060823872780707,0.4491358926426013,10.355458516157107,0.08706266526032168,9.532414881345689,0.39085541209513197,95,0.586266447368421,0.38785243372141953
27,1,0.0,0.1470220264257707,0.6383,-0.047900000000000054,10,0.125,7.957560368459713,0.14072201161561151,7.440684022228121,0.3546356383486073,7.18654888298779,0.2036785580383907,6.796914005536667,0.3361138912548609,9.424490680408603,0.07923562979632597,8.057271277454172,0.5254411166825621,95,0.5764391447368421,0.8106141664883373
27,1,0.0,0.1470220264257707,0.6383,-0.047900000000000054,19,0.125,8.06085982086144,0.14254876580504605,7.4888264996145155,0.3701656669379533,7.631674638705277,0.2162941505218574,6.965220030066842,0.40883683940586496,10.030362656105495,0.08432944857107233,8.491549157026006,0.5487756542491727,95,0.5277138157894737,0.7166121240455041
27,1,0.0,0.1470220264257707,0.6383,-0.047900000000000054,3,0.125,7.142699910363733,0.1263119666345163,6.808051489458643,0.315447895079405,7.05087100224916,0.19983322482539795,6.411280770703388,0.41641071774773486,7.519635669496225,0.06322071805429579,5.85923022041982,0.6316044445147704,95,0.5485197368421053,0.6367316341829086
27,1,0.0,0.1470220264257707,0.6383,-0.047900000000000054,13,0.125,7.5841887419521035,0.13411928365257958,7.021680510022613,0.37795162035399443,6.883223151828236,0.19508181034426897,6.181060226704283,0.440019053288162,10.989028390618133,0.09238935183949733,10.761752150046025,0.24347685125798332,95,0.5121299342105263,0.5059012444801284
27,1,0.0,0.1470220264257707,0.6383,-0.047900000000000054,2,0.125,7.999704016246778,0.14146728260556485,7.534562124021909,0.3369179070055497,7.914653181259596,0.2243142255873326,7.083358358633463,0.45120814647425894,8.496846025549225,0.07143653370217061,8.306867878414243,0.29014356928816576,95,0.5325657894736842,0.42008956145768994
28,1,0.0,0.14679896231490505,0.6379,-0.00039999999999995595,14,0.125,8.115032311101741,0.14388336666270343,7.1672358598309565,0.47660543021077195,7.291959944217996,0.21039316248230358,6.483053895983477,0.45856790202671244,11.231455311191644,0.09409405441536013,10.10920528144879,0.44606297211210855,95,0.5965049342105263,0.6482387812780037
28,1,0.0,0.14679896231490505,0.6379,-0.00039999999999995595,12,0.125,8.102889395267107,0.14366806701331095,7.0926879963136304,0.4941319262849925,6.860204697038633,0.19793583241366774,5.641156197671446,0.582311995613531,8.751927927386422,0.07332125355279852,7.18590714664521,0.5870836621325511,95,0.5243421052631579,0.5801442910915935
28,1,0.0,0.14679896231490505,0.6379,-0.00039999999999995595,8,0.125,7.229329173865714,0.12817943051510525,7.149181265678857,0.24493503369067707,6.93316391389732,0.20004090711025918,6.705884356774215,0.2979967103543956,8.011742972652637,0.06712018686300351,7.583508358201615,0.3515879924009944,95,0.608141447368421,0.3722785665990534
28,1,0.0,0.14679896231490505,0.6379,-0.00039999999999995595,5,0.125,8.512364023928098,0.15092824613226566,7.581745702492807,0.46346815515544626,7.604779843794162,0.21941887963690931,6.50812784796802,0.5302535956401525,8.290943418390434,0.06945925167750419,7.565398343000826,0.4136622863411133,95,0.5229029605263158,0.7150271290398679
28,1,0.0,0.14679896231490505,0.6379,-0.00039999999999995595,15,0.125,9.593496300471475,0.17009723348724698,9.038445859455273,0.33523344960283286,8.495917247820845,0.2451306523391318,7.865515415297451,0.3780927507962863,10.885612743618594,0.09119668016859267,10.2320113672131,0.34186912858976876,95,0.4647615131578947,0.43793683092984165
28,1,0.0,0.14679896231490505,0.6379,-0.00039999999999995595,17,0.125,7.318461791116574,0.12975979403774546,7.04559031071224,0.30142236751205864,6.092096629100696,0.1757737954883586,6.051157508735226,0.27126136237786025,9.088284771795058,0.07613915901062712,8.673057541423589,0.3196734418320083,95,0.55625,0.46207865168539325
28,1,0.0,0.14679896231490505,0.6379,-0.00039999999999995595,9,0.125,7.782086298503884,0.13798007615528726,7.249522055200028,0.36604345273287986,7.197537756795712,0.20766882186987012,6.470723704476032,0.4379099723037023,8.416518144498571,0.07051128231683185,7.812486193116974,0.3818174046401433,95,0.5159128289473685,0.4844185861162031
28,1,0.0,0.14679896231490505,0.6379,-0.00039999999999995595,11,0.125,7.569608507401336,0.13421274427626748,6.684786538432537,0.47205185370238123,6.992871792636123,0.20176364414242395,5.947223181202915,0.5324374988593907,8.614826047682243,0.07217265157986644,6.9461888664171685,0.6112655610387447,95,0.637047697368421,0.9117020589943846
29,1,0.0,0.14656802463872076,0.5659,-0.07200000000000006,0,0.125,7.749084639004941,0.13765181946718832,7.591478897765645,0.26714878982917883,7.3979995608472615,0.2125720409397975,7.015045922885309,0.33353288670961206,9.967498390655244,0.08404027437673198,10.049007303316346,0.20013200802056433,95,0.6759046052631579,0.934724419029079
29,1,0.0,0.14656802463872076,0.5659,-0.07200000000000006,18,0.125,8.014992178389658,0.14237530079582297,7.523493235744705,0.3530246657284775,7.210818470269377,0.20719363207099228,6.746791016269299,0.3627920092228023,10.221156487145343,0.08617897510096717,9.893647491723259,0.2873093052701621,95,0.5466282894736842,0.8185647660598766
29,1,0.0,0.14656802463872076,0.5659,-0.07200000000000006,5,0.125,7.505105419429998,0.1333178645484835,7.047805878464329,0.3579709704722915,6.869250149902246,0.1973791039159644,6.318465861030915,0.3986092481760929,8.153130648270231,0.06874255804769984,6.996459715960824,0.5138723161680248,95,0.5541118421052632,0.6983526268922529
29,1,0.0,0.14656802463872076,0.5659,-0.07200000000000006,1,0.125,8.605742439698695,0.15286916582738982,7.687065128356426,0.4527184619775047,7.40553339141249,0.21278851591065598,6.800383199633175,0.3976813059473402,10.259184031922041,0.08649960171876561,8.967784346426816,0.48999063750348376,95,0.4949424342105263,0.8000332308714796
29,1,0.0,0.14656802463872076,0.5659,-0.07200000000000006,3,0.125,6.8494392323312105,0.12167085747322569,6.576591326105647,0.3286923011555393,6.374414296507034,0.18316062952687426,5.990452832034057,0.36829755685021026,8.214427061614522,0.06925937452399777,7.443661215963777,0.4339527220244416,95,0.5608963815789474,0.652444835422623
29,1,0.0,0.14656802463872076,0.5659,-0.07200000000000006,6,0.125,8.92830179103187,0.1585989885955754,7.8774845006453775,0.4802273904517114,8.358580543674627,0.24017310502855832,7.329419851716075,0.4924972255339975,10.21362732622799,0.08611549350061755,8.906999859698523,0.4939020586321029,95,0.4314967105263158,0.6598056032018296
29,1,0.0,0.14656802463872076,0.5659,-0.07200000000000006,15,0.125,10.679075498307077,0.1896990729937622,9.523544143748842,0.47894385656066985,9.242291759259995,0.2655654148216745,8.406937755336168,0.4218623413854806,13.233578045366432,0.11157799944679805,11.419117632163008,0.5521828980491211,95,0.4659128289473684,0.43606036536934073
29,1,0.0,0.14656802463872076,0.5659,-0.07200000000000006,16,0.125,9.339581200048634,0.1659048010363874,8.311371196130224,0.4666983446473859,8.39880821182923,0.24132899554349282,7.141164813128592,0.5529326145251524,11.744530987405236,0.0990232020035152,10.709966417948527,0.41241940847058856,95,0.5222861842105263,0.3756888678948197
30,1,0.0,0.14632923872213652,0.614,0.04810000000000003,19,0.125,9.58466164373977,0.17041858702241366,8.347592495047389,0.5064638656749589,8.835565869334221,0.25349639329811635,7.835740569012109,0.4667834829037683,11.45087287252304,0.09600117049302791,10.801979523126418,0.3327604770389443,95,0.5139391447368421,0.713017041363309
30,1,0.0,0.14632923872213652,0.614,0.04810000000000003,2,0.125,10.55424725430813,0.18765815330989424,8.855646209278527,0.5988198342343699,9.889216100445005,0.28372609644721825,8.207545003485441,0.6136413857981383,10.363259070515342,0.08688289634925903,8.939655449538133,0.5214262143758629,95,0.5145559210526316,0.4109797027329391
30,1,0.0,0.14632923872213652,0.614,0.04810000000000003,9,0.125,9.752906746781498,0.17341004293390525,8.168086814581288,0.5843696341073681,8.780434076082095,0.25191463713759954,7.116838521615348,0.6270089812710382,9.079302094334459,0.07611853157565075,7.391098416943289,0.5995471055408416,95,0.5055921052631579,0.5047169811320755
30,1,0.0,0.14632923872213652,0.614,0.04810000000000003,12,0.125,8.23912251119677,0.1464944375558425,7.619549916155696,0.3853445221456237,7.367488550894762,0.21137658899686496,6.252740603076703,0.5313222953391405,9.201239861734985,0.07714082642846033,7.805957834947644,0.5374820751334243,95,0.5150493421052632,0.5915695353664379
30,1,0.0,0.14632923872213652,0.614,0.04810000000000003,13,0.125,8.131635424052753,0.14458328010499988,7.710914558249993,0.33762295593527825,7.466545252995273,0.21421857072003192,6.856753577686224,0.40228043466800584,9.377428596756916,0.07861794742858759,8.494814641497308,0.42372600250131204,95,0.5133223684210526,0.4784524190964434
30,1,0.0,0.14632923872213652,0.614,0.04810000000000003,14,0.125,8.244533922505076,0.14659065431374554,7.84416597264862,0.32930918732921904,7.523341838601745,0.2158480905284755,7.119014728309283,0.3464146155910004,8.911315954631174,0.0747101790231726,8.223362649285932,0.39123084783493006,95,0.5848273026315789,0.6542220347324755
30,1,0.0,0.14632923872213652,0.614,0.04810000000000003,15,0.125,8.224937296685264,0.14624221955342195,8.057785396517174,0.2686349822151997,6.811207173678338,0.19541662391158424,6.989693314396109,0.20878365174276056,10.873844408410394,0.09116351238789494,10.404972994116497,0.3002734825578701,95,0.5189144736842105,0.4578446909667195
30,1,0.0,0.14632923872213652,0.614,0.04810000000000003,5,0.125,7.029094140971412,0.12497971614201701,7.093668692652002,0.2440862505756397,6.60539574903113,0.18951180076622234,6.655958504747628,0.2536232335322268,9.345566373264528,0.07835082274876345,9.185070634633695,0.2578205593469081,95,0.5638569078947369,0.704951505870342
31,1,0.0,0.14608263075071892,0.5585,-0.055499999999999994,17,0.125,7.3691759913337265,0.1310916366611914,7.376427597401986,0.2627945590109122,6.267884690799711,0.17983519011339888,5.893124013947755,0.39404258542297194,7.429998965834017,0.062399807796500034,7.845867883089837,0.21305833876355298,95,0.5519325657894737,0.4633837443194517
31,1,0.0,0.14608263075071892,0.5585,-0.055499999999999994,5,0.125,8.399693608757948,0.1494237054345798,7.498710260146932,0.45078456645047527,7.310325926030202,0.2097444221697727,6.393804577609191,0.485316038461601,11.065797230791759,0.09293455133596228,8.792206343669196,0.6534465222223056,95,0.5463815789473684,0.6998043347381095
31,1,0.0,0.14608263075071892,0.5585,-0.055499999999999994,4,0.125,8.623704481151169,0.15340867633586694,8.118491004747755,0.3518830143381703,7.504375555892137,0.21531200258950814,6.847973335900194,0.41641678627397144,10.14729473420599,0.08522063650083096,11.19648380124167,-0.017352928279602883,95,0.49436677631578946,0.5953588954503868
31,1,0.0,0.14608263075071892,0.5585,-0.055499999999999994,0,0.125,7.906635455733671,0.14065260262402007,7.212770747852046,0.4167469313353565,7.512729503407293,0.2155516901098913,6.65062813846419,0.46596750018795424,11.155368017011261,0.09368679906439126,9.803082139375878,0.4829753008238095,95,0.68203125,0.9376017362995117
31,1,0.0,0.14608263075071892,0.5585,-0.055499999999999994,1,0.125,8.283242012283335,0.1473521264152134,7.829062850321217,0.3486964880484075,7.157617003242373,0.20536296981123267,6.70481364008269,0.37742148606644554,10.892123120911938,0.09147597359920043,9.573457719152033,0.48101003482585303,95,0.5082236842105263,0.8196601941747573
31,1,0.0,0.14608263075071892,0.5585,-0.055499999999999994,3,0.125,9.42969364364033,0.16774656683626255,7.874997668065863,0.5725478729404149,8.362923539964559,0.23994505625173815,6.912400853525311,0.578816780262331,13.457563769322496,0.11302146830387944,11.63014259257733,0.542990095459685,95,0.5477384868421052,0.5735305157270475
31,1,0.0,0.14608263075071892,0.5585,-0.055499999999999994,16,0.125,10.693344570057487,0.19022588722530845,9.312081219588059,0.5136305098957125,10.39242907552613,0.29817467147737237,9.07580863834589,0.5108250708365697,11.89886631156929,0.09993096556976827,10.767955408434366,0.4278419782730676,95,0.5263980263157895,0.3787689423527574
31,1,0.0,0.14608263075071892,0.5585,-0.055499999999999994,18,0.125,9.458580067758737,0.16826043278537606,7.922730087075099,0.5679743345565407,8.315993441253402,0.23859856000298785,7.193867962827018,0.5050890931214667,10.009452555423941,0.08406298822903403,8.780470081494908,0.48075605392922843,95,0.5283717105263158,0.7865369649805447
32,1,0.0,0.1458282277678111,0.6067,0.04820000000000002,1,0.125,8.321222579621542,0.1481892252257735,7.65010695537874,0.40399423163974657,7.154347707177673,0.20480705576286215,6.592934394299128,0.3973656093974412,9.365630746076803,0.07717628632027626,8.118854514221354,0.4987627231141459,95,0.5061266447368421,0.8107076123161914
32,1,0.0,0.1458282277678111,0.6067,0.04820000000000002,6,0.125,8.763798013842083,0.15607086882724594,8.076351582834004,0.3954606185874138,7.548527425281382,0.21609121342621718,6.85232335792425,0.42097549325394457,10.174331173781457,0.08384027910923054,8.479851332155528,0.565637465409814,95,0.4180921052631579,0.6587332808811959
32,1,0.0,0.1458282277678111,0.6067,0.04820000000000002,2,0.125,11.149184800634266,0.19855123951991502,9.176905941960895,0.6208289256563436,9.080779809023577,0.259954904742901,7.918802774907923,0.5053517977860371,10.09610573586281,0.0831956723595071,8.979163030524596,0.45727873081913095,95,0.5103618421052631,0.40823396712858523
32,1,0.0,0.1458282277678111,0.6067,0.04820000000000002,17,0.125,8.791500100188552,0.1565642038718912,7.895750965148808,0.44069036391303434,7.592217607596277,0.21734192949033568,7.166802227268447,0.3469461048235219,8.773197059089208,0.07229441204054511,8.65136716976367,0.28466953291387787,95,0.5454358552631579,0.4520919713531851
32,1,0.0,0.1458282277678111,0.6067,0.04820000000000002,16,0.125,8.431793276350822,0.15015833321732192,8.268583700843218,0.2837930817680642,7.108118959175459,0.20348366834063245,6.8070133699332045,0.32794104246893035,11.934332573708406,0.0983433462968567,10.497187940352282,0.4880360137450372,95,0.5284950657894737,0.38940325215902905
32,1,0.0,0.1458282277678111,0.6067,0.04820000000000002,12,0.125,7.607485216711837,0.13547857053384163,7.323085454273689,0.3387713854542756,6.815749928517347,0.19511403873690833,6.16719009125453,0.43205574692950494,8.767127459025401,0.07224439627491501,7.831822825145558,0.45375004274031944,95,0.49490131578947366,0.6287803256895979
32,1,0.0,0.1458282277678111,0.6067,0.04820000000000002,9,0.125,8.88607903239191,0.15824852111635723,7.554187489732568,0.5307896920187822,7.385007997166305,0.21141015318103554,6.478492123721522,0.4802268593184168,8.2706421235924,0.06815317215557352,8.07072846108654,0.317248585912415,95,0.5167763157894737,0.5162316995544239
32,1,0.0,0.1458282277678111,0.6067,0.04820000000000002,19,0.125,10.207960095200969,0.1817893564520232,8.618434373353448,0.5573862017443671,9.590209480303708,0.2745383154692837,8.118399442554393,0.573975182015094,13.764144624169107,0.11342167925139926,12.387472804261957,0.4533742873037857,95,0.5015625,0.7020823085751763
33,1,0.0,0.1455660576715669,0.6315,0.024799999999999933,13,0.125,7.469338853520812,0.1331463618261411,6.891615397742391,0.38892948062713956,6.737154129727201,0.19261357907182264,5.816621448559978,0.5097369824263743,9.124977351530568,0.0757016343089962,7.496002371574713,0.570530278590266,95,0.4770970394736842,0.6292338188399552
33,1,0.0,0.1455660576715669,0.6315,0.024799999999999933,9,0.125,6.754227925293422,0.1203989928470633,6.596204611447379,0.29058663730153667,5.834202858301635,0.16679842436884224,5.369109585611659,0.40408866844853164,9.326254929734292,0.07737145123377168,6.73202160440957,0.7133939916809133,95,0.5212171052631579,0.5184600820448091
33,1,0.0,0.1455660576715669,0.6315,0.024799999999999933,5,0.125,8.193426818374283,0.14605375296918582,7.1958554812699616,0.485712770715172,6.90991122710785,0.19755266198365942,6.187774607944153,0.4454818234831761,8.7243715680759,0.0723781726331086,7.364314269586713,0.5376532445518838,95,0.5464226973684211,0.7233802392956581
33,1,0.0,0.1455660576715669,0.6315,0.024799999999999933,10,0.125,8.827853303813518,0.15736286345927453,8.093338326014933,0.4003731297508829,6.930013398371483,0.1981273781144836,6.355143973804595,0.399603766488094,9.193682669205824,0.07627161981508222,8.363244341187686,0.43139554894326576,95,0.5696546052631579,0.8253212068716617
33,1,0.0,0.1455660576715669,0.6315,0.024799999999999933,12,0.125,8.266512277009424,0.1473565540752137,7.418575947738179,0.44361069016227533,6.654532235248214,0.19025143943558184,5.94162301667109,0.4503802799645606,8.45435482742632,0.07013808942298062,6.898186933994269,0.5784130360214307,95,0.5010690789473684,0.5813228294764484
33,1,0.0,0.1455660576715669,0.6315,0.024799999999999933,17,0.125,7.232601098241852,0.12892634029004182,6.747008967504118,0.3698968956941859,5.827456066393311,0.16660553524805144,5.305083075651475,0.42216404739742147,8.481306494925766,0.07036168288502012,6.452048159021357,0.6516040156697899,95,0.555921052631579,0.46826923076923077
33,1,0.0,0.1455660576715669,0.6315,0.024799999999999933,2,0.125,6.825667803928134,0.12167246030061568,6.849738152909055,0.23312291218328168,6.37917340812746,0.1823789983128944,6.059616976605961,0.3367016481608852,7.910740606300735,0.06562821686248423,6.929809581570644,0.501077232455463,95,0.5452713815789474,0.4379006108136641
33,1,0.0,0.1455660576715669,0.6315,0.024799999999999933,18,0.125,9.791576043150037,0.1745419175988917,8.222626801694323,0.607280784741193,7.835543888221369,0.22401627203766744,6.674802204113017,0.552756034309844,9.810167517421057,0.08138603366387918,8.190947493016816,0.55164713549816,95,0.5336759868421053,0.7860389860543956
34,1,0.0,0.14529614921189185,0.6581,0.026600000000000068,4,0.125,9.48288850604136,0.1693588827640517,8.293050784931324,0.5124887080460807,7.3778236963292585,0.21342864080282078,6.517042383816966,0.473124475960073,8.887322812089034,0.07389480538314863,7.47371872568731,0.545571823850444,95,0.4931743421052632,0.5937135234283809
34,1,0.0,0.14529614921189185,0.6581,0.026600000000000068,9,0.125,7.216109085682122,0.12887551845369302,6.854373004001684,0.3351169909264928,5.96724544243621,0.17262286773667973,5.553621470866339,0.3851545503388399,7.3850620639924545,0.06140406233684688,6.262657077120991,0.5315781598686183,95,0.530016447368421,0.5124127230411172
34,1,0.0,0.14529614921189185,0.6581,0.026600000000000068,8,0.125,8.102762919108434,0.14471064110982024,7.457742707439921,0.3912636644424864,6.807185631268782,0.19692099415401235,6.200154769179058,0.4138391982942793,9.15867999834654,0.0761510401224271,7.662724867621519,0.5556788897024268,95,0.6276315789473684,0.3694968553459119
34,1,0.0,0.14529614921189185,0.6581,0.026600000000000068,3,0.125,7.887547121675068,0.1408670119262367,7.083591616026354,0.440474008909492,6.540141041982589,0.1891958212478806,5.588276689901176,0.5231875988531282,8.37641667343314,0.06964680961622553,6.6643259706410305,0.6158553255474482,95,0.5659539473684211,0.6717523975588492
34,1,0.0,0.14529614921189185,0.6581,0.026600000000000068,17,0.125,6.760938275571547,0.12074643206635181,6.738704071163898,0.24997897999263644,5.892197462046017,0.17045184968190502,5.637913612551502,0.33849823723067024,6.554902938200505,0.05450159594348073,6.862158544475309,0.24840780023911965,95,0.5488486842105263,0.5243482169613425
34,1,0.0,0.14529614921189185,0.6581,0.026600000000000068,15,0.125,9.466702742105934,0.16906981441794175,8.59378668883933,0.42688432567863793,7.882183659673966,0.22801896796197732,7.171882219653374,0.41620278600503324,9.692894226443524,0.08059283404088796,7.883826878632459,0.6059285536211698,95,0.49329769736842105,0.4601983829290656
34,1,0.0,0.14529614921189185,0.6581,0.026600000000000068,6,0.125,8.796390992411663,0.15709843576474816,8.054322025641582,0.40305702824067785,8.107241172690046,0.2345295218980091,7.115312062491062,0.49472310803637926,9.644970366828156,0.0801943648556942,8.41032249812941,0.4924705996782592,95,0.43273026315789476,0.6393956670467503
34,1,0.0,0.14529614921189185,0.6581,0.026600000000000068,0,0.125,7.805793408529087,0.13940693807728285,7.160823446401566,0.39867388035813267,6.621394763579628,0.1915463614714502,5.991768855339782,0.42659534317843206,9.398553614529662,0.07814550060948094,9.189925343622614,0.2738474921494575,95,0.7000411184210527,0.9386784140969163
35,1,0.0,0.14501853198729012,0.6537,-0.0044000000000000705,17,0.125,7.672729551416188,0.1373078164948178,7.175508453060861,0.3543517438143089,6.154281792202609,0.17833729741711268,5.6674572331446305,0.3898796628681844,7.97563893803941,0.06695480103047512,6.9682797583832805,0.4871058759597381,95,0.57109375,0.4520123839009288
35,1,0.0,0.14501853198729012,0.6537,-0.0044000000000000705,15,0.125,8.680723094251116,0.1553464286314848,7.868000122628546,0.43733398518562266,6.723088644814077,0.19482004557069668,5.949230035096844,0.48008998203920683,8.667313492030955,0.07276134925816241,7.712332617412401,0.456546465739619,95,0.5042763157894737,0.45678408349641225
35,1,0.0,0.14501853198729012,0.6537,-0.0044000000000000705,10,0.125,8.361816053234692,0.14963940752858323,7.512591243446583,0.454680492179705,7.394516055346604,0.21427650756726152,6.403649784276045,0.5433672956662667,8.264086962894854,0.06937629732210356,6.261410848892495,0.678096048955648,95,0.5987664473684211,0.8125944238428787
35,1,0.0,0.14501853198729012,0.6537,-0.0044000000000000705,14,0.125,7.626992985482842,0.1364893348892567,7.325336323918905,0.28958551799649834,6.442542834099022,0.1866904565505765,6.334895306851006,0.23346050499813076,8.842785857422621,0.07423442463211281,8.773839874071937,0.2476823112068512,95,0.6186677631578947,0.66502724976738
35,1,0.0,0.14501853198729012,0.6537,-0.0044000000000000705,3,0.125,6.651894048924421,0.11903939025768252,6.4087371862646485,0.2963977614230106,5.466624299009554,0.158410523989212,5.148603643613212,0.3499471326219428,7.8996301780880955,0.06631671404601536,5.958038220051714,0.6755250068530768,95,0.5878700657894737,0.6602084353360845
35,1,0.0,0.14501853198729012,0.6537,-0.0044000000000000705,9,0.125,6.673394102658325,0.11942414582777539,6.463101672776852,0.2844433393431074,5.273656112433394,0.15281873829537604,5.048089523113477,0.3221408755238966,8.247163292640401,0.06923422456988956,6.791374369376712,0.5726210043257113,95,0.5458881578947369,0.5329165411268454
35,1,0.0,0.14501853198729012,0.6537,-0.0044000000000000705,8,0.125,7.6366539173719,0.13666222270631093,7.138365934547978,0.35554560101423394,6.299811995293559,0.182554436636296,5.921325334433089,0.34421752528252786,7.825386145480486,0.0656934417954081,7.386987505394568,0.3652427524699935,95,0.6550986842105263,0.36480040170725586
35,1,0.0,0.14501853198729012,0.6537,-0.0044000000000000705,1,0.125,7.779112468588013,0.13921159871095445,7.017222941168831,0.43833053905478964,6.305873613789582,0.18273008875900576,5.73135000767357,0.41813182712756203,8.33377235142156,0.06996130014880923,7.249712517049449,0.4932043376070021,95,0.5193667763157894,0.8134747842609453
36,1,0.0,0.14473323644161884,0.6676,0.013900000000000023,16,0.125,8.997896428839635,0.1613814542257548,8.095662735489263,0.4550170213221767,6.725704742951264,0.19883552566465668,6.279041736626937,0.358415213264432,9.128400361873428,0.07691957723619275,7.479154857930009,0.5888487623355125,95,0.5280016447368421,0.44233315162370535
36,1,0.0,0.14473323644161884,0.6676,0.013900000000000023,5,0.125,7.324670331847959,0.1313713665439806,7.039428708062875,0.2957010879788173,5.611753657879763,0.16590320733815894,5.015127091083103,0.4488308383269072,7.0956048078916405,0.059790423340514896,7.421683710154448,0.21197833786386222,95,0.5982319078947368,0.7551721767819094
36,1,0.0,0.14473323644161884,0.6676,0.013900000000000023,1,0.125,6.9268113349746026,0.12423558052999306,6.668276915620017,0.298368651923087,5.596913421237689,0.16546447766350184,5.194478601030456,0.37741872871221027,9.15674977216936,0.07715846078297124,9.599776523539996,0.11720296127150164,95,0.5376233552631579,0.8264627151051626
36,1,0.0,0.14473323644161884,0.6676,0.013900000000000023,19,0.125,9.226568697353308,0.165482797637039,8.106656599987799,0.5173578023607034,8.291028911921192,0.24511202245838198,7.2553445335808116,0.5432878661246234,11.452918643999482,0.09650690430893319,10.355914343528296,0.43286991867919133,95,0.5394325657894737,0.7024925680310999
36,1,0.0,0.14473323644161884,0.6676,0.013900000000000023,9,0.125,6.9249423773784216,0.12420205990690707,6.598665932885999,0.32051963635432407,5.438171838409674,0.16077151725670916,5.102307541230945,0.3584093437552778,6.250701367865462,0.052670926732581204,6.229958228855748,0.33688477681971657,95,0.5641447368421053,0.5099854227405248
36,1,0.0,0.14473323644161884,0.6676,0.013900000000000023,8,0.125,7.191991538422847,0.12899171072140025,7.045427889000255,0.25355776574922456,5.979591911201943,0.1767778019351842,5.979911836903749,0.20538578346227773,8.081894439693691,0.06810129693316745,6.856025257197751,0.5297377629031622,95,0.6305509868421053,0.38611020541245517
36,1,0.0,0.14473323644161884,0.6676,0.013900000000000023,4,0.125,9.157096058236274,0.16423677356704935,8.192953983607657,0.47138116487563875,7.431006095257696,0.21968671829020525,6.721368702751986,0.4403168708941979,13.967416401459664,0.1176950749409997,11.789204470675443,0.6325735439283132,95,0.5115542763157894,0.5825898239691343
36,1,0.0,0.14473323644161884,0.6676,0.013900000000000023,10,0.125,7.3351134665679,0.13155866901863209,7.10553584844631,0.27712824641294537,6.025290052320487,0.1781287999730814,5.8438118759507285,0.27668282730385363,8.925443177028779,0.07520937827071986,7.408504758271942,0.5669681142712686,95,0.62265625,0.834709106517863
37,1,0.0,0.1444402938607496,0.6921,0.024500000000000077,2,0.125,8.745022889754901,0.15714602255257665,7.896420567284892,0.44397699117742606,7.586449404063781,0.2234131742892853,6.8011077518406,0.46215153231620554,10.51891713186383,0.0897156244227987,8.646560949340587,0.6252487605405498,95,0.5417763157894737,0.43594414086217365
37,1,0.0,0.1444402938607496,0.6921,0.024500000000000077,16,0.125,7.415670245209694,0.13325786544955007,7.16969877398773,0.2791990700985618,6.15395559797423,0.1812276970887422,5.797195882661033,0.3419318674177977,8.44071080051277,0.07199064604724059,6.737263701278134,0.6253485227963155,95,0.5281661184210527,0.42701440249124173
37,1,0.0,0.1444402938607496,0.6921,0.024500000000000077,6,0.125,8.265223237371414,0.14852413465763403,7.513080338901087,0.42282931568434534,7.59031385221965,0.22352697833428647,6.817425762029294,0.4576221106870271,12.601496541046053,0.10747790068780247,11.30257571541814,0.47224044737025367,95,0.4564144736842105,0.6441441441441441
37,1,0.0,0.1444402938607496,0.6921,0.024500000000000077,7,0.125,8.929459093219434,0.16046029813018595,8.185978307709437,0.4078948353239681,7.0432856971161275,0.20741755875629203,6.5255031046629295,0.37689463811241214,8.870721601765581,0.07565819918596452,8.275659201713465,0.36659370337850083,95,0.5694901315789473,0.635884476534296
37,1,0.0,0.1444402938607496,0.6921,0.024500000000000077,9,0.125,7.057086140991485,0.12681419269547572,6.676373415633189,0.33338426748952055,5.602248135025067,0.1649804766814545,5.392944616400124,0.30580983983156895,6.962196032013868,0.059380424480573936,6.8290120428956325,0.31150352015535804,95,0.5532072368421053,0.5221495466032406
37,1,0.0,0.1444402938607496,0.6921,0.024500000000000077,3,0.125,6.954787391788978,0.12497590802178882,6.588349674164567,0.3317140191702094,5.795180680638,0.1706621427868145,5.485610474576737,0.33657435292913007,7.698899119249368,0.06566374971804782,8.42404240328626,0.054195257242891405,95,0.6036595394736842,0.6696410326272052
37,1,0.0,0.1444402938607496,0.6921,0.024500000000000077,13,0.125,7.581197605640243,0.1362323535261635,6.921299799749513,0.40885111523615775,6.228266845477025,0.18341608731001002,5.557737536199244,0.4542771860155726,8.623462153878243,0.07354932852146881,6.630026603507165,0.6804380828449598,95,0.49054276315789475,0.6139983235540654
37,1,0.0,0.1444402938607496,0.6921,0.024500000000000077,1,0.125,7.232487552816683,0.12996611517365791,6.839968398039459,0.33232041031907134,6.07599289853881,0.17893177534336044,5.827860935846119,0.30336044164956744,8.76472630116851,0.074754167481965,9.002874744479632,0.1578040250044279,95,0.5412417763157895,0.8191141836967256
38,1,0.0,0.14413973636913754,0.676,-0.016100000000000003,14,0.125,8.03493549708209,0.14464347202608946,7.286568431502508,0.429146548284792,6.52840395545179,0.19253866298542577,6.017676758650015,0.3883049530685409,7.279892981579309,0.06303526789949301,6.622180831411639,0.41704919040076227,95,0.6240542763157895,0.6366212031363248
38,1,0.0,0.14413973636913754,0.676,-0.016100000000000003,15,0.125,8.65824142701379,0.15586411391830032,8.076105008504454,0.36265141398008277,6.574420456350395,0.19389580258933864,6.244474890516202,0.3165211693760381,10.004590228163018,0.08662792528031002,9.400658276399664,0.342379302273775,95,0.5293996710526315,0.4596504854368932
38,1,0.0,0.14413973636913754,0.676,-0.016100000000000003,6,0.125,7.304491026478148,0.1314941412830136,6.955062625242872,0.313404524680222,6.626583705031932,0.19543422487856177,6.455172289976108,0.2515133809270331,6.94675460868431,0.06015068338208685,6.705345509840911,0.3098278613506729,95,0.48832236842105264,0.6734590771303469
38,1,0.0,0.14413973636913754,0.676,-0.016100000000000003,10,0.125,7.859453427166588,0.14148447518285145,7.30430451501117,0.3694078780268494,6.555217242201592,0.19332945265105922,5.993612971717852,0.40706542440822563,8.572828033202656,0.07423055711074206,7.391645623440172,0.5253865604702245,95,0.6282894736842105,0.8152486910994764
38,1,0.0,0.14413973636913754,0.676,-0.016100000000000003,11,0.125,7.741721521544038,0.13936508647043708,7.013095453190653,0.4288831738354152,5.941854019548335,0.1752398651163495,5.47072535860957,0.39046953273013435,8.310119999334525,0.07195581607593166,7.599662936216361,0.4046223052200055,95,0.66484375,0.9123631640794112
38,1,0.0,0.14413973636913754,0.676,-0.016100000000000003,1,0.125,6.6335580559609575,0.11941612592276249,6.425459259711166,0.28406644304906126,5.556797739541981,0.16388360992251258,5.1032040747686995,0.39721243638248827,7.694582575533502,0.06662598959226763,7.3818529786388405,0.3075886461069106,95,0.5611019736842106,0.8335043236113147
38,1,0.0,0.14413973636913754,0.676,-0.016100000000000003,9,0.125,6.387012873367749,0.11497786363247549,6.258444602429825,0.26447731112773853,5.520677458790286,0.16281833415066302,4.999931436771881,0.4241018437248977,7.557768434503869,0.06544134085442711,6.9315191444738185,0.4003227062268383,95,0.5724917763157895,0.5648926237161531
38,1,0.0,0.14413973636913754,0.676,-0.016100000000000003,0,0.125,8.09041546247221,0.14564221244221706,7.249974376665404,0.4577225393768656,6.806417600247778,0.2007379680262886,5.993822947339734,0.49476836213048825,10.352083903913075,0.08963680975151174,9.365234179362503,0.443861202098532,95,0.6974506578947368,0.9401014031364225
39,1,0.0,0.14383159692629857,0.7003,0.02429999999999999,7,0.125,8.674161989425803,0.15652235645634466,7.860809226540025,0.44328439888994664,6.869217157690738,0.2054427204405666,6.169704145472179,0.4539356170998833,8.356373764169085,0.07300842134673782,7.965399256890894,0.3208497662108946,95,0.5876644736842105,0.6418975650713686
39,1,0.0,0.14383159692629857,0.7003,0.02429999999999999,9,0.125,6.730506764480873,0.12144974698491309,6.538779531737369,0.2700559830508729,5.5929706747838175,0.16727307994411644,5.374759967099743,0.30073469501374556,7.762043816947994,0.06781584709978915,6.875281169555779,0.4641598151114724,95,0.5782072368421053,0.5415303655241075
39,1,0.0,0.14383159692629857,0.7003,0.02429999999999999,14,0.125,6.737206514187656,0.12157064173106283,6.3629490105296425,0.33488294676871366,5.42907650348778,0.16237137664336804,5.052467584432917,0.3709243908709014,9.137118862570524,0.07982967763770274,7.929735999188992,0.5108946702681224,95,0.659375,0.6466699925168371
39,1,0.0,0.14383159692629857,0.7003,0.02429999999999999,6,0.125,7.5681522888991735,0.1365647807503526,7.248379764005536,0.2940629982710375,6.758005749007189,0.20211663919732104,6.4317579502898585,0.3092195743554372,7.337261326594466,0.06410458430665933,7.968171199889481,0.06009636474343022,95,0.4737253289473684,0.6844023956253797
39,1,0.0,0.14383159692629857,0.7003,0.02429999999999999,12,0.125,7.6872551774285025,0.13871395260073927,6.937873166798808,0.4399943798920288,6.158295928108697,0.1841806773181176,5.482708496529317,0.46278649562095825,9.074500948547822,0.07928259403662857,7.113458642561425,0.6858822163784029,95,0.5613486842105263,0.6251831233518899
39,1,0.0,0.14383159692629857,0.7003,0.02429999999999999,10,0.125,7.749914696894364,0.13984462270503,7.43214863645773,0.2892396320450589,6.179207270311313,0.18480608818103655,5.70794735261726,0.3830542192360897,6.631081970391693,0.0579347980525919,6.798490873696778,0.22254735346677407,95,0.6336759868421052,0.8255142430731296
39,1,0.0,0.14383159692629857,0.7003,0.02429999999999999,0,0.125,6.985887428003301,0.12605800577655704,6.500772341166962,0.3666040125714127,5.80501537380072,0.17361485642620955,5.539692382986527,0.31242953837807713,9.23887420255559,0.0807186992331422,7.984355508428091,0.520396407338788,95,0.7244654605263158,0.9408592996197287
39,1,0.0,0.14383159692629857,0.7003,0.02429999999999999,18,0.125,7.667002970185857,0.1383485082840519,6.992107329534799,0.4152947655513209,5.9829947491060445,0.1789378162636491,5.305719227649554,0.4685339967988942,8.75619731213301,0.07650162149286609,7.455290230485825,0.5408317515257128,95,0.5903782894736842,0.8243487950968101
40,1,0.0,0.14351590932319505,0.6219,-0.07840000000000003,10,0.125,8.974399718772904,0.1622650677510578,8.101540060699998,0.44699835597951426,6.864285293659581,0.20548533278023814,6.290993351838292,0.40274202807127996,10.165421573106954,0.08986091324745489,8.615968692770918,0.5723408056713222,95,0.6138980263157895,0.8118553248492967
40,1,0.0,0.14351590932319505,0.6219,-0.07840000000000003,0,0.125,6.267708691620227,0.1133257050454525,6.271316984862218,0.2318470884432592,5.472487240460296,0.16382125940777645,5.17563795826257,0.3415931633932212,8.45589109129957,0.0747489014912498,8.270580298254712,0.26553239469664375,95,0.7475328947368421,0.9464796479647964
40,1,0.0,0.14351590932319505,0.6219,-0.07840000000000003,18,0.125,7.224943892538251,0.1306333623370868,6.872193037786857,0.3199852214943913,5.997619122955368,0.17954130818367514,5.661190411772827,0.3376270353299071,7.464452641489132,0.0659847234502424,6.88069617864992,0.39789468612083273,95,0.6044819078947369,0.8312359703421536
40,1,0.0,0.14351590932319505,0.6219,-0.07840000000000003,7,0.125,7.889307641157536,0.1426456452818223,7.392699266562748,0.3497917163870093,6.317258156233273,0.18910984013023227,6.12163026860627,0.2723827826935006,7.3652359361145345,0.06510766157039356,7.185565802572461,0.29579987050402573,95,0.5763569078947368,0.761931939787401
40,1,0.0,0.14351590932319505,0.6219,-0.07840000000000003,3,0.125,7.148756588970757,0.12925582864541385,6.780580030401622,0.32712208994414976,5.915699866952698,0.17708902001955024,5.504982343278579,0.3688407863484579,8.023439971301993,0.07092609372096766,6.658381828527015,0.5699879443474193,95,0.5969161184210526,0.672452986154164
40,1,0.0,0.14351590932319505,0.6219,-0.07840000000000003,5,0.125,7.531625587271739,0.13617843805617266,6.958305999590442,0.38272174500149814,6.080074411408517,0.1820096427097672,5.423917629226725,0.45490993367830623,8.161376019790328,0.07214542921018127,7.030799977079605,0.5121078645953858,95,0.5900082236842106,0.7553836504286013
40,1,0.0,0.14351590932319505,0.6219,-0.07840000000000003,8,0.125,7.619702676071256,0.13777094955880537,6.904737288190247,0.4249469133760299,6.3400271641709764,0.18979144017641283,5.805095830027177,0.4023650778218663,7.601175558689878,0.0671933350275545,6.995693640124172,0.3991267310654015,95,0.6515625,0.3888047456771425
40,1,0.0,0.14351590932319505,0.6219,-0.07840000000000003,15,0.125,9.237556937101788,0.16702318252189788,8.263154330774995,0.4740536924713697,7.444345817133144,0.2228496940501203,6.581120737801471,0.49667033595057736,9.130980693821302,0.08071659970919226,8.166503765717572,0.45031073777004255,95,0.5244654605263158,0.46914935319482554
41,1,0.0,0.14319270817853014,0.6435,0.021599999999999953,10,0.125,7.133209713911251,0.12913428566434026,7.305155281725176,0.18609998394538702,5.649777086773778,0.1708102325677859,5.730511916179439,0.23803997968743756,6.438605519404226,0.056858746346894536,7.586072600538751,0.025606449383722182,95,0.6479440789473684,0.8168549308287854
41,1,0.0,0.14319270817853014,0.6435,0.021599999999999953,9,0.125,9.099275534461722,0.16472646863503412,8.005760259901823,0.4895430695353245,7.17975585302159,0.21706622194095165,6.209881930578308,0.5104884011960387,10.698076067642814,0.09447374772327576,8.443477902552832,0.6779139502729498,95,0.5643914473684211,0.49672155034241583
41,1,0.0,0.14319270817853014,0.6435,0.021599999999999953,11,0.125,8.89549171694302,0.16103731904310373,7.637621941206201,0.5354651874028556,7.502275308408434,0.2268169824286934,6.239788877753969,0.5855840320626583,8.64213835935176,0.07631794670262969,6.567779697400106,0.6785454851701098,95,0.6596217105263158,0.9120433861114574
41,1,0.0,0.14319270817853014,0.6435,0.021599999999999953,8,0.125,6.801017500921405,0.12312052666268898,7.0234748393212065,0.18232675245999103,5.534445761754691,0.16732340996464665,5.719349683879634,0.20796261575479869,6.5087961478105925,0.05747859347442224,6.428875858948937,0.3400951429538049,95,0.6091282894736842,0.4108950992304577
41,1,0.0,0.14319270817853014,0.6435,0.021599999999999953,19,0.125,10.60021477523502,0.1918983483997412,9.185732907340943,0.5494645721213512,9.27437228087173,0.2803929538962638,7.9589648105252495,0.5694077611606836,12.79134066246654,0.11295917912225209,10.293313639613055,0.7026655273936009,95,0.5466282894736842,0.7030239205656688
41,1,0.0,0.14319270817853014,0.6435,0.021599999999999953,0,0.125,7.292896027077854,0.13202512706788488,6.759576606990488,0.3839343768215639,5.650078362704854,0.1708193410708408,5.153866028606629,0.42349455669109864,7.464438155995175,0.06591778211209358,7.885810009185237,0.17632824201293945,95,0.7352384868421052,0.9356859236060623
41,1,0.0,0.14319270817853014,0.6435,0.021599999999999953,3,0.125,6.970839582325774,0.12619485842240397,6.469364750758634,0.38569715562164897,5.730122924002645,0.17323933568674688,5.1532391424068855,0.4442940808972842,7.667105443705262,0.06770751870489966,6.3658019401586685,0.5574909850545576,95,0.6064967105263158,0.6686101694915254
41,1,0.0,0.14319270817853014,0.6435,0.021599999999999953,14,0.125,8.221244604343267,0.14883125434869113,7.206676328861837,0.4870376222479578,6.438980983022214,0.1946703068665006,5.592705586309627,0.49654757845331565,7.8323571636787594,0.06916684178363838,7.119285673689876,0.42966374886205577,95,0.6260690789473684,0.6465913568895311
42,1,0.0,0.14286202893495145,0.5799,-0.06359999999999999,1,0.125,9.101113360511357,0.1649126956744508,7.96671358164212,0.49564356615247185,6.682291470830605,0.1998478911007633,5.821051636592634,0.4963864498866718,9.904716965165193,0.08564134273715991,8.732907458894429,0.4907548761809804,95,0.5369654605263158,0.8106286851979477
42,1,0.0,0.14286202893495145,0.5799,-0.06359999999999999,7,0.125,8.482692530340604,0.1537068747902507,7.625386300159874,0.4387427609224235,6.906111963696765,0.20654171068042249,6.114176566308858,0.4686168416765636,8.56184693009276,0.07403018884658712,8.749992441746897,0.1518061880180157,95,0.6119654605263158,0.7215615131357925
42,1,0.0,0.14286202893495145,0.5799,-0.06359999999999999,8,0.125,8.855670668796474,0.16046526003433256,7.66707099752414,0.5138298106626491,7.0105482898555875,0.20966509726543742,6.219614191721622,0.4654863999223209,6.839668303842411,0.059139335276107784,6.4109722777959215,0.37544522514107354,95,0.6488898026315789,0.37608516570559536
42,1,0.0,0.14286202893495145,0.5799,-0.06359999999999999,19,0.125,7.235972662233866,0.1311162393310275,7.082324348238662,0.28628256439877825,6.387020252729832,0.19101718826509992,5.940883271068058,0.3737603843545758,7.130821382609568,0.06165679647114977,5.833194902780685,0.5818227920905995,95,0.5761513157894737,0.7425064230659435
42,1,0.0,0.14286202893495145,0.5799,-0.06359999999999999,4,0.125,7.755640996895981,0.14053265933713618,7.5836726929238605,0.27512556178125364,6.409883193617717,0.19170095229136996,6.154233859173277,0.30943437349352,6.914951027061305,0.05979026891954769,6.5115695435338745,0.365930603781362,95,0.5174342105263158,0.6205499046408137
42,1,0.0,0.14286202893495145,0.5799,-0.06359999999999999,14,0.125,6.443320166031263,0.11675333067316754,6.754115540448771,0.18248514179328,5.258705313417393,0.1572725720502301,5.432481046793368,0.2070277172527859,11.02930142228902,0.0953650858050486,10.899321754872616,0.19641634777972472,95,0.6494654605263158,0.6569167458056347
42,1,0.0,0.14286202893495145,0.5799,-0.06359999999999999,6,0.125,8.857112186356101,0.16049138041512592,8.046219146208557,0.4185464930502934,7.731667501507672,0.2312316742862091,7.040871643313262,0.4161507795015867,9.67173895909866,0.08362689352695662,7.973633719765856,0.6217611872609119,95,0.4752467105263158,0.6581588510122859
42,1,0.0,0.14286202893495145,0.5799,-0.06359999999999999,15,0.125,10.77487187572458,0.19524129589269598,9.18476597782671,0.581915372935069,7.544659111820414,0.22563879758211905,6.427317345375081,0.5529363994534985,8.133412038770214,0.0703257175833136,6.791918644430864,0.5659245667076412,95,0.5256578947368421,0.4703535669586984
43,1,0.0,0.14252390785516453,0.6229,0.04300000000000004,4,0.125,8.769397549810344,0.15913100244828443,7.963394425688165,0.41949970526542224,7.099978730251538,0.21233396102784463,6.316107978146153,0.46233377808865594,9.933895698701004,0.08621270348739524,8.63964627018196,0.49423251581141187,95,0.5196957236842106,0.5906321702666351
43,1,0.0,0.14252390785516453,0.6229,0.04300000000000004,18,0.125,8.232731614378197,0.1493925696996162,7.401955852620675,0.4381157121353699,6.216479521047814,0.18591178516189683,5.619383553816285,0.42802604300067076,9.158607720805714,0.07948425831513828,6.865265137031555,0.6851915240235835,95,0.5889802631578948,0.8302848366378107
43,1,0.0,0.14252390785516453,0.6229,0.04300000000000004,14,0.125,8.341390371665586,0.15136431027514763,7.176646690906358,0.5204392221904052,6.673782727711349,0.1995880234931296,5.824009083180844,0.4946629317339233,7.4471301298597306,0.06463096062117901,6.579955669598742,0.48791818662601205,95,0.6342105263157894,0.6611773858921162
43,1,0.0,0.14252390785516453,0.6229,0.04300000000000004,1,0.125,6.75474584321937,0.12257278464221606,6.755906130649244,0.2559966851217505,5.711982229270789,0.17082414724624903,5.587564754402005,0.28717945222712765,7.861843328078857,0.06823010712671863,7.795840621374156,0.3100439787628569,95,0.5650904605263158,0.8242014116277377
43,1,0.0,0.14252390785516453,0.6229,0.04300000000000004,16,0.125,8.832537603988978,0.16027675277594544,7.859181695028724,0.4616240396027841,6.319853134470526,0.18900330552241318,5.674486665425648,0.4402367850707928,7.47086126951145,0.06483691463642795,5.986730278772919,0.5986898071396937,95,0.5354029605263158,0.4818370324859842
43,1,0.0,0.14252390785516453,0.6229,0.04300000000000004,3,0.125,7.845076913146105,0.14235812054156805,6.800523922126071,0.5022647985592344,5.948825270684273,0.17790724186326984,5.234177118716652,0.47530475350405166,7.615280268348784,0.06609027512080848,6.030008488009769,0.6107414230675526,95,0.6150082236842105,0.6449154242160862
43,1,0.0,0.14252390785516453,0.6229,0.04300000000000004,6,0.125,7.717870832060783,0.14004981702520358,7.143106443020456,0.3841406077893161,6.204494956614276,0.18555337140686345,5.748817845049523,0.38178057229801005,7.244865814773639,0.06287558146767344,6.688659509820211,0.43606928122269517,95,0.4876644736842105,0.6769814502529511
43,1,0.0,0.14252390785516453,0.6229,0.04300000000000004,2,0.125,9.145558901936756,0.16595689130851435,8.504603732713973,0.3679274866079309,7.205447484118091,0.2154881392478071,6.414906985321773,0.4618445187231351,10.123496506425067,0.0878581806207441,7.254388451437031,0.7590536494444657,95,0.5623766447368421,0.44103239014403745
44,1,0.0,0.14217838201795596,0.551,-0.07189999999999996,3,0.125,6.161905526877203,0.11199108053779419,6.274289010917854,0.2537251374474864,5.338317601646199,0.16002605759740884,5.1738693832328835,0.3147545290881566,6.416145782256803,0.05728575770724911,5.308493617653152,0.5648003173815997,95,0.6281661184210526,0.6878313805066439
44,1,0.0,0.14217838201795596,0.551,-0.07189999999999996,6,0.125,6.854689643635501,0.12458225732178861,6.570561781964527,0.3359813862370122,5.390735686777031,0.16159738776849228,5.144874514119466,0.3410042187823439,6.719333384596181,0.05999273041592506,6.462359607774192,0.3609662311711941,95,0.4920641447368421,0.6954123840561545
44,1,0.0,0.14217838201795596,0.551,-0.07189999999999996,8,0.125,8.619535508795778,0.15665788629075844,7.424520407727346,0.5200352191383012,6.7670048976703745,0.20285363223473435,5.67905251867643,0.5684094670950878,6.943852817816673,0.06199732418429078,6.540396246523154,0.38620373374426925,95,0.6696957236842105,0.37889114017314424
44,1,0.0,0.14217838201795596,0.551,-0.07189999999999996,15,0.125,11.282876942318994,0.20506344585027078,9.642482087369157,0.5878574618049367,7.951513718320421,0.23836150023785393,7.046807125637455,0.4843896400628368,8.641074898217866,0.07715075993416518,7.8694519358522985,0.4158065858629545,95,0.5124177631578948,0.4651741293532338
44,1,0.0,0.14217838201795596,0.551,-0.07189999999999996,18,0.125,7.577904614521321,0.1377265072128867,7.13740519157394,0.3538696003431325,6.362915457788287,0.19074029526109032,5.83996074074549,0.3981713750448688,9.324852439706142,0.08325578246586612,7.499995225855668,0.6258012644738792,95,0.5909950657894737,0.8254365824810408
44,1,0.0,0.14217838201795596,0.551,-0.07189999999999996,12,0.125,7.572823651366189,0.1376341619876258,7.109110320853548,0.3602180990518792,5.431581930425297,0.16282183034131326,5.058600038072466,0.38308648879705154,7.996001352157253,0.0713913012003603,6.2437352365518,0.6400121735359318,95,0.5094572368421053,0.621226795803067
44,1,0.0,0.14217838201795596,0.551,-0.07189999999999996,13,0.125,9.104381097610142,0.16546983271682147,8.082146889055483,0.46733715349586347,6.751247109884868,0.20238126306453105,5.99469533804981,0.4638597884771066,6.109889738287696,0.05455138880002894,5.480298713304115,0.47685626324291785,95,0.511389802631579,0.5495698319530433
44,1,0.0,0.14217838201795596,0.551,-0.07189999999999996,5,0.125,8.129199349354625,0.14774615012683245,7.3169048243562145,0.43573706747183244,6.2998352048375486,0.18884934666169617,5.620022768453117,0.45227712252988045,8.527210151459137,0.07613413273840287,6.472167017448536,0.686116865958057,95,0.5792351973684211,0.7482075672605949
45,1,0.0,0.14182548931412756,0.6086,0.057599999999999985,14,0.125,8.789091252204777,0.15991294130173755,7.771389601897328,0.4698911822569905,7.019188289098085,0.21209280348661697,6.342181437258825,0.42908434048420335,9.080251232559718,0.07998195207261435,7.935504085701635,0.5001220898246722,95,0.6160361842105263,0.6617274062207983
45,1,0.0,0.14182548931412756,0.6086,0.057599999999999985,12,0.125,7.550924091267194,0.13738513417729997,7.0378383919339536,0.3783621090674205,5.502417812662574,0.16626184848964326,5.185539149490155,0.36710029832528546,7.919016201333699,0.06975339757188409,6.638911239529839,0.5581264331052331,95,0.5524259868421053,0.6471901749162635
45,1,0.0,0.14182548931412756,0.6086,0.057599999999999985,17,0.125,9.647408110308103,0.17552956984837345,8.287644907186142,0.5341930668777974,7.591914055425099,0.22939836766388536,6.354591594932279,0.5862751972045988,9.420143919422275,0.08297584286860829,8.597845201012143,0.41079078278411263,95,0.5703125,0.4534967555875991
45,1,0.0,0.14182548931412756,0.6086,0.057599999999999985,9,0.125,9.304136034948721,0.1692839130833808,7.807126598127895,0.5718397181619712,7.293133567528448,0.22037037344359606,6.414330798338716,0.4850765793758812,7.668937822862522,0.06755062185907594,7.8063926485085675,0.18639439158883547,95,0.5480263157894737,0.524984993997599
45,1,0.0,0.14182548931412756,0.6086,0.057599999999999985,2,0.125,9.662864011858474,0.17581078193349886,8.408888797821827,0.5090696529825514,7.582904882471279,0.22912614519738744,6.572501407150553,0.5186987622311487,8.817271613376192,0.07766553782823868,8.16851974670628,0.3768628980963218,95,0.5642269736842105,0.4335373852208133
45,1,0.0,0.14182548931412756,0.6086,0.057599999999999985,16,0.125,8.14945786608352,0.148275144720233,7.678958358465781,0.3499394867281026,6.04870437680208,0.18276852192870371,5.811593933319344,0.31729566532684594,7.942502489086223,0.06996027281060548,6.510321051848257,0.5938924025422468,95,0.5141447368421053,0.49120281509916824
45,1,0.0,0.14182548931412756,0.6086,0.057599999999999985,3,0.125,6.998474429012538,0.12733360007926317,6.575731866786246,0.37431344436155417,5.2933907983192,0.15994585814281356,5.08792633715944,0.34008030647790405,5.967008720293242,0.05255944943153612,5.474190405240415,0.42699545099598235,95,0.6151315789473685,0.666644385026738
45,1,0.0,0.14182548931412756,0.6086,0.057599999999999985,15,0.125,7.496456937341825,0.1363941326575063,7.619524826317088,0.21171921694249515,5.8774894462883305,0.17759506694847071,5.51614940651047,0.3654494318829245,7.021140043862682,0.06184459791923993,6.40622427413988,0.4165963110299617,95,0.5415296052631579,0.48101746393318146
46,1,0.0,0.14146526844234109,0.6139,0.005299999999999971,14,0.125,6.262242189137752,0.11404020229824217,6.057700265486862,0.32768893669050236,5.067231511363701,0.1528427447626483,4.650327928006286,0.411862283678244,8.952271824446834,0.07955642357093205,8.631047823822904,0.3088100793153937,95,0.644202302631579,0.6811769962341226
46,1,0.0,0.14146526844234109,0.6139,0.005299999999999971,5,0.125,8.32438084465059,0.15159331863245556,7.2775383035065,0.49399039139465317,6.605935519256505,0.19925462537560493,5.783470409865017,0.49201425495776147,10.780130765760672,0.09580011266066371,8.607073751781225,0.6615546375939702,95,0.5891036184210526,0.7322537865568507
46,1,0.0,0.14146526844234109,0.6139,0.005299999999999971,18,0.125,8.741537777786402,0.15919006427213075,7.409189852195011,0.558891404482291,6.650058129342154,0.20058549427639605,5.727251055776904,0.5238558655461723,8.010670183107505,0.07118866391366704,6.6279819511476274,0.5631722323252132,95,0.5775493421052632,0.8158194503773316
46,1,0.0,0.14146526844234109,0.6139,0.005299999999999971,3,0.125,7.158327566521789,0.13035859986686812,6.477880009093813,0.42748791231169997,5.256850954497876,0.1585622300642371,4.77529618334143,0.4251132524610337,7.293283577500492,0.06481344276545181,5.284331244652203,0.7010798100260444,95,0.6157894736842106,0.6129807692307693
46,1,0.0,0.14146526844234109,0.6139,0.005299999999999971,17,0.125,6.832055189031581,0.12441693124251314,6.699844288936916,0.2844036071724467,5.055448591174031,0.15248733691142427,5.01632495261523,0.27573848195982303,6.551038241029099,0.058217308785179625,5.352263041050461,0.5795379675988697,95,0.5715049342105263,0.5480250377725017
46,1,0.0,0.14146526844234109,0.6139,0.005299999999999971,15,0.125,9.286599512073161,0.1691160538084204,8.328600608758403,0.4515202917712823,6.840774633230405,0.20633807018701822,6.002887200013435,0.49095977680895014,7.379979962945246,0.06558389014437038,7.028870695678814,0.36504592135143205,95,0.5487253289473685,0.47793180966654175
46,1,0.0,0.14146526844234109,0.6139,0.005299999999999971,13,0.125,8.488452683616128,0.1545811918481433,7.529222701682149,0.4674320903375714,6.841659743667623,0.20636476774530801,6.161216026890308,0.4378895097242315,6.595821929147078,0.05861528933479308,5.906680181248872,0.47299967731770487,95,0.5480674342105263,0.5202190711981394
46,1,0.0,0.14146526844234109,0.6139,0.005299999999999971,0,0.125,7.0666446111307675,0.12868898338377702,6.610906953599783,0.3687610334564315,5.519217613864621,0.1664759873618641,5.025964200966429,0.4176223379211171,7.937048307375558,0.0705344061738805,6.682768213253449,0.5396895127720489,95,0.7432976973684211,0.9487193671516292
47,1,0.0,0.1410977589048744,0.6977,0.08379999999999999,1,0.125,7.824968258441838,0.14274274267681575,7.170247097795967,0.40099137701136855,5.955114648718159,0.1808258605025971,5.367919280764986,0.4338032247242703,11.076470154978624,0.09828768802740216,10.6565322086125,0.27536544566700794,95,0.5486842105263158,0.8328836930455635
47,1,0.0,0.1410977589048744,0.6977,0.08379999999999999,5,0.125,6.567856514451969,0.11981056298461581,6.502834760322245,0.2711349587631894,4.8550098627267,0.14742139958046352,4.727439031294269,0.32821578784015587,6.680825798921621,0.05928268777889334,6.67904228144471,0.26022328277663614,95,0.63984375,0.7730222993380889
47,1,0.0,0.1410977589048744,0.6977,0.08379999999999999,18,0.125,6.0046621703390715,0.109536795387921,6.294225986322954,0.18540478455269324,5.275976078719271,0.16020395419773928,4.952806734810858,0.3740533076090442,8.4920452546313,0.07535464665398116,8.617282562547452,0.1679614293763373,95,0.6456825657894737,0.8746099471438579
47,1,0.0,0.1410977589048744,0.6977,0.08379999999999999,19,0.125,9.976103803409657,0.18198366703801397,8.642384872672169,0.542257790661608,8.005948774471413,0.2430990269171594,7.122977895959505,0.4755558832210609,10.982473169025175,0.09745360042533734,10.110085326504018,0.39939880347788026,95,0.553125,0.7133511745465358
47,1,0.0,0.1410977589048744,0.6977,0.08379999999999999,2,0.125,9.44344042312914,0.172266844002634,8.146326571935408,0.5405426948866864,7.029523579645952,0.2134500719455309,6.090147912451161,0.5147774299890262,11.638459366106426,0.10327453126222708,10.228399430374141,0.5308060755597098,95,0.5615542763157895,0.4314271069781065
47,1,0.0,0.1410977589048744,0.6977,0.08379999999999999,12,0.125,7.793699915249754,0.14217234687215766,7.212849777338641,0.3812216125904629,5.887772415407474,0.17878102711065016,5.359051744871206,0.4170029671103246,6.822011062996463,0.0605355032512681,5.655733028520886,0.5616949948406735,95,0.5480263157894737,0.6407563025210085
47,1,0.0,0.1410977589048744,0.6977,0.08379999999999999,10,0.125,8.099745737114125,0.14775522191456703,7.460938598095056,0.3896782568673781,6.274916512135537,0.19053657986804692,5.521611772005591,0.47674114762630715,6.747798709752021,0.05987697571303513,5.601181225085517,0.5594815695148744,95,0.6347861842105263,0.8253659800492291
47,1,0.0,0.1410977589048744,0.6977,0.08379999999999999,9,0.125,7.7593879988752805,0.14154643033319841,6.802136796156987,0.4847508448906806,5.94516962592931,0.1805238818826055,5.189691858299044,0.48863234727426624,7.2521324988351585,0.0643522102805025,6.419679542232792,0.4653717762556539,95,0.5749588815789474,0.5591074876635915
48,1,0.0,0.14072300100328974,0.6148,-0.08289999999999997,5,0.125,6.823118096314636,0.12463518612404895,6.4128522157588925,0.35277522274709916,5.118249686984299,0.15666439017884592,4.716581010741307,0.39602344966640374,6.977554873557585,0.0622218893716856,5.284761691829192,0.6529582610786269,95,0.6236019736842106,0.7771989977581432
48,1,0.0,0.14072300100328974,0.6148,-0.08289999999999997,19,0.125,6.378559534842169,0.11651461159052479,6.362743440779496,0.24119059487089523,5.169311057891279,0.15822732653874655,4.920821052534696,0.3345453525090228,7.176775391570327,0.06399842531543498,6.146585809580517,0.5271445331050351,95,0.5892680921052632,0.7988974949410369
48,1,0.0,0.14072300100328974,0.6148,-0.08289999999999997,8,0.125,8.175086086998384,0.149331048012126,7.024833803646425,0.5393583587702189,5.934667707445841,0.18165411110470983,5.283971524790098,0.4579331717411326,9.688180501498085,0.08639371618008966,7.56079620181173,0.6510705025848549,95,0.61640625,0.4085117737309052
48,1,0.0,0.14072300100328974,0.6148,-0.08289999999999997,3,0.125,7.839083076738901,0.14319341458254328,6.924163527259122,0.47821041991662727,6.202154813397614,0.18984161794737228,5.5312629397235575,0.45719941584821777,7.498882341604351,0.0668707929820542,9.21714532929905,-0.11762962366819221,95,0.6172286184210526,0.6722403570714809
48,1,0.0,0.14072300100328974,0.6148,-0.08289999999999997,15,0.125,7.537181705989626,0.13767870224673232,7.02188670041473,0.3650184736177306,5.641129758222006,0.1726692145830638,5.032474100357962,0.4523939380799874,9.301747045878852,0.08294772110577235,6.512621114842631,0.7657084201272483,95,0.5525082236842105,0.5200565602441021
48,1,0.0,0.14072300100328974,0.6148,-0.08289999999999997,12,0.125,7.1801826061923,0.13115754159535936,6.555363710069708,0.4081536875046019,4.948865884821914,0.1514797251674014,4.424143584103325,0.44990895609613535,8.56208908338801,0.07635186958629499,5.7902222048759855,0.7763317524955538,95,0.5636101973684211,0.6717735463631721
48,1,0.0,0.14072300100328974,0.6148,-0.08289999999999997,0,0.125,7.8750401347936885,0.14385022786935306,7.022995480270121,0.4588692770612031,6.477683944340608,0.19827528295309907,5.790829949882951,0.4554150020409199,9.881593771841935,0.0881184663724468,8.174327249323053,0.5730512455908819,95,0.7323601973684211,0.9436864858795126
48,1,0.0,0.14072300100328974,0.6148,-0.08289999999999997,10,0.125,7.241329008846533,0.13227447862738034,6.734951128219701,0.37018369277378166,5.692858823709416,0.1742525883914412,5.18150281001789,0.41438240494509376,6.6595684254072935,0.05938626601120392,5.995833317707025,0.480191396151086,95,0.6502467105263158,0.8231946376628304
49,1,0.0,0.14034103583401422,0.6593,0.044499999999999984,15,0.125,7.7934218427182005,0.14265472101098414,7.543628717058606,0.26915444039547776,5.425532469871996,0.16838243510583512,5.228655077742557,0.2902995400613146,6.656575523500066,0.06124216976113274,6.772566177363344,0.19201226259532225,95,0.5270559210526315,0.5622562022156342
49,1,0.0,0.14034103583401422,0.6593,0.044499999999999984,14,0.125,7.027398469271403,0.1286330431354244,6.457878586713956,0.3945194397420514,5.296026316063012,0.1643631869194793,4.814525337052272,0.416622541051666,9.103036084834214,0.08375022251020789,7.729978813510842,0.5825791672347966,95,0.6526315789473685,0.6851688508064516
49,1,0.0,0.14034103583401422,0.6593,0.044499999999999984,7,0.125,8.323354547444055,0.15235487630514388,7.653300935441455,0.3968111981501312,6.361766244275797,0.19743862887812277,5.699049233900688,0.45876112320113865,8.199626706748504,0.07543862891359031,7.146758665558417,0.5083766846335331,95,0.6053453947368421,0.6567042521396549
49,1,0.0,0.14034103583401422,0.6593,0.044499999999999984,18,0.125,7.05323680257249,0.12910600100975012,6.348422820465667,0.4369595241576,5.162992601819145,0.1602344602221558,4.785249016768661,0.3783469517536128,7.066745989896596,0.06501584126014567,5.609513908827322,0.6433126691919907,95,0.6488075657894737,0.8812345522529945
49,1,0.0,0.14034103583401422,0.6593,0.044499999999999984,8,0.125,6.5772968053597785,0.12039415544427672,6.436506404447747,0.2656400737027445,5.465308815264389,0.16961690157230155,5.1895484523354725,0.32323881948282784,5.670221467471803,0.05216746425668702,5.7965427388679345,0.22855437670773748,95,0.6522615131578947,0.4562819138876631
49,1,0.0,0.14034103583401422,0.6593,0.044499999999999984,6,0.125,8.252848709830852,0.15106430192108755,7.488150309283666,0.42849544821702695,6.873057532567439,0.21330665153746875,6.157355436693707,0.4688318295476124,8.878324253228584,0.08168281711685768,8.618573328376653,0.2561065509304923,95,0.47676809210526316,0.6713238464855541
49,1,0.0,0.14034103583401422,0.6593,0.044499999999999984,5,0.125,7.091905220465386,0.12981380721834143,6.522150966382772,0.39282293374741784,4.828722023738535,0.14986030907035625,4.695759632537217,0.286952173727426,5.593867483032549,0.05146498838745675,5.2378357113872145,0.38640175051389253,95,0.6364720394736842,0.7828025066218748
49,1,0.0,0.14034103583401422,0.6593,0.044499999999999984,11,0.125,8.042012422700768,0.14720504826761874,7.272794471708748,0.43413325180533235,5.917078628084959,0.18363766388686747,5.361818632644927,0.4266015586988085,7.402264843300959,0.06810269913559668,6.542076597713016,0.471381478926252,95,0.6847861842105263,0.9215203554701573
50,1,0.0,0.13995190528383292,0.722,0.06269999999999998,12,0.125,7.316932975870666,0.13421032071389533,6.917139408142321,0.33338724289681543,5.400555401776162,0.16695357328255922,5.159203682234009,0.3123258731024923,6.865359619981514,0.06347247276694994,6.052737576537732,0.4722425784009419,95,0.5631167763157895,0.6914202263599853
50,1,0.0,0.13995190528383292,0.722,0.06269999999999998,18,0.125,6.117775613204944,0.11221486240362635,6.171914419261554,0.2225901823710516,4.450090131030778,0.13757074847536838,4.1598285594279,0.37654143871670853,6.967014349819073,0.0644123036612365,6.244614506454603,0.44345387260462016,95,0.6488075657894737,0.873439381456366
50,1,0.0,0.13995190528383292,0.722,0.06269999999999998,4,0.125,9.185875328279863,0.1684912623789067,8.193359165871662,0.4788895121850943,7.402205511319159,0.2288328826105816,6.659808909662109,0.46675985240886225,9.52838221898384,0.0880929790112248,8.310305727296843,0.5288714221434881,95,0.5252467105263158,0.6207922342257711
50,1,0.0,0.13995190528383292,0.722,0.06269999999999998,5,0.125,6.264806772909239,0.11491177095314076,6.207733166559085,0.25463679026983016,4.882641895785786,0.15094271809385887,4.796878653819857,0.2665841313085917,5.989478875896752,0.05537467166790633,6.232159040883244,0.1816134966629547,95,0.6450246710526316,0.7889335118250781
50,1,0.0,0.13995190528383292,0.722,0.06269999999999998,13,0.125,8.529213477411783,0.1564464892620533,7.593884297391735,0.47264877869361993,5.999149686261092,0.18545860606278175,5.498252280135076,0.40108429539325563,8.154293812556665,0.07538908674861301,6.883102223150951,0.5667071388061181,95,0.5222861842105263,0.6087230357424027
50,1,0.0,0.13995190528383292,0.722,0.06269999999999998,9,0.125,7.912786144413339,0.14513971491666058,6.963470475704959,0.4889399627002471,6.244639777310371,0.1930477232659232,5.4080995792396145,0.5284640313432679,6.2082315583225425,0.05739711105149766,5.314903669921399,0.5169809560030684,95,0.5491365131578947,0.6473979782852864
50,1,0.0,0.13995190528383292,0.722,0.06269999999999998,8,0.125,6.612603831223795,0.12129121366413423,6.5873632507934925,0.2315348874718149,4.968293500624466,0.15359056455063266,4.90786962889956,0.2514612609113133,5.734449490044426,0.05301684241433442,5.112211741767444,0.46078183875106987,95,0.6495888157894737,0.4332826940119002
50,1,0.0,0.13995190528383292,0.722,0.06269999999999998,17,0.125,8.452034398546258,0.15503083751820054,7.374313122228985,0.516601673430128,5.863204646677409,0.18125598088073655,5.193467129672078,0.47329649517303013,7.2568407631905805,0.06709184270188989,7.036588561103247,0.28471246241269066,95,0.5767680921052631,0.5182148713195979
51,1,0.0,0.13955565202529577,0.7237,0.0017000000000000348,5,0.125,6.870676630577535,0.1263063474739867,6.5486477871527145,0.3144047771730652,5.149413641137993,0.16034772493341562,4.786903103422748,0.3740961209579149,5.821739105375311,0.05466512228210244,5.35513210627801,0.40194831836749534,95,0.6492598684210527,0.7813806206459785
51,1,0.0,0.13955565202529577,0.7237,0.0017000000000000348,0,0.125,6.629665347348639,0.12187574237911389,6.340497712730173,0.3101644238347329,5.0055643207750675,0.15586839721556775,4.726916524178506,0.3454432383455241,7.8865911834449784,0.07405372580744969,7.986328740682882,0.14550749303918373,95,0.7662828947368421,0.9496136509980683
51,1,0.0,0.13955565202529577,0.7237,0.0017000000000000348,4,0.125,7.239240185786575,0.13308179609040163,6.767376518497212,0.3559099996429751,5.5907262973975635,0.17408977118315255,5.1464269618844956,0.3908804972793053,8.182338236167643,0.07683073942984452,7.039451639891207,0.54712727703888,95,0.5590049342105263,0.6881206325855094
51,1,0.0,0.13955565202529577,0.7237,0.0017000000000000348,11,0.125,6.895516597717326,0.1267629903476795,6.413830964632605,0.3684179279779459,5.201322155111805,0.16196410549641418,4.75597882235279,0.40582563863549215,5.374100681816279,0.05046187498449883,5.398203874315179,0.2567325598615527,95,0.6980263157894737,0.9310202639019792
51,1,0.0,0.13955565202529577,0.7237,0.0017000000000000348,6,0.125,8.066667866330988,0.1482927241761923,7.295838013268756,0.43745209983064637,6.763359298378202,0.2106044206156529,6.28904126606473,0.36964990616273236,7.164352752944775,0.0672720319861526,6.376976997529322,0.4599812754698405,95,0.49300986842105265,0.7120100083402836
51,1,0.0,0.13955565202529577,0.7237,0.0017000000000000348,1,0.125,7.566178595026479,0.1390920332970647,7.008330082871798,0.37711827308120216,5.694560239238307,0.1773230589913062,5.165611270664211,0.4216534133254127,8.223348858954505,0.07721582207764627,7.129012226841587,0.5316830118777326,95,0.5677631578947369,0.8387891077636153
51,1,0.0,0.13955565202529577,0.7237,0.0017000000000000348,2,0.125,7.699525661730016,0.14154340480634767,7.224761717368837,0.34589106080521304,5.703791409556741,0.17761050864328384,5.396833597325808,0.33017589238541506,5.921109159636322,0.055598189887681296,5.356584653664877,0.42930978758061294,95,0.5537006578947369,0.5023020941630774
51,1,0.0,0.13955565202529577,0.7237,0.0017000000000000348,19,0.125,8.176881534842696,0.1503188253391359,7.390646238788326,0.44041060861243353,6.67238120251479,0.20777145132883362,5.886628614001995,0.4968149364844688,9.374104785475591,0.08802122099736888,8.801674977225918,0.34672704080286854,95,0.5702713815789474,0.7629245078953061
52,1,0.0,0.139152319512038,0.7179,-0.005800000000000027,1,0.125,6.857816377242587,0.12638326403545752,6.298802950282515,0.39647098745263215,5.3805850531088435,0.16955964503068421,4.756981449027795,0.47014403906075114,7.272964047756331,0.0688200108360319,5.929963577132821,0.5827538400864172,95,0.57421875,0.8544933762978876
52,1,0.0,0.139152319512038,0.7179,-0.005800000000000027,6,0.125,6.552062337577001,0.12074849760263262,6.120835882795922,0.3578439289967412,4.777873163852011,0.15056624319994572,4.519094902911939,0.34744682190810067,6.204922380757193,0.058713726986204605,4.802481444820408,0.6338484210420109,95,0.5030838815789473,0.7185124642419289
52,1,0.0,0.139152319512038,0.7179,-0.005800000000000027,14,0.125,6.9130909153218205,0.12740192305987932,6.670630603955405,0.27694466417771424,5.1812999970822196,0.16327952808684545,4.758216386174541,0.3975133727362892,7.953474729074849,0.07525930465831106,6.7162116607221405,0.5398997446108036,95,0.6680921052631579,0.6814992614475628
52,1,0.0,0.139152319512038,0.7179,-0.005800000000000027,3,0.125,6.650873637931117,0.12256949921238443,6.304079748017418,0.3235754600914158,4.982162983521187,0.15700407644011982,4.529277097372609,0.417963910482729,7.0860728877309755,0.06705156380760592,6.02302390665138,0.5268245695116153,95,0.6299753289473684,0.6882057306964298
52,1,0.0,0.139152319512038,0.7179,-0.005800000000000027,13,0.125,7.206785112801308,0.13281443766568107,6.571073112071087,0.4158597863522206,5.596444064537986,0.17636206093775217,4.863436102350558,0.5053929511413335,6.203977572347955,0.05870478679008446,4.489368754921361,0.6961106449407749,95,0.5665707236842106,0.599027505624501
52,1,0.0,0.139152319512038,0.7179,-0.005800000000000027,10,0.125,8.061642741561778,0.14856867946295133,7.239793656259325,0.46553397549150344,5.622807428831835,0.17719285585082523,4.9503985068910445,0.4809996017721277,6.021318592941593,0.056976386531331316,5.504743393327473,0.4435557518237405,95,0.6499588815789473,0.8308977035490606
52,1,0.0,0.139152319512038,0.7179,-0.005800000000000027,2,0.125,7.42098739972189,0.13676198929081917,7.00782869618703,0.32919542067590435,5.204861327755295,0.16402202185396264,4.844908005086172,0.37063572280384266,6.241528597711726,0.059060111243150616,5.427822258861394,0.5034242649519064,95,0.5762335526315789,0.49507635221920937
52,1,0.0,0.139152319512038,0.7179,-0.005800000000000027,19,0.125,6.31245933747029,0.11633283413770473,6.0635405189986304,0.2966160753105416,5.127488162693529,0.16158374306582357,4.622532943972039,0.43278397406028946,6.535855863648377,0.06184516634559522,5.372011866019443,0.5696127958174074,95,0.5932154605263158,0.8026616760241214
53,1,0.0,0.13874195197401476,0.6787,-0.03920000000000001,7,0.125,8.464639146349699,0.15644498611010396,7.662870415782538,0.43715982734606823,5.874735937996965,0.1888426485822705,5.432554225335857,0.3817370908852955,7.021395472998519,0.06793796346014282,5.832009482446319,0.5725604661008351,95,0.61328125,0.6686557157224271
53,1,0.0,0.13874195197401476,0.6787,-0.03920000000000001,8,0.125,7.421061818862797,0.13715740188108066,6.851305340688147,0.38427543574930817,6.022485938045977,0.19359205376945915,5.579750729804996,0.37785723721139963,10.329535763595741,0.09994702989827646,8.939747562132887,0.569502035933513,95,0.6403371710526315,0.44339562062544147
53,1,0.0,0.13874195197401476,0.6787,-0.03920000000000001,6,0.125,6.384639547745279,0.11800205869328449,6.274936376478749,0.2598776407817598,5.095679863838072,0.16379998896471631,4.811111022022669,0.3367859699920803,7.6805415210470445,0.0743157611927201,6.773341268595805,0.4775277164713075,95,0.53046875,0.7345942175025192
53,1,0.0,0.13874195197401476,0.6787,-0.03920000000000001,9,0.125,7.382246962718577,0.1364400187150225,7.0241212667102735,0.3150860830994336,5.365760211313836,0.17248168779946135,4.999285024876792,0.3638971832267622,5.653438771598554,0.05470182076569358,5.523112127873102,0.3146177246448638,95,0.5788240131578948,0.5646799744263693
53,1,0.0,0.13874195197401476,0.6787,-0.03920000000000001,16,0.125,8.790291009826074,0.16246374253639076,7.942918469517521,0.4460876225795638,6.3798187472806935,0.20507847202441049,5.860549840730138,0.4028327382174913,6.435797922680337,0.06227180989724206,5.92259315474508,0.3994028812233666,95,0.5539473684210526,0.4855997624703088
53,1,0.0,0.13874195197401476,0.6787,-0.03920000000000001,11,0.125,7.571548034936897,0.13993871524558804,6.700027108072868,0.4772195530757639,5.72216269756368,0.18393820093895655,5.0179566471716734,0.5000620353170894,7.026130233524524,0.06798377628878143,6.951137285632221,0.2437308363818932,95,0.7024671052631579,0.9133692343713417
53,1,0.0,0.13874195197401476,0.6787,-0.03920000000000001,14,0.125,7.063436051777231,0.13054769800629185,6.404016467200457,0.42248290175536535,5.12221880747308,0.16465307997331732,4.568798135096436,0.454942981790492,7.9407578852282255,0.07683357548041504,6.141664759068105,0.7113389334888656,95,0.6628700657894737,0.6785559208485826
53,1,0.0,0.13874195197401476,0.6787,-0.03920000000000001,13,0.125,6.528238534398208,0.12065608104248653,6.463780750636614,0.2392247676657318,4.913958169601773,0.15795856793632862,5.085927227209286,0.12625718074101697,6.56648244421799,0.06353629361464187,7.5055509844582975,-0.09121875381266356,95,0.5704358552631579,0.689468752252577
54,1,0.0,0.13832459441265113,0.5959,-0.08279999999999998,16,0.125,7.5703950998128064,0.14024452183023706,7.141870589888694,0.3418633171747436,5.861727319561189,0.18585962909649892,5.568463512090724,0.3251949444730925,6.5292031605962935,0.06387960019959738,5.8294092910971305,0.45286503228488606,95,0.5604851973684211,0.5548382363729734
54,1,0.0,0.13832459441265113,0.5959,-0.08279999999999998,8,0.125,6.678236935522829,0.12371694387715455,6.323693533062994,0.3480680307836664,4.958010663532339,0.15720520125620419,4.697537472767944,0.34982853556725935,7.33454857625498,0.07175883782009701,6.688310636027589,0.4137820757975789,95,0.6300575657894737,0.5072766429550349
54,1,0.0,0.13832459441265113,0.5959,-0.08279999999999998,12,0.125,6.794490385388045,0.12587058437708906,6.503127781057848,0.32528294178450257,5.222205376104132,0.16558210598256143,4.882244210939544,0.36828245696057743,6.127374117940871,0.05994823553501998,5.713755237112365,0.3670447115831171,95,0.5902138157894737,0.6925595652779712
54,1,0.0,0.13832459441265113,0.5959,-0.08279999999999998,14,0.125,5.798468843162441,0.1074188968389447,6.210096258274233,0.14468179086117974,4.892062950319374,0.1551141764013596,4.741567708500139,0.30986741094260045,6.758164858656258,0.06611968698711829,6.857008098751231,0.15844223834392768,95,0.6771381578947369,0.7103473402963323
54,1,0.0,0.13832459441265113,0.5959,-0.08279999999999998,2,0.125,9.024928155502819,0.16719031398401293,7.984353589215468,0.48311130619897763,6.23354532838756,0.19764897947812693,5.574277104062491,0.45169812257367364,7.1694024225197905,0.0701431015632179,6.57193876877976,0.40088286045277016,95,0.5641447368421053,0.513338192419825
54,1,0.0,0.13832459441265113,0.5959,-0.08279999999999998,10,0.125,9.118076878477174,0.16891593040698652,7.864417765100246,0.5394177046104579,6.551283932075206,0.20772361717646431,5.669467471251437,0.5234978260641046,6.31189904100084,0.06175356736832378,5.731087558760884,0.41901092947977575,95,0.6611430921052631,0.8224392064183096
54,1,0.0,0.13832459441265113,0.5959,-0.08279999999999998,19,0.125,8.23906057314144,0.15263181051662045,7.58355065466519,0.39088733961085437,6.669210982065076,0.2114627671874891,6.0620472416526745,0.420512267004594,8.19631376954605,0.08019006819528032,7.604836142825718,0.3768139523282543,95,0.5941611842105263,0.7540484429065744
54,1,0.0,0.13832459441265113,0.5959,-0.08279999999999998,15,0.125,9.725472477119615,0.18016817076832592,8.431466381545855,0.5409854247143584,6.872116319602434,0.21789635045065878,6.063349943993055,0.48966184573398086,9.309019357284091,0.09107641777519945,8.735707575357631,0.35203011040509047,95,0.5435855263157895,0.5128593040847201
55,1,0.0,0.13790029259590678,0.6942,0.09830000000000005,8,0.125,7.027631899583287,0.13040496990183736,6.687007905858208,0.33077068179122604,5.46609667277751,0.17271904408123206,5.22824677301759,0.31655406352826154,5.6211822572079555,0.055001095158454465,6.066005888832981,0.13967816392339116,95,0.6537417763157894,0.4234228567834455
55,1,0.0,0.13790029259590678,0.6942,0.09830000000000005,17,0.125,9.554981426019088,0.1773025512828181,8.301026982028718,0.5348519849045057,7.233858434542101,0.22857720758132766,6.318680499838378,0.5229787566040963,7.833445457007077,0.07664723527634053,6.557246733895642,0.5707489858850329,95,0.5706825657894737,0.4613444772678147
55,1,0.0,0.13790029259590678,0.6942,0.09830000000000005,15,0.125,7.158174623300034,0.13282732499960445,6.995052104100119,0.2728388754293838,5.581770383042563,0.17637412994200904,5.281247270707495,0.3368866378695777,6.313730614708619,0.06177741308763777,6.530655835379432,0.18412276828605983,95,0.5301398026315789,0.6094004498565113
55,1,0.0,0.13790029259590678,0.6942,0.09830000000000005,19,0.125,7.094778850272171,0.13165095093907742,6.895919045893994,0.28576972800295053,5.629549786150885,0.1778838750719736,5.466402054170357,0.2802388095692214,6.605759160570542,0.06463479950654294,5.84271283701932,0.46687458604200666,95,0.5944901315789474,0.7462996265043574
55,1,0.0,0.13790029259590678,0.6942,0.09830000000000005,10,0.125,7.040875605117785,0.13065072053964716,6.977903682151523,0.245542086683009,5.422642142014145,0.17134595731315022,5.291699286236572,0.27529211078406524,6.358357916814584,0.062214073985200354,5.363972815187669,0.5381208414428084,95,0.6463815789473685,0.8512722646310432
55,1,0.0,0.13790029259590678,0.6942,0.09830000000000005,18,0.125,9.05066673212034,0.16794447114734312,7.70857169383378,0.566424315953258,6.6674211756810084,0.2106787861410848,5.742726466951058,0.5384481468103358,6.650532866541551,0.06507289290932317,6.484616296909,0.29158504951177827,95,0.6020559210526316,0.848859445430952
55,1,0.0,0.13790029259590678,0.6942,0.09830000000000005,5,0.125,7.944626816930559,0.1474207579091602,7.0899845082291835,0.45443399942503615,5.694536707219316,0.17993734751431487,4.938767731212147,0.5046871523231141,6.570513441668372,0.06428993377357714,4.983091163248436,0.6798602728107377,95,0.6348684210526315,0.7668393782383419
55,1,0.0,0.13790029259590678,0.6942,0.09830000000000005,0,0.125,7.90263385668825,0.14664153515037967,7.065894057713755,0.4503935187989283,5.472367507623196,0.17291719143664425,4.974916350179532,0.4171465893147802,9.844609935705606,0.09632570215585858,8.199034086685117,0.6341144347485833,95,0.7451480263157895,0.9456461759187728
56,1,0.0,0.1374690930532574,0.7064,0.012199999999999989,6,0.125,8.162271945955819,0.1516256732056316,7.324570835409388,0.4497675288121319,6.028807229949421,0.19147170492043858,5.329044396791715,0.4760357886303598,6.2229011197876964,0.05997022636143515,6.02771336539287,0.29556574597910573,95,0.4846217105263158,0.7081282877990837
56,1,0.0,0.1374690930532574,0.7064,0.012199999999999989,11,0.125,6.799495250467043,0.12631018074831254,6.116889462232707,0.436697160404985,4.711037093722503,0.14962002762295043,4.245201331612852,0.4374014098730692,5.812142962129906,0.05601174152930204,5.450047404477926,0.36763711228271184,95,0.7119243421052631,0.929363520850179
56,1,0.0,0.1374690930532574,0.7064,0.012199999999999989,3,0.125,7.4601640620137815,0.13858303247146203,6.545992397472802,0.4882650473521153,5.7414966370952,0.18234687359688653,4.961700008590673,0.5147350386953845,6.571305091539166,0.06332780261870846,5.721024015768217,0.4962259252693359,95,0.6367598684210526,0.6883636833268759
56,1,0.0,0.1374690930532574,0.7064,0.012199999999999989,14,0.125,6.747419376247743,0.12534279819373037,6.177987555863216,0.40361696994307766,4.819303913535079,0.1530585241256827,4.345161341101418,0.43527531300682465,8.494756908594566,0.08186414742697394,7.185652983543566,0.5930381253625895,95,0.6645148026315789,0.6826310253078398
56,1,0.0,0.1374690930532574,0.7064,0.012199999999999989,7,0.125,7.726555917650776,0.14353163559506538,7.237649690726309,0.35150671851881937,5.583673788503541,0.17733450402813872,4.9606948667012025,0.46105210430484184,6.730857484369162,0.06486541231719745,5.875967257858954,0.49299204305402355,95,0.6305098684210526,0.7930742141646016
56,1,0.0,0.1374690930532574,0.7064,0.012199999999999989,1,0.125,8.160544998865118,0.1515935927362535,7.437794096204004,0.4146970105601719,6.039655452421106,0.19181623868520903,5.464525725106621,0.4279285957704294,9.050492661204487,0.08721978433002286,9.27940383103766,0.07486826705471437,95,0.5674753289473684,0.8380552133903341
56,1,0.0,0.1374690930532574,0.7064,0.012199999999999989,8,0.125,6.378755196834901,0.11849434291554396,6.166739402575087,0.3025292614901026,4.80039997246948,0.15245814503119698,4.685704157113326,0.29154518069692725,5.874352208268842,0.05661125331663597,5.1609092902642235,0.47767698529532904,95,0.6171052631578947,0.5329157782515992
56,1,0.0,0.1374690930532574,0.7064,0.012199999999999989,9,0.125,7.199771121793992,0.1337458676330151,6.699626057458156,0.3686802613204157,4.939712968923253,0.15688265155979647,4.467230739748613,0.4289763040309529,6.039117866166659,0.058199103358042376,4.906046681850539,0.596891603687002,95,0.5693256578947369,0.5843564928499205
57,1,0.0,0.13703104307059213,0.7261,0.01969999999999994,1,0.125,6.880021136836368,0.12802718121562986,6.509027312934874,0.3278485811097749,4.923547112244768,0.1578319446516016,4.348229268562507,0.4712888207644089,8.362961180917395,0.08146981436779599,7.800989232594449,0.3615724304999618,95,0.5791940789473684,0.84268067584836
57,1,0.0,0.13703104307059213,0.7261,0.01969999999999994,5,0.125,7.460235392367791,0.13882412415510617,6.913289909470381,0.37687983651760065,6.024973220409176,0.1931398681016071,5.37573728725026,0.4669702243527418,6.2350512261759725,0.0607402635240419,5.66333553319024,0.42899884681105205,95,0.6350328947368421,0.7750582750582751
57,1,0.0,0.13703104307059213,0.7261,0.01969999999999994,3,0.125,5.665668265850121,0.1054298414718502,5.630401676066806,0.24320135787683878,3.9029207688679612,0.12511418307332944,3.8189782608375378,0.308199478321559,6.980205096663795,0.06799936065372966,5.678789370692821,0.595184731973113,95,0.6529194078947368,0.7170476730272687
57,1,0.0,0.13703104307059213,0.7261,0.01969999999999994,9,0.125,6.92595439242618,0.12888193225785194,6.303005378552236,0.41647738820581437,5.011571571360999,0.16065370531367965,4.51618689127689,0.43377806906941907,7.632277427761124,0.07435168139510703,6.4220597080320605,0.5550420164379125,95,0.5921875,0.5897097625329816
57,1,0.0,0.13703104307059213,0.7261,0.01969999999999994,17,0.125,7.778607133097992,0.14474855894007602,6.926371058156797,0.4768020645297883,5.354952020907247,0.1716612985938252,4.890893416219935,0.40751087792699175,6.564026186509361,0.06394505287678576,5.23417379993982,0.6146314792838182,95,0.5893503289473684,0.5605246633642643
57,1,0.0,0.13703104307059213,0.7261,0.01969999999999994,4,0.125,8.146172196202647,0.15158840986592256,7.430410619374772,0.42267401756034345,5.887258145672855,0.18872519762969925,5.359033066041499,0.41870385965722734,7.955999410484111,0.07750529759260845,7.519752035950065,0.3352176096709979,95,0.5416529605263158,0.6214985196993851
57,1,0.0,0.13703104307059213,0.7261,0.01969999999999994,11,0.125,5.957339539260056,0.11085741941580667,5.749935416605104,0.2967477070408063,4.317795180552138,0.13841362627748893,4.054235881084409,0.3646566851091611,5.616904186782345,0.054718434238702915,5.123657250534999,0.43522684489926616,95,0.7211348684210527,0.9311209944121337
57,1,0.0,0.13703104307059213,0.7261,0.01969999999999994,12,0.125,7.021548501976687,0.13066079952339602,6.533431854477332,0.36636039957043065,4.991313884218405,0.16000431370982807,4.555607917977421,0.4087698967085378,6.029014492412686,0.05873310671803594,5.291757917799743,0.4828334383269494,95,0.5861842105263158,0.7050364758698092
58,1,0.0,0.13658619068502784,0.72,-0.006099999999999994,15,0.125,8.28789414371514,0.1546164608291003,7.3703870734665555,0.500629516113754,5.643336729152465,0.18524571659121447,5.087303670875811,0.44437516618664014,6.196636917630801,0.06129448485193999,5.219267033561287,0.5449096054907054,95,0.5785361842105263,0.4886282871357498
58,1,0.0,0.13658619068502784,0.72,-0.006099999999999994,4,0.125,6.5532449874467735,0.12225536780937529,6.239784397532856,0.3121015384434728,4.581299540027105,0.15038374581252,4.3668385844711874,0.31969382737007274,8.980862493030365,0.0888348546725686,7.18288011177467,0.7217674121509189,95,0.5653782894736842,0.6952727272727273
58,1,0.0,0.13658619068502784,0.72,-0.006099999999999994,1,0.125,7.037276750996404,0.1312853188332628,6.5026347107666105,0.38384426014485484,5.179159541562651,0.17000883815080933,4.67229398211568,0.43577274577423614,6.815850169766275,0.06741947778078979,7.723072172305112,-0.12418135809031637,95,0.5917763157894737,0.8418565869927738
58,1,0.0,0.13658619068502784,0.72,-0.006099999999999994,12,0.125,6.679858000345931,0.12461742210325429,6.308462445296284,0.3309317857172705,4.768963821658505,0.15654393188644317,4.533975106147292,0.32154578395491945,6.739918778568631,0.0666683969010454,5.106143186445613,0.7119104428214749,95,0.6008223684210526,0.7092116068984397
58,1,0.0,0.13658619068502784,0.72,-0.006099999999999994,9,0.125,6.03105947700593,0.1125136319569904,5.790472405821177,0.29984911645001666,4.8093980484728585,0.1578712082267585,4.27313373095606,0.4626998430655128,4.822691261552165,0.04770400144564429,4.688698095188983,0.3447071789537671,95,0.5808388157894737,0.697083392326207
58,1,0.0,0.13658619068502784,0.72,-0.006099999999999994,3,0.125,6.299327307076844,0.11751835592192199,6.099579505843837,0.2752295155725627,4.344934921549892,0.14262494366618833,4.16148752393409,0.31581791358326355,4.914664007992829,0.04861375655772111,4.840783630133867,0.31871447124367097,95,0.6486019736842106,0.6995689108659819
58,1,0.0,0.13658619068502784,0.72,-0.006099999999999994,17,0.125,6.448191875009319,0.12029552853506723,6.181272257675765,0.2970530332088669,4.709029018447928,0.1545765381081945,4.46961319576664,0.3262636659263897,5.262575052244091,0.05205514396110555,4.140729802774566,0.6215708638359869,95,0.6112664473684211,0.6142203686263958
58,1,0.0,0.13658619068502784,0.72,-0.006099999999999994,7,0.125,7.391625951872195,0.13789595096574261,6.730868212687014,0.4229531971284763,5.601935679790057,0.18388670375450938,4.996418989375483,0.46840288376836114,6.152898707123558,0.060861845160923175,5.504989551932904,0.4471797547892915,95,0.6743832236842106,0.7589781110907872
59,1,0.0,0.13613458467964154,0.7046,-0.01539999999999997,0,0.125,7.250007891730006,0.13561848704206683,6.527405146096326,0.4401326676142182,5.51553632505703,0.1827853422583071,4.810199124315629,0.5014641328494801,10.86521747504642,0.10996433674152557,7.695480263078078,0.7731696385102581,95,0.7724506578947369,0.9488448844884488
59,1,0.0,0.13613458467964154,0.7046,-0.01539999999999997,18,0.125,7.534261238394904,0.1409357238488448,6.91180571397325,0.39997358020263973,5.2160252916750025,0.17285952117393466,4.748438045571909,0.41382691302681623,5.666274171722149,0.05734704183511074,4.957912972624364,0.5724549712710804,95,0.6675986842105263,0.8787878787878788
59,1,0.0,0.13613458467964154,0.7046,-0.01539999999999997,4,0.125,7.115166976510141,0.13309615586855936,6.744350562871907,0.3238085245694083,5.665825918988428,0.18776595216559994,5.196432004100601,0.3989248472981912,7.18589430508703,0.07272676345120511,5.384781028068399,0.6628232164960967,95,0.5592516447368421,0.6492169693404897
59,1,0.0,0.13613458467964154,0.7046,-0.01539999999999997,8,0.125,7.342429565938628,0.13734732483276296,6.6842314464285755,0.4164506249308293,5.835949240822981,0.1934038535001229,5.299892559832429,0.4218307759327613,7.7776419053768,0.0787157031602997,5.902949935483657,0.6512367691404594,95,0.645764802631579,0.44947468958930276
59,1,0.0,0.13613458467964154,0.7046,-0.01539999999999997,12,0.125,6.9730707602244655,0.13043810719401272,6.492083496173807,0.3657255889359837,4.901815038558806,0.16244656669913668,4.377120804331681,0.4502386669151887,6.4317241328845896,0.06509398270227407,4.369838320401547,0.7347681397798457,95,0.5980674342105263,0.7090409075283602
59,1,0.0,0.13613458467964154,0.7046,-0.01539999999999997,19,0.125,7.436572053158571,0.13910835211353456,6.950025811934359,0.3558876726679026,5.96793749451165,0.19777795543740098,5.391454096016218,0.4349592942406136,7.192120304536939,0.07278977534228182,5.295394611113706,0.6768422212455265,95,0.5942845394736842,0.746903757005466
59,1,0.0,0.13613458467964154,0.7046,-0.01539999999999997,13,0.125,7.429038236252746,0.13896742470136092,6.878030007759307,0.3781527778603952,5.329588887626232,0.1766230283889497,5.1542424541369565,0.2824989395195979,5.522901557584939,0.05589600098326349,4.833004699825999,0.5803771684964254,95,0.58203125,0.6651359943482869
59,1,0.0,0.13613458467964154,0.7046,-0.01539999999999997,15,0.125,7.378643847800404,0.1380247483871582,7.082300661643434,0.29093179816361875,5.195025292217395,0.17216357940833613,5.091303936497757,0.25544818292771254,7.6976210564225624,0.07790583077615684,5.388473567172813,0.7176907460877704,95,0.5817845394736842,0.5497208283270902
60,1,0.0,0.13567627457812106,0.6715,-0.03310000000000002,7,0.125,7.249213799183691,0.13592912007480037,6.830488839820955,0.3410998336587334,5.015007516972404,0.16431564403757404,4.5563089846789415,0.41880165874407665,4.922397957425318,0.0515187358202213,4.630501342973972,0.3666501510964151,95,0.6441200657894737,0.795531439514842
60,1,0.0,0.13567627457812106,0.6715,-0.03310000000000002,17,0.125,7.8171792288569355,0.14657897028298206,7.0001842791032844,0.45140473870394887,5.3854643402196976,0.1764535822747517,4.742934796779702,0.47756810294147733,7.495358960708625,0.07844782594060198,6.3279461690604615,0.5984839084232936,95,0.6198190789473684,0.5224890540002654
60,1,0.0,0.13567627457812106,0.6715,-0.03310000000000002,8,0.125,6.408469299309851,0.12016442293089105,6.359454230008468,0.24602187389831942,4.8280058894434985,0.1581885758807476,4.73666036995308,0.2727845364904779,5.442495292311013,0.05696217160670785,5.81823386095295,0.07257241185914598,95,0.6287828947368421,0.5340701020141251
60,1,0.0,0.13567627457812106,0.6715,-0.03310000000000002,2,0.125,8.561552343689218,0.16053661938941127,7.70096923369758,0.4496867904600939,5.861180369198121,0.19204031577735214,5.237879548767398,0.45439742534893046,7.89097132424856,0.08258837878104885,6.776486644462241,0.5738024533802408,95,0.5935855263157894,0.44839290662233305
60,1,0.0,0.13567627457812106,0.6715,-0.03310000000000002,5,0.125,7.643786199004885,0.14332769881716506,6.86940390864391,0.44235817849671333,5.362925181083956,0.17571509156722617,4.618142853143544,0.5180314191295403,6.7955336434590095,0.07112332354328997,5.471570976519063,0.6631820792490823,95,0.6431743421052631,0.7706814985295998
60,1,0.0,0.13567627457812106,0.6715,-0.03310000000000002,13,0.125,7.764361099849505,0.14558858401505523,7.199506352672292,0.37446604023844726,5.58882377252013,0.18311661039115498,5.167087712141173,0.38161338786270904,5.372877231987419,0.05623353599269434,5.626711239911917,0.12730447811096118,95,0.5942023026315789,0.5699951560445644
60,1,0.0,0.13567627457812106,0.6715,-0.03310000000000002,6,0.125,7.653922459758825,0.14351776260108698,7.0550763553702724,0.38777866499719976,5.328690929181793,0.17459341365739037,4.872005247054844,0.40535718330267784,6.286006666960527,0.0657905191007106,6.593114394593776,0.07164642068210865,95,0.51484375,0.6976279849852248
60,1,0.0,0.13567627457812106,0.6715,-0.03310000000000002,18,0.125,7.2216871026450065,0.13541297035943528,6.641267805200422,0.39304350042330366,5.113313223578326,0.16753660939781592,4.5990246125084395,0.43708626759406466,6.400444505453056,0.06698824687894522,5.649734046879872,0.4783443620112641,95,0.6440378289473684,0.8532209666092064
61,1,0.0,0.1352113106393336,0.6678,-0.0037000000000000366,1,0.125,7.312031249394142,0.13725377766019511,6.987385666954223,0.32054556535204404,5.049345588164929,0.16707495436812375,4.717715582624621,0.36194999389921956,8.667603480067207,0.08994168933864341,7.9845478455042835,0.39630666971879047,95,0.5958470394736842,0.8451452625767718
61,1,0.0,0.1352113106393336,0.6678,-0.0037000000000000366,18,0.125,6.148967802762018,0.1154219711123261,6.043139668954546,0.2977343290477259,4.53953967087383,0.1502062732923717,4.14079003411845,0.41400623760329314,5.836450159505176,0.060563475047501834,5.032287158933916,0.5074638221730084,95,0.6782483552631579,0.8838435889663534
61,1,0.0,0.1352113106393336,0.6678,-0.0037000000000000366,13,0.125,6.782368997486883,0.12731151367379587,6.540913513654949,0.31341215748709245,4.9148546888739455,0.16262486069368084,4.666367853388462,0.33116113682858933,5.511194159995193,0.05718836979139129,4.550210067134129,0.567684789594818,95,0.5942845394736842,0.6649830485020412
61,1,0.0,0.1352113106393336,0.6678,-0.0037000000000000366,16,0.125,10.529698859534786,0.19765245754593114,8.954371807810588,0.6012991690139075,6.879787990423787,0.22764143283370672,6.055686526863731,0.5170209591863025,8.196043271883132,0.08504841960768553,7.700871968748812,0.34232934739910503,95,0.5331825657894737,0.4947944782910465
61,1,0.0,0.1352113106393336,0.6678,-0.0037000000000000366,5,0.125,6.370550311917978,0.1195812854543703,6.290009679372438,0.2808771271100723,4.594605323612675,0.15202830968460387,4.577607946560687,0.24139733131607752,4.72779354261839,0.04905920523998526,4.953428380086084,0.21131908730193985,95,0.672203947368421,0.7774039637876193
61,1,0.0,0.1352113106393336,0.6678,-0.0037000000000000366,4,0.125,8.961472628882884,0.16821536037807963,7.791581093710544,0.5170222604503063,5.9551431375416914,0.1970463796917528,5.466544631088803,0.3985263016960381,6.596058397168989,0.06844575165234985,6.393052693126199,0.28278414659469975,95,0.5576480263157895,0.6139949859902669
61,1,0.0,0.1352113106393336,0.6678,-0.0037000000000000366,14,0.125,7.311565248686467,0.13724503038391314,6.480093007323963,0.4634507218077569,5.297912769188131,0.17529965392606342,4.715595175397543,0.45898049914214634,7.2672459967279535,0.07541050802431694,6.040727157371006,0.5949993236295785,95,0.6821134868421053,0.6717101693893544
61,1,0.0,0.1352113106393336,0.6678,-0.0037000000000000366,0,0.125,7.769472898966823,0.14584039228498408,6.8507731580951665,0.47483426563459114,5.434385003359828,0.1798153068752684,4.900304207794544,0.4340972980844349,7.5259255670445775,0.0780947652824133,7.007621577172657,0.3647205261624471,95,0.7622944078947368,0.9464372404121042
62,1,0.0,0.13473974385181473,0.7337,0.06590000000000007,11,0.125,6.168597974928997,0.11595385149823602,6.0848378929021285,0.2672193894481729,4.376229870180726,0.14493861906641337,3.960802943084688,0.43299145479032713,4.480494743028047,0.04698737270829167,4.383259888695463,0.3054920731905847,95,0.7328125,0.934294691953765
62,1,0.0,0.13473974385181473,0.7337,0.06590000000000007,2,0.125,9.253337025335886,0.17393904930419404,7.968900805333734,0.5646966896156754,5.982346963957094,0.1981324412687408,5.2743450798074845,0.48403407017421357,5.970233533808782,0.06261040449721123,5.135521230028416,0.5258163459167841,95,0.5773848684210526,0.4623985187295257
62,1,0.0,0.13473974385181473,0.7337,0.06590000000000007,9,0.125,7.5187370063388475,0.14133300919117547,6.782389461904814,0.43358184468032235,5.451551237693001,0.1805527432516678,4.86970700587751,0.4511370463579992,5.771342161071285,0.060524611834732914,5.394105220484496,0.35939372694668226,95,0.5918174342105263,0.5831306885291461
62,1,0.0,0.13473974385181473,0.7337,0.06590000000000007,19,0.125,7.626327486758515,0.14335543481202323,7.002253651958854,0.3963079899401382,5.758496809110993,0.19071863228620287,5.114214310923704,0.4656462832339406,8.481281405129028,0.08894400133976604,7.881247424300865,0.38374258124062466,95,0.6041529605263158,0.7812563805893963
62,1,0.0,0.13473974385181473,0.7337,0.06590000000000007,18,0.125,7.441104458732335,0.1398737160206396,7.049356564379717,0.32749239283543263,5.269573646276822,0.17452573334055366,4.904138744270043,0.3703087046184742,5.344720871599287,0.056050593967642365,5.350641082097281,0.21964536120346767,95,0.6278371710526316,0.8389547449079835
62,1,0.0,0.13473974385181473,0.7337,0.06590000000000007,10,0.125,9.38806897192174,0.17647166501200637,8.396529308018925,0.47555271700477214,6.253141300245799,0.20710101886109428,5.565237177950505,0.4687607435760962,7.293383982155212,0.07648640856179355,6.388175330698191,0.5203436530933253,95,0.6465049342105263,0.8275138332379317
62,1,0.0,0.13473974385181473,0.7337,0.06590000000000007,14,0.125,5.742647205050913,0.10794706737699149,5.852759308234207,0.21903296652551274,4.493016381510052,0.14880653190001356,4.189920725897884,0.38062827851688075,7.082694819654636,0.07427689136072618,6.963627883435774,0.21735196957713646,95,0.6727796052631579,0.713665811025547
62,1,0.0,0.13473974385181473,0.7337,0.06590000000000007,4,0.125,6.762249866248793,0.12711298741980415,6.404066378079317,0.3362799880211604,4.816421254819832,0.15951754506142507,4.644467992252245,0.3087331774284039,7.957386895755716,0.08344987000303002,7.507853682154493,0.33316972740838025,95,0.562171052631579,0.6982153306026916
63,1,0.0,0.13426162592817678,0.7345,0.0008000000000000229,7,0.125,7.094679353376974,0.13360981839905878,6.4247401255062,0.42924972497677644,4.75981739460833,0.15740294497761015,4.35582583007021,0.40317139436848487,4.615108260792224,0.04842174593986139,4.182964195828863,0.4523510945800874,95,0.6767269736842105,0.8106088224571637
63,1,0.0,0.13426162592817678,0.7345,0.0008000000000000229,2,0.125,6.419037988525834,0.12088587196479397,6.2956528095608295,0.24828924052887633,4.787513359991619,0.15831882601965724,4.549948046198023,0.3212185422729675,7.055238692363148,0.07402361032545855,5.624847682314013,0.6544518889253181,95,0.5717927631578947,0.5890263195742845
63,1,0.0,0.13426162592817678,0.7345,0.0008000000000000229,4,0.125,6.501304044841508,0.12243513899960536,6.212549469913277,0.30783374376361117,4.754759422018578,0.15723568230443602,4.51151245001426,0.3253876837476568,7.097093992963245,0.07446275641204385,5.845542033437906,0.6023784318467262,95,0.5852796052631579,0.656737389349445
63,1,0.0,0.13426162592817678,0.7345,0.0008000000000000229,5,0.125,6.818883130401421,0.12841591442799766,6.339529228531261,0.36844353917454614,5.05121054554244,0.1670390583619784,4.534057226788157,0.4455872566696012,5.788382709813126,0.060731749102922346,6.1532445519685215,0.11192762845325403,95,0.6627878289473684,0.7834232892859359
63,1,0.0,0.13426162592817678,0.7345,0.0008000000000000229,8,0.125,7.3474783066543985,0.1383706286565078,6.673873864780587,0.42470837488459895,5.2573360939006655,0.17385544765948827,4.811053202894975,0.4051579857042601,5.441061952810745,0.05708765745764365,4.520892470041413,0.5576682889389274,95,0.6316611842105263,0.4767608384324958
63,1,0.0,0.13426162592817678,0.7345,0.0008000000000000229,0,0.125,6.589448207505142,0.12409510486695913,6.030010353895492,0.40340237476903207,4.895859650201452,0.161901741863392,4.396645672762676,0.4428132407029284,7.738535107206938,0.0811927607617052,6.370060468614804,0.6233395730046439,95,0.7796052631578947,0.9489978902953586
63,1,0.0,0.13426162592817678,0.7345,0.0008000000000000229,17,0.125,6.982963039499551,0.1315059324211435,6.620924648240781,0.32141029001256743,4.842510558924244,0.16013753467165728,4.60002191853996,0.3214111098594937,5.905856712442958,0.06196428710386274,6.243363116064419,0.1173684039881871,95,0.5918996710526315,0.5891629037860369
63,1,0.0,0.13426162592817678,0.7345,0.0008000000000000229,16,0.125,8.324900460465596,0.15677783072516369,7.623298037372966,0.4154637364582059,5.75271022371585,0.1902370313284238,5.301950637001129,0.392425060050968,6.371688216978164,0.06685179428435846,5.87575447461825,0.3905638743638929,95,0.5646792763157895,0.5408140974295492
64,1,0.0,0.13377700929943795,0.7457,0.011199999999999988,7,0.125,6.082591220866823,0.11481548578335786,5.796900809607668,0.31355768539035717,4.406279072304788,0.14666956806314763,3.9691031560450614,0.43437296127150254,5.432427014626424,0.05790996306540618,4.4893979522812835,0.5751220569472201,95,0.6890625,0.8231292517006803
64,1,0.0,0.13377700929943795,0.7457,0.011199999999999988,12,0.125,6.826649117272561,0.12886038305241906,6.268151050589945,0.39895195997137173,4.737755455425477,0.15770325365991933,4.196698121790427,0.46724841709144815,8.42471616493263,0.08980792574556642,6.201370737328957,0.7364036408596436,95,0.5737253289473684,0.7176951193291765
64,1,0.0,0.13377700929943795,0.7457,0.011199999999999988,9,0.125,6.694503079524669,0.12636598371380825,6.2268997454349275,0.36727842554405216,4.5246613202639265,0.1506100976777254,4.144692669038297,0.4022489291363832,4.975235536834477,0.05303627741413732,4.576590358889612,0.4796830839971944,95,0.5939555921052632,0.6472135687088958
64,1,0.0,0.13377700929943795,0.7457,0.011199999999999988,8,0.125,5.844005746078009,0.11031192698842261,5.538894083380559,0.32918115729857106,4.238988392625858,0.14110104838319354,3.9259465719857145,0.38484474009202735,6.824730668944119,0.07275199462520109,4.863492503663881,0.7221045197919476,95,0.6155427631578947,0.6036740146960587
64,1,0.0,0.13377700929943795,0.7457,0.011199999999999988,6,0.125,7.642933046479515,0.14426862478129335,6.874206746860845,0.46114582774100726,5.526244247533479,0.1839492786309664,5.021801813048688,0.42310095000074416,6.176265174803866,0.06583931771049156,7.166018337032689,0.02014494644698484,95,0.515625,0.7146730462519936
64,1,0.0,0.13377700929943795,0.7457,0.011199999999999988,5,0.125,6.663558664718084,0.12578187442727404,6.112293031908815,0.4002614650336064,4.62328200932942,0.15389283434282724,4.185312777099986,0.42484309272121723,9.543607465778035,0.10173536696690375,9.388632503192602,0.23789320385256557,95,0.6483552631578947,0.7604008117706748
64,1,0.0,0.13377700929943795,0.7457,0.011199999999999988,4,0.125,5.935954661740249,0.11204756218659208,5.698255908338239,0.2992564642061371,4.0848671575029964,0.13597089329907514,3.8293384303947238,0.36596805488385475,7.846486273241968,0.08364396411645235,5.499519131966611,0.7704012123443371,95,0.5739720394736842,0.7567877355111398
64,1,0.0,0.13377700929943795,0.7457,0.011199999999999988,18,0.125,6.107824208066631,0.11529178569862628,5.69038871436378,0.3644681239157475,4.539032011905407,0.15108844757368922,3.9426533589443395,0.5003342704610171,6.942185907664868,0.07400407376364944,4.972027744390585,0.7204114883179056,95,0.6677220394736842,0.8751154627748015
65,1,0.0,0.1332859471092728,0.7059,-0.03980000000000006,19,0.125,7.54981447500976,0.14293817726213,6.872621527518852,0.42368680867304476,5.454148980524726,0.18424354783981267,4.92571222698485,0.4368017347172764,7.754483284736791,0.08520506711014303,7.526868224329042,0.24704958920388947,95,0.6103618421052631,0.7711533279439504
65,1,0.0,0.1332859471092728,0.7059,-0.03980000000000006,14,0.125,6.168466245175038,0.11678556135475836,5.608132831135569,0.4165310896878768,4.68073997297202,0.15811745190961496,4.266370068904976,0.41138157747285237,5.522241201711075,0.06067753516424788,4.957501566029452,0.44077920237476376,95,0.6381578947368421,0.747680412371134
65,1,0.0,0.1332859471092728,0.7059,-0.03980000000000006,3,0.125,6.4098423319794335,0.12135545615107272,5.81800938762404,0.42062166794736244,4.2754099695811245,0.14442522638784763,3.899735966000921,0.4121429632313047,4.934208780003764,0.054216325549787794,4.412430122115625,0.4484714529350142,95,0.63984375,0.7530364372469636
65,1,0.0,0.1332859471092728,0.7059,-0.03980000000000006,7,0.125,6.669141244592119,0.12626467796805804,6.248076709914274,0.350708496924137,4.632369040082232,0.15648346055372087,4.066381095031414,0.4831304865477074,4.978512794571369,0.05470313123314155,4.102821867960795,0.5757142323150901,95,0.6716694078947368,0.837037037037037
65,1,0.0,0.1332859471092728,0.7059,-0.03980000000000006,12,0.125,6.19067874364646,0.1172061033501216,5.854205815287124,0.33332653214830543,4.365898876561804,0.14748198140532118,4.006446587843959,0.3999673780221839,5.165826573714012,0.05676130616710753,4.441540049032,0.5139646924873773,95,0.5933799342105263,0.7352920795509666
65,1,0.0,0.1332859471092728,0.7059,-0.03980000000000006,4,0.125,6.6324073173230715,0.1255692064932427,6.081055670526814,0.39969919787744046,4.524882834000292,0.15285252930796808,4.129232280412397,0.4094565753986768,4.936081360279524,0.054236901173231246,4.482248356014866,0.42237057541388817,95,0.5735608552631579,0.7148182665424044
65,1,0.0,0.1332859471092728,0.7059,-0.03980000000000006,11,0.125,6.7721373327787155,0.12821466934324383,6.040069009493788,0.4609766187693647,4.435324789195717,0.14982721922360653,3.932927598114115,0.46292570418642887,6.482729699788481,0.07123123473805304,5.832848392431658,0.4438071495654136,95,0.7333470394736842,0.9391084945332212
65,1,0.0,0.1332859471092728,0.7059,-0.03980000000000006,5,0.125,5.774552775125986,0.10932772598752051,5.671026700658382,0.2586761868236524,4.389149831424197,0.14826740887160547,4.098984133181351,0.3658532943709033,4.499398411374817,0.0494386962379628,4.169899549658436,0.3964227654218784,95,0.6692434210526316,0.8009953305480462
66,1,0.0,0.1327884932081842,0.6949,-0.01100000000000001,3,0.125,5.563737643474439,0.10563595804990186,5.6522715152488345,0.23634259989265696,3.5235358357773423,0.12072931267384154,3.5717309958377115,0.2587964948569587,4.339065503872107,0.04788561843730162,3.6237022485264823,0.562967822994651,95,0.6605674342105263,0.7409897292250234
66,1,0.0,0.1327884932081842,0.6949,-0.01100000000000001,11,0.125,5.542822224632291,0.10523884724975538,5.768842389416113,0.18965876620050937,3.890710070820344,0.13331005403545326,3.848328650374229,0.2775259397717982,5.201327534309421,0.05740148090714627,4.590169347015455,0.4789799945382968,95,0.7573190789473684,0.9394613964599848
66,1,0.0,0.1327884932081842,0.6949,-0.01100000000000001,2,0.125,7.870942129072138,0.14944171811103651,7.035674834231828,0.45511721792772486,5.315498763450497,0.18212856123498372,4.8398948330207405,0.41538837034974513,5.515296628704285,0.06086642151287831,4.254467571730287,0.6454980949612653,95,0.5726151315789474,0.5127100387763894
66,1,0.0,0.1327884932081842,0.6949,-0.01100000000000001,15,0.125,8.778089871999576,0.1666652874195821,7.666738944351434,0.5199932823113992,5.3955839151562595,0.18487257343507077,4.804724581057262,0.464819784938099,6.331023787303863,0.06986872844527786,6.398961270366289,0.21096486225950392,95,0.5428042763157894,0.5313233845920764
66,1,0.0,0.1327884932081842,0.6949,-0.01100000000000001,10,0.125,8.836986611423935,0.16778353092669726,7.600056451043638,0.5557545567727,6.3415661199235025,0.2172854072208349,5.534305187041193,0.5361659381048294,6.003224281272157,0.06625115639992325,5.3070729025973,0.46811056883449376,95,0.6494654605263158,0.832795188350744
66,1,0.0,0.1327884932081842,0.6949,-0.01100000000000001,6,0.125,7.336990265948477,0.1393038359483588,6.582745934142986,0.4433679584936946,4.9519964817859865,0.16967363451758655,4.555993130077329,0.39199587284836723,6.696309417816718,0.07389999469552419,5.80400252245261,0.5023240907855439,95,0.48992598684210525,0.7030633655056652
66,1,0.0,0.1327884932081842,0.6949,-0.01100000000000001,9,0.125,6.744436421972473,0.12805330671501633,6.262318584995083,0.3765982778245276,4.586643561364939,0.15715529810166565,4.269194647265079,0.3710998600566927,5.555408059489167,0.06130908841150546,4.245878401067958,0.6565431247819825,95,0.5613075657894737,0.6625888213317705
66,1,0.0,0.1327884932081842,0.6949,-0.01100000000000001,18,0.125,6.746981971499713,0.12810163781549314,6.283219781387703,0.37076037655384586,4.77114572980999,0.16347702179666254,4.2338063622716655,0.4632418207607089,7.216713537659543,0.07964313756666896,6.069353640011616,0.5617284316664967,95,0.6614309210526316,0.8792739027725973
67,1,0.0,0.13228470214759816,0.7479,0.05300000000000005,13,0.125,6.682149505294837,0.12724430925575447,6.200477673502551,0.37284253829685265,4.609802777229526,0.15893157682017392,4.122256501685648,0.4502793611782345,4.468336458881165,0.05043490485450121,4.060671135706376,0.4226525501970094,95,0.5506167763157894,0.7331790008214473
67,1,0.0,0.13228470214759816,0.7479,0.05300000000000005,10,0.125,6.0932552432212725,0.11603033633538629,5.982595925098809,0.2512140277332189,4.117939678330693,0.14197367608876124,4.096019997968638,0.23636660798530915,4.7819259851103295,0.05397444536678757,4.0320261800267,0.544638361719243,95,0.6702713815789474,0.8704987424084412
67,1,0.0,0.13228470214759816,0.7479,0.05300000000000005,3,0.125,6.643121243615569,0.12650111663564081,6.113898927733944,0.3912529025582741,4.682051819806963,0.16142249775876577,4.185642355590911,0.45168828030539176,4.686606371909166,0.05289855601360034,4.345996213415193,0.3834453343032405,95,0.6362664473684211,0.7207573995088535
67,1,0.0,0.13228470214759816,0.7479,0.05300000000000005,9,0.125,6.216074014192025,0.11836910317432499,5.754687793459662,0.37914830096916413,4.1875238139945905,0.14437271937481233,3.7774591903996146,0.43169429052389463,4.115286799302835,0.04644997082958994,3.9110017472723273,0.3568850715235204,95,0.574547697368421,0.6118943677091534
67,1,0.0,0.13228470214759816,0.7479,0.05300000000000005,11,0.125,6.704873656412659,0.1276770321258608,5.975400207509847,0.4611783161109079,4.497479382961896,0.1550590176180908,4.005705452337277,0.45697793274484,4.4056564965314475,0.04972742502023124,3.990390572781895,0.4291642481175862,95,0.7280016447368421,0.9327873482067213
67,1,0.0,0.13228470214759816,0.7479,0.05300000000000005,2,0.125,6.197719913910817,0.11801959665543571,5.880920586454929,0.32625724211327956,4.49148594664855,0.15485238268599422,4.265808125246207,0.32483696716847954,4.679544103068851,0.05281884293462881,4.048369389162415,0.5028004668837218,95,0.5691200657894737,0.5650603280109818
67,1,0.0,0.13228470214759816,0.7479,0.05300000000000005,0,0.125,7.0350814787188884,0.1339649887522292,6.241690307601372,0.4755365485704626,4.6057170778710015,0.15879071468944003,4.0622963695805385,0.4772767376881966,5.83839056992729,0.06589894821202207,5.29160529199173,0.4255807001288289,95,0.7814555921052632,0.9521704814522494
67,1,0.0,0.13228470214759816,0.7479,0.05300000000000005,12,0.125,6.546165387844572,0.12465484233631462,5.908078414042041,0.43308435389413164,4.4703865366648845,0.15412494104462002,3.949439811596028,0.47212383288805027,4.678300790858273,0.05280480944954505,3.6704916682786592,0.6448423338317529,95,0.5898848684210526,0.7384636832566569
68,1,0.0,0.13177462917388172,0.6962,-0.05169999999999997,16,0.125,6.935828098543065,0.1324548398877184,6.360734346655108,0.4020488932425077,4.562330572646836,0.15940167202309172,4.051524916573152,0.46285472716527065,4.837525985050293,0.05516787239221615,5.332477994373467,0.1599515810118905,95,0.548108552631579,0.6018004501125281
68,1,0.0,0.13177462917388172,0.6962,-0.05169999999999997,2,0.125,6.2021313727859395,0.11844329275079941,5.9267031818038465,0.30669718907050436,4.146288669430911,0.14486572949365473,3.907633958397322,0.349359114892727,6.272877859753532,0.07153684060164134,5.3825679644157,0.5136726330158705,95,0.5650082236842106,0.5506877228731534
68,1,0.0,0.13177462917388172,0.6962,-0.05169999999999997,18,0.125,6.2969947738030205,0.12025491732026666,5.628970010531435,0.45329945887730344,4.1533053996885965,0.14511088457775054,3.6656997568195435,0.4705862004134569,5.719222340328228,0.06522286996059604,3.9551175248157757,0.7492358039692767,95,0.6752467105263158,0.897089270490805
68,1,0.0,0.13177462917388172,0.6962,-0.05169999999999997,5,0.125,6.07893072944942,0.11609050642804863,5.5273292439904695,0.4165745973920907,4.15936294990344,0.14532252720584043,3.6751286693280423,0.46868723726499634,5.030249749792989,0.0573657231310297,6.0316111184051415,-0.03705204975273975,95,0.6601973684210526,0.8128425510712506
68,1,0.0,0.13177462917388172,0.6962,-0.05169999999999997,12,0.125,5.750720114053554,0.10982260533620342,5.437794002385017,0.3365186417473165,4.081576365205654,0.14260476893200288,3.883012197083876,0.3325635238173257,7.139499403953731,0.08141992276192968,4.7781275761995445,0.8466563768301694,95,0.6269736842105263,0.7382607555089192
68,1,0.0,0.13177462917388172,0.6962,-0.05169999999999997,8,0.125,6.044293983201845,0.11542904183964314,5.563072074155357,0.39116243868624845,4.27206872080777,0.1492603147121892,3.696457806240074,0.5060029879465071,5.555573794715891,0.06335659738461125,3.6244632467776703,0.790212564933081,95,0.6202302631578948,0.5535666931848316
68,1,0.0,0.13177462917388172,0.6962,-0.05169999999999997,14,0.125,5.843263097283247,0.1115899164419956,5.399087500079294,0.3837609242176322,3.994532168425422,0.1395635621878308,3.5017163282792185,0.48136358302370136,6.301105998285374,0.07185875853018726,4.233897169646842,0.7988452147886176,95,0.6516036184210526,0.7296018173786837
68,1,0.0,0.13177462917388172,0.6962,-0.05169999999999997,6,0.125,6.610995163343722,0.12625144300261903,5.994804107992011,0.4255651844571551,4.450141999606158,0.15548195471199078,3.9586834233367383,0.4584411834459794,4.888425623488805,0.05574833950843704,4.8627896960376065,0.33001098230173526,95,0.5152549342105263,0.741441225760115
69,1,0.0,0.13125833022228447,0.7446,0.0484,6,0.125,5.822768570090008,0.11165997586617837,5.619452221183264,0.3044191702804165,4.082581659600129,0.1439065712756318,3.819962876812387,0.3629738776479852,4.319797549600985,0.050739208158502795,4.261469827874954,0.3011528952879225,95,0.5235608552631579,0.7823765020026703
69,1,0.0,0.13125833022228447,0.7446,0.0484,3,0.125,5.802216424829418,0.11126585887248852,5.493247930380671,0.3429715272444537,3.816326763441517,0.1345213752437444,3.3526709784472066,0.47773143302408216,5.092088009102539,0.05981032918524967,4.179091813174853,0.5823134839438056,95,0.6533717105263158,0.749842668344871
69,1,0.0,0.13125833022228447,0.7446,0.0484,18,0.125,5.302321918710953,0.1016796615478093,5.382703373707377,0.22204086507523196,3.6823676564315915,0.12979946215338092,3.645292098625975,0.2685297575906357,5.6150316604711,0.06595268805213866,5.5624654368277096,0.2349242594050093,95,0.7040296052631579,0.9146127788809718
69,1,0.0,0.13125833022228447,0.7446,0.0484,17,0.125,7.290370624009461,0.139803359541698,6.471761316461639,0.47227627535989125,4.5065407637956785,0.1588506694303875,4.1054578606575065,0.4124591837019962,4.288093870331715,0.05036682506337778,3.9200020892637526,0.4262271125914626,95,0.5981085526315789,0.5614601952426784
69,1,0.0,0.13125833022228447,0.7446,0.0484,15,0.125,7.996333541984621,0.15334121553488317,6.981412847387846,0.5225493737398341,5.287861525362545,0.18639137804038158,4.532004191157634,0.5566555460572666,6.15387090407698,0.07228175237317712,4.850375966597012,0.6814958270108352,95,0.4961759868421053,0.6061987237921604
69,1,0.0,0.13125833022228447,0.7446,0.0484,8,0.125,5.539517581482701,0.10622823009588853,5.409614998301986,0.2894871352977053,3.936263690766114,0.13874902172327813,4.015072145354405,0.1888256870984152,4.793611227405765,0.05630449925153171,5.222685517894371,0.06220971047448399,95,0.5791118421052631,0.6407270661743822
69,1,0.0,0.13125833022228447,0.7446,0.0484,4,0.125,7.333743222112739,0.1406350915947874,6.547118775726772,0.4606468440413217,4.678737891284659,0.16492043122980715,4.1291161441520865,0.4783063988015233,4.811494025371574,0.05651454590256689,4.57107693188409,0.34660983359593217,95,0.5500822368421052,0.6912841979369113
69,1,0.0,0.13125833022228447,0.7446,0.0484,1,0.125,7.541849514787777,0.1446258295638452,6.585745572181593,0.5120711750254339,4.9647772673598425,0.175003008699876,4.318031795638447,0.514762329144672,8.167537088665844,0.09593374683088729,6.766578389899751,0.681782882106855,95,0.5813322368421052,0.857264110906776
70,1,0.0,0.13073586191080458,0.7621,0.01749999999999996,0,0.125,6.717825910904836,0.12928342478532656,6.074873747525165,0.4334480674680568,4.654426677664885,0.16534978270089573,4.100908644041101,0.47754109396048383,7.603731277112834,0.08925521001441916,6.5287524542806565,0.5353107679097165,95,0.7714226973684211,0.9538404136240073
70,1,0.0,0.13073586191080458,0.7621,0.01749999999999996,11,0.125,6.039593440961281,0.11623095547787118,5.500689944617513,0.41316262764417067,3.984466551941155,0.14154926571385826,3.5783439800795906,0.4415945023198863,4.336352797362955,0.050901598901875705,3.70202785786208,0.5370015699046916,95,0.7226151315789474,0.9431546602936156
70,1,0.0,0.13073586191080458,0.7621,0.01749999999999996,16,0.125,7.075067496084393,0.1361584787418128,6.359891645175199,0.4521552217680835,4.6185672170515435,0.16407586553970369,4.147722340368236,0.44064139462817575,6.25733007163441,0.07345069010452118,4.6964322659472435,0.7030469055956893,95,0.5353207236842106,0.6482832782855826
70,1,0.0,0.13073586191080458,0.7621,0.01749999999999996,5,0.125,6.120252089289559,0.11778321753895077,5.611229858509143,0.3993208474142849,4.2326921035756255,0.1503675464315516,3.8131032016652875,0.43447094056580676,4.577521928747416,0.05373252502041267,3.423645955585487,0.6645322723458574,95,0.656578947368421,0.8160696392785571
70,1,0.0,0.13073586191080458,0.7621,0.01749999999999996,19,0.125,6.768889481696973,0.13026613457884162,6.235051384517607,0.3908213152213065,5.15252267630529,0.18304477949493622,4.650473415396131,0.43519341020806535,5.539310401112458,0.06502232853421921,5.380089940312702,0.3156978100890242,95,0.5977384868421053,0.8190823416110614
70,1,0.0,0.13073586191080458,0.7621,0.01749999999999996,1,0.125,5.956571792909583,0.11463321788630566,5.8128335330335155,0.2611127194140194,4.079356046820071,0.14492024101230214,3.752216476285504,0.39873462423449313,5.0674852040547735,0.05948388227425765,5.406555702346923,0.16494827987031896,95,0.60859375,0.8746030673603135
70,1,0.0,0.13073586191080458,0.7621,0.01749999999999996,18,0.125,5.729889962829436,0.11027076436070968,5.369173085712659,0.35521549074364833,3.9719025733721662,0.14110292693357193,3.5036695436899237,0.47116999989968944,7.907052092366039,0.09281569395059654,6.066833173830311,0.7444295871394203,95,0.67578125,0.9033769394584727
70,1,0.0,0.13073586191080458,0.7621,0.01749999999999996,15,0.125,6.362826235573644,0.12245151600513704,6.06234351794331,0.31106810701281346,4.31051504628824,0.1531322277892845,3.9519678403100595,0.4015969324881555,5.710071592669396,0.06702678206621124,5.9971908088401715,0.15212951338343256,95,0.5369243421052632,0.6412926941338642
71,1,0.0,0.13020728153398006,0.7597,-0.0023999999999999577,1,0.125,6.13515185096669,0.11846961114117004,5.705017820736378,0.36796997212415444,4.132811625806089,0.14984435701710472,4.014996110837401,0.26197106923184277,6.306180518410263,0.07595790294839767,6.615380172175333,0.20612719346535738,95,0.6038240131578947,0.873953013278856
71,1,0.0,0.13020728153398006,0.7597,-0.0023999999999999577,10,0.125,6.593770454408391,0.1273255235833835,5.956745587011682,0.4425480024626553,4.419179486003393,0.16022726622440728,3.946369147818394,0.4645817606268789,5.921814472733804,0.07132821645133053,3.3502200112741223,0.8575188822455545,95,0.6564555921052632,0.8848105230191043
71,1,0.0,0.13020728153398006,0.7597,-0.0023999999999999577,13,0.125,6.3698839704015215,0.12300228182109878,5.762704418686284,0.43565242068801985,4.1599657452196155,0.15082889053382215,3.7276243175453914,0.4510734141802153,4.510270369909854,0.05432617699865825,3.7119445501877255,0.6059354548174465,95,0.5443667763157894,0.7110053629428205
71,1,0.0,0.13020728153398006,0.7597,-0.0023999999999999577,18,0.125,5.359207197024307,0.1034861415135781,5.205080343554405,0.2741122241856979,3.4858791297507725,0.12638836804834258,3.332291135179636,0.318698136027519,4.5951110369261965,0.0553480822759479,3.4481770331004946,0.6733427460016519,95,0.7104851973684211,0.9204815093466057
71,1,0.0,0.13020728153398006,0.7597,-0.0023999999999999577,4,0.125,5.990873430667519,0.11568359886892093,5.547132200511691,0.3778586389304367,3.8750592693519135,0.14049896709384968,3.4524357121781915,0.4580401749723712,9.20918683944678,0.1109245950289892,6.301010949649071,0.864755478737828,95,0.5616365131578948,0.7758254630646461
71,1,0.0,0.13020728153398006,0.7597,-0.0023999999999999577,14,0.125,5.644946924932048,0.10900376769058627,5.353251141803492,0.32393529125039683,4.015109684667418,0.14557680908933066,3.8486115955739852,0.29783887074650545,6.780223144445931,0.08166774326722477,4.736110181373622,0.7428834413571878,95,0.63671875,0.8246044559250888
71,1,0.0,0.13020728153398006,0.7597,-0.0023999999999999577,15,0.125,6.476547275135467,0.12506194726081754,5.992239513414459,0.38181243644292784,4.628104355294855,0.16780230606130178,4.260675503583307,0.39535724832929353,5.19714204917021,0.06259954186649642,5.663326377035992,0.22223391989377428,95,0.5405427631578947,0.5921192758253461
71,1,0.0,0.13020728153398006,0.7597,-0.0023999999999999577,0,0.125,5.566123095622064,0.10748168174489929,5.368477164730733,0.2857137708031058,3.942397897245591,0.14294048011518756,3.6784303052788863,0.36104769189031954,6.212733038292908,0.07483232866380428,5.406762629407758,0.5010780638350453,95,0.7937911184210527,0.9598549598549598
72,1,0.0,0.12967264705660586,0.7789,0.019199999999999995,10,0.125,5.821203678128023,0.11282034153513808,5.582713964620391,0.2964929978613048,3.9588705170329725,0.14444158336292304,3.680970810082615,0.3716083082115485,4.071364702478787,0.05101305397897987,3.3755920546572873,0.5715812493079142,95,0.6787828947368421,0.8980494305791131
72,1,0.0,0.12967264705660586,0.7789,0.019199999999999995,17,0.125,6.018080452109946,0.11663599652835412,5.509722266938376,0.4035365428371112,3.9609496053104234,0.14451744005019135,3.593685890068084,0.4205347526955765,3.857777157366161,0.04833686214545671,3.0976610070770616,0.6106488063564905,95,0.5784128289473685,0.6498187246747708
72,1,0.0,0.12967264705660586,0.7789,0.019199999999999995,19,0.125,6.051308760055009,0.11727999204170167,5.552940023429004,0.3984719366998444,3.807913528348518,0.13893383402596743,3.4134255651139784,0.44325457926968337,4.1961426897783545,0.05257648704544672,3.514774558634556,0.5592766104223978,95,0.6065789473684211,0.824972885032538
72,1,0.0,0.12967264705660586,0.7789,0.019199999999999995,9,0.125,6.085544097301865,0.11794350471954754,5.484216270163535,0.43938842503652054,4.024683391796232,0.14684280254793328,3.7030867391791897,0.39240463371184625,3.71525333652517,0.04655107877865949,3.121794647145219,0.5443126042862195,95,0.5741365131578947,0.673637470457638
72,1,0.0,0.12967264705660586,0.7789,0.019199999999999995,3,0.125,5.753734703946004,0.11151273006316008,5.400886179455689,0.3472555854811312,3.720284392880533,0.13573663648660309,3.2317299241622255,0.49766677961616507,4.310322828579559,0.054007132052622565,4.067049932152747,0.34207631114126114,95,0.6489309210526316,0.7567481941452288
72,1,0.0,0.12967264705660586,0.7789,0.019199999999999995,12,0.125,6.780610454409696,0.13141453719572216,6.164571737337865,0.42791808114754626,4.642896015049103,0.1693986324932164,4.1335129811237685,0.4678706768860439,4.584426157766788,0.0574415696305514,4.465876006673059,0.26452177689614936,95,0.56171875,0.7372081106800381
72,1,0.0,0.12967264705660586,0.7789,0.019199999999999995,14,0.125,5.507017658386597,0.10673112425075126,5.2610662852286625,0.310512422244981,3.8279556890631152,0.13966508335962843,3.736118117015342,0.27286289957643345,7.439196680670553,0.09321104090730178,7.286107883791591,0.20608797644622576,95,0.6202302631578948,0.8346592415804827
72,1,0.0,0.12967264705660586,0.7789,0.019199999999999995,1,0.125,5.908912739518255,0.11452022472234764,5.552619348420914,0.34373085346574533,4.046425476493955,0.14763607454959082,3.570320181413452,0.4745270019670045,4.6716892620304815,0.05853495176982939,4.448336652571575,0.3155574631433796,95,0.6077713815789474,0.8768689533861038
73,1,0.0,0.12913201710737712,0.7866,0.007699999999999929,5,0.125,5.883723116166658,0.11444610273473015,5.3881698698790474,0.40303134886130887,3.989132518220277,0.14758302838968476,3.495959572640285,0.4866641949328087,4.712227871099732,0.05954984980124314,4.2992947285805165,0.4107461920388131,95,0.6654194078947369,0.8312426620527714
73,1,0.0,0.12913201710737712,0.7866,0.007699999999999929,8,0.125,6.389368644824019,0.12428156898246547,5.79001866598431,0.4327145706872129,4.667366089041049,0.1726751414944999,4.310848600013822,0.3843454696892785,4.529653947316142,0.05724260786890444,4.608107311311192,0.15162572009168787,95,0.5466282894736842,0.6763201444260568
73,1,0.0,0.12913201710737712,0.7866,0.007699999999999929,17,0.125,5.4167927979561465,0.10536369791845857,5.177651314133822,0.30841821447555906,3.590084375592934,0.13281973509390407,3.191927599031596,0.4577546588564512,3.341115054277378,0.042222682156594554,2.8757254710784736,0.5095859321143681,95,0.5773026315789473,0.728917378917379
73,1,0.0,0.12913201710737712,0.7866,0.007699999999999929,6,0.125,6.120389332101098,0.11904956988094069,5.718052766838244,0.3565856507869889,3.689903379886806,0.1365126660449934,3.387238573586448,0.3998809993195475,4.567075001651803,0.057715509058331164,3.9839555735424734,0.5017414861704388,95,0.5336759868421053,0.817551429231836
73,1,0.0,0.12913201710737712,0.7866,0.007699999999999929,15,0.125,6.163555341833763,0.11988920517427032,5.692087630069113,0.3848721943436789,3.994002187232409,0.14776318798498106,3.74676518272371,0.35225664063297346,4.062073200488171,0.051333648454116955,3.766392111911145,0.37906947912566324,95,0.5183799342105263,0.7123026889823114
73,1,0.0,0.12913201710737712,0.7866,0.007699999999999929,9,0.125,5.222829114641685,0.10159085083012105,5.071407100867182,0.27702595172012356,3.5274149573716422,0.13050120030312598,3.232105761099673,0.40586973243223756,4.264542014011323,0.05389230812944496,3.81166549399156,0.44966747669130813,95,0.5786595394736842,0.7755986641085767
73,1,0.0,0.12913201710737712,0.7866,0.007699999999999929,3,0.125,5.428458751673429,0.10559061596189237,5.105674214195547,0.34440660950348073,3.5634520798891534,0.13183443946008364,3.3399664529809665,0.3635167457510194,4.03824459394225,0.05103251914127425,3.324382840838895,0.5862336275559243,95,0.6675575657894737,0.7939020634431783
73,1,0.0,0.12913201710737712,0.7866,0.007699999999999929,7,0.125,6.477755123116174,0.12600080147782045,5.894160254916738,0.42399192518036294,4.397442609254691,0.1626889792403251,3.7946292000185524,0.5267235771995882,4.373125243774766,0.055264507267564704,3.9966487894887144,0.4059140808998465,95,0.6416529605263158,0.8544697212431913
74,1,0.0,0.12858545097246024,0.7751,-0.011499999999999955,17,0.125,5.438296496620445,0.10615665426309441,5.204759286715945,0.30436950770921145,3.740029726821242,0.14033016125060668,3.540466424241894,0.33289282773873785,7.744962930792961,0.09887855632490393,5.160403556127033,0.8219130335921011,95,0.5768503289473684,0.7360467602822724
74,1,0.0,0.12858545097246024,0.7751,-0.011499999999999955,12,0.125,5.902667313597658,0.1152212671061704,5.472037208922226,0.3750634816410222,3.4640034867026,0.12997334336023939,3.202094737455952,0.38658486015631377,5.765132479650267,0.07360241510559021,3.3549104546951374,0.8367471218223428,95,0.6125822368421052,0.7695663847496308
74,1,0.0,0.12858545097246024,0.7751,-0.011499999999999955,13,0.125,6.031248538202425,0.11773119877568784,5.612137852108384,0.36636022499046694,3.579463937006165,0.13430555053307863,3.308573667721248,0.38488181022913026,3.9364790990952345,0.050256324504040446,4.048492145446481,0.4377035078423143,95,0.5745888157894737,0.775296980105911
74,1,0.0,0.12858545097246024,0.7751,-0.011499999999999955,16,0.125,7.116732081806165,0.13892005843389696,6.495294239061164,0.4269227498188555,4.46163454745539,0.1674055933287552,3.8854643191873675,0.5206713688378375,5.309626398067181,0.0677870504425681,4.068911321919611,0.6444141342627245,95,0.5403371710526316,0.6895974431169621
74,1,0.0,0.12858545097246024,0.7751,-0.011499999999999955,15,0.125,5.656293075120425,0.11041199183594302,5.442158189316368,0.28817787248240073,3.632405506174492,0.1362919783106369,3.594514113791313,0.2385009712062811,4.24126535292694,0.05414747608679816,4.937206970016145,0.23067781731942538,95,0.5349506578947368,0.6975403535741738
74,1,0.0,0.12858545097246024,0.7751,-0.011499999999999955,18,0.125,5.461773419262024,0.10661492857042068,5.150948393186581,0.3375315307675341,3.6880128893043516,0.13837843045441967,3.3208498035029232,0.4351673664478211,5.920284585606737,0.07558321428885674,4.098705254733241,0.7293916029292868,95,0.6953125,0.9299231224127735
74,1,0.0,0.12858545097246024,0.7751,-0.011499999999999955,4,0.125,5.965715788882989,0.11645198617359148,5.491468479621711,0.3918727402891914,3.7030792505189303,0.13894373743140423,3.3414378042679513,0.4311585817249388,6.833348556108842,0.08724013867213319,3.981019491709143,0.8817985397180546,95,0.5682154605263158,0.7693754975034373
74,1,0.0,0.12858545097246024,0.7751,-0.011499999999999955,11,0.125,5.858434031071678,0.11435782443015036,5.3706453881333225,0.40078297730095214,4.037473749421908,0.1514905986544176,3.4902774431488752,0.5204664976181461,3.646222753603015,0.04655067366195504,3.6387936093031326,0.5078108333325856,95,0.7326480263157895,0.9443259625098215
75,1,0.0,0.12803300858899105,0.7785,0.0033999999999999586,10,0.125,6.428242267161099,0.12593072859283824,5.85940181888121,0.42348164160090523,4.161438847380705,0.15858758555662583,3.9373925811964536,0.32465321277560166,4.628325578649342,0.06169971442802868,4.0773619307390385,0.4855725842037232,95,0.6606085526315789,0.881053155732603
75,1,0.0,0.12803300858899105,0.7785,0.0033999999999999586,15,0.125,6.117565648131877,0.11984450293968038,5.701347306328584,0.363374957228997,3.795951792252884,0.14465929975196842,3.6402576413562207,0.29644706819481575,3.972132070882997,0.05295206879448079,3.9528538923745273,0.23045744008297683,95,0.5335115131578947,0.648169556840077
75,1,0.0,0.12803300858899105,0.7785,0.0033999999999999586,18,0.125,5.306283787527623,0.10395130670437944,5.037382026648346,0.321779815339997,3.5257234953983474,0.134361214229406,3.1512299641953256,0.45006218067903997,3.6368169502482552,0.04848201870077043,2.9600244118204464,0.5917838689733778,95,0.7091694078947368,0.927465646199339
75,1,0.0,0.12803300858899105,0.7785,0.0033999999999999586,16,0.125,5.869237825810204,0.11497970439986868,5.5503166353356335,0.3262703965113269,3.7034229503278944,0.14113313340100286,3.3921229971284217,0.40140123968695646,3.620290973305406,0.04826171266553348,3.268594028656786,0.4327071525904554,95,0.5890213815789473,0.7574869109947644
75,1,0.0,0.12803300858899105,0.7785,0.0033999999999999586,9,0.125,5.572799610193656,0.10917241230914307,5.23355895578558,0.34466524286963884,3.5812873552315603,0.1364786881845267,3.131925983697841,0.4926190877289016,3.089173702255541,0.04118144499751571,2.752382423396152,0.4648160520376064,95,0.574547697368421,0.751162957131611
75,1,0.0,0.12803300858899105,0.7785,0.0033999999999999586,17,0.125,5.404350847781233,0.10587246272735379,5.143906168756071,0.31441515377043655,3.4303983443867305,0.13072848379741414,3.1078718814809942,0.42332140982832056,3.069699076666283,0.04092183084180616,3.3405314741489547,0.1217101946114329,95,0.5849917763157895,0.7293877837913826
75,1,0.0,0.12803300858899105,0.7785,0.0033999999999999586,0,0.125,5.646853990005488,0.11062315445880279,5.288316812276619,0.3510221948269385,3.7412897950490054,0.14257619473079952,3.4979376474498456,0.35625841348244486,5.103534170195061,0.06803466945525755,4.61616727867016,0.4370175178925974,95,0.7884868421052632,0.9612536503963287
75,1,0.0,0.12803300858899105,0.7785,0.0033999999999999586,7,0.125,6.092223207214173,0.11934803875608997,5.602400265758417,0.39690998829750773,3.9231054620700356,0.14950497794898407,3.609657094329474,0.39226612358985957,4.568619410992268,0.06090377787788034,3.6562699933701244,0.6619018374986374,95,0.6789884868421052,0.8971719251498819
76,1,0.0,0.1274747505385024,0.7905,0.01200000000000001,16,0.125,5.9151380727881415,0.1162751694559945,5.5555095704461825,0.343584950968408,3.596921244024739,0.13850973467740127,3.3611840111276403,0.3560646538914996,5.773235084569224,0.07809877084809311,3.862245612106334,0.8405206873294031,95,0.5832236842105263,0.751269035532995
76,1,0.0,0.1274747505385024,0.7905,0.01200000000000001,7,0.125,5.7105107599114495,0.11225276538236531,5.313376397494138,0.3671916018439858,3.857899855704124,0.14855946215482044,3.4393845501057916,0.47490231645321673,4.74688493460676,0.064214582174386,3.3085123016365556,0.7442752621536364,95,0.6738898026315789,0.8907804014888034
76,1,0.0,0.1274747505385024,0.7905,0.01200000000000001,17,0.125,5.2517008001326735,0.10323383714013255,5.002766383103439,0.31059251337211513,3.491687084347286,0.13445739253615002,3.2173303972234284,0.3891782685219758,3.196715255577429,0.043244303853005775,2.859856218474274,0.527959620687441,95,0.58828125,0.7442510659117915
76,1,0.0,0.1274747505385024,0.7905,0.01200000000000001,12,0.125,5.786062888938336,0.11373791019171066,5.2965168996387835,0.40858690642328405,3.6446526053149153,0.1403477671889766,3.471222401227025,0.3079357647114457,5.18272832385651,0.07011055427392025,3.793216954651496,0.7147108135093767,95,0.6130345394736842,0.7793949963109531
76,1,0.0,0.1274747505385024,0.7905,0.01200000000000001,15,0.125,5.643727313678698,0.1109399884983748,5.433807547806582,0.27874221847448394,3.575523666829377,0.13768575980027759,3.493186263371017,0.24275898058327933,4.343422155561877,0.0587566462572117,5.120654532873394,-0.029569828416102197,95,0.5449424342105263,0.7093488266807515
76,1,0.0,0.1274747505385024,0.7905,0.01200000000000001,14,0.125,5.692781371666005,0.1119042549000701,5.249415636022264,0.38955402013879736,3.632042562030461,0.1398621814251788,3.3402790413546675,0.3949289976074688,4.148019960310116,0.05611329793575317,3.448740955212268,0.5593503677348279,95,0.6133223684210526,0.8141592920353983
76,1,0.0,0.1274747505385024,0.7905,0.01200000000000001,9,0.125,5.38082863158355,0.10577213130988448,5.061187676037462,0.3403621952436082,3.3556861742624955,0.12922028872048474,3.1999768447772956,0.3096581959555613,3.2847276173860926,0.04443491140250021,3.3875245642380816,0.3533942172784482,95,0.5760690789473685,0.7396145610278373
76,1,0.0,0.1274747505385024,0.7905,0.01200000000000001,18,0.125,5.5342008274216,0.10878700228017467,5.1866235314093085,0.34884630105370273,3.360380280305392,0.1294010486922604,3.0903886126620836,0.39289384721922627,4.8182448294267575,0.06517991963105513,3.38642006483079,0.7397102448549687,95,0.706702302631579,0.9182521673357771
77,1,0.0,0.1269107380402805,0.7535,-0.03700000000000003,11,0.125,6.009388805450456,0.11856460663103127,5.533604872066919,0.3900306546893227,3.630858701553003,0.1415503202328761,3.28984986476254,0.4234767259076674,3.7165555081330446,0.051790466413304474,3.7164622532641793,0.24560623342881047,95,0.7480674342105263,0.9451437366019898
77,1,0.0,0.1269107380402805,0.7535,-0.03700000000000003,7,0.125,5.736593226454938,0.1131823786605341,5.504342516793501,0.299548599031447,3.6498418001715067,0.14229038309660363,3.4374471561284294,0.3417953754008577,5.01501856093143,0.06988464178017599,4.050848136574593,0.6594415964267013,95,0.6905427631578948,0.8940693104680243
77,1,0.0,0.1269107380402805,0.7535,-0.03700000000000003,8,0.125,5.990319006622494,0.11818836151363771,5.477606199061573,0.4053247643642855,3.702064069593413,0.14432628687793134,3.423098943471474,0.3811958265170766,4.929714053301335,0.06869591737456655,3.9540153999799226,0.6667851875861187,95,0.5607730263157895,0.6780319694969937
77,1,0.0,0.1269107380402805,0.7535,-0.03700000000000003,14,0.125,5.187601126112503,0.10235082248603469,4.987832914594677,0.3070629600585272,3.5074518202453735,0.13673925899257944,3.3589634298290725,0.3086713637639751,4.779276040235861,0.06659955291938706,3.9325636860931135,0.6137525215467651,95,0.6397203947368421,0.8528088443244632
77,1,0.0,0.1269107380402805,0.7535,-0.03700000000000003,13,0.125,6.234760226594538,0.12301116097439291,5.691555096544813,0.41027811948925236,3.8199077217536814,0.14892046364762027,3.367802427347147,0.4815561196633951,3.568332034071605,0.04972496171729134,3.8895688194451092,0.07183599810117423,95,0.5823190789473685,0.8082897895777432
77,1,0.0,0.1269107380402805,0.7535,-0.03700000000000003,1,0.125,6.885367942882585,0.13584758252242812,6.3225899155850875,0.40161004148605367,4.289128599379339,0.16721320675531937,3.945234833403257,0.3958107505056176,5.870970734958197,0.08181239645068186,6.119540442288106,0.01637834766313615,95,0.6001644736842106,0.8730474102493834
77,1,0.0,0.1269107380402805,0.7535,-0.03700000000000003,0,0.125,5.756359094196721,0.113572357144103,5.4413693640636165,0.3330804290119072,3.5888589807516027,0.13991294615203212,3.4458091078611752,0.3004143272525846,6.374661041714083,0.0888313568449669,5.5474716718922865,0.5669549950836859,95,0.792639802631579,0.9628572910722623
77,1,0.0,0.1269107380402805,0.7535,-0.03700000000000003,6,0.125,7.000237929673249,0.13811395523327588,6.325743399964513,0.44324529298814785,4.356848150116047,0.16985327757071833,3.9470563704560937,0.4341483677410629,4.263898299099323,0.05941772729238204,4.56075812396868,0.04573068047393095,95,0.5165296052631579,0.8083903836968636
78,1,0.0,0.12634103294465168,0.7633,0.009800000000000031,11,0.125,5.13140531330093,0.10154225477742586,4.780170036094539,0.36468891784169694,3.1319248834594884,0.12204178279860475,2.9389448649942507,0.3577526528734326,3.395764570627247,0.0478866231933582,2.743234692630535,0.5910289738703356,95,0.7570723684210526,0.9538887681946556
78,1,0.0,0.12634103294465168,0.7633,0.009800000000000031,13,0.125,5.673091278431226,0.11226134846079606,5.358672840566593,0.32931156256320504,3.357862818145284,0.13084591105101398,3.1676181662087535,0.3410604733357573,3.2634599167834124,0.04602088045013348,3.2097696498950596,0.31334947875331776,95,0.5828125,0.7802314096232539
78,1,0.0,0.12634103294465168,0.7633,0.009800000000000031,0,0.125,5.484653027314991,0.10853245866620907,5.10084873591014,0.36750350460781145,3.970982136875103,0.1547373444379479,3.4641283072832625,0.5140625649834014,4.665101916985331,0.06578665069705497,4.122062913093806,0.4743912165975978,95,0.7970805921052632,0.9634253288625225
78,1,0.0,0.12634103294465168,0.7633,0.009800000000000031,14,0.125,4.9366153998859765,0.09768767580569963,4.666478133426571,0.33449346607601066,3.303137684394743,0.1287134356132791,2.910155099243707,0.475563516769338,4.91591686474222,0.06932360994281253,3.799014882739946,0.721789298370994,95,0.6500411184210526,0.8610917831614903
78,1,0.0,0.12634103294465168,0.7633,0.009800000000000031,6,0.125,5.993582873455012,0.11860336145898473,5.622221490064771,0.346683768433694,3.563012754760308,0.13883999294542484,3.4016574023255144,0.3097141105417074,4.041976275984908,0.056999415259471234,4.292044011285467,0.09111831188948981,95,0.5470394736842106,0.8196782922429344
78,1,0.0,0.12634103294465168,0.7633,0.009800000000000031,5,0.125,5.979286871866643,0.1183204665896549,5.432770211636954,0.42731367341694004,3.9591626167592104,0.15427677294902567,3.578010498552342,0.4353741822684211,3.278722279504162,0.046236108272159404,2.9835996857354377,0.4350441986098334,95,0.6441200657894737,0.816278327481647
78,1,0.0,0.12634103294465168,0.7633,0.009800000000000031,8,0.125,5.297941726484345,0.10483774243913052,4.995272706954708,0.33609218570688615,3.5028454394164927,0.13649545190309495,3.3027301140859264,0.33913858226782784,3.3189454149373283,0.04680332961217935,2.7970739689242636,0.5387055145143037,95,0.5693667763157895,0.6951686285838088
78,1,0.0,0.12634103294465168,0.7633,0.009800000000000031,18,0.125,5.5464004272322045,0.1097543403597064,5.054078111590109,0.41512636615486576,3.5249337799331637,0.1373561687325291,3.2405414648448034,0.393564168900192,3.7035054824753058,0.05222634486143791,2.812199008853725,0.6728155876653791,95,0.7004934210526316,0.926802066212726
79,1,0.0,0.12576569772619958,0.7738,0.010500000000000065,17,0.125,6.3666188091739855,0.126418410599526,5.810849518252317,0.4100869310039111,3.7105321416218544,0.14697791810602248,3.2702983339570904,0.47286619316778167,4.071250291952269,0.05837961450640202,4.251183396943122,0.12328251565470348,95,0.5608141447368421,0.7246865605982843
79,1,0.0,0.12576569772619958,0.7738,0.010500000000000065,13,0.125,5.9729952537081115,0.11860244646722602,5.567850423196821,0.3638352981838437,3.81146711154495,0.15097605400059694,3.5262633172651388,0.38384416284297107,3.4301282375450723,0.04918625725646082,2.58351695219213,0.6727067706434333,95,0.5751233552631579,0.7628512189890613
79,1,0.0,0.12576569772619958,0.7738,0.010500000000000065,4,0.125,6.908477779175836,0.13717780295674137,6.198942848631854,0.45460523055474383,4.47490288004076,0.17725541349105592,3.849087834709276,0.5340528208432898,4.283714233905833,0.06142623707644594,3.270357292824507,0.7026697589890111,95,0.544202302631579,0.7614658103513411
79,1,0.0,0.12576569772619958,0.7738,0.010500000000000065,10,0.125,7.062165981123783,0.14022950415018523,6.382988214871981,0.43971989371578335,4.485510062851988,0.17767557469356277,3.8749881804464272,0.5258276305406167,4.186902668156693,0.06003800950926147,3.8404341079020883,0.39992379088984925,95,0.6413651315789474,0.8890883446595718
79,1,0.0,0.12576569772619958,0.7738,0.010500000000000065,6,0.125,5.76216360173422,0.11441607955168114,5.4863522950346475,0.32002928521078555,3.448948062761933,0.13661630908255024,3.1829420155156383,0.3958538541798863,3.89831972922364,0.05589988006009968,3.0231814944265287,0.6598241046854896,95,0.5615953947368421,0.816517791770391
79,1,0.0,0.12576569772619958,0.7738,0.010500000000000065,7,0.125,6.269088078081272,0.12448179708787925,5.8014494794198725,0.3789848185188852,3.714638908624318,0.14714059128634555,3.452531448490717,0.3767026912365505,3.6369791484024194,0.05215239187609369,3.5052612742468856,0.3217191109758077,95,0.664391447368421,0.8729421958163139
79,1,0.0,0.12576569772619958,0.7738,0.010500000000000065,11,0.125,5.0476846990538276,0.10022906914772901,5.017365569048525,0.2493937274240861,3.182734466210873,0.1260713201970776,3.025784065834917,0.35517647448765594,4.050212655822971,0.05807794573163225,3.61310234604498,0.45188520298917156,95,0.7578536184210526,0.9459606098421138
79,1,0.0,0.12576569772619958,0.7738,0.010500000000000065,16,0.125,6.872567644543461,0.13646475537517447,6.360937079223324,0.37998221395940307,4.213606710238475,0.1669052088355503,3.903474100285141,0.37717996629948114,3.6466504293016717,0.052291073020752754,3.323178419005396,0.41959404107175846,95,0.5620888157894737,0.7063643013899049
80,1,0.0,0.12518479547691433,0.7859,0.0121,4,0.125,5.89491516550281,0.11733895125828164,5.544135036783575,0.34128693730963133,3.944598449921341,0.15681726680489058,3.6024878569079273,0.40735819840234216,6.364625223790157,0.0924530545634655,4.920109667100835,0.6850732733546003,95,0.5796052631578947,0.8100879682179342
80,1,0.0,0.12518479547691433,0.7859,0.0121,17,0.125,5.614643750826105,0.11176011713725924,5.208344091740012,0.3739067096281038,3.704978764000515,0.14729120104793134,3.4057379468117586,0.39535719498857513,3.169584503250141,0.04604163775852224,3.7391567230986986,0.1993682664575407,95,0.5805098684210527,0.7746139679841337
80,1,0.0,0.12518479547691433,0.7859,0.0121,18,0.125,5.968715135001535,0.11880794797507067,5.365370825672375,0.44471924040062766,3.757370976028304,0.14937405018869088,3.2693214314475947,0.4982179521016979,6.054934384135295,0.08795446068092327,4.02215819345234,0.8474097636561746,95,0.6921052631578948,0.917953897338403
80,1,0.0,0.12518479547691433,0.7859,0.0121,14,0.125,5.397196300087403,0.1074318011043533,4.989732928561369,0.38201594903733227,3.27938051551813,0.1303715690673207,2.860515949498905,0.4890216471733756,4.630088700777313,0.06725703843277284,2.9422988664839664,0.8016333915875538,95,0.6296052631578948,0.8649425287356322
80,1,0.0,0.12518479547691433,0.7859,0.0121,8,0.125,5.954986436996498,0.11853467669281717,5.546063549058986,0.3642086903897388,3.589504148598103,0.14270051487222862,3.1904203813179333,0.45844833602911056,4.219434839820915,0.06129184763539692,4.991962158237169,0.010862994390327228,95,0.5555098684210527,0.6780162842339008
80,1,0.0,0.12518479547691433,0.7859,0.0121,7,0.125,5.526243634651253,0.11000050285412771,5.130703765500754,0.37239384165899936,3.3651928261286037,0.13378303215513263,2.906369848893912,0.5049768046388061,4.782823348958183,0.06947567413644569,2.9961267114328924,0.8191021357471926,95,0.7044819078947369,0.9259324111364035
80,1,0.0,0.12518479547691433,0.7859,0.0121,9,0.125,5.602989758743259,0.11152814311039352,5.1996410763164445,0.3730550259459548,3.4954690760091616,0.13896215639178777,3.2124607777543095,0.3985203709273407,3.5112310135130698,0.05100442226572162,4.071658786969781,0.16345994092062,95,0.5638980263157894,0.7948082251713577
80,1,0.0,0.12518479547691433,0.7859,0.0121,5,0.125,6.026480654706301,0.1199577771601814,5.513061154004896,0.4059800872732532,3.7432726184207503,0.14881357085612446,3.4309247944133694,0.40075936373892773,4.394222109600226,0.06383082148251415,2.924812578918265,0.759718247607896,95,0.6484375,0.8235256816740647
81,1,0.0,0.12459838989927387,0.7879,0.0020000000000000018,15,0.125,6.997190797006867,0.13965150198588022,6.316487790452751,0.4572242325565312,4.389513579192687,0.17580023816577653,3.9306660989038402,0.46855150633600523,5.442075189523981,0.08112479067696064,5.231644831570968,0.277637801019999,95,0.5057154605263158,0.677778681193593
81,1,0.0,0.12459838989927387,0.7879,0.0020000000000000018,5,0.125,5.485022221353811,0.1094713026784479,5.14339457253364,0.34931671929856606,3.5001220553621,0.14018006319850904,3.2334501045476194,0.38341056382312616,3.2035769100411184,0.047755589034293125,2.885023776271741,0.4435412369390819,95,0.6617598684210526,0.8646079284205294
81,1,0.0,0.12459838989927387,0.7879,0.0020000000000000018,17,0.125,5.115563594721413,0.10209756461303379,4.909558465348751,0.3022335201083918,2.956738819999773,0.11841753747246801,2.8826503452465304,0.290927381194656,3.406123269135251,0.05077493926589646,2.5650738012596763,0.6829010591951744,95,0.5866776315789474,0.7935940566302214
81,1,0.0,0.12459838989927387,0.7879,0.0020000000000000018,6,0.125,6.380101394366572,0.12733549339924138,5.8130747937842155,0.4218766090137236,3.876469501534042,0.1552527972216437,3.4501703170741886,0.4672500264404716,4.081592385606535,0.060844129560798946,3.3147758927813396,0.6166180699940401,95,0.5318667763157895,0.8107460378817163
81,1,0.0,0.12459838989927387,0.7879,0.0020000000000000018,0,0.125,5.640043696196567,0.11256525601342313,5.358077868294567,0.3175197855355358,3.71635484889141,0.14884019738328477,3.4019908619385815,0.40315083770909843,4.339774607598191,0.06469284130882934,4.224389001361472,0.26304799916992794,95,0.792639802631579,0.966747937957151
81,1,0.0,0.12459838989927387,0.7879,0.0020000000000000018,13,0.125,5.980363905215916,0.11935744301024342,5.47848042354489,0.4041366725259569,3.410385062931587,0.1365860921680182,3.0467984532276287,0.45072068504577717,2.863051844508254,0.04267939590951046,2.8680911287132393,0.2944158662064351,95,0.6082236842105263,0.8065846403461331
81,1,0.0,0.12459838989927387,0.7879,0.0020000000000000018,18,0.125,5.223377245164088,0.10424933360943457,5.000192683053485,0.3057884120916181,3.0430818601514775,0.12187558054461602,2.9836109184170185,0.2740518934391922,3.547573779560767,0.05288353619809411,3.040691149833091,0.5164044278856266,95,0.7217105263157895,0.9344234275296263
81,1,0.0,0.12459838989927387,0.7879,0.0020000000000000018,4,0.125,5.654067111025901,0.1128451384692117,5.379941947590235,0.3135400806978453,3.411169406427753,0.13661750516422885,3.121175022390368,0.4036349294126905,4.555866925411566,0.06791412058906705,4.09113763742986,0.4458799897413607,95,0.5833059210526316,0.8072747779500916
82,1,0.0,0.12400654529925792,0.7804,-0.007500000000000062,16,0.125,6.599366133827581,0.1320871105275526,6.031889035072145,0.4117430423910433,4.008113203735404,0.16249000787418716,3.4305264995013816,0.5402543543441234,3.7680958245329936,0.057038018054794505,3.110536204784097,0.5822819820983526,95,0.5584292763157894,0.7672483616817612
82,1,0.0,0.12400654529925792,0.7804,-0.007500000000000062,4,0.125,5.5263869824160246,0.11061130317087582,5.180851716295938,0.35241394954591776,3.320355421669775,0.13460811887982754,3.1304110472745412,0.3516356241822362,3.8245533800985503,0.05789262134081282,3.1222435085549463,0.6017888539712315,95,0.5913240131578947,0.8338084973228566
82,1,0.0,0.12400654529925792,0.7804,-0.007500000000000062,6,0.125,5.56177378434494,0.1113195742870429,5.295328232168357,0.31797556706333396,3.3959657466772866,0.13767338217987365,3.134870760844403,0.3897189515935191,3.0431220559601107,0.046064022480720314,2.4799538327859034,0.5807273163350195,95,0.558264802631579,0.831111438462105
82,1,0.0,0.12400654529925792,0.7804,-0.007500000000000062,15,0.125,5.913105713927048,0.11835152530680772,5.67079935666088,0.29585622118741634,3.59814292334985,0.1458697003374769,3.3278999395353366,0.38285975229122154,5.072434545426013,0.07678191496619648,4.149904687880787,0.6699281339879251,95,0.5290707236842105,0.700940390145333
82,1,0.0,0.12400654529925792,0.7804,-0.007500000000000062,9,0.125,5.779520160899632,0.11567779432268022,5.412885189056759,0.35248373532295774,3.454768435374722,0.14005725929705812,3.318888571459773,0.3092816764915402,2.75275692863164,0.04166873845762978,2.596589392527517,0.3922551187509423,95,0.5787006578947368,0.8149779735682819
82,1,0.0,0.12400654529925792,0.7804,-0.007500000000000062,12,0.125,6.303754363935204,0.1261704052362865,5.737759416893477,0.4186415681659354,3.6650016998828225,0.14858017346362926,3.3619137198553086,0.3987526964979927,3.2452276637894553,0.04912331392264486,3.4006552234309435,0.15876464709330518,95,0.5975328947368421,0.8118634737131847
82,1,0.0,0.12400654529925792,0.7804,-0.007500000000000062,2,0.125,6.9869199195817,0.13984404637505427,6.365404656424,0.424818619901094,4.306954073656507,0.1746050986509033,3.8015732967921254,0.48778910854589336,4.5154368977525055,0.06835058960614752,4.402856089037637,0.25041629550381833,95,0.5367598684210526,0.6606404167305041
82,1,0.0,0.12400654529925792,0.7804,-0.007500000000000062,3,0.125,5.909408943133614,0.11827753399272008,5.485956630881741,0.3718448870285946,3.3729573409800753,0.13674061510647162,2.945808390243493,0.4881154308814126,2.8120125321633895,0.04256569605676689,2.7981550512077824,0.30257499724149445,95,0.6474917763157895,0.7784974915856988
83,1,0.0,0.12340932657929628,0.7698,-0.010599999999999943,6,0.125,5.381284691479939,0.1079599375844821,5.1798795779822076,0.29593534233772295,2.9351653485189595,0.12050069734911302,2.844917188496841,0.3117011317383767,3.5714869598861303,0.054856400689369415,2.7601778193241135,0.6347427493391148,95,0.5809621710526316,0.8471229386368462
83,1,0.0,0.12340932657929628,0.7698,-0.010599999999999943,10,0.125,6.722441974189469,0.1348663855487645,6.081005154825676,0.4396796258032253,4.193789777644647,0.17217244438946377,3.61865738879675,0.5388499888347601,3.560581417480879,0.054688896562758674,3.0812768581622647,0.5131003444576956,95,0.6660773026315789,0.8985739860485216
83,1,0.0,0.12340932657929628,0.7698,-0.010599999999999943,17,0.125,5.69252826779091,0.11420414115269405,5.310811888032715,0.3613332594352973,3.2101037774547057,0.13178805887085626,2.9872768176394104,0.3756542317532109,2.8642110415283253,0.043992967164019375,3.4277212236453534,0.10863141084437376,95,0.5710115131578948,0.7710088572045798
83,1,0.0,0.12340932657929628,0.7698,-0.010599999999999943,18,0.125,5.830332052379258,0.11696877614898374,5.433741243818951,0.3630541549287561,3.4259255960479367,0.14064843862995932,3.1403129818488615,0.40086465227856033,5.752233033885286,0.08835165960552713,4.34391422283433,0.7497472535739692,95,0.70546875,0.9283091449554118
83,1,0.0,0.12340932657929628,0.7698,-0.010599999999999943,8,0.125,5.990240308415637,0.12017687353291588,5.484222643201919,0.40343708647553145,3.56909693881032,0.1465262153800771,3.254607205327786,0.41045772237132655,3.43859171689098,0.052815190744790616,3.070838333639374,0.47957640296013393,95,0.5647615131578947,0.6554058973425555
83,1,0.0,0.12340932657929628,0.7698,-0.010599999999999943,7,0.125,6.061999272563685,0.12161650992732856,5.598446021837805,0.3838416900354658,4.008166221286173,0.1645518284003492,3.656544198982465,0.41188656165230614,5.318129024605999,0.08168402124051248,4.151658324922585,0.6765744171718896,95,0.6785361842105263,0.904011634953339
83,1,0.0,0.12340932657929628,0.7698,-0.010599999999999943,15,0.125,5.671770281614112,0.11378769210371976,5.295836860004202,0.35961198745444334,3.3509282323177074,0.1375694861500257,3.1126315428364393,0.3759659893346898,3.4036316638101236,0.05227822037321568,3.825337227629113,0.12431258216034985,95,0.5315378289473685,0.7362110311750599
83,1,0.0,0.12340932657929628,0.7698,-0.010599999999999943,19,0.125,6.479949084505127,0.13000146597362072,6.039422304267744,0.36288283563495227,4.148679745122718,0.1703204906727587,3.7978733881603324,0.40549643658681744,5.562734927241619,0.08544105565129814,4.573232242545884,0.6056544758534863,95,0.5912828947368421,0.8381084840055633
84,1,0.0,0.1228067992311517,0.7702,0.00039999999999995595,12,0.125,6.259574576745323,0.12581153498686362,5.654326715490176,0.43408862253852265,3.5034261008479346,0.1438474919443783,3.1100084381707203,0.46357811042496166,3.42563793262449,0.053689410844024024,3.050383466210179,0.4555058212646362,95,0.610608552631579,0.7841077441077441
84,1,0.0,0.1228067992311517,0.7702,0.00039999999999995595,0,0.125,6.0239768509513985,0.12107624328961865,5.43730217667948,0.43351314299294047,3.8733309690213114,0.15903544967863098,3.343012221708695,0.5295410338763641,4.963096839845106,0.07778572941273257,4.119517366548662,0.6379807222278395,95,0.7764802631578948,0.963461131116289
84,1,0.0,0.1228067992311517,0.7702,0.00039999999999995595,18,0.125,5.293039164526972,0.10638508637770294,5.062023254143169,0.31562184280185424,2.973026054955285,0.12206974806378819,2.7237826241596657,0.4077264073254961,4.730973326171147,0.07414769908456778,4.073196578861123,0.5479026283559867,95,0.7076480263157895,0.9296339337594421
84,1,0.0,0.1228067992311517,0.7702,0.00039999999999995595,16,0.125,6.628627176653908,0.13322914356650833,6.050385042298744,0.4138746491751558,3.7268890036618254,0.1530226756608576,3.358048600837651,0.4368453275459222,2.912491294470356,0.0456469553303499,2.923506835909334,0.27285662840794583,95,0.559827302631579,0.7392581711347778
84,1,0.0,0.1228067992311517,0.7702,0.00039999999999995595,7,0.125,5.6524516336089965,0.11360893743566726,5.292527606158451,0.3550041400051282,3.2929519934780216,0.13520561636519424,3.0307418937402035,0.3933290177234631,3.35160648385116,0.05252912918357297,2.463866827310104,0.715826741611563,95,0.6725740131578948,0.8936846610014061
84,1,0.0,0.1228067992311517,0.7702,0.00039999999999995595,9,0.125,5.810938437866912,0.11679437246394013,5.337597544491026,0.39532167415586517,3.4363006245418797,0.14109138088787254,3.168078259782379,0.3884126464999668,3.2815179018302927,0.0514306433687833,2.859305035832829,0.4907192048520791,95,0.5655427631578948,0.7980223934855315
84,1,0.0,0.1228067992311517,0.7702,0.00039999999999995595,19,0.125,6.7957810947342,0.13658877939397768,6.262656403814128,0.3918767382527816,4.097826851370848,0.16825304659611845,3.8548592337490377,0.3393860659428132,4.5316156462271575,0.07102320181020928,4.941232604748029,-0.0831203828783761,95,0.5800575657894737,0.8246260721627561
84,1,0.0,0.1228067992311517,0.7702,0.00039999999999995595,17,0.125,5.357167203028709,0.10767399936383039,5.112828459627647,0.31857560278779146,3.1691134358525055,0.13012091772801496,3.0661548846268496,0.2969483693389544,3.2735932772945184,0.051306442145287436,3.030707720300022,0.39236935134398016,95,0.5562088815789473,0.7542692392991794
85,1,0.0,0.12219902932873782,0.7966,0.02639999999999998,7,0.125,5.2571726322752435,0.10586262097321286,4.949593455421991,0.34124343576967603,3.2033852119202506,0.13191944855406365,2.834281185858705,0.46788073102494904,2.9419505663802576,0.04616939759128258,2.3894500383211525,0.5847862667969653,95,0.7146381578947368,0.9200230149597238
85,1,0.0,0.12219902932873782,0.7966,0.02639999999999998,3,0.125,5.767863747801525,0.11614630457634159,5.310459975740699,0.3915714081524134,3.2716660615763216,0.13473134017418895,3.053941568587716,0.3628102873575541,2.7716062059545443,0.04349610437085837,2.7748779188640875,0.330094217214536,95,0.6549342105263158,0.7940733299849322
85,1,0.0,0.12219902932873782,0.7966,0.02639999999999998,0,0.125,5.174008879225565,0.10418796931468481,4.905103292330784,0.3267459794791573,3.3192585658344838,0.13669125960369774,2.9650522528947127,0.45126210301541947,5.035111615852888,0.07901834679527717,4.051225546988916,0.6652516495175678,95,0.8115542763157895,0.967269595176572
85,1,0.0,0.12219902932873782,0.7966,0.02639999999999998,18,0.125,5.639711923440752,0.1135657372337282,5.176473979950167,0.3980422755419828,3.289727477560625,0.13547513209402695,2.948106261019206,0.44473943228034907,4.158918758371583,0.06526784504790428,3.053945351279875,0.7420213598232389,95,0.7176398026315789,0.9279779980519108
85,1,0.0,0.12219902932873782,0.7966,0.02639999999999998,12,0.125,5.279972293025019,0.10632173312590372,4.9969443886868445,0.3292396573039272,3.2650914665813797,0.13446059004929867,3.0483482430727253,0.36254867251824674,2.529171995387717,0.03969147162641346,2.5595334179921307,0.34708251978070104,95,0.6199424342105263,0.8270212907077005
85,1,0.0,0.12219902932873782,0.7966,0.02639999999999998,14,0.125,5.481268006629251,0.11037518415811656,5.055548022580076,0.38647993520739893,3.1736571728711316,0.13069521036274023,2.8743588874580692,0.42397892211500526,3.6631237193513493,0.05748710306607183,2.6985497797803832,0.7063964828638272,95,0.6242598684210526,0.852193386905546
85,1,0.0,0.12219902932873782,0.7966,0.02639999999999998,2,0.125,6.320434805249305,0.12727331609128306,5.870674395561409,0.37319066528843403,3.7499930945154443,0.1544294514656515,3.419005367505612,0.4137780425544699,4.422188821192527,0.06939946450581294,3.7095390300777176,0.5641718083644709,95,0.5188322368421052,0.657394198763671
85,1,0.0,0.12219902932873782,0.7966,0.02639999999999998,15,0.125,6.533527542707634,0.1315643214045197,6.086688283733447,0.3667772616438139,3.9049109178630435,0.16080916307547083,3.7222082749311984,0.3054994154861692,3.8812301409031047,0.0609099485104889,4.4276246767681915,-0.08092429137468964,95,0.5248355263157894,0.7619084926355375
86,1,0.0,0.12158608352087329,0.7882,-0.008399999999999963,13,0.125,6.398293596390563,0.12914158311667068,5.839816531372094,0.4202440129865582,3.757183785102224,0.15672669568831443,3.381814796426316,0.4469337060886613,3.9358493432431576,0.06304600878171837,4.490697417757227,-0.15862113283394494,95,0.582360197368421,0.8301913436418837
86,1,0.0,0.12158608352087329,0.7882,-0.008399999999999963,18,0.125,5.159129347784751,0.10413059692235008,4.922617366094652,0.31183497461299636,3.064385667930621,0.12782740145790542,2.9168241158435073,0.32328585640327906,3.14008991016463,0.05029921594724869,2.5748420771667213,0.5752417593080383,95,0.7368421052631579,0.9450892857142857
86,1,0.0,0.12158608352087329,0.7882,-0.008399999999999963,11,0.125,5.648262720222891,0.11400314451964881,5.170610588375797,0.40441869505355066,3.3152720790816055,0.138292845913592,3.0382097963801553,0.4002529554300412,2.907430103398311,0.04657237811852847,2.8503615713377455,0.31442576021767116,95,0.7613486842105263,0.9544178008209117
86,1,0.0,0.12158608352087329,0.7882,-0.008399999999999963,6,0.125,6.39239964706939,0.1290226210942691,5.886826173626482,0.39683999590182384,3.907184551312349,0.16298380893681863,3.5381488460847246,0.4364271699825476,3.7229185300175023,0.0596351978614352,4.007452676209059,0.036772167387131176,95,0.5342927631578948,0.8315376327535786
86,1,0.0,0.12158608352087329,0.7882,-0.008399999999999963,7,0.125,5.465665846838457,0.11031765417042153,5.187827629084161,0.3198998480619894,3.097499523346783,0.1292087086916516,2.875536772691106,0.37464801968197836,3.311573533197873,0.05304610919971402,2.642569468429988,0.6153620219653413,95,0.7097450657894737,0.9160535310816291
86,1,0.0,0.12158608352087329,0.7882,-0.008399999999999963,12,0.125,5.328496928603235,0.10754907048659515,5.060502470725141,0.3201299465300725,3.0778139254322374,0.12838754611609995,2.8843492799187045,0.3555934079575046,2.86836217266399,0.04594657238020974,2.4188605551486932,0.5382274901023455,95,0.6299753289473684,0.823183865282945
86,1,0.0,0.12158608352087329,0.7882,-0.008399999999999963,4,0.125,5.919495680871906,0.11947764383793505,5.442211949242395,0.3963469869281608,3.447613686297586,0.14381332720686393,3.10051375335025,0.4418466441947526,4.133545919126449,0.06621279159586524,3.1154744310385047,0.7456347741256434,95,0.5696134868421052,0.8194614884862484
86,1,0.0,0.12158608352087329,0.7882,-0.008399999999999963,14,0.125,4.943600244184169,0.09978041054415733,4.716484538080423,0.3160782609366538,2.8937725592386623,0.12071046752658471,2.75154015522751,0.33180094920283837,5.813351662121125,0.09312059176515654,4.8021206143051485,0.7075955072485497,95,0.66015625,0.8771099345998131
87,1,0.0,0.12096802902397322,0.7954,0.007199999999999984,4,0.125,5.55626325994875,0.11236923738511995,5.255681610637023,0.3326447520192135,3.3060999579558543,0.13905707203726111,3.0637430753136,0.3791555151003058,4.073653282318918,0.0666026521440936,3.432684741663968,0.5388317933051681,95,0.5975328947368421,0.8116570327552987
87,1,0.0,0.12096802902397322,0.7954,0.007199999999999984,8,0.125,6.149531608153687,0.12436742910743469,5.676083108675573,0.38521246847237434,3.5675787326159956,0.15005506764130555,3.2711258898294804,0.3991105308968863,3.272165696374108,0.05349864078500602,2.609750253178879,0.6046342511494431,95,0.5481907894736842,0.741899189918992
87,1,0.0,0.12096802902397322,0.7954,0.007199999999999984,12,0.125,5.39142498766207,0.10903556687993482,5.174044499300402,0.3036320134162465,3.107578482082601,0.1307071081757574,3.011699085941615,0.29489743054315365,3.2470890636193994,0.053088647559623746,2.5806081111035715,0.608412906069204,95,0.6359786184210526,0.826792526023146
87,1,0.0,0.12096802902397322,0.7954,0.007199999999999984,1,0.125,7.459123543643299,0.15085246773716085,6.72600151656708,0.4602243467213167,4.7147954691508716,0.19830787378855758,4.145967843179611,0.5270852165224111,6.78278563884657,0.11089591606453392,6.948953286480696,0.07613551062332474,95,0.5811677631578948,0.8877175604924296
87,1,0.0,0.12096802902397322,0.7954,0.007199999999999984,2,0.125,6.642201319299493,0.13433112541449416,6.077458097647636,0.4095126507024619,3.6252888735019373,0.15248239994235877,3.270455267486797,0.43351466923889925,3.558402166865264,0.05817849612709428,2.8273088885434694,0.6073584164468516,95,0.5375411184210527,0.6617455824982789
87,1,0.0,0.12096802902397322,0.7954,0.007199999999999984,15,0.125,6.805078145676305,0.13762512786027453,6.1111715896832965,0.4576628120894301,4.023210691952248,0.16921929346558287,3.523000000223372,0.5068911339711127,4.275819842305354,0.06990799703645022,3.1711869798029855,0.702357960526327,95,0.5103618421052631,0.7328391878826942
87,1,0.0,0.12096802902397322,0.7954,0.007199999999999984,11,0.125,5.098180574524862,0.10310502515971058,5.0666261985768095,0.23519324955399035,2.862326999538025,0.12039164478712697,2.916844029214889,0.20919399538600458,5.294036657973674,0.08655544729334094,4.315671819978093,0.6198226114037172,95,0.7749177631578947,0.9527751246948954
87,1,0.0,0.12096802902397322,0.7954,0.007199999999999984,7,0.125,5.52643963356463,0.11176608775090459,5.276277511031443,0.3124847885786215,3.0284037036891047,0.12737695693937254,2.8558039150434924,0.352492568237118,3.712224504630006,0.06069343172522267,3.267381470539305,0.4825047870239398,95,0.7328536184210527,0.9197665937272064
88,1,0.0,0.12034493361467813,0.8016,0.006199999999999983,14,0.125,5.624746954470996,0.1139694870425155,5.243459087621616,0.36194431085124884,3.314372897671592,0.13859470583527173,3.0604708344089797,0.3838604672344949,3.554042290958192,0.05943343825533017,2.990177408161685,0.5652306682990191,95,0.6414884868421052,0.8671880007691815
88,1,0.0,0.12034493361467813,0.8016,0.006199999999999983,1,0.125,5.948688508683168,0.12053324058808079,5.617213216291237,0.3296012635682604,3.4907415783112077,0.14596978587800766,3.3241122202845466,0.31038849678316793,4.406196846465973,0.07368382443886526,4.638405596672753,-0.006441512162711857,95,0.6229440789473685,0.8828382838283828
88,1,0.0,0.12034493361467813,0.8016,0.006199999999999983,18,0.125,5.612075898636913,0.1137127441622781,5.202746616761733,0.3749779046344224,3.2617456144563115,0.13639402924838093,2.907113402066421,0.45823917165056627,3.648309277141085,0.06100984355502809,3.105399261029951,0.5483693104084303,95,0.6979029605263158,0.9386083780121369
88,1,0.0,0.12034493361467813,0.8016,0.006199999999999983,0,0.125,6.03822587040561,0.12234746036885431,5.569780067030802,0.3890849662048896,3.6719617476750037,0.1535477370741564,3.3367914262356666,0.42422962024012095,6.003930070932821,0.10040235257411671,5.274125310011446,0.6006808840325796,95,0.7859375,0.96552265355237
88,1,0.0,0.12034493361467813,0.8016,0.006199999999999983,2,0.125,5.675783952869793,0.11500360654598527,5.3745652368293495,0.32387719997002806,3.0755640143849403,0.12860860953536085,2.8604373275838166,0.37026068856955885,2.740418523212676,0.04582739364342572,2.5110347478879094,0.4139436596834116,95,0.5629111842105263,0.710518626734843
88,1,0.0,0.12034493361467813,0.8016,0.006199999999999983,10,0.125,6.461513961949952,0.13092418871859232,5.894685191699594,0.42233356252058823,3.863665965560153,0.16156409205456262,3.4399269648486075,0.47860613568692967,3.270383441982976,0.05468987605039048,3.291568805189157,0.20231444297214043,95,0.675,0.9034478557504874
88,1,0.0,0.12034493361467813,0.8016,0.006199999999999983,8,0.125,5.448751870802817,0.11040344761531547,5.1285737097568775,0.33995424257824275,2.8955473126756845,0.12108098286536317,2.788342849751675,0.3031683932783994,3.2382888501011076,0.05415316551382937,2.6247734894734283,0.6102423622302353,95,0.5720394736842105,0.7792553191489362
88,1,0.0,0.12034493361467813,0.8016,0.006199999999999983,15,0.125,5.457490470501242,0.11058051046510425,5.223972251570819,0.2997871663613458,3.0808773619594145,0.12883079390230465,2.944269617807509,0.31204430856775495,3.8717025237640064,0.06474559784348974,4.121103327630474,0.00237670290410575,95,0.5607319078947368,0.7749505023098922
89,1,0.0,0.1197168656224212,0.7875,-0.014100000000000001,15,0.125,5.480864987655285,0.11131203231010668,5.225071043251707,0.3192048975931002,3.611624522371088,0.1526246835176337,3.1857285931682773,0.4752506664843612,3.5893257827982925,0.06080572748178315,2.812738867684482,0.6627775249306338,95,0.5481496710526316,0.7542569949741205
89,1,0.0,0.1197168656224212,0.7875,-0.014100000000000001,17,0.125,5.65492899529766,0.11484713461354866,5.1750429011529695,0.4031934073768713,3.3631648192173276,0.14212495318137158,2.9803552548194054,0.4638114360883372,2.463174974027429,0.04172793312004495,2.6909262780230017,0.16083116907048212,95,0.5567434210526315,0.7776957163958641
89,1,0.0,0.1197168656224212,0.7875,-0.014100000000000001,19,0.125,6.840161020890871,0.13891825948616565,6.10884159420114,0.4681132203929288,4.364959790737944,0.18446009614288592,3.758310975018936,0.5494965393921097,4.583801811385608,0.07765285756711719,3.815229317935159,0.623401733126482,95,0.5975328947368421,0.8334709606385907
89,1,0.0,0.1197168656224212,0.7875,-0.014100000000000001,11,0.125,5.48490295658462,0.11139404026486231,5.252082752497348,0.3095784814169046,3.2183962125537513,0.13600713483163593,3.106414547321553,0.3053560845306322,2.888209713025901,0.04892832340885376,3.3033269673955092,-0.018819525893033824,95,0.7514802631578947,0.9545305318450427
89,1,0.0,0.1197168656224212,0.7875,-0.014100000000000001,6,0.125,6.128175422875963,0.12445839520031496,5.71094065129532,0.362991633297197,3.8544222054094748,0.1628851409109787,3.6114872116070775,0.3511958934294236,4.169575750657528,0.07063557396327343,3.334922498681277,0.6705071629539662,95,0.5332648026315789,0.8106253373428945
89,1,0.0,0.1197168656224212,0.7875,-0.014100000000000001,4,0.125,5.755905274854285,0.11689788297496193,5.275001491443113,0.40015575115856644,3.1181680219668784,0.13177156278556296,3.0083840686183376,0.3113336073990051,3.837675935998744,0.06501295542635627,3.579268316851266,0.363040467009431,95,0.5958470394736842,0.8197501897729625
89,1,0.0,0.1197168656224212,0.7875,-0.014100000000000001,13,0.125,6.046947366871054,0.12280871763758162,5.5335522353353195,0.40375356472388324,3.2414959838483406,0.13698331473664216,2.908187917687428,0.44203094518693614,2.627671450447873,0.04451462023684857,2.4526327035703037,0.4040755247678772,95,0.5902549342105263,0.8119122257053292
89,1,0.0,0.1197168656224212,0.7875,-0.014100000000000001,9,0.125,5.968900291714311,0.12122364327958814,5.363420451434546,0.44215039410689466,3.3213843796860183,0.1403593415234611,2.9598117417839074,0.4537608376437696,2.8671106286316594,0.048570889937102645,2.3997582458215114,0.547251304935121,95,0.5747944078947368,0.8052793475928178
90,1,0.0,0.1190838939219355,0.7827,-0.0048000000000000265,12,0.125,6.716563920969915,0.13660278046372468,6.110020877636975,0.4230918869268559,3.5802298094907585,0.15150922275451945,3.182256216417821,0.46482202025474356,3.2271480986773664,0.055041231961202974,3.0575833331627846,0.3326833687240524,95,0.5851973684210526,0.7952501405283867
90,1,0.0,0.1190838939219355,0.7827,-0.0048000000000000265,11,0.125,5.569583477435682,0.11327526961623366,5.183236033104968,0.36859336718902147,3.4941304550508305,0.14786564483773906,3.1452485853654513,0.43752637370836633,3.730625952173555,0.06362839327957258,3.0154783492016226,0.6558921738233279,95,0.7629111842105263,0.9465344400129352
90,1,0.0,0.1190838939219355,0.7827,-0.0048000000000000265,6,0.125,5.742038826918693,0.11678269998128567,5.386432750705334,0.35005967215179346,3.1486196977199707,0.13324421853774135,2.790872550361576,0.46357189103087015,3.0847064890248053,0.05261179227077569,3.292671110961786,0.064747445765137,95,0.5649259868421053,0.8397263265157581
90,1,0.0,0.1190838939219355,0.7827,-0.0048000000000000265,9,0.125,5.272039182755256,0.1072237560085742,5.110846820476495,0.287021540180103,2.691603274167969,0.11390406251343775,2.6522445073799608,0.28542242371982696,3.1378356901421554,0.05351794736288689,2.7492878947233303,0.48440617894256927,95,0.6002055921052631,0.8299650613139686
90,1,0.0,0.1190838939219355,0.7827,-0.0048000000000000265,13,0.125,5.645183820893173,0.11481284407272965,5.360368714584291,0.32435408622138395,3.309744790500999,0.1400627578138488,3.1881419051675763,0.2953804191390915,3.2582323096280374,0.055571394573190956,2.946685900103898,0.4267776314822859,95,0.6357319078947369,0.8377853955112865
90,1,0.0,0.1190838939219355,0.7827,-0.0048000000000000265,1,0.125,5.985893257907863,0.12174225872195642,5.616029202666128,0.3479309054977736,3.715639396348875,0.15723952565407046,3.538921123022983,0.31091588089056077,4.259214115097957,0.07264382820782773,4.494635402806873,-0.016117694755068822,95,0.6264391447368421,0.8874958976042009
90,1,0.0,0.1190838939219355,0.7827,-0.0048000000000000265,18,0.125,6.034780778204488,0.12273654259702618,5.385780150624036,0.4576262767068409,3.449412322024233,0.1459732496736262,2.967137414444332,0.5246665729961582,3.766672839627644,0.06424319775497085,3.0449368517064057,0.6585120481047378,95,0.6899259868421053,0.9331902973955539
90,1,0.0,0.1190838939219355,0.7827,-0.0048000000000000265,5,0.125,6.796254869872993,0.13822355044760967,6.028390955803903,0.48432486864204916,3.7464790654627675,0.15854460788233027,3.3480020916431434,0.45727531331912175,3.384791028232966,0.0577299406251374,2.8483371957008985,0.5630851657514421,95,0.635485197368421,0.8427046263345196
91,2,0.0012179748700879012,0.1184460879257009,0.7883,0.005600000000000049,1,0.125,5.780552849789815,0.11770760082189859,5.361261068923032,0.3743361835084001,3.499528945369172,0.14828797677863595,3.1489988952404904,0.43772191957946854,4.18382994446462,0.07126436707691951,3.1468378700193265,0.7463598713587103,95,0.632483552631579,0.8946170849044337
91,2,0.0012179748700879012,0.1184460879257009,0.7883,0.005600000000000049,3,0.125,5.630445038470063,0.11465100212031995,5.238321245560808,0.36826544475432826,3.284375625925268,0.13917113535923217,2.9094005235255267,0.4655300599688368,3.903687376001835,0.06649261891846092,4.394509645766799,-0.10270044493412454,95,0.6638569078947368,0.8161040569835862
91,2,0.0012179748700879012,0.1184460879257009,0.7883,0.005600000000000049,9,0.125,5.373023756867304,0.10940921258126907,5.105126431086203,0.32619340331504704,3.1174829354842366,0.13209927517719472,2.8496335190719218,0.407806711111017,2.7636867957146527,0.047074664340987525,2.941513033566376,0.1889300425670514,95,0.5971628289473684,0.8308889347930868
91,2,0.0012179748700879012,0.1184460879257009,0.7883,0.005600000000000049,5,0.125,5.474120000047203,0.1114678039558373,5.277512951680031,0.29224052148952767,3.161418835920228,0.13396100167962074,2.9928463528406026,0.339027005531938,3.3247016163447696,0.0566305895682718,2.780563815525013,0.5507200275358138,95,0.6697368421052632,0.8656679764243614
91,2,0.0012179748700879012,0.1184460879257009,0.7883,0.005600000000000049,4,0.125,6.1456821875205385,0.12514261602732743,5.621276501902767,0.4058885031193294,3.342337203389236,0.141627181640662,3.1302446934102606,0.35636951686161455,3.634294694713254,0.061903976650009046,2.9981336232721207,0.5783126898720276,95,0.5710115131578948,0.797220421977389
91,2,0.0012179748700879012,0.1184460879257009,0.7883,0.005600000000000049,19,0.125,6.83991135045733,0.13927898867425442,6.131969199260049,0.46183166832427475,3.9734445928465822,0.16836953450404257,3.444920918403474,0.5278961549058144,3.243695034134483,0.0552507813812975,2.9648626176154864,0.41644309256680234,95,0.5916118421052632,0.855226577703642
91,2,0.0012179748700879012,0.1184460879257009,0.7883,0.005600000000000049,15,0.125,6.295665779610256,0.12819668529133785,5.7263239981783,0.4198283828185683,3.6601691615211545,0.1550948965139283,3.269410075331038,0.45518166286236833,3.1506039491183793,0.05366513441613977,2.4135408375254874,0.6557774247771436,95,0.5530838815789474,0.7899040963497138
91,2,0.0012179748700879012,0.1184460879257009,0.7883,0.005600000000000049,8,0.125,5.956651820744209,0.12129344942788456,5.515048020915429,0.37786743859631494,3.379490126417419,0.14320148831829413,3.302783817534458,0.2618983490037868,4.466616242598944,0.07608114663585698,3.72586663615644,0.5955043823989259,95,0.5776315789473684,0.7936361047835991
92,2,0.004865965629214819,0.11780351757633237,0.8014,0.0131,4,0.125,5.551054143215442,0.1131893842780452,5.167616524719199,0.36567803566506996,3.4058678001872362,0.1456882760469225,3.1001817654437342,0.41409810003825975,3.7709453520177822,0.06550305228309139,2.7822964293684973,0.6981687840752773,95,0.6176809210526316,0.8233257888430302
92,2,0.004865965629214819,0.11780351757633237,0.8014,0.0131,0,0.125,6.045443450309505,0.12327028419721116,5.5037873904828345,0.41899113997901694,3.6845572087633767,0.1576094021357749,3.2670996659229146,0.47176621584237866,4.900511748353121,0.08512413925450182,3.9259673299176394,0.6477512051162283,95,0.7821957236842105,0.967828418230563
92,2,0.004865965629214819,0.11780351757633237,0.8014,0.0131,18,0.125,5.7746351806033225,0.11774833818216292,5.333820130008417,0.3834660071894335,3.2238743637263974,0.13790338492214746,2.8477306376511202,0.47032780283958275,3.829763319136267,0.06652474737959702,2.995586084040383,0.6351377970155857,95,0.6935032894736842,0.9413020277481323
92,2,0.004865965629214819,0.11780351757633237,0.8014,0.0131,2,0.125,6.344570550761103,0.12936966846684128,5.775805360400452,0.42281119596550454,3.936082293845637,0.16836855609535475,3.494386980359952,0.4762809145755914,4.926263000946267,0.08557145033634005,3.5773500824446476,0.7929224805158508,95,0.5439555921052631,0.7113916395797112
92,2,0.004865965629214819,0.11780351757633237,0.8014,0.0131,17,0.125,5.8956421025174865,0.12021574322478638,5.380695357618106,0.4117816146149644,3.61213775657199,0.15451161156931614,3.2310342863092183,0.45199453483369334,2.483131646855587,0.04313313689437241,2.277216934725395,0.49537108265945584,95,0.5846217105263158,0.8316218877479251
92,2,0.004865965629214819,0.11780351757633237,0.8014,0.0131,8,0.125,5.4970299482002485,0.1120877979464904,5.183068034522924,0.3369933951244799,3.1778711433074416,0.13593556636058268,3.028533791127886,0.3238236760403793,2.907448492547707,0.050503715339136966,2.6631345224330176,0.4564822701594162,95,0.5880756578947368,0.8172982799608446
92,2,0.004865965629214819,0.11780351757633237,0.8014,0.0131,1,0.125,5.4910353810168475,0.11196556506044807,5.313566394590355,0.2760614214578108,3.317808610390107,0.1419214852305182,3.200082651554562,0.2929022679710128,3.3978363800833637,0.059021978118801714,4.187684312935636,-0.1613886508276541,95,0.6410361842105263,0.8930083386786402
92,2,0.004865965629214819,0.11780351757633237,0.8014,0.0131,19,0.125,5.516065239118538,0.11247593915408932,5.222708080631407,0.32720857454221514,3.1314857662114433,0.13395140079122883,3.0084571868167505,0.30896129277762907,3.4491054576228692,0.05991254553706969,3.1236221665879547,0.442361496209108,95,0.6456825657894737,0.8749283576386677
93,2,0.010926199633097156,0.11715625333890979,0.7981,-0.0032999999999999696,14,0.125,5.791425142030942,0.11831455247099613,5.308340273301763,0.40101854533520254,3.308901555890461,0.14258310993933426,3.05839946885287,0.3816801471589468,4.071004899046271,0.07222230355512281,3.1353374132696725,0.6947642704771595,95,0.6366776315789474,0.8774864376130199
93,2,0.010926199633097156,0.11715625333890979,0.7981,-0.0032999999999999696,6,0.125,5.812550080951019,0.11874611942265488,5.469618617444741,0.3396640273461013,3.268833886883166,0.14085656330185276,3.0212228732509914,0.3818148186441507,2.9799189425981365,0.05286572130935111,2.7675753700122514,0.4064012840617114,95,0.5462993421052632,0.8432936926087611
93,2,0.010926199633097156,0.11715625333890979,0.7981,-0.0032999999999999696,15,0.125,5.777508194732317,0.11803023948222083,5.449796744641062,0.33406834629122495,3.4277980311812013,0.14770645039580693,3.2959147188383064,0.28667729693987537,3.589065166424422,0.06367237582773437,3.331672155147032,0.38319687035874417,95,0.5504111842105263,0.8062154489765426
93,2,0.010926199633097156,0.11715625333890979,0.7981,-0.0032999999999999696,7,0.125,5.801957194671022,0.11852971455358417,5.3447430806432905,0.3896124629840981,3.1487752157247035,0.13568314293264183,2.8578713635778996,0.4202338269622369,2.913156395824434,0.05168130983386184,2.028123674393981,0.7326783733135769,95,0.7069490131578947,0.9181643692200314
93,2,0.010926199633097156,0.11715625333890979,0.7981,-0.0032999999999999696,11,0.125,5.562822540551301,0.11364436960158858,5.061151736931921,0.4161405767529039,3.1829998367074475,0.13715790814211976,2.9600831445746305,0.36872764289971716,3.665482569323233,0.06502807079885686,2.677967717483918,0.7333962187926134,95,0.7618009868421053,0.9526636800345442
93,2,0.010926199633097156,0.11715625333890979,0.7981,-0.0032999999999999696,13,0.125,6.188674192944651,0.12643005815840996,5.68167316669668,0.39999927696784554,3.447121472481356,0.1485391123256856,3.2394748882910984,0.34266256848799365,2.9891698779538323,0.053029838984960984,3.4583353299414807,-0.010815120262535392,95,0.6041529605263158,0.8379500442387532
93,2,0.010926199633097156,0.11715625333890979,0.7981,-0.0032999999999999696,8,0.125,5.680284912751775,0.11604403939930732,5.2824541647334105,0.3677819301735226,3.2091923491086645,0.13828656362255912,2.845262326739605,0.46855422305454386,2.8604973989732203,0.050747104606944135,2.2769553265115903,0.605357061697296,95,0.6121299342105263,0.848525559212736
93,2,0.010926199633097156,0.11715625333890979,0.7981,-0.0032999999999999696,0,0.125,5.31365274956281,0.10855401419042346,5.016559435240804,0.336450659685088,3.484817124712468,0.15016344693809963,3.1810563868682697,0.4112182270661879,3.758606896947592,0.06668015759925074,3.3414932126943766,0.45787447330790243,95,0.7956003289473684,0.9681637293916998
94,2,0.019369152030840553,0.11650436619325079,0.7826,-0.01550000000000007,7,0.125,5.702194681910874,0.11664492689859111,5.344315468641444,0.3502367727763129,3.1288073512670422,0.13414350235381878,2.918720311437591,0.36596249217139765,3.2178233215626477,0.05804537816479786,3.300852391697039,0.16490739939263502,95,0.7053865131578947,0.9153016613232294
94,2,0.019369152030840553,0.11650436619325079,0.7826,-0.01550000000000007,11,0.125,4.965405076101498,0.10157305115539465,4.855245393286999,0.2698514959147609,2.9905164860147453,0.12821446329010946,2.8901050195220943,0.2984446619625944,2.7613308461514166,0.04981084328929017,2.8240043831006694,0.21624777483359697,95,0.7686266447368421,0.9550098967527951
94,2,0.019369152030840553,0.11650436619325079,0.7826,-0.01550000000000007,15,0.125,5.636634342427897,0.11530381502272019,5.338365819947091,0.3267069631125606,3.093684569852518,0.1326376592697299,2.8918638900265883,0.3626152871686383,3.6724859398514655,0.06624690478035966,3.130160313139352,0.5451004626809843,95,0.5634046052631579,0.7990804262151511
94,2,0.019369152030840553,0.11650436619325079,0.7826,-0.01550000000000007,4,0.125,5.777123585101947,0.11817768348142764,5.322486064794005,0.3889945764670378,3.135318060647623,0.13442264046015354,2.7795872801656434,0.463933762515165,3.5433208415408397,0.06391693317287792,3.3090823249617394,0.36041644365436415,95,0.6049753289473684,0.8277713586624074
94,2,0.019369152030840553,0.11650436619325079,0.7826,-0.01550000000000007,9,0.125,5.718146654966327,0.11697124278830362,5.305919762936616,0.372918675278169,3.315929401992293,0.14216611430586149,3.077039707248471,0.374058778447984,2.840522191606312,0.051239352916747374,2.2281616933332082,0.6330858485354216,95,0.5907483552631579,0.8435303125217513
94,2,0.019369152030840553,0.11650436619325079,0.7826,-0.01550000000000007,19,0.125,6.200446018762547,0.12683722898686575,5.674168050645315,0.40684365269913264,3.782259072564977,0.16215938593915333,3.334533184197009,0.4908359185504992,4.545364879602315,0.08199251387281942,3.835515877907345,0.6133279902917071,95,0.6217105263157895,0.8650793650793651
94,2,0.019369152030840553,0.11650436619325079,0.7826,-0.01550000000000007,12,0.125,5.836585551399377,0.11939404614508996,5.368686692481131,0.3927422449610993,3.0727770122894524,0.13174127522229473,2.7858340214971937,0.4222539049344251,2.9660364139385496,0.05350346743525277,2.6093670443775134,0.47552787128405605,95,0.6270970394736842,0.8377811291062881
94,2,0.019369152030840553,0.11650436619325079,0.7826,-0.01550000000000007,16,0.125,7.247565495106326,0.1482572578679702,6.613439779939338,0.42828249647958505,4.100150065586596,0.17578854439577246,3.7249523850525774,0.43010132945405444,3.8982277151935714,0.07031899495060621,3.755542164486815,0.28183598337890636,95,0.5566200657894737,0.7752825589126099
95,2,0.030153689607045786,0.11584792762612703,0.7951,0.012500000000000067,12,0.125,5.468972800414396,0.1119650938104755,5.1329644212082535,0.3464415783189379,2.782473064335769,0.12065327266587722,2.5861921958204976,0.3780668497562868,2.4109115800640804,0.043562650531203236,1.9187811281116167,0.6169568507595924,95,0.6283305921052632,0.8295268634251685
95,2,0.030153689607045786,0.11584792762612703,0.7951,0.012500000000000067,19,0.125,5.403832656768502,0.11063149377984677,5.1586174962535765,0.30695638458587027,3.3568275612051637,0.14555836540725064,3.1138454811875724,0.37362718747688584,3.0522698151333714,0.05515132300292043,3.056200811458461,0.19357176698213632,95,0.6497532894736842,0.8772307302873054
95,2,0.030153689607045786,0.11584792762612703,0.7951,0.012500000000000067,16,0.125,6.164490621341568,0.12620427928623204,5.745804174597276,0.36342369961040766,3.1987297116627382,0.13870294488468587,3.032555329575582,0.3266384484001546,3.0029986214709172,0.054261044069208696,2.618844151843666,0.4993163234126464,95,0.6017269736842106,0.8140631406314063
95,2,0.030153689607045786,0.11584792762612703,0.7951,0.012500000000000067,11,0.125,5.386099511933786,0.11026844695232857,5.044507350500477,0.35180246389572756,3.1855745147092804,0.138132510767877,2.91662827938629,0.4021502712936588,2.966615291848761,0.05360363535849628,2.755349519215182,0.37208162605007444,95,0.7769736842105263,0.953058848433531
95,2,0.030153689607045786,0.11584792762612703,0.7951,0.012500000000000067,1,0.125,6.662876953918585,0.13640763456286029,6.149641534251129,0.39411819719718233,3.936292565946675,0.17068505939524845,3.7497920059515772,0.3048713158552728,3.7902610687692015,0.06848605304572347,3.8582879869163773,0.1013987091105397,95,0.6152138157894737,0.8855099585616896
95,2,0.030153689607045786,0.11584792762612703,0.7951,0.012500000000000067,7,0.125,5.435851638183208,0.11128701144077603,5.141163150701306,0.3286681445555819,3.241639843607748,0.1405636090240981,2.9825060036506486,0.3917923695378908,2.8850200799871213,0.05212929522560197,2.3707925161577297,0.598053792262931,95,0.7165296052631579,0.9173074715941696
95,2,0.030153689607045786,0.11584792762612703,0.7951,0.012500000000000067,17,0.125,5.76486800077529,0.11802289206172417,5.356107241781629,0.37005859128738666,3.160885715815205,0.13706195794817844,2.873837682111946,0.4165320959901331,2.39863293813985,0.04334078831461841,2.261923228847118,0.3610125782731496,95,0.5909128289473684,0.8384941896875653
95,2,0.030153689607045786,0.11584792762612703,0.7951,0.012500000000000067,14,0.125,5.625771611531319,0.11517520185759306,5.160159432165974,0.3997510399781092,3.59380270139246,0.15583405381211854,3.1386770043198844,0.5109115517220538,3.368515067649326,0.06086554393554314,2.844291210688728,0.5806725459512175,95,0.6452713815789474,0.8646530300133818
96,2,0.04322727117869957,0.11518700962342475,0.7977,0.0025999999999999357,9,0.125,5.482070653005178,0.11237215542147612,5.155329568627396,0.3426101416268663,3.165148166726196,0.13727881833549022,2.9065166721175504,0.39619755901933285,2.6140629480815507,0.047614075174759136,2.557934107941486,0.29448395523529597,95,0.5840871710526315,0.8383667722632876
96,2,0.04322727117869957,0.11518700962342475,0.7977,0.0025999999999999357,16,0.125,6.022028733313649,0.12344028225932407,5.649143190567027,0.346435338215419,3.4100945948765764,0.14790263574962523,3.102242108189381,0.4166907227176709,2.6906813849525775,0.04900964830570724,2.2734590108860586,0.5368764212631497,95,0.6080592105263158,0.8218149851230727
96,2,0.04322727117869957,0.11518700962342475,0.7977,0.0025999999999999357,17,0.125,5.5752088006084275,0.11428131257405738,5.2286254487525285,0.3483298294061519,2.998339087342884,0.13004397430951292,2.736815317683767,0.4092134884204212,2.2402213905283155,0.04080470586027793,2.3570875619026896,0.20365601729953028,95,0.5960526315789474,0.8493377483443708
96,2,0.04322727117869957,0.11518700962342475,0.7977,0.0025999999999999357,11,0.125,5.100276456885556,0.10454609124591628,4.902060192442055,0.2987647019065342,3.0726211169584863,0.13326573478075782,2.850628034252117,0.3761947224454244,2.403557249980224,0.043779800968980126,2.014044522914514,0.5457671252332418,95,0.782483552631579,0.954808197582764
96,2,0.04322727117869957,0.11518700962342475,0.7977,0.0025999999999999357,18,0.125,5.877044375698069,0.1204683751463193,5.408182962684534,0.3929179858582041,3.0624814547677945,0.13282595731362618,2.8647109097550576,0.3595395535011602,3.888437499000887,0.07082628041748469,3.195817098014337,0.6478054639431686,95,0.7070723684210526,0.9452779716213073
96,2,0.04322727117869957,0.11518700962342475,0.7977,0.0025999999999999357,12,0.125,5.3381197338748985,0.10942143185706808,5.033391785008402,0.337832798254504,2.9039704719526607,0.12595101836359088,2.7416364368661514,0.3453306352438318,2.34298414949631,0.04267648700244922,2.097221021055118,0.4580805445107454,95,0.6446134868421053,0.8308349811826242
96,2,0.04322727117869957,0.11518700962342475,0.7977,0.0025999999999999357,7,0.125,5.208537919333454,0.10676524795774787,4.950697325270892,0.3215795766066653,3.1840562771822762,0.1380989009741657,2.9369422495416537,0.386878187145448,3.3249379349985855,0.0605623689760864,2.586894905194725,0.6956564776952292,95,0.7314144736842105,0.922700697099168
96,2,0.04322727117869957,0.11518700962342475,0.7977,0.0025999999999999357,10,0.125,7.70279239662049,0.1578927816076041,6.961899479810424,0.47156061709241004,4.366844897815061,0.189398813530575,3.938237114802964,0.46217968717077645,3.922011055163918,0.07143780885378487,3.9188257024315956,0.17064437334550797,95,0.6462582236842105,0.9044346885537953
97,2,0.058526203570536506,0.1145216846622508,0.8,0.0023000000000000798,10,0.125,6.027294417697088,0.1236747294484199,5.671467898985513,0.3394724093512225,3.423747991859428,0.14928916744277887,3.1540261322109595,0.3890982338873671,4.183815884147897,0.07710560561212401,3.213955368763628,0.745775479482398,95,0.6904194078947369,0.9035197427193139
97,2,0.058526203570536506,0.1145216846622508,0.8,0.0023000000000000798,5,0.125,5.868161569463129,0.12040946470643124,5.382695577336889,0.3989869308922849,3.587294152164836,0.15642043708310002,3.166875570861321,0.48095516748270145,3.16671952218696,0.05836103531398375,3.647771929718911,-0.10054350277947233,95,0.6593338815789473,0.8760212036170876
97,2,0.058526203570536506,0.1145216846622508,0.8,0.0023000000000000798,18,0.125,5.442913790528922,0.11168375788616876,5.1614164501811155,0.3267548815909943,3.1654534243063472,0.13802648659223826,3.0057372932643225,0.32892397770754234,4.380017654139698,0.08072150476167982,3.8382691690796307,0.5078924096739589,95,0.7281661184210526,0.9454514653565983
97,2,0.058526203570536506,0.1145216846622508,0.8,0.0023000000000000798,8,0.125,5.821842243188604,0.11945903326103592,5.326491102305637,0.40452004290273874,3.040990467462658,0.1325994016406471,2.8441908849150117,0.3633263379929633,2.526724797034439,0.046566256997274826,2.3312409682348165,0.42441151150720385,95,0.5746299342105263,0.8127370304114491
97,2,0.058526203570536506,0.1145216846622508,0.8,0.0023000000000000798,11,0.125,5.02587096726431,0.10312640947056523,4.8538676109770265,0.29573624209583627,2.817457726023575,0.1228524760652285,2.728039677308769,0.30540296986588394,2.89173065114562,0.053293129835978906,2.6327310660428496,0.42557875961625785,95,0.7937088815789474,0.9546702585090401
97,2,0.058526203570536506,0.1145216846622508,0.8,0.0023000000000000798,1,0.125,6.659374277391329,0.13664444690704516,6.044158797396992,0.4318902907913035,3.9011244894971937,0.1701047006124345,3.4931607774213873,0.4590090725722416,4.369418806813441,0.08052617337891563,3.8582591150296603,0.4905597080766193,95,0.6168996710526315,0.8964207158568286
97,2,0.058526203570536506,0.1145216846622508,0.8,0.0023000000000000798,3,0.125,5.922560594636386,0.12152568439877057,5.422951596882132,0.4032417670752545,3.2001613808565454,0.13953989293795624,2.867099083852177,0.44472008373142613,2.6833849080269756,0.04945342341850998,2.846008743924152,0.17297981772526824,95,0.6560855263157894,0.7922411631987967
97,2,0.058526203570536506,0.1145216846622508,0.8,0.0023000000000000798,19,0.125,6.297775380472193,0.12922475862800334,5.851876775634915,0.3701674604180271,3.7970089824984927,0.1655648462205003,3.4671196380437133,0.4113164581325654,3.7354525990435774,0.0688424975812,3.0834260023757745,0.5949890077890411,95,0.6254523026315789,0.8716718164486227
98,2,0.07597595192178702,0.11385202570298478,0.8004,0.00039999999999995595,18,0.125,5.137922295800724,0.10553852905947306,4.896966641521311,0.3188124630521677,2.7652849717539505,0.12130171933883137,2.6195857255629917,0.3430642030213205,3.422577359718943,0.06429365853007862,2.8973018233700456,0.5697523551161047,95,0.7242598684210526,0.9419211990462132
98,2,0.07597595192178702,0.11385202570298478,0.8004,0.00039999999999995595,3,0.125,5.130150404249482,0.10537888592843579,4.956272294872107,0.28923016558040493,3.0084356062501953,0.13196774122228833,2.799268969432642,0.37083274570977653,2.5473386275619965,0.047852160131860194,2.2834871986669736,0.44569146063149717,95,0.657483552631579,0.806816760475297
98,2,0.07597595192178702,0.11385202570298478,0.8004,0.00039999999999995595,5,0.125,5.407131714524086,0.11106838420816628,5.094814760768702,0.3399608409741855,3.065308638798319,0.13446252808967038,2.89425397586936,0.3392179274443881,2.353105241536308,0.044203455169555976,2.5860807502989185,0.07188066396159283,95,0.6635279605263158,0.8700501952035694
98,2,0.07597595192178702,0.11385202570298478,0.8004,0.00039999999999995595,13,0.125,6.214203984033855,0.1276465290817016,5.698171324661813,0.40296125287225404,3.31307455858895,0.14533100362516202,2.972331986137005,0.4453120475657181,2.552213240947979,0.04794373051743951,2.4324003049644136,0.33910567319694607,95,0.6022615131578948,0.825220181607155
98,2,0.07597595192178702,0.11385202570298478,0.8004,0.00039999999999995595,15,0.125,6.317914209773964,0.1297768502588013,5.896172221209559,0.3597362258749793,3.540485217741995,0.1553065772940648,3.329464650916654,0.3408561401060323,3.055510716406922,0.057398253417943114,3.212409568118573,0.0771662963974964,95,0.5291529605263158,0.7320693138550004
98,2,0.07597595192178702,0.11385202570298478,0.8004,0.00039999999999995595,2,0.125,6.774459451834376,0.13915478758874839,6.167648202626255,0.42812726696576026,3.7895915467317662,0.16623385108801234,3.4744773924202463,0.40440211464949205,3.000347573123483,0.056362005022376545,2.836242016219885,0.33633480316656184,95,0.5417763157894737,0.7224499089253188
98,2,0.07597595192178702,0.11385202570298478,0.8004,0.00039999999999995595,0,0.125,5.774400087828902,0.11861247725923003,5.344209991693285,0.37879304212695974,3.4999837958457682,0.15352994589373448,3.124029942564518,0.46018640938739125,4.098919349730263,0.07699885008166199,3.6756721452339396,0.4729118072044824,95,0.8032072368421053,0.9661103716596703
98,2,0.07597595192178702,0.11385202570298478,0.8004,0.00039999999999995595,16,0.125,6.316323814963171,0.12974418181438127,5.8480131679344645,0.3798831846975016,3.436133317027767,0.15072908705265864,3.1491427438873076,0.4009259622190616,4.125264227506335,0.07749374278903692,3.423626358964207,0.6636102551138643,95,0.5795641447368421,0.7971621142249025
99,2,0.09549150281252627,0.11317810618127785,0.8051,0.0047000000000000375,17,0.125,5.74208610022469,0.1180597794163276,5.313302728294884,0.37942115242392443,3.315134607836144,0.14578194171841674,3.041967482652976,0.3984908310293297,2.559418438848169,0.04859103276822261,2.541917984444994,0.2590714114047259,95,0.6005345394736842,0.843889079082506
99,2,0.09549150281252627,0.11317810618127785,0.8051,0.0047000000000000375,0,0.125,5.1736682587783065,0.10637286218691872,4.915251260509133,0.3229225936943642,3.1526524957408992,0.13863684488290234,2.939415945796069,0.3625336954161387,4.415615524999041,0.08383127800066188,4.004318351985373,0.45457170239692246,95,0.805921052631579,0.969030612244898
99,2,0.09549150281252627,0.11317810618127785,0.8051,0.0047000000000000375,4,0.125,6.228673576461593,0.1280642288635465,5.659678965237746,0.42716086877433357,3.2671541459034565,0.14367201686391456,2.931063913046941,0.4475322538699949,3.3306441813411,0.06323289623078161,2.7399006773262,0.6173680850869242,95,0.5916940789473685,0.8328005559416262
99,2,0.09549150281252627,0.11317810618127785,0.8051,0.0047000000000000375,14,0.125,5.346194863426513,0.10992008396881053,4.924745388779071,0.38918076114288536,3.360577577816653,0.14778028120832795,3.0691867894169693,0.4097013938025501,4.265805016963479,0.08098709777812035,3.9188741107242153,0.4122969995779236,95,0.6618832236842105,0.905510343542275
99,2,0.09549150281252627,0.11317810618127785,0.8051,0.0047000000000000375,18,0.125,5.202400381599182,0.1069636070874981,4.958729977656259,0.31513465495262644,2.863861339240936,0.1259373498318849,2.6598098874730987,0.37465006891732056,2.578474991453111,0.04895282494648511,2.475652936367663,0.32365840309379457,95,0.7338404605263158,0.9450327786182552
99,2,0.09549150281252627,0.11317810618127785,0.8051,0.0047000000000000375,10,0.125,6.447522694020389,0.13256386159170053,5.9411964587270445,0.39450269428926354,3.9401639604125687,0.1732673996042643,3.6755063016451803,0.3641042555088623,3.0343788758754635,0.057608244572631154,2.8892926045392975,0.31964028370824343,95,0.6842927631578948,0.9083643792813364
99,2,0.09549150281252627,0.11317810618127785,0.8051,0.0047000000000000375,1,0.125,6.246991083774036,0.12844084475453416,5.803892754270583,0.37160161184163976,3.6388243225529218,0.1600160892592591,3.449952912534465,0.3185512125452555,5.114304827635181,0.09709602372722545,5.270417936487877,-0.00359463715659184,95,0.6238898026315789,0.8980425756277598
99,2,0.09549150281252627,0.11317810618127785,0.8051,0.0047000000000000375,16,0.125,5.502740509327737,0.1131387303111149,5.2476913756132,0.30944207905036425,2.935061080828689,0.12906833478615412,2.8321214141300675,0.29157131124206564,2.8536624589677966,0.05417730994997208,2.2976035769435117,0.6197980790931532,95,0.6194078947368421,0.8387546468401487
100,2,0.11697777844051102,0.11250000000000002,0.8064,0.0012999999999999678,3,0.125,5.57771135157843,0.11485271881239027,5.189210371121473,0.3666864120860682,3.0353931205606397,0.13362970713528957,2.7555302403979223,0.41991648675514787,2.9994603736173557,0.057449541246082286,2.9505371570526235,0.25034701999978265,95,0.6583881578947368,0.8196352735448413
100,2,0.11697777844051102,0.11250000000000002,0.8064,0.0012999999999999678,4,0.125,5.376080300613692,0.11070085921611582,5.006900752086917,0.36443058893970554,2.976912803349837,0.13105517811987985,2.8017047992567226,0.3438527531429169,2.7447489520096164,0.05257097893860477,2.324369521511896,0.5368261421932119,95,0.6141036184210527,0.8536993639102779
100,2,0.11697777844051102,0.11250000000000002,0.8064,0.0012999999999999678,11,0.125,5.416043262750629,0.11152375136020733,5.086540820975449,0.3448162564592438,2.975341736863151,0.1309860137164015,2.80801676684332,0.33782618181204116,2.4432616871102506,0.04679650523248398,2.2879862398930877,0.3786322454804124,95,0.7711348684210526,0.9544630478831183
100,2,0.11697777844051102,0.11250000000000002,0.8064,0.0012999999999999678,14,0.125,5.171436055255767,0.10648695381887503,4.908576298695399,0.3225394984465858,3.079764371491656,0.13558310066015958,2.9099720083804224,0.3329793494139636,3.6683590847199143,0.07026115377176922,3.2244489144979394,0.5011023659074344,95,0.6620476973684211,0.8812496118253524
100,2,0.11697777844051102,0.11250000000000002,0.8064,0.0012999999999999678,7,0.125,5.470341634919822,0.11264182923796519,5.061534559581281,0.37939560763847685,3.0446512136112776,0.13403728408293697,2.700253660466794,0.4671454463868867,3.431176514442613,0.06571832667731936,2.8125655931237805,0.6276105589381482,95,0.7199013157894737,0.9293465844185516
100,2,0.11697777844051102,0.11250000000000002,0.8064,0.0012999999999999678,2,0.125,6.07368375179305,0.12506547007002497,5.600465776031889,0.391087042985108,3.3445689953350093,0.1472408210696076,3.092867763567066,0.3810552693327929,2.737894108368133,0.052439686114741944,2.6503829439243884,0.30014624171340737,95,0.5631990131578948,0.7339563408045557
100,2,0.11697777844051102,0.11250000000000002,0.8064,0.0012999999999999678,10,0.125,5.774624948706163,0.11890743957072561,5.467541387372659,0.3230490398298173,3.4412308219005356,0.151496247323169,3.199104916400479,0.3688510562743671,2.7058780137323866,0.05182647249622144,2.6337523764702726,0.2911564233013809,95,0.69375,0.9154812707444286
100,2,0.11697777844051102,0.11250000000000002,0.8064,0.0012999999999999678,19,0.125,5.996240766140426,0.12347081288995493,5.507114116132136,0.4003309221643057,3.520221551277377,0.15497372375333254,3.236141609334067,0.39709748015078383,3.454453832771676,0.06616416395898711,3.1465890683980926,0.41531370238793913,95,0.6217105263157895,0.8848544973544974
101,2,0.14033009983067443,0.11181778152113554,0.8094,0.0030000000000000027,11,0.125,5.064222981430774,0.10440112144912464,4.768649609500067,0.3428413447253427,3.2608420175110933,0.14552776546256285,2.906805466459961,0.45976457085916966,2.971804268849129,0.05776280801313799,2.484425046594909,0.5665684344508178,95,0.7860197368421052,0.9556392550742834
101,2,0.14033009983067443,0.11181778152113554,0.8094,0.0030000000000000027,9,0.125,5.600720851147731,0.11546125435774553,5.247577699312178,0.34997410367141973,2.800326379095211,0.12497546287956875,2.724110770177101,0.2828184582869063,2.191022555350271,0.042586793667324735,2.262904351858347,0.23080454051233845,95,0.6022615131578948,0.84720420563938
101,2,0.14033009983067443,0.11181778152113554,0.8094,0.0030000000000000027,15,0.125,6.2442985044140205,0.1287288827751683,5.774233746938342,0.38441512249711857,3.336561952973128,0.14890706226675765,3.071677648232472,0.3908674516463975,3.281442596065113,0.06378123238784034,2.9553726260209094,0.4377245182366518,95,0.5317434210526316,0.7548716362511599
101,2,0.14033009983067443,0.11181778152113554,0.8094,0.0030000000000000027,3,0.125,5.42879402950486,0.11191690943997332,5.084006195273648,0.35185594255925545,3.0780984513871372,0.1373721226292501,2.813251442987641,0.40581093102331817,3.1007312867708596,0.060268755885271356,2.479913309171946,0.6457005055283189,95,0.6730263157894737,0.8368157380254154
101,2,0.14033009983067443,0.11181778152113554,0.8094,0.0030000000000000027,14,0.125,5.079547565687357,0.10471704430402169,4.865076434440165,0.3049372976398295,2.79037983165013,0.12453155949020588,2.7165746546264335,0.2817261281783062,3.622411031392263,0.0704086184760801,3.2036988820765573,0.48652200211364804,95,0.6665296052631579,0.886428130783467
101,2,0.14033009983067443,0.11181778152113554,0.8094,0.0030000000000000027,18,0.125,5.85132176328861,0.12062749928013825,5.35849815824068,0.4050591758506282,3.1672063864950313,0.14134891102059102,2.8531168255465396,0.4362801408210875,2.976296734811341,0.05785012784493207,2.5395664718702595,0.5324605896210941,95,0.7204358552631579,0.9432110039381314
101,2,0.14033009983067443,0.11181778152113554,0.8094,0.0030000000000000027,19,0.125,5.3313215934940885,0.10990747350731075,5.161194442462934,0.27474238952952923,3.034700982736143,0.13543534169794597,2.855712445519488,0.34470974788715786,2.7955844809001977,0.05433763298189277,2.9872873585973174,0.06937970662986075,95,0.6571546052631579,0.8800525591290201
101,2,0.14033009983067443,0.11181778152113554,0.8094,0.0030000000000000027,5,0.125,6.666771024887813,0.13743833436934771,5.981926606687738,0.4694765338919611,3.9661262361705574,0.17700381852074268,3.538751776993071,0.481588515412744,3.200474526588799,0.062207460150758946,3.0734017974124814,0.29605178637642,95,0.6599917763157894,0.8447448757086786
102,2,0.16543469682057088,0.11113152555762863,0.8081,-0.0012999999999999678,18,0.125,5.158117962816777,0.10644741189808547,5.0592482112905035,0.2541924191814337,3.1321097170466534,0.1393319847586304,2.9418460969285647,0.34929187174675924,3.2363118530466726,0.06346229696155838,3.286761619489353,0.16515245633527204,95,0.7500411184210526,0.9497834548544488
102,2,0.16543469682057088,0.11113152555762863,0.8081,-0.0012999999999999678,9,0.125,5.5308611019864085,0.11413966375300579,5.246693763764568,0.3232354607808532,2.960653997434587,0.1317047724736488,2.7536450955987015,0.3730689239850653,2.289469098719491,0.044895230875376446,1.9252051083202009,0.5422437290669656,95,0.6239309210526316,0.8705021747726374
102,2,0.16543469682057088,0.11113152555762863,0.8081,-0.0012999999999999678,6,0.125,6.5593786148729825,0.13536504636888616,5.947010222445174,0.43525823118934165,3.6177784179410306,0.16093696994240814,3.244144031488988,0.45244879895467854,3.4453779958324655,0.06756196913177559,3.1405259101178116,0.41232446175662085,95,0.5576069078947369,0.8521495464936214
102,2,0.16543469682057088,0.11113152555762863,0.8081,-0.0012999999999999678,3,0.125,5.161984589607172,0.10652720697403767,5.000311803284966,0.2824684347043879,2.985503713698385,0.13281021276805474,3.0413243496089453,0.173789154222873,2.8023533539511845,0.05495260927102762,2.8160350871089657,0.2248563574770132,95,0.6870888157894737,0.8476959904248953
102,2,0.16543469682057088,0.11113152555762863,0.8081,-0.0012999999999999678,8,0.125,6.395381239223917,0.1319806537819458,5.862919313260019,0.4053365531589891,3.63177640927482,0.16155967096228493,3.293907748418509,0.4269419396417599,3.1110548308323116,0.06100607558944153,2.8736008093903265,0.38512829355041756,95,0.5759046052631579,0.8155790375553335
102,2,0.16543469682057088,0.11113152555762863,0.8081,-0.0012999999999999678,4,0.125,6.052975795604656,0.12491447701828327,5.579435852234741,0.3891850831291806,3.315158736389325,0.14747492529303297,3.008989244724215,0.4207742155920725,3.156752766988759,0.06190218700471217,2.489875702850036,0.6611884858752669,95,0.6043174342105263,0.8348642580118392
102,2,0.16543469682057088,0.11113152555762863,0.8081,-0.0012999999999999678,10,0.125,6.377201858742745,0.13160548826303342,5.817392174449268,0.41740069457296997,3.6820404774780364,0.163795669384269,3.3253412930162427,0.43781811299984247,3.2620534265492984,0.06396707507196932,2.811664000639421,0.5201026211937437,95,0.6983141447368421,0.9109109109109109
102,2,0.16543469682057088,0.11113152555762863,0.8081,-0.0012999999999999678,19,0.125,5.89706394960535,0.12169694445882705,5.470260620307275,0.37361074712772796,3.5819287690913963,0.15934219735192895,3.273056769615089,0.4089210643479122,3.2241518953091632,0.06322384687268597,2.7469570036173545,0.5396063471796152,95,0.652014802631579,0.8753862647411238
103,2,0.19216926233717088,0.11044130736517907,0.8091,0.0010000000000000009,18,0.125,5.278197244214021,0.10896233269959177,4.948199967291984,0.34980213839421587,2.9281732729327,0.12978669113021982,2.5807270280996297,0.47410579648079965,3.5685395521870134,0.0706765735289283,2.825909415723015,0.7017466100055811,95,0.7372532894736842,0.9438371444506414
103,2,0.19216926233717088,0.11044130736517907,0.8091,0.0010000000000000009,1,0.125,6.045002389665791,0.12479214608257318,5.632201987044166,0.3642953163861167,3.3206997080547564,0.1471848101782122,3.097241406627763,0.3613112791101535,3.924892170626109,0.07773430167541935,3.8184662659044104,0.24447478949478613,95,0.6352796052631579,0.8968932038834951
103,2,0.19216926233717088,0.11044130736517907,0.8091,0.0010000000000000009,8,0.125,5.505436805082165,0.11365343299164062,5.178651558709828,0.34058228701565846,3.034126952870004,0.13448292193706696,2.6977886867903416,0.45933785950617084,2.8419455697544995,0.05628604421740753,2.3631305333351005,0.5686622234106684,95,0.6035361842105263,0.8298814552391334
103,2,0.19216926233717088,0.11044130736517907,0.8091,0.0010000000000000009,10,0.125,5.487904453897043,0.11329149769546852,5.168814398565447,0.3375911040258175,3.317651919986004,0.14704972174872408,3.124846856884247,0.33891735939865403,2.4084833528673077,0.047701124869921376,2.3978914473238175,0.2720477389959815,95,0.7116776315789474,0.9139704183036746
103,2,0.19216926233717088,0.11044130736517907,0.8091,0.0010000000000000009,9,0.125,5.60293186681871,0.11566610680089433,5.257574294248874,0.3460496707538067,3.1443386602172794,0.13936788313544882,2.859529737880603,0.41602311714480233,2.8996608521945704,0.05742912203494737,2.759076401736094,0.32703652714705617,95,0.6217516447368421,0.8741485351497916
103,2,0.19216926233717088,0.11044130736517907,0.8091,0.0010000000000000009,0,0.125,6.136341875732898,0.1266777450871128,5.6286430022997775,0.4051107957088863,3.4503999493691593,0.15293357010119585,3.1769051638880863,0.39079522160756314,4.141374772610746,0.08202183956400012,3.9553564186660655,0.2965153219437014,95,0.8025904605263158,0.9658793995594036
103,2,0.19216926233717088,0.11044130736517907,0.8091,0.0010000000000000009,14,0.125,5.429491639111118,0.1120856320818633,5.057347897845672,0.3639881074847836,3.287355401299126,0.14570687604028124,3.082388336943794,0.34961936650014164,3.332503914966682,0.066001778749303,3.2145140892227295,0.2818371105225793,95,0.6666940789473684,0.8976810164055754
103,2,0.19216926233717088,0.11044130736517907,0.8091,0.0010000000000000009,15,0.125,5.8471838835971,0.12070840974702388,5.467364302662496,0.35460934050952136,3.390638700280917,0.15028474639644163,3.1422190502701546,0.3757189688728638,3.4053028406556822,0.067443595085942,3.142527118359984,0.3853969928079046,95,0.5583470394736842,0.7854775756683113
104,2,0.22040354826462666,0.10974720263398964,0.8121,0.0030000000000000027,12,0.125,6.116509201177171,0.1264204989791195,5.6819708742834845,0.3714439140179734,3.182844377487035,0.14130490049913397,2.935615704603573,0.38642989235441066,2.680306695647561,0.05276336113961872,2.6000267302535383,0.27793850108035945,95,0.6210526315789474,0.8219014830508474
104,2,0.22040354826462666,0.10974720263398964,0.8121,0.0030000000000000027,3,0.125,5.32381850824609,0.11003658625367725,5.007145474543933,0.34319038721216816,2.8451250907958876,0.12631158491635677,2.5925108524316647,0.41260090703022595,2.8589123112084778,0.05627931422465467,2.829541826962609,0.21999799726347552,95,0.6842516447368421,0.8425575386094586
104,2,0.22040354826462666,0.10974720263398964,0.8121,0.0030000000000000027,6,0.125,6.621274139198489,0.13685335099208434,6.020278990181283,0.4325932950859515,3.6765946718427958,0.1632253364176642,3.2826648468415134,0.46925971948015116,2.7035263317906044,0.05322045287816319,2.3796101040029987,0.4798118773660757,95,0.5476973684210527,0.8288288288288288
104,2,0.22040354826462666,0.10974720263398964,0.8121,0.0030000000000000027,10,0.125,5.553117239587903,0.11477590063677866,5.2204128570269805,0.3425280182277633,3.203699820694319,0.14223079444107947,3.0500548852564986,0.31448464097831896,2.7715241073246486,0.05455902774835233,2.3053265375746026,0.5854287125892659,95,0.7150493421052632,0.9184013801035078
104,2,0.22040354826462666,0.10974720263398964,0.8121,0.0030000000000000027,13,0.125,6.0761958066042565,0.1255872721679068,5.586292934399919,0.39705559193268875,3.2807467073849543,0.14565135208272706,2.927967391067995,0.45815996371472406,2.3643196926539636,0.04654297733747741,2.202123775419635,0.37559680628676906,95,0.6127055921052632,0.8391383128649084
104,2,0.22040354826462666,0.10974720263398964,0.8121,0.0030000000000000027,5,0.125,5.641136113842085,0.11659513929674052,5.267826594449047,0.3579261551942161,3.1788849762775744,0.14112911974218073,2.8573473347597536,0.44121167959023194,2.8683221781134107,0.056464552804473524,2.753395616308341,0.29470680050793896,95,0.6636924342105263,0.8690911343782913
104,2,0.22040354826462666,0.10974720263398964,0.8121,0.0030000000000000027,14,0.125,4.883004905115234,0.10092552734218879,4.757037923403677,0.27315712360840655,2.8192592270597046,0.12516324938119272,2.6892071021377473,0.3224138315228792,3.2617436067732877,0.06420927729967933,3.2809861597662144,0.15225791891502183,95,0.6764802631578948,0.9062120106977875
104,2,0.22040354826462666,0.10974720263398964,0.8121,0.0030000000000000027,1,0.125,5.744289132347533,0.11872718155184764,5.365476188191799,0.3571797118404115,3.3303107185308516,0.14785178566749396,3.19667825636658,0.29179962482185395,4.266340377730458,0.08398533587975979,3.7767052721593624,0.5466675865654542,95,0.6486019736842106,0.898313680740459
105,2,0.24999999999999997,0.10904928748046602,0.8098,-0.0023000000000000798,2,0.125,6.489408520905438,0.13422168737087886,5.910804289583526,0.41834355129546885,3.624982911050792,0.1624916793649618,3.2492903436616274,0.4501058634372676,3.3291286254035435,0.06602855732143563,2.5230012586816026,0.6528076730689542,95,0.5638157894736842,0.7191511085180864
105,2,0.24999999999999997,0.10904928748046602,0.8098,-0.0023000000000000798,16,0.125,6.325348331693685,0.13082839885229525,5.83917551653965,0.3853462471287048,3.334021207549082,0.1494491748916985,3.033482535875949,0.4150493003673341,3.05965657932054,0.060683960448384686,2.4280247486575663,0.6128556809188441,95,0.6160773026315789,0.8276713608756591
105,2,0.24999999999999997,0.10904928748046602,0.8098,-0.0023000000000000798,19,0.125,5.845172717470123,0.12089683406209735,5.417848753368595,0.37556089091147665,3.1393015338136254,0.14072076773308378,2.874929623035512,0.40259124768877247,3.693527307733016,0.07325588975324596,2.8393929219187206,0.6440359931822274,95,0.6583881578947368,0.8802148388708468
105,2,0.24999999999999997,0.10904928748046602,0.8098,-0.0023000000000000798,3,0.125,5.207581060596948,0.10770940291742169,4.986161029868158,0.31357275605507184,2.8716919695366516,0.1287250346274383,2.6076623109031343,0.42162206116702755,3.7697434738635693,0.07476752960271596,2.9810976646264544,0.6148367726452313,95,0.6872944078947368,0.8494765180975172
105,2,0.24999999999999997,0.10904928748046602,0.8098,-0.0023000000000000798,4,0.125,6.249714333982284,0.1292640462980176,5.654214759831371,0.4313599244143387,3.318271848560488,0.14874320196609472,2.9139429459993655,0.48470329692093833,3.055731208911815,0.06060610627865914,2.5835760705140833,0.5509872700012068,95,0.6046052631578948,0.8405195865070729
105,2,0.24999999999999997,0.10904928748046602,0.8098,-0.0023000000000000798,7,0.125,6.512424520450164,0.13469773172614924,5.860566411879543,0.4469501489629854,3.201690280014674,0.14351737461163708,2.8798806416706415,0.43722939624599216,3.4005944799985848,0.06744598146078742,2.2807287206264464,0.7543278325109125,95,0.6990953947368421,0.9233031408069639
105,2,0.24999999999999997,0.10904928748046602,0.8098,-0.0023000000000000798,18,0.125,5.546958824354449,0.11472881862548558,5.322104219626894,0.3017983186241891,3.01231212764419,0.13502840383058767,2.7226375757220223,0.4283298349181469,3.9560917620247107,0.07846348431372022,2.824857863344797,0.7272159925536346,95,0.7369654605263158,0.944875299893991
105,2,0.24999999999999997,0.10904928748046602,0.8098,-0.0023000000000000798,9,0.125,5.457120681896479,0.11287067900734797,5.119674048425696,0.3521239779019201,2.807284686616251,0.12583794582678065,2.6424799577048215,0.35889572344618736,2.4340050142473246,0.04827504662257083,2.545037222011479,0.3769705342416125,95,0.6232730263157895,0.855917667238422
106,2,0.2808144266054613,0.10834763843886955,0.8116,0.0018000000000000238,19,0.125,5.369079881910506,0.11103252195895025,5.06595253522411,0.3351713047983621,2.9706746077217026,0.13382128007305008,2.69533694662711,0.4242206635595349,3.215916253323081,0.06559751382248369,2.902580878691412,0.4393958143909629,95,0.6703536184210527,0.8852971845672576
106,2,0.2808144266054613,0.10834763843886955,0.8116,0.0018000000000000238,17,0.125,5.698379021808009,0.11784242510546902,5.24440024519897,0.39215368579293003,3.102738488313065,0.1397704195399621,2.818649237442217,0.41994885841775464,2.245217968388797,0.045797435354134074,2.158055019348513,0.3274289601362527,95,0.5972039473684211,0.8525199669512531
106,2,0.2808144266054613,0.10834763843886955,0.8116,0.0018000000000000238,18,0.125,5.528135974082977,0.11432180046388479,5.25761693776739,0.31482589281475887,3.0791926275613215,0.13870973883867296,2.8870225257950404,0.36224035998016335,3.873115775976829,0.07900291725202314,3.6359653396876492,0.34927269852761683,95,0.7339638157894737,0.9442577030812325
106,2,0.2808144266054613,0.10834763843886955,0.8116,0.0018000000000000238,7,0.125,5.369709336449127,0.11104553907294722,5.110625066419125,0.31502435445019594,3.050347677937377,0.13741034776020028,2.6662957772208515,0.4860871504257532,2.5000078689720255,0.05099458064921663,2.43589586353763,0.2821480371080469,95,0.7435855263157894,0.9281132492811325
106,2,0.2808144266054613,0.10834763843886955,0.8116,0.0018000000000000238,2,0.125,5.481262160454725,0.11335245043455973,5.12301557897225,0.35627670220719415,3.000475318026629,0.13516372572149823,2.744760714066252,0.4093954769817892,2.580329447686541,0.05263296158171905,2.3673941062387795,0.39965908441108583,95,0.5722450657894737,0.7712869152834663
106,2,0.2808144266054613,0.10834763843886955,0.8116,0.0018000000000000238,3,0.125,5.306524849994158,0.10973888448145697,5.053848463575404,0.3143471209347156,3.1519982005481326,0.14198944337050626,2.7794301272624344,0.4720078813982929,2.9255282576613286,0.05967424684075752,2.6516906419997985,0.42408909998116956,95,0.6856085526315789,0.8585222502099077
106,2,0.2808144266054613,0.10834763843886955,0.8116,0.0018000000000000238,10,0.125,6.138844344661592,0.12695124388029683,5.5693351125588135,0.4307848010140872,3.6258739508570037,0.16333633183047958,3.151450452551383,0.5074259582335044,2.4937826057113908,0.05086759917313929,2.0555263894513756,0.5802171811081034,95,0.7013569078947368,0.9104766371577652
106,2,0.2808144266054613,0.10834763843886955,0.8116,0.0018000000000000238,1,0.125,6.423360236766643,0.13283502987950668,5.805061406622338,0.44521698840542145,3.8784653795819435,0.1747149285436941,3.494503511724109,0.43967350583040504,5.376264694466586,0.1096638002448544,5.257845022119172,0.20873484495543404,95,0.6501644736842105,0.891411586137111
107,2,0.31269670329204396,0.10764233245292455,0.8085,-0.0030999999999999917,15,0.125,6.357566013938465,0.13156137192237824,6.008303113273014,0.32849920356581885,3.6909631310353603,0.16830772568676097,3.6668969176969997,0.21658794774339837,3.4977657687544106,0.07213254171049935,3.9155288687872476,-0.10087476437866034,95,0.5391858552631579,0.7492564630519332
107,2,0.31269670329204396,0.10764233245292455,0.8085,-0.0030999999999999917,18,0.125,5.485462412386426,0.11351434794699435,5.088123552314908,0.37605332646547235,3.1843626863787953,0.14520677191263578,2.8207880604198245,0.46401972360129423,3.3387053040599195,0.06885232331893089,2.7517037463554974,0.5872395091220594,95,0.7449424342105263,0.9456311751393719
107,2,0.31269670329204396,0.10764233245292455,0.8085,-0.0030999999999999917,6,0.125,6.070134796309985,0.12561336521012134,5.653397424286084,0.36439261628065095,3.1090880699679837,0.14177425334220695,2.858357528717309,0.4005485205444814,2.537665121973116,0.05233290258975532,2.800175074907534,0.09266304538923657,95,0.5766447368421053,0.8426269252709641
107,2,0.31269670329204396,0.10764233245292455,0.8085,-0.0030999999999999917,5,0.125,6.028176290765939,0.12474508975044304,5.55261920529359,0.3893966016604537,3.263368179698021,0.14880941827491181,2.8715374512721965,0.4756290927010258,2.667421137534746,0.055008791092152245,2.3498908272016887,0.4773941435458984,95,0.6557154605263158,0.8838653038189002
107,2,0.31269670329204396,0.10764233245292455,0.8085,-0.0030999999999999917,0,0.125,6.645374774395019,0.13751719138126053,5.9522198159254005,0.4589475664020281,4.024098051694596,0.18349866064125547,3.2802449262805107,0.640204760840639,4.610195435494238,0.095073580259425,3.9085029965610194,0.6059676816520202,95,0.8020970394736842,0.9653457733121443
107,2,0.31269670329204396,0.10764233245292455,0.8085,-0.0030999999999999917,4,0.125,5.905095409617791,0.12219809463536845,5.602504263831064,0.3227967766419679,3.0805537972515036,0.1404730919990728,2.843609287102138,0.39410584617376554,3.06086127570422,0.06312249539751531,2.7994863599022892,0.4090748368724687,95,0.6138569078947368,0.8452675999732066
107,2,0.31269670329204396,0.10764233245292455,0.8085,-0.0030999999999999917,14,0.125,5.796364531171688,0.1199480537380608,5.3490008972413845,0.3853767740775766,3.5417595774110167,0.1615040514469016,3.150860640779988,0.4585055327710508,3.4767242514285717,0.0716986138186672,2.6721602273234017,0.7007672088656631,95,0.6623766447368421,0.891489229623192
107,2,0.31269670329204396,0.10764233245292455,0.8085,-0.0030999999999999917,8,0.125,5.990133671344278,0.12395784834521632,5.4639582925465,0.41076439812986776,3.250269529575423,0.148212120514562,2.9623572032114867,0.41356792364592243,2.985436910112273,0.061567059282939096,2.324644307080008,0.6490372356672086,95,0.6020970394736842,0.8343235675749505
108,2,0.3454915028125263,0.10693344686738046,0.8211,0.012600000000000056,11,0.125,5.41658810580617,0.11213517543335538,5.0667656815685564,0.35453114163639227,3.0997003679055863,0.1400531847551744,2.8783760299591536,0.3741159456483868,2.2349500925195667,0.04618409610964923,2.294469850366947,0.22946742639677842,95,0.7852796052631579,0.9514085244528223
108,2,0.3454915028125263,0.10693344686738046,0.8211,0.012600000000000056,5,0.125,5.170176817499011,0.10703392488534647,4.878550277531851,0.3368916587161912,3.034263833623497,0.13709657800684533,2.6935818621723833,0.46140175894534285,3.0142155433664177,0.06228721653157651,2.5414379693861746,0.5567539415073637,95,0.6768092105263158,0.8851154313487242
108,2,0.3454915028125263,0.10693344686738046,0.8211,0.012600000000000056,9,0.125,6.042674673086472,0.1250965314912746,5.482714636051876,0.42954427079576496,3.3554209483690838,0.15160736014327936,2.9250940704974018,0.5029018074528043,3.102806546810217,0.0641179041300124,2.7600033316090973,0.4608720358479462,95,0.6130756578947368,0.8546613011401744
108,2,0.3454915028125263,0.10693344686738046,0.8211,0.012600000000000056,12,0.125,5.88668549325914,0.12186721560017091,5.418853119027045,0.392981897258272,3.0433495191788276,0.13750709484611257,2.8540296063409825,0.35507106484570183,3.284625724270659,0.06787510407578116,3.371330726104903,0.11846533903794522,95,0.639391447368421,0.8290032154340836
108,2,0.3454915028125263,0.10693344686738046,0.8211,0.012600000000000056,17,0.125,5.862995510839232,0.1213767813484282,5.341509986501351,0.4174635073269783,3.1030070133117955,0.14020258829907517,2.8702188491604455,0.3820275524195041,2.377400977472114,0.04912777050469411,1.8197921308280844,0.6574491505013998,95,0.5932154605263158,0.8535385041935261
108,2,0.3454915028125263,0.10693344686738046,0.8211,0.012600000000000056,1,0.125,6.057079109917245,0.12539473471800805,5.623680420825091,0.3728580963047898,3.5606870914836324,0.16088186208006772,3.111201454672561,0.5057406348888612,4.431156996304767,0.0915675841170902,3.907671282796586,0.536600344236468,95,0.6464226973684211,0.8946631893645443
108,2,0.3454915028125263,0.10693344686738046,0.8211,0.012600000000000056,18,0.125,4.946552830851399,0.10240442113058308,4.738221052244426,0.3074021416870524,2.7337655452819822,0.12351921977846131,2.549049249687243,0.3755947870374124,2.8465396509744734,0.05882228030977005,2.644915391632395,0.37478068385037616,95,0.7521381578947368,0.9494314454406297
108,2,0.3454915028125263,0.10693344686738046,0.8211,0.012600000000000056,8,0.125,5.415590258457897,0.11211451781913984,5.151251064987131,0.31548369536311405,2.8437979913760465,0.12849079530925633,2.623321114010503,0.39194410061028484,2.523725030882792,0.052151481937218205,2.3703164003950365,0.36589378000246003,95,0.6177220394736842,0.8258004393263663
109,2,0.37903905220016615,0.1062210594195301,0.8016,-0.019500000000000073,7,0.125,6.10309139682748,0.12644300361098817,5.558549924415752,0.42044822146271627,3.253743106829172,0.14683558192691357,2.9401850664092994,0.42924081962747185,2.6278220495730222,0.054586851418102135,2.132979384460335,0.5859698794866244,95,0.6962171052631579,0.9104063312071816
109,2,0.37903905220016615,0.1062210594195301,0.8016,-0.019500000000000073,11,0.125,5.333027091909404,0.11048891782782849,5.002430761964171,0.34906503635761127,3.1466342984265996,0.14200195379619843,2.895388851003261,0.39219902198352324,3.308123378504826,0.06871851895927818,2.656375507104827,0.6046459398993724,95,0.7924753289473684,0.9516421937425413
109,2,0.37903905220016615,0.1062210594195301,0.8016,-0.019500000000000073,18,0.125,5.051812826607345,0.1046627595662083,4.812659990066552,0.31821290215941317,2.782490333022255,0.1255687907253045,2.6297332362070662,0.34832022958073555,2.8171152051764454,0.05851897359550249,2.503339240200069,0.47334433099848255,95,0.7606085526315789,0.9517245107579198
109,2,0.37903905220016615,0.1062210594195301,0.8016,-0.019500000000000073,14,0.125,5.101589851408706,0.10569403308276983,4.69056570286213,0.39351924907029584,3.0189038837854185,0.13623770961716697,2.6413287272133483,0.4873853975407855,2.8273167962546495,0.05873088776849782,1.8719619897263606,0.7714957144863434,95,0.6772203947368421,0.9001214329083181
109,2,0.37903905220016615,0.1062210594195301,0.8016,-0.019500000000000073,4,0.125,5.851312395456567,0.12122668107712242,5.415890606070118,0.3792636667387577,3.366181964229797,0.15190974559489515,3.1209910123643527,0.37488028001480006,2.714635869326411,0.056390205294627425,2.444904963396103,0.4604547507401795,95,0.6263980263157894,0.8521071287908626
109,2,0.37903905220016615,0.1062210594195301,0.8016,-0.019500000000000073,0,0.125,5.32119537810165,0.11024379001727404,4.872167608500868,0.40220437266571457,3.1811298608893877,0.1435586765680388,2.7940875474010247,0.4836721684222765,3.889927664322851,0.08080414100873311,2.7670483129429586,0.7914802731878123,95,0.8222450657894737,0.9668950342551382
109,2,0.37903905220016615,0.1062210594195301,0.8016,-0.019500000000000073,12,0.125,5.349620789035326,0.11083270375027154,4.991680442181905,0.3607631284124299,2.7756371636134767,0.12525951949978284,2.455308658697177,0.466378802535891,2.357169947313433,0.04896468758305793,2.2128412564013376,0.4369107783048847,95,0.6539884868421053,0.8357749135491984
109,2,0.37903905220016615,0.1062210594195301,0.8016,-0.019500000000000073,10,0.125,6.30089460411358,0.13054106310689256,5.861652512559712,0.3688322296325219,3.6830297569276715,0.1662085173465438,3.45672185848593,0.3452502637914203,3.096472054138875,0.06432195816571686,3.0639287711763545,0.28802180677916217,95,0.7060444078947369,0.9045483664317745
110,2,0.41317591116653485,0.105505248230685,0.8091,0.007500000000000062,3,0.125,5.779816365466675,0.11987038731666716,5.285806404911688,0.4060320980336331,3.0681471799760174,0.13988223396968177,2.8331474693171734,0.3857458709948803,2.4745418260468957,0.052026771774869064,1.978953539520523,0.601985848565312,95,0.6865131578947369,0.8463703881169142
110,2,0.41317591116653485,0.105505248230685,0.8091,0.007500000000000062,4,0.125,5.498452138684822,0.11403503949438873,5.2014345797993276,0.3297721129651621,2.7151701330617186,0.12378938869008237,2.5581393490041218,0.35684103552721996,3.359381145047649,0.07063035035354463,2.779115342039849,0.5895056561010188,95,0.6378700657894737,0.8618577966866499
110,2,0.41317591116653485,0.105505248230685,0.8091,0.007500000000000062,18,0.125,5.164837862725533,0.10711605280952706,4.961403063414805,0.3006038545610743,3.1260674616924597,0.14252292163014552,2.8581857110589652,0.4051758024690435,2.5749519369111127,0.054137875279701445,2.3114202682059326,0.44918667227059117,95,0.7576069078947368,0.9505020352781547
110,2,0.41317591116653485,0.105505248230685,0.8091,0.007500000000000062,16,0.125,6.977569402584385,0.14471116276532137,6.308611389760403,0.45065534577579797,3.4322951469619514,0.15648438117107794,3.148696364308599,0.3984947292122538,2.9549147101017295,0.06212652040004459,2.408447883599946,0.5928435102967282,95,0.6196546052631579,0.8278699402786994
110,2,0.41317591116653485,0.105505248230685,0.8091,0.007500000000000062,13,0.125,6.578928954418995,0.1364435670667482,5.9527665520585735,0.44106971314670057,3.6295517102327137,0.1654776553254527,3.1538755600487227,0.5208198359767144,2.9812230598865055,0.06267964845616339,2.6681747543155043,0.4463903012730015,95,0.5933388157894737,0.8531531531531531
110,2,0.41317591116653485,0.105505248230685,0.8091,0.007500000000000062,17,0.125,5.597798735492241,0.11609543627603225,5.295726796801432,0.32860822412397955,3.150928522950799,0.14365638120156698,2.828751640393978,0.4414127429032378,2.415157789984833,0.05077823369854682,2.2569300524613225,0.3966531348617315,95,0.6074835526315789,0.8488560985515095
110,2,0.41317591116653485,0.105505248230685,0.8091,0.007500000000000062,14,0.125,4.847134514474654,0.10052705049551323,4.737136302939405,0.2719285950307727,2.611979710974492,0.11908475559423835,2.550871967967803,0.29555038929743205,2.694832766050878,0.056658346937196256,2.62060195088574,0.30915974339609603,95,0.7006578947368421,0.9053403755868544
110,2,0.41317591116653485,0.105505248230685,0.8091,0.007500000000000062,8,0.125,5.7497396987703295,0.11924661288195913,5.296309279743974,0.3895879077512964,3.3942564385259737,0.1547501294545786,3.020233264171546,0.4632630508724033,2.605173746766127,0.054773283090311035,2.105250038959429,0.5923426854351316,95,0.6155016447368421,0.8375308971875208
111,2,0.44773576836617324,0.10478609179760855,0.7912,-0.017900000000000027,13,0.125,5.838716593967566,0.12111084215801406,5.521545071318352,0.33166482913249334,3.324350914520059,0.15208189886131976,3.111363629793973,0.356331056615852,2.310242123677585,0.049177647970476364,2.1745618424115936,0.44257675652346357,95,0.6373355263157895,0.8663225806451613
111,2,0.44773576836617324,0.10478609179760855,0.7912,-0.017900000000000027,17,0.125,5.649988319313615,0.11719610508960003,5.217485873165002,0.3845953310612689,2.9630400601996065,0.1355527049774084,2.7166113554558695,0.40335552055405993,3.296837873035842,0.0701791083602099,2.444450698591616,0.6961895900697259,95,0.6227384868421053,0.8824034334763948
111,2,0.44773576836617324,0.10478609179760855,0.7912,-0.017900000000000027,2,0.125,6.655671665364289,0.1380567094748731,5.950987533245726,0.46196397377956705,3.678637846660098,0.1682897634240738,3.2453654964728735,0.4842709752573495,3.4477413289821355,0.07339135912734672,2.829488798806017,0.5784626299081966,95,0.5704769736842106,0.7346115035317861
111,2,0.44773576836617324,0.10478609179760855,0.7912,-0.017900000000000027,19,0.125,6.191923215752313,0.12843730692671584,5.6166264404062005,0.4237995763759557,3.6086365712404715,0.16508735574742575,3.156062240088942,0.49991366490623096,3.6235853446069304,0.07713451444837659,2.544924632580716,0.7776649831081787,95,0.6550575657894737,0.8759650994915573
111,2,0.44773576836617324,0.10478609179760855,0.7912,-0.017900000000000027,10,0.125,6.251273923712351,0.1296684018271159,5.66180930298736,0.42766906370221264,3.7004001802190714,0.16928534334220044,3.2924015958718025,0.4668765909985649,2.8797881900344424,0.061301457707648305,2.8651444050489645,0.30096564389530245,95,0.7014391447368421,0.9168181018817047
111,2,0.44773576836617324,0.10478609179760855,0.7912,-0.017900000000000027,6,0.125,6.180606367270621,0.12820256474868166,5.664073941212717,0.40102661203684237,3.159675905041721,0.1445483716313621,2.9238727021090165,0.38229906876772096,2.8004860244311556,0.059613368851781215,2.3786439506431853,0.5322734687098717,95,0.575,0.8504004576659039
111,2,0.44773576836617324,0.10478609179760855,0.7912,-0.017900000000000027,0,0.125,5.534190079287609,0.11479413504288545,5.36626271562101,0.28087441834474075,3.413047799906507,0.15613959045270318,3.2210025587410205,0.33669242382097786,3.8855817813684412,0.08271157860304909,3.7487116985797666,0.2965001039343326,95,0.8322779605263158,0.9694185069907614
111,2,0.44773576836617324,0.10478609179760855,0.7912,-0.017900000000000027,12,0.125,5.7618891358536155,0.11951723198644769,5.394590148274117,0.35458972676629313,2.87205949846613,0.13139054010863302,2.7822619503240915,0.3023650938999,2.811294745794956,0.059843451875890304,2.1405086436691114,0.6503301557174784,95,0.6574013157894737,0.832874655991994
112,2,0.48255025164874954,0.10406366898390772,0.8035,0.012299999999999978,2,0.125,5.382554334202328,0.11164863383746693,5.2969534604289485,0.25579227747097827,2.9065097520379846,0.1325003392633867,2.7572351257283874,0.3498182692120017,2.0774609530237216,0.04355346709362169,2.587604980636614,0.01990852549092749,95,0.58984375,0.7756012547926107
112,2,0.48255025164874954,0.10406366898390772,0.8035,0.012299999999999978,11,0.125,6.303161894721761,0.13074450729281034,5.630361432000244,0.45681773256375846,3.8209675204674913,0.17418812801895173,3.2911537793527432,0.5297246837282915,3.196868114861749,0.06702156786178101,2.3386953321955253,0.7167180240104468,95,0.7717516447368421,0.9507698865149982
112,2,0.48255025164874954,0.10406366898390772,0.8035,0.012299999999999978,13,0.125,5.722192646193502,0.11869364465913615,5.367060008960589,0.3522183406196866,3.0504226079553347,0.13906095796423273,2.8551055110579964,0.36811411489355955,2.564360458816492,0.05376119762765689,2.4847735632682855,0.35841037743512133,95,0.6452302631578948,0.8425312261024726
112,2,0.48255025164874954,0.10406366898390772,0.8035,0.012299999999999978,7,0.125,6.390947849177309,0.13256542377159075,5.755077601785741,0.44044464755514484,3.3491617003419556,0.1526797084482828,2.973265615284156,0.4611489167152203,2.640806807040436,0.05536387685344596,2.0087103879032426,0.6511821147712424,95,0.7016447368421053,0.9111579934364744
112,2,0.48255025164874954,0.10406366898390772,0.8035,0.012299999999999978,17,0.125,5.393779267584272,0.11188146910473905,5.190812962099075,0.3035827626545892,2.9842871979258003,0.13604601392006013,2.776515912624769,0.3812933668585712,2.4228101637181987,0.05079362988074792,2.187866075635825,0.4680942279026094,95,0.6415707236842105,0.8749599436005896
112,2,0.48255025164874954,0.10406366898390772,0.8035,0.012299999999999978,5,0.125,6.319980949542321,0.13109337966391132,5.698356282046252,0.436955941003405,3.6964159350498456,0.16851014007755255,3.315955218074039,0.4449932704277175,3.0989632830660327,0.06496901671095676,2.4191433082450158,0.6376268590080488,95,0.6668174342105263,0.8569402478880187
112,2,0.48255025164874954,0.10406366898390772,0.8035,0.012299999999999978,3,0.125,6.246865438084081,0.1295767675760837,5.636202427598346,0.4348236689328307,3.38104384703366,0.15413313390131417,2.945291092056023,0.4955513900577598,3.427269783851123,0.07185188320130097,2.6926547242161796,0.6450881786915694,95,0.6633223684210526,0.8396974956607984
112,2,0.48255025164874954,0.10406366898390772,0.8035,0.012299999999999978,18,0.125,6.0023304802497375,0.12450445575672646,5.354245902092012,0.4561790771848781,3.1691542526724934,0.1444736297074782,2.8234812405594716,0.4541631809592538,3.169555666222203,0.0664489689730571,2.2361605735104586,0.7522820248525488,95,0.7455180921052632,0.9463901604985936
113,2,0.5174497483512503,0.10333805901138504,0.8076,0.0040999999999999925,15,0.125,7.112741391540423,0.14745545456787393,6.383512924900749,0.47461471895785134,3.543050952146578,0.16150905285182804,3.1509385126929597,0.46960271473429277,3.4827692891390005,0.07365122363932917,3.191700618052376,0.4043378599915911,95,0.5594983552631579,0.8062761813772323
113,2,0.5174497483512503,0.10333805901138504,0.8076,0.0040999999999999925,11,0.125,4.920675943485147,0.1020113719993781,4.758256535971709,0.2913697192604224,2.8930928716494413,0.13188088340343623,2.8326899387270355,0.2685939428199529,2.4628672350214473,0.05208303234044664,2.261365827532122,0.4051798207484987,95,0.7942434210526316,0.959411886518948
113,2,0.5174497483512503,0.10333805901138504,0.8076,0.0040999999999999925,3,0.125,4.988667810783566,0.10342092299350408,4.7390930636941135,0.32768294596531217,2.7077432922330154,0.12343177120540393,2.4922126448193396,0.39833423892544884,2.692243360495849,0.05693372180974951,2.3663771299544605,0.4777949031810943,95,0.702796052631579,0.8632693657851627
113,2,0.5174497483512503,0.10333805901138504,0.8076,0.0040999999999999925,1,0.125,6.383897334076854,0.13234566413879878,5.777944633496691,0.4378526401528908,3.4128531905387343,0.1555740218729563,3.0381973017660933,0.4638175191096042,4.129878395985099,0.08733584458048574,3.9698162440756226,0.2761767985068946,95,0.6447779605263158,0.8963714048848925
113,2,0.5174497483512503,0.10333805901138504,0.8076,0.0040999999999999925,13,0.125,5.401718330024222,0.11198394373633143,5.033981000232563,0.36391681851340735,2.9395066940760257,0.1339966453838867,2.6064012079197725,0.46311269917126735,2.4143167839411706,0.05105632059658956,2.134315309887669,0.468505936895037,95,0.6693256578947369,0.8754761027153213
113,2,0.5174497483512503,0.10333805901138504,0.8076,0.0040999999999999925,0,0.125,5.506808853142816,0.11416259328988591,5.300088525969636,0.2885863648957979,3.102744023371346,0.14143777643185435,2.8726828309415517,0.37947273459545405,3.7238108026591736,0.07874860475900292,3.5486066374290193,0.30381321878309814,95,0.8226973684210527,0.9655637744902039
113,2,0.5174497483512503,0.10333805901138504,0.8076,0.0040999999999999925,4,0.125,6.032843491467341,0.1250679070701457,5.507523456229863,0.41244966679730266,3.4313071070454435,0.15641523884010142,3.0453627029663264,0.47070241528330997,3.246259581917614,0.06864967806071265,2.7795066669484085,0.5447587056541644,95,0.6216282894736842,0.8544781055695198
113,2,0.5174497483512503,0.10333805901138504,0.8076,0.0040999999999999925,7,0.125,5.315110463842612,0.11018846129517985,5.032945057005566,0.3292982110118903,2.9617581070071077,0.1350109702343201,2.791520248832125,0.3456042738486352,2.3339027297995476,0.0493557791614163,2.232756114466099,0.3406170125866214,95,0.7273026315789474,0.9249208502939846
114,2,0.5522642316338268,0.10260934145135084,0.8202,0.012600000000000056,18,0.125,5.553715466234754,0.11518359757673231,5.206270834074924,0.3483530760712509,2.912726729464638,0.13353756354813326,2.7289729350387613,0.35158824746282646,2.9379693330754786,0.06306807557621057,2.805862462872324,0.2987906924164688,95,0.7492598684210526,0.9515420919767315
114,2,0.5522642316338268,0.10260934145135084,0.8202,0.012600000000000056,7,0.125,5.047728619142977,0.1046894723863304,4.805798425509446,0.3162104664330367,2.812068999858633,0.1289227852965726,2.633270005711351,0.3542844447956179,3.4699608885875204,0.07448810071099209,3.0609379698179313,0.5323410563723383,95,0.7466694078947368,0.9319345778952586
114,2,0.5522642316338268,0.10260934145135084,0.8202,0.012600000000000056,15,0.125,5.768817229707129,0.11964479028861695,5.433454636649765,0.3361577660896927,3.0495716260278956,0.13981138727701167,2.851271331329914,0.3551085975727707,3.1035265806737256,0.06662201907254568,3.1164804619526922,0.14576733752059817,95,0.5705592105263158,0.8033294897665033
114,2,0.5522642316338268,0.10260934145135084,0.8202,0.012600000000000056,17,0.125,5.496731986030794,0.11400176492933807,5.048925895370618,0.3966944524661283,2.753895795463378,0.1262557627090614,2.5592089289360245,0.3714990956707603,1.89484111908337,0.04067570806743721,1.6676866276187539,0.47677149990826057,95,0.6394325657894737,0.8745418301073886
114,2,0.5522642316338268,0.10260934145135084,0.8202,0.012600000000000056,0,0.125,5.4667569093235855,0.11338008432762808,5.16950814366468,0.3275244770647313,3.1814916756204825,0.1458594252984092,3.0034808931269943,0.33080013852231943,3.5330285742238945,0.07584194655252366,3.4854150827328554,0.1875476353473028,95,0.8288651315789474,0.9667625756523465
114,2,0.5522642316338268,0.10260934145135084,0.8202,0.012600000000000056,9,0.125,5.775269759208324,0.11977861521463923,5.238527927342069,0.42901565551571014,2.9734227371074624,0.1363202471743488,2.6046868978962996,0.4957028885181078,2.3200876900940592,0.04980428629223162,2.0615145683588234,0.4601064772945831,95,0.6282483552631579,0.888147130047778
114,2,0.5522642316338268,0.10260934145135084,0.8202,0.012600000000000056,1,0.125,5.730646287676687,0.11885312812070614,5.384631772006934,0.342287578148093,3.2556298559728964,0.14925838197704452,3.1053527525324514,0.3036163304422853,3.3624096656902616,0.07217934664142606,3.2885417126076675,0.22074909070342247,95,0.6663240131578947,0.9018821351434743
114,2,0.5522642316338268,0.10260934145135084,0.8202,0.012600000000000056,4,0.125,5.768987979501148,0.11964833162516546,5.364124900928369,0.36865927041361213,3.075382109020066,0.14099470082919255,2.7387941478996267,0.46494925819538513,2.897407963187282,0.06219736276352591,2.593696746236099,0.4619745839447405,95,0.6430509868421053,0.8635462625487563
115,2,0.5868240888334652,0.10187759621589751,0.8133,-0.006900000000000017,19,0.125,6.4995728725764605,0.13490963869922326,5.901398683513024,0.4368816883763521,3.417817101280612,0.15642709703346003,3.0599949331753034,0.4607854214681333,3.241193495913917,0.07038920317503837,2.78822009044469,0.5866063428651473,95,0.6450246710526316,0.8670236501561803
115,2,0.5868240888334652,0.10187759621589751,0.8133,-0.006900000000000017,15,0.125,6.03778866927683,0.12532452576249176,5.630677894349902,0.3618151148868503,3.2758121139824783,0.14992779432969708,3.0138852961256197,0.39344037329251696,3.1910078775273156,0.06929931894148897,2.8732944331345722,0.4646938673857288,95,0.5819901315789474,0.8064151476614385
115,2,0.5868240888334652,0.10187759621589751,0.8133,-0.006900000000000017,13,0.125,5.490958500110724,0.11397413982200909,5.145683439290778,0.3496528392301151,3.0457995147115544,0.13940054780980873,2.821427095102342,0.3767884256112809,2.4818238979328546,0.05389792581544199,2.350673668667876,0.32648706783401277,95,0.6710115131578948,0.8786077578282983
115,2,0.5868240888334652,0.10187759621589751,0.8133,-0.006900000000000017,0,0.125,5.088194065551679,0.10561408210552127,4.939299636571045,0.2721558081053452,3.0373367496673853,0.13901322288003423,2.9192471291616573,0.29172946321581855,3.8784200020956128,0.08422789132145395,4.011803302853839,-0.017237025403131545,95,0.8357730263157894,0.9682180458526026
115,2,0.5868240888334652,0.10187759621589751,0.8133,-0.006900000000000017,5,0.125,5.955938996086995,0.12362559722454416,5.544033909220731,0.3662324351610307,3.327510344588642,0.15229392566319014,2.988317383168156,0.4507737952482272,2.7520469561384955,0.05976637698029717,2.5897659581947896,0.33848754243711526,95,0.6658305921052632,0.8835299203359477
115,2,0.5868240888334652,0.10187759621589751,0.8133,-0.006900000000000017,1,0.125,5.594296314195027,0.11611909110348528,5.230479922939813,0.3548540362932241,2.954670168295974,0.13522972804622202,2.7342889535601267,0.37935545145770133,3.347990613969134,0.07270852291043033,3.0156993761493167,0.4720974724002759,95,0.6707236842105263,0.8998283472290338
115,2,0.5868240888334652,0.10187759621589751,0.8133,-0.006900000000000017,14,0.125,5.632865752858192,0.11691966510071423,5.281709379848161,0.34782521960718427,3.285857921366352,0.15038757214689738,3.0943980934953714,0.33694165293804584,3.4333050641137866,0.07456130219453332,3.5773891763310584,-0.013063686987939182,95,0.666735197368421,0.8884983040394696
115,2,0.5868240888334652,0.10187759621589751,0.8133,-0.006900000000000017,4,0.125,5.555625179063924,0.11531640622389289,5.247088729071455,0.33057696057328984,2.8503220188399845,0.13045390838808466,2.7819352132944193,0.2632365271685245,2.8102707744529716,0.061030827307662947,2.591706444373804,0.38956012839392834,95,0.6482730263157894,0.8561461372573893
116,2,0.6209609477998338,0.10114290354913615,0.8214,0.008099999999999996,16,0.125,7.506873934934637,0.15586540921897005,6.826128806809376,0.43996785058599697,4.049957341494518,0.18607982810164683,3.6284953477992046,0.47691926314815014,3.306464221294286,0.07165042990271071,3.10383942587031,0.3450071674024845,95,0.5944078947368421,0.7998063087991145
116,2,0.6209609477998338,0.10114290354913615,0.8214,0.008099999999999996,1,0.125,5.543011624676252,0.1150896874882973,5.349339658876253,0.28647589815498403,2.8927344025874717,0.1329099234854065,2.84508062165303,0.25078146681069957,3.2942004664116853,0.07138467674442737,3.3411185202821665,0.12236540174243048,95,0.6771792763157894,0.899083125872852
116,2,0.6209609477998338,0.10114290354913615,0.8214,0.008099999999999996,5,0.125,5.271074154167784,0.10944344306083668,4.991414514417565,0.3336056428171422,2.676921950444665,0.12299417855015021,2.582489327846367,0.3049457468926935,3.2571959208425993,0.07058279551392624,3.1594933907220617,0.2557166350935808,95,0.6835526315789474,0.900565447545717
116,2,0.6209609477998338,0.10114290354913615,0.8214,0.008099999999999996,10,0.125,6.412293398560171,0.13313860646407452,5.88900631828963,0.39897197016407515,3.5891006948199053,0.1649052530724028,3.30259503407484,0.3950601718440156,2.7223700302058176,0.05899322356560939,2.5473309472197063,0.3556759313671618,95,0.7141858552631579,0.9144452760665553
116,2,0.6209609477998338,0.10114290354913615,0.8214,0.008099999999999996,18,0.125,5.6849952870639004,0.11803769778289826,5.322645026809914,0.35343770328477325,3.0591074540231333,0.1405541197574764,2.8456130877751096,0.36850825510831403,3.91327981949951,0.08480000466691474,3.601106789593316,0.41406579564551305,95,0.753125,0.9490063332605372
116,2,0.6209609477998338,0.10114290354913615,0.8214,0.008099999999999996,9,0.125,5.677568001563615,0.11788348487031679,5.384079620466619,0.32458885863018994,2.8735244443378076,0.1320273004285379,2.839635024214826,0.2411513795542772,2.4946546035880903,0.0540586750205014,2.250393604850791,0.4315962761653828,95,0.6315378289473684,0.8889250602252751
116,2,0.6209609477998338,0.10114290354913615,0.8214,0.008099999999999996,8,0.125,6.329105099790601,0.13141136575877796,5.799559466298725,0.4037047312346974,3.6024820393541925,0.16552007394105675,3.169137659975342,0.5020635854656955,2.474809885129595,0.05362864387130818,2.2115254289915787,0.4489050926690685,95,0.5930509868421052,0.8236150592803162
116,2,0.6209609477998338,0.10114290354913615,0.8214,0.008099999999999996,2,0.125,5.93978187814004,0.12332783807642039,5.507799927168322,0.37438702037882365,3.144788867866624,0.1444908483240097,2.861789693364299,0.4153240718175123,3.166830301876979,0.06862459030922065,2.7883035145031565,0.4984122109181989,95,0.5932976973684211,0.7696999099036662
117,2,0.6545084971874737,0.10040534401839686,0.8139,-0.007500000000000062,10,0.125,5.724426367564057,0.11879829098714596,5.392600340277193,0.3358040019164502,3.157521619470902,0.14391446322722495,2.9599667733027464,0.3482248903540953,2.5790027414253007,0.05602913344382157,2.5974417943284376,0.24792799501595256,95,0.7305098684210526,0.9179331306990881
117,2,0.6545084971874737,0.10040534401839686,0.8139,-0.007500000000000062,3,0.125,5.474506582045699,0.11361173752360841,5.047889968384952,0.3876461157156579,2.7696575805732473,0.12623628024380867,2.6234030721943884,0.32933152912855657,2.656111656511133,0.05770433356038475,2.4371163689818345,0.4096286594849921,95,0.6986430921052632,0.8555705961979871
117,2,0.6545084971874737,0.10040534401839686,0.8139,-0.007500000000000062,19,0.125,5.932952450540991,0.12312580621631734,5.494000869277707,0.3798767071884617,3.4705231259867593,0.15818053935534043,3.227307769025927,0.3709038204669421,2.79097485435287,0.06063425216309208,2.923416710322942,0.14130173646133215,95,0.6561677631578947,0.8835693695951874
117,2,0.6545084971874737,0.10040534401839686,0.8139,-0.007500000000000062,8,0.125,5.482425783613857,0.11377608370467043,5.13980325334836,0.34837098918861603,2.822923229501429,0.12866403789610104,2.6705253446099735,0.33077598225106786,3.0480544387462123,0.06621933592756157,2.1766502449053786,0.7747818813431911,95,0.6439555921052632,0.8506481067620203
117,2,0.6545084971874737,0.10040534401839686,0.8139,-0.007500000000000062,14,0.125,5.60997518121827,0.116423100100532,5.214290208419455,0.369110400170514,3.286604303145631,0.14979783232861882,3.019357644579314,0.3992973897055132,3.5569839447712317,0.07727588842692615,2.745641723338092,0.7223354797897057,95,0.6765213815789474,0.8977694037561539
117,2,0.6545084971874737,0.10040534401839686,0.8139,-0.007500000000000062,15,0.125,5.909534821784597,0.12263982315066128,5.521673341255097,0.35677174297138936,3.2202279998232983,0.14677251335542946,3.047403605230638,0.3240687446639803,2.7189262099032296,0.05906898701254618,2.9650131936907664,0.057574552650844275,95,0.5807565789473684,0.7920560747663551
117,2,0.6545084971874737,0.10040534401839686,0.8139,-0.007500000000000062,0,0.125,5.555929418115782,0.11530149526549524,5.163463085347884,0.3692836720912929,3.3042312651913703,0.1506012392682566,3.0256251184129024,0.4077442900473414,3.8185383819276977,0.08295818888627514,3.4691800736916765,0.4237389597145243,95,0.8245065789473685,0.9721224815479753
117,2,0.6545084971874737,0.10040534401839686,0.8139,-0.007500000000000062,5,0.125,5.0600286798140415,0.10501013043227443,4.828610822488993,0.31075031226753447,2.8277008722736303,0.12888179472500536,2.6372593772922928,0.36235368167552895,2.9970742946279283,0.0651117863883897,2.342905230031383,0.6569762790407804,95,0.6941611842105263,0.8940291434664139
118,2,0.687303296707956,0.09966499850539376,0.8219,0.008000000000000007,8,0.125,5.4795088554008435,0.11378187413440972,5.193225494075125,0.3232435940662288,3.0376604668348843,0.1395949397671092,2.806047427370399,0.38348754959882636,3.046884816191407,0.06716115924520909,3.205371352833264,0.06008234702468907,95,0.6396381578947369,0.8489971715093855
118,2,0.687303296707956,0.09966499850539376,0.8219,0.008000000000000007,1,0.125,5.83722448998199,0.12120983097942975,5.411652570895447,0.3755424317688465,3.3911989987120883,0.1558417160614241,3.089947659359625,0.4156434573887579,3.783390649992086,0.08339563759701743,3.1923713174388304,0.6138251831065915,95,0.6767680921052631,0.8979281851874354
118,2,0.687303296707956,0.09966499850539376,0.8219,0.008000000000000007,2,0.125,6.166085070994132,0.12803861330717636,5.616385925579487,0.42211304396742616,3.3257452930579907,0.15283380711370742,3.0815139059817698,0.3762259272201503,2.787347536553834,0.061440291664269196,2.6044440488509797,0.36240793670886834,95,0.5831414473684211,0.7852912142152023
118,2,0.687303296707956,0.09966499850539376,0.8219,0.008000000000000007,0,0.125,4.937517077807659,0.10252742745910064,4.858710886891674,0.2463241926139961,2.879251444937265,0.1323152921199165,2.852747044468891,0.23415220494491856,3.2686112274774137,0.07204857827008132,3.5903937689227625,-0.09965301282174988,95,0.8354029605263158,0.9684008465816804
118,2,0.687303296707956,0.09966499850539376,0.8219,0.008000000000000007,13,0.125,5.578247056189996,0.11583217058084691,5.17589307503055,0.3729245506375838,2.8592438234811,0.13139584679594105,2.528672473896178,0.46849588120450114,2.433163454614867,0.05363316570965064,1.8887617182752783,0.650140604313206,95,0.6514391447368421,0.86056933661554
118,2,0.687303296707956,0.09966499850539376,0.8219,0.008000000000000007,15,0.125,5.590032815842058,0.11607690160632697,5.225464536304391,0.3554429858137629,3.095780499416318,0.1422658315721836,2.828762577070275,0.4064298284349362,3.4327973862400336,0.07566766248879463,2.9225505814646344,0.5692715863409175,95,0.5854029605263158,0.8065603708646485
118,2,0.687303296707956,0.09966499850539376,0.8219,0.008000000000000007,12,0.125,5.971188813707326,0.12399159705059754,5.524222469985836,0.38139825890725904,2.889937114098115,0.13280634941850736,2.6638990289847406,0.38922653475410834,2.527646663500536,0.055715818064688054,2.157921301104724,0.5231433497129133,95,0.6560032894736842,0.8389118716309389
118,2,0.687303296707956,0.09966499850539376,0.8219,0.008000000000000007,17,0.125,5.723496970624661,0.11884828168101408,5.234661731645676,0.4071897531944589,3.354812466843433,0.15416958193715463,2.9841476569350336,0.4685025632573351,2.7771701233147015,0.061215955362606156,2.3502634252228454,0.544914597963417,95,0.6282072368421052,0.8688964524152376
119,2,0.7191855733945386,0.09892194819735524,0.8095,-0.012399999999999967,19,0.125,5.885464106570258,0.12226350099391456,5.565015247973133,0.3267745722068839,3.299272841130506,0.15091129436880005,3.072790673088172,0.3642566049403102,2.8601612283872875,0.06302124442952267,2.7743135194868733,0.3197755143654388,95,0.6699835526315789,0.8838836381490119
119,2,0.7191855733945386,0.09892194819735524,0.8095,-0.012399999999999967,11,0.125,5.785707174374729,0.12019116964369493,5.2511158502935595,0.4244378277590589,3.4900486047823445,0.1596375255152457,3.149416394459589,0.4392690204643227,3.252336416044504,0.07166249448047704,2.448670064817111,0.6988324862552953,95,0.7880345394736842,0.9525697886772763
119,2,0.7191855733945386,0.09892194819735524,0.8095,-0.012399999999999967,12,0.125,5.898367128259548,0.12253154588834725,5.471051160992155,0.3741732148052266,3.109374795965451,0.14222521074555428,2.7444680025561192,0.4767092959380784,2.7810986347068227,0.06127916674798649,2.30175965217338,0.561579608124402,95,0.6582648026315789,0.8359672684115185
119,2,0.7191855733945386,0.09892194819735524,0.8095,-0.012399999999999967,3,0.125,5.689660220322024,0.11819590866687986,5.143075377486097,0.4324760821027239,2.912368027055141,0.13321396859394044,2.583986008502783,0.4629243747160456,2.3965966821787252,0.05280698997228593,2.2528335384641456,0.4071729064344982,95,0.6813322368421053,0.8447797223898612
119,2,0.7191855733945386,0.09892194819735524,0.8095,-0.012399999999999967,8,0.125,5.421158562516156,0.11261810679576355,5.030192257877281,0.3731133151385953,2.9087435174458554,0.1330481807179665,2.679466689544701,0.3906307443172004,3.3798193266904737,0.07447147307674196,2.3292841221673934,0.8113221545965189,95,0.6342516447368421,0.8492706645056726
119,2,0.7191855733945386,0.09892194819735524,0.8095,-0.012399999999999967,5,0.125,5.44973215304241,0.11321168907754255,5.052342760085068,0.3749797976598774,2.928944369360804,0.1339721833260057,2.704700224758138,0.3854579669315201,2.4445804597871916,0.05386427210984575,2.133423440251766,0.5016876877129531,95,0.6834703947368421,0.8897244615569727
119,2,0.7191855733945386,0.09892194819735524,0.8095,-0.012399999999999967,18,0.125,5.4677999350302,0.11358702571047792,5.033307825246675,0.3907310280874616,2.923633225810739,0.13372924750762571,2.642254651031516,0.4280816789780288,2.8229734289784645,0.062201842581445406,2.2806950337799528,0.5921342378534588,95,0.7501233552631579,0.9506111933344297
119,2,0.7191855733945386,0.09892194819735524,0.8095,-0.012399999999999967,15,0.125,5.368016814946344,0.1115141503380958,5.184300536442586,0.2813254060684935,2.7366337140273926,0.1251757450455836,2.6530389557453367,0.29233038304047193,2.762254993731754,0.06086396298532953,2.7898805327684544,0.25466699614669774,95,0.59609375,0.8185141753466234
120,2,0.7499999999999999,0.09817627457812106,0.8219,0.012399999999999967,15,0.125,5.718347745944879,0.11883028216758458,5.369280799828769,0.3463964976730701,3.382615411968918,0.15454805856065715,3.130066787998801,0.3791464640783573,3.2269070786317875,0.07253281016543152,2.8572427779544896,0.5168528085833691,95,0.5933388157894737,0.8115038115038115
120,2,0.7499999999999999,0.09817627457812106,0.8219,0.012399999999999967,6,0.125,6.3651758755060355,0.13227171185401626,5.850332209460784,0.3971021354743884,3.5038645940648783,0.1600878032294402,3.256805023608465,0.36884950465379474,2.9111200998800664,0.06543470773348128,2.537714535651745,0.5336504388056664,95,0.5689144736842106,0.8528476438276958
120,2,0.7499999999999999,0.09817627457812106,0.8219,0.012399999999999967,8,0.125,5.1415239476475385,0.10684357940693866,5.0167591866434655,0.27080869503601596,2.6381558967372336,0.12053450433011725,2.5908088480822644,0.2808441719206049,3.044165316933148,0.06842523185976677,3.229805216101865,-0.04985957084129125,95,0.6658305921052632,0.8665472735132465
120,2,0.7499999999999999,0.09817627457812106,0.8219,0.012399999999999967,9,0.125,6.125960307596115,0.12730068618427223,5.505449330051587,0.4468679949867548,3.25121289054511,0.14854441874273175,2.821658622624888,0.509387977281237,2.3498977462885717,0.05281983118398101,2.2031582583479286,0.3511401187045345,95,0.6446134868421053,0.876124258467819
120,2,0.7499999999999999,0.09817627457812106,0.8219,0.012399999999999967,11,0.125,5.06599523311697,0.1052740528831649,4.903622377883828,0.2905274275314023,2.7818586751350893,0.12710012965440848,2.7122180424723195,0.28515269564351603,2.8711846651988613,0.0645370589223993,2.9641628161846616,0.06263319848820136,95,0.7937911184210527,0.9546749546749547
120,2,0.7499999999999999,0.09817627457812106,0.8219,0.012399999999999967,7,0.125,6.04618103310214,0.12564283078260188,5.580357683316713,0.3854049493265075,3.1826408990606807,0.1454114382336091,2.924659887189876,0.39454092139520225,2.638462619704385,0.05930604869005046,2.5036567674933146,0.31780198532918924,95,0.7286595394736842,0.9221262908413747
120,2,0.7499999999999999,0.09817627457812106,0.8219,0.012399999999999967,17,0.125,5.889712971251094,0.12239134193197015,5.335430885947364,0.42658060292676286,3.4125385560718273,0.15591521481814122,2.9867548963738426,0.49849330475818704,3.0200674442127715,0.06788357187860646,2.647286788848318,0.5281753744197445,95,0.6381990131578947,0.8719154693640874
120,2,0.7499999999999999,0.09817627457812106,0.8219,0.012399999999999967,13,0.125,6.262314028613754,0.13013418842355393,5.6554917889044365,0.43766408851635297,3.4854762450403944,0.15924765934792942,3.113242188075369,0.4582068720076578,2.0682805674026152,0.046489780495282435,1.8134734526456433,0.481672933535908,95,0.629235197368421,0.865647258707443
121,2,0.7795964517353733,0.0974280594192065,0.8271,0.005199999999999982,18,0.125,5.507193146657956,0.11442571424120845,5.065594133874636,0.39339598684799865,3.031880857629796,0.13910889080397143,2.728398145051656,0.43848638670310675,2.554532381922786,0.05730791008790206,2.2951192699432084,0.4422615759595471,95,0.758141447368421,0.9497776331489316
121,2,0.7795964517353733,0.0974280594192065,0.8271,0.005199999999999982,13,0.125,5.024959755363759,0.10440610919734239,4.776636782371328,0.3204513942192787,2.6584269948919776,0.12197406425523641,2.4431139081229416,0.3974522914115264,2.0280554884408883,0.04549702419405843,1.804824746775676,0.4572945933484508,95,0.6725740131578948,0.8808461209268204
121,2,0.7795964517353733,0.0974280594192065,0.8271,0.005199999999999982,14,0.125,5.372900269230185,0.11163544376985138,4.9853148258849265,0.3729227846043595,3.0158341004810465,0.13837263278698975,2.765782941505219,0.3987057366708258,3.636805669440325,0.08158743016386562,3.334641665148756,0.427952827674984,95,0.6896381578947368,0.9033508227999046
121,2,0.7795964517353733,0.0974280594192065,0.8271,0.005199999999999982,10,0.125,6.520686493620398,0.13548357384710707,5.9610581940734,0.4206578655241651,3.867213565218935,0.1774356628183063,3.505358488562981,0.44363660210556555,3.2834551639809337,0.07366042984878658,3.1820480575470302,0.25183022334218663,95,0.7095805921052631,0.9164397056267022
121,2,0.7795964517353733,0.0974280594192065,0.8271,0.005199999999999982,5,0.125,5.407780367424343,0.11236016506478036,4.9972033247649,0.38236180752217275,3.136968702092491,0.14393053590371127,2.8401553204704686,0.42727040703016855,2.247377588025993,0.050417255878047705,1.9712664753589948,0.48184402364050466,95,0.6861430921052631,0.8883562054293762
121,2,0.7795964517353733,0.0974280594192065,0.8271,0.005199999999999982,15,0.125,5.17710122846075,0.10756722889320731,4.982519471248889,0.2890601184381833,2.7324296420595466,0.12536945696604562,2.6700521956346157,0.2696656137183678,3.220205616008194,0.07224150111099782,3.298287409190222,0.07493092979099943,95,0.6170230263157894,0.8308010129281621
121,2,0.7795964517353733,0.0974280594192065,0.8271,0.005199999999999982,9,0.125,5.667082863455068,0.11774782308270364,5.299496453045055,0.3542874980788928,3.0232908917472807,0.13871476561169893,2.8582579411620403,0.33173737844211454,2.6846273015321453,0.06022643561086071,2.410593457900468,0.4467134848204605,95,0.6423108552631579,0.8932206644901095
121,2,0.7795964517353733,0.0974280594192065,0.8271,0.005199999999999982,7,0.125,5.379905565215904,0.11178099631818054,5.003900817617378,0.3673329623942121,2.789381763307244,0.12798253669698664,2.5458271874580483,0.40905105147683796,2.720723434725785,0.061036209630646286,2.533640328388682,0.3644138529571239,95,0.7301809210526315,0.9293276269850208
122,2,0.8078307376628293,0.09667738477083535,0.8212,-0.005899999999999905,16,0.125,6.911314185280493,0.14367019181919075,6.318368940808725,0.41913273467618467,3.415743256244421,0.15682786628828282,3.0847245033508424,0.4345112463471278,2.428293329395514,0.05428581379066263,2.3833451084139483,0.28431529433749686,95,0.6097450657894737,0.8337716636320723
122,2,0.8078307376628293,0.09667738477083535,0.8212,-0.005899999999999905,4,0.125,5.916233643727249,0.12298477534876347,5.422250846936288,0.40174199422217227,3.1700846772604314,0.14554888309566727,2.9189565932683483,0.39013707079429816,3.1122849773982995,0.06957681788327398,2.6397910642635036,0.5565449806046502,95,0.6446957236842106,0.8611518591746923
122,2,0.8078307376628293,0.09667738477083535,0.8212,-0.005899999999999905,7,0.125,5.124614958502304,0.10652885896224665,4.975788637298558,0.27847274438101793,2.74528408518212,0.12604490827793186,2.566111584338703,0.36692246191609196,2.750179437212522,0.061481752229905914,2.5796591363182824,0.3559077478317593,95,0.7403371710526315,0.9259650097195223
122,2,0.8078307376628293,0.09667738477083535,0.8212,-0.005899999999999905,1,0.125,6.062948047568508,0.12603462751543304,5.561210802116934,0.40086061687426283,3.3319960695366144,0.15298276095871177,3.091079837022933,0.373360804234082,3.397177704312821,0.07594574923780921,2.90977572328121,0.5535360083531277,95,0.6744654605263158,0.9000182893373163
122,2,0.8078307376628293,0.09667738477083535,0.8212,-0.005899999999999905,6,0.125,6.312393699416867,0.1312200240534523,5.747037306933147,0.4212073373404584,3.5713572220557293,0.16397260885001677,3.1999064176531116,0.45601235414521574,2.9413802337198223,0.06575614968847222,2.5919982724357706,0.4778065942349856,95,0.5918174342105263,0.8638226915861877
122,2,0.8078307376628293,0.09667738477083535,0.8212,-0.005899999999999905,2,0.125,6.038873532131498,0.1255341741778962,5.552046353737584,0.39518590812711435,3.2782007839192926,0.15051284468373702,2.995539421107466,0.4068717147928778,2.9909540968770396,0.06686440027404147,2.3629337260917795,0.6688600857927329,95,0.5680098684210526,0.763356015636311
122,2,0.8078307376628293,0.09667738477083535,0.8212,-0.005899999999999905,17,0.125,5.271415928128029,0.1095805106307947,4.971710178759081,0.3396009448093498,3.0546172363764237,0.14024739787821053,2.7607021219989973,0.4283100976949316,2.2116465716863685,0.049442558074815006,2.3160770596096674,0.18241353345860603,95,0.6439967105263158,0.8821351040735538
122,2,0.8078307376628293,0.09667738477083535,0.8212,-0.005899999999999905,5,0.125,4.931131117086142,0.1025067786653652,4.836780811699679,0.2620636607442583,2.7627206806207223,0.1268454790037816,2.6726976925159547,0.29810921426850606,2.3375941612751197,0.05225818471803432,2.381418861700496,0.2199761487040815,95,0.7037006578947368,0.9023606404113591
123,2,0.8345653031794288,0.09592433295294221,0.8147,-0.006500000000000061,15,0.125,5.553864544630643,0.1154808419421082,5.222859607881132,0.34094254794599954,2.656953442322174,0.12312329042895516,2.4577456397009696,0.38498614461450326,2.828985931132705,0.0639841540213376,2.944680899419512,0.14219655206228624,95,0.6100328947368421,0.8238069560528445
123,2,0.8345653031794288,0.09592433295294221,0.8147,-0.006500000000000061,7,0.125,5.003030641149842,0.10402741839656669,4.695469075586174,0.3497037750626296,2.5641604760975945,0.11882326200231937,2.2986612112780294,0.44357679023240265,3.5349068538318242,0.07995021187542539,2.7073916766117767,0.7421377953924089,95,0.7543996710526316,0.9326865427590342
123,2,0.8345653031794288,0.09592433295294221,0.8147,-0.006500000000000061,19,0.125,5.261324127634177,0.10939808400205224,4.970982225981667,0.33197293154820157,2.928146453708596,0.1356903815082969,2.746476976873509,0.3510569981572795,2.3821321430879916,0.05387750722446815,2.512145158694258,0.17393165066972038,95,0.6890625,0.883876357560568
123,2,0.8345653031794288,0.09592433295294221,0.8147,-0.006500000000000061,10,0.125,5.761339923080128,0.11979485269859444,5.3518293173020846,0.3707423545095935,3.263156119570292,0.1512147379871769,3.0068848424718357,0.3892683583227194,2.2941663403815,0.05188795421642997,2.3194897759078366,0.26681619603029394,95,0.7351151315789474,0.9177201029197897
123,2,0.8345653031794288,0.09592433295294221,0.8147,-0.006500000000000061,16,0.125,5.923702768040692,0.12317084393595523,5.474844195209347,0.3840990213825244,3.0657557380818776,0.1420671992634489,2.7278002368071936,0.4625183078900075,3.5472334993963277,0.08022900788486678,2.769901567633342,0.7121789057185838,95,0.6367598684210526,0.8439881183004003
123,2,0.8345653031794288,0.09592433295294221,0.8147,-0.006500000000000061,0,0.125,5.780067900778537,0.12018426130139806,5.288405062180603,0.4075256204352292,3.326992405107881,0.15417291309064465,2.990361741756822,0.44752767342884753,4.2988933444092385,0.09722955877686228,3.763309483121554,0.535175636044365,95,0.8366365131578948,0.9674644910797661
123,2,0.8345653031794288,0.09592433295294221,0.8147,-0.006500000000000061,12,0.125,5.83730459132232,0.12137437696966118,5.354173837939544,0.4020518275485006,2.8649216182853863,0.1327605410187582,2.6422617089680016,0.3874872153420693,2.542840754116931,0.05751230950731787,2.4640722083653017,0.31726970262848964,95,0.6428453947368421,0.8477676858129717
123,2,0.8345653031794288,0.09592433295294221,0.8147,-0.006500000000000061,5,0.125,5.105266847099617,0.10615320361245945,4.812736113368387,0.3387638805619849,2.7296420864962023,0.1264916840579018,2.5317542254745877,0.37816790486968127,2.2864623966833455,0.05171371145518829,2.1906839753923006,0.35857760060840266,95,0.6906661184210526,0.8968268143120796
124,2,0.8596699001693258,0.09516898654614492,0.8287,0.014000000000000012,13,0.125,5.890620746139475,0.12255210669352579,5.384537765989737,0.4082948456603715,3.2394433844979402,0.15089365448224523,2.9354350768149686,0.42460438009861257,3.2774657520442165,0.07524305387549843,3.1331167412442964,0.29745394472382913,95,0.6175986842105263,0.8467376830892144
124,2,0.8596699001693258,0.09516898654614492,0.8287,0.014000000000000012,9,0.125,5.668558622239343,0.11793218932426801,5.215695598483393,0.3920355849980724,3.117388405419928,0.14520831917773902,2.93212315223449,0.3444834301731658,2.268624245107612,0.05208237986664738,2.075784957807855,0.4126943777151497,95,0.6260279605263158,0.8757963875205255
124,2,0.8596699001693258,0.09516898654614492,0.8287,0.014000000000000012,4,0.125,5.843813641493858,0.12157830282297376,5.393002068852788,0.38577861311170003,3.086224362493795,0.14375669438686633,2.7666853006709102,0.4447824787455411,2.792779375683987,0.06411577265022665,2.493161172067714,0.4530977555699468,95,0.6395148026315789,0.8505754516813476
124,2,0.8596699001693258,0.09516898654614492,0.8287,0.014000000000000012,17,0.125,5.52774356459126,0.1150025860256254,5.083546637251678,0.39284683481050503,3.328007690669507,0.15501899029730018,2.919746723050668,0.4939902051341412,2.2425878226478146,0.05148464366249456,1.9138377798534214,0.5214982616048044,95,0.632483552631579,0.8967624496164348
124,2,0.8596699001693258,0.09516898654614492,0.8287,0.014000000000000012,6,0.125,6.150779644344174,0.12796461284934094,5.581220991553696,0.42835525097959243,3.24768804539072,0.15127769175791791,2.8811510024523463,0.4688544662682473,2.7123135857746212,0.062268463716026914,2.4116774045813605,0.45949471501234845,95,0.5891447368421052,0.8590173087660525
124,2,0.8596699001693258,0.09516898654614492,0.8287,0.014000000000000012,8,0.125,5.611669392745174,0.11674863071081441,5.295411229698785,0.3339739591630907,3.022520706285929,0.1407893705759039,2.909886316521105,0.29559782728147543,2.9240044471031266,0.06712839760670347,2.7841866610408283,0.3142083423199095,95,0.6272203947368421,0.8418119837419693
124,2,0.8596699001693258,0.09516898654614492,0.8287,0.014000000000000012,5,0.125,4.946783476477047,0.10291593407983277,4.7785060551620395,0.29263688739081056,2.6977542296101285,0.12566170983225752,2.5434742054564805,0.3519360198153498,2.543633779638356,0.058395964443409526,2.526839016763739,0.23752322673011642,95,0.6768503289473684,0.9026790595954073
124,2,0.8596699001693258,0.09516898654614492,0.8287,0.014000000000000012,19,0.125,5.321157401524094,0.11070464008941727,4.936373149080499,0.37420413092820515,2.9457257204403207,0.13721225108815213,2.690268721254727,0.40773262764332535,3.457179214753119,0.07936886045282858,2.9691861317649484,0.5641317449225671,95,0.6848684210526316,0.8923511047070125
125,2,0.8830222215594892,0.09441142838268907,0.8223,-0.006399999999999961,3,0.125,5.6959175835269225,0.11850809592865265,5.240998786847148,0.3934563711299671,2.9975639300596995,0.13853440065620634,2.714432656671048,0.42527048343336504,3.050638899680023,0.07041693605025019,2.567701254615328,0.5991927402268882,95,0.6907072368421052,0.8442671746636504
125,2,0.8830222215594892,0.09441142838268907,0.8223,-0.006399999999999961,10,0.125,5.415116892463962,0.11266581419874108,5.044349960981262,0.3637986022576643,2.941584323759451,0.13594726610671207,2.7079185365906104,0.390791281815373,2.613631799711896,0.060329638922035966,2.7181899610937257,0.09509249274611824,95,0.7347861842105263,0.919418019026301
125,2,0.8830222215594892,0.09441142838268907,0.8223,-0.006399999999999961,11,0.125,5.607956033186693,0.11667798590811786,5.233564394663102,0.35925949558145187,3.40480968110617,0.15735553253441312,3.0293825213815064,0.473218825641249,2.620159595103183,0.060480317965257234,2.4749685403751376,0.33392904192841855,95,0.7910361842105263,0.9565443393284125
125,2,0.8830222215594892,0.09441142838268907,0.8223,-0.006399999999999961,17,0.125,4.817561551875502,0.10023320003488112,4.650983854985378,0.29094784783873745,2.7143527075871856,0.1254456065955039,2.5148781551518367,0.3804989997606402,1.8362180722392294,0.04238484291954241,1.7111133701526253,0.39865988014316245,95,0.6547286184210527,0.8873955912830497
125,2,0.8830222215594892,0.09441142838268907,0.8223,-0.006399999999999961,6,0.125,5.409438299694168,0.11254766655934252,5.082830514438128,0.34357754564653703,2.8949722989467515,0.1337930605346324,2.6434522630577115,0.40770014735670757,1.9527328970054738,0.0450743178899597,1.999256869479724,0.2196665101443687,95,0.6199013157894737,0.8733085699124437
125,2,0.8830222215594892,0.09441142838268907,0.8223,-0.006399999999999961,1,0.125,5.716695202956529,0.11894039082766139,5.262982627044104,0.3922946370038102,3.0956498067833653,0.1430675043570108,2.8495133840534375,0.3908407895074219,3.739685488612835,0.08632198125032749,3.2582119131211145,0.5734931574384287,95,0.6763980263157895,0.9060182370820669
125,2,0.8830222215594892,0.09441142838268907,0.8223,-0.006399999999999961,15,0.125,5.475311358409844,0.11391820794216873,5.110570332709113,0.35903574509313724,2.7682337096623346,0.12793575276199048,2.605299453595288,0.3475826138909788,2.4537893055244613,0.05664004501680855,2.1934956923138063,0.44903863938770044,95,0.6053453947368421,0.8323597337318299
125,2,0.8830222215594892,0.09441142838268907,0.8223,-0.006399999999999961,12,0.125,6.0896233126206125,0.1266994567808588,5.5738452857459215,0.41022071772227886,3.0844385943598343,0.14254937075587276,2.8949976113477898,0.3470943274427792,2.436057305629873,0.056230742853005666,2.256398110419315,0.3796366519438791,95,0.6451480263157895,0.8372211599745061
126,2,0.9045084971874735,0.0936517415373641,0.8376,0.01529999999999998,17,0.125,4.962131964221562,0.10329778218166868,4.649874466400737,0.3516147271280975,2.7027552417692022,0.1260376033507888,2.4858014421306884,0.39396671687887513,1.69980733887811,0.03899339335729802,1.7537684723208093,0.18051900290614528,95,0.6495888157894737,0.8855551335612103
126,2,0.9045084971874735,0.0936517415373641,0.8376,0.01529999999999998,13,0.125,5.696001649709053,0.11857490731010302,5.269900175971609,0.3814821362578417,2.7677351039138096,0.12906780969881534,2.5778768483226955,0.36739003081188676,1.9045152798428264,0.04368937100301644,1.831097544323357,0.3056831234316317,95,0.6476151315789473,0.8756190476190476
126,2,0.9045084971874735,0.0936517415373641,0.8376,0.01529999999999998,4,0.125,5.680686311910433,0.11825608458644966,5.247944854013797,0.38506719215716345,3.128570383115163,0.14589464369847163,2.8884815414641016,0.38448399689242363,2.7146810243903707,0.06227448405624109,2.395177186415978,0.513549949111808,95,0.6336348684210527,0.8524983776768332
126,2,0.9045084971874735,0.0936517415373641,0.8376,0.01529999999999998,9,0.125,5.491374431811571,0.1143151379337094,5.046155838528378,0.3965800715009442,2.877980161767338,0.13420886822249883,2.55910155786762,0.46145888296674786,2.0790391635109216,0.04769292969491202,1.8052655440875347,0.506912511082385,95,0.6240131578947369,0.8720347917764892
126,2,0.9045084971874735,0.0936517415373641,0.8376,0.01529999999999998,1,0.125,5.4448587049191035,0.11334680991276894,5.129986037306855,0.335889997082311,3.122528657752482,0.1456128998790359,2.8838273122208746,0.3837163544141059,2.7572574004116053,0.06325118143832203,2.791437812018872,0.11057229730205911,95,0.6795641447368421,0.9054274823016881
126,2,0.9045084971874735,0.0936517415373641,0.8376,0.01529999999999998,12,0.125,5.39803740883444,0.11237212079138122,5.0634271364649805,0.34690933965144566,2.8221497022258837,0.13160532602754524,2.5723471443459367,0.4113387787997274,2.1297307733983835,0.04885578964912372,1.8960032741461446,0.4604668906042457,95,0.6714638157894737,0.8517452541334967
126,2,0.9045084971874735,0.0936517415373641,0.8376,0.01529999999999998,18,0.125,5.62036563219565,0.1170003758549699,5.251215816068346,0.3565594076571536,3.079067375112736,0.1435861695936553,2.830030859064274,0.3944555103557552,2.942780985483468,0.06750707207033797,2.725830884864951,0.39192398642581044,95,0.7421052631578947,0.948082890070922
126,2,0.9045084971874735,0.0936517415373641,0.8376,0.01529999999999998,6,0.125,5.181697612619104,0.10786852812036604,4.931525858495434,0.3134085489281638,2.788221420642215,0.1300231482444704,2.5838549605450645,0.37757312500556334,2.4889707588532803,0.05709671539530753,2.3156768815525193,0.3679954842495009,95,0.6208881578947368,0.8767549668874172
127,2,0.9240240480782128,0.09289000931839356,0.8263,-0.011299999999999977,8,0.125,5.782991236466177,0.12042943583598502,5.292309658410171,0.40967746107173214,3.104224404870292,0.14314022189875014,2.6589590654826463,0.5373866377959853,2.792058947471418,0.06434988925549232,2.023917832208823,0.7105283382797309,95,0.6301809210526316,0.8530601592065771
127,2,0.9240240480782128,0.09289000931839356,0.8263,-0.011299999999999977,7,0.125,5.394074263853958,0.11233033111948719,4.908172149439026,0.41880896308110094,2.7444011841223626,0.1265482591587582,2.45575052678907,0.4464994222586491,2.7952070562541307,0.06442244519193314,1.8432376288843562,0.7952761422891819,95,0.7407483552631579,0.9271162919789064
127,2,0.9240240480782128,0.09289000931839356,0.8263,-0.011299999999999977,14,0.125,5.162058250070852,0.10749865206235484,4.752791829676663,0.39046041784731766,3.063219131384551,0.14124941015957335,2.731826413217876,0.4569479551275386,3.6113522594539726,0.08323252564882104,2.582167823858931,0.7966005252796987,95,0.6767269736842105,0.8915421071819176
127,2,0.9240240480782128,0.09289000931839356,0.8263,-0.011299999999999977,13,0.125,5.06584928755991,0.10549512298824919,4.781043681708194,0.3343285463005418,3.0814517619284985,0.1420901428004752,2.8004745813894036,0.41812180144801636,1.9913444395926265,0.045895447255286756,2.150510494419511,0.265554937805621,95,0.6797286184210526,0.8914766196842296
127,2,0.9240240480782128,0.09289000931839356,0.8263,-0.011299999999999977,12,0.125,4.940457793339935,0.10288387453739205,4.6514880049329665,0.3411156459524779,2.504511890395081,0.1154866211272473,2.3529877586351455,0.3622842984898198,2.4070610819596947,0.05547666326872831,1.8271179228842476,0.6516790692531966,95,0.671546052631579,0.8627847171197649
127,2,0.9240240480782128,0.09289000931839356,0.8263,-0.011299999999999977,18,0.125,5.320038494578658,0.11078855359278358,4.935986173300766,0.37312206341508125,2.7690748740677886,0.12768599825014224,2.5642029349845936,0.3812092038992645,3.3494621183754867,0.07719662100190515,2.4647862033007404,0.7362411532337246,95,0.7411595394736842,0.9475728155339805
127,2,0.9240240480782128,0.09289000931839356,0.8263,-0.011299999999999977,19,0.125,5.7265423308824275,0.11925390061985976,5.338635614050092,0.36248658135597744,3.156850711814857,0.14556689609212942,2.9539177178616858,0.35379884464537076,2.92351376836064,0.06737959003383112,3.262277093299354,0.01687704959147129,95,0.6659950657894737,0.8941161943569796
127,2,0.9240240480782128,0.09289000931839356,0.8263,-0.011299999999999977,9,0.125,4.818180062457517,0.10033746947756482,4.604715388029012,0.30924138219729147,2.7507423793528702,0.12684066072965433,2.589075049515736,0.34908553023873234,2.0028427535950533,0.046160454279350886,2.323499732887809,0.1426841453400207,95,0.6532072368421052,0.8935540727684754
128,2,0.9414737964294633,0.09212631525829919,0.8329,0.006599999999999939,9,0.125,4.797957308041587,0.09999649716530333,4.592864623013024,0.30347574169208,2.767208549818423,0.12852864777027354,2.534766463038417,0.40358670522228457,2.4139745720369934,0.05654089192631693,1.8283332211616943,0.6866337638382005,95,0.6583470394736842,0.8958216226344389
128,2,0.9414737964294633,0.09212631525829919,0.8329,0.006599999999999939,12,0.125,4.941768305764919,0.10299373017570926,4.669887718932745,0.33130495646262664,2.864128405414064,0.13303028823485483,2.498372450445008,0.4926638925602397,1.994749093298687,0.04672165739059465,1.9063009047875787,0.36249919653741847,95,0.6826891447368421,0.8588809251340119
128,2,0.9414737964294633,0.09212631525829919,0.8329,0.006599999999999939,16,0.125,6.3037846314067645,0.13138015650298604,5.793643154832746,0.4085227619850495,3.245137923563356,0.15072705278068038,2.821966913144302,0.5102048862214644,2.1730875911248284,0.0508987592742242,1.9503891908089126,0.4479658714150543,95,0.6289473684210526,0.8264905857740585
128,2,0.9414737964294633,0.09212631525829919,0.8329,0.006599999999999939,15,0.125,5.8241193962486175,0.12138322650792438,5.322514008666558,0.41590668258940444,3.0509973862046897,0.14170979936631772,2.746312408742036,0.43668871815654625,2.9358219696029813,0.06876377018261536,2.4198709945002994,0.6060610915853489,95,0.5925575657894737,0.8131288598986885
128,2,0.9414737964294633,0.09212631525829919,0.8329,0.006599999999999939,8,0.125,5.25629930807788,0.1095490195336352,4.927944920481371,0.3481329237097914,2.6055728728822567,0.12102114892657365,2.466394038715697,0.34706071186958826,2.152201672273441,0.05040956253858434,1.9222224139964572,0.45611644797152356,95,0.6339226973684211,0.8522410326263216
128,2,0.9414737964294633,0.09212631525829919,0.8329,0.006599999999999939,19,0.125,5.272761804834925,0.10989212221350703,4.915125228227767,0.3620209605186834,3.0223019593918377,0.1403769817130589,2.723431447092667,0.4342742236081117,3.0299728990058767,0.07096900365350454,2.511806035088053,0.6028387046731664,95,0.6838404605263158,0.8976609945282905
128,2,0.9414737964294633,0.09212631525829919,0.8329,0.006599999999999939,17,0.125,5.222072826196035,0.1088356892393577,4.878434208160753,0.35681994963274993,2.8529506064331778,0.13251111255214182,2.5113324552653373,0.47636674270451035,2.301722703490655,0.05391169241380922,2.2759066029088113,0.2711053239229828,95,0.6531661184210527,0.8817752596789424
128,2,0.9414737964294633,0.09212631525829919,0.8329,0.006599999999999939,18,0.125,4.948237639637638,0.10312856062223709,4.7398944189844805,0.29918531068751614,2.604789013185664,0.1209847409634473,2.5085826576360537,0.31400741419222367,2.3105632616627263,0.05411875882203307,2.30048570111271,0.2565131140227344,95,0.7617598684210526,0.9542804706898413
129,2,0.9567727288213004,0.09136074310474071,0.8316,-0.0012999999999999678,4,0.125,5.640231428317495,0.11763074187071976,5.184795550658235,0.39717920319055416,3.3106861024323186,0.1558390601222519,2.8910323684676325,0.5062266291256832,2.6750571478576166,0.06379032319953086,2.2966693825820763,0.5333179715257861,95,0.6383634868421053,0.8566183574879227
129,2,0.9567727288213004,0.09136074310474071,0.8316,-0.0012999999999999678,17,0.125,4.898453355054488,0.10216047151562735,4.626412314945767,0.33445117551104364,2.7120877579746834,0.12766212020563505,2.47592320342796,0.410127334202565,1.7404823401862133,0.041504134254654004,1.8744896217823543,0.16249213254215714,95,0.6686266447368421,0.8981612446958982
129,2,0.9567727288213004,0.09136074310474071,0.8316,-0.0012999999999999678,18,0.125,4.890768207364861,0.10200019269806355,4.697588265517574,0.2960999693422315,2.6419463815888227,0.12436045830430802,2.505779423701301,0.3398068210893833,2.940245558314302,0.07011409629176171,2.768906394079635,0.3367140330879143,95,0.7577713815789474,0.9562645829941939
129,2,0.9567727288213004,0.09136074310474071,0.8316,-0.0012999999999999678,8,0.125,5.107600779574857,0.106522378827296,4.862481056024143,0.31333512890604964,2.689522137037756,0.12659992190320396,2.494022597882677,0.38133467017865247,2.9200318886731886,0.06963207424580735,2.545383042019637,0.5161241887712114,95,0.6488486842105263,0.8687579214195184
129,2,0.9567727288213004,0.09136074310474071,0.8316,-0.0012999999999999678,2,0.125,5.852087056251251,0.1220491305485703,5.359200815642334,0.40899894303557194,2.884850725188853,0.13579433739614655,2.5576444138499546,0.46438053844259414,2.5489910414841996,0.06078410792053871,2.1254699384579525,0.5783773632292266,95,0.5655838815789473,0.7721555797891676
129,2,0.9567727288213004,0.09136074310474071,0.8316,-0.0012999999999999678,10,0.125,5.627429955096716,0.1173637587138872,5.188863805375207,0.3895568877225129,2.931022858126374,0.1379677303359171,2.6938490743084555,0.39468999099831914,2.882263958632086,0.06873144733178845,2.6243244374671715,0.4176633846531313,95,0.7266036184210526,0.9189066832663686
129,2,0.9567727288213004,0.09136074310474071,0.8316,-0.0012999999999999678,1,0.125,5.868254630914251,0.12238631596835835,5.423692967535506,0.3856865538379884,3.232652337638669,0.1521658914233804,2.9963394376967236,0.3753222279830546,3.038053271094315,0.07244645229942334,3.0364645555402636,0.17172574640018473,95,0.66875,0.8962124938514511
129,2,0.9567727288213004,0.09136074310474071,0.8316,-0.0012999999999999678,7,0.125,5.129854393610452,0.10698649260730317,4.818720959859265,0.34465609844526574,2.887097241068431,0.13590008433572076,2.5538169293872333,0.468630281441956,2.0878679948430166,0.04978801080779058,1.907042365675381,0.4149348660620968,95,0.7289473684210527,0.9236236462093863
130,2,0.9698463103929543,0.09059337681133195,0.8135,-0.018100000000000005,7,0.125,4.9275402455817705,0.10283159900069924,4.754696893505636,0.29364606966564044,2.560623284589956,0.11936179579702487,2.41017944766928,0.35584213896961486,2.253871360051829,0.05419415183589928,2.3008189717999303,0.15379628806379947,95,0.7631990131578947,0.9302300522601153
130,2,0.9698463103929543,0.09059337681133195,0.8135,-0.018100000000000005,11,0.125,5.5520050236239324,0.11586339751381533,5.092218051808605,0.3990501210507697,2.964270528697085,0.13817755062324183,2.684933721909744,0.4242518990748766,2.3182388670362917,0.055741863257519224,2.2229663877545853,0.30033830343213813,95,0.7981496710526316,0.9565194992530008
130,2,0.9698463103929543,0.09059337681133195,0.8135,-0.018100000000000005,16,0.125,6.932831884860335,0.1446795262529712,6.194014566578109,0.4849458506289176,3.313820610426973,0.15447160126605536,3.0309566099141456,0.40678451876574845,2.564599900405074,0.061665594081504585,2.28312208338493,0.4679927885386356,95,0.6142269736842105,0.8385326014191994
130,2,0.9698463103929543,0.09059337681133195,0.8135,-0.018100000000000005,15,0.125,5.502591465936403,0.11483219839699878,5.169399817261784,0.3445937147340549,3.078121925926629,0.1434846597591704,2.872660955659452,0.3603850120007691,2.690217415013032,0.06468605690852033,2.3652334050264474,0.5021084950820841,95,0.5983552631578948,0.8203683342495877
130,2,0.9698463103929543,0.09059337681133195,0.8135,-0.018100000000000005,2,0.125,5.100697741649276,0.10644517926836818,4.954744546047647,0.27404463056228345,2.828773512682792,0.13186144498836155,2.7401102881426485,0.28463258782454653,2.472212834033493,0.059444154654500356,2.776527788991193,-0.16241623230780866,95,0.6039884868421053,0.8010756348287834
130,2,0.9698463103929543,0.09059337681133195,0.8135,-0.018100000000000005,1,0.125,5.182372300234552,0.10814962510511825,4.9324281393663885,0.318561791933871,3.0829579539740353,0.14371008807411897,2.9559425921941314,0.2981526147739618,3.394484468874753,0.08162010040651567,3.106379686587626,0.43457539913396254,95,0.6931332236842105,0.9054398766091238
130,2,0.9698463103929543,0.09059337681133195,0.8135,-0.018100000000000005,3,0.125,5.5824060350516795,0.11649782858095006,5.066400320808606,0.42255967810030975,3.059899056855179,0.14263521252105757,2.6933890205451507,0.4833506378727498,2.3746488356302917,0.05709823632176156,2.0374286527389467,0.5335118556428055,95,0.6842516447368421,0.8579412294934199
130,2,0.9698463103929543,0.09059337681133195,0.8135,-0.018100000000000005,6,0.125,6.071483276891312,0.12670425862651194,5.572967162306033,0.4007100183701996,3.3853456421719494,0.1578056942913348,2.947292537833953,0.5188993070891036,2.425390408298608,0.058318313271280016,2.008454932879289,0.6027963801709073,95,0.5902549342105263,0.8727272727272727
131,2,0.9806308479691594,0.08982430052843446,0.8373,0.023800000000000043,5,0.125,5.20634444878206,0.10868246740307295,4.8334624488691444,0.37163914604710596,2.7497071419986483,0.12865275225160094,2.445451845226225,0.4572954439903718,2.182544181205105,0.05229892794080494,1.8717578250487688,0.5147394797335358,95,0.6782483552631579,0.8929372537132464
131,2,0.9806308479691594,0.08982430052843446,0.8373,0.023800000000000043,11,0.125,4.852147901031721,0.10128861262956436,4.557343436535199,0.34685193262412195,2.607909143674082,0.12201833563697795,2.411629507974005,0.38977767613944525,2.39016283532965,0.0572739626387193,2.054619371355761,0.5149463961886244,95,0.8061677631578947,0.9573089870447822
131,2,0.9806308479691594,0.08982430052843446,0.8373,0.023800000000000043,9,0.125,5.117046241307945,0.10681836685835608,4.690070543809945,0.40065168383357724,2.6571942682075567,0.12432427826608485,2.4460151901702005,0.3966272815776496,2.3639634605214184,0.05664616356505597,1.9816960578026133,0.5539780913441142,95,0.6558799342105263,0.8927966898627046
131,2,0.9806308479691594,0.08982430052843446,0.8373,0.023800000000000043,3,0.125,4.843783370143748,0.10111400300384381,4.621049867123389,0.31174234360127934,2.5804146795062914,0.12073193010206042,2.296159789065865,0.4568036704131279,2.3569268883837147,0.056477550630505045,2.2466885725892216,0.3285128944849189,95,0.7090049342105263,0.86023313808502
131,2,0.9806308479691594,0.08982430052843446,0.8373,0.023800000000000043,2,0.125,5.11923305169276,0.10686401653649442,4.761874580350588,0.3671765173133637,2.813952274015008,0.13165864074293473,2.4879930792944576,0.4680735576610291,1.9736045236727415,0.04729223887244072,1.7618480400882806,0.45897026418960213,95,0.5955592105263158,0.7968102734051367
131,2,0.9806308479691594,0.08982430052843446,0.8373,0.023800000000000043,17,0.125,5.401509901102691,0.11275654723369287,4.896787356508432,0.4281441962586952,3.1140424723826743,0.1456992014099398,2.6601432046860327,0.5389585160404167,2.6811093775196024,0.0642457308969073,2.3302839449997212,0.505221258689157,95,0.6279605263157895,0.8814824515453117
131,2,0.9806308479691594,0.08982430052843446,0.8373,0.023800000000000043,8,0.125,5.142576156184621,0.1073513039639747,4.824695166390858,0.3471886435783899,2.7457808512659874,0.1284690497397292,2.4353253875928513,0.4620531352132603,1.9451856885286871,0.04661125627233598,1.7632490750069496,0.43793325806259503,95,0.6468338815789474,0.8679041383255991
131,2,0.9806308479691594,0.08982430052843446,0.8373,0.023800000000000043,4,0.125,5.62492214709154,0.11742027902881268,5.168471138767876,0.39861760445291716,3.1223535233378454,0.1460880572132196,2.919031671163302,0.3570622876424728,2.667954196274775,0.06393050159621495,2.443724113797251,0.4012911652749827,95,0.6288240131578947,0.8550317138560125
132,2,0.9890738003669028,0.08905359859392936,0.8422,0.004899999999999904,13,0.125,5.041059174270852,0.10532252278411183,4.673597477552641,0.3757978688765346,2.553821648135677,0.12075228518513716,2.3889566830873683,0.3585266309352196,2.286144785515242,0.054468297666015,2.07061766485791,0.4238679907516852,95,0.6651726973684211,0.8774803733695988
132,2,0.9890738003669028,0.08905359859392936,0.8422,0.004899999999999904,6,0.125,5.357635413557546,0.11193672964471747,4.9101208665846405,0.4080670652187193,3.0794713773245683,0.14560656819775222,2.695715026275823,0.5102224985572485,2.5223219923619804,0.06009531240539725,2.1686190705597346,0.5311284289684967,95,0.6011513157894737,0.8647058823529412
132,2,0.9890738003669028,0.08905359859392936,0.8422,0.004899999999999904,2,0.125,4.873894323507631,0.10182995838552816,4.5816291381317615,0.34159503421032383,2.781819252020847,0.1315326901934384,2.5803972382387568,0.3737376745696401,2.452559644972137,0.05843319707150183,2.0794226740024695,0.5529198668057252,95,0.6122121710526316,0.8137551212304386
132,2,0.9890738003669028,0.08905359859392936,0.8422,0.004899999999999904,11,0.125,4.815937890732326,0.10061907838978881,4.5404954017763695,0.33468972110968703,2.6999439098990807,0.12766138043743583,2.573300711882728,0.313639602505742,2.3511738801043,0.05601764139239231,2.3632339704903087,0.19415919210092766,95,0.8001233552631579,0.9576031656302996
132,2,0.9890738003669028,0.08905359859392936,0.8422,0.004899999999999904,8,0.125,5.055505927448134,0.10562435786242964,4.705650365740214,0.3660087891468912,2.5827855862646567,0.12212178634806622,2.3875325122274282,0.3826865579743574,2.6156981658789618,0.062320036423867554,2.187812804672819,0.5901133302428007,95,0.6523026315789474,0.8753782148260212
132,2,0.9890738003669028,0.08905359859392936,0.8422,0.004899999999999904,5,0.125,4.9972702249441,0.10440764310233817,4.697941189231298,0.34105360632364606,2.6259555261009866,0.12416298953480684,2.3563270342733253,0.4428286943299457,2.074022489198782,0.04941440062040002,2.001071201655119,0.30798187158378204,95,0.6826891447368421,0.8983316268144311
132,2,0.9890738003669028,0.08905359859392936,0.8422,0.004899999999999904,17,0.125,4.658506562111682,0.09732987583882309,4.429470855319058,0.31570904562169255,2.5597507519586764,0.12103263085306967,2.4365954011166506,0.3212231646388993,2.1582039045169767,0.051420055912466074,2.1771970190712353,0.20544177953312215,95,0.6684621710526316,0.910315556375715
132,2,0.9890738003669028,0.08905359859392936,0.8422,0.004899999999999904,4,0.125,4.983670022288133,0.10412349494922532,4.697072541389862,0.3346965335035189,2.7964074920087025,0.13222246558031742,2.5278425110973117,0.43031466951539704,2.3336836909143224,0.05560093076362087,2.0971079608144882,0.43931948418307665,95,0.6617598684210526,0.8820678513731826
133,2,0.9951340343707853,0.08828135552396875,0.8329,-0.009299999999999975,6,0.125,4.846090487078657,0.10139235483939704,4.618945079463221,0.3087261494609173,2.6206239847727177,0.12428051424212479,2.389462795889249,0.41110852056992814,2.3575868252739167,0.05690970439349329,2.0622624203589393,0.48678570194676796,95,0.6259868421052631,0.866657908565423
133,2,0.9951340343707853,0.08828135552396875,0.8329,-0.009299999999999975,5,0.125,4.5519538419008585,0.09523827926473412,4.278441290164696,0.34492293885205894,2.476275788230795,0.11743494303450672,2.1530906796189107,0.49557475889180647,2.544754902440051,0.06142774794091839,1.9263564113639888,0.6792833644173868,95,0.7021792763157895,0.9067751947063302
133,2,0.9951340343707853,0.08828135552396875,0.8329,-0.009299999999999975,2,0.125,4.7107462268304285,0.09856061381079802,4.470384406654341,0.3209608485603732,2.3092457438768443,0.10951370750937499,2.2337200882773582,0.3101030065526184,2.762103645176813,0.0666743214994593,2.241607093894639,0.6027005071886768,95,0.6161595394736842,0.8142809476142809
133,2,0.9951340343707853,0.08828135552396875,0.8329,-0.009299999999999975,18,0.125,5.191929965929242,0.10862818323562434,4.776172318813667,0.39525282524125843,2.761472073628825,0.13096009628623695,2.5037622548740526,0.42204390253377033,2.629718810787934,0.06347868869794951,2.4616976499728396,0.36832810668508076,95,0.7532072368421052,0.9513593187029151
133,2,0.9951340343707853,0.08828135552396875,0.8329,-0.009299999999999975,13,0.125,4.989994546344293,0.10440318830996367,4.661997594010095,0.356580034490753,2.763185948552214,0.13104137511832545,2.507909887933889,0.4199665973262505,2.0315169193027613,0.049038714548495066,1.7166006775240883,0.5404375693395201,95,0.6807976973684211,0.8789635803587607
133,2,0.9951340343707853,0.08828135552396875,0.8329,-0.009299999999999975,0,0.125,5.67615337592101,0.11875935019140786,5.207995087054394,0.4082529352277904,3.226274335186938,0.15300288625648703,2.9701496978625794,0.392860952559919,3.5158782009100817,0.08486965864939992,3.0015396907406537,0.558136794944309,95,0.8294819078947369,0.9734794031626431
133,2,0.9951340343707853,0.08828135552396875,0.8329,-0.009299999999999975,15,0.125,5.484929793831125,0.11475847374458646,5.08500252577003,0.3783519075578686,3.042778838883486,0.14430079287177555,2.6868551501221662,0.4824331228918029,2.7278033213317583,0.06584634720400728,2.7269346827836323,0.23095145282134932,95,0.6074835526315789,0.8177880059564099
133,2,0.9951340343707853,0.08828135552396875,0.8329,-0.009299999999999975,17,0.125,4.658931393314101,0.09747651767189187,4.402062943211885,0.331752523699183,2.524103098558912,0.11970310617310806,2.3489312768488544,0.3733540653745757,2.0945342008592207,0.05055988646318922,1.9570301328947755,0.4057443999894858,95,0.6622944078947368,0.9067486186130254
134,2,0.998782025129912,0.08750765600370768,0.8194,-0.013499999999999956,1,0.125,5.7818993269834476,0.12113542545648537,5.280580876535228,0.4132500463277257,3.181081556030205,0.1520287528261329,2.9471585569478878,0.37663812133451313,3.19901384914477,0.07879753711160624,2.9540015109263105,0.3976724170664681,95,0.6752467105263158,0.9000730727073438
134,2,0.998782025129912,0.08750765600370768,0.8194,-0.013499999999999956,16,0.125,6.1392267339112605,0.12862172105202735,5.517159125182523,0.4591511737326143,3.198803895263476,0.15287573052329018,2.8042273737419188,0.5012135262258846,2.0756885521769672,0.051127989260198736,1.9959769836311285,0.3094887206259964,95,0.6430509868421053,0.8412942003964448
134,2,0.998782025129912,0.08750765600370768,0.8194,-0.013499999999999956,13,0.125,4.963299396659873,0.10398510075684549,4.671662428131601,0.342580721739372,2.567256285721502,0.12269310435107385,2.3158011020901403,0.43198093425062556,2.316046454566501,0.05704844213309594,1.971905240686643,0.5419476867434745,95,0.6664473684210527,0.8745681145113524
134,2,0.998782025129912,0.08750765600370768,0.8194,-0.013499999999999956,6,0.125,5.028632727646451,0.10535388640979068,4.7325705088607615,0.3421370970497051,2.635658493977003,0.12596215050046422,2.400232857699249,0.41381744704762935,2.4187669608639117,0.05957863527660394,2.080656947749256,0.5289767686505031,95,0.6217105263157895,0.8716269841269841
134,2,0.998782025129912,0.08750765600370768,0.8194,-0.013499999999999956,3,0.125,5.532866901500626,0.11591799652745892,4.9784500591572,0.4446786737396808,2.831922807578034,0.13534192222133687,2.5302781360717645,0.45121823135093,2.6663932759753246,0.06567812239199056,2.4274962709223895,0.419081489737448,95,0.6864309210526316,0.8683359290763148
134,2,0.998782025129912,0.08750765600370768,0.8194,-0.013499999999999956,8,0.125,5.023574835290278,0.10524791951070983,4.652140567893233,0.37777404685045274,2.480887573309513,0.11856541148941085,2.241350416546149,0.43012817156063055,1.9992876559238109,0.04924609604505135,1.822032731247583,0.41525025974248425,95,0.645764802631579,0.8669213626233684
134,2,0.998782025129912,0.08750765600370768,0.8194,-0.013499999999999956,17,0.125,4.468279023924731,0.09361402715806247,4.415142958606174,0.24876151210081898,2.376796533033719,0.11359074147395481,2.3157937787292577,0.29494593436981575,1.4379820938702477,0.03542011780844852,1.20209953567148,0.5571278387125693,95,0.6726973684210527,0.9045843520782396
134,2,0.998782025129912,0.08750765600370768,0.8194,-0.013499999999999956,11,0.125,5.033980091068758,0.10546591795973634,4.711644343831682,0.3543531747706814,2.707010184626367,0.12937215692450443,2.434104896494113,0.4377161556663238,2.0209297657969345,0.049779180625587574,2.0910893813329383,0.15638827949900633,95,0.7953947368421053,0.9588502894954508
135,2,1.0,0.0867325848780173,0.8362,0.016800000000000037,11,0.125,4.497704326214317,0.09430077074619117,4.2363990862335426,0.3409051304061959,2.60348382302844,0.12492057587716496,2.3511482994465096,0.430607926693459,2.3657501795811195,0.05851224319115168,1.8871312770986324,0.6226722943960821,95,0.7996710526315789,0.9570135746606335
135,2,1.0,0.0867325848780173,0.8362,0.016800000000000037,8,0.125,4.801977675541287,0.10068029444938871,4.516824997668956,0.3410525704145101,2.6571491122248587,0.12749554821681755,2.4800022600122777,0.3603507107451943,2.3318044321382096,0.057672660953420794,1.874135865953406,0.6103050059962344,95,0.6578125,0.8729216152019003
135,2,1.0,0.0867325848780173,0.8362,0.016800000000000037,1,0.125,5.2522550989665415,0.11012100130758054,4.978187964622777,0.31958425746581165,3.225477588752994,0.15476513212869383,3.1091761160180984,0.27102309339445,3.275075778395298,0.08100264857587225,3.250042942256825,0.19144812555382226,95,0.6824013157894737,0.9036514822848879
135,2,1.0,0.0867325848780173,0.8362,0.016800000000000037,14,0.125,5.14836113767418,0.10794271658382883,4.761641001270419,0.3816710283490907,2.8586208149509327,0.13716258010112484,2.6260207551386525,0.3964642241578383,2.780317761903779,0.06876576843882862,2.297048268686053,0.5978073347902609,95,0.6756578947368421,0.8904576436222006
135,2,1.0,0.0867325848780173,0.8362,0.016800000000000037,4,0.125,5.294171628023116,0.11099984098007788,4.910273545773528,0.3756340217221815,2.911318625179754,0.1396911307850282,2.6053619345903267,0.45735473330512305,2.3386685488996815,0.0578424315710905,2.175098382412314,0.3792128275796513,95,0.6446546052631579,0.8553386911595867
135,2,1.0,0.0867325848780173,0.8362,0.016800000000000037,5,0.125,5.011249233913603,0.10506797043216642,4.68534938810649,0.35475393092624924,2.761791816194574,0.13251652308350015,2.6317146314194435,0.3104051755268345,2.536742109632976,0.06274139700513982,2.8109793681420543,-0.04319718812330829,95,0.6812911184210526,0.899812903615185
135,2,1.0,0.0867325848780173,0.8362,0.016800000000000037,16,0.125,5.2247603584250495,0.10954453495130684,4.848187798456811,0.37400054362924473,2.9666778652810883,0.1423473824169422,2.6680793467381747,0.4479556423683804,2.287408675515325,0.05657461800256563,1.6823407095629377,0.7163997968894731,95,0.6601973684210526,0.8546337817638266
135,2,1.0,0.0867325848780173,0.8362,0.016800000000000037,13,0.125,4.968572394735986,0.10417318977617611,4.6200606393631185,0.36798138908957495,2.5753635197034592,0.12357130515993386,2.4952473421994497,0.2777361233281205,2.163279745847266,0.05350452962954864,1.771578919394155,0.5777040983368635,95,0.6719572368421053,0.8754130461387835
136,3,1.0,0.08595622714218087,0.8383,0.0020999999999999908,11,0.125,4.302290285719347,0.09030118556112923,4.217439552886936,0.2636504728633388,2.397947463095731,0.11428470853795894,2.223202990155661,0.3827974531501409,2.094168851820451,0.052584674160072065,2.2295311936046973,0.0403860826722765,95,0.8104029605263158,0.9564158506266173
136,3,1.0,0.08595622714218087,0.8383,0.0020999999999999908,15,0.125,6.382894571466377,0.13397118949139852,5.7554956099760854,0.4641290162868589,3.4904078661153366,0.1663507027558533,3.174311359583919,0.43137710119360123,3.9119994368748885,0.09823048199939927,3.5600760208255373,0.5026163882621659,95,0.5710115131578948,0.8017570389572982
136,3,1.0,0.08595622714218087,0.8383,0.0020999999999999908,12,0.125,5.171727335696723,0.10854988361954039,4.732915070647447,0.4051538748867523,2.609778941087549,0.12438046713735972,2.429774378711487,0.3689959246467244,2.246693877812688,0.05641458443024257,2.0831260559791556,0.3746180570683697,95,0.6667763157894737,0.8505180069067587
136,3,1.0,0.08595622714218087,0.8383,0.0020999999999999908,2,0.125,5.364703430290675,0.11260027747246862,4.892166408355421,0.41532360687155556,2.989568112817045,0.1424809866295357,2.594583978302257,0.5186203149243287,2.1078460358757365,0.05292810886752143,2.0123830628824058,0.31185725618028376,95,0.59921875,0.8060111164482262
136,3,1.0,0.08595622714218087,0.8383,0.0020999999999999908,14,0.125,4.640008058809132,0.09738957645755453,4.474147219928623,0.28954943375599784,2.520302597977172,0.12011607938458949,2.5335438338477703,0.20724757262607427,2.763992167337752,0.0694039677717967,2.9082374480765716,-0.018725230852380582,95,0.7038651315789474,0.91453440822526
136,3,1.0,0.08595622714218087,0.8383,0.0020999999999999908,17,0.125,4.999541331732303,0.1049358549830648,4.587533309520948,0.3980816577567272,2.6326470815192002,0.12547034871494123,2.396744642996639,0.41378739394353753,1.6840098782698367,0.04228556386663052,1.5847312212875,0.36642943439160824,95,0.6619243421052632,0.9006087712759349
136,3,1.0,0.08595622714218087,0.8383,0.0020999999999999908,1,0.125,5.269701131433887,0.11060626506324639,4.927806238463918,0.3543456679978986,3.1312554244287045,0.14923371718776107,2.79620166727757,0.46342011124466165,3.2242135515013053,0.08096014744981089,2.859534989357802,0.535226700883327,95,0.687828947368421,0.9073409851745576
136,3,1.0,0.08595622714218087,0.8383,0.0020999999999999908,3,0.125,4.708682440188479,0.09883098966874963,4.496871402278246,0.31000732112099083,2.5702950725861355,0.1224986901288636,2.4427835578259978,0.32750731306867714,2.4417912090993066,0.06131348720319149,2.234958627370726,0.40678929606653214,95,0.6939555921052631,0.8615275226639806
137,3,1.0,0.08517866793257281,0.8237,-0.014600000000000057,9,0.125,4.946149261986027,0.10392318447636781,4.548695269996755,0.39397726342407036,2.5841388648587515,0.12457826881759776,2.347332717455678,0.418459045874739,2.103873813178819,0.05270390204292276,1.6146144305392625,0.6420287540869164,95,0.6442845394736842,0.8872933818367477
137,3,1.0,0.08517866793257281,0.8237,-0.014600000000000057,1,0.125,4.825487352687012,0.10138796582542131,4.49466102979934,0.3639790617390138,2.7434742503487812,0.13225963871441926,2.5319961018333106,0.3850357197486022,3.017202106730486,0.07558358456705974,2.326769936968637,0.6901041221433437,95,0.6923519736842105,0.9068179118660173
137,3,1.0,0.08517866793257281,0.8237,-0.014600000000000057,15,0.125,4.793811413591053,0.10072242495963478,4.4963965109046296,0.3477744721552401,2.5362542827883328,0.12226980992689762,2.256721461176625,0.45889136642173933,2.156331379868466,0.05401801054073419,1.7768503625469774,0.5671531848698488,95,0.61328125,0.8466644317800872
137,3,1.0,0.08517866793257281,0.8237,-0.014600000000000057,17,0.125,4.632411584119927,0.09733126481380304,4.349565873064792,0.346511842573832,2.4422524528677316,0.11773809323146577,2.3356160175609295,0.31345979407578695,1.8776985033445177,0.047038010248764306,1.9025590490374338,0.32088163556148797,95,0.6592516447368421,0.8967130293769101
137,3,1.0,0.08517866793257281,0.8237,-0.014600000000000057,13,0.125,4.856241762985016,0.10203414451627182,4.520663158570344,0.36530663389357243,2.5456814356687714,0.1227242817827621,2.2234747862876056,0.49428974781998736,2.0447154794710305,0.051221933397642215,1.6988069439517455,0.5603100451317606,95,0.6696134868421053,0.8692661958857845
137,3,1.0,0.08517866793257281,0.8237,-0.014600000000000057,6,0.125,5.170746359559808,0.10864217785236731,4.770049096881591,0.3881482808552849,2.6159213725477293,0.1261104658060871,2.3802424362693193,0.4151515374679875,2.3377064860008425,0.05856161756067337,1.871313326228443,0.6018569564715924,95,0.6205180921052632,0.8661453846663574
137,3,1.0,0.08517866793257281,0.8237,-0.014600000000000057,2,0.125,4.590652183576267,0.09645386106869673,4.336996126847934,0.33292101744769226,2.575156306876726,0.1241452303543124,2.470068214297603,0.3011380018474315,2.0310453121970444,0.05087948360221939,1.7110999147227755,0.5452821684983984,95,0.6086759868421052,0.8250354657839627
137,3,1.0,0.08517866793257281,0.8237,-0.014600000000000057,4,0.125,5.319141031731053,0.11176008757860353,4.905751757749946,0.39007557435144025,2.8325538495026343,0.13655406050438726,2.5903693335995537,0.40641003867742836,2.566047711990019,0.064281767472474,2.2068185211538847,0.5104277454853365,95,0.6310032894736842,0.8548807506842174
138,3,1.0,0.0843999925173228,0.8301,0.006399999999999961,12,0.125,5.75505508399221,0.12106761258373971,5.195990531754968,0.43767250814392833,3.1500115875211567,0.15190285892332014,2.6951621761691524,0.5342808094822685,2.8605703254906873,0.07302663646737002,2.504509477774323,0.4879871809056193,95,0.6355263157894737,0.8364389233954451
138,3,1.0,0.0843999925173228,0.8301,0.006399999999999961,0,0.125,5.9952571258890215,0.12612068111666738,5.294672986526346,0.49293417912818516,3.8000208344760638,0.18324822391505502,3.1815029244307067,0.6153520003795379,4.21605785631824,0.10763046853110964,3.0060638002546614,0.8398901016574173,95,0.8196134868421052,0.9687954648071038
138,3,1.0,0.0843999925173228,0.8301,0.006399999999999961,2,0.125,4.57064217824396,0.09615142312602912,4.408740935080657,0.30165537437984197,2.3983466720949114,0.11565535746715751,2.331235330188676,0.3162201854867552,2.3863600067680313,0.060920664365986775,2.0955198938000685,0.5050807690852657,95,0.6204769736842105,0.8234592445328032
138,3,1.0,0.0843999925173228,0.8301,0.006399999999999961,9,0.125,4.696613166852092,0.09880144239135656,4.459638346711309,0.3307944823185096,2.4405021855065847,0.11768822078486127,2.324782657675899,0.3486271000399693,2.012581564862702,0.05137858733570845,2.0714230188191496,0.3579106989583253,95,0.6689144736842105,0.8956233095647897
138,3,1.0,0.0843999925173228,0.8301,0.006399999999999961,14,0.125,5.372135138290603,0.11301222424076143,4.819720097582961,0.44649504329569606,3.1368414752024174,0.1512677572235413,2.6756253591973995,0.539309968460987,3.6340554764404414,0.09277270543409867,2.456276475389555,0.83905827350458,95,0.6655838815789473,0.8861432013344042
138,3,1.0,0.0843999925173228,0.8301,0.006399999999999961,13,0.125,4.837752380486782,0.10177055170261703,4.6696582316401445,0.29228725126022453,2.4189004393716766,0.11664652080870007,2.3312328742401207,0.3296998206073139,1.718574124596041,0.043872960129926496,1.9536579961531895,0.305265619679802,95,0.6875,0.8715909090909091
138,3,1.0,0.0843999925173228,0.8301,0.006399999999999961,5,0.125,5.940863440947137,0.12497641516622265,5.39851049665712,0.4251182886139135,2.9352734240074825,0.14154755068036232,2.6665145995717063,0.418224968558548,2.7024567206398804,0.0689902019706916,2.269632117806437,0.5446396006892366,95,0.679358552631579,0.8843965621595449
138,3,1.0,0.0843999925173228,0.8301,0.006399999999999961,19,0.125,5.122668113449694,0.10776425064623132,4.872130857555353,0.3192169569679248,2.7396089592498156,0.13211203250508474,2.6701175624115256,0.2852655303501185,2.6456547512384496,0.06754012163770855,2.628156030073516,0.3117589231312793,95,0.6881990131578948,0.8911393917667444
139,3,1.0,0.083620286286965,0.8391,0.009000000000000008,11,0.125,4.42196114703403,0.0930640128143096,4.180950889791877,0.33512143338319517,2.3344217737740767,0.11283777809717754,2.209808901949104,0.34760546079599564,2.1509180226868434,0.05485372118750936,2.1495613834018052,0.28767422994318104,95,0.8048519736842106,0.9589761929089609
139,3,1.0,0.083620286286965,0.8391,0.009000000000000008,2,0.125,4.5738122713348695,0.09625985160798135,4.359330163689951,0.314603963159435,2.490238773468669,0.12036942650486068,2.2464548208140744,0.43181376816678085,2.7971416247920646,0.07133401886542264,2.236348532345034,0.6296620616391421,95,0.6159950657894737,0.8225752619985315
139,3,1.0,0.083620286286965,0.8391,0.009000000000000008,9,0.125,4.5783471807773894,0.09635529271576981,4.392108410502008,0.29966683130683625,2.3114347056125064,0.1117266636766988,2.132341336728068,0.39559863810803214,2.00296291571691,0.051080500590353,1.6414451147584184,0.5745287624838848,95,0.662828947368421,0.8943548387096775
139,3,1.0,0.083620286286965,0.8391,0.009000000000000008,18,0.125,5.04066691107556,0.10608521296476063,4.680049638712781,0.37152394202142874,2.4819256810985477,0.11996760071540853,2.3123445517666696,0.3715252107421795,2.375284862380044,0.06057562966493221,2.3485341264799477,0.2810817070800663,95,0.7547286184210527,0.9522745845818578
139,3,1.0,0.083620286286965,0.8391,0.009000000000000008,16,0.125,5.781103966470757,0.12166835386542353,5.280805334493436,0.4197157825585786,2.8154704139838214,0.1360899857006821,2.448603902735953,0.5055954469108728,2.6983315551331253,0.06881411808146842,2.2028812080101514,0.5934320538966597,95,0.6323190789473684,0.8418519963584341
139,3,1.0,0.083620286286965,0.8391,0.009000000000000008,6,0.125,5.243966067656321,0.11036382028039941,4.838881945121139,0.38725105732477116,2.9807858654679396,0.14408075602340825,2.7545908734758413,0.3821988475668968,2.3802884837584255,0.06070323436633071,2.1282201795876405,0.45260165593812,95,0.6059621710526316,0.8686978353803352
139,3,1.0,0.083620286286965,0.8391,0.009000000000000008,1,0.125,5.507087824970872,0.11590144618443285,5.0380764410942716,0.4114373201026314,3.3418826773772725,0.16153491207677229,2.9975704920237423,0.45970409515133603,3.602692858440723,0.0918775646011269,3.1982829746787003,0.4807248883253915,95,0.6864309210526316,0.9036180663711513
139,3,1.0,0.083620286286965,0.8391,0.009000000000000008,7,0.125,5.0711276344528295,0.10672628534338538,4.753377566373656,0.3486413484653574,2.617556438331952,0.12652351681411442,2.37598371477479,0.41964499907750047,2.47356928018639,0.06308212502856834,2.13257705241555,0.5067291474017026,95,0.7373766447368421,0.9256120002230525
140,3,1.0,0.08283963474507404,0.8318,-0.007299999999999973,14,0.125,4.249296985105376,0.08950200752700911,4.028252563441525,0.3290111702345517,2.3692897029661815,0.11558516574500843,2.128058983419113,0.4403717705576182,3.2824761711783452,0.08452823901532022,2.531372293740172,0.6862227707341707,95,0.6982319078947369,0.9096048524821859
140,3,1.0,0.08283963474507404,0.8318,-0.007299999999999973,16,0.125,4.970922965989168,0.10470145680041518,4.618343620195932,0.37033738157238755,2.5716514828829067,0.1254573311635501,2.256923242751389,0.48226665203070473,2.9333142338185065,0.07553684283844875,1.9362313626985361,0.8268952839343876,95,0.66796875,0.861372730070791
140,3,1.0,0.08283963474507404,0.8318,-0.007299999999999973,8,0.125,5.3585469082644215,0.11286589461701753,4.894775016552418,0.4167600783945028,3.1384384340863813,0.15310788129042782,2.7457804025573793,0.5092529652464378,3.226868395101891,0.08309626292709364,2.274917753670953,0.7936099559016867,95,0.6329769736842106,0.854813563726127
140,3,1.0,0.08283963474507404,0.8318,-0.007299999999999973,0,0.125,4.921508097420595,0.10366064229531631,4.572475387358013,0.37015392381383455,2.7929203027061895,0.13625187147723905,2.6410493262986745,0.3314869428593835,3.1385456726680383,0.08082183234388779,2.7086230290729776,0.5085821902604056,95,0.833264802631579,0.9721687638786084
140,3,1.0,0.08283963474507404,0.8318,-0.007299999999999973,11,0.125,4.312636469548082,0.09083611315276766,4.0770027904800825,0.3339213485358049,2.593473826324978,0.12652192836352044,2.333489860169988,0.436527709825678,2.0859002724861715,0.0537147773814724,1.9367644301140239,0.44025368459485986,95,0.808922697368421,0.9597926091597621
140,3,1.0,0.08283963474507404,0.8318,-0.007299999999999973,1,0.125,4.70226218823241,0.0990427139454718,4.514033300872391,0.29155433903495603,2.689461418294615,0.1312046574166138,2.620815371106744,0.2666770070551043,3.1851462780260005,0.08202186149948175,3.2362579522273145,0.18510666923513663,95,0.6873355263157894,0.9109236659487916
140,3,1.0,0.08283963474507404,0.8318,-0.007299999999999973,19,0.125,5.283317892377954,0.11128136240622569,4.878914695732913,0.3878121595144025,2.7699869794305423,0.13513307542263206,2.552229469670712,0.3887731625084115,2.6283209513113297,0.06768284977424958,2.5725035225254644,0.30767137182059545,95,0.6898026315789474,0.8914520743919886
140,3,1.0,0.08283963474507404,0.8318,-0.007299999999999973,13,0.125,4.959172246276434,0.10445395397633313,4.599299393692486,0.3746030310163711,2.6403603040857133,0.12880927266607217,2.3999047078692004,0.41694913101399084,1.7136738359227635,0.044129438887953995,2.1282362328907847,0.0826994560654231,95,0.6827713815789473,0.8793736826257151
141,3,1.0,0.0820581234988886,0.8374,0.005600000000000049,4,0.125,5.0259932287177165,0.10598422118543008,4.594848711817382,0.4093884555587631,2.5124106552905165,0.12276106767787565,2.2930702477906313,0.40864932166632,2.110754230172027,0.05558593195837322,1.8457221480618162,0.4853091978701027,95,0.6427220394736842,0.8709615507645064
141,3,1.0,0.0820581234988886,0.8374,0.005600000000000049,6,0.125,4.964105710086913,0.1046791855109475,4.576559656638907,0.38878038946248755,2.5171818713297696,0.12299419818696147,2.2440516523491056,0.45592699882505583,2.4091253999111024,0.06344342635652718,1.802804738320599,0.7384700426201598,95,0.6263569078947369,0.8782249064530953
141,3,1.0,0.0820581234988886,0.8374,0.005600000000000049,11,0.125,4.095047528837387,0.08635316509805162,3.9979376626552905,0.26986038847369553,2.120409066131058,0.10360713935198476,1.9870330746636051,0.36700656698361156,2.16815186082064,0.05709747733215443,2.3229400286213484,0.06920609817362973,95,0.8094161184210527,0.9638303276606554
141,3,1.0,0.0820581234988886,0.8374,0.005600000000000049,19,0.125,4.90454024543896,0.10342311549792199,4.525995114152108,0.38613350928212065,2.812621243799503,0.13742991661622925,2.588740534174585,0.39212301392356824,2.548248653554626,0.0671071857844669,2.1950021024404065,0.5253479076862387,95,0.6972039473684211,0.8997405048360463
141,3,1.0,0.0820581234988886,0.8374,0.005600000000000049,12,0.125,5.06065977470052,0.10671524224136447,4.654676216957313,0.3951801608204726,2.6090276559749928,0.12748195442259805,2.408171875439621,0.38480438995689087,1.910418751630878,0.05031017122798782,1.7306651780504152,0.43276881168802595,95,0.6730263157894737,0.8561827956989247
141,3,1.0,0.0820581234988886,0.8374,0.005600000000000049,13,0.125,4.675401127162504,0.09859120867105142,4.40561065901188,0.33719662979363685,2.395388904095129,0.11704316678932869,2.20344339302325,0.3935058831508581,2.1982529071287567,0.05789017725336811,1.7241441237008654,0.6509840226929938,95,0.6935855263157895,0.8798316338629357
141,3,1.0,0.0820581234988886,0.8374,0.005600000000000049,16,0.125,4.95780558960919,0.1045463334891042,4.7077369269199565,0.31610815040115325,2.697667649432956,0.1318130697253236,2.480044416058346,0.39382518696204905,1.8396780857898805,0.04844724195753115,1.9977008526670543,0.10575806918471346,95,0.6720394736842106,0.8604380812530592
141,3,1.0,0.0820581234988886,0.8374,0.005600000000000049,17,0.125,4.9796149370581295,0.10500623198055681,4.570638038746501,0.3994252247411456,2.629480026065476,0.128481295347842,2.3965370253624756,0.4122493410286911,2.0815887632628916,0.05481787017459404,1.6935362597489052,0.5923972547183832,95,0.6561266447368421,0.8986024942031711
142,3,1.0,0.08127583824992367,0.8423,0.0049000000000000155,13,0.125,4.70172773279071,0.09926415681757034,4.40898216695604,0.3489023640146603,2.2799413444436794,0.11203044749878009,2.131196439516998,0.3650602981328524,1.7967707152887693,0.047321243207968086,1.8778952880634732,0.17093515654130434,95,0.6915296052631579,0.8817933166845047
142,3,1.0,0.08127583824992367,0.8423,0.0049000000000000155,2,0.125,4.8119770172001575,0.1015917697459669,4.509471420951419,0.349745385830674,2.554861223144688,0.12553930250167036,2.331525993640832,0.40897302160380733,2.488128263228687,0.06552940877486478,2.2233351514438087,0.45614659104549987,95,0.5987253289473684,0.8061259528878512
142,3,1.0,0.08127583824992367,0.8423,0.0049000000000000155,1,0.125,5.10390078136386,0.10775494378571963,4.740752052181728,0.3709581279106231,2.7592786622891348,0.13558384914745042,2.52438432479838,0.4051919791064004,2.7977379334522197,0.07368354573820678,2.7400874979653165,0.22796103512373755,95,0.6841282894736842,0.9171775453780503
142,3,1.0,0.08127583824992367,0.8423,0.0049000000000000155,14,0.125,5.550849199145057,0.11719104054704024,5.13802392010998,0.38311573833208584,3.2472589148639734,0.15956194235575022,3.060548503154561,0.3347702171908308,3.7531902149603265,0.09884712916158567,3.398285095454477,0.4865531798460282,95,0.6951069078947368,0.910854776693286
142,3,1.0,0.08127583824992367,0.8423,0.0049000000000000155,15,0.125,5.612062219322307,0.1184833865056917,5.1220790031638,0.42096924799337004,2.831463446483996,0.13913082358855228,2.5573221497768306,0.4356051981719643,2.747842281383308,0.07236945247829205,2.815346263302866,0.09667982022725433,95,0.59375,0.810387811634349
142,3,1.0,0.08127583824992367,0.8423,0.0049000000000000155,11,0.125,4.345324176639218,0.09173966784271367,4.158703040564402,0.3082876954335954,2.3194171234889085,0.11397018564273621,2.232409176362941,0.3040756463012237,2.4760528940879856,0.06521138184183939,2.1574593686314825,0.5078271845701529,95,0.8133634868421052,0.9605682220312421
142,3,1.0,0.08127583824992367,0.8423,0.0049000000000000155,12,0.125,4.657281556921779,0.09832579704385877,4.442116595424188,0.3098157280528404,2.3748815364965083,0.11669556409365191,2.2002024687416095,0.3798846474297407,1.824232264655971,0.04804449333967124,1.6877823377848227,0.39657425462317925,95,0.6683388157894737,0.8490217792543374
142,3,1.0,0.08127583824992367,0.8423,0.0049000000000000155,5,0.125,4.828690248218525,0.10194462403252312,4.451358822250116,0.38786590126672355,2.694808321191719,0.13241594257777292,2.3911486799516406,0.46985900288691945,2.311026813692819,0.06086511817024882,1.937781804461484,0.5694988390127398,95,0.6848684210526316,0.9089217098943324
143,3,1.0,0.08049286478457239,0.834,-0.008300000000000085,11,0.125,4.302946579565627,0.0909448825098688,4.119187892889214,0.31024533525907133,2.279936573172626,0.11241872877896653,2.1309253734042777,0.3662028132935842,1.8117840649802683,0.04804936484140581,1.7239518684305768,0.3387663422383785,95,0.8161595394736842,0.9577812484256134
143,3,1.0,0.08049286478457239,0.834,-0.008300000000000085,8,0.125,5.008552323141989,0.10585820533673941,4.596579257680801,0.3987537331876417,2.715594536108678,0.13390007828315595,2.379089574895527,0.49560567956322676,2.27974412883324,0.060459885650089425,1.8392078166536114,0.6479454350765201,95,0.6391447368421053,0.8558286155429747
143,3,1.0,0.08049286478457239,0.834,-0.008300000000000085,15,0.125,4.936480669891756,0.10433493566189346,4.65430430944932,0.3349382321658118,2.465786632954349,0.12158259224341489,2.27545642635838,0.38665209503559206,2.286839175339991,0.06064804961772722,2.3151058599704237,0.15778253951567653,95,0.6174753289473685,0.8364520210428181
143,3,1.0,0.08049286478457239,0.834,-0.008300000000000085,3,0.125,5.191670000308225,0.10972848709074728,4.707524667101127,0.4289247137969903,2.7383146496848445,0.1350203578189994,2.424339488224867,0.4750003446647881,2.0470205080442305,0.05428794585955711,1.9853162381948404,0.2825227079135932,95,0.6828125,0.8505359508611345
143,3,1.0,0.08049286478457239,0.834,-0.008300000000000085,2,0.125,4.547032977171558,0.09610376801821954,4.397970231104228,0.2806396164948203,2.3601514364164977,0.11637394975360367,2.277866461874745,0.2973104043056426,2.0556144123418565,0.05451586024018903,1.7911757848727587,0.4959345888957495,95,0.62421875,0.8214873855477242
143,3,1.0,0.08049286478457239,0.834,-0.008300000000000085,16,0.125,5.530061387552675,0.11688055472306372,5.0229084592988595,0.430476359329869,2.763426880039285,0.1362585874462922,2.5077703962316464,0.422877156680456,2.2215997307997104,0.05891786888959462,1.8253187292568422,0.6104254336908811,95,0.6391036184210527,0.8369684102168179
143,3,1.0,0.08049286478457239,0.834,-0.008300000000000085,7,0.125,5.016326860799274,0.10602252399622919,4.632206415899653,0.3843913918023731,2.581539420485839,0.1272901112068938,2.355496334673461,0.4093035490926541,2.240570294946937,0.05942097716589316,1.9072360660930145,0.5486062298354886,95,0.7249177631578947,0.927680090754396
143,3,1.0,0.08049286478457239,0.834,-0.008300000000000085,19,0.125,4.890235672277389,0.1033575249976104,4.564317014526464,0.35918835148487593,2.6243002709451053,0.12939855602360592,2.4629440996538787,0.3482789537723921,2.3422601594881653,0.06211784016212876,2.3800244445421552,0.14222329301205464,95,0.6927631578947369,0.8999881291547959
144,3,1.0,0.07970928896469852,0.8464,0.012400000000000078,8,0.125,4.670265941210176,0.09878715254602068,4.450802980138512,0.3147427036863455,2.3630391127840404,0.11623948609743782,2.36041964374578,0.23213459460431887,2.161216229884511,0.05785524154856782,1.7360593266744457,0.6146713885084119,95,0.6578536184210526,0.8746796674792174
144,3,1.0,0.07970928896469852,0.8464,0.012400000000000078,10,0.125,5.674442483375723,0.12002785757283944,5.156380049380662,0.4292390367831861,3.1397424871022066,0.15444604839784803,2.8356624362781817,0.43941206593664167,2.5277076543567674,0.0676661293232974,2.133036801609686,0.5616472802644159,95,0.7189555921052632,0.9187875321704319
144,3,1.0,0.07970928896469852,0.8464,0.012400000000000078,12,0.125,4.745815562226879,0.10038520542568968,4.404902937794027,0.3727585268177474,2.345086885276516,0.11535640393071042,2.19620176454917,0.364262722918024,1.6060989990716052,0.04299488605412063,1.58751296871718,0.3298266017604172,95,0.6746710526315789,0.8547659678205753
144,3,1.0,0.07970928896469852,0.8464,0.012400000000000078,3,0.125,4.416372074593268,0.09341669774800454,4.240027689971489,0.30404427023613734,2.338002028098933,0.11500789503259669,2.128718895123452,0.41632081949388006,1.675629541286917,0.04485620203872469,1.502978213847781,0.4621679305452315,95,0.70703125,0.8601337598138994
144,3,1.0,0.07970928896469852,0.8464,0.012400000000000078,4,0.125,5.2056909417123505,0.11011265560460146,4.7888522499011,0.3936201819932981,2.9223906396331336,0.143754364576175,2.6374316196396657,0.43542539217413967,2.451494657128693,0.06562592561632903,1.9402666215375577,0.6618500152317808,95,0.6407483552631579,0.8563177821985497
144,3,1.0,0.07970928896469852,0.8464,0.012400000000000078,18,0.125,5.471257766795329,0.11573002103750796,5.017829603694497,0.4033655659986859,2.6848870891281162,0.13207140490459587,2.362688309353049,0.48114729195207834,2.331525474118789,0.062414379281701876,2.1654306490637363,0.3746369586746391,95,0.7462171052631579,0.9495812210711925
144,3,1.0,0.07970928896469852,0.8464,0.012400000000000078,9,0.125,5.188061252617689,0.10973974605130052,4.764318503206564,0.39759512350502474,2.6965969660365965,0.13264742163946164,2.3454685169355773,0.503666250047773,1.8340448547913144,0.04909694209104178,1.6806311585791749,0.41963374025633626,95,0.6489720394736842,0.8776531711334981
144,3,1.0,0.07970928896469852,0.8464,0.012400000000000078,13,0.125,4.778878544083192,0.10108456556350222,4.505730621743916,0.33750738892763915,2.5045594500973327,0.1232009668417206,2.2944300938547624,0.40216816068184646,1.7008954771318976,0.04553256509812115,1.5896577352051828,0.40158524409560775,95,0.6850740131578947,0.8852409819338575
145,3,1.0,0.07892519671822079,0.8296,-0.016800000000000037,15,0.125,5.140544762400495,0.10880353934749172,4.774399599565698,0.3718370601142231,2.821204188836775,0.13881534926725592,2.5850096725388223,0.4005655235347092,2.8735812874252247,0.0780703593942729,2.396645508946479,0.6396892568220837,95,0.6029605263157894,0.8352427714129842
145,3,1.0,0.07892519671822079,0.8296,-0.016800000000000037,2,0.125,4.914123429841347,0.10401115964750315,4.530432453679329,0.3885926050691041,2.4833249914701114,0.12219024322984703,2.230289319489947,0.44022760264812216,2.072756688410842,0.05631330504177645,2.003685467138293,0.29382171031962956,95,0.6071134868421053,0.8316965797494074
145,3,1.0,0.07892519671822079,0.8296,-0.016800000000000037,19,0.125,5.020372403993236,0.1062599999891574,4.617199922541512,0.39519443936684245,2.9135075252958207,0.143357069409242,2.5272657610455127,0.511719923284281,2.5091648579594037,0.06816977932644189,2.4696044956635395,0.22415003215909796,95,0.6922286184210527,0.9015741015741016
145,3,1.0,0.07892519671822079,0.8296,-0.016800000000000037,0,0.125,4.964918710152512,0.10508628038576161,4.654008204482238,0.34836189260284905,2.883213738435681,0.141866485133117,2.7104044443758717,0.344855643238346,2.8366475634299655,0.07706693237493065,2.8923229729658138,0.09811065697879856,95,0.8292351973684211,0.971835176278078
145,3,1.0,0.07892519671822079,0.8296,-0.016800000000000037,9,0.125,4.485340968473031,0.09493565275799283,4.21531862932082,0.3449650147225651,2.337240703506097,0.11500226954952143,2.1411250489991938,0.4088707036628285,2.0879185026777747,0.056725225976140985,1.6169862032453515,0.6776194954855481,95,0.6551809210526316,0.8882891929207983
145,3,1.0,0.07892519671822079,0.8296,-0.016800000000000037,13,0.125,4.464352518649241,0.09449141625548267,4.203654137262719,0.34087868894825774,2.5147525831960027,0.1237366155694745,2.239262342301286,0.45508097237689704,2.481553897788397,0.06741963608420812,2.015980064083349,0.6476215460012779,95,0.6989309210526315,0.8878103306271325
145,3,1.0,0.07892519671822079,0.8296,-0.016800000000000037,16,0.125,5.085043453740224,0.10762881194022854,4.721182589557134,0.37241768691011495,2.7305214960607236,0.1343533717471555,2.404274475471257,0.47770117686337493,1.9544395069642222,0.05309882667693034,2.008959989431554,0.17138427932798733,95,0.6620888157894737,0.858713203328779
145,3,1.0,0.07892519671822079,0.8296,-0.016800000000000037,11,0.125,4.484284478061412,0.09491329133495618,4.203629680154278,0.3506843571903688,2.352759586960716,0.11576586519265672,2.1195515945044496,0.43680774603768446,2.2194956984906944,0.06029995657804067,2.151119690626107,0.27868374449706085,95,0.8148026315789474,0.9596790472345579
146,3,1.0,0.07814067402968998,0.8384,0.00880000000000003,12,0.125,4.794889526568022,0.10159683162066796,4.446162885472716,0.3746935537674969,2.355722873440765,0.11622069873739778,2.1343903243508247,0.42740073222780683,1.8971102653764733,0.05135575616906852,1.7454982665046752,0.4049003593659558,95,0.6627467105263158,0.8549447822310461
146,3,1.0,0.07814067402968998,0.8384,0.00880000000000003,10,0.125,5.506264123458861,0.11666983898383641,5.07032211364282,0.39373488602091045,3.168054226729747,0.15629744908437163,2.8843678414884995,0.41723551673554904,2.3695781296173664,0.06414570563932812,2.2767913717142405,0.2976099995472413,95,0.7234375,0.9209389564624304
146,3,1.0,0.07814067402968998,0.8384,0.00880000000000003,8,0.125,4.863744054804642,0.10305576031398105,4.432295409416075,0.41274372803123976,2.4941523668321985,0.12305018306647666,2.0812940686017924,0.5600098473123026,2.144854766354751,0.058062327957052136,1.5945099424205496,0.7228031149964896,95,0.6426809210526315,0.853998720409469
146,3,1.0,0.07814067402968998,0.8384,0.00880000000000003,5,0.125,4.846100394847897,0.10268191646630417,4.478757359562134,0.3819311990466148,2.6894486614648443,0.13268521784876364,2.3973186958727224,0.4540760497254541,2.074856713069896,0.056167444447952,2.2254593998109926,0.06979610197122565,95,0.6737664473684211,0.9002196997436837
146,3,1.0,0.07814067402968998,0.8384,0.00880000000000003,13,0.125,4.235594914408129,0.08974618100127264,4.127528462644703,0.27770194702689877,2.284753503180334,0.11271939139194877,2.1456884985294544,0.3686754608387762,1.6371400468834862,0.044318227884176824,1.4548798407188395,0.4727787559205364,95,0.7022203947368421,0.8861107858063005
146,3,1.0,0.07814067402968998,0.8384,0.00880000000000003,18,0.125,5.2982855451846955,0.11226307121983535,4.79526305085429,0.43274698245642956,2.637641796458282,0.13012930173556547,2.306218054112728,0.4881797890984044,2.5559092812650146,0.06918978629471342,2.0031463859242344,0.7004857137291215,95,0.7520559210526315,0.950792782941498
146,3,1.0,0.07814067402968998,0.8384,0.00880000000000003,3,0.125,4.920328010192094,0.10425469316865413,4.490613262580393,0.4098054750545902,2.760048498699246,0.1361682941081304,2.4801570713219694,0.4394141046317241,2.247076957799007,0.06082953555414839,1.8643064445083095,0.5779792310427262,95,0.7003700657894737,0.8640873598309164
146,3,1.0,0.07814067402968998,0.8384,0.00880000000000003,4,0.125,4.9243970680983296,0.10434091066932104,4.647883592432872,0.33355984937800304,2.480346321349044,0.12236905530270499,2.3274133782140867,0.3605251425829835,2.191813813820695,0.05933353366164737,2.1080270284420832,0.3049548192409916,95,0.6540296052631579,0.8823085628064882
147,3,1.0,0.0773558069308596,0.8402,0.0017999999999999128,4,0.125,5.04465705004225,0.1069668026925921,4.612299653379095,0.408877605778551,2.6878480173345602,0.13403701444366772,2.353653503601526,0.4996957050426939,2.1766836621551944,0.0593072130569629,1.8981331326565827,0.513784780053064,95,0.6604029605263158,0.85723180374821
147,3,1.0,0.0773558069308596,0.8402,0.0017999999999999128,11,0.125,4.405311843121742,0.09341014028269692,4.121598478919707,0.3563159533362002,2.45873411161837,0.12261161252671712,2.200536693834779,0.4480802971449589,1.678875402067214,0.04574363417967133,1.7302783407199342,0.1647214119395739,95,0.8180921052631579,0.961600321672698
147,3,1.0,0.0773558069308596,0.8402,0.0017999999999999128,12,0.125,4.453075327684257,0.09442291621145235,4.199694683813761,0.33819954063299373,2.221647657642568,0.11078863732461997,2.089975254431535,0.352635446598434,1.5705745853541075,0.04279280594370815,1.4339989730416443,0.4156213370643174,95,0.6825657894736842,0.8697590361445783
147,3,1.0,0.0773558069308596,0.8402,0.0017999999999999128,3,0.125,4.2225923409630335,0.0895357597764273,4.07875953673121,0.2902824546524068,2.154989885082272,0.10746456216641692,2.139636079188113,0.24688737491294832,2.6895688829350544,0.07328158774053135,2.523294910317526,0.35172528567126443,95,0.7118009868421052,0.8726821096412686
147,3,1.0,0.0773558069308596,0.8402,0.0017999999999999128,15,0.125,4.927729589054286,0.1044874752527336,4.648402615181787,0.33310596717115526,2.5755791832364103,0.12843841688884386,2.4493083530788566,0.3171658648704746,2.4177463894900924,0.06587535099023877,2.2424566166329307,0.37801530934036415,95,0.5882401315789474,0.8085418705438278
147,3,1.0,0.0773558069308596,0.8402,0.0017999999999999128,14,0.125,4.660785661182043,0.09882720178330984,4.308553146934723,0.3813614008195086,2.465009269039773,0.12292454069843829,2.2122294447314816,0.4427324569938349,2.6470939751547387,0.07212429123066191,2.5763686213763473,0.23666512452803168,95,0.6863486842105263,0.9060028756290438
147,3,1.0,0.0773558069308596,0.8402,0.0017999999999999128,6,0.125,5.074277830924578,0.1075948811115629,4.648269499406014,0.40464466649630654,2.5682792805142176,0.12807438694358592,2.2919222513853907,0.45630538525676645,1.9997206886192436,0.0544855750040091,1.7961076975161583,0.44289846454955195,95,0.6178865131578948,0.870965595261862
147,3,1.0,0.0773558069308596,0.8402,0.0017999999999999128,9,0.125,5.3872701709348005,0.11423156414988475,4.858035521887987,0.4478490218930156,2.594533829616474,0.12938364303043895,2.3334312129816523,0.4407883259860044,2.2408434381455455,0.061055348337483724,2.0909229875620534,0.3598447558339116,95,0.6508223684210527,0.8867197371746273
148,3,1.0,0.07657068149125178,0.8439,0.0037000000000000366,9,0.125,4.212073995958344,0.0894030979936286,3.93599375404445,0.3566219386939699,2.166957819216726,0.10830102657089576,2.0275183636227765,0.35744695014204153,1.88302217613412,0.05171468870116757,1.4953052936968738,0.6277856378802772,95,0.6668585526315789,0.9055370575903318
148,3,1.0,0.07657068149125178,0.8439,0.0037000000000000366,14,0.125,4.120565314243389,0.08746078652272848,3.894817471650324,0.3308476938666412,2.384661866882631,0.11918152070962298,2.1924289853880277,0.3937377284022378,3.0306301372683904,0.08323220836356654,2.7165958228754903,0.48221908630984944,95,0.6966694078947369,0.8979519565602314
148,3,1.0,0.07657068149125178,0.8439,0.0037000000000000366,1,0.125,5.167946750298585,0.10969191191468519,4.7510362754084365,0.40578616144129326,2.9099409255916413,0.1454341135334845,2.7036278334008843,0.3759464481217253,3.101029912822399,0.08516564415819008,3.1575942768831244,0.07846613457160834,95,0.6881990131578948,0.9119316484435681
148,3,1.0,0.07657068149125178,0.8439,0.0037000000000000366,13,0.125,4.511791757457578,0.09576473751550274,4.160791141449712,0.3884927416703628,2.2446671893217456,0.1121848144701883,2.003217930656233,0.45447961392850483,1.8088863902470096,0.04967864837335826,1.4673719629746613,0.5939541931434319,95,0.6943256578947369,0.8930474949662442
148,3,1.0,0.07657068149125178,0.8439,0.0037000000000000366,3,0.125,4.27530393970979,0.090745180982381,4.03522744143932,0.3325774055987849,2.1089915677172,0.10540396762115829,1.995504533861087,0.3358153945569478,1.8331500022202565,0.05034501606454418,1.977922789862457,0.07187736333961205,95,0.7138157894736842,0.8948732718894009
148,3,1.0,0.07657068149125178,0.8439,0.0037000000000000366,11,0.125,3.9443870314227514,0.0837213260340295,3.7804481700737402,0.30218848927214814,2.3022985860237313,0.11506513792189059,2.0923993944776966,0.4181270300042136,2.10347049533628,0.05776900731022432,1.9509316603344753,0.37653508497447963,95,0.8274671052631579,0.9628801431127012
148,3,1.0,0.07657068149125178,0.8439,0.0037000000000000366,2,0.125,4.678076816409083,0.09929421003535463,4.342040678769092,0.3738070334558264,2.359717292422051,0.11793483145822284,2.1840728865671397,0.3785914012424711,2.2001492633440516,0.0604241605287588,1.763154831929648,0.6455487129911546,95,0.6142680921052631,0.8096258116339782
148,3,1.0,0.07657068149125178,0.8439,0.0037000000000000366,4,0.125,4.562077089542114,0.09683206550554035,4.272072534886855,0.3508678110499898,2.264577294125767,0.1131798891182906,2.126160638696769,0.34766666199930535,2.02901925138434,0.05572430334805758,1.8743091436662718,0.38629983782440297,95,0.6569490131578948,0.8758214933967579
149,3,1.0,0.07578538380871845,0.8448,0.0009000000000000119,4,0.125,4.541100768637837,0.09653960042706648,4.27216842146955,0.33966700201023436,2.3463068814647934,0.11765318087936093,2.2378969636478296,0.3101618541998575,2.6208802504501048,0.07279673632180998,2.1915795809586545,0.6174178037706372,95,0.6564144736842106,0.8851791530944625
149,3,1.0,0.07578538380871845,0.8448,0.0009000000000000119,1,0.125,4.635718869392619,0.09855109369828376,4.363420172904306,0.33802233812342997,2.48356197113325,0.12453569825973633,2.3126136945521396,0.36459195982845743,3.012318166280483,0.0836691913834898,2.8347409440551035,0.3422082669149762,95,0.6922697368421052,0.9118555476360181
149,3,1.0,0.07578538380871845,0.8448,0.0009000000000000119,2,0.125,4.426813692732542,0.09410996294399769,4.1422957999700865,0.353119328576552,2.2048855874423707,0.1105617534035885,2.0637192262750723,0.356420924097641,1.7140773679845691,0.04760966784763455,1.5335380984441003,0.45069488372058536,95,0.6287006578947368,0.8453237410071942
149,3,1.0,0.07578538380871845,0.8448,0.0009000000000000119,11,0.125,3.9362888243367458,0.08368185812819676,3.7939915582596173,0.29332253091386973,2.151086441671174,0.10786404975766894,2.0646921613228395,0.30433984985808304,2.032367536359689,0.056450394339067664,1.9715325531800927,0.28372937121899,95,0.8197368421052632,0.9611256019261637
149,3,1.0,0.07578538380871845,0.8448,0.0009000000000000119,16,0.125,5.127104927585094,0.10899750661229678,4.737255335557237,0.3887188903667157,2.554609545866128,0.12809830689679097,2.36389623526491,0.37990491115126357,2.010116586580372,0.05583235903443419,1.6525267109896267,0.5899957860859156,95,0.6469572368421053,0.8562984619295793
149,3,1.0,0.07578538380871845,0.8448,0.0009000000000000119,17,0.125,4.694773145627674,0.09980653296768185,4.363721358518659,0.36943820025551233,2.448183074782797,0.12276165935437651,2.205333295573676,0.439606985714527,1.7325237008440466,0.04812202732267928,1.603905243196961,0.3940415395104253,95,0.6349917763157895,0.8932202292300718
149,3,1.0,0.07578538380871845,0.8448,0.0009000000000000119,18,0.125,4.809563725079942,0.10224687447026372,4.4815824602904755,0.36369946322155655,2.4036495809847276,0.12052857243705768,2.2147458638722886,0.3887437607233349,2.323660198737171,0.06454124668988752,2.543358920792951,-0.07474102091269111,95,0.7453536184210526,0.9519501296408672
149,3,1.0,0.07578538380871845,0.8448,0.0009000000000000119,19,0.125,4.756499367768169,0.10111877533465825,4.40746136518051,0.37746687142793134,2.59446889444011,0.13009701353851572,2.3139974754034816,0.46713461518624516,2.2587756858110706,0.0627390350939784,1.892796347174467,0.5780950525050408,95,0.6933799342105263,0.9089723062325802
150,3,1.0,0.075,0.85,0.005199999999999982,11,0.125,4.004060101750022,0.08523023110924595,3.848567489545835,0.2928779115659747,2.376500008620862,0.12031495149323679,2.2622796301851027,0.31297545183296716,2.3358182172580904,0.06582177642961544,1.939736541517082,0.6121622771338295,95,0.8215871710526316,0.9594114408688253
150,3,1.0,0.075,0.85,0.005199999999999982,3,0.125,4.2179721737806135,0.0897835532055493,3.9602583350625467,0.3451647634147685,2.0752424202217226,0.10506319807277448,1.8894999912203858,0.41391658636778283,1.7547707628127052,0.049448252428935274,1.6171630544303526,0.3964835895257037,95,0.7136924342105263,0.8874805553955176
150,3,1.0,0.075,0.85,0.005199999999999982,4,0.125,4.449783828412466,0.09471788495782602,4.193979357052654,0.3346105826179842,2.3131438251365557,0.11710742104296991,2.237632263286032,0.27665989975191835,2.081793263662818,0.05866352516692997,1.8795778560147092,0.430879192759147,95,0.6789473684210526,0.8839631782945736
150,3,1.0,0.075,0.85,0.005199999999999982,18,0.125,4.573848508478436,0.09735871978193263,4.28344487597058,0.3507497813764537,2.4437418875248005,0.12371920285839307,2.211361990743949,0.4302990499001803,2.2697925188413586,0.06396121693586476,2.1255511950713095,0.35124057523523566,95,0.7583470394736842,0.9576533101989915
150,3,1.0,0.075,0.85,0.005199999999999982,2,0.125,4.264474527217154,0.09077340006843429,4.030128738490107,0.3291293924690522,2.0818173487543525,0.10539606666297235,2.04729095186878,0.25354413449813956,1.7334957216208837,0.04884873616756167,1.425003845283334,0.5771564997883859,95,0.6201480263157895,0.8367590505238032
150,3,1.0,0.075,0.85,0.005199999999999982,1,0.125,4.50219637717036,0.0958335359545999,4.239008322924377,0.3370624951672538,2.6758666284556116,0.13547097093925162,2.404642373002697,0.45469694258200327,2.6053631050435615,0.07341736893355073,2.5984439614614874,0.1689450445501291,95,0.6928865131578947,0.9118153225327874
150,3,1.0,0.075,0.85,0.005199999999999982,9,0.125,4.332506506824385,0.09222152552044972,4.04639301648565,0.35739585082318037,2.238639776300793,0.11333550815039369,2.0730607966439765,0.3781020513886491,1.7206128289342377,0.04848570497107475,1.4227253986907027,0.5682863277738336,95,0.6610608552631579,0.9002923430988369
150,3,1.0,0.075,0.85,0.005199999999999982,10,0.125,5.335434044980105,0.11356979295167016,4.859739835873896,0.43703345734915566,2.973696243645835,0.1505491765251443,2.7086484062770944,0.43318446938465127,1.9896200104817883,0.056066145277156754,1.972039837934305,0.2313262929119147,95,0.7162006578947369,0.9216902055345045
151,3,1.0,0.07421461619128157,0.8345,-0.015499999999999958,0,0.125,4.890402593075435,0.1042428050378648,4.5356588878303565,0.3757470729407826,2.982100519039672,0.15153434887543868,2.69624003203146,0.44648660934683654,3.5767487399897187,0.10197891132323944,3.2872288204066282,0.4873367553106888,95,0.8339638157894737,0.9713046050685337
151,3,1.0,0.07421461619128157,0.8345,-0.015499999999999958,16,0.125,5.0798558170048125,0.10828115057486186,4.719468740560923,0.37288721683783527,2.517276544358286,0.1279144883458144,2.266816191204493,0.4395758778374728,2.3023297840980557,0.06564315862177769,1.9659557202898328,0.5902465561111158,95,0.6567023026315789,0.8485379750798322
151,3,1.0,0.07421461619128157,0.8345,-0.015499999999999958,7,0.125,4.923750288491083,0.10495363758089463,4.537732163707807,0.39211191262936373,2.4351087903464457,0.12373916393161553,2.2250072874297016,0.4067808916062672,1.9594490961495379,0.05586707374340468,1.7896439025535178,0.40947311032488853,95,0.7266858552631579,0.9283653030045833
151,3,1.0,0.07421461619128157,0.8345,-0.015499999999999958,1,0.125,4.4630967977019536,0.09513444353369355,4.274378142872835,0.2970961965531672,2.5549086359470046,0.1298267493374572,2.4804465618936655,0.2625510471365141,2.572728386637118,0.07335266161312792,2.5767298041730546,0.13393541153165542,95,0.7021792763157895,0.9131580488376179
151,3,1.0,0.07421461619128157,0.8345,-0.015499999999999958,9,0.125,4.148118207134726,0.08842042537615113,3.9400520532145094,0.3221259228313927,2.1313104044912006,0.10830175989507795,2.059327157314539,0.2965335557906259,1.5612786669305283,0.0445145886110612,1.4543783518575946,0.3737123530710513,95,0.6762335526315789,0.8991852122096559
151,3,1.0,0.07421461619128157,0.8345,-0.015499999999999958,4,0.125,4.446402838310794,0.09477859856571755,4.194020290862645,0.334309718004498,2.3659272020229696,0.12022372678459993,2.113598146724125,0.4525036091208812,1.8902556867790206,0.0538942573474817,1.8689095448504944,0.21945278653504838,95,0.6822779605263158,0.8904959922859037
151,3,1.0,0.07421461619128157,0.8345,-0.015499999999999958,6,0.125,4.974750585453859,0.10604074930881079,4.633493290979762,0.3654352861915584,2.502963155019674,0.1271871586935176,2.2705906457970175,0.4232734826526879,1.82357097170405,0.051992967897313204,1.7739763656398984,0.2649757948016283,95,0.6088404605263158,0.8761396636725873
151,3,1.0,0.07421461619128157,0.8345,-0.015499999999999958,17,0.125,4.5067879507382544,0.09606575506912655,4.204463117656295,0.3601651476841261,2.2734814893732156,0.11552613165550696,2.1784919871175243,0.3062137635910079,1.7411692461801622,0.04964356097193141,1.8785923785241405,0.007155396595928284,95,0.6607730263157895,0.8976353453640323
152,3,1.0,0.07342931850874825,0.8444,0.00990000000000002,5,0.125,5.0159804043460285,0.10702565761661303,4.5439528156489395,0.4375385349803679,2.7039073084339713,0.1372616990384412,2.3353676004202537,0.5374477157048304,2.2436965604372356,0.06439205750130043,2.096320747053007,0.36201316203336936,95,0.6822779605263158,0.8783824504309046
152,3,1.0,0.07342931850874825,0.8444,0.00990000000000002,0,0.125,4.136000422530653,0.08824958022969893,3.9795533578923417,0.29205683069559835,2.5049820999799643,0.1271634194085129,2.3596451678575674,0.33810953892699036,3.3259920216542502,0.09545295619898421,3.2285781434843392,0.2439637990244313,95,0.8450657894736842,0.9743577267419229
152,3,1.0,0.07342931850874825,0.8444,0.00990000000000002,18,0.125,4.644653664909427,0.09910268239039374,4.288888186573378,0.3851065671057683,2.2989111142014904,0.11670239008910842,2.2184434482216093,0.2896566341832636,2.327903138155648,0.06680870995334817,2.1388950175083807,0.41448812476429114,95,0.7532894736842105,0.9505458515283843
152,3,1.0,0.07342931850874825,0.8444,0.00990000000000002,15,0.125,4.964873747694511,0.10593519810605036,4.550697297435954,0.40702202682484784,2.7833092031723594,0.1412924729280147,2.5119966405559526,0.44248361722263146,2.570392987466526,0.07376794882532153,2.514087721704697,0.21347278011850032,95,0.5976151315789474,0.8249621576991881
152,3,1.0,0.07342931850874825,0.8444,0.00990000000000002,19,0.125,4.626052262298213,0.09870578543574623,4.33726554215653,0.3478639763686316,2.659314744094024,0.13499799305758522,2.5260478548701015,0.3153214773815599,2.1781453269750974,0.06251079651939982,2.1924057198827347,0.13254027745438338,95,0.6979440789473684,0.9045010015317545
152,3,1.0,0.07342931850874825,0.8444,0.00990000000000002,11,0.125,4.231254393033988,0.09028200819231216,3.9691283604614473,0.348755619173408,2.29652482355707,0.1165812519468241,2.1018686580196384,0.40303629206921415,2.092985324687626,0.06006678164644521,1.8756140355729183,0.46756708707272643,95,0.8167763157894737,0.959323399113975
152,3,1.0,0.07342931850874825,0.8444,0.00990000000000002,1,0.125,4.6194273849188825,0.09856443084481961,4.330258856375686,0.3483286377765861,2.597718365460455,0.13187110199904684,2.3890501954154186,0.39372355254566277,2.717201658153638,0.07798122460033623,2.6802587539600333,0.17808905217868276,95,0.6878700657894737,0.9092593699563633
152,3,1.0,0.07342931850874825,0.8444,0.00990000000000002,4,0.125,4.32670196542393,0.09231856702617282,4.164847639392453,0.2865501124422269,2.202007838396139,0.11178317254124918,2.1453334951010365,0.27436862375641907,2.4744611542374697,0.07101479216839518,2.4364561526212145,0.19171354696494253,95,0.6830592105263158,0.8896580784974717
153,3,1.0,0.07264419306914037,0.834,-0.010400000000000076,9,0.125,4.310073145462767,0.09205711104786811,4.032702500834014,0.3535429119963906,2.237891289599548,0.11411050179402085,2.0535533265679926,0.39793850067487485,1.5695702907346472,0.04522079344539103,1.3684179437819244,0.5083126641315145,95,0.6728618421052631,0.9000244439012466
153,3,1.0,0.07264419306914037,0.834,-0.010400000000000076,6,0.125,4.836197649603614,0.10329439177793753,4.433441214423977,0.4060713531750903,2.307150432499547,0.1176420386416203,2.0838157970122317,0.4299262345154089,1.942999795675283,0.05597964802426507,1.600705105595837,0.5688997664175477,95,0.6217927631578948,0.8795132918926069
153,3,1.0,0.07264419306914037,0.834,-0.010400000000000076,1,0.125,4.430116906665432,0.09462107724581321,4.146111660579066,0.35247643337619133,2.5489691912665986,0.12997242306840506,2.2863224317947672,0.449826394183869,2.993660249296076,0.08625016195721456,2.456111826139972,0.6527374349162072,95,0.6915707236842106,0.9103989535644212
153,3,1.0,0.07264419306914037,0.834,-0.010400000000000076,10,0.125,5.245989265058451,0.1120469653369556,4.730130910904846,0.4578486961366293,2.883502539097327,0.1470303419964639,2.5712017523696185,0.47802634763563545,2.3152459454289294,0.0667044090293761,1.7692932678451345,0.6946107697620104,95,0.7293174342105263,0.925297400913345
153,3,1.0,0.07264419306914037,0.834,-0.010400000000000076,18,0.125,4.190969372633843,0.08951322168184318,4.053968067746331,0.2759680690830717,2.23276319472504,0.11384901926263204,2.229050399683536,0.2133850427938261,2.0079148217681078,0.05784991086230071,2.377311205568839,-0.1470623140825211,95,0.7699424342105263,0.9585046728971962
153,3,1.0,0.07264419306914037,0.834,-0.010400000000000076,0,0.125,4.120541675176798,0.08800898494459108,4.038298308267956,0.24618305095592846,2.4296164539384955,0.12388660432899844,2.4633324920030573,0.15614673719706937,2.9065394877019246,0.08374013103466806,3.0952996088380185,-0.018754792062790362,95,0.8457648026315789,0.9747192376877826
153,3,1.0,0.07264419306914037,0.834,-0.010400000000000076,15,0.125,4.554623535871365,0.09728036403844506,4.254130012340391,0.3572226575893287,2.5565823196230855,0.1303606179289054,2.2929692930257297,0.4502501434325269,2.5078716601034103,0.07225413668858686,1.961321152432135,0.6831878613493549,95,0.6079769736842106,0.8386311375625591
153,3,1.0,0.07264419306914037,0.834,-0.010400000000000076,19,0.125,4.472706166094091,0.09553072403192352,4.156247326560124,0.3695693540122008,2.467434947119934,0.12581497647740603,2.2287263501474466,0.4324125728614371,2.426059964944996,0.06989706495372092,2.0875400037005374,0.5198115944218218,95,0.6900493421052631,0.9113335716839471
154,3,1.0,0.07185932597031003,0.8296,-0.0043999999999999595,17,0.125,4.656756305055111,0.0995669821186574,4.284310586119664,0.39349323281515813,2.3876154563704435,0.1219289208789943,2.2113212775928415,0.38540801193892,1.5338441129224898,0.0450474664846567,1.4176734329142704,0.4342116825788189,95,0.6310855263157895,0.8714490487359916
154,3,1.0,0.07185932597031003,0.8296,-0.0043999999999999595,9,0.125,4.165244270823183,0.08905787090097342,3.878981078270774,0.3659137244804215,2.2960315144321175,0.1172519821447478,2.0899220672965644,0.41907013828021844,1.6077216050103185,0.04721717448872238,1.378856229783071,0.5219944119556167,95,0.6780838815789474,0.9024922685100965
154,3,1.0,0.07185932597031003,0.8296,-0.0043999999999999595,4,0.125,4.659795424235733,0.09963196209727149,4.285056059823149,0.3946486218513162,2.4906293454444715,0.12718955541577956,2.1066809492829974,0.542075129012299,1.983496938644832,0.05825331995164587,1.8348789558950844,0.39335373354854364,95,0.6668174342105263,0.8807424307825121
154,3,1.0,0.07185932597031003,0.8296,-0.0043999999999999595,1,0.125,4.209134471041769,0.08999629552405373,4.1017649756549215,0.2615415709301702,2.3893169419317317,0.12201581104291309,2.3870503931876317,0.23432045975967325,2.5858889569518317,0.07594497063941075,2.8572367066422752,-0.10028941875589495,95,0.7025493421052632,0.9104530024581529
154,3,1.0,0.07185932597031003,0.8296,-0.0043999999999999595,0,0.125,4.354077824308866,0.093095356612412,4.0276264454329755,0.3799186381577143,2.7235844778501006,0.13908593003157307,2.3681496955269146,0.503094733603883,3.2346534205070245,0.09499853363334172,2.7388834459255587,0.6175350873101692,95,0.8409128289473684,0.9712972470783825
154,3,1.0,0.07185932597031003,0.8296,-0.0043999999999999595,13,0.125,4.4744780661934485,0.09566965682172097,4.154733219026692,0.3712333481405678,2.1399087857518015,0.10927922598676393,2.0223260084112993,0.36237393634112425,1.601661136331518,0.04703918458910384,1.5653574658934926,0.34347414448227137,95,0.6737664473684211,0.8566459172464299
154,3,1.0,0.07185932597031003,0.8296,-0.0043999999999999595,14,0.125,4.614630886185361,0.09866629061740959,4.158851774944298,0.4405715573067302,2.726567180773715,0.13923824842430613,2.227618709315799,0.6119313226909104,2.502426471378314,0.07349376096958612,1.9764010966126946,0.6751924572680854,95,0.6781661184210527,0.8932880616018917
154,3,1.0,0.07185932597031003,0.8296,-0.0043999999999999595,11,0.125,4.236470660593059,0.09058077573258236,3.8871803527658564,0.39764056628433064,2.433117391125572,0.1242525788984616,2.0797646075781273,0.5233241999013292,2.3551166804264274,0.06916741984087572,1.8331239404063406,0.6807765763566005,95,0.8119654605263158,0.956297159062136
155,3,1.0,0.07107480328177919,0.8459,0.01629999999999998,3,0.125,4.442205168066653,0.09509481176859609,4.065803691703915,0.4047868492188603,2.3257634310237147,0.11986984556699279,2.1030495605803363,0.4270826380475392,1.7792133765521125,0.05224608085061035,1.7583644517070207,0.28855010938035036,95,0.7057565789473684,0.8613959450011652
155,3,1.0,0.07107480328177919,0.8459,0.01629999999999998,19,0.125,4.692522195102518,0.10045337799141872,4.4010504611675545,0.34694594543712326,2.7050523732959877,0.1394183973796908,2.42936003760713,0.4484120696412353,2.2904276657140215,0.06725773905615898,2.279933895269558,0.2182138137250095,95,0.7016447368421053,0.9068213783403657
155,3,1.0,0.07107480328177919,0.8459,0.01629999999999998,8,0.125,5.123571862475715,0.10968090923568365,4.594211040929036,0.46775830855540484,2.6644405685225223,0.137325264990792,2.2947174521007643,0.53555289935333,1.6595273137019215,0.04873153459170122,1.4384765726251751,0.5033469001234223,95,0.6399671052631579,0.8567848882035466
155,3,1.0,0.07107480328177919,0.8459,0.01629999999999998,14,0.125,3.839297307155647,0.08218829183581869,3.7086388304666955,0.2904486561729258,2.2106650197464037,0.11393767353230538,2.0642354257994597,0.36586875820923953,2.4756244759351453,0.07269598926695632,1.9444104756109388,0.6913510721912566,95,0.7100328947368421,0.9135974056057448
155,3,1.0,0.07107480328177919,0.8459,0.01629999999999998,18,0.125,4.707868449291231,0.10078189707106851,4.309407639789164,0.40751522746957936,2.3884295386420353,0.12309965670869873,2.119644261356657,0.46417387430506735,2.1801529490354996,0.06401955422723807,1.7877045643052205,0.5939516360554429,95,0.7578536184210526,0.9500298410287017
155,3,1.0,0.07107480328177919,0.8459,0.01629999999999998,0,0.125,3.924084249264011,0.08400333594008252,3.7323779403315775,0.32199665697792995,2.2715549480503796,0.11707594039342382,2.192611569929638,0.29441573040551905,2.8991824031793665,0.08513364402121752,2.474037191680135,0.5787930641185541,95,0.8465049342105263,0.9725554961869141
155,3,1.0,0.07107480328177919,0.8459,0.01629999999999998,17,0.125,4.254702619901276,0.09108092252905903,4.052189854117532,0.3125100215556211,2.3354695747146543,0.12037010020586285,2.2437836100558104,0.30113948717258415,1.5344934774633725,0.045059952530059795,1.5172598507313266,0.3273024488975559,95,0.6706825657894737,0.8953466985469928
155,3,1.0,0.07107480328177919,0.8459,0.01629999999999998,13,0.125,4.32379595502897,0.09256001173134641,4.045414628381945,0.3536747791743261,2.2006789471653794,0.11342299135864112,2.0139028374418833,0.4050279680711981,1.7137420649127768,0.05032353491745591,1.6672416540489068,0.32523142026913565,95,0.6919407894736842,0.8814475873544093
156,3,1.0,0.0702907110353015,0.8419,-0.0040000000000000036,3,0.125,4.040213460367079,0.08658280877334777,3.8874554607257585,0.29309543216474027,2.046576917009783,0.1050537055478379,1.9422422611355092,0.3361978815587917,1.792168050002924,0.05288144697710758,1.7686165111169672,0.24742681370789307,95,0.7181743421052632,0.8745562807740753
156,3,1.0,0.0702907110353015,0.8419,-0.0040000000000000036,0,0.125,3.7990668670780146,0.08141497554426033,3.672504637700789,0.29015818826422524,2.3048845440492856,0.11831300363051969,2.178798161962583,0.33341358420934425,2.6183440186630595,0.07725939561891612,2.525752020345929,0.2655265089854281,95,0.8455180921052632,0.9759276370179448
156,3,1.0,0.0702907110353015,0.8419,-0.0040000000000000036,2,0.125,5.213994697948044,0.11173724118939701,4.732717471431469,0.4386081531724805,2.840548451034122,0.14580939425687817,2.4931224848133673,0.5149732126501703,2.7594310491515968,0.08142244624462333,2.418729712345272,0.5514266091856016,95,0.589514802631579,0.8232545162865313
156,3,1.0,0.0702907110353015,0.8419,-0.0040000000000000036,18,0.125,4.1602645644958205,0.08915553466859383,3.9489837913153716,0.321869403103446,2.1408321000963926,0.10989195822626918,1.9959567580005946,0.36752318169497183,1.7472665420917968,0.05155653957805503,1.698766757869639,0.28436450648092915,95,0.7767269736842105,0.9588141874007411
156,3,1.0,0.0702907110353015,0.8419,-0.0040000000000000036,12,0.125,4.945851901945677,0.10599087242498167,4.480336620633186,0.4375053148965667,2.489418144059774,0.12778537592108025,2.1683059413258285,0.5101988540778101,1.4611661267440834,0.04311458351019975,1.3478043963943858,0.4064841748754339,95,0.6627878289473684,0.8531546621998883
156,3,1.0,0.0702907110353015,0.8419,-0.0040000000000000036,16,0.125,4.910523681713801,0.1052337796211868,4.537439160073999,0.38645085576667976,2.445035535023185,0.12550715344020374,2.231215273189793,0.41012984671124325,1.8356701198730019,0.05416506120135692,1.602630088704803,0.49232704504116565,95,0.6619243421052632,0.8545782084731023
156,3,1.0,0.0702907110353015,0.8419,-0.0040000000000000036,17,0.125,4.14676997034569,0.08886634206126348,3.9510137018646883,0.31338840976167404,2.168660730661701,0.11132044143494278,2.044749389136378,0.3436057054976715,1.764233233640038,0.05205717521849276,1.7071624360894948,0.2928984182048342,95,0.6706825657894737,0.9071792042180123
156,3,1.0,0.0702907110353015,0.8419,-0.0040000000000000036,4,0.125,4.522423265328481,0.09691668834213,4.19213656159176,0.37552753841956027,2.1588468792860165,0.11081668247814885,2.057365136650569,0.3216353293930566,2.2944088074879816,0.067701049405934,2.0532630676230057,0.4630129222205222,95,0.6723273026315789,0.881230505779463
157,3,1.0,0.06950713521542763,0.835,-0.006900000000000017,4,0.125,4.336177731754021,0.09301741137314846,4.048863783860102,0.3579691757171444,2.1927016981443836,0.1128673848774958,1.9681680598550328,0.4409135965883364,2.0489618872223367,0.06064581584005536,1.9225228246879873,0.36055817388232375,95,0.6844983552631579,0.8865861716825855
157,3,1.0,0.06950713521542763,0.835,-0.006900000000000017,8,0.125,4.5525765517811285,0.09765948540893367,4.193616867782525,0.39212093219828315,2.208599781255528,0.11368572467576313,2.017840255582094,0.4071034870042016,2.175353512444159,0.06438679475954083,1.762339044058408,0.6122720864536535,95,0.6513569078947369,0.8715358878858658
157,3,1.0,0.06950713521542763,0.835,-0.006900000000000017,9,0.125,4.124364839495816,0.08847371225559682,3.916428600208407,0.3193496451579848,2.2524392008230776,0.11594232011021006,2.0544322000331023,0.4101045106415324,1.6651399696378772,0.04928533447904789,1.366665201458495,0.5712903293970307,95,0.6788240131578948,0.9056272336301411
157,3,1.0,0.06950713521542763,0.835,-0.006900000000000017,6,0.125,4.874996737618708,0.1045758742002505,4.450669909094631,0.4196754304021459,2.6472090359834985,0.13626274899517135,2.298453409981947,0.5230542115865523,2.0107777860359444,0.05951563085076438,1.7160226836918757,0.5238835154148338,95,0.6098684210526316,0.8743257820927723
157,3,1.0,0.06950713521542763,0.835,-0.006900000000000017,3,0.125,3.951662395597314,0.08476898997181789,3.719419536647619,0.3421504713200642,1.9138490752041344,0.09851369219593711,1.7612313712139411,0.4020447253152252,1.586962274850548,0.04697140657709959,1.404922870885906,0.47965141705985936,95,0.726891447368421,0.8926914809367575
157,3,1.0,0.06950713521542763,0.835,-0.006900000000000017,12,0.125,4.085588611950377,0.0876419049515097,3.8692228552521297,0.32621938807710826,2.1621603894417554,0.11129529796438803,1.9763428841140684,0.4067472884155842,1.3683614174771321,0.0405011899169359,1.290104044488048,0.4264904472985212,95,0.6737664473684211,0.8504821188819724
157,3,1.0,0.06950713521542763,0.835,-0.006900000000000017,11,0.125,4.057919301821949,0.08704835741682732,3.8065824489994076,0.3485237718976868,2.134231868342446,0.10985770198740556,2.0144945421650444,0.3446490212774903,1.7846513909110442,0.05282267096661979,1.658865604668687,0.3935565533644376,95,0.8196546052631579,0.9622755091802949
157,3,1.0,0.06950713521542763,0.835,-0.006900000000000017,16,0.125,4.5731603254487565,0.09810103773019405,4.231807320056749,0.3810159236707388,2.459464192415687,0.12659874885522251,2.2436814565178915,0.4104116866873859,2.19420127114466,0.06494465662621417,1.7169574697113172,0.6647843046447115,95,0.6835115131578947,0.8764964206220297
158,3,1.0,0.06872416175007633,0.8403,0.005300000000000082,9,0.125,4.207404365585818,0.09036528523645945,3.9453781556104013,0.34820895024004705,2.1835744168495235,0.1134132711099289,1.976971723341444,0.424647196655875,1.6299600001158638,0.049161262960260146,1.4474984545873373,0.4649070237266059,95,0.678125,0.8966771768130002
158,3,1.0,0.06872416175007633,0.8403,0.005300000000000082,8,0.125,4.332227898258452,0.09304620514671262,4.06740166632223,0.3446772811550383,2.2121676824467205,0.11489838458170692,2.0437462939419757,0.383798840235988,1.8504911600788416,0.05581270860622722,1.7905893943250555,0.26564974408120806,95,0.6528371710526316,0.8773697801851735
158,3,1.0,0.06872416175007633,0.8403,0.005300000000000082,5,0.125,4.5631748220790085,0.09800640930874392,4.15510992105853,0.4205284494053644,2.3602345805970883,0.12258887185466308,2.0825480043784226,0.479694032072305,2.009507411077013,0.060608801596067546,1.8464345827000423,0.40305083599920305,95,0.6831825657894737,0.8971411375263316
158,3,1.0,0.06872416175007633,0.8403,0.005300000000000082,11,0.125,4.015761400421077,0.08624923892716647,3.7899278974280914,0.33512955561773544,2.3225597888210707,0.12063207050146328,2.1794775796026866,0.34842741430945096,2.1393690275719557,0.06452556094997716,1.9823531319633676,0.3852436561741079,95,0.825,0.9605263157894737
158,3,1.0,0.06872416175007633,0.8403,0.005300000000000082,19,0.125,4.568421868308146,0.09811910368939894,4.219240410383186,0.3858551471006263,2.3948175217862144,0.12438508473140121,2.1781334246760977,0.4172248504766328,2.2976742660932534,0.06930020907531706,2.1893171698993728,0.3043924208702023,95,0.6930098684210526,0.8997270677583956
158,3,1.0,0.06872416175007633,0.8403,0.005300000000000082,0,0.125,3.9753217246843042,0.08538068850621956,3.768692983948339,0.3254733844571876,2.2447857915971565,0.11659254550776736,2.2193268223731963,0.23103890211977066,2.503557064595225,0.07550984513720213,2.561455992397239,0.03802323591789044,95,0.8512746710526315,0.9737719171134618
158,3,1.0,0.06872416175007633,0.8403,0.005300000000000082,6,0.125,4.2457349375525855,0.09118853700122566,3.9864121745842307,0.34495553671123563,2.264117887441654,0.11759664054122104,2.047103594267156,0.42793279779327087,1.913572553349153,0.057715308033354826,1.8649184283353726,0.24301112594215368,95,0.6233552631578947,0.8738126649076517
158,3,1.0,0.06872416175007633,0.8403,0.005300000000000082,13,0.125,4.436353877120405,0.09528258961627996,4.068455435815911,0.40169070380317784,2.3202874893350542,0.12051404891462753,2.0526075036532685,0.47304016359447704,1.7490403346645913,0.052752847808802204,1.470716472644249,0.581553753880496,95,0.6830180921052632,0.8767684064776353
159,3,1.0,0.06794187650111143,0.8301,-0.010200000000000098,19,0.125,4.134782768545584,0.08892074710025691,3.851910597986334,0.3650324591507078,2.233061987285485,0.11698335386529618,2.021307309535417,0.4254384527614347,2.318740469894609,0.0701767631567195,1.776954036058193,0.7152337706636109,95,0.7010279605263158,0.9079711420024635
159,3,1.0,0.06794187650111143,0.8301,-0.010200000000000098,9,0.125,3.929875646992706,0.08451410826223783,3.7153319398871396,0.33623984522274475,2.0409537949420486,0.10691938753865901,1.9052976758717581,0.366975697510759,1.7890414599840014,0.05414540369865342,1.3511526893333357,0.6732327763360563,95,0.6745065789473684,0.9128871007071446
159,3,1.0,0.06794187650111143,0.8301,-0.010200000000000098,0,0.125,3.818543159931655,0.08211984271549409,3.7763962832754823,0.24106943320349658,2.296657434999534,0.12031492674885869,2.274769282762757,0.22188022477174352,2.524067325734154,0.07639098778385967,2.5824730403083733,0.12055003777725239,95,0.8520148026315789,0.9739394816852468
159,3,1.0,0.06794187650111143,0.8301,-0.010200000000000098,4,0.125,4.485531956886287,0.09646379872302324,4.120321344438273,0.3963118436420629,2.296555483392669,0.12030958581297294,2.153617494848764,0.3502640936014546,2.2272909988115455,0.06740904164742308,1.767137017446031,0.6525922217228435,95,0.6708881578947369,0.8843466535915666
159,3,1.0,0.06794187650111143,0.8301,-0.010200000000000098,17,0.125,4.361153597482701,0.09378897461245421,4.038009628339733,0.3777589003733723,2.2079592974892868,0.1156682999795914,2.0482815144916757,0.37516146310208415,1.4956496797512127,0.045265890988694754,1.668741812732487,0.11370788245377955,95,0.6334292763157895,0.8778967867575462
159,3,1.0,0.06794187650111143,0.8301,-0.010200000000000098,15,0.125,4.850071178084554,0.1043034124852954,4.43015264690182,0.4137284402315505,2.6341282501848,0.13799400060207404,2.4004000462167596,0.41825394787802284,2.4723834228576282,0.07482677261693084,2.4430992669273564,0.2192858672262376,95,0.6043174342105263,0.8186704769680887
159,3,1.0,0.06794187650111143,0.8301,-0.010200000000000098,16,0.125,4.627046245065689,0.09950714028040807,4.361860220198385,0.3343686446453898,2.382814845012918,0.12482845250009193,2.232683201762381,0.3507024590910385,1.6954050930867313,0.05131149570941473,1.5066677358054092,0.4658687349525658,95,0.6589638157894737,0.8461250467989517
159,3,1.0,0.06794187650111143,0.8301,-0.010200000000000098,10,0.125,5.219491138990773,0.11224798920342936,4.680608868182216,0.4681041184109658,2.869324056652487,0.1503151965260122,2.5185213846254157,0.5207072634319705,2.0441351012491245,0.06186582186458183,1.613061832399129,0.642237440114238,95,0.7217105263157895,0.9249088422971741
160,3,1.0,0.06716036525492598,0.8377,0.007600000000000051,19,0.125,3.9409957104319586,0.08484319220386417,3.8354818798667347,0.27730193690750504,2.0585762653588944,0.10733875399580121,2.06930138494777,0.2242999730278235,1.9295421075027868,0.059268776334864284,2.1249232076611917,-0.0034744761068531945,95,0.7089638157894737,0.9185129335343928
160,3,1.0,0.06716036525492598,0.8377,0.007600000000000051,16,0.125,4.992535963571507,0.10748113407501635,4.540944364408316,0.4236764675485493,2.4780753794836246,0.12921237265653157,2.199607304224898,0.46673239030575203,1.7671905196795306,0.05428190410808508,1.3641791291526126,0.6541377218042695,95,0.6445723684210526,0.8470910946670069
160,3,1.0,0.06716036525492598,0.8377,0.007600000000000051,8,0.125,4.549859559265274,0.09795103508118803,4.13078017411027,0.4218643742630533,2.343913116494609,0.12221685328480345,2.055961813727713,0.4856038504308334,2.219304372915056,0.06816925838820996,1.75495861879071,0.6696846100236773,95,0.6403371710526315,0.855647595196815
160,3,1.0,0.06716036525492598,0.8377,0.007600000000000051,0,0.125,4.071886650485055,0.08766106007295965,3.886598027465792,0.31551671916890106,2.558861380203124,0.13342473476497316,2.33471469877428,0.41052308796748727,2.903412641149692,0.08918266865853827,2.691155512023878,0.3836253319400767,95,0.8462582236842106,0.9745882124289393
160,3,1.0,0.06716036525492598,0.8377,0.007600000000000051,6,0.125,4.639745413440244,0.09988613051455497,4.294184280266506,0.37887142365937965,2.382156439846505,0.12421094538929751,2.102238949915093,0.4752763986523489,1.7817751475053112,0.054729892799895576,1.7831907049359808,0.2462839823930707,95,0.6144325657894737,0.8784046041624841
160,3,1.0,0.06716036525492598,0.8377,0.007600000000000051,5,0.125,4.712840059826493,0.10145973870600927,4.278072150870358,0.42415108422947667,2.522941431609064,0.13155178859797387,2.2405044452912346,0.467182021388206,2.082904792882703,0.06397954095749292,1.7198609875867108,0.587214629734477,95,0.6828125,0.8840178248825725
160,3,1.0,0.06716036525492598,0.8377,0.007600000000000051,7,0.125,4.692443051315077,0.10102062447177221,4.348102383510503,0.37623022115261356,2.253200853173705,0.11748691372373146,2.1353510323031646,0.3334826720927849,1.9095375598588151,0.05865430668666098,1.527805397451153,0.620245166848041,95,0.7305509868421053,0.9267180728316542
160,3,1.0,0.06716036525492598,0.8377,0.007600000000000051,1,0.125,4.710215883882691,0.10140324448974118,4.3930067363206176,0.36077084945443166,2.5652688344371404,0.13375883370769293,2.409654109249804,0.34459665489134655,2.9270651246749706,0.0899091901220362,2.9181400237299,0.1609830528701438,95,0.6987664473684211,0.910674355654937
161,3,1.0,0.06637971371303501,0.8348,-0.0029000000000000137,0,0.125,3.927049934944549,0.08458836178637077,3.8134585819496625,0.27215856560974167,2.4920760167412213,0.1309433463015623,2.318686416878906,0.3666842785730375,3.2210252993395754,0.0994028968682938,2.963661024656137,0.4220562923638156,95,0.8528371710526316,0.9726628417144786
161,3,1.0,0.06637971371303501,0.8348,-0.0029000000000000137,4,0.125,4.549650122702115,0.09799912324923539,4.1835439794842895,0.395978918985061,2.266886681615861,0.11911102461689012,2.005835007708687,0.4688375253524031,2.0656306564810105,0.06374668064739131,1.713635275426588,0.5839514361166325,95,0.6680921052631579,0.8788774002954209
161,3,1.0,0.06637971371303501,0.8348,-0.0029000000000000137,10,0.125,4.6711743587101715,0.10061674620070085,4.2668519327748085,0.41386881343479376,2.4557307875536507,0.12903362689495243,2.153881404953987,0.49232305340547505,1.9519198958830564,0.06023749398845658,1.5100339980643607,0.677874935452774,95,0.7333470394736842,0.9304177179702832
161,3,1.0,0.06637971371303501,0.8348,-0.0029000000000000137,1,0.125,4.369103254502661,0.09411015721629716,4.100572123718083,0.34556565460234046,2.4836735723423007,0.13050184926081543,2.42524004201708,0.251194374431807,2.86520146412029,0.08842194617447731,2.8322133872526414,0.187318031335977,95,0.7006578947368421,0.9106220657276995
161,3,1.0,0.06637971371303501,0.8348,-0.0029000000000000137,16,0.125,4.255030603294566,0.0916530408439134,4.035293757711336,0.3211981218666459,2.370599809989842,0.12456051491873543,2.2026614075595248,0.3707011993102369,1.507284389477275,0.04651575842919299,1.3930713153767682,0.4117994955394766,95,0.6852384868421053,0.8771077107710771
161,3,1.0,0.06637971371303501,0.8348,-0.0029000000000000137,12,0.125,4.439164323717273,0.09561926740538094,4.090802630626836,0.3897572224835431,2.298417629163936,0.1207677829807072,2.0341183951824204,0.4692474792409909,1.3818030051054062,0.042643322806857134,1.3220988952751365,0.37716287857645575,95,0.6875,0.869377990430622
161,3,1.0,0.06637971371303501,0.8348,-0.0029000000000000137,15,0.125,4.845083272696358,0.1043627311965209,4.437770391992302,0.4099214718194667,2.538247566050099,0.13336937870579765,2.3017633194399654,0.4248056901742304,2.381960000916864,0.07350880614445564,2.376951428473802,0.1849393698314667,95,0.5832236842105263,0.8064720812182741
161,3,1.0,0.06637971371303501,0.8348,-0.0029000000000000137,8,0.125,3.9829616887610766,0.0857926967803972,3.793415246242053,0.31554143038048804,2.074240625933297,0.10898865314290168,1.964921809290998,0.3402889292559482,1.8285464363354367,0.05643011027178377,1.6363574543596666,0.4467165394684973,95,0.6513980263157895,0.8649160459537937
162,3,1.0,0.06560000748267719,0.8429,0.008099999999999996,16,0.125,4.2026518732188745,0.09060569843622776,3.9476388166464718,0.34393876463125855,2.2568577370117087,0.11820482065873181,2.000011643557368,0.46836668499628376,1.7467307823732598,0.054767139341449535,1.4568791643611674,0.5587453663531499,95,0.687171052631579,0.8729655337482048
162,3,1.0,0.06560000748267719,0.8429,0.008099999999999996,2,0.125,4.717028877035754,0.10169524120500979,4.310316495555758,0.41538674584208485,2.263843113515952,0.11857068562371231,2.0608656311467803,0.41415713907543544,1.948966272344684,0.061108047379952575,1.8859528539040067,0.28616608109253233,95,0.5984375,0.8194997938711007
162,3,1.0,0.06560000748267719,0.8429,0.008099999999999996,0,0.125,3.627052792938719,0.07819625833475931,3.4321933289691926,0.33600517188628604,2.1768859803304323,0.11401623269359461,2.0375718904289064,0.35669907691696756,2.8421238460941676,0.0891121827561826,2.421331656465757,0.6189544004100985,95,0.84765625,0.97239873878244
162,3,1.0,0.06560000748267719,0.8429,0.008099999999999996,11,0.125,4.551195158991175,0.09812000340255118,4.09884478306882,0.44762746243420204,2.354940696538053,0.1233419980936908,2.0858769320602977,0.4727458353332206,2.101769114145786,0.06589904013804673,1.826703632511392,0.5083986421477441,95,0.8152138157894737,0.95707656612529
162,3,1.0,0.06560000748267719,0.8429,0.008099999999999996,8,0.125,3.924342497887893,0.08460557848960458,3.731625371563903,0.31876125343035067,2.0191588910526526,0.10575514383746215,1.8355268282980943,0.41769336821911707,2.0011023478320995,0.06274272614084102,1.6029152482852058,0.6418336748856346,95,0.6663651315789474,0.8777613229668024
162,3,1.0,0.06560000748267719,0.8429,0.008099999999999996,9,0.125,4.314287889110619,0.09301247860637833,4.005048885716702,0.3719953141764525,2.1943511678888017,0.11493098656985874,2.030168338864828,0.3807466928105835,1.6113414438799698,0.050522130985591635,1.58315840795942,0.2888337250869904,95,0.6722450657894737,0.8984035720839195
162,3,1.0,0.06560000748267719,0.8429,0.008099999999999996,5,0.125,4.193549773672297,0.09040946469821366,3.8436795738466727,0.4011162365896893,2.3625712116040725,0.12374165273302437,2.063298571749646,0.5016375598723679,1.7780717491109113,0.05574980656741126,1.5855663235409536,0.452653913633593,95,0.6819901315789474,0.9006993850235138
162,3,1.0,0.06560000748267719,0.8429,0.008099999999999996,15,0.125,4.156166367965207,0.08960350939042333,3.994320565775161,0.2888482257754184,2.189439543304022,0.11467373610445916,2.181909530807207,0.2143717600363195,2.2547570233882825,0.07069583551578479,2.5154398525158923,-0.15369778689984678,95,0.6026726973684211,0.8247253871870096
163,3,1.0,0.06482133206742717,0.8472,0.0042999999999999705,17,0.125,4.330235399414398,0.09347816612479314,3.936731658002561,0.42345033244245783,2.3092753289850565,0.12229707038184393,2.0326979940757357,0.49092754587190013,1.5877987059367067,0.05004145770683476,1.342785194100109,0.5770073502030295,95,0.6422697368421053,0.891101152368758
163,3,1.0,0.06482133206742717,0.8472,0.0042999999999999705,7,0.125,4.452133685587254,0.09610962312288956,4.104405944819272,0.3911071974159425,2.218489297742253,0.11748912673249605,2.035289100768369,0.39833511243199254,1.7273875870473394,0.0544407754946152,1.7213383292235325,0.1749971846418292,95,0.7359375,0.9246284501061571
163,3,1.0,0.06482133206742717,0.8472,0.0042999999999999705,9,0.125,3.9855058098603844,0.0860363790467004,3.7058816745541674,0.3680773632024055,1.9814793286355397,0.10493729953838586,1.8280970653917514,0.3876370162753694,1.6771919954566405,0.05285879878417717,1.527664593581052,0.42087192774363136,95,0.6830592105263158,0.9122321213580544
163,3,1.0,0.06482133206742717,0.8472,0.0042999999999999705,6,0.125,4.3722038973639235,0.09438415341219658,4.0847257807045185,0.3568604609116071,2.182282469379265,0.11557164682828826,1.9945856107561966,0.4062188470386274,1.991718183945704,0.06277148412654375,1.8317774735606671,0.4129070189161983,95,0.6303042763157894,0.8808793789549221
163,3,1.0,0.06482133206742717,0.8472,0.0042999999999999705,12,0.125,4.263477955031866,0.0920370519819221,3.911120909461114,0.4010045160143787,1.9585618785636048,0.10372361272969699,1.7926390805290515,0.4037038706707668,1.5257283844652194,0.048085234065165613,1.38019576419343,0.43015689643040456,95,0.6777138157894737,0.8579055939813129
163,3,1.0,0.06482133206742717,0.8472,0.0042999999999999705,15,0.125,4.376423136793342,0.09447523547308334,4.08440183673073,0.35952291734989483,2.4968493739186064,0.13223081708026282,2.3313921575851406,0.35857537736449685,2.5601556479275915,0.08068650018397838,2.3648296045615758,0.4417598784998807,95,0.59609375,0.8167207008346554
163,3,1.0,0.06482133206742717,0.8472,0.0042999999999999705,8,0.125,3.9678539530122343,0.08565532280964558,3.7785824210831573,0.3123341957831019,2.0574618457960736,0.1089612628710975,1.9216508919723352,0.3606657085549796,1.4117756136675792,0.0444938702864159,1.3707842595022146,0.2722477480825221,95,0.6691200657894737,0.8834879862348676
163,3,1.0,0.06482133206742717,0.8472,0.0042999999999999705,0,0.125,3.5193951005306254,0.07597429920569113,3.4547741280385837,0.25616033288140516,2.031009099071297,0.10756035004472832,1.9356212739380478,0.3180565719489424,2.2657130672578347,0.07140677480532306,2.425394862096893,-0.16580995295922232,95,0.8535773026315789,0.9749506238258105
164,3,1.0,0.06404377285781915,0.846,-0.0011999999999999789,11,0.125,3.8925470199263152,0.0841294686789813,3.6172090565970496,0.37026921760434484,2.0302111174837782,0.10734681805270703,1.8663361909944,0.39505111946445276,1.4786083854148382,0.046552451763758294,1.4929312113933355,0.2295332286305276,95,0.8188322368421053,0.9592246660640755
164,3,1.0,0.06404377285781915,0.846,-0.0011999999999999789,1,0.125,4.169227404203582,0.09010935115798176,3.903230992289143,0.35189309619719145,2.5307013736728448,0.1338100937217261,2.328001124513212,0.39550446426210734,2.923513681666808,0.09204379671382576,2.808692856486744,0.2787983105800802,95,0.6968338815789473,0.9147341712397474
164,3,1.0,0.06404377285781915,0.846,-0.0011999999999999789,13,0.125,4.276058404406836,0.09241828544690245,3.892559580577837,0.4179587029373102,2.0741477993814987,0.10966995723606437,1.8897315799490813,0.4122799884124893,2.0083257934692136,0.06323005506299555,1.8552749648492823,0.3832502568839905,95,0.6842105263157895,0.88203125
164,3,1.0,0.06404377285781915,0.846,-0.0011999999999999789,2,0.125,4.04096347337974,0.08733718776582532,3.7894218306175538,0.34878799209069145,2.162980777245056,0.11436697491549576,1.9728955070777388,0.409993361153983,2.255691382123285,0.07101810411467299,1.9386013430374756,0.5635089878634759,95,0.6104440789473684,0.8284386366698101
164,3,1.0,0.06404377285781915,0.846,-0.0011999999999999789,4,0.125,4.287955808308574,0.09267542357877051,3.968109118657965,0.37952922377553294,2.128100053047394,0.11252266684243498,1.9226681812846564,0.42912252238879217,1.952841671507372,0.06148319501758978,1.7245326194954096,0.4804337407339176,95,0.671875,0.8825581395348837
164,3,1.0,0.06404377285781915,0.846,-0.0011999999999999789,14,0.125,4.32160904536088,0.0934027696938065,3.970204230507415,0.3971018530667054,2.2848467631769593,0.12081060321896962,2.0642090410738585,0.4317045150790664,2.1422149810104076,0.06744541729560695,2.10218974720443,0.22574904479853114,95,0.6930509868421053,0.902165529516464
164,3,1.0,0.06404377285781915,0.846,-0.0011999999999999789,7,0.125,3.9601261735203437,0.08559005432034589,3.7090920089313753,0.3522631462320848,2.006122039530208,0.10607311511320963,1.846377161155207,0.393174187773586,1.5361301526974827,0.04836346495914211,1.4194014790398863,0.39220249418803405,95,0.73203125,0.9247879570858843
164,3,1.0,0.06404377285781915,0.846,-0.0011999999999999789,5,0.125,4.129649160377655,0.08925394809996412,3.859606279375815,0.3560676627526521,2.0754056254723254,0.10973646442211568,1.946744055556481,0.35295533910620486,1.7062800025334093,0.05372045654341167,1.5692568976342878,0.394399613379048,95,0.6967105263157894,0.9063385269121813
165,3,1.0,0.0632674151219827,0.8506,0.0046000000000000485,13,0.125,4.001304422842029,0.08658891524783267,3.784938637866724,0.3263047739835595,1.939454297130302,0.10339347119844966,1.8240167344356912,0.3440491901609245,1.9571626153925876,0.06224383577380307,1.8432740467292412,0.3378730927519525,95,0.6890213815789473,0.8964015038491376
165,3,1.0,0.0632674151219827,0.8506,0.0046000000000000485,1,0.125,4.028091817880486,0.08716859907929873,3.8128851639586756,0.3243710029813375,2.2350215359340813,0.11915033787877376,2.1683889374597785,0.257638632049341,2.3917147133241357,0.07606393902229439,2.4561488015696042,0.014449734035614654,95,0.6946134868421052,0.9116201977150299
165,3,1.0,0.0632674151219827,0.8506,0.0046000000000000485,2,0.125,4.009912526035329,0.08677519608005184,3.7392081885935267,0.3611927830630731,2.0159558224624785,0.10747181337324258,1.861113253699721,0.38434453286702214,1.6550749828819633,0.0526365129895813,1.588414842418722,0.28947216132739356,95,0.6226151315789473,0.8261788403117157
165,3,1.0,0.0632674151219827,0.8506,0.0046000000000000485,18,0.125,4.273703443764134,0.09248367686646096,3.9158168958823367,0.40625692764115656,2.216688210191391,0.11817297729340014,2.0607167742770782,0.3690833165138351,1.783653379850164,0.056725704435404097,1.6650896445789023,0.3594571348930285,95,0.7622532894736842,0.954310065810767
165,3,1.0,0.0632674151219827,0.8506,0.0046000000000000485,0,0.125,3.918446356099604,0.08479585244616182,3.664867811315628,0.35421530303207766,2.2731811628529544,0.12118465046485426,2.066157507584565,0.4258506994566549,2.741753589867332,0.0871962599519126,2.6173942579876823,0.31285090292846296,95,0.8458059210526315,0.9726300437530384
165,3,1.0,0.0632674151219827,0.8506,0.0046000000000000485,9,0.125,3.705730758741541,0.08019265036876352,3.5051332767569203,0.330123335874909,1.9561970432792644,0.10428603703219841,1.7552320179105867,0.44431971546645166,1.5210843654274768,0.04837519616160041,1.2724710751158277,0.5794251210532387,95,0.6886924342105263,0.913009731924294
165,3,1.0,0.0632674151219827,0.8506,0.0046000000000000485,12,0.125,4.12926491801138,0.089358002350538,3.8048049661835517,0.39062776247769543,1.983779688216953,0.10575648436842164,1.8354707926139409,0.37949698411740934,1.3996244313689525,0.04451239389408456,1.2274690538950739,0.48414660450451724,95,0.67890625,0.8694809520925444
165,3,1.0,0.0632674151219827,0.8506,0.0046000000000000485,8,0.125,4.12988621514374,0.08937144732723873,3.8269904774648964,0.3768336188104894,1.9994944180718917,0.10659424603728497,1.8563590690307061,0.371806230666636,1.8580640277184457,0.059092193611780766,1.7842440495106,0.28168489696677534,95,0.6775904605263158,0.880089811274956
166,3,1.0,0.062492343996292325,0.8398,-0.010800000000000032,17,0.125,3.8973618972177824,0.08445379905433821,3.6663395046823255,0.34069004853435425,2.0716774634332102,0.11002075743225581,1.904343897028925,0.39417562869335965,1.4549515883770907,0.0463683037641793,1.320134160672169,0.49766600674067896,95,0.6706003289473684,0.9022012385799252
166,3,1.0,0.062492343996292325,0.8398,-0.010800000000000032,4,0.125,4.221316248633981,0.09147372084215398,3.8981344854986557,0.3860154745604635,2.2249766646596885,0.1181620316076027,1.981855273687802,0.4608991794358609,2.2035613098435998,0.07022597933433047,1.7455787671575147,0.6214175945265322,95,0.6714226973684211,0.8781921734337681
166,3,1.0,0.062492343996292325,0.8398,-0.010800000000000032,18,0.125,3.839693576163909,0.08320415662273296,3.63194242083301,0.3283166256435971,1.8272406167668995,0.0970394282971635,1.7058288226236649,0.3713129292705149,1.8440759427701703,0.058769428592438624,1.5083740863938804,0.5759076030600921,95,0.7681332236842106,0.9614046357261389
166,3,1.0,0.062492343996292325,0.8398,-0.010800000000000032,3,0.125,4.133231700526187,0.08956497463847235,3.7807568178740056,0.4080155442529667,2.090846314115273,0.11103875927297253,1.8243758090815747,0.4962017355186325,1.7107117565702277,0.05451920394827762,1.5002941785090251,0.5025433480463377,95,0.7115131578947368,0.8674294960702728
166,3,1.0,0.062492343996292325,0.8398,-0.010800000000000032,6,0.125,4.218777606779422,0.09141870979757817,3.925494236940968,0.36703879299169595,2.2312122436139448,0.11849318504808035,2.05821474995651,0.3860900710742982,1.954243613889457,0.062280396297659156,1.838568910781538,0.38538626123506764,95,0.6225740131578947,0.8795323954824649
166,3,1.0,0.062492343996292325,0.8398,-0.010800000000000032,9,0.125,3.762836905546592,0.08153871266667284,3.544812054002384,0.338773085029797,1.8174043530758044,0.09651705297537752,1.7661864935795062,0.29441139633286245,1.4949240862033681,0.04764219970424233,1.3720597680542934,0.4777755690871193,95,0.6834292763157894,0.9145057457433368
166,3,1.0,0.062492343996292325,0.8398,-0.010800000000000032,16,0.125,4.521280226703379,0.09797378375535108,4.122870024153395,0.4228098886890096,2.1904455844390815,0.1163281864903569,1.882329498143913,0.5300901773066858,1.9557387170918799,0.0623280442056738,1.3688546832684998,0.7329380954401092,95,0.6884868421052631,0.8808528428093646
166,3,1.0,0.062492343996292325,0.8398,-0.010800000000000032,0,0.125,3.3674974310715866,0.07297191250387695,3.254526015413666,0.2921741626239279,1.9029921074051852,0.10106236937933129,1.7622845519673018,0.38317967768341177,2.7755218988596373,0.08845396887329302,2.1317827212227805,0.7122068406210911,95,0.8523026315789474,0.9742859899652644
167,3,1.0,0.06171864447603126,0.8471,0.007299999999999973,4,0.125,3.9704331262553807,0.08614402281147872,3.712258507929316,0.3550124508957938,1.9888369435125992,0.10673634263887441,1.933240185488375,0.28438214244456667,1.941669309974866,0.06320724533779712,1.5030425288199019,0.6515935975201991,95,0.6719983552631579,0.8926757633237472
167,3,1.0,0.06171864447603126,0.8471,0.007299999999999973,0,0.125,3.3743672446437794,0.07321155139843641,3.4007245760540217,0.199426180380588,2.011134955859248,0.10793302610443509,2.084573922356451,0.135427808682979,2.2440382379556763,0.07305027417655297,2.7141634496145444,-0.3227101543138064,95,0.8573601973684211,0.9728550189439356
167,3,1.0,0.06171864447603126,0.8471,0.007299999999999973,12,0.125,4.104303981061468,0.08904853564509092,3.8055292830774254,0.3749590610578031,2.1544328615187647,0.11562349786874862,2.00068729509444,0.37290316353452474,1.322193603050335,0.04304142575810206,1.347967372679646,0.338206750457158,95,0.6844572368421052,0.853898834554848
167,3,1.0,0.06171864447603126,0.8471,0.007299999999999973,17,0.125,3.8878450185718165,0.08435215990735279,3.603941557409989,0.3751263685347002,2.0890844064965193,0.11211639533380857,1.8140118232271878,0.5021948248510786,1.3143293814123693,0.04278542140972611,1.1540855854620469,0.5231760488597147,95,0.6677631578947368,0.9035098522167487
167,3,1.0,0.06171864447603126,0.8471,0.007299999999999973,10,0.125,4.856188886387804,0.10536171568777435,4.352791278252254,0.4763405807843997,2.56148283464806,0.13746894153108263,2.2259161784160684,0.5271460207142978,2.0284365630263266,0.06603178349305147,1.4424320261539176,0.7572288701334107,95,0.7251233552631579,0.9251488517153388
167,3,1.0,0.06171864447603126,0.8471,0.007299999999999973,6,0.125,4.045582862499721,0.0877744999880115,3.758593594917487,0.3699972367453173,2.1843219419505058,0.11722757664480389,1.8796985954338246,0.5228245533276302,2.1731661303431733,0.07074317138080027,1.7574011494142274,0.6115492249747344,95,0.633141447368421,0.8832965320171451
167,3,1.0,0.06171864447603126,0.8471,0.007299999999999973,9,0.125,3.641782634464942,0.079013497107725,3.416892480941285,0.3499983962012867,1.9169120393344823,0.10287629707723832,1.7978014858077869,0.3612137367051091,1.570003043650584,0.051108377235665955,1.1901751084742374,0.6532916686093192,95,0.687171052631579,0.9135950215414074
167,3,1.0,0.06171864447603126,0.8471,0.007299999999999973,1,0.125,4.05804772989224,0.08804494247800149,3.741126946221767,0.3883393049185533,2.2803037070566226,0.12237869906379749,1.963362960409843,0.5273360690234512,2.801584461368214,0.09120010059104922,2.1477288288709637,0.7704525893460151,95,0.7008634868421053,0.9113523027280728
168,3,1.0,0.060946401406070654,0.8511,0.0040000000000000036,4,0.125,3.8815384373272224,0.08431776220380842,3.6571034862157363,0.33737366212226994,1.946339354276077,0.10498208037341164,1.8031690319434523,0.3767876903343005,1.4891720589838122,0.04932846307270044,1.6164110084744165,0.060844633522378344,95,0.6784950657894737,0.8937034119144295
168,3,1.0,0.060946401406070654,0.8511,0.0040000000000000036,3,0.125,4.17403103825591,0.09067151136015084,3.7798091020075333,0.4321009627009383,2.0719548011681765,0.11175755398894327,1.8307653166593258,0.4815558427644298,1.9449485692195274,0.06442594936982357,1.6532293083270795,0.5583932355881485,95,0.7153782894736842,0.8706747902057708
168,3,1.0,0.060946401406070654,0.8511,0.0040000000000000036,15,0.125,4.357817797173461,0.09466386863931499,3.996324789015467,0.40479777236012643,2.3199965678545613,0.12513648538085276,2.2077530828829928,0.3080417467159502,2.2617451066834002,0.07491975779549985,2.2016878564385327,0.24208979513011936,95,0.5958059210526315,0.8140786749482402
168,3,1.0,0.060946401406070654,0.8511,0.0040000000000000036,18,0.125,4.121310631536003,0.08952627815201132,3.786144050733299,0.3973312963937331,2.0792793188298573,0.11215262543430335,1.9567934759058316,0.3393497863423676,2.2748139618083165,0.07535266045006067,1.9424860382381606,0.5839928515637545,95,0.7605674342105263,0.9569119316645942
168,3,1.0,0.060946401406070654,0.8511,0.0040000000000000036,9,0.125,3.5716648718411963,0.07758645037223262,3.445236069702523,0.28952731383561564,1.8267438284142445,0.09853131058306479,1.7336149912785002,0.3280086902024809,1.33786851734668,0.04431656997318238,1.3055979542629148,0.31515162588271267,95,0.6826891447368421,0.9091730410166837
168,3,1.0,0.060946401406070654,0.8511,0.0040000000000000036,13,0.125,4.0304443196047215,0.0875524102629084,3.656216556482049,0.4255006842399508,1.8241533709567543,0.09839158591870517,1.6036377773785837,0.4805284481211467,1.4201892733752002,0.04704342503964168,1.1325646317841962,0.6116983874235657,95,0.6819901315789474,0.8873748944893284
168,3,1.0,0.060946401406070654,0.8511,0.0040000000000000036,0,0.125,3.559037749010843,0.07731215430191955,3.3918833956001238,0.31697367116980274,2.2140760381174034,0.11942332054059471,2.0656738225487423,0.36024917809192863,2.77855218505999,0.0920388668518476,2.672794597690308,0.2735477313377646,95,0.8541529605263158,0.9720791411928946
168,3,1.0,0.060946401406070654,0.8511,0.0040000000000000036,1,0.125,3.831312342537908,0.08322671235714311,3.6093098373339174,0.3382145733152591,2.090312772833001,0.11274775030418258,1.972900215003611,0.33215166428405324,2.2662571758389,0.07506921899132057,2.1547114959692797,0.31003495960528143,95,0.703453947368421,0.9141921907879355
169,3,1.0,0.060175699471565536,0.8579,0.006800000000000028,11,0.125,3.6535297883594122,0.0794661969785335,3.418118890628467,0.35593931994140815,1.9239189889127783,0.10426727263784329,1.7861656644233819,0.3761067731599579,1.659881400134226,0.055045356608581564,1.408257402606794,0.5728665682043987,95,0.8214638157894737,0.9617078786665332
169,3,1.0,0.060175699471565536,0.8579,0.006800000000000028,13,0.125,3.850361626947059,0.08374739312662252,3.6361725272386103,0.33231011379364933,1.8560315809956591,0.1005880975214467,1.7485525792112135,0.3499911347790553,1.2923188033255135,0.04285616392549243,1.3595011313368655,0.10988021756759066,95,0.6902138157894737,0.8877040390801859
169,3,1.0,0.060175699471565536,0.8579,0.006800000000000028,6,0.125,4.297775867397916,0.09347888848104637,3.9234563138221157,0.414925950310569,2.165376651837154,0.11735313130222477,2.013689712133713,0.3681156098897957,1.5917848551363782,0.052787123819831874,1.4829280513310412,0.36349223813555637,95,0.6131578947368421,0.8726528969957081
169,3,1.0,0.060175699471565536,0.8579,0.006800000000000028,15,0.125,4.081787933915291,0.08878103718069502,3.840495043704972,0.3392644081743434,2.2626505040364977,0.12262491214448042,2.1735594394172586,0.28916010417443383,1.8762156334244784,0.06221948062560053,1.8969703030162366,0.12098743014523236,95,0.609703947368421,0.8326139735635285
169,3,1.0,0.060175699471565536,0.8579,0.006800000000000028,2,0.125,4.202068922934557,0.09139721203620917,3.8330863234066936,0.4152228438138354,2.1735533260281934,0.11779626821290608,1.8605244268984065,0.5398809897032244,1.6626118799711116,0.05513590538894729,1.5857347212911947,0.30449525884933915,95,0.5971217105263158,0.7949318275719598
169,3,1.0,0.060175699471565536,0.8579,0.006800000000000028,5,0.125,4.070572612306491,0.0885370980293072,3.715795674235041,0.4116407054165623,2.0453388375217036,0.11084765181779348,1.778925396749598,0.502346560296095,1.8768218012184297,0.06223958249696314,1.8812101552243021,0.14898916424670386,95,0.6854851973684211,0.8907684002159438
169,3,1.0,0.060175699471565536,0.8579,0.006800000000000028,0,0.125,3.4097281814343874,0.07416338363311754,3.2886166292488537,0.29583494291236206,2.1908744557450057,0.11873499118668311,2.089476831904329,0.3092293692054266,2.874058165302527,0.09531015686427366,2.638472628540622,0.48685050013378983,95,0.844983552631579,0.9739172749391728
169,3,1.0,0.060175699471565536,0.8579,0.006800000000000028,12,0.125,4.042177701314093,0.0879194937614293,3.7436401679210842,0.37749113901828485,2.112548644803812,0.11449010419765207,1.8766505318364028,0.4643276515191206,1.3883941502654509,0.04604223597448002,1.2450433914908394,0.4429858940113495,95,0.69296875,0.8587788524298344
170,3,1.0,0.05940662318866806,0.8515,-0.006399999999999961,9,0.125,3.7164920114199704,0.08094583144931929,3.5047150979716135,0.3381599293962304,1.8526936382548074,0.10111730747137444,1.6554891644844516,0.45150315563983756,1.6082562637900921,0.05321800757815605,1.3912852621044396,0.5029644643257548,95,0.6814555921052632,0.9096723586556448
170,3,1.0,0.05940662318866806,0.8515,-0.006399999999999961,8,0.125,4.055836730028373,0.08833681744129442,3.7501557975397284,0.38120238714166615,2.0000409598593856,0.10915930865069974,1.833588464898959,0.4037292056630467,1.2966687017179999,0.04290741864220271,1.3617932607696328,0.20006074108825952,95,0.6527138157894737,0.8763386670026458
170,3,1.0,0.05940662318866806,0.8515,-0.006399999999999961,1,0.125,3.953268431428931,0.0861028623608147,3.6701757122810617,0.37161853954970847,2.237864762984688,0.12213938378459264,2.010531870303328,0.43994197684950653,2.6703200462314456,0.08836223160203716,2.399606475926127,0.48315642060697295,95,0.7150904605263158,0.9126559714795008
170,3,1.0,0.05940662318866806,0.8515,-0.006399999999999961,17,0.125,3.8371795978830483,0.08357442771747942,3.5496720948969362,0.3798372546276535,1.932127472151596,0.10545268987887152,1.6846179482937642,0.4898083104333164,1.369943317578352,0.045332112486051256,1.1518547672988413,0.5413708631459896,95,0.6575246710526316,0.894878369082609
170,3,1.0,0.05940662318866806,0.8515,-0.006399999999999961,7,0.125,4.391126685209995,0.09563948999255649,3.954047455762267,0.4490884086129782,2.3637169710623804,0.12900821312441316,2.048556662183159,0.5136176083102402,1.655462342304206,0.05478008042727945,1.5146560933654485,0.40626437539153687,95,0.7389802631578948,0.9244936567994658
170,3,1.0,0.05940662318866806,0.8515,-0.006399999999999961,18,0.125,3.751718253490659,0.08171306502455236,3.540699034743973,0.3358448068517086,2.0097750823172684,0.1096905828091542,1.8024185165447928,0.442737282922083,2.4799818585952256,0.08206384536838719,2.4022827238259388,0.2531700020251467,95,0.7727796052631579,0.9620623603277642
170,3,1.0,0.05940662318866806,0.8515,-0.006399999999999961,13,0.125,3.7718911278407266,0.0821524336770266,3.516264549421367,0.36307151906036245,1.8646290120916778,0.10176872270869639,1.630273281453922,0.48547880027128104,1.3651507920888921,0.04517352541037246,1.1234310050782303,0.5684611590281645,95,0.6835115131578947,0.8884677855982674
170,3,1.0,0.05940662318866806,0.8515,-0.006399999999999961,3,0.125,3.8941426508150436,0.08481509274980119,3.587384526287068,0.3891295174207255,1.9298349085309805,0.1053275651114859,1.7506735369619515,0.42437685911935985,1.659964370170383,0.05492905479069007,1.4442841991292665,0.494814363939814,95,0.7114309210526316,0.8779331869148075
171,3,1.0,0.0586392568952593,0.8398,-0.011700000000000044,9,0.125,3.6598266425348966,0.07979754278176564,3.4430127845861396,0.34103015141884246,2.0085483211244335,0.10902438281771805,1.9034645533508099,0.33008425844198747,1.4435000786503245,0.04775220311502148,1.1736319640022992,0.5823957664799344,95,0.7087582236842105,0.9224923130475141
171,3,1.0,0.0586392568952593,0.8398,-0.011700000000000044,12,0.125,3.94903272127721,0.08610328802471573,3.6402111875416203,0.38971687977977953,2.0602252644519847,0.11182941707700757,1.836846452902785,0.4558667475877323,1.2738265671009132,0.04213925989002209,1.1447956928957133,0.471010973230505,95,0.6902960526315789,0.8542411246128186
171,3,1.0,0.0586392568952593,0.8398,-0.011700000000000044,18,0.125,3.6802904812034782,0.08024372895426267,3.496019941746009,0.31773336234403493,2.0556856250859465,0.11158300459347803,1.8904284586926936,0.39300411792793755,2.253473016639656,0.07454679275487883,2.016021575574753,0.4563885881556506,95,0.7717927631578947,0.9621736814064997
171,3,1.0,0.0586392568952593,0.8398,-0.011700000000000044,11,0.125,3.652547990814002,0.07963884167954913,3.435137226060093,0.34180338698499413,2.115570456328102,0.11483356456141754,1.927659289139879,0.41246817338876585,1.7050359366218615,0.056404030431439364,1.5207345514773283,0.4530363819121276,95,0.8201480263157894,0.9619472575955079
171,3,1.0,0.0586392568952593,0.8398,-0.011700000000000044,15,0.125,4.1455469811040375,0.09038801421188206,3.8604167320149867,0.36591899298741054,2.192396704236691,0.11900370783073451,2.070948210314944,0.3316587983789886,2.1814395798055752,0.07216386575844232,2.1765589607287126,0.19364203709961494,95,0.5993009868421053,0.8238078902229846
171,3,1.0,0.0586392568952593,0.8398,-0.011700000000000044,1,0.125,3.710211770054508,0.08089612196638683,3.5241814496982493,0.31745694811367514,2.051346643020584,0.11134748382618653,1.9309927153652113,0.3431846353390836,2.4004802034513526,0.07940991479264393,2.377040876355271,0.19904665486484685,95,0.7108141447368421,0.9148493087291028
171,3,1.0,0.0586392568952593,0.8398,-0.011700000000000044,0,0.125,3.5940614512040643,0.07836362222176385,3.3878220905489953,0.3371946698273939,2.2761191376132603,0.12354817735177048,2.093577393132611,0.393380202046456,2.792267510298253,0.09237057016852247,2.573842713178847,0.4029392460536731,95,0.8501233552631579,0.9716565900846433
171,3,1.0,0.0586392568952593,0.8398,-0.011700000000000044,19,0.125,4.454390478370398,0.09712192665996258,4.048357900061307,0.43558513660996745,2.410753264346075,0.13085614321889497,2.183117191589693,0.43327436640576894,2.213859301084434,0.07323633754998385,1.862502292223061,0.5799703874681107,95,0.6806743421052631,0.9054005074302284
172,3,1.0,0.057873684741700834,0.8467,0.006900000000000017,0,0.125,3.3657712795464523,0.07348590382235504,3.186526646067874,0.33289379278398973,2.0521730004493466,0.11225885677697603,1.8165028827685552,0.4708715042846571,2.7524098517485767,0.09271013221868975,2.110996569017964,0.7604185379134981,95,0.8528782894736842,0.9752193616816122
172,3,1.0,0.057873684741700834,0.8467,0.006900000000000017,14,0.125,3.9170878479750977,0.0855229654520085,3.6087932683708175,0.3901357637323541,2.267244588478475,0.12402379598632739,1.979312429096649,0.5100563205922778,2.1594449158827858,0.07273714107050008,1.618503484568872,0.7124220698892801,95,0.6895148026315789,0.8998747689188383
172,3,1.0,0.057873684741700834,0.8467,0.006900000000000017,13,0.125,3.822878640143476,0.0834660672819024,3.5484336628919313,0.3720852358892799,1.894573320147604,0.10363777076950167,1.757834845617816,0.3770031345232156,1.454036231870295,0.04897667809967364,1.547853183210834,0.23370868832427838,95,0.6913651315789474,0.8828952063756393
172,3,1.0,0.057873684741700834,0.8467,0.006900000000000017,15,0.125,3.934925683063145,0.08591242430848074,3.7631840043269125,0.29809497340518754,2.0483568921131443,0.1120501063650637,2.1151783426431328,0.11661895009673569,2.173344728643933,0.07320533205524107,2.5096158326678766,-0.15034172197443357,95,0.6103207236842105,0.8379033888028027
172,3,1.0,0.057873684741700834,0.8467,0.006900000000000017,11,0.125,3.5268124609167653,0.07700196471381643,3.2816312383257413,0.36762724421195,2.0690536811748097,0.11318227108924049,1.8091696772918626,0.4954400554689679,2.1848345941165825,0.07359234816276866,1.641381744058413,0.7125704402718483,95,0.8206825657894737,0.9632246104514254
172,3,1.0,0.057873684741700834,0.8467,0.006900000000000017,4,0.125,3.9957578729860828,0.08724059193684754,3.7558305631976916,0.3414508178012508,1.9712357190122538,0.10783139053374267,1.8298166339101039,0.37416194579459183,2.201067739861865,0.07413913340531324,1.8582664249374483,0.546232601717684,95,0.6776315789473685,0.8942354368932038
172,3,1.0,0.057873684741700834,0.8467,0.006900000000000017,5,0.125,3.793236877671702,0.08281888970350812,3.516755063337309,0.37481085156747895,1.881908544268623,0.10294497671110614,1.7883389661842408,0.3288650818248717,1.5344801524588192,0.05168629146238337,1.6372933515013242,0.20651736113453933,95,0.6921463815789474,0.9038792847383117
172,3,1.0,0.057873684741700834,0.8467,0.006900000000000017,16,0.125,4.398330158611907,0.0960300745861354,3.9930777304966836,0.4348735327637139,2.2280837446464026,0.12188160253672661,1.9639490072338568,0.48734279316652557,1.5295948319611994,0.05152173794976705,1.1243914911448043,0.679482630437645,95,0.6635279605263158,0.8532564912933011
173,3,1.0,0.057109990681606444,0.8465,-0.00019999999999997797,0,0.125,3.2316736588910047,0.07064639606447103,3.1116106969525457,0.29831677726544376,1.859895606111411,0.10256614215079,1.7369188239094935,0.35942127925003725,2.163833059067488,0.07398723053699562,2.1027669976407495,0.23671306054672492,95,0.8594161184210526,0.9726328883785464
173,3,1.0,0.057109990681606444,0.8465,-0.00019999999999997797,15,0.125,3.9687272096901,0.08675884508209437,3.7417627565496914,0.3335626953348282,2.172244608787972,0.1197909971931448,2.047390805880619,0.3341727704679697,2.449979016220156,0.08377132492929014,2.432641981426474,0.14436056630354163,95,0.6205180921052632,0.8482539261811676
173,3,1.0,0.057109990681606444,0.8465,-0.00019999999999997797,7,0.125,3.7917083333072514,0.0828891023506696,3.5132609980671985,0.3764011269537574,1.9226156896370385,0.10602491531067111,1.7490299927917932,0.4166121585289064,1.2455913534291525,0.042590094570773805,1.1733771874430459,0.34909075132144307,95,0.7334292763157895,0.9258283343611594
173,3,1.0,0.057109990681606444,0.8465,-0.00019999999999997797,18,0.125,3.643835457283459,0.07965650931392275,3.432687225834814,0.33775138313130904,1.9590099979684599,0.10803192247254331,1.8503463755694107,0.3313919633440145,1.5427178294405208,0.052749642224959335,1.48878322971852,0.2753240944146119,95,0.7701069078947368,0.9560040578781569
173,3,1.0,0.057109990681606444,0.8465,-0.00019999999999997797,17,0.125,3.840532670936458,0.08395643273665977,3.488168232850771,0.4235816319320057,1.913097232148609,0.10550000871881371,1.7182143028052652,0.44366366568366694,1.4113093460414603,0.048256435267508925,1.311731484397564,0.36970637800314565,95,0.6704358552631579,0.9050597976080956
173,3,1.0,0.057109990681606444,0.8465,-0.00019999999999997797,4,0.125,3.9241196461457792,0.08578369600014636,3.6396625095221022,0.3746008234770051,1.900081211936814,0.10478222489541315,1.7501114669315463,0.3893980438549442,1.6378226860546492,0.0560015312383058,1.5289650069120657,0.35906217803165263,95,0.6819078947368421,0.8921249397009166
173,3,1.0,0.057109990681606444,0.8465,-0.00019999999999997797,2,0.125,4.30877397307014,0.09419247881553008,3.9237692557916755,0.4271522734518594,2.112677469197576,0.11650609685429292,1.9519534107214926,0.3842583986107379,1.808419391624013,0.06183468815903977,1.62138117608794,0.4730940497115832,95,0.6120065789473684,0.8236361193227627
173,3,1.0,0.057109990681606444,0.8465,-0.00019999999999997797,14,0.125,3.4689752468103507,0.07583395636182821,3.298514420562845,0.31903937397377186,1.8881670437492377,0.10412520400460615,1.7779869984760028,0.34022682669206494,1.9194289762027323,0.06563040229309657,1.7784150745468148,0.3893605808067139,95,0.708264802631579,0.9138461538461539
