round,class,labeled_count,valid,margin_threshold,oof_votes,oof_correct
31,0,175.0,1,0.10000000149011612,170.0,127.0
31,1,256.0,1,0.10000000149011612,246.0,227.0
31,2,144.0,1,0.10000000149011612,102.0,70.0
31,3,250.0,1,0.10000000149011612,283.0,196.0
31,4,199.0,1,0.10000000149011612,185.0,147.0
31,5,143.0,1,0.10000000149011612,117.0,90.0
31,6,208.0,1,0.10000000149011612,226.0,168.0
31,7,238.0,1,0.10000000149011612,241.0,208.0
31,8,169.0,1,0.10000000149011612,184.0,153.0
31,9,218.0,1,0.10000000149011612,246.0,202.0
32,0,186.0,1,0.10000000149011612,185.0,146.0
32,1,111.0,1,0.10000000149011612,110.0,96.0
32,2,229.0,1,0.10000000149011612,211.0,161.0
32,3,174.0,1,0.10000000149011612,122.0,85.0
32,4,161.0,1,0.10000000149011612,129.0,105.0
32,5,317.0,1,0.10000000149011612,360.0,269.0
32,6,182.0,1,0.10000000149011612,203.0,154.0
32,7,203.0,1,0.10000000149011612,215.0,174.0
32,8,235.0,1,0.10000000149011612,251.0,216.0
32,9,202.0,1,0.10000000149011612,214.0,185.0
33,0,82.0,1,0.10000000149011612,59.0,48.0
33,1,193.0,1,0.10000000149011612,187.0,173.0
33,2,238.0,1,0.10000000149011612,250.0,182.0
33,3,191.0,1,0.10000000149011612,143.0,109.0
33,4,305.0,1,0.10000000149011612,338.0,271.0
33,5,230.0,1,0.10000000149011612,264.0,182.0
33,6,98.0,1,0.10000000149011612,69.0,57.0
33,7,200.0,1,0.10000000149011612,198.0,172.0
33,8,192.0,1,0.10000000149011612,209.0,183.0
33,9,271.0,1,0.10000000149011612,283.0,260.0
34,0,206.0,1,0.10000000149011612,204.0,163.0
34,1,220.0,1,0.10000000149011612,236.0,208.0
34,2,210.0,1,0.10000000149011612,197.0,141.0
34,3,167.0,1,0.10000000149011612,144.0,103.0
34,4,195.0,1,0.10000000149011612,190.0,147.0
34,5,154.0,1,0.10000000149011612,121.0,99.0
34,6,214.0,1,0.10000000149011612,243.0,180.0
34,7,215.0,1,0.10000000149011612,230.0,188.0
34,8,215.0,1,0.10000000149011612,225.0,196.0
34,9,204.0,1,0.10000000149011612,210.0,189.0
35,0,126.0,1,0.10000000149011612,109.0,89.0
35,1,215.0,1,0.10000000149011612,228.0,205.0
35,2,258.0,1,0.10000000149011612,273.0,209.0
35,3,220.0,1,0.10000000149011612,199.0,156.0
35,4,243.0,1,0.10000000149011612,232.0,192.0
35,5,186.0,1,0.10000000149011612,169.0,143.0
35,6,177.0,1,0.10000000149011612,184.0,141.0
35,7,248.0,1,0.10000000149011612,263.0,226.0
35,8,153.0,1,0.10000000149011612,158.0,141.0
35,9,174.0,1,0.10000000149011612,185.0,164.0
36,0,180.0,1,0.10000000149011612,171.0,141.0
36,1,200.0,1,0.10000000149011612,214.0,192.0
36,2,247.0,1,0.10000000149011612,269.0,208.0
36,3,233.0,1,0.10000000149011612,217.0,168.0
36,4,186.0,1,0.10000000149011612,166.0,144.0
36,5,269.0,1,0.10000000149011612,285.0,227.0
36,6,257.0,1,0.10000000149011612,261.0,220.0
36,7,162.0,1,0.10000000149011612,156.0,135.0
36,8,159.0,1,0.10000000149011612,157.0,140.0
36,9,107.0,1,0.10000000149011612,104.0,94.0
37,0,172.0,1,0.10000000149011612,174.0,133.0
37,1,188.0,1,0.10000000149011612,197.0,180.0
37,2,226.0,1,0.10000000149011612,208.0,163.0
37,3,193.0,1,0.10000000149011612,158.0,120.0
37,4,187.0,1,0.10000000149011612,171.0,151.0
37,5,295.0,1,0.10000000149011612,328.0,253.0
37,6,211.0,1,0.10000000149011612,229.0,180.0
37,7,247.0,1,0.10000000149011612,256.0,224.0
37,8,132.0,1,0.10000000149011612,136.0,110.0
37,9,149.0,1,0.10000000149011612,143.0,132.0
38,0,199.0,1,0.10000000149011612,198.0,161.0
38,1,193.0,1,0.10000000149011612,202.0,187.0
38,2,200.0,1,0.10000000149011612,190.0,153.0
38,3,156.0,1,0.10000000149011612,131.0,104.0
38,4,183.0,1,0.10000000149011612,162.0,131.0
38,5,239.0,1,0.10000000149011612,258.0,204.0
38,6,157.0,1,0.10000000149011612,147.0,129.0
38,7,263.0,1,0.10000000149011612,294.0,239.0
38,8,209.0,1,0.10000000149011612,215.0,193.0
38,9,201.0,1,0.10000000149011612,203.0,185.0
39,0,216.0,1,0.10000000149011612,221.0,187.0
39,1,225.0,1,0.10000000149011612,237.0,215.0
39,2,135.0,1,0.10000000149011612,102.0,82.0
39,3,198.0,1,0.10000000149011612,203.0,153.0
39,4,168.0,1,0.10000000149011612,154.0,131.0
39,5,154.0,1,0.10000000149011612,143.0,115.0
39,6,162.0,1,0.10000000149011612,162.0,135.0
39,7,198.0,1,0.10000000149011612,215.0,178.0
39,8,253.0,1,0.10000000149011612,264.0,239.0
39,9,291.0,1,0.10000000149011612,299.0,277.0
40,0,177.0,1,0.10000000149011612,187.0,154.0
40,1,322.0,1,0.10000000149011612,340.0,317.0
40,2,175.0,1,0.10000000149011612,144.0,115.0
40,3,287.0,1,0.10000000149011612,315.0,244.0
40,4,288.0,1,0.10000000149011612,310.0,249.0
40,5,144.0,1,0.10000000149011612,114.0,95.0
40,6,225.0,1,0.10000000149011612,225.0,186.0
40,7,109.0,1,0.10000000149011612,89.0,75.0
40,8,96.0,1,0.10000000149011612,88.0,81.0
40,9,177.0,1,0.10000000149011612,188.0,170.0
41,0,276.0,1,0.10000000149011612,284.0,241.0
41,1,234.0,1,0.10000000149011612,251.0,226.0
41,2,159.0,1,0.10000000149011612,144.0,116.0
41,3,176.0,1,0.10000000149011612,172.0,129.0
41,4,108.0,1,0.10000000149011612,65.0,58.0
41,5,146.0,1,0.10000000149011612,137.0,115.0
41,6,213.0,1,0.10000000149011612,238.0,198.0
41,7,219.0,1,0.10000000149011612,240.0,196.0
41,8,255.0,1,0.10000000149011612,255.0,231.0
41,9,214.0,1,0.10000000149011612,214.0,199.0
42,0,235.0,1,0.10000000149011612,246.0,210.0
42,1,160.0,1,0.10000000149011612,159.0,150.0
42,2,257.0,1,0.10000000149011612,247.0,206.0
42,3,185.0,1,0.10000000149011612,160.0,122.0
42,4,184.0,1,0.10000000149011612,154.0,131.0
42,5,217.0,1,0.10000000149011612,219.0,182.0
42,6,248.0,1,0.10000000149011612,279.0,221.0
42,7,191.0,1,0.10000000149011612,194.0,164.0
42,8,206.0,1,0.10000000149011612,222.0,191.0
42,9,117.0,1,0.10000000149011612,120.0,110.0
43,0,215.0,1,0.10000000149011612,229.0,189.0
43,1,242.0,1,0.10000000149011612,254.0,239.0
43,2,151.0,1,0.10000000149011612,128.0,101.0
43,3,238.0,1,0.10000000149011612,231.0,175.0
43,4,142.0,1,0.10000000149011612,111.0,92.0
43,5,222.0,1,0.10000000149011612,234.0,181.0
43,6,179.0,1,0.10000000149011612,181.0,146.0
43,7,271.0,1,0.10000000149011612,292.0,252.0
43,8,174.0,1,0.10000000149011612,175.0,158.0
43,9,166.0,1,0.10000000149011612,165.0,154.0
44,0,180.0,1,0.10000000149011612,211.0,169.0
44,1,326.0,1,0.10000000149011612,348.0,324.0
44,2,138.0,1,0.10000000149011612,84.0,72.0
44,3,321.0,1,0.10000000149011612,340.0,272.0
44,4,277.0,1,0.10000000149011612,290.0,242.0
44,5,210.0,1,0.10000000149011612,196.0,158.0
44,6,166.0,1,0.10000000149011612,157.0,135.0
44,7,195.0,1,0.10000000149011612,205.0,171.0
44,8,54.0,1,0.10000000149011612,35.0,34.0
44,9,133.0,1,0.10000000149011612,134.0,123.0
45,0,172.0,1,0.10000000149011612,172.0,142.0
45,1,153.0,1,0.10000000149011612,158.0,148.0
45,2,184.0,1,0.10000000149011612,161.0,126.0
45,3,205.0,1,0.10000000149011612,202.0,149.0
45,4,168.0,1,0.10000000149011612,144.0,122.0
45,5,206.0,1,0.10000000149011612,208.0,164.0
45,6,200.0,1,0.10000000149011612,214.0,180.0
45,7,199.0,1,0.10000000149011612,209.0,174.0
45,8,251.0,1,0.10000000149011612,256.0,238.0
45,9,262.0,1,0.10000000149011612,276.0,252.0
46,0,155.0,1,0.10000000149011612,157.0,131.0
46,1,278.0,1,0.10000000149011612,277.0,266.0
46,2,158.0,1,0.10000000149011612,131.0,106.0
46,3,202.0,1,0.10000000149011612,213.0,171.0
46,4,277.0,1,0.10000000149011612,278.0,234.0
46,5,137.0,1,0.10000000149011612,107.0,91.0
46,6,134.0,1,0.10000000149011612,134.0,111.0
46,7,256.0,1,0.10000000149011612,272.0,235.0
46,8,164.0,1,0.10000000149011612,172.0,157.0
46,9,239.0,1,0.10000000149011612,259.0,232.0
47,0,111.0,1,0.10000000149011612,97.0,84.0
47,1,172.0,1,0.10000000149011612,184.0,166.0
47,2,232.0,1,0.10000000149011612,234.0,190.0
47,3,227.0,1,0.10000000149011612,212.0,166.0
47,4,237.0,1,0.10000000149011612,250.0,208.0
47,5,297.0,1,0.10000000149011612,316.0,247.0
47,6,148.0,1,0.10000000149011612,138.0,119.0
47,7,171.0,1,0.10000000149011612,167.0,156.0
47,8,193.0,1,0.10000000149011612,194.0,179.0
47,9,212.0,1,0.10000000149011612,208.0,197.0
48,0,218.0,1,0.10000000149011612,220.0,198.0
48,1,269.0,1,0.10000000149011612,274.0,264.0
48,2,183.0,1,0.10000000149011612,175.0,145.0
48,3,276.0,1,0.10000000149011612,290.0,235.0
48,4,213.0,1,0.10000000149011612,210.0,183.0
48,5,212.0,1,0.10000000149011612,207.0,171.0
48,6,255.0,1,0.10000000149011612,262.0,230.0
48,7,78.0,1,0.10000000149011612,63.0,56.0
48,8,155.0,1,0.10000000149011612,156.0,146.0
48,9,141.0,1,0.10000000149011612,143.0,133.0
49,0,232.0,1,0.10000000149011612,246.0,209.0
49,1,266.0,1,0.10000000149011612,284.0,263.0
49,2,124.0,1,0.10000000149011612,84.0,76.0
49,3,265.0,1,0.10000000149011612,291.0,231.0
49,4,255.0,1,0.10000000149011612,264.0,220.0
49,5,153.0,1,0.10000000149011612,121.0,109.0
49,6,147.0,1,0.10000000149011612,158.0,132.0
49,7,208.0,1,0.10000000149011612,206.0,179.0
49,8,142.0,1,0.10000000149011612,140.0,132.0
49,9,208.0,1,0.10000000149011612,206.0,194.0
50,0,143.0,1,0.10000000149011612,134.0,117.0
50,1,208.0,1,0.10000000149011612,219.0,202.0
50,2,197.0,1,0.10000000149011612,178.0,149.0
50,3,218.0,1,0.10000000149011612,256.0,192.0
50,4,259.0,1,0.10000000149011612,271.0,238.0
50,5,126.0,1,0.10000000149011612,102.0,91.0
50,6,150.0,1,0.10000000149011612,132.0,111.0
50,7,229.0,1,0.10000000149011612,234.0,213.0
50,8,210.0,1,0.10000000149011612,216.0,198.0
50,9,260.0,1,0.10000000149011612,258.0,247.0
51,0,244.0,1,0.10000000149011612,246.0,215.0
51,1,152.0,1,0.10000000149011612,152.0,142.0
51,2,201.0,1,0.10000000149011612,200.0,162.0
51,3,143.0,1,0.10000000149011612,90.0,75.0
51,4,160.0,1,0.10000000149011612,151.0,131.0
51,5,269.0,1,0.10000000149011612,297.0,238.0
51,6,174.0,1,0.10000000149011612,185.0,155.0
51,7,210.0,1,0.10000000149011612,219.0,189.0
51,8,259.0,1,0.10000000149011612,266.0,239.0
51,9,188.0,1,0.10000000149011612,194.0,179.0
52,0,185.0,1,0.10000000149011612,188.0,162.0
52,1,214.0,1,0.10000000149011612,218.0,210.0
52,2,259.0,1,0.10000000149011612,261.0,219.0
52,3,169.0,1,0.10000000149011612,126.0,106.0
52,4,190.0,1,0.10000000149011612,178.0,159.0
52,5,319.0,1,0.10000000149011612,362.0,296.0
52,6,158.0,1,0.10000000149011612,147.0,129.0
52,7,256.0,1,0.10000000149011612,268.0,238.0
52,8,153.0,1,0.10000000149011612,159.0,144.0
52,9,97.0,1,0.10000000149011612,93.0,89.0
53,0,279.0,1,0.10000000149011612,305.0,257.0
53,1,214.0,1,0.10000000149011612,218.0,207.0
53,2,150.0,1,0.10000000149011612,108.0,100.0
53,3,190.0,1,0.10000000149011612,173.0,136.0
53,4,153.0,1,0.10000000149011612,148.0,128.0
53,5,179.0,1,0.10000000149011612,187.0,153.0
53,6,197.0,1,0.10000000149011612,210.0,171.0
53,7,256.0,1,0.10000000149011612,265.0,236.0
53,8,188.0,1,0.10000000149011612,191.0,173.0
53,9,194.0,1,0.10000000149011612,195.0,183.0
54,0,241.0,1,0.10000000149011612,252.0,225.0
54,1,195.0,1,0.10000000149011612,199.0,189.0
54,2,228.0,1,0.10000000149011612,217.0,182.0
54,3,233.0,1,0.10000000149011612,218.0,173.0
54,4,186.0,1,0.10000000149011612,192.0,157.0
54,5,264.0,1,0.10000000149011612,272.0,217.0
54,6,245.0,1,0.10000000149011612,258.0,219.0
54,7,70.0,1,0.10000000149011612,44.0,37.0
54,8,203.0,1,0.10000000149011612,216.0,197.0
54,9,135.0,1,0.10000000149011612,132.0,126.0
55,0,169.0,1,0.10000000149011612,165.0,150.0
55,1,267.0,1,0.10000000149011612,282.0,264.0
55,2,229.0,1,0.10000000149011612,223.0,193.0
55,3,214.0,1,0.10000000149011612,211.0,176.0
55,4,310.0,1,0.10000000149011612,329.0,279.0
55,5,192.0,1,0.10000000149011612,197.0,159.0
55,6,179.0,1,0.10000000149011612,181.0,155.0
55,7,113.0,1,0.10000000149011612,90.0,83.0
55,8,148.0,1,0.10000000149011612,144.0,137.0
55,9,179.0,1,0.10000000149011612,178.0,171.0
56,0,243.0,1,0.10000000149011612,257.0,225.0
56,1,210.0,1,0.10000000149011612,221.0,203.0
56,2,147.0,1,0.10000000149011612,120.0,100.0
56,3,230.0,1,0.10000000149011612,244.0,192.0
56,4,137.0,1,0.10000000149011612,126.0,109.0
56,5,156.0,1,0.10000000149011612,128.0,112.0
56,6,179.0,1,0.10000000149011612,186.0,161.0
56,7,302.0,1,0.10000000149011612,319.0,284.0
56,8,189.0,1,0.10000000149011612,191.0,179.0
56,9,207.0,1,0.10000000149011612,208.0,195.0
57,0,147.0,1,0.10000000149011612,142.0,122.0
57,1,136.0,1,0.10000000149011612,131.0,127.0
57,2,173.0,1,0.10000000149011612,154.0,127.0
57,3,226.0,1,0.10000000149011612,239.0,194.0
57,4,158.0,1,0.10000000149011612,140.0,129.0
57,5,147.0,1,0.10000000149011612,137.0,121.0
57,6,189.0,1,0.10000000149011612,195.0,170.0
57,7,292.0,1,0.10000000149011612,314.0,280.0
57,8,254.0,1,0.10000000149011612,261.0,247.0
57,9,278.0,1,0.10000000149011612,287.0,273.0
58,0,115.0,1,0.10000000149011612,95.0,85.0
58,1,99.0,1,0.10000000149011612,85.0,84.0
58,2,261.0,1,0.10000000149011612,265.0,230.0
58,3,197.0,1,0.10000000149011612,182.0,160.0
58,4,192.0,1,0.10000000149011612,177.0,158.0
58,5,154.0,1,0.10000000149011612,146.0,129.0
58,6,265.0,1,0.10000000149011612,278.0,248.0
58,7,224.0,1,0.10000000149011612,248.0,215.0
58,8,245.0,1,0.10000000149011612,263.0,242.0
58,9,248.0,1,0.10000000149011612,261.0,245.0
59,0,234.0,1,0.10000000149011612,232.0,214.0
59,1,217.0,1,0.10000000149011612,226.0,215.0
59,2,219.0,1,0.10000000149011612,212.0,188.0
59,3,186.0,1,0.10000000149011612,184.0,144.0
59,4,209.0,1,0.10000000149011612,209.0,182.0
59,5,155.0,1,0.10000000149011612,141.0,115.0
59,6,254.0,1,0.10000000149011612,272.0,237.0
59,7,136.0,1,0.10000000149011612,130.0,113.0
59,8,219.0,1,0.10000000149011612,225.0,208.0
59,9,171.0,1,0.10000000149011612,169.0,163.0
60,0,165.0,1,0.10000000149011612,169.0,151.0
60,1,245.0,1,0.10000000149011612,251.0,242.0
60,2,218.0,1,0.10000000149011612,201.0,183.0
60,3,207.0,1,0.10000000149011612,212.0,174.0
60,4,334.0,1,0.10000000149011612,354.0,318.0
60,5,202.0,1,0.10000000149011612,189.0,161.0
60,6,100.0,1,0.10000000149011612,94.0,83.0
60,7,191.0,1,0.10000000149011612,189.0,173.0
60,8,129.0,1,0.10000000149011612,127.0,119.0
60,9,209.0,1,0.10000000149011612,214.0,201.0
61,0,206.0,1,0.10000000149011612,202.0,180.0
61,1,253.0,1,0.10000000149011612,263.0,250.0
61,2,147.0,1,0.10000000149011612,131.0,111.0
61,3,212.0,1,0.10000000149011612,208.0,175.0
61,4,196.0,1,0.10000000149011612,202.0,178.0
61,5,171.0,1,0.10000000149011612,173.0,146.0
61,6,181.0,1,0.10000000149011612,171.0,150.0
61,7,257.0,1,0.10000000149011612,268.0,243.0
61,8,184.0,1,0.10000000149011612,186.0,170.0
61,9,193.0,1,0.10000000149011612,196.0,187.0
62,0,196.0,1,0.10000000149011612,203.0,174.0
62,1,143.0,1,0.10000000149011612,138.0,134.0
62,2,228.0,1,0.10000000149011612,224.0,194.0
62,3,117.0,1,0.10000000149011612,72.0,59.0
62,4,147.0,1,0.10000000149011612,117.0,105.0
62,5,196.0,1,0.10000000149011612,211.0,169.0
62,6,171.0,1,0.10000000149011612,187.0,157.0
62,7,236.0,1,0.10000000149011612,261.0,223.0
62,8,310.0,1,0.10000000149011612,323.0,301.0
62,9,256.0,1,0.10000000149011612,264.0,250.0
63,0,236.0,1,0.10000000149011612,253.0,223.0
63,1,185.0,1,0.10000000149011612,182.0,178.0
63,2,206.0,1,0.10000000149011612,197.0,172.0
63,3,185.0,1,0.10000000149011612,172.0,147.0
63,4,224.0,1,0.10000000149011612,224.0,204.0
63,5,145.0,1,0.10000000149011612,136.0,113.0
63,6,227.0,1,0.10000000149011612,238.0,206.0
63,7,99.0,1,0.10000000149011612,90.0,85.0
63,8,250.0,1,0.10000000149011612,257.0,241.0
63,9,243.0,1,0.10000000149011612,251.0,236.0
64,0,198.0,1,0.10000000149011612,209.0,187.0
64,1,222.0,1,0.10000000149011612,226.0,217.0
64,2,144.0,1,0.10000000149011612,123.0,113.0
64,3,264.0,1,0.10000000149011612,286.0,244.0
64,4,208.0,1,0.10000000149011612,203.0,187.0
64,5,150.0,1,0.10000000149011612,118.0,113.0
64,6,187.0,1,0.10000000149011612,199.0,177.0
64,7,180.0,1,0.10000000149011612,180.0,166.0
64,8,202.0,1,0.10000000149011612,208.0,196.0
64,9,245.0,1,0.10000000149011612,248.0,235.0
65,0,258.0,1,0.10000000149011612,272.0,247.0
65,1,149.0,1,0.10000000149011612,142.0,139.0
65,2,130.0,1,0.10000000149011612,115.0,102.0
65,3,225.0,1,0.10000000149011612,243.0,203.0
65,4,91.0,1,0.10000000149011612,63.0,60.0
65,5,121.0,1,0.10000000149011612,95.0,91.0
65,6,258.0,1,0.10000000149011612,271.0,246.0
65,7,210.0,1,0.10000000149011612,219.0,198.0
65,8,303.0,1,0.10000000149011612,313.0,297.0
65,9,255.0,1,0.10000000149011612,267.0,253.0
66,0,148.0,1,0.10000000149011612,154.0,132.0
66,1,238.0,1,0.10000000149011612,243.0,231.0
66,2,202.0,1,0.10000000149011612,188.0,159.0
66,3,204.0,1,0.10000000149011612,185.0,158.0
66,4,229.0,1,0.10000000149011612,212.0,189.0
66,5,258.0,1,0.10000000149011612,274.0,231.0
66,6,154.0,1,0.10000000149011612,151.0,136.0
66,7,230.0,1,0.10000000149011612,253.0,218.0
66,8,141.0,1,0.10000000149011612,142.0,131.0
66,9,196.0,1,0.10000000149011612,198.0,185.0
67,0,200.0,1,0.10000000149011612,206.0,186.0
67,1,190.0,1,0.10000000149011612,194.0,186.0
67,2,194.0,1,0.10000000149011612,194.0,168.0
67,3,160.0,1,0.10000000149011612,140.0,125.0
67,4,160.0,1,0.10000000149011612,163.0,142.0
67,5,198.0,1,0.10000000149011612,209.0,182.0
67,6,188.0,1,0.10000000149011612,180.0,166.0
67,7,207.0,1,0.10000000149011612,208.0,193.0
67,8,248.0,1,0.10000000149011612,249.0,240.0
67,9,255.0,1,0.10000000149011612,257.0,249.0
68,0,254.0,1,0.10000000149011612,272.0,246.0
68,1,286.0,1,0.10000000149011612,284.0,281.0
68,2,83.0,1,0.10000000149011612,44.0,42.0
68,3,308.0,1,0.10000000149011612,321.0,273.0
68,4,204.0,1,0.10000000149011612,214.0,188.0
68,5,217.0,1,0.10000000149011612,217.0,185.0
68,6,124.0,1,0.10000000149011612,113.0,100.0
68,7,160.0,1,0.10000000149011612,157.0,148.0
68,8,160.0,1,0.10000000149011612,167.0,158.0
68,9,204.0,1,0.10000000149011612,211.0,200.0
69,0,157.0,1,0.10000000149011612,168.0,150.0
69,1,254.0,1,0.10000000149011612,265.0,254.0
69,2,223.0,1,0.10000000149011612,207.0,190.0
69,3,250.0,1,0.10000000149011612,261.0,226.0
69,4,254.0,1,0.10000000149011612,253.0,226.0
69,5,169.0,1,0.10000000149011612,153.0,141.0
69,6,188.0,1,0.10000000149011612,183.0,166.0
69,7,253.0,1,0.10000000149011612,265.0,245.0
69,8,111.0,1,0.10000000149011612,110.0,104.0
69,9,141.0,1,0.10000000149011612,135.0,134.0
70,0,215.0,1,0.10000000149011612,220.0,197.0
70,1,227.0,1,0.10000000149011612,230.0,223.0
70,2,152.0,1,0.10000000149011612,138.0,126.0
70,3,235.0,1,0.10000000149011612,226.0,196.0
70,4,209.0,1,0.10000000149011612,213.0,190.0
70,5,239.0,1,0.10000000149011612,236.0,206.0
70,6,224.0,1,0.10000000149011612,231.0,204.0
70,7,183.0,1,0.10000000149011612,191.0,178.0
70,8,148.0,1,0.10000000149011612,145.0,138.0
70,9,168.0,1,0.10000000149011612,170.0,164.0
71,0,153.0,1,0.10000000149011612,152.0,138.0
71,1,228.0,1,0.10000000149011612,234.0,227.0
71,2,255.0,1,0.10000000149011612,257.0,225.0
71,3,160.0,1,0.10000000149011612,153.0,133.0
71,4,246.0,1,0.10000000149011612,246.0,222.0
71,5,180.0,1,0.10000000149011612,171.0,151.0
71,6,191.0,1,0.10000000149011612,192.0,173.0
71,7,237.0,1,0.10000000149011612,244.0,223.0
71,8,183.0,1,0.10000000149011612,185.0,177.0
71,9,167.0,1,0.10000000149011612,166.0,163.0
72,0,150.0,1,0.10000000149011612,144.0,132.0
72,1,149.0,1,0.10000000149011612,144.0,141.0
72,2,227.0,1,0.10000000149011612,231.0,202.0
72,3,197.0,1,0.10000000149011612,192.0,161.0
72,4,147.0,1,0.10000000149011612,134.0,121.0
72,5,207.0,1,0.10000000149011612,204.0,183.0
72,6,191.0,1,0.10000000149011612,193.0,175.0
72,7,258.0,1,0.10000000149011612,277.0,251.0
72,8,249.0,1,0.10000000149011612,254.0,244.0
72,9,225.0,1,0.10000000149011612,227.0,218.0
73,0,153.0,1,0.10000000149011612,151.0,138.0
73,1,228.0,1,0.10000000149011612,234.0,225.0
73,2,202.0,1,0.10000000149011612,193.0,177.0
73,3,240.0,1,0.10000000149011612,245.0,223.0
73,4,272.0,1,0.10000000149011612,274.0,255.0
73,5,196.0,1,0.10000000149011612,187.0,176.0
73,6,186.0,1,0.10000000149011612,188.0,173.0
73,7,196.0,1,0.10000000149011612,208.0,190.0
73,8,130.0,1,0.10000000149011612,124.0,122.0
73,9,197.0,1,0.10000000149011612,196.0,188.0
74,0,185.0,1,0.10000000149011612,187.0,172.0
74,1,174.0,1,0.10000000149011612,169.0,168.0
74,2,197.0,1,0.10000000149011612,190.0,175.0
74,3,201.0,1,0.10000000149011612,202.0,172.0
74,4,214.0,1,0.10000000149011612,217.0,195.0
74,5,143.0,1,0.10000000149011612,124.0,108.0
74,6,234.0,1,0.10000000149011612,247.0,224.0
74,7,220.0,1,0.10000000149011612,221.0,204.0
74,8,205.0,1,0.10000000149011612,210.0,201.0
74,9,227.0,1,0.10000000149011612,233.0,225.0
75,0,145.0,1,0.10000000149011612,137.0,125.0
75,1,206.0,1,0.10000000149011612,207.0,201.0
75,2,228.0,1,0.10000000149011612,229.0,208.0
75,3,175.0,1,0.10000000149011612,163.0,151.0
75,4,258.0,1,0.10000000149011612,260.0,244.0
75,5,172.0,1,0.10000000149011612,158.0,146.0
75,6,234.0,1,0.10000000149011612,247.0,223.0
75,7,144.0,1,0.10000000149011612,148.0,136.0
75,8,186.0,1,0.10000000149011612,191.0,181.0
75,9,252.0,1,0.10000000149011612,260.0,248.0
76,0,165.0,1,0.10000000149011612,161.0,154.0
76,1,159.0,1,0.10000000149011612,157.0,157.0
76,2,169.0,1,0.10000000149011612,164.0,154.0
76,3,217.0,1,0.10000000149011612,208.0,196.0
76,4,206.0,1,0.10000000149011612,212.0,196.0
76,5,139.0,1,0.10000000149011612,123.0,118.0
76,6,211.0,1,0.10000000149011612,226.0,206.0
76,7,195.0,1,0.10000000149011612,200.0,189.0
76,8,240.0,1,0.10000000149011612,243.0,238.0
76,9,299.0,1,0.10000000149011612,306.0,298.0
77,0,286.0,1,0.10000000149011612,305.0,279.0
77,1,221.0,1,0.10000000149011612,220.0,216.0
77,2,169.0,1,0.10000000149011612,151.0,141.0
77,3,175.0,1,0.10000000149011612,169.0,147.0
77,4,182.0,1,0.10000000149011612,181.0,166.0
77,5,151.0,1,0.10000000149011612,140.0,129.0
77,6,165.0,1,0.10000000149011612,168.0,155.0
77,7,264.0,1,0.10000000149011612,276.0,256.0
77,8,197.0,1,0.10000000149011612,196.0,190.0
77,9,190.0,1,0.10000000149011612,194.0,187.0
78,0,275.0,1,0.10000000149011612,287.0,271.0
78,1,316.0,1,0.10000000149011612,319.0,315.0
78,2,87.0,1,0.10000000149011612,65.0,61.0
78,3,221.0,1,0.10000000149011612,227.0,201.0
78,4,223.0,1,0.10000000149011612,230.0,214.0
78,5,142.0,1,0.10000000149011612,131.0,122.0
78,6,94.0,1,0.10000000149011612,91.0,83.0
78,7,264.0,1,0.10000000149011612,269.0,257.0
78,8,163.0,1,0.10000000149011612,160.0,158.0
78,9,215.0,1,0.10000000149011612,221.0,215.0
79,0,212.0,1,0.10000000149011612,222.0,204.0
79,1,175.0,1,0.10000000149011612,171.0,169.0
79,2,244.0,1,0.10000000149011612,246.0,223.0
79,3,152.0,1,0.10000000149011612,132.0,121.0
79,4,199.0,1,0.10000000149011612,197.0,183.0
79,5,191.0,1,0.10000000149011612,188.0,173.0
79,6,240.0,1,0.10000000149011612,250.0,230.0
79,7,221.0,1,0.10000000149011612,224.0,211.0
79,8,189.0,1,0.10000000149011612,190.0,184.0
79,9,177.0,1,0.10000000149011612,180.0,175.0
80,0,168.0,1,0.10000000149011612,173.0,161.0
80,1,194.0,1,0.10000000149011612,192.0,190.0
80,2,183.0,1,0.10000000149011612,178.0,166.0
80,3,199.0,1,0.10000000149011612,196.0,181.0
80,4,237.0,1,0.10000000149011612,239.0,227.0
80,5,77.0,1,0.10000000149011612,63.0,61.0
80,6,153.0,1,0.10000000149011612,163.0,146.0
80,7,234.0,1,0.10000000149011612,234.0,228.0
80,8,255.0,1,0.10000000149011612,255.0,251.0
80,9,300.0,1,0.10000000149011612,307.0,297.0
81,0,155.0,1,0.10000000149011612,154.0,143.0
81,1,242.0,1,0.10000000149011612,246.0,242.0
81,2,209.0,1,0.10000000149011612,205.0,192.0
81,3,161.0,1,0.10000000149011612,161.0,145.0
81,4,297.0,1,0.10000000149011612,301.0,285.0
81,5,190.0,1,0.10000000149011612,181.0,172.0
81,6,147.0,1,0.10000000149011612,143.0,135.0
81,7,226.0,1,0.10000000149011612,236.0,221.0
81,8,168.0,1,0.10000000149011612,167.0,163.0
81,9,205.0,1,0.10000000149011612,206.0,204.0
82,0,196.0,1,0.10000000149011612,195.0,180.0
82,1,172.0,1,0.10000000149011612,177.0,168.0
82,2,189.0,1,0.10000000149011612,184.0,166.0
82,3,218.0,1,0.10000000149011612,203.0,180.0
82,4,137.0,1,0.10000000149011612,124.0,116.0
82,5,267.0,1,0.10000000149011612,271.0,238.0
82,6,255.0,1,0.10000000149011612,266.0,244.0
82,7,172.0,1,0.10000000149011612,185.0,167.0
82,8,212.0,1,0.10000000149011612,217.0,209.0
82,9,182.0,1,0.10000000149011612,178.0,172.0
83,0,174.0,1,0.10000000149011612,176.0,163.0
83,1,231.0,1,0.10000000149011612,231.0,228.0
83,2,269.0,1,0.10000000149011612,266.0,248.0
83,3,206.0,1,0.10000000149011612,196.0,175.0
83,4,296.0,1,0.10000000149011612,305.0,280.0
83,5,214.0,1,0.10000000149011612,210.0,186.0
83,6,205.0,1,0.10000000149011612,209.0,191.0
83,7,133.0,1,0.10000000149011612,139.0,128.0
83,8,126.0,1,0.10000000149011612,122.0,120.0
83,9,146.0,1,0.10000000149011612,146.0,143.0
84,0,219.0,1,0.10000000149011612,219.0,206.0
84,1,155.0,1,0.10000000149011612,154.0,152.0
84,2,163.0,1,0.10000000149011612,160.0,146.0
84,3,176.0,1,0.10000000149011612,172.0,151.0
84,4,155.0,1,0.10000000149011612,158.0,141.0
84,5,148.0,1,0.10000000149011612,128.0,114.0
84,6,245.0,1,0.10000000149011612,258.0,238.0
84,7,154.0,1,0.10000000149011612,155.0,149.0
84,8,282.0,1,0.10000000149011612,286.0,278.0
84,9,303.0,1,0.10000000149011612,310.0,301.0
85,0,213.0,1,0.10000000149011612,225.0,206.0
85,1,210.0,1,0.10000000149011612,209.0,205.0
85,2,146.0,1,0.10000000149011612,137.0,123.0
85,3,219.0,1,0.10000000149011612,224.0,198.0
85,4,190.0,1,0.10000000149011612,189.0,177.0
85,5,129.0,1,0.10000000149011612,97.0,95.0
85,6,203.0,1,0.10000000149011612,221.0,196.0
85,7,151.0,1,0.10000000149011612,153.0,142.0
85,8,253.0,1,0.10000000149011612,258.0,250.0
85,9,286.0,1,0.10000000149011612,287.0,281.0
86,0,248.0,1,0.10000000149011612,261.0,242.0
86,1,185.0,1,0.10000000149011612,182.0,181.0
86,2,141.0,1,0.10000000149011612,120.0,114.0
86,3,189.0,1,0.10000000149011612,203.0,178.0
86,4,152.0,1,0.10000000149011612,152.0,144.0
86,5,114.0,1,0.10000000149011612,96.0,92.0
86,6,182.0,1,0.10000000149011612,187.0,177.0
86,7,273.0,1,0.10000000149011612,280.0,264.0
86,8,257.0,1,0.10000000149011612,257.0,253.0
86,9,259.0,1,0.10000000149011612,262.0,259.0
87,0,209.0,1,0.10000000149011612,223.0,204.0
87,1,108.0,1,0.10000000149011612,104.0,104.0
87,2,256.0,1,0.10000000149011612,246.0,234.0
87,3,212.0,1,0.10000000149011612,206.0,184.0
87,4,204.0,1,0.10000000149011612,204.0,188.0
87,5,170.0,1,0.10000000149011612,156.0,142.0
87,6,252.0,1,0.10000000149011612,267.0,249.0
87,7,140.0,1,0.10000000149011612,140.0,130.0
87,8,243.0,1,0.10000000149011612,243.0,241.0
87,9,206.0,1,0.10000000149011612,211.0,205.0
88,0,182.0,1,0.10000000149011612,188.0,174.0
88,1,255.0,1,0.10000000149011612,254.0,252.0
88,2,233.0,1,0.10000000149011612,227.0,212.0
88,3,210.0,1,0.10000000149011612,195.0,181.0
88,4,273.0,1,0.10000000149011612,278.0,261.0
88,5,201.0,1,0.10000000149011612,203.0,181.0
88,6,145.0,1,0.10000000149011612,147.0,137.0
88,7,158.0,1,0.10000000149011612,162.0,152.0
88,8,165.0,1,0.10000000149011612,166.0,163.0
88,9,178.0,1,0.10000000149011612,180.0,176.0
89,0,178.0,1,0.10000000149011612,183.0,168.0
89,1,110.0,1,0.10000000149011612,110.0,108.0
89,2,281.0,1,0.10000000149011612,285.0,262.0
89,3,78.0,1,0.10000000149011612,60.0,59.0
89,4,199.0,1,0.10000000149011612,201.0,187.0
89,5,241.0,1,0.10000000149011612,242.0,221.0
89,6,205.0,1,0.10000000149011612,205.0,195.0
89,7,274.0,1,0.10000000149011612,284.0,265.0
89,8,246.0,1,0.10000000149011612,242.0,240.0
89,9,188.0,1,0.10000000149011612,188.0,185.0
90,0,156.0,1,0.10000000149011612,155.0,149.0
90,1,216.0,1,0.10000000149011612,217.0,215.0
90,2,140.0,1,0.10000000149011612,131.0,122.0
90,3,243.0,1,0.10000000149011612,227.0,214.0
90,4,224.0,1,0.10000000149011612,225.0,211.0
90,5,237.0,1,0.10000000149011612,248.0,223.0
90,6,108.0,1,0.10000000149011612,108.0,99.0
90,7,308.0,1,0.10000000149011612,315.0,305.0
90,8,145.0,1,0.10000000149011612,150.0,145.0
90,9,223.0,1,0.10000000149011612,224.0,220.0
91,0,154.0,1,0.10000000149011612,159.0,148.0
91,1,191.0,1,0.10000000149011612,194.0,189.0
91,2,246.0,1,0.10000000149011612,247.0,234.0
91,3,232.0,1,0.10000000149011612,234.0,208.0
91,4,203.0,1,0.10000000149011612,200.0,189.0
91,5,238.0,1,0.10000000149011612,229.0,214.0
91,6,253.0,1,0.10000000149011612,251.0,242.0
91,7,203.0,1,0.10000000149011612,209.0,197.0
91,8,160.0,1,0.10000000149011612,155.0,154.0
91,9,120.0,1,0.10000000149011612,122.0,116.0
92,0,206.0,1,0.10000000149011612,212.0,198.0
92,1,172.0,1,0.10000000149011612,174.0,171.0
92,2,259.0,1,0.10000000149011612,252.0,237.0
92,3,143.0,1,0.10000000149011612,129.0,111.0
92,4,220.0,1,0.10000000149011612,219.0,204.0
92,5,166.0,1,0.10000000149011612,164.0,143.0
92,6,178.0,1,0.10000000149011612,184.0,168.0
92,7,181.0,1,0.10000000149011612,189.0,179.0
92,8,259.0,1,0.10000000149011612,261.0,255.0
92,9,216.0,1,0.10000000149011612,216.0,213.0
93,0,286.0,1,0.10000000149011612,299.0,279.0
93,1,228.0,1,0.10000000149011612,230.0,226.0
93,2,176.0,1,0.10000000149011612,166.0,158.0
93,3,163.0,1,0.10000000149011612,161.0,147.0
93,4,210.0,1,0.10000000149011612,217.0,203.0
93,5,150.0,1,0.10000000149011612,133.0,129.0
93,6,191.0,1,0.10000000149011612,194.0,183.0
93,7,209.0,1,0.10000000149011612,211.0,198.0
93,8,197.0,1,0.10000000149011612,195.0,192.0
93,9,190.0,1,0.10000000149011612,194.0,188.0
94,0,232.0,1,0.10000000149011612,238.0,225.0
94,1,82.0,1,0.10000000149011612,80.0,79.0
94,2,212.0,1,0.10000000149011612,210.0,200.0
94,3,174.0,1,0.10000000149011612,162.0,144.0
94,4,108.0,1,0.10000000149011612,98.0,93.0
94,5,196.0,1,0.10000000149011612,190.0,174.0
94,6,336.0,1,0.10000000149011612,352.0,329.0
94,7,147.0,1,0.10000000149011612,152.0,140.0
94,8,289.0,1,0.10000000149011612,293.0,287.0
94,9,224.0,1,0.10000000149011612,225.0,221.0
95,0,249.0,1,0.10000000149011612,258.0,245.0
95,1,101.0,1,0.10000000149011612,95.0,95.0
95,2,177.0,1,0.10000000149011612,172.0,158.0
95,3,200.0,1,0.10000000149011612,196.0,175.0
95,4,119.0,1,0.10000000149011612,103.0,99.0
95,5,164.0,1,0.10000000149011612,158.0,147.0
95,6,240.0,1,0.10000000149011612,261.0,237.0
95,7,221.0,1,0.10000000149011612,221.0,216.0
95,8,280.0,1,0.10000000149011612,285.0,279.0
95,9,249.0,1,0.10000000149011612,251.0,247.0
96,0,174.0,1,0.10000000149011612,186.0,173.0
96,1,170.0,1,0.10000000149011612,164.0,164.0
96,2,172.0,1,0.10000000149011612,162.0,149.0
96,3,223.0,1,0.10000000149011612,228.0,206.0
96,4,191.0,1,0.10000000149011612,171.0,163.0
96,5,137.0,1,0.10000000149011612,122.0,114.0
96,6,217.0,1,0.10000000149011612,234.0,214.0
96,7,192.0,1,0.10000000149011612,199.0,188.0
96,8,224.0,1,0.10000000149011612,228.0,223.0
96,9,300.0,1,0.10000000149011612,306.0,299.0
97,0,188.0,1,0.10000000149011612,194.0,184.0
97,1,288.0,1,0.10000000149011612,286.0,284.0
97,2,174.0,1,0.10000000149011612,171.0,158.0
97,3,298.0,1,0.10000000149011612,301.0,278.0
97,4,223.0,1,0.10000000149011612,219.0,208.0
97,5,202.0,1,0.10000000149011612,191.0,178.0
97,6,188.0,1,0.10000000149011612,193.0,180.0
97,7,217.0,1,0.10000000149011612,221.0,212.0
97,8,92.0,1,0.10000000149011612,88.0,86.0
97,9,130.0,1,0.10000000149011612,136.0,130.0
98,0,175.0,1,0.10000000149011612,186.0,170.0
98,1,292.0,1,0.10000000149011612,301.0,292.0
98,2,162.0,1,0.10000000149011612,143.0,132.0
98,3,235.0,1,0.10000000149011612,242.0,215.0
98,4,264.0,1,0.10000000149011612,268.0,252.0
98,5,238.0,1,0.10000000149011612,225.0,208.0
98,6,195.0,1,0.10000000149011612,198.0,182.0
98,7,162.0,1,0.10000000149011612,167.0,156.0
98,8,107.0,1,0.10000000149011612,102.0,100.0
98,9,170.0,1,0.10000000149011612,168.0,166.0
99,0,191.0,1,0.10000000149011612,199.0,182.0
99,1,222.0,1,0.10000000149011612,224.0,221.0
99,2,197.0,1,0.10000000149011612,190.0,180.0
99,3,186.0,1,0.10000000149011612,181.0,166.0
99,4,187.0,1,0.10000000149011612,180.0,173.0
99,5,138.0,1,0.10000000149011612,134.0,125.0
99,6,193.0,1,0.10000000149011612,203.0,186.0
99,7,233.0,1,0.10000000149011612,234.0,226.0
99,8,227.0,1,0.10000000149011612,229.0,224.0
99,9,226.0,1,0.10000000149011612,226.0,223.0
100,0,237.0,1,0.10000000149011612,244.0,230.0
100,1,138.0,1,0.10000000149011612,132.0,132.0
100,2,235.0,1,0.10000000149011612,237.0,220.0
100,3,144.0,1,0.10000000149011612,145.0,125.0
100,4,117.0,1,0.10000000149011612,105.0,98.0
100,5,172.0,1,0.10000000149011612,152.0,142.0
100,6,252.0,1,0.10000000149011612,267.0,246.0
100,7,192.0,1,0.10000000149011612,202.0,184.0
100,8,298.0,1,0.10000000149011612,301.0,296.0
100,9,215.0,1,0.10000000149011612,215.0,213.0
101,0,180.0,1,0.10000000149011612,181.0,175.0
101,1,220.0,1,0.10000000149011612,219.0,217.0
101,2,134.0,1,0.10000000149011612,123.0,119.0
101,3,220.0,1,0.10000000149011612,227.0,202.0
101,4,181.0,1,0.10000000149011612,170.0,161.0
101,5,190.0,1,0.10000000149011612,177.0,164.0
101,6,175.0,1,0.10000000149011612,184.0,168.0
101,7,268.0,1,0.10000000149011612,279.0,265.0
101,8,200.0,1,0.10000000149011612,206.0,199.0
101,9,232.0,1,0.10000000149011612,234.0,230.0
102,0,201.0,1,0.10000000149011612,201.0,192.0
102,1,268.0,1,0.10000000149011612,271.0,268.0
102,2,207.0,1,0.10000000149011612,207.0,192.0
102,3,219.0,1,0.10000000149011612,220.0,205.0
102,4,167.0,1,0.10000000149011612,155.0,151.0
102,5,207.0,1,0.10000000149011612,197.0,188.0
102,6,220.0,1,0.10000000149011612,225.0,215.0
102,7,214.0,1,0.10000000149011612,227.0,212.0
102,8,160.0,1,0.10000000149011612,160.0,159.0
102,9,137.0,1,0.10000000149011612,137.0,134.0
103,0,166.0,1,0.10000000149011612,169.0,160.0
103,1,256.0,1,0.10000000149011612,258.0,255.0
103,2,213.0,1,0.10000000149011612,212.0,201.0
103,3,211.0,1,0.10000000149011612,205.0,195.0
103,4,247.0,1,0.10000000149011612,248.0,236.0
103,5,176.0,1,0.10000000149011612,175.0,163.0
103,6,161.0,1,0.10000000149011612,162.0,155.0
103,7,208.0,1,0.10000000149011612,211.0,203.0
103,8,166.0,1,0.10000000149011612,164.0,163.0
103,9,196.0,1,0.10000000149011612,196.0,194.0
104,0,166.0,1,0.10000000149011612,164.0,156.0
104,1,267.0,1,0.10000000149011612,272.0,265.0
104,2,165.0,1,0.10000000149011612,154.0,145.0
104,3,279.0,1,0.10000000149011612,280.0,261.0
104,4,208.0,1,0.10000000149011612,211.0,200.0
104,5,256.0,1,0.10000000149011612,249.0,235.0
104,6,143.0,1,0.10000000149011612,150.0,136.0
104,7,266.0,1,0.10000000149011612,271.0,260.0
104,8,113.0,1,0.10000000149011612,114.0,112.0
104,9,137.0,1,0.10000000149011612,135.0,131.0
105,0,197.0,1,0.10000000149011612,204.0,190.0
105,1,163.0,1,0.10000000149011612,165.0,163.0
105,2,209.0,1,0.10000000149011612,205.0,193.0
105,3,178.0,1,0.10000000149011612,173.0,152.0
105,4,132.0,1,0.10000000149011612,119.0,112.0
105,5,203.0,1,0.10000000149011612,210.0,183.0
105,6,280.0,1,0.10000000149011612,285.0,272.0
105,7,177.0,1,0.10000000149011612,182.0,174.0
105,8,243.0,1,0.10000000149011612,240.0,237.0
105,9,218.0,1,0.10000000149011612,217.0,215.0
106,0,122.0,1,0.10000000149011612,123.0,116.0
106,1,177.0,1,0.10000000149011612,176.0,174.0
106,2,284.0,1,0.10000000149011612,274.0,267.0
106,3,191.0,1,0.10000000149011612,194.0,170.0
106,4,249.0,1,0.10000000149011612,245.0,232.0
106,5,221.0,1,0.10000000149011612,216.0,200.0
106,6,195.0,1,0.10000000149011612,201.0,192.0
106,7,191.0,1,0.10000000149011612,198.0,189.0
106,8,174.0,1,0.10000000149011612,178.0,174.0
106,9,196.0,1,0.10000000149011612,195.0,194.0
107,0,239.0,1,0.10000000149011612,251.0,235.0
107,1,292.0,1,0.10000000149011612,295.0,291.0
107,2,133.0,1,0.10000000149011612,126.0,116.0
107,3,230.0,1,0.10000000149011612,228.0,216.0
107,4,233.0,1,0.10000000149011612,237.0,225.0
107,5,151.0,1,0.10000000149011612,132.0,127.0
107,6,155.0,1,0.10000000149011612,157.0,144.0
107,7,190.0,1,0.10000000149011612,197.0,185.0
107,8,184.0,1,0.10000000149011612,181.0,178.0
107,9,193.0,1,0.10000000149011612,196.0,191.0
108,0,155.0,1,0.10000000149011612,153.0,145.0
108,1,199.0,1,0.10000000149011612,199.0,197.0
108,2,150.0,1,0.10000000149011612,140.0,130.0
108,3,269.0,1,0.10000000149011612,282.0,258.0
108,4,243.0,1,0.10000000149011612,245.0,231.0
108,5,138.0,1,0.10000000149011612,127.0,122.0
108,6,117.0,1,0.10000000149011612,118.0,110.0
108,7,258.0,1,0.10000000149011612,262.0,254.0
108,8,189.0,1,0.10000000149011612,191.0,189.0
108,9,282.0,1,0.10000000149011612,283.0,278.0
109,0,253.0,1,0.10000000149011612,261.0,250.0
109,1,189.0,1,0.10000000149011612,186.0,186.0
109,2,141.0,1,0.10000000149011612,136.0,131.0
109,3,190.0,1,0.10000000149011612,202.0,186.0
109,4,135.0,1,0.10000000149011612,127.0,123.0
109,5,59.0,1,0.10000000149011612,45.0,45.0
109,6,221.0,1,0.10000000149011612,226.0,217.0
109,7,188.0,1,0.10000000149011612,193.0,181.0
109,8,314.0,1,0.10000000149011612,312.0,310.0
109,9,310.0,1,0.10000000149011612,312.0,310.0
110,0,221.0,1,0.10000000149011612,228.0,214.0
110,1,276.0,1,0.10000000149011612,278.0,275.0
110,2,165.0,1,0.10000000149011612,151.0,144.0
110,3,229.0,1,0.10000000149011612,239.0,217.0
110,4,189.0,1,0.10000000149011612,187.0,178.0
110,5,91.0,1,0.10000000149011612,63.0,61.0
110,6,204.0,1,0.10000000149011612,222.0,198.0
110,7,266.0,1,0.10000000149011612,269.0,260.0
110,8,171.0,1,0.10000000149011612,175.0,169.0
110,9,188.0,1,0.10000000149011612,188.0,186.0
111,0,207.0,1,0.10000000149011612,207.0,195.0
111,1,170.0,1,0.10000000149011612,173.0,167.0
111,2,261.0,1,0.10000000149011612,261.0,244.0
111,3,116.0,1,0.10000000149011612,102.0,93.0
111,4,219.0,1,0.10000000149011612,223.0,209.0
111,5,274.0,1,0.10000000149011612,276.0,257.0
111,6,160.0,1,0.10000000149011612,164.0,153.0
111,7,151.0,1,0.10000000149011612,148.0,143.0
111,8,244.0,1,0.10000000149011612,250.0,242.0
111,9,198.0,1,0.10000000149011612,196.0,193.0
112,0,148.0,1,0.10000000149011612,150.0,141.0
112,1,209.0,1,0.10000000149011612,210.0,207.0
112,2,190.0,1,0.10000000149011612,180.0,174.0
112,3,198.0,1,0.10000000149011612,194.0,179.0
112,4,277.0,1,0.10000000149011612,284.0,271.0
112,5,150.0,1,0.10000000149011612,146.0,132.0
112,6,137.0,1,0.10000000149011612,139.0,129.0
112,7,247.0,1,0.10000000149011612,249.0,241.0
112,8,174.0,1,0.10000000149011612,175.0,173.0
112,9,270.0,1,0.10000000149011612,273.0,269.0
113,0,200.0,1,0.10000000149011612,209.0,199.0
113,1,167.0,1,0.10000000149011612,170.0,166.0
113,2,238.0,1,0.10000000149011612,227.0,221.0
113,3,159.0,1,0.10000000149011612,159.0,148.0
113,4,185.0,1,0.10000000149011612,175.0,170.0
113,5,146.0,1,0.10000000149011612,134.0,127.0
113,6,280.0,1,0.10000000149011612,292.0,275.0
113,7,240.0,1,0.10000000149011612,251.0,239.0
113,8,203.0,1,0.10000000149011612,202.0,201.0
113,9,182.0,1,0.10000000149011612,181.0,180.0
114,0,122.0,1,0.10000000149011612,125.0,121.0
114,1,133.0,1,0.10000000149011612,130.0,130.0
114,2,263.0,1,0.10000000149011612,260.0,255.0
114,3,134.0,1,0.10000000149011612,129.0,123.0
114,4,246.0,1,0.10000000149011612,245.0,236.0
114,5,133.0,1,0.10000000149011612,124.0,117.0
114,6,216.0,1,0.10000000149011612,223.0,212.0
114,7,224.0,1,0.10000000149011612,230.0,223.0
114,8,251.0,1,0.10000000149011612,252.0,251.0
114,9,278.0,1,0.10000000149011612,282.0,278.0
115,0,190.0,1,0.10000000149011612,189.0,185.0
115,1,169.0,1,0.10000000149011612,169.0,167.0
115,2,246.0,1,0.10000000149011612,246.0,236.0
115,3,140.0,1,0.10000000149011612,138.0,124.0
115,4,210.0,1,0.10000000149011612,213.0,202.0
115,5,233.0,1,0.10000000149011612,223.0,214.0
115,6,213.0,1,0.10000000149011612,215.0,206.0
115,7,221.0,1,0.10000000149011612,222.0,214.0
115,8,228.0,1,0.10000000149011612,232.0,227.0
115,9,150.0,1,0.10000000149011612,153.0,149.0
116,0,136.0,1,0.10000000149011612,133.0,125.0
116,1,261.0,1,0.10000000149011612,260.0,258.0
116,2,209.0,1,0.10000000149011612,198.0,189.0
116,3,276.0,1,0.10000000149011612,278.0,254.0
116,4,272.0,1,0.10000000149011612,274.0,259.0
116,5,271.0,1,0.10000000149011612,266.0,248.0
116,6,152.0,1,0.10000000149011612,157.0,148.0
116,7,165.0,1,0.10000000149011612,172.0,164.0
116,8,97.0,1,0.10000000149011612,100.0,96.0
116,9,161.0,1,0.10000000149011612,162.0,158.0
117,0,229.0,1,0.10000000149011612,228.0,223.0
117,1,285.0,1,0.10000000149011612,286.0,284.0
117,2,183.0,1,0.10000000149011612,182.0,175.0
117,3,238.0,1,0.10000000149011612,247.0,230.0
117,4,211.0,1,0.10000000149011612,212.0,207.0
117,5,200.0,1,0.10000000149011612,189.0,182.0
117,6,221.0,1,0.10000000149011612,224.0,216.0
117,7,132.0,1,0.10000000149011612,131.0,125.0
117,8,164.0,1,0.10000000149011612,164.0,162.0
117,9,137.0,1,0.10000000149011612,137.0,135.0
118,0,173.0,1,0.10000000149011612,172.0,165.0
118,1,167.0,1,0.10000000149011612,171.0,167.0
118,2,275.0,1,0.10000000149011612,278.0,260.0
118,3,173.0,1,0.10000000149011612,170.0,151.0
118,4,284.0,1,0.10000000149011612,288.0,276.0
118,5,207.0,1,0.10000000149011612,196.0,183.0
118,6,168.0,1,0.10000000149011612,171.0,160.0
118,7,156.0,1,0.10000000149011612,157.0,151.0
118,8,199.0,1,0.10000000149011612,201.0,199.0
118,9,198.0,1,0.10000000149011612,196.0,194.0
119,0,220.0,1,0.10000000149011612,216.0,214.0
119,1,261.0,1,0.10000000149011612,260.0,259.0
119,2,125.0,1,0.10000000149011612,121.0,119.0
119,3,311.0,1,0.10000000149011612,326.0,302.0
119,4,208.0,1,0.10000000149011612,211.0,203.0
119,5,168.0,1,0.10000000149011612,151.0,145.0
119,6,219.0,1,0.10000000149011612,229.0,217.0
119,7,164.0,1,0.10000000149011612,163.0,159.0
119,8,143.0,1,0.10000000149011612,143.0,142.0
119,9,181.0,1,0.10000000149011612,180.0,179.0
120,0,186.0,1,0.10000000149011612,193.0,181.0
120,1,168.0,1,0.10000000149011612,169.0,168.0
120,2,251.0,1,0.10000000149011612,250.0,236.0
120,3,148.0,1,0.10000000149011612,145.0,131.0
120,4,266.0,1,0.10000000149011612,258.0,254.0
120,5,185.0,1,0.10000000149011612,177.0,165.0
120,6,180.0,1,0.10000000149011612,185.0,177.0
120,7,238.0,1,0.10000000149011612,242.0,233.0
120,8,172.0,1,0.10000000149011612,173.0,170.0
120,9,206.0,1,0.10000000149011612,208.0,205.0
121,0,101.0,1,0.10000000149011612,99.0,96.0
121,1,226.0,1,0.10000000149011612,226.0,225.0
121,2,231.0,1,0.10000000149011612,229.0,224.0
121,3,197.0,1,0.10000000149011612,190.0,182.0
121,4,303.0,1,0.10000000149011612,304.0,295.0
121,5,207.0,1,0.10000000149011612,198.0,188.0
121,6,161.0,1,0.10000000149011612,164.0,156.0
121,7,213.0,1,0.10000000149011612,225.0,209.0
121,8,146.0,1,0.10000000149011612,148.0,146.0
121,9,215.0,1,0.10000000149011612,217.0,215.0
122,0,169.0,1,0.10000000149011612,168.0,161.0
122,1,146.0,1,0.10000000149011612,147.0,144.0
122,2,236.0,1,0.10000000149011612,236.0,225.0
122,3,196.0,1,0.10000000149011612,194.0,173.0
122,4,231.0,1,0.10000000149011612,229.0,219.0
122,5,256.0,1,0.10000000149011612,256.0,237.0
122,6,192.0,1,0.10000000149011612,193.0,185.0
122,7,189.0,1,0.10000000149011612,188.0,185.0
122,8,193.0,1,0.10000000149011612,194.0,190.0
122,9,192.0,1,0.10000000149011612,195.0,189.0
123,0,216.0,1,0.10000000149011612,215.0,208.0
123,1,196.0,1,0.10000000149011612,195.0,193.0
123,2,197.0,1,0.10000000149011612,198.0,187.0
123,3,238.0,1,0.10000000149011612,235.0,219.0
123,4,204.0,1,0.10000000149011612,207.0,197.0
123,5,247.0,1,0.10000000149011612,242.0,226.0
123,6,302.0,1,0.10000000149011612,315.0,297.0
123,7,38.0,1,0.10000000149011612,32.0,30.0
123,8,190.0,1,0.10000000149011612,191.0,189.0
123,9,172.0,1,0.10000000149011612,170.0,168.0
124,0,184.0,1,0.10000000149011612,183.0,178.0
124,1,184.0,1,0.10000000149011612,185.0,183.0
124,2,250.0,1,0.10000000149011612,252.0,239.0
124,3,145.0,1,0.10000000149011612,136.0,126.0
124,4,231.0,1,0.10000000149011612,227.0,225.0
124,5,233.0,1,0.10000000149011612,229.0,219.0
124,6,167.0,1,0.10000000149011612,179.0,165.0
124,7,237.0,1,0.10000000149011612,235.0,233.0
124,8,203.0,1,0.10000000149011612,204.0,202.0
124,9,166.0,1,0.10000000149011612,170.0,166.0
125,0,156.0,1,0.10000000149011612,156.0,150.0
125,1,197.0,1,0.10000000149011612,196.0,195.0
125,2,214.0,1,0.10000000149011612,212.0,203.0
125,3,249.0,1,0.10000000149011612,248.0,236.0
125,4,216.0,1,0.10000000149011612,219.0,209.0
125,5,227.0,1,0.10000000149011612,218.0,210.0
125,6,191.0,1,0.10000000149011612,197.0,187.0
125,7,239.0,1,0.10000000149011612,244.0,234.0
125,8,140.0,1,0.10000000149011612,141.0,140.0
125,9,171.0,1,0.10000000149011612,169.0,169.0
126,0,127.0,1,0.10000000149011612,126.0,123.0
126,1,162.0,1,0.10000000149011612,162.0,161.0
126,2,228.0,1,0.10000000149011612,222.0,217.0
126,3,173.0,1,0.10000000149011612,168.0,160.0
126,4,219.0,1,0.10000000149011612,213.0,209.0
126,5,196.0,1,0.10000000149011612,203.0,189.0
126,6,142.0,1,0.10000000149011612,145.0,138.0
126,7,310.0,1,0.10000000149011612,317.0,308.0
126,8,209.0,1,0.10000000149011612,210.0,209.0
126,9,234.0,1,0.10000000149011612,234.0,233.0
127,0,221.0,1,0.10000000149011612,223.0,218.0
127,1,188.0,1,0.10000000149011612,188.0,188.0
127,2,186.0,1,0.10000000149011612,184.0,180.0
127,3,196.0,1,0.10000000149011612,198.0,181.0
127,4,182.0,1,0.10000000149011612,177.0,173.0
127,5,142.0,1,0.10000000149011612,139.0,131.0
127,6,197.0,1,0.10000000149011612,201.0,195.0
127,7,207.0,1,0.10000000149011612,209.0,202.0
127,8,241.0,1,0.10000000149011612,239.0,238.0
127,9,240.0,1,0.10000000149011612,242.0,240.0
128,0,188.0,1,0.10000000149011612,190.0,185.0
128,1,192.0,1,0.10000000149011612,191.0,191.0
128,2,199.0,1,0.10000000149011612,195.0,192.0
128,3,235.0,1,0.10000000149011612,241.0,224.0
128,4,215.0,1,0.10000000149011612,208.0,202.0
128,5,195.0,1,0.10000000149011612,183.0,178.0
128,6,233.0,1,0.10000000149011612,245.0,231.0
128,7,146.0,1,0.10000000149011612,149.0,143.0
128,8,189.0,1,0.10000000149011612,189.0,189.0
128,9,208.0,1,0.10000000149011612,209.0,207.0
129,0,135.0,1,0.10000000149011612,140.0,132.0
129,1,177.0,1,0.10000000149011612,175.0,174.0
129,2,304.0,1,0.10000000149011612,300.0,293.0
129,3,192.0,1,0.10000000149011612,197.0,180.0
129,4,285.0,1,0.10000000149011612,280.0,273.0
129,5,155.0,1,0.10000000149011612,147.0,140.0
129,6,183.0,1,0.10000000149011612,187.0,179.0
129,7,167.0,1,0.10000000149011612,170.0,163.0
129,8,193.0,1,0.10000000149011612,192.0,190.0
129,9,209.0,1,0.10000000149011612,212.0,208.0
130,0,211.0,1,0.10000000149011612,216.0,208.0
130,1,185.0,1,0.10000000149011612,184.0,183.0
130,2,199.0,1,0.10000000149011612,193.0,187.0
130,3,234.0,1,0.10000000149011612,235.0,220.0
130,4,186.0,1,0.10000000149011612,183.0,175.0
130,5,272.0,1,0.10000000149011612,266.0,255.0
130,6,243.0,1,0.10000000149011612,247.0,238.0
130,7,200.0,1,0.10000000149011612,204.0,194.0
130,8,128.0,1,0.10000000149011612,129.0,128.0
130,9,142.0,1,0.10000000149011612,143.0,140.0
131,0,182.0,1,0.10000000149011612,189.0,181.0
131,1,174.0,1,0.10000000149011612,173.0,173.0
131,2,199.0,1,0.10000000149011612,187.0,183.0
131,3,188.0,1,0.10000000149011612,201.0,181.0
131,4,200.0,1,0.10000000149011612,190.0,187.0
131,5,145.0,1,0.10000000149011612,138.0,130.0
131,6,163.0,1,0.10000000149011612,170.0,161.0
131,7,235.0,1,0.10000000149011612,237.0,234.0
131,8,250.0,1,0.10000000149011612,248.0,248.0
131,9,264.0,1,0.10000000149011612,267.0,264.0
132,0,210.0,1,0.10000000149011612,217.0,209.0
132,1,193.0,1,0.10000000149011612,192.0,191.0
132,2,226.0,1,0.10000000149011612,221.0,217.0
132,3,161.0,1,0.10000000149011612,157.0,152.0
132,4,257.0,1,0.10000000149011612,253.0,251.0
132,5,202.0,1,0.10000000149011612,204.0,195.0
132,6,122.0,1,0.10000000149011612,122.0,119.0
132,7,232.0,1,0.10000000149011612,233.0,229.0
132,8,201.0,1,0.10000000149011612,201.0,200.0
132,9,196.0,1,0.10000000149011612,200.0,196.0
133,0,144.0,1,0.10000000149011612,147.0,140.0
133,1,242.0,1,0.10000000149011612,242.0,241.0
133,2,216.0,1,0.10000000149011612,213.0,209.0
133,3,158.0,1,0.10000000149011612,155.0,147.0
133,4,336.0,1,0.10000000149011612,339.0,330.0
133,5,249.0,1,0.10000000149011612,247.0,236.0
133,6,92.0,1,0.10000000149011612,87.0,83.0
133,7,197.0,1,0.10000000149011612,203.0,195.0
133,8,150.0,1,0.10000000149011612,149.0,148.0
133,9,216.0,1,0.10000000149011612,218.0,215.0
134,0,233.0,1,0.10000000149011612,234.0,231.0
134,1,257.0,1,0.10000000149011612,257.0,257.0
134,2,177.0,1,0.10000000149011612,176.0,172.0
134,3,245.0,1,0.10000000149011612,243.0,235.0
134,4,196.0,1,0.10000000149011612,195.0,191.0
134,5,203.0,1,0.10000000149011612,198.0,194.0
134,6,189.0,1,0.10000000149011612,191.0,187.0
134,7,291.0,1,0.10000000149011612,292.0,290.0
134,8,89.0,1,0.10000000149011612,90.0,89.0
134,9,120.0,1,0.10000000149011612,124.0,120.0
135,0,244.0,1,0.10000000149011612,252.0,243.0
135,1,222.0,1,0.10000000149011612,221.0,221.0
135,2,167.0,1,0.10000000149011612,160.0,156.0
135,3,237.0,1,0.10000000149011612,241.0,231.0
135,4,178.0,1,0.10000000149011612,175.0,174.0
135,5,172.0,1,0.10000000149011612,168.0,164.0
135,6,200.0,1,0.10000000149011612,207.0,197.0
135,7,263.0,1,0.10000000149011612,259.0,256.0
135,8,170.0,1,0.10000000149011612,168.0,167.0
135,9,147.0,1,0.10000000149011612,149.0,147.0
136,0,174.0,1,0.10000000149011612,175.0,170.0
136,1,133.0,1,0.10000000149011612,132.0,132.0
136,2,201.0,1,0.10000000149011612,197.0,190.0
136,3,208.0,1,0.10000000149011612,217.0,200.0
136,4,189.0,1,0.10000000149011612,184.0,175.0
136,5,179.0,1,0.10000000149011612,166.0,160.0
136,6,161.0,1,0.10000000149011612,165.0,158.0
136,7,253.0,1,0.10000000149011612,259.0,250.0
136,8,247.0,1,0.10000000149011612,249.0,247.0
136,9,255.0,1,0.10000000149011612,256.0,255.0
137,0,101.0,1,0.10000000149011612,102.0,99.0
137,1,109.0,1,0.10000000149011612,107.0,107.0
137,2,333.0,1,0.10000000149011612,336.0,328.0
137,3,96.0,1,0.10000000149011612,88.0,84.0
137,4,269.0,1,0.10000000149011612,273.0,266.0
137,5,291.0,1,0.10000000149011612,291.0,281.0
137,6,152.0,1,0.10000000149011612,148.0,146.0
137,7,268.0,1,0.10000000149011612,272.0,265.0
137,8,204.0,1,0.10000000149011612,203.0,203.0
137,9,177.0,1,0.10000000149011612,180.0,177.0
138,0,214.0,1,0.10000000149011612,210.0,205.0
138,1,150.0,1,0.10000000149011612,151.0,149.0
138,2,183.0,1,0.10000000149011612,185.0,177.0
138,3,131.0,1,0.10000000149011612,127.0,116.0
138,4,170.0,1,0.10000000149011612,172.0,165.0
138,5,241.0,1,0.10000000149011612,249.0,233.0
138,6,146.0,1,0.10000000149011612,145.0,141.0
138,7,189.0,1,0.10000000149011612,183.0,182.0
138,8,309.0,1,0.10000000149011612,312.0,307.0
138,9,267.0,1,0.10000000149011612,266.0,264.0
139,0,196.0,1,0.10000000149011612,202.0,192.0
139,1,173.0,1,0.10000000149011612,171.0,170.0
139,2,175.0,1,0.10000000149011612,167.0,165.0
139,3,202.0,1,0.10000000149011612,199.0,188.0
139,4,185.0,1,0.10000000149011612,177.0,174.0
139,5,249.0,1,0.10000000149011612,257.0,245.0
139,6,172.0,1,0.10000000149011612,175.0,169.0
139,7,245.0,1,0.10000000149011612,245.0,241.0
139,8,176.0,1,0.10000000149011612,177.0,174.0
139,9,227.0,1,0.10000000149011612,230.0,225.0
140,0,309.0,1,0.10000000149011612,311.0,306.0
140,1,216.0,1,0.10000000149011612,217.0,216.0
140,2,169.0,1,0.10000000149011612,168.0,162.0
140,3,179.0,1,0.10000000149011612,184.0,170.0
140,4,132.0,1,0.10000000149011612,129.0,126.0
140,5,188.0,1,0.10000000149011612,186.0,176.0
140,6,222.0,1,0.10000000149011612,223.0,216.0
140,7,233.0,1,0.10000000149011612,231.0,228.0
140,8,206.0,1,0.10000000149011612,206.0,204.0
140,9,146.0,1,0.10000000149011612,145.0,144.0
141,0,260.0,1,0.10000000149011612,269.0,259.0
141,1,141.0,1,0.10000000149011612,141.0,140.0
141,2,196.0,1,0.10000000149011612,191.0,187.0
141,3,158.0,1,0.10000000149011612,155.0,148.0
141,4,127.0,1,0.10000000149011612,123.0,120.0
141,5,214.0,1,0.10000000149011612,209.0,202.0
141,6,241.0,1,0.10000000149011612,248.0,238.0
141,7,230.0,1,0.10000000149011612,230.0,228.0
141,8,249.0,1,0.10000000149011612,248.0,247.0
141,9,184.0,1,0.10000000149011612,186.0,184.0
142,0,166.0,1,0.10000000149011612,169.0,163.0
142,1,150.0,1,0.10000000149011612,148.0,148.0
142,2,206.0,1,0.10000000149011612,201.0,198.0
142,3,209.0,1,0.10000000149011612,209.0,202.0
142,4,242.0,1,0.10000000149011612,241.0,236.0
142,5,248.0,1,0.10000000149011612,245.0,239.0
142,6,135.0,1,0.10000000149011612,137.0,133.0
142,7,232.0,1,0.10000000149011612,234.0,228.0
142,8,203.0,1,0.10000000149011612,204.0,202.0
142,9,209.0,1,0.10000000149011612,212.0,209.0
143,0,263.0,1,0.10000000149011612,268.0,261.0
143,1,187.0,1,0.10000000149011612,187.0,187.0
143,2,211.0,1,0.10000000149011612,210.0,204.0
143,3,224.0,1,0.10000000149011612,231.0,213.0
143,4,171.0,1,0.10000000149011612,167.0,162.0
143,5,218.0,1,0.10000000149011612,205.0,198.0
143,6,300.0,1,0.10000000149011612,305.0,298.0
143,7,111.0,1,0.10000000149011612,115.0,109.0
143,8,173.0,1,0.10000000149011612,170.0,170.0
143,9,142.0,1,0.10000000149011612,142.0,141.0
144,0,163.0,1,0.10000000149011612,171.0,163.0
144,1,261.0,1,0.10000000149011612,261.0,260.0
144,2,205.0,1,0.10000000149011612,198.0,193.0
144,3,246.0,1,0.10000000149011612,250.0,236.0
144,4,197.0,1,0.10000000149011612,189.0,185.0
144,5,138.0,1,0.10000000149011612,131.0,123.0
144,6,220.0,1,0.10000000149011612,225.0,218.0
144,7,216.0,1,0.10000000149011612,222.0,212.0
144,8,166.0,1,0.10000000149011612,164.0,164.0
144,9,188.0,1,0.10000000149011612,189.0,188.0
145,0,230.0,1,0.10000000149011612,235.0,228.0
145,1,141.0,1,0.10000000149011612,142.0,141.0
145,2,236.0,1,0.10000000149011612,239.0,229.0
145,3,97.0,1,0.10000000149011612,87.0,83.0
145,4,174.0,1,0.10000000149011612,169.0,164.0
145,5,280.0,1,0.10000000149011612,279.0,267.0
145,6,238.0,1,0.10000000149011612,239.0,232.0
145,7,172.0,1,0.10000000149011612,179.0,170.0
145,8,241.0,1,0.10000000149011612,241.0,240.0
145,9,191.0,1,0.10000000149011612,190.0,189.0
146,0,168.0,1,0.10000000149011612,168.0,166.0
146,1,305.0,1,0.10000000149011612,303.0,303.0
146,2,176.0,1,0.10000000149011612,175.0,171.0
146,3,301.0,1,0.10000000149011612,303.0,293.0
146,4,240.0,1,0.10000000149011612,242.0,236.0
146,5,145.0,1,0.10000000149011612,136.0,133.0
146,6,205.0,1,0.10000000149011612,208.0,201.0
146,7,182.0,1,0.10000000149011612,185.0,181.0
146,8,119.0,1,0.10000000149011612,119.0,119.0
146,9,159.0,1,0.10000000149011612,161.0,159.0
147,0,227.0,1,0.10000000149011612,227.0,222.0
147,1,167.0,1,0.10000000149011612,167.0,167.0
147,2,139.0,1,0.10000000149011612,132.0,132.0
147,3,202.0,1,0.10000000149011612,211.0,198.0
147,4,99.0,1,0.10000000149011612,92.0,90.0
147,5,166.0,1,0.10000000149011612,153.0,150.0
147,6,214.0,1,0.10000000149011612,223.0,213.0
147,7,277.0,1,0.10000000149011612,283.0,274.0
147,8,269.0,1,0.10000000149011612,271.0,268.0
147,9,240.0,1,0.10000000149011612,241.0,240.0
148,0,180.0,1,0.10000000149011612,180.0,177.0
148,1,136.0,1,0.10000000149011612,134.0,134.0
148,2,226.0,1,0.10000000149011612,222.0,220.0
148,3,132.0,1,0.10000000149011612,127.0,123.0
148,4,137.0,1,0.10000000149011612,134.0,129.0
148,5,190.0,1,0.10000000149011612,195.0,188.0
148,6,170.0,1,0.10000000149011612,174.0,169.0
148,7,338.0,1,0.10000000149011612,338.0,336.0
148,8,265.0,1,0.10000000149011612,268.0,265.0
148,9,226.0,1,0.10000000149011612,228.0,226.0
149,0,198.0,1,0.10000000149011612,200.0,195.0
149,1,128.0,1,0.10000000149011612,127.0,127.0
149,2,235.0,1,0.10000000149011612,233.0,228.0
149,3,158.0,1,0.10000000149011612,153.0,142.0
149,4,174.0,1,0.10000000149011612,171.0,166.0
149,5,210.0,1,0.10000000149011612,209.0,197.0
149,6,207.0,1,0.10000000149011612,210.0,204.0
149,7,231.0,1,0.10000000149011612,234.0,230.0
149,8,246.0,1,0.10000000149011612,248.0,246.0
149,9,213.0,1,0.10000000149011612,215.0,213.0
150,0,134.0,1,0.10000000149011612,138.0,134.0
150,1,185.0,1,0.10000000149011612,182.0,182.0
150,2,231.0,1,0.10000000149011612,229.0,226.0
150,3,191.0,1,0.10000000149011612,190.0,184.0
150,4,180.0,1,0.10000000149011612,175.0,173.0
150,5,197.0,1,0.10000000149011612,194.0,189.0
150,6,182.0,1,0.10000000149011612,185.0,179.0
150,7,272.0,1,0.10000000149011612,276.0,271.0
150,8,206.0,1,0.10000000149011612,207.0,206.0
150,9,222.0,1,0.10000000149011612,224.0,222.0
151,0,204.0,1,0.10000000149011612,205.0,198.0
151,1,140.0,1,0.10000000149011612,140.0,139.0
151,2,217.0,1,0.10000000149011612,216.0,210.0
151,3,141.0,1,0.10000000149011612,136.0,132.0
151,4,158.0,1,0.10000000149011612,153.0,152.0
151,5,190.0,1,0.10000000149011612,189.0,184.0
151,6,235.0,1,0.10000000149011612,242.0,231.0
151,7,230.0,1,0.10000000149011612,232.0,228.0
151,8,250.0,1,0.10000000149011612,250.0,248.0
151,9,235.0,1,0.10000000149011612,237.0,234.0
152,0,194.0,1,0.10000000149011612,196.0,191.0
152,1,186.0,1,0.10000000149011612,185.0,184.0
152,2,196.0,1,0.10000000149011612,194.0,189.0
152,3,187.0,1,0.10000000149011612,190.0,177.0
152,4,209.0,1,0.10000000149011612,202.0,197.0
152,5,196.0,1,0.10000000149011612,183.0,176.0
152,6,217.0,1,0.10000000149011612,224.0,213.0
152,7,208.0,1,0.10000000149011612,216.0,206.0
152,8,213.0,1,0.10000000149011612,214.0,212.0
152,9,194.0,1,0.10000000149011612,196.0,193.0
153,0,153.0,1,0.10000000149011612,152.0,149.0
153,1,220.0,1,0.10000000149011612,219.0,218.0
153,2,244.0,1,0.10000000149011612,242.0,237.0
153,3,169.0,1,0.10000000149011612,167.0,159.0
153,4,231.0,1,0.10000000149011612,226.0,222.0
153,5,295.0,1,0.10000000149011612,293.0,283.0
153,6,186.0,1,0.10000000149011612,189.0,184.0
153,7,202.0,1,0.10000000149011612,212.0,202.0
153,8,151.0,1,0.10000000149011612,150.0,150.0
153,9,149.0,1,0.10000000149011612,150.0,148.0
154,0,196.0,1,0.10000000149011612,196.0,193.0
154,1,119.0,1,0.10000000149011612,120.0,119.0
154,2,224.0,1,0.10000000149011612,223.0,220.0
154,3,78.0,1,0.10000000149011612,72.0,71.0
154,4,158.0,1,0.10000000149011612,158.0,154.0
154,5,123.0,1,0.10000000149011612,130.0,122.0
154,6,156.0,1,0.10000000149011612,157.0,153.0
154,7,342.0,1,0.10000000149011612,338.0,338.0
154,8,318.0,1,0.10000000149011612,321.0,318.0
154,9,286.0,1,0.10000000149011612,285.0,285.0
155,0,243.0,1,0.10000000149011612,245.0,241.0
155,1,274.0,1,0.10000000149011612,273.0,273.0
155,2,169.0,1,0.10000000149011612,166.0,164.0
155,3,176.0,1,0.10000000149011612,176.0,167.0
155,4,199.0,1,0.10000000149011612,197.0,191.0
155,5,105.0,1,0.10000000149011612,97.0,93.0
155,6,165.0,1,0.10000000149011612,169.0,163.0
155,7,248.0,1,0.10000000149011612,251.0,247.0
155,8,208.0,1,0.10000000149011612,211.0,208.0
155,9,213.0,1,0.10000000149011612,215.0,213.0
156,0,220.0,1,0.10000000149011612,226.0,219.0
156,1,209.0,1,0.10000000149011612,210.0,209.0
156,2,146.0,1,0.10000000149011612,141.0,139.0
156,3,212.0,1,0.10000000149011612,219.0,205.0
156,4,151.0,1,0.10000000149011612,147.0,142.0
156,5,124.0,1,0.10000000149011612,111.0,108.0
156,6,223.0,1,0.10000000149011612,228.0,221.0
156,7,169.0,1,0.10000000149011612,173.0,169.0
156,8,266.0,1,0.10000000149011612,265.0,265.0
156,9,280.0,1,0.10000000149011612,280.0,279.0
157,0,283.0,1,0.10000000149011612,285.0,281.0
157,1,223.0,1,0.10000000149011612,222.0,222.0
157,2,107.0,1,0.10000000149011612,103.0,102.0
157,3,265.0,1,0.10000000149011612,268.0,261.0
157,4,76.0,1,0.10000000149011612,69.0,69.0
157,5,161.0,1,0.10000000149011612,155.0,154.0
157,6,258.0,1,0.10000000149011612,265.0,257.0
157,7,225.0,1,0.10000000149011612,227.0,225.0
157,8,209.0,1,0.10000000149011612,210.0,209.0
157,9,193.0,1,0.10000000149011612,196.0,193.0
158,0,264.0,1,0.10000000149011612,262.0,260.0
158,1,231.0,1,0.10000000149011612,232.0,230.0
158,2,163.0,1,0.10000000149011612,160.0,158.0
158,3,159.0,1,0.10000000149011612,159.0,152.0
158,4,189.0,1,0.10000000149011612,186.0,185.0
158,5,233.0,1,0.10000000149011612,234.0,228.0
158,6,160.0,1,0.10000000149011612,161.0,158.0
158,7,226.0,1,0.10000000149011612,228.0,225.0
158,8,195.0,1,0.10000000149011612,196.0,194.0
158,9,180.0,1,0.10000000149011612,182.0,179.0
159,0,180.0,1,0.10000000149011612,182.0,178.0
159,1,144.0,1,0.10000000149011612,142.0,142.0
159,2,280.0,1,0.10000000149011612,282.0,276.0
159,3,112.0,1,0.10000000149011612,104.0,98.0
159,4,181.0,1,0.10000000149011612,175.0,171.0
159,5,228.0,1,0.10000000149011612,220.0,215.0
159,6,285.0,1,0.10000000149011612,294.0,281.0
159,7,140.0,1,0.10000000149011612,148.0,139.0
159,8,259.0,1,0.10000000149011612,260.0,259.0
159,9,191.0,1,0.10000000149011612,193.0,191.0
160,0,274.0,1,0.10000000149011612,276.0,269.0
160,1,241.0,1,0.10000000149011612,242.0,240.0
160,2,164.0,1,0.10000000149011612,162.0,160.0
160,3,247.0,1,0.10000000149011612,249.0,240.0
160,4,188.0,1,0.10000000149011612,177.0,177.0
160,5,253.0,1,0.10000000149011612,255.0,249.0
160,6,240.0,1,0.10000000149011612,244.0,238.0
160,7,133.0,1,0.10000000149011612,137.0,133.0
160,8,139.0,1,0.10000000149011612,137.0,136.0
160,9,121.0,1,0.10000000149011612,121.0,118.0
161,0,222.0,1,0.10000000149011612,228.0,220.0
161,1,218.0,1,0.10000000149011612,220.0,216.0
161,2,226.0,1,0.10000000149011612,224.0,218.0
161,3,255.0,1,0.10000000149011612,261.0,252.0
161,4,188.0,1,0.10000000149011612,184.0,180.0
161,5,197.0,1,0.10000000149011612,184.0,182.0
161,6,296.0,1,0.10000000149011612,302.0,291.0
161,7,97.0,1,0.10000000149011612,100.0,95.0
161,8,173.0,1,0.10000000149011612,171.0,171.0
161,9,128.0,1,0.10000000149011612,126.0,124.0
162,0,234.0,1,0.10000000149011612,236.0,233.0
162,1,212.0,1,0.10000000149011612,211.0,211.0
162,2,164.0,1,0.10000000149011612,157.0,156.0
162,3,205.0,1,0.10000000149011612,213.0,200.0
162,4,217.0,1,0.10000000149011612,213.0,209.0
162,5,226.0,1,0.10000000149011612,219.0,212.0
162,6,198.0,1,0.10000000149011612,203.0,197.0
162,7,130.0,1,0.10000000149011612,132.0,128.0
162,8,197.0,1,0.10000000149011612,197.0,197.0
162,9,217.0,1,0.10000000149011612,219.0,217.0
163,0,213.0,1,0.10000000149011612,215.0,209.0
163,1,173.0,1,0.10000000149011612,172.0,172.0
163,2,202.0,1,0.10000000149011612,201.0,197.0
163,3,184.0,1,0.10000000149011612,187.0,181.0
163,4,226.0,1,0.10000000149011612,222.0,219.0
163,5,158.0,1,0.10000000149011612,152.0,150.0
163,6,204.0,1,0.10000000149011612,206.0,200.0
163,7,144.0,1,0.10000000149011612,149.0,144.0
163,8,236.0,1,0.10000000149011612,234.0,234.0
163,9,260.0,1,0.10000000149011612,262.0,260.0
164,0,186.0,1,0.10000000149011612,186.0,182.0
164,1,124.0,1,0.10000000149011612,123.0,123.0
164,2,233.0,1,0.10000000149011612,232.0,227.0
164,3,152.0,1,0.10000000149011612,152.0,145.0
164,4,209.0,1,0.10000000149011612,212.0,205.0
164,5,189.0,1,0.10000000149011612,186.0,182.0
164,6,166.0,1,0.10000000149011612,166.0,164.0
164,7,260.0,1,0.10000000149011612,257.0,255.0
164,8,253.0,1,0.10000000149011612,256.0,253.0
164,9,228.0,1,0.10000000149011612,230.0,228.0
165,0,182.0,1,0.10000000149011612,183.0,180.0
165,1,210.0,1,0.10000000149011612,210.0,210.0
165,2,205.0,1,0.10000000149011612,206.0,201.0
165,3,195.0,1,0.10000000149011612,198.0,189.0
165,4,232.0,1,0.10000000149011612,227.0,226.0
165,5,192.0,1,0.10000000149011612,193.0,189.0
165,6,139.0,1,0.10000000149011612,137.0,136.0
165,7,204.0,1,0.10000000149011612,205.0,203.0
165,8,204.0,1,0.10000000149011612,204.0,204.0
165,9,237.0,1,0.10000000149011612,237.0,237.0
166,0,212.0,1,0.10000000149011612,213.0,210.0
166,1,247.0,1,0.10000000149011612,247.0,247.0
166,2,134.0,1,0.10000000149011612,133.0,132.0
166,3,186.0,1,0.10000000149011612,188.0,182.0
166,4,144.0,1,0.10000000149011612,141.0,138.0
166,5,149.0,1,0.10000000149011612,145.0,144.0
166,6,206.0,1,0.10000000149011612,209.0,204.0
166,7,259.0,1,0.10000000149011612,260.0,258.0
166,8,216.0,1,0.10000000149011612,216.0,216.0
166,9,247.0,1,0.10000000149011612,248.0,247.0
167,0,165.0,1,0.10000000149011612,168.0,164.0
167,1,150.0,1,0.10000000149011612,148.0,148.0
167,2,236.0,1,0.10000000149011612,231.0,230.0
167,3,155.0,1,0.10000000149011612,154.0,151.0
167,4,175.0,1,0.10000000149011612,171.0,171.0
167,5,203.0,1,0.10000000149011612,203.0,200.0
167,6,182.0,1,0.10000000149011612,186.0,181.0
167,7,227.0,1,0.10000000149011612,230.0,227.0
167,8,265.0,1,0.10000000149011612,265.0,265.0
167,9,242.0,1,0.10000000149011612,244.0,242.0
168,0,132.0,1,0.10000000149011612,132.0,131.0
168,1,218.0,1,0.10000000149011612,218.0,218.0
168,2,231.0,1,0.10000000149011612,233.0,229.0
168,3,169.0,1,0.10000000149011612,169.0,164.0
168,4,215.0,1,0.10000000149011612,209.0,208.0
168,5,178.0,1,0.10000000149011612,173.0,169.0
168,6,221.0,1,0.10000000149011612,224.0,219.0
168,7,276.0,1,0.10000000149011612,282.0,275.0
168,8,172.0,1,0.10000000149011612,172.0,172.0
168,9,188.0,1,0.10000000149011612,188.0,188.0
169,0,220.0,1,0.10000000149011612,221.0,218.0
169,1,198.0,1,0.10000000149011612,197.0,197.0
169,2,170.0,1,0.10000000149011612,163.0,162.0
169,3,183.0,1,0.10000000149011612,190.0,181.0
169,4,239.0,1,0.10000000149011612,237.0,236.0
169,5,261.0,1,0.10000000149011612,256.0,254.0
169,6,146.0,1,0.10000000149011612,147.0,145.0
169,7,170.0,1,0.10000000149011612,174.0,170.0
169,8,200.0,1,0.10000000149011612,200.0,200.0
169,9,213.0,1,0.10000000149011612,215.0,213.0
170,0,126.0,1,0.10000000149011612,129.0,124.0
170,1,223.0,1,0.10000000149011612,223.0,223.0
170,2,236.0,1,0.10000000149011612,232.0,231.0
170,3,216.0,1,0.10000000149011612,219.0,214.0
170,4,265.0,1,0.10000000149011612,261.0,260.0
170,5,132.0,1,0.10000000149011612,131.0,129.0
170,6,175.0,1,0.10000000149011612,177.0,175.0
170,7,283.0,1,0.10000000149011612,285.0,282.0
170,8,130.0,1,0.10000000149011612,129.0,129.0
170,9,214.0,1,0.10000000149011612,214.0,214.0
171,0,195.0,1,0.10000000149011612,195.0,194.0
171,1,151.0,1,0.10000000149011612,151.0,151.0
171,2,181.0,1,0.10000000149011612,179.0,179.0
171,3,184.0,1,0.10000000149011612,193.0,181.0
171,4,168.0,1,0.10000000149011612,164.0,161.0
171,5,201.0,1,0.10000000149011612,190.0,187.0
171,6,211.0,1,0.10000000149011612,212.0,209.0
171,7,215.0,1,0.10000000149011612,221.0,215.0
171,8,246.0,1,0.10000000149011612,247.0,246.0
171,9,248.0,1,0.10000000149011612,248.0,248.0
172,0,249.0,1,0.10000000149011612,250.0,248.0
172,1,209.0,1,0.10000000149011612,208.0,208.0
172,2,155.0,1,0.10000000149011612,153.0,151.0
172,3,171.0,1,0.10000000149011612,166.0,163.0
172,4,177.0,1,0.10000000149011612,173.0,170.0
172,5,171.0,1,0.10000000149011612,165.0,164.0
172,6,228.0,1,0.10000000149011612,238.0,226.0
172,7,215.0,1,0.10000000149011612,218.0,212.0
172,8,227.0,1,0.10000000149011612,229.0,227.0
172,9,198.0,1,0.10000000149011612,200.0,197.0
173,0,183.0,1,0.10000000149011612,183.0,179.0
173,1,146.0,1,0.10000000149011612,146.0,146.0
173,2,236.0,1,0.10000000149011612,237.0,233.0
173,3,113.0,1,0.10000000149011612,115.0,108.0
173,4,239.0,1,0.10000000149011612,238.0,232.0
173,5,109.0,1,0.10000000149011612,99.0,98.0
173,6,182.0,1,0.10000000149011612,183.0,181.0
173,7,175.0,1,0.10000000149011612,179.0,171.0
173,8,310.0,1,0.10000000149011612,312.0,309.0
173,9,307.0,1,0.10000000149011612,308.0,307.0
174,0,240.0,1,0.10000000149011612,238.0,236.0
174,1,191.0,1,0.10000000149011612,190.0,190.0
174,2,159.0,1,0.10000000149011612,158.0,156.0
174,3,243.0,1,0.10000000149011612,243.0,238.0
174,4,146.0,1,0.10000000149011612,148.0,142.0
174,5,259.0,1,0.10000000149011612,258.0,256.0
174,6,157.0,1,0.10000000149011612,158.0,156.0
174,7,209.0,1,0.10000000149011612,206.0,206.0
174,8,206.0,1,0.10000000149011612,208.0,206.0
174,9,190.0,1,0.10000000149011612,193.0,190.0
175,0,139.0,1,0.10000000149011612,141.0,136.0
175,1,192.0,1,0.10000000149011612,190.0,190.0
175,2,224.0,1,0.10000000149011612,219.0,219.0
175,3,234.0,1,0.10000000149011612,242.0,230.0
175,4,201.0,1,0.10000000149011612,195.0,191.0
175,5,206.0,1,0.10000000149011612,197.0,194.0
175,6,270.0,1,0.10000000149011612,276.0,269.0
175,7,146.0,1,0.10000000149011612,151.0,145.0
175,8,182.0,1,0.10000000149011612,181.0,181.0
175,9,206.0,1,0.10000000149011612,208.0,206.0
176,0,204.0,1,0.10000000149011612,208.0,204.0
176,1,229.0,1,0.10000000149011612,229.0,229.0
176,2,175.0,1,0.10000000149011612,170.0,170.0
176,3,273.0,1,0.10000000149011612,281.0,272.0
176,4,233.0,1,0.10000000149011612,231.0,230.0
176,5,226.0,1,0.10000000149011612,220.0,220.0
176,6,142.0,1,0.10000000149011612,145.0,141.0
176,7,185.0,1,0.10000000149011612,184.0,184.0
176,8,143.0,1,0.10000000149011612,142.0,142.0
176,9,190.0,1,0.10000000149011612,190.0,190.0
177,0,249.0,1,0.10000000149011612,256.0,249.0
177,1,167.0,1,0.10000000149011612,168.0,167.0
177,2,174.0,1,0.10000000149011612,172.0,170.0
177,3,159.0,1,0.10000000149011612,163.0,157.0
177,4,125.0,1,0.10000000149011612,121.0,120.0
177,5,190.0,1,0.10000000149011612,186.0,185.0
177,6,267.0,1,0.10000000149011612,268.0,265.0
177,7,185.0,1,0.10000000149011612,185.0,183.0
177,8,257.0,1,0.10000000149011612,255.0,255.0
177,9,227.0,1,0.10000000149011612,226.0,226.0
178,0,206.0,1,0.10000000149011612,204.0,203.0
178,1,213.0,1,0.10000000149011612,212.0,212.0
178,2,148.0,1,0.10000000149011612,148.0,147.0
178,3,178.0,1,0.10000000149011612,177.0,173.0
178,4,218.0,1,0.10000000149011612,221.0,214.0
178,5,149.0,1,0.10000000149011612,140.0,140.0
178,6,131.0,1,0.10000000149011612,135.0,130.0
178,7,221.0,1,0.10000000149011612,222.0,219.0
178,8,259.0,1,0.10000000149011612,262.0,259.0
178,9,277.0,1,0.10000000149011612,279.0,277.0
179,0,177.0,1,0.10000000149011612,176.0,173.0
179,1,139.0,1,0.10000000149011612,138.0,138.0
179,2,264.0,1,0.10000000149011612,263.0,262.0
179,3,110.0,1,0.10000000149011612,109.0,107.0
179,4,168.0,1,0.10000000149011612,168.0,165.0
179,5,202.0,1,0.10000000149011612,199.0,198.0
179,6,237.0,1,0.10000000149011612,239.0,237.0
179,7,267.0,1,0.10000000149011612,271.0,267.0
179,8,239.0,1,0.10000000149011612,240.0,238.0
179,9,197.0,1,0.10000000149011612,197.0,197.0
180,0,156.0,1,0.10000000149011612,160.0,156.0
180,1,155.0,1,0.10000000149011612,153.0,153.0
180,2,254.0,1,0.10000000149011612,252.0,247.0
180,3,213.0,1,0.10000000149011612,215.0,206.0
180,4,230.0,1,0.10000000149011612,224.0,222.0
180,5,271.0,1,0.10000000149011612,266.0,259.0
180,6,196.0,1,0.10000000149011612,202.0,196.0
180,7,158.0,1,0.10000000149011612,160.0,155.0
180,8,188.0,1,0.10000000149011612,188.0,188.0
180,9,179.0,1,0.10000000149011612,180.0,179.0
181,0,244.0,1,0.10000000149011612,248.0,242.0
181,1,240.0,1,0.10000000149011612,238.0,238.0
181,2,166.0,1,0.10000000149011612,164.0,163.0
181,3,187.0,1,0.10000000149011612,191.0,186.0
181,4,223.0,1,0.10000000149011612,223.0,221.0
181,5,48.0,1,0.10000000149011612,40.0,40.0
181,6,159.0,1,0.10000000149011612,161.0,159.0
181,7,199.0,1,0.10000000149011612,197.0,196.0
181,8,242.0,1,0.10000000149011612,243.0,241.0
181,9,292.0,1,0.10000000149011612,295.0,292.0
182,0,200.0,1,0.10000000149011612,206.0,200.0
182,1,203.0,1,0.10000000149011612,203.0,203.0
182,2,224.0,1,0.10000000149011612,220.0,219.0
182,3,221.0,1,0.10000000149011612,223.0,219.0
182,4,207.0,1,0.10000000149011612,205.0,202.0
182,5,170.0,1,0.10000000149011612,164.0,163.0
182,6,209.0,1,0.10000000149011612,209.0,208.0
182,7,266.0,1,0.10000000149011612,271.0,266.0
182,8,154.0,1,0.10000000149011612,153.0,153.0
182,9,146.0,1,0.10000000149011612,146.0,146.0
183,0,235.0,1,0.10000000149011612,237.0,235.0
183,1,298.0,1,0.10000000149011612,297.0,297.0
183,2,111.0,1,0.10000000149011612,111.0,107.0
183,3,273.0,1,0.10000000149011612,277.0,270.0
183,4,146.0,1,0.10000000149011612,145.0,140.0
183,5,132.0,1,0.10000000149011612,125.0,125.0
183,6,197.0,1,0.10000000149011612,198.0,196.0
183,7,248.0,1,0.10000000149011612,249.0,245.0
183,8,154.0,1,0.10000000149011612,154.0,154.0
183,9,206.0,1,0.10000000149011612,207.0,206.0
184,0,188.0,1,0.10000000149011612,196.0,188.0
184,1,161.0,1,0.10000000149011612,160.0,160.0
184,2,166.0,1,0.10000000149011612,162.0,161.0
184,3,196.0,1,0.10000000149011612,199.0,191.0
184,4,187.0,1,0.10000000149011612,183.0,181.0
184,5,179.0,1,0.10000000149011612,176.0,174.0
184,6,209.0,1,0.10000000149011612,210.0,207.0
184,7,193.0,1,0.10000000149011612,194.0,192.0
184,8,242.0,1,0.10000000149011612,239.0,239.0
184,9,279.0,1,0.10000000149011612,281.0,279.0
185,0,167.0,1,0.10000000149011612,169.0,167.0
185,1,216.0,1,0.10000000149011612,215.0,215.0
185,2,125.0,1,0.10000000149011612,123.0,123.0
185,3,295.0,1,0.10000000149011612,294.0,292.0
185,4,203.0,1,0.10000000149011612,202.0,200.0
185,5,242.0,1,0.10000000149011612,241.0,241.0
185,6,186.0,1,0.10000000149011612,188.0,185.0
185,7,210.0,1,0.10000000149011612,211.0,210.0
185,8,137.0,1,0.10000000149011612,136.0,136.0
185,9,219.0,1,0.10000000149011612,221.0,219.0
186,0,212.0,1,0.10000000149011612,214.0,212.0
186,1,171.0,1,0.10000000149011612,171.0,171.0
186,2,194.0,1,0.10000000149011612,194.0,192.0
186,3,123.0,1,0.10000000149011612,123.0,120.0
186,4,195.0,1,0.10000000149011612,194.0,190.0
186,5,247.0,1,0.10000000149011612,244.0,242.0
186,6,152.0,1,0.10000000149011612,150.0,150.0
186,7,201.0,1,0.10000000149011612,205.0,198.0
186,8,256.0,1,0.10000000149011612,256.0,256.0
186,9,249.0,1,0.10000000149011612,249.0,249.0
187,0,139.0,1,0.10000000149011612,138.0,137.0
187,1,169.0,1,0.10000000149011612,169.0,168.0
187,2,235.0,1,0.10000000149011612,236.0,234.0
187,3,149.0,1,0.10000000149011612,141.0,138.0
187,4,269.0,1,0.10000000149011612,267.0,265.0
187,5,278.0,1,0.10000000149011612,275.0,271.0
187,6,149.0,1,0.10000000149011612,152.0,148.0
187,7,217.0,1,0.10000000149011612,224.0,216.0
187,8,186.0,1,0.10000000149011612,187.0,186.0
187,9,209.0,1,0.10000000149011612,211.0,209.0
188,0,237.0,1,0.10000000149011612,239.0,237.0
188,1,228.0,1,0.10000000149011612,229.0,228.0
188,2,156.0,1,0.10000000149011612,155.0,155.0
188,3,238.0,1,0.10000000149011612,241.0,237.0
188,4,175.0,1,0.10000000149011612,173.0,173.0
188,5,166.0,1,0.10000000149011612,162.0,162.0
188,6,246.0,1,0.10000000149011612,246.0,246.0
188,7,147.0,1,0.10000000149011612,149.0,147.0
188,8,193.0,1,0.10000000149011612,192.0,192.0
188,9,214.0,1,0.10000000149011612,214.0,213.0
189,0,190.0,1,0.10000000149011612,193.0,189.0
189,1,203.0,1,0.10000000149011612,202.0,202.0
189,2,228.0,1,0.10000000149011612,225.0,225.0
189,3,220.0,1,0.10000000149011612,221.0,217.0
189,4,248.0,1,0.10000000149011612,249.0,245.0
189,5,259.0,1,0.10000000149011612,256.0,254.0
189,6,145.0,1,0.10000000149011612,145.0,144.0
189,7,198.0,1,0.10000000149011612,197.0,193.0
189,8,173.0,1,0.10000000149011612,174.0,173.0
189,9,136.0,1,0.10000000149011612,138.0,136.0
190,0,208.0,1,0.10000000149011612,211.0,207.0
190,1,171.0,1,0.10000000149011612,169.0,169.0
190,2,261.0,1,0.10000000149011612,258.0,256.0
190,3,169.0,1,0.10000000149011612,168.0,163.0
190,4,191.0,1,0.10000000149011612,191.0,188.0
190,5,307.0,1,0.10000000149011612,306.0,303.0
190,6,161.0,1,0.10000000149011612,162.0,160.0
190,7,208.0,1,0.10000000149011612,209.0,208.0
190,8,184.0,1,0.10000000149011612,184.0,184.0
190,9,140.0,1,0.10000000149011612,142.0,140.0
191,0,205.0,1,0.10000000149011612,208.0,205.0
191,1,273.0,1,0.10000000149011612,273.0,272.0
191,2,172.0,1,0.10000000149011612,169.0,168.0
191,3,299.0,1,0.10000000149011612,302.0,298.0
191,4,181.0,1,0.10000000149011612,180.0,180.0
191,5,253.0,1,0.10000000149011612,248.0,247.0
191,6,255.0,1,0.10000000149011612,255.0,255.0
191,7,143.0,1,0.10000000149011612,146.0,143.0
191,8,100.0,1,0.10000000149011612,100.0,100.0
191,9,119.0,1,0.10000000149011612,119.0,118.0
192,0,187.0,1,0.10000000149011612,190.0,185.0
192,1,178.0,1,0.10000000149011612,176.0,176.0
192,2,189.0,1,0.10000000149011612,186.0,185.0
192,3,272.0,1,0.10000000149011612,280.0,271.0
192,4,169.0,1,0.10000000149011612,166.0,165.0
192,5,215.0,1,0.10000000149011612,209.0,208.0
192,6,250.0,1,0.10000000149011612,252.0,250.0
192,7,180.0,1,0.10000000149011612,181.0,180.0
192,8,178.0,1,0.10000000149011612,176.0,176.0
192,9,182.0,1,0.10000000149011612,184.0,182.0
193,0,141.0,1,0.10000000149011612,143.0,141.0
193,1,164.0,1,0.10000000149011612,163.0,163.0
193,2,251.0,1,0.10000000149011612,246.0,245.0
193,3,159.0,1,0.10000000149011612,161.0,157.0
193,4,260.0,1,0.10000000149011612,261.0,260.0
193,5,197.0,1,0.10000000149011612,193.0,191.0
193,6,182.0,1,0.10000000149011612,183.0,181.0
193,7,235.0,1,0.10000000149011612,237.0,234.0
193,8,202.0,1,0.10000000149011612,202.0,202.0
193,9,209.0,1,0.10000000149011612,211.0,209.0
194,0,236.0,1,0.10000000149011612,238.0,236.0
194,1,210.0,1,0.10000000149011612,211.0,210.0
194,2,141.0,1,0.10000000149011612,142.0,141.0
194,3,218.0,1,0.10000000149011612,217.0,215.0
194,4,107.0,1,0.10000000149011612,103.0,103.0
194,5,208.0,1,0.10000000149011612,206.0,204.0
194,6,283.0,1,0.10000000149011612,283.0,282.0
194,7,179.0,1,0.10000000149011612,184.0,179.0
194,8,222.0,1,0.10000000149011612,221.0,221.0
194,9,196.0,1,0.10000000149011612,195.0,195.0
195,0,224.0,1,0.10000000149011612,225.0,222.0
195,1,129.0,1,0.10000000149011612,128.0,128.0
195,2,183.0,1,0.10000000149011612,181.0,181.0
195,3,181.0,1,0.10000000149011612,184.0,179.0
195,4,162.0,1,0.10000000149011612,160.0,157.0
195,5,174.0,1,0.10000000149011612,171.0,170.0
195,6,196.0,1,0.10000000149011612,198.0,195.0
195,7,196.0,1,0.10000000149011612,195.0,194.0
195,8,302.0,1,0.10000000149011612,304.0,302.0
195,9,253.0,1,0.10000000149011612,254.0,253.0
196,0,237.0,1,0.10000000149011612,240.0,237.0
196,1,119.0,1,0.10000000149011612,118.0,118.0
196,2,176.0,1,0.10000000149011612,173.0,173.0
196,3,241.0,1,0.10000000149011612,246.0,240.0
196,4,123.0,1,0.10000000149011612,120.0,119.0
196,5,204.0,1,0.10000000149011612,199.0,197.0
196,6,295.0,1,0.10000000149011612,296.0,294.0
196,7,168.0,1,0.10000000149011612,170.0,168.0
196,8,242.0,1,0.10000000149011612,242.0,242.0
196,9,195.0,1,0.10000000149011612,196.0,195.0
197,0,331.0,1,0.10000000149011612,332.0,330.0
197,1,239.0,1,0.10000000149011612,240.0,239.0
197,2,81.0,1,0.10000000149011612,80.0,79.0
197,3,260.0,1,0.10000000149011612,264.0,260.0
197,4,104.0,1,0.10000000149011612,103.0,102.0
197,5,167.0,1,0.10000000149011612,165.0,164.0
197,6,190.0,1,0.10000000149011612,190.0,189.0
197,7,219.0,1,0.10000000149011612,218.0,217.0
197,8,212.0,1,0.10000000149011612,212.0,211.0
197,9,197.0,1,0.10000000149011612,196.0,196.0
198,0,115.0,1,0.10000000149011612,118.0,114.0
198,1,263.0,1,0.10000000149011612,263.0,263.0
198,2,212.0,1,0.10000000149011612,207.0,207.0
198,3,267.0,1,0.10000000149011612,270.0,266.0
198,4,294.0,1,0.10000000149011612,289.0,285.0
198,5,217.0,1,0.10000000149011612,214.0,213.0
198,6,134.0,1,0.10000000149011612,136.0,134.0
198,7,217.0,1,0.10000000149011612,221.0,214.0
198,8,110.0,1,0.10000000149011612,111.0,110.0
198,9,171.0,1,0.10000000149011612,171.0,171.0
199,0,186.0,1,0.10000000149011612,186.0,184.0
199,1,193.0,1,0.10000000149011612,191.0,191.0
199,2,265.0,1,0.10000000149011612,267.0,263.0
199,3,197.0,1,0.10000000149011612,199.0,195.0
199,4,262.0,1,0.10000000149011612,266.0,261.0
199,5,154.0,1,0.10000000149011612,146.0,145.0
199,6,229.0,1,0.10000000149011612,230.0,229.0
199,7,123.0,1,0.10000000149011612,122.0,120.0
199,8,193.0,1,0.10000000149011612,193.0,193.0
199,9,198.0,1,0.10000000149011612,200.0,198.0
200,0,174.0,1,0.10000000149011612,173.0,171.0
200,1,142.0,1,0.10000000149011612,141.0,141.0
200,2,251.0,1,0.10000000149011612,249.0,248.0
200,3,155.0,1,0.10000000149011612,158.0,153.0
200,4,241.0,1,0.10000000149011612,242.0,238.0
200,5,293.0,1,0.10000000149011612,287.0,286.0
200,6,151.0,1,0.10000000149011612,153.0,151.0
200,7,238.0,1,0.10000000149011612,238.0,234.0
200,8,197.0,1,0.10000000149011612,199.0,197.0
200,9,158.0,1,0.10000000149011612,160.0,158.0
201,0,156.0,1,0.10000000149011612,157.0,155.0
201,1,261.0,1,0.10000000149011612,260.0,260.0
201,2,211.0,1,0.10000000149011612,209.0,208.0
201,3,264.0,1,0.10000000149011612,266.0,264.0
201,4,207.0,1,0.10000000149011612,206.0,206.0
201,5,240.0,1,0.10000000149011612,241.0,240.0
201,6,189.0,1,0.10000000149011612,189.0,189.0
201,7,237.0,1,0.10000000149011612,237.0,237.0
201,8,115.0,1,0.10000000149011612,115.0,115.0
201,9,120.0,1,0.10000000149011612,120.0,120.0
202,0,166.0,1,0.10000000149011612,166.0,166.0
202,1,204.0,1,0.10000000149011612,204.0,204.0
202,2,219.0,1,0.10000000149011612,219.0,218.0
202,3,196.0,1,0.10000000149011612,196.0,191.0
202,4,146.0,1,0.10000000149011612,143.0,141.0
202,5,230.0,1,0.10000000149011612,230.0,225.0
202,6,261.0,1,0.10000000149011612,263.0,261.0
202,7,281.0,1,0.10000000149011612,282.0,280.0
202,8,160.0,1,0.10000000149011612,160.0,160.0
202,9,137.0,1,0.10000000149011612,137.0,137.0
203,0,187.0,1,0.10000000149011612,185.0,184.0
203,1,151.0,1,0.10000000149011612,151.0,151.0
203,2,235.0,1,0.10000000149011612,234.0,234.0
203,3,130.0,1,0.10000000149011612,129.0,126.0
203,4,243.0,1,0.10000000149011612,242.0,239.0
203,5,146.0,1,0.10000000149011612,144.0,140.0
203,6,187.0,1,0.10000000149011612,187.0,187.0
203,7,250.0,1,0.10000000149011612,255.0,249.0
203,8,230.0,1,0.10000000149011612,232.0,229.0
203,9,241.0,1,0.10000000149011612,241.0,241.0
204,0,191.0,1,0.10000000149011612,194.0,191.0
204,1,224.0,1,0.10000000149011612,224.0,224.0
204,2,220.0,1,0.10000000149011612,216.0,216.0
204,3,277.0,1,0.10000000149011612,281.0,277.0
204,4,205.0,1,0.10000000149011612,202.0,202.0
204,5,208.0,1,0.10000000149011612,205.0,205.0
204,6,224.0,1,0.10000000149011612,226.0,224.0
204,7,130.0,1,0.10000000149011612,131.0,130.0
204,8,164.0,1,0.10000000149011612,164.0,164.0
204,9,157.0,1,0.10000000149011612,157.0,157.0
205,0,127.0,1,0.10000000149011612,129.0,127.0
205,1,242.0,1,0.10000000149011612,241.0,241.0
205,2,231.0,1,0.10000000149011612,229.0,229.0
205,3,248.0,1,0.10000000149011612,248.0,245.0
205,4,348.0,1,0.10000000149011612,346.0,345.0
205,5,260.0,1,0.10000000149011612,257.0,256.0
205,6,91.0,1,0.10000000149011612,92.0,91.0
205,7,195.0,1,0.10000000149011612,198.0,195.0
205,8,93.0,1,0.10000000149011612,93.0,93.0
205,9,165.0,1,0.10000000149011612,167.0,165.0
206,0,183.0,1,0.10000000149011612,182.0,182.0
206,1,100.0,1,0.10000000149011612,100.0,100.0
206,2,243.0,1,0.10000000149011612,244.0,243.0
206,3,174.0,1,0.10000000149011612,176.0,174.0
206,4,236.0,1,0.10000000149011612,236.0,235.0
206,5,156.0,1,0.10000000149011612,152.0,152.0
206,6,196.0,1,0.10000000149011612,196.0,196.0
206,7,148.0,1,0.10000000149011612,150.0,148.0
206,8,270.0,1,0.10000000149011612,270.0,270.0
206,9,294.0,1,0.10000000149011612,294.0,294.0
207,0,230.0,1,0.10000000149011612,233.0,230.0
207,1,234.0,1,0.10000000149011612,235.0,234.0
207,2,170.0,1,0.10000000149011612,169.0,168.0
207,3,173.0,1,0.10000000149011612,174.0,172.0
207,4,230.0,1,0.10000000149011612,228.0,227.0
207,5,204.0,1,0.10000000149011612,201.0,201.0
207,6,136.0,1,0.10000000149011612,136.0,135.0
207,7,192.0,1,0.10000000149011612,195.0,192.0
207,8,197.0,1,0.10000000149011612,196.0,196.0
207,9,234.0,1,0.10000000149011612,233.0,233.0
208,0,128.0,1,0.10000000149011612,127.0,127.0
208,1,158.0,1,0.10000000149011612,157.0,157.0
208,2,172.0,1,0.10000000149011612,172.0,172.0
208,3,259.0,1,0.10000000149011612,260.0,258.0
208,4,244.0,1,0.10000000149011612,243.0,242.0
208,5,186.0,1,0.10000000149011612,184.0,184.0
208,6,188.0,1,0.10000000149011612,188.0,187.0
208,7,217.0,1,0.10000000149011612,220.0,217.0
208,8,181.0,1,0.10000000149011612,181.0,181.0
208,9,267.0,1,0.10000000149011612,268.0,267.0
209,0,243.0,1,0.10000000149011612,242.0,242.0
209,1,183.0,1,0.10000000149011612,182.0,182.0
209,2,189.0,1,0.10000000149011612,189.0,189.0
209,3,211.0,1,0.10000000149011612,212.0,211.0
209,4,135.0,1,0.10000000149011612,137.0,134.0
209,5,189.0,1,0.10000000149011612,188.0,188.0
209,6,232.0,1,0.10000000149011612,232.0,232.0
209,7,237.0,1,0.10000000149011612,235.0,234.0
209,8,209.0,1,0.10000000149011612,211.0,209.0
209,9,172.0,1,0.10000000149011612,172.0,172.0
210,0,136.0,1,0.10000000149011612,137.0,135.0
210,1,220.0,1,0.10000000149011612,219.0,219.0
210,2,189.0,1,0.10000000149011612,188.0,187.0
210,3,270.0,1,0.10000000149011612,273.0,270.0
210,4,229.0,1,0.10000000149011612,227.0,227.0
210,5,252.0,1,0.10000000149011612,248.0,248.0
210,6,222.0,1,0.10000000149011612,222.0,222.0
210,7,156.0,1,0.10000000149011612,159.0,156.0
210,8,137.0,1,0.10000000149011612,137.0,137.0
210,9,189.0,1,0.10000000149011612,190.0,189.0
211,0,123.0,1,0.10000000149011612,124.0,123.0
211,1,162.0,1,0.10000000149011612,162.0,162.0
211,2,250.0,1,0.10000000149011612,250.0,249.0
211,3,196.0,1,0.10000000149011612,199.0,196.0
211,4,261.0,1,0.10000000149011612,261.0,261.0
211,5,208.0,1,0.10000000149011612,204.0,202.0
211,6,195.0,1,0.10000000149011612,195.0,194.0
211,7,184.0,1,0.10000000149011612,184.0,182.0
211,8,209.0,1,0.10000000149011612,209.0,209.0
211,9,212.0,1,0.10000000149011612,212.0,212.0
212,0,254.0,1,0.10000000149011612,254.0,254.0
212,1,168.0,1,0.10000000149011612,169.0,168.0
212,2,195.0,1,0.10000000149011612,197.0,195.0
212,3,154.0,1,0.10000000149011612,157.0,154.0
212,4,125.0,1,0.10000000149011612,124.0,123.0
212,5,159.0,1,0.10000000149011612,151.0,151.0
212,6,304.0,1,0.10000000149011612,304.0,303.0
212,7,188.0,1,0.10000000149011612,192.0,188.0
212,8,256.0,1,0.10000000149011612,256.0,256.0
212,9,197.0,1,0.10000000149011612,196.0,196.0
213,0,273.0,1,0.10000000149011612,277.0,273.0
213,1,180.0,1,0.10000000149011612,180.0,180.0
213,2,189.0,1,0.10000000149011612,187.0,186.0
213,3,183.0,1,0.10000000149011612,189.0,183.0
213,4,143.0,1,0.10000000149011612,142.0,141.0
213,5,185.0,1,0.10000000149011612,178.0,178.0
213,6,287.0,1,0.10000000149011612,288.0,286.0
213,7,122.0,1,0.10000000149011612,121.0,121.0
213,8,237.0,1,0.10000000149011612,237.0,236.0
213,9,201.0,1,0.10000000149011612,201.0,201.0
214,0,250.0,1,0.10000000149011612,252.0,250.0
214,1,259.0,1,0.10000000149011612,259.0,259.0
214,2,161.0,1,0.10000000149011612,159.0,158.0
214,3,192.0,1,0.10000000149011612,192.0,191.0
214,4,177.0,1,0.10000000149011612,177.0,177.0
214,5,309.0,1,0.10000000149011612,310.0,308.0
214,6,202.0,1,0.10000000149011612,201.0,201.0
214,7,172.0,1,0.10000000149011612,172.0,172.0
214,8,151.0,1,0.10000000149011612,151.0,151.0
214,9,127.0,1,0.10000000149011612,127.0,127.0
215,0,212.0,1,0.10000000149011612,214.0,212.0
215,1,310.0,1,0.10000000149011612,310.0,310.0
215,2,108.0,1,0.10000000149011612,106.0,106.0
215,3,295.0,1,0.10000000149011612,296.0,294.0
215,4,177.0,1,0.10000000149011612,175.0,174.0
215,5,189.0,1,0.10000000149011612,189.0,188.0
215,6,204.0,1,0.10000000149011612,205.0,204.0
215,7,226.0,1,0.10000000149011612,226.0,226.0
215,8,116.0,1,0.10000000149011612,116.0,116.0
215,9,163.0,1,0.10000000149011612,163.0,163.0
216,0,126.0,1,0.10000000149011612,128.0,126.0
216,1,110.0,1,0.10000000149011612,108.0,108.0
216,2,311.0,1,0.10000000149011612,309.0,309.0
216,3,103.0,1,0.10000000149011612,98.0,98.0
216,4,228.0,1,0.10000000149011612,229.0,227.0
216,5,197.0,1,0.10000000149011612,199.0,196.0
216,6,205.0,1,0.10000000149011612,207.0,205.0
216,7,170.0,1,0.10000000149011612,170.0,170.0
216,8,286.0,1,0.10000000149011612,286.0,286.0
216,9,264.0,1,0.10000000149011612,266.0,264.0
217,0,224.0,1,0.10000000149011612,224.0,224.0
217,1,162.0,1,0.10000000149011612,162.0,162.0
217,2,172.0,1,0.10000000149011612,172.0,172.0
217,3,168.0,1,0.10000000149011612,166.0,166.0
217,4,152.0,1,0.10000000149011612,152.0,151.0
217,5,200.0,1,0.10000000149011612,201.0,200.0
217,6,209.0,1,0.10000000149011612,210.0,209.0
217,7,219.0,1,0.10000000149011612,219.0,219.0
217,8,241.0,1,0.10000000149011612,241.0,241.0
217,9,253.0,1,0.10000000149011612,253.0,253.0
218,0,212.0,1,0.10000000149011612,216.0,212.0
218,1,225.0,1,0.10000000149011612,222.0,222.0
218,2,186.0,1,0.10000000149011612,182.0,182.0
218,3,289.0,1,0.10000000149011612,291.0,289.0
218,4,242.0,1,0.10000000149011612,241.0,241.0
218,5,249.0,1,0.10000000149011612,244.0,244.0
218,6,217.0,1,0.10000000149011612,218.0,217.0
218,7,75.0,1,0.10000000149011612,78.0,75.0
218,8,143.0,1,0.10000000149011612,143.0,143.0
218,9,162.0,1,0.10000000149011612,165.0,162.0
219,0,237.0,1,0.10000000149011612,241.0,237.0
219,1,253.0,1,0.10000000149011612,253.0,253.0
219,2,220.0,1,0.10000000149011612,216.0,216.0
219,3,199.0,1,0.10000000149011612,200.0,196.0
219,4,234.0,1,0.10000000149011612,235.0,233.0
219,5,204.0,1,0.10000000149011612,202.0,200.0
219,6,198.0,1,0.10000000149011612,199.0,198.0
219,7,194.0,1,0.10000000149011612,194.0,194.0
219,8,126.0,1,0.10000000149011612,125.0,125.0
219,9,135.0,1,0.10000000149011612,135.0,135.0
220,0,177.0,1,0.10000000149011612,181.0,177.0
220,1,250.0,1,0.10000000149011612,251.0,250.0
220,2,243.0,1,0.10000000149011612,240.0,239.0
220,3,194.0,1,0.10000000149011612,195.0,194.0
220,4,321.0,1,0.10000000149011612,321.0,321.0
220,5,256.0,1,0.10000000149011612,253.0,253.0
220,6,130.0,1,0.10000000149011612,129.0,129.0
220,7,107.0,1,0.10000000149011612,109.0,107.0
220,8,149.0,1,0.10000000149011612,149.0,149.0
220,9,173.0,1,0.10000000149011612,172.0,172.0
221,0,184.0,1,0.10000000149011612,185.0,184.0
221,1,254.0,1,0.10000000149011612,254.0,254.0
221,2,205.0,1,0.10000000149011612,204.0,203.0
221,3,207.0,1,0.10000000149011612,207.0,205.0
221,4,271.0,1,0.10000000149011612,272.0,270.0
221,5,254.0,1,0.10000000149011612,251.0,249.0
221,6,207.0,1,0.10000000149011612,207.0,206.0
221,7,114.0,1,0.10000000149011612,116.0,114.0
221,8,140.0,1,0.10000000149011612,140.0,140.0
221,9,164.0,1,0.10000000149011612,164.0,164.0
222,0,235.0,1,0.10000000149011612,237.0,234.0
222,1,160.0,1,0.10000000149011612,160.0,160.0
222,2,204.0,1,0.10000000149011612,202.0,202.0
222,3,163.0,1,0.10000000149011612,163.0,162.0
222,4,203.0,1,0.10000000149011612,205.0,202.0
222,5,205.0,1,0.10000000149011612,203.0,203.0
222,6,162.0,1,0.10000000149011612,162.0,162.0
222,7,202.0,1,0.10000000149011612,201.0,199.0
222,8,235.0,1,0.10000000149011612,236.0,235.0
222,9,231.0,1,0.10000000149011612,231.0,231.0
223,0,186.0,1,0.10000000149011612,187.0,186.0
223,1,110.0,1,0.10000000149011612,110.0,110.0
223,2,249.0,1,0.10000000149011612,249.0,248.0
223,3,143.0,1,0.10000000149011612,143.0,142.0
223,4,198.0,1,0.10000000149011612,198.0,198.0
223,5,222.0,1,0.10000000149011612,220.0,220.0
223,6,147.0,1,0.10000000149011612,148.0,147.0
223,7,273.0,1,0.10000000149011612,273.0,273.0
223,8,251.0,1,0.10000000149011612,251.0,251.0
223,9,221.0,1,0.10000000149011612,221.0,221.0
224,0,218.0,1,0.10000000149011612,217.0,216.0
224,1,172.0,1,0.10000000149011612,170.0,170.0
224,2,238.0,1,0.10000000149011612,238.0,237.0
224,3,175.0,1,0.10000000149011612,177.0,175.0
224,4,179.0,1,0.10000000149011612,182.0,178.0
224,5,181.0,1,0.10000000149011612,179.0,179.0
224,6,238.0,1,0.10000000149011612,238.0,238.0
224,7,161.0,1,0.10000000149011612,157.0,157.0
224,8,233.0,1,0.10000000149011612,235.0,233.0
224,9,205.0,1,0.10000000149011612,207.0,205.0
225,0,179.0,1,0.10000000149011612,182.0,179.0
225,1,185.0,1,0.10000000149011612,182.0,182.0
225,2,192.0,1,0.10000000149011612,189.0,189.0
225,3,224.0,1,0.10000000149011612,225.0,224.0
225,4,176.0,1,0.10000000149011612,175.0,175.0
225,5,296.0,1,0.10000000149011612,296.0,296.0
225,6,198.0,1,0.10000000149011612,198.0,198.0
225,7,143.0,1,0.10000000149011612,143.0,143.0
225,8,212.0,1,0.10000000149011612,212.0,212.0
225,9,195.0,1,0.10000000149011612,198.0,195.0
226,0,175.0,1,0.10000000149011612,176.0,175.0
226,1,115.0,1,0.10000000149011612,112.0,112.0
226,2,229.0,1,0.10000000149011612,228.0,228.0
226,3,145.0,1,0.10000000149011612,145.0,144.0
226,4,155.0,1,0.10000000149011612,155.0,154.0
226,5,142.0,1,0.10000000149011612,142.0,142.0
226,6,202.0,1,0.10000000149011612,202.0,202.0
226,7,238.0,1,0.10000000149011612,238.0,238.0
226,8,309.0,1,0.10000000149011612,309.0,309.0
226,9,290.0,1,0.10000000149011612,293.0,290.0
227,0,114.0,1,0.10000000149011612,112.0,112.0
227,1,219.0,1,0.10000000149011612,218.0,218.0
227,2,179.0,1,0.10000000149011612,178.0,178.0
227,3,241.0,1,0.10000000149011612,241.0,240.0
227,4,212.0,1,0.10000000149011612,214.0,210.0
227,5,181.0,1,0.10000000149011612,178.0,178.0
227,6,177.0,1,0.10000000149011612,179.0,177.0
227,7,291.0,1,0.10000000149011612,291.0,288.0
227,8,176.0,1,0.10000000149011612,178.0,176.0
227,9,210.0,1,0.10000000149011612,211.0,210.0
228,0,200.0,1,0.10000000149011612,201.0,200.0
228,1,232.0,1,0.10000000149011612,231.0,231.0
228,2,213.0,1,0.10000000149011612,212.0,212.0
228,3,285.0,1,0.10000000149011612,286.0,285.0
228,4,224.0,1,0.10000000149011612,222.0,222.0
228,5,149.0,1,0.10000000149011612,146.0,146.0
228,6,304.0,1,0.10000000149011612,305.0,304.0
228,7,76.0,1,0.10000000149011612,79.0,76.0
228,8,153.0,1,0.10000000149011612,153.0,153.0
228,9,164.0,1,0.10000000149011612,165.0,164.0
229,0,175.0,1,0.10000000149011612,175.0,175.0
229,1,153.0,1,0.10000000149011612,153.0,153.0
229,2,281.0,1,0.10000000149011612,281.0,281.0
229,3,98.0,1,0.10000000149011612,98.0,95.0
229,4,251.0,1,0.10000000149011612,251.0,249.0
229,5,145.0,1,0.10000000149011612,141.0,139.0
229,6,249.0,1,0.10000000149011612,251.0,249.0
229,7,177.0,1,0.10000000149011612,179.0,177.0
229,8,248.0,1,0.10000000149011612,248.0,248.0
229,9,223.0,1,0.10000000149011612,223.0,223.0
230,0,157.0,1,0.10000000149011612,156.0,155.0
230,1,246.0,1,0.10000000149011612,246.0,246.0
230,2,203.0,1,0.10000000149011612,202.0,202.0
230,3,243.0,1,0.10000000149011612,245.0,243.0
230,4,234.0,1,0.10000000149011612,237.0,233.0
230,5,226.0,1,0.10000000149011612,224.0,224.0
230,6,140.0,1,0.10000000149011612,140.0,140.0
230,7,225.0,1,0.10000000149011612,222.0,222.0
230,8,155.0,1,0.10000000149011612,157.0,155.0
230,9,171.0,1,0.10000000149011612,171.0,171.0
231,0,155.0,1,0.10000000149011612,156.0,155.0
231,1,284.0,1,0.10000000149011612,285.0,284.0
231,2,189.0,1,0.10000000149011612,187.0,187.0
231,3,222.0,1,0.10000000149011612,225.0,222.0
231,4,199.0,1,0.10000000149011612,198.0,198.0
231,5,218.0,1,0.10000000149011612,216.0,216.0
231,6,213.0,1,0.10000000149011612,214.0,213.0
231,7,251.0,1,0.10000000149011612,251.0,251.0
231,8,107.0,1,0.10000000149011612,107.0,107.0
231,9,162.0,1,0.10000000149011612,161.0,161.0
232,0,190.0,1,0.10000000149011612,191.0,190.0
232,1,231.0,1,0.10000000149011612,231.0,231.0
232,2,163.0,1,0.10000000149011612,163.0,163.0
232,3,274.0,1,0.10000000149011612,274.0,274.0
232,4,267.0,1,0.10000000149011612,269.0,267.0
232,5,140.0,1,0.10000000149011612,138.0,138.0
232,6,164.0,1,0.10000000149011612,164.0,164.0
232,7,221.0,1,0.10000000149011612,221.0,219.0
232,8,142.0,1,0.10000000149011612,141.0,141.0
232,9,208.0,1,0.10000000149011612,208.0,208.0
233,0,148.0,1,0.10000000149011612,151.0,148.0
233,1,193.0,1,0.10000000149011612,192.0,192.0
233,2,189.0,1,0.10000000149011612,186.0,186.0
233,3,214.0,1,0.10000000149011612,215.0,214.0
233,4,188.0,1,0.10000000149011612,188.0,187.0
233,5,238.0,1,0.10000000149011612,238.0,238.0
233,6,128.0,1,0.10000000149011612,128.0,128.0
233,7,275.0,1,0.10000000149011612,274.0,274.0
233,8,201.0,1,0.10000000149011612,201.0,201.0
233,9,226.0,1,0.10000000149011612,227.0,226.0
234,0,150.0,1,0.10000000149011612,151.0,150.0
234,1,163.0,1,0.10000000149011612,163.0,163.0
234,2,229.0,1,0.10000000149011612,228.0,228.0
234,3,213.0,1,0.10000000149011612,212.0,212.0
234,4,259.0,1,0.10000000149011612,259.0,259.0
234,5,251.0,1,0.10000000149011612,252.0,251.0
234,6,186.0,1,0.10000000149011612,186.0,186.0
234,7,166.0,1,0.10000000149011612,166.0,166.0
234,8,174.0,1,0.10000000149011612,174.0,174.0
234,9,209.0,1,0.10000000149011612,209.0,209.0
235,0,283.0,1,0.10000000149011612,285.0,283.0
235,1,160.0,1,0.10000000149011612,160.0,160.0
235,2,168.0,1,0.10000000149011612,166.0,166.0
235,3,189.0,1,0.10000000149011612,189.0,189.0
235,4,180.0,1,0.10000000149011612,183.0,180.0
235,5,121.0,1,0.10000000149011612,119.0,119.0
235,6,207.0,1,0.10000000149011612,207.0,207.0
235,7,119.0,1,0.10000000149011612,118.0,116.0
235,8,295.0,1,0.10000000149011612,295.0,295.0
235,9,278.0,1,0.10000000149011612,278.0,278.0
236,0,162.0,1,0.10000000149011612,162.0,161.0
236,1,181.0,1,0.10000000149011612,181.0,181.0
236,2,196.0,1,0.10000000149011612,196.0,195.0
236,3,234.0,1,0.10000000149011612,234.0,233.0
236,4,257.0,1,0.10000000149011612,256.0,256.0
236,5,223.0,1,0.10000000149011612,222.0,221.0
236,6,189.0,1,0.10000000149011612,190.0,189.0
236,7,130.0,1,0.10000000149011612,131.0,130.0
236,8,201.0,1,0.10000000149011612,201.0,201.0
236,9,227.0,1,0.10000000149011612,227.0,227.0
237,0,161.0,1,0.10000000149011612,161.0,161.0
237,1,251.0,1,0.10000000149011612,251.0,251.0
237,2,141.0,1,0.10000000149011612,141.0,141.0
237,3,272.0,1,0.10000000149011612,272.0,272.0
237,4,248.0,1,0.10000000149011612,251.0,248.0
237,5,143.0,1,0.10000000149011612,140.0,140.0
237,6,205.0,1,0.10000000149011612,205.0,205.0
237,7,204.0,1,0.10000000149011612,204.0,201.0
237,8,143.0,1,0.10000000149011612,143.0,143.0
237,9,232.0,1,0.10000000149011612,232.0,232.0
238,0,217.0,1,0.10000000149011612,218.0,217.0
238,1,150.0,1,0.10000000149011612,147.0,147.0
238,2,190.0,1,0.10000000149011612,189.0,189.0
238,3,136.0,1,0.10000000149011612,137.0,135.0
238,4,143.0,1,0.10000000149011612,141.0,141.0
238,5,155.0,1,0.10000000149011612,155.0,155.0
238,6,185.0,1,0.10000000149011612,185.0,185.0
238,7,225.0,1,0.10000000149011612,225.0,225.0
238,8,309.0,1,0.10000000149011612,309.0,309.0
238,9,290.0,1,0.10000000149011612,294.0,290.0
239,0,199.0,1,0.10000000149011612,200.0,199.0
239,1,218.0,1,0.10000000149011612,218.0,218.0
239,2,211.0,1,0.10000000149011612,210.0,210.0
239,3,211.0,1,0.10000000149011612,211.0,211.0
239,4,181.0,1,0.10000000149011612,180.0,180.0
239,5,209.0,1,0.10000000149011612,207.0,207.0
239,6,256.0,1,0.10000000149011612,256.0,256.0
239,7,215.0,1,0.10000000149011612,218.0,215.0
239,8,154.0,1,0.10000000149011612,154.0,154.0
239,9,146.0,1,0.10000000149011612,146.0,146.0
240,0,219.0,1,0.10000000149011612,220.0,218.0
240,1,225.0,1,0.10000000149011612,225.0,225.0
240,2,205.0,1,0.10000000149011612,203.0,203.0
240,3,211.0,1,0.10000000149011612,213.0,211.0
240,4,136.0,1,0.10000000149011612,136.0,135.0
240,5,190.0,1,0.10000000149011612,189.0,189.0
240,6,231.0,1,0.10000000149011612,231.0,231.0
240,7,184.0,1,0.10000000149011612,183.0,183.0
240,8,221.0,1,0.10000000149011612,222.0,221.0
240,9,178.0,1,0.10000000149011612,178.0,178.0
241,0,222.0,1,0.10000000149011612,223.0,222.0
241,1,178.0,1,0.10000000149011612,178.0,178.0
241,2,188.0,1,0.10000000149011612,187.0,187.0
241,3,230.0,1,0.10000000149011612,235.0,230.0
241,4,166.0,1,0.10000000149011612,167.0,166.0
241,5,237.0,1,0.10000000149011612,232.0,232.0
241,6,235.0,1,0.10000000149011612,235.0,235.0
241,7,193.0,1,0.10000000149011612,192.0,192.0
241,8,186.0,1,0.10000000149011612,186.0,186.0
241,9,165.0,1,0.10000000149011612,165.0,165.0
242,0,185.0,1,0.10000000149011612,185.0,185.0
242,1,187.0,1,0.10000000149011612,187.0,187.0
242,2,192.0,1,0.10000000149011612,192.0,192.0
242,3,219.0,1,0.10000000149011612,219.0,219.0
242,4,224.0,1,0.10000000149011612,225.0,224.0
242,5,133.0,1,0.10000000149011612,131.0,131.0
242,6,179.0,1,0.10000000149011612,179.0,179.0
242,7,255.0,1,0.10000000149011612,256.0,254.0
242,8,189.0,1,0.10000000149011612,189.0,189.0
242,9,237.0,1,0.10000000149011612,237.0,237.0
243,0,183.0,1,0.10000000149011612,186.0,183.0
243,1,105.0,1,0.10000000149011612,103.0,103.0
243,2,276.0,1,0.10000000149011612,273.0,273.0
243,3,99.0,1,0.10000000149011612,98.0,98.0
243,4,202.0,1,0.10000000149011612,203.0,202.0
243,5,260.0,1,0.10000000149011612,260.0,259.0
243,6,172.0,1,0.10000000149011612,172.0,172.0
243,7,196.0,1,0.10000000149011612,196.0,196.0
243,8,264.0,1,0.10000000149011612,264.0,264.0
243,9,243.0,1,0.10000000149011612,245.0,243.0
244,0,212.0,1,0.10000000149011612,212.0,212.0
244,1,232.0,1,0.10000000149011612,232.0,232.0
244,2,163.0,1,0.10000000149011612,163.0,163.0
244,3,203.0,1,0.10000000149011612,203.0,202.0
244,4,211.0,1,0.10000000149011612,215.0,211.0
244,5,205.0,1,0.10000000149011612,204.0,204.0
244,6,94.0,1,0.10000000149011612,94.0,94.0
244,7,240.0,1,0.10000000149011612,237.0,237.0
244,8,207.0,1,0.10000000149011612,207.0,207.0
244,9,233.0,1,0.10000000149011612,233.0,233.0
245,0,165.0,1,0.10000000149011612,166.0,165.0
245,1,197.0,1,0.10000000149011612,197.0,197.0
245,2,181.0,1,0.10000000149011612,180.0,180.0
245,3,171.0,1,0.10000000149011612,170.0,170.0
245,4,258.0,1,0.10000000149011612,259.0,258.0
245,5,236.0,1,0.10000000149011612,236.0,236.0
245,6,110.0,1,0.10000000149011612,110.0,110.0
245,7,252.0,1,0.10000000149011612,252.0,252.0
245,8,177.0,1,0.10000000149011612,177.0,177.0
245,9,253.0,1,0.10000000149011612,253.0,253.0
246,0,119.0,1,0.10000000149011612,119.0,118.0
246,1,146.0,1,0.10000000149011612,145.0,145.0
246,2,284.0,1,0.10000000149011612,283.0,283.0
246,3,132.0,1,0.10000000149011612,132.0,132.0
246,4,211.0,1,0.10000000149011612,213.0,211.0
246,5,196.0,1,0.10000000149011612,194.0,194.0
246,6,188.0,1,0.10000000149011612,188.0,188.0
246,7,222.0,1,0.10000000149011612,222.0,220.0
246,8,265.0,1,0.10000000149011612,266.0,265.0
246,9,237.0,1,0.10000000149011612,238.0,237.0
247,0,245.0,1,0.10000000149011612,245.0,245.0
247,1,166.0,1,0.10000000149011612,166.0,166.0
247,2,173.0,1,0.10000000149011612,173.0,173.0
247,3,160.0,1,0.10000000149011612,161.0,160.0
247,4,109.0,1,0.10000000149011612,109.0,109.0
247,5,213.0,1,0.10000000149011612,212.0,212.0
247,6,231.0,1,0.10000000149011612,231.0,231.0
247,7,261.0,1,0.10000000149011612,261.0,261.0
247,8,231.0,1,0.10000000149011612,231.0,231.0
247,9,211.0,1,0.10000000149011612,211.0,211.0
248,0,177.0,1,0.10000000149011612,177.0,177.0
248,1,182.0,1,0.10000000149011612,182.0,182.0
248,2,199.0,1,0.10000000149011612,199.0,199.0
248,3,259.0,1,0.10000000149011612,259.0,259.0
248,4,183.0,1,0.10000000149011612,183.0,183.0
248,5,261.0,1,0.10000000149011612,261.0,261.0
248,6,188.0,1,0.10000000149011612,188.0,188.0
248,7,176.0,1,0.10000000149011612,176.0,176.0
248,8,193.0,1,0.10000000149011612,193.0,193.0
248,9,182.0,1,0.10000000149011612,182.0,182.0
249,0,200.0,1,0.10000000149011612,201.0,200.0
249,1,165.0,1,0.10000000149011612,164.0,164.0
249,2,197.0,1,0.10000000149011612,196.0,196.0
249,3,168.0,1,0.10000000149011612,168.0,168.0
249,4,192.0,1,0.10000000149011612,192.0,192.0
249,5,217.0,1,0.10000000149011612,217.0,217.0
249,6,162.0,1,0.10000000149011612,162.0,162.0
249,7,226.0,1,0.10000000149011612,226.0,226.0
249,8,239.0,1,0.10000000149011612,239.0,239.0
249,9,234.0,1,0.10000000149011612,235.0,234.0
250,0,255.0,1,0.10000000149011612,256.0,255.0
250,1,204.0,1,0.10000000149011612,204.0,204.0
250,2,171.0,1,0.10000000149011612,171.0,171.0
250,3,222.0,1,0.10000000149011612,223.0,222.0
250,4,190.0,1,0.10000000149011612,190.0,190.0
250,5,198.0,1,0.10000000149011612,196.0,196.0
250,6,195.0,1,0.10000000149011612,195.0,195.0
250,7,191.0,1,0.10000000149011612,191.0,191.0
250,8,198.0,1,0.10000000149011612,198.0,198.0
250,9,176.0,1,0.10000000149011612,176.0,176.0
251,0,225.0,1,0.10000000149011612,226.0,225.0
251,1,232.0,1,0.10000000149011612,232.0,232.0
251,2,230.0,1,0.10000000149011612,229.0,229.0
251,3,251.0,1,0.10000000149011612,251.0,251.0
251,4,169.0,1,0.10000000149011612,169.0,169.0
251,5,233.0,1,0.10000000149011612,231.0,231.0
251,6,282.0,1,0.10000000149011612,282.0,282.0
251,7,126.0,1,0.10000000149011612,128.0,126.0
251,8,162.0,1,0.10000000149011612,162.0,162.0
251,9,90.0,1,0.10000000149011612,90.0,90.0
252,0,188.0,1,0.10000000149011612,189.0,188.0
252,1,185.0,1,0.10000000149011612,185.0,185.0
252,2,243.0,1,0.10000000149011612,242.0,242.0
252,3,178.0,1,0.10000000149011612,175.0,175.0
252,4,228.0,1,0.10000000149011612,228.0,227.0
252,5,201.0,1,0.10000000149011612,202.0,200.0
252,6,244.0,1,0.10000000149011612,245.0,244.0
252,7,164.0,1,0.10000000149011612,165.0,164.0
252,8,183.0,1,0.10000000149011612,183.0,183.0
252,9,186.0,1,0.10000000149011612,186.0,186.0
253,0,224.0,1,0.10000000149011612,225.0,224.0
253,1,101.0,1,0.10000000149011612,101.0,101.0
253,2,280.0,1,0.10000000149011612,280.0,279.0
253,3,80.0,1,0.10000000149011612,79.0,79.0
253,4,182.0,1,0.10000000149011612,182.0,182.0
253,5,152.0,1,0.10000000149011612,152.0,152.0
253,6,230.0,1,0.10000000149011612,230.0,230.0
253,7,137.0,1,0.10000000149011612,137.0,137.0
253,8,342.0,1,0.10000000149011612,342.0,342.0
253,9,272.0,1,0.10000000149011612,272.0,272.0
254,0,180.0,1,0.10000000149011612,181.0,180.0
254,1,234.0,1,0.10000000149011612,234.0,234.0
254,2,188.0,1,0.10000000149011612,187.0,187.0
254,3,228.0,1,0.10000000149011612,226.0,226.0
254,4,170.0,1,0.10000000149011612,170.0,169.0
254,5,237.0,1,0.10000000149011612,237.0,236.0
254,6,265.0,1,0.10000000149011612,266.0,265.0
254,7,200.0,1,0.10000000149011612,201.0,200.0
254,8,139.0,1,0.10000000149011612,139.0,139.0
254,9,159.0,1,0.10000000149011612,159.0,159.0
255,0,182.0,1,0.10000000149011612,182.0,181.0
255,1,245.0,1,0.10000000149011612,245.0,245.0
255,2,208.0,1,0.10000000149011612,207.0,207.0
255,3,215.0,1,0.10000000149011612,214.0,214.0
255,4,188.0,1,0.10000000149011612,190.0,188.0
255,5,281.0,1,0.10000000149011612,282.0,281.0
255,6,141.0,1,0.10000000149011612,141.0,141.0
255,7,246.0,1,0.10000000149011612,244.0,244.0
255,8,154.0,1,0.10000000149011612,155.0,154.0
255,9,140.0,1,0.10000000149011612,140.0,140.0
256,0,226.0,1,0.10000000149011612,226.0,225.0
256,1,198.0,1,0.10000000149011612,197.0,197.0
256,2,168.0,1,0.10000000149011612,167.0,167.0
256,3,204.0,1,0.10000000149011612,204.0,204.0
256,4,187.0,1,0.10000000149011612,188.0,187.0
256,5,111.0,1,0.10000000149011612,111.0,111.0
256,6,147.0,1,0.10000000149011612,147.0,147.0
256,7,241.0,1,0.10000000149011612,240.0,240.0
256,8,262.0,1,0.10000000149011612,263.0,262.0
256,9,256.0,1,0.10000000149011612,257.0,256.0
257,0,263.0,1,0.10000000149011612,263.0,263.0
257,1,219.0,1,0.10000000149011612,219.0,219.0
257,2,155.0,1,0.10000000149011612,155.0,155.0
257,3,238.0,1,0.10000000149011612,238.0,238.0
257,4,166.0,1,0.10000000149011612,166.0,166.0
257,5,134.0,1,0.10000000149011612,133.0,133.0
257,6,244.0,1,0.10000000149011612,244.0,244.0
257,7,168.0,1,0.10000000149011612,169.0,168.0
257,8,219.0,1,0.10000000149011612,219.0,219.0
257,9,194.0,1,0.10000000149011612,194.0,194.0
258,0,189.0,1,0.10000000149011612,190.0,189.0
258,1,126.0,1,0.10000000149011612,126.0,126.0
258,2,243.0,1,0.10000000149011612,242.0,242.0
258,3,180.0,1,0.10000000149011612,180.0,180.0
258,4,149.0,1,0.10000000149011612,149.0,149.0
258,5,249.0,1,0.10000000149011612,249.0,249.0
258,6,202.0,1,0.10000000149011612,202.0,202.0
258,7,223.0,1,0.10000000149011612,223.0,223.0
258,8,253.0,1,0.10000000149011612,253.0,253.0
258,9,186.0,1,0.10000000149011612,186.0,186.0
259,0,185.0,1,0.10000000149011612,186.0,185.0
259,1,159.0,1,0.10000000149011612,158.0,158.0
259,2,189.0,1,0.10000000149011612,188.0,188.0
259,3,233.0,1,0.10000000149011612,233.0,233.0
259,4,164.0,1,0.10000000149011612,165.0,164.0
259,5,118.0,1,0.10000000149011612,118.0,118.0
259,6,200.0,1,0.10000000149011612,200.0,200.0
259,7,254.0,1,0.10000000149011612,253.0,253.0
259,8,236.0,1,0.10000000149011612,236.0,236.0
259,9,262.0,1,0.10000000149011612,263.0,262.0
260,0,143.0,1,0.10000000149011612,143.0,143.0
260,1,174.0,1,0.10000000149011612,174.0,174.0
260,2,177.0,1,0.10000000149011612,177.0,177.0
260,3,204.0,1,0.10000000149011612,204.0,204.0
260,4,177.0,1,0.10000000149011612,177.0,177.0
260,5,104.0,1,0.10000000149011612,102.0,102.0
260,6,193.0,1,0.10000000149011612,193.0,193.0
260,7,264.0,1,0.10000000149011612,266.0,264.0
260,8,270.0,1,0.10000000149011612,270.0,270.0
260,9,294.0,1,0.10000000149011612,294.0,294.0
261,0,240.0,1,0.10000000149011612,240.0,240.0
261,1,171.0,1,0.10000000149011612,171.0,171.0
261,2,199.0,1,0.10000000149011612,199.0,199.0
261,3,186.0,1,0.10000000149011612,186.0,186.0
261,4,174.0,1,0.10000000149011612,174.0,174.0
261,5,157.0,1,0.10000000149011612,156.0,156.0
261,6,258.0,1,0.10000000149011612,258.0,258.0
261,7,131.0,1,0.10000000149011612,132.0,131.0
261,8,257.0,1,0.10000000149011612,257.0,257.0
261,9,227.0,1,0.10000000149011612,227.0,227.0
262,0,214.0,1,0.10000000149011612,214.0,214.0
262,1,135.0,1,0.10000000149011612,135.0,135.0
262,2,237.0,1,0.10000000149011612,237.0,237.0
262,3,128.0,1,0.10000000149011612,129.0,128.0
262,4,214.0,1,0.10000000149011612,214.0,214.0
262,5,192.0,1,0.10000000149011612,191.0,191.0
262,6,201.0,1,0.10000000149011612,201.0,201.0
262,7,212.0,1,0.10000000149011612,212.0,212.0
262,8,228.0,1,0.10000000149011612,228.0,228.0
262,9,239.0,1,0.10000000149011612,239.0,239.0
263,0,194.0,1,0.10000000149011612,194.0,194.0
263,1,304.0,1,0.10000000149011612,304.0,304.0
263,2,164.0,1,0.10000000149011612,164.0,164.0
263,3,244.0,1,0.10000000149011612,244.0,243.0
263,4,223.0,1,0.10000000149011612,223.0,223.0
263,5,249.0,1,0.10000000149011612,248.0,247.0
263,6,213.0,1,0.10000000149011612,213.0,213.0
263,7,243.0,1,0.10000000149011612,244.0,243.0
263,8,59.0,1,0.10000000149011612,59.0,59.0
263,9,107.0,1,0.10000000149011612,107.0,107.0
264,0,142.0,1,0.10000000149011612,142.0,142.0
264,1,288.0,1,0.10000000149011612,288.0,288.0
264,2,209.0,1,0.10000000149011612,209.0,209.0
264,3,263.0,1,0.10000000149011612,263.0,263.0
264,4,238.0,1,0.10000000149011612,239.0,238.0
264,5,232.0,1,0.10000000149011612,230.0,230.0
264,6,213.0,1,0.10000000149011612,213.0,213.0
264,7,250.0,1,0.10000000149011612,251.0,249.0
264,8,62.0,1,0.10000000149011612,62.0,62.0
264,9,103.0,1,0.10000000149011612,103.0,103.0
265,0,198.0,1,0.10000000149011612,199.0,198.0
265,1,127.0,1,0.10000000149011612,127.0,127.0
265,2,176.0,1,0.10000000149011612,175.0,175.0
265,3,178.0,1,0.10000000149011612,178.0,178.0
265,4,159.0,1,0.10000000149011612,159.0,159.0
265,5,179.0,1,0.10000000149011612,179.0,179.0
265,6,170.0,1,0.10000000149011612,170.0,170.0
265,7,235.0,1,0.10000000149011612,235.0,235.0
265,8,271.0,1,0.10000000149011612,271.0,271.0
265,9,307.0,1,0.10000000149011612,307.0,307.0
266,0,237.0,1,0.10000000149011612,237.0,237.0
266,1,210.0,1,0.10000000149011612,210.0,210.0
266,2,203.0,1,0.10000000149011612,203.0,203.0
266,3,131.0,1,0.10000000149011612,131.0,131.0
266,4,150.0,1,0.10000000149011612,150.0,150.0
266,5,140.0,1,0.10000000149011612,140.0,140.0
266,6,185.0,1,0.10000000149011612,185.0,185.0
266,7,237.0,1,0.10000000149011612,237.0,237.0
266,8,278.0,1,0.10000000149011612,278.0,278.0
266,9,229.0,1,0.10000000149011612,229.0,229.0
267,0,176.0,1,0.10000000149011612,176.0,176.0
267,1,197.0,1,0.10000000149011612,197.0,197.0
267,2,187.0,1,0.10000000149011612,187.0,187.0
267,3,146.0,1,0.10000000149011612,144.0,144.0
267,4,215.0,1,0.10000000149011612,214.0,214.0
267,5,170.0,1,0.10000000149011612,171.0,169.0
267,6,144.0,1,0.10000000149011612,145.0,144.0
267,7,311.0,1,0.10000000149011612,312.0,311.0
267,8,210.0,1,0.10000000149011612,210.0,210.0
267,9,244.0,1,0.10000000149011612,244.0,244.0
268,0,195.0,1,0.10000000149011612,195.0,195.0
268,1,65.0,1,0.10000000149011612,65.0,65.0
268,2,256.0,1,0.10000000149011612,256.0,256.0
268,3,136.0,1,0.10000000149011612,136.0,136.0
268,4,130.0,1,0.10000000149011612,130.0,130.0
268,5,192.0,1,0.10000000149011612,192.0,192.0
268,6,265.0,1,0.10000000149011612,265.0,265.0
268,7,248.0,1,0.10000000149011612,248.0,248.0
268,8,289.0,1,0.10000000149011612,289.0,289.0
268,9,224.0,1,0.10000000149011612,224.0,224.0
269,0,160.0,1,0.10000000149011612,161.0,160.0
269,1,197.0,1,0.10000000149011612,197.0,197.0
269,2,181.0,1,0.10000000149011612,180.0,180.0
269,3,278.0,1,0.10000000149011612,278.0,278.0
269,4,200.0,1,0.10000000149011612,200.0,200.0
269,5,287.0,1,0.10000000149011612,287.0,287.0
269,6,215.0,1,0.10000000149011612,215.0,215.0
269,7,170.0,1,0.10000000149011612,170.0,170.0
269,8,136.0,1,0.10000000149011612,136.0,136.0
269,9,176.0,1,0.10000000149011612,176.0,176.0
270,0,197.0,1,0.10000000149011612,197.0,197.0
270,1,162.0,1,0.10000000149011612,161.0,161.0
270,2,195.0,1,0.10000000149011612,195.0,195.0
270,3,168.0,1,0.10000000149011612,168.0,168.0
270,4,203.0,1,0.10000000149011612,203.0,203.0
270,5,198.0,1,0.10000000149011612,198.0,198.0
270,6,149.0,1,0.10000000149011612,149.0,149.0
270,7,236.0,1,0.10000000149011612,236.0,236.0
270,8,258.0,1,0.10000000149011612,258.0,258.0
270,9,234.0,1,0.10000000149011612,235.0,234.0
271,0,233.0,1,0.10000000149011612,234.0,233.0
271,1,197.0,1,0.10000000149011612,197.0,197.0
271,2,181.0,1,0.10000000149011612,180.0,180.0
271,3,155.0,1,0.10000000149011612,155.0,155.0
271,4,120.0,1,0.10000000149011612,120.0,120.0
271,5,152.0,1,0.10000000149011612,152.0,152.0
271,6,247.0,1,0.10000000149011612,247.0,247.0
271,7,227.0,1,0.10000000149011612,227.0,227.0
271,8,251.0,1,0.10000000149011612,251.0,251.0
271,9,237.0,1,0.10000000149011612,237.0,237.0
272,0,117.0,1,0.10000000149011612,117.0,117.0
272,1,153.0,1,0.10000000149011612,153.0,153.0
272,2,282.0,1,0.10000000149011612,282.0,282.0
272,3,188.0,1,0.10000000149011612,188.0,188.0
272,4,275.0,1,0.10000000149011612,274.0,274.0
272,5,133.0,1,0.10000000149011612,131.0,131.0
272,6,214.0,1,0.10000000149011612,215.0,214.0
272,7,217.0,1,0.10000000149011612,219.0,217.0
272,8,194.0,1,0.10000000149011612,194.0,194.0
272,9,227.0,1,0.10000000149011612,227.0,227.0
273,0,213.0,1,0.10000000149011612,213.0,213.0
273,1,189.0,1,0.10000000149011612,189.0,189.0
273,2,205.0,1,0.10000000149011612,205.0,205.0
273,3,269.0,1,0.10000000149011612,270.0,269.0
273,4,189.0,1,0.10000000149011612,189.0,189.0
273,5,168.0,1,0.10000000149011612,165.0,165.0
273,6,307.0,1,0.10000000149011612,307.0,307.0
273,7,101.0,1,0.10000000149011612,103.0,101.0
273,8,199.0,1,0.10000000149011612,199.0,199.0
273,9,160.0,1,0.10000000149011612,160.0,160.0
274,0,168.0,1,0.10000000149011612,167.0,167.0
274,1,252.0,1,0.10000000149011612,252.0,252.0
274,2,215.0,1,0.10000000149011612,215.0,215.0
274,3,252.0,1,0.10000000149011612,252.0,252.0
274,4,278.0,1,0.10000000149011612,278.0,277.0
274,5,135.0,1,0.10000000149011612,133.0,133.0
274,6,209.0,1,0.10000000149011612,210.0,209.0
274,7,142.0,1,0.10000000149011612,143.0,141.0
274,8,163.0,1,0.10000000149011612,164.0,163.0
274,9,186.0,1,0.10000000149011612,186.0,186.0
275,0,170.0,1,0.10000000149011612,171.0,170.0
275,1,194.0,1,0.10000000149011612,194.0,194.0
275,2,140.0,1,0.10000000149011612,139.0,139.0
275,3,249.0,1,0.10000000149011612,249.0,249.0
275,4,165.0,1,0.10000000149011612,165.0,165.0
275,5,266.0,1,0.10000000149011612,266.0,266.0
275,6,113.0,1,0.10000000149011612,113.0,113.0
275,7,266.0,1,0.10000000149011612,266.0,266.0
275,8,208.0,1,0.10000000149011612,208.0,208.0
275,9,229.0,1,0.10000000149011612,229.0,229.0
276,0,130.0,1,0.10000000149011612,130.0,130.0
276,1,160.0,1,0.10000000149011612,160.0,160.0
276,2,229.0,1,0.10000000149011612,229.0,229.0
276,3,191.0,1,0.10000000149011612,191.0,191.0
276,4,251.0,1,0.10000000149011612,251.0,251.0
276,5,234.0,1,0.10000000149011612,234.0,234.0
276,6,141.0,1,0.10000000149011612,141.0,141.0
276,7,259.0,1,0.10000000149011612,259.0,259.0
276,8,173.0,1,0.10000000149011612,173.0,173.0
276,9,232.0,1,0.10000000149011612,232.0,232.0
277,0,139.0,1,0.10000000149011612,139.0,139.0
277,1,214.0,1,0.10000000149011612,214.0,214.0
277,2,129.0,1,0.10000000149011612,129.0,129.0
277,3,232.0,1,0.10000000149011612,232.0,232.0
277,4,204.0,1,0.10000000149011612,204.0,204.0
277,5,135.0,1,0.10000000149011612,135.0,135.0
277,6,100.0,1,0.10000000149011612,100.0,100.0
277,7,357.0,1,0.10000000149011612,357.0,357.0
277,8,199.0,1,0.10000000149011612,199.0,199.0
277,9,291.0,1,0.10000000149011612,291.0,291.0
278,0,219.0,1,0.10000000149011612,219.0,219.0
278,1,288.0,1,0.10000000149011612,288.0,288.0
278,2,112.0,1,0.10000000149011612,112.0,112.0
278,3,251.0,1,0.10000000149011612,251.0,251.0
278,4,225.0,1,0.10000000149011612,225.0,225.0
278,5,166.0,1,0.10000000149011612,165.0,165.0
278,6,177.0,1,0.10000000149011612,177.0,177.0
278,7,173.0,1,0.10000000149011612,174.0,173.0
278,8,167.0,1,0.10000000149011612,167.0,167.0
278,9,222.0,1,0.10000000149011612,222.0,222.0
279,0,189.0,1,0.10000000149011612,189.0,189.0
279,1,228.0,1,0.10000000149011612,228.0,228.0
279,2,201.0,1,0.10000000149011612,201.0,201.0
279,3,291.0,1,0.10000000149011612,291.0,291.0
279,4,190.0,1,0.10000000149011612,190.0,190.0
279,5,192.0,1,0.10000000149011612,192.0,192.0
279,6,308.0,1,0.10000000149011612,308.0,308.0
279,7,102.0,1,0.10000000149011612,102.0,102.0
279,8,136.0,1,0.10000000149011612,136.0,136.0
279,9,163.0,1,0.10000000149011612,163.0,163.0
280,0,208.0,1,0.10000000149011612,209.0,208.0
280,1,195.0,1,0.10000000149011612,195.0,195.0
280,2,222.0,1,0.10000000149011612,221.0,221.0
280,3,242.0,1,0.10000000149011612,243.0,242.0
280,4,207.0,1,0.10000000149011612,207.0,207.0
280,5,223.0,1,0.10000000149011612,222.0,222.0
280,6,178.0,1,0.10000000149011612,178.0,178.0
280,7,158.0,1,0.10000000149011612,158.0,158.0
280,8,188.0,1,0.10000000149011612,188.0,188.0
280,9,179.0,1,0.10000000149011612,179.0,179.0
281,0,206.0,1,0.10000000149011612,206.0,206.0
281,1,250.0,1,0.10000000149011612,250.0,250.0
281,2,198.0,1,0.10000000149011612,198.0,198.0
281,3,199.0,1,0.10000000149011612,199.0,199.0
281,4,249.0,1,0.10000000149011612,249.0,249.0
281,5,164.0,1,0.10000000149011612,163.0,163.0
281,6,247.0,1,0.10000000149011612,247.0,247.0
281,7,152.0,1,0.10000000149011612,153.0,152.0
281,8,142.0,1,0.10000000149011612,142.0,142.0
281,9,193.0,1,0.10000000149011612,193.0,193.0
282,0,213.0,1,0.10000000149011612,213.0,213.0
282,1,198.0,1,0.10000000149011612,198.0,198.0
282,2,226.0,1,0.10000000149011612,226.0,226.0
282,3,220.0,1,0.10000000149011612,220.0,220.0
282,4,205.0,1,0.10000000149011612,205.0,205.0
282,5,209.0,1,0.10000000149011612,208.0,208.0
282,6,195.0,1,0.10000000149011612,195.0,195.0
282,7,234.0,1,0.10000000149011612,235.0,234.0
282,8,176.0,1,0.10000000149011612,176.0,176.0
282,9,124.0,1,0.10000000149011612,124.0,124.0
283,0,191.0,1,0.10000000149011612,191.0,191.0
283,1,152.0,1,0.10000000149011612,152.0,152.0
283,2,185.0,1,0.10000000149011612,185.0,185.0
283,3,192.0,1,0.10000000149011612,192.0,192.0
283,4,172.0,1,0.10000000149011612,172.0,172.0
283,5,240.0,1,0.10000000149011612,240.0,240.0
283,6,170.0,1,0.10000000149011612,170.0,170.0
283,7,298.0,1,0.10000000149011612,298.0,298.0
283,8,187.0,1,0.10000000149011612,187.0,187.0
283,9,213.0,1,0.10000000149011612,213.0,213.0
284,0,216.0,1,0.10000000149011612,216.0,216.0
284,1,232.0,1,0.10000000149011612,232.0,232.0
284,2,171.0,1,0.10000000149011612,171.0,171.0
284,3,303.0,1,0.10000000149011612,303.0,303.0
284,4,174.0,1,0.10000000149011612,175.0,174.0
284,5,190.0,1,0.10000000149011612,190.0,190.0
284,6,225.0,1,0.10000000149011612,225.0,225.0
284,7,162.0,1,0.10000000149011612,161.0,161.0
284,8,177.0,1,0.10000000149011612,177.0,177.0
284,9,150.0,1,0.10000000149011612,150.0,150.0
285,0,253.0,1,0.10000000149011612,253.0,253.0
285,1,176.0,1,0.10000000149011612,176.0,176.0
285,2,140.0,1,0.10000000149011612,140.0,140.0
285,3,203.0,1,0.10000000149011612,203.0,203.0
285,4,82.0,1,0.10000000149011612,82.0,82.0
285,5,197.0,1,0.10000000149011612,197.0,197.0
285,6,218.0,1,0.10000000149011612,218.0,218.0
285,7,236.0,1,0.10000000149011612,236.0,236.0
285,8,268.0,1,0.10000000149011612,268.0,268.0
285,9,227.0,1,0.10000000149011612,227.0,227.0
286,0,249.0,1,0.10000000149011612,250.0,249.0
286,1,217.0,1,0.10000000149011612,217.0,217.0
286,2,212.0,1,0.10000000149011612,211.0,211.0
286,3,221.0,1,0.10000000149011612,220.0,220.0
286,4,202.0,1,0.10000000149011612,201.0,201.0
286,5,206.0,1,0.10000000149011612,207.0,206.0
286,6,242.0,1,0.10000000149011612,243.0,242.0
286,7,106.0,1,0.10000000149011612,106.0,106.0
286,8,173.0,1,0.10000000149011612,173.0,173.0
286,9,172.0,1,0.10000000149011612,172.0,172.0
287,0,170.0,1,0.10000000149011612,170.0,170.0
287,1,142.0,1,0.10000000149011612,142.0,142.0
287,2,255.0,1,0.10000000149011612,255.0,255.0
287,3,187.0,1,0.10000000149011612,187.0,187.0
287,4,212.0,1,0.10000000149011612,212.0,212.0
287,5,141.0,1,0.10000000149011612,140.0,140.0
287,6,226.0,1,0.10000000149011612,226.0,226.0
287,7,176.0,1,0.10000000149011612,177.0,176.0
287,8,252.0,1,0.10000000149011612,252.0,252.0
287,9,239.0,1,0.10000000149011612,239.0,239.0
288,0,206.0,1,0.10000000149011612,206.0,206.0
288,1,188.0,1,0.10000000149011612,188.0,188.0
288,2,158.0,1,0.10000000149011612,158.0,158.0
288,3,209.0,1,0.10000000149011612,209.0,209.0
288,4,212.0,1,0.10000000149011612,212.0,212.0
288,5,189.0,1,0.10000000149011612,189.0,189.0
288,6,163.0,1,0.10000000149011612,163.0,163.0
288,7,239.0,1,0.10000000149011612,239.0,239.0
288,8,213.0,1,0.10000000149011612,213.0,213.0
288,9,223.0,1,0.10000000149011612,223.0,223.0
289,0,215.0,1,0.10000000149011612,215.0,215.0
289,1,236.0,1,0.10000000149011612,236.0,236.0
289,2,175.0,1,0.10000000149011612,175.0,175.0
289,3,264.0,1,0.10000000149011612,264.0,264.0
289,4,222.0,1,0.10000000149011612,222.0,222.0
289,5,166.0,1,0.10000000149011612,165.0,165.0
289,6,223.0,1,0.10000000149011612,223.0,223.0
289,7,159.0,1,0.10000000149011612,160.0,159.0
289,8,161.0,1,0.10000000149011612,161.0,161.0
289,9,179.0,1,0.10000000149011612,179.0,179.0
290,0,252.0,1,0.10000000149011612,252.0,252.0
290,1,240.0,1,0.10000000149011612,240.0,240.0
290,2,163.0,1,0.10000000149011612,163.0,163.0
290,3,212.0,1,0.10000000149011612,212.0,211.0
290,4,165.0,1,0.10000000149011612,165.0,165.0
290,5,278.0,1,0.10000000149011612,278.0,277.0
290,6,204.0,1,0.10000000149011612,204.0,204.0
290,7,103.0,1,0.10000000149011612,103.0,103.0
290,8,201.0,1,0.10000000149011612,201.0,201.0
290,9,182.0,1,0.10000000149011612,182.0,182.0
291,0,196.0,1,0.10000000149011612,196.0,196.0
291,1,259.0,1,0.10000000149011612,259.0,259.0
291,2,228.0,1,0.10000000149011612,228.0,228.0
291,3,215.0,1,0.10000000149011612,215.0,215.0
291,4,278.0,1,0.10000000149011612,278.0,278.0
291,5,237.0,1,0.10000000149011612,237.0,237.0
291,6,195.0,1,0.10000000149011612,195.0,195.0
291,7,156.0,1,0.10000000149011612,156.0,156.0
291,8,105.0,1,0.10000000149011612,105.0,105.0
291,9,131.0,1,0.10000000149011612,131.0,131.0
292,0,118.0,1,0.10000000149011612,117.0,117.0
292,1,208.0,1,0.10000000149011612,208.0,208.0
292,2,228.0,1,0.10000000149011612,228.0,228.0
292,3,172.0,1,0.10000000149011612,171.0,171.0
292,4,281.0,1,0.10000000149011612,281.0,281.0
292,5,218.0,1,0.10000000149011612,219.0,218.0
292,6,117.0,1,0.10000000149011612,117.0,117.0
292,7,213.0,1,0.10000000149011612,213.0,213.0
292,8,193.0,1,0.10000000149011612,194.0,193.0
292,9,252.0,1,0.10000000149011612,252.0,252.0
293,0,200.0,1,0.10000000149011612,200.0,200.0
293,1,204.0,1,0.10000000149011612,204.0,204.0
293,2,191.0,1,0.10000000149011612,191.0,191.0
293,3,178.0,1,0.10000000149011612,176.0,176.0
293,4,167.0,1,0.10000000149011612,167.0,167.0
293,5,244.0,1,0.10000000149011612,246.0,244.0
293,6,184.0,1,0.10000000149011612,184.0,184.0
293,7,218.0,1,0.10000000149011612,218.0,218.0
293,8,205.0,1,0.10000000149011612,205.0,205.0
293,9,209.0,1,0.10000000149011612,209.0,209.0
294,0,283.0,1,0.10000000149011612,284.0,283.0
294,1,227.0,1,0.10000000149011612,227.0,227.0
294,2,126.0,1,0.10000000149011612,125.0,125.0
294,3,256.0,1,0.10000000149011612,256.0,256.0
294,4,149.0,1,0.10000000149011612,149.0,149.0
294,5,177.0,1,0.10000000149011612,177.0,177.0
294,6,199.0,1,0.10000000149011612,199.0,199.0
294,7,170.0,1,0.10000000149011612,170.0,170.0
294,8,208.0,1,0.10000000149011612,208.0,208.0
294,9,205.0,1,0.10000000149011612,205.0,205.0
295,0,118.0,1,0.10000000149011612,118.0,118.0
295,1,187.0,1,0.10000000149011612,187.0,187.0
295,2,227.0,1,0.10000000149011612,227.0,227.0
295,3,192.0,1,0.10000000149011612,192.0,192.0
295,4,193.0,1,0.10000000149011612,193.0,193.0
295,5,139.0,1,0.10000000149011612,139.0,139.0
295,6,183.0,1,0.10000000149011612,183.0,183.0
295,7,314.0,1,0.10000000149011612,314.0,314.0
295,8,203.0,1,0.10000000149011612,203.0,203.0
295,9,244.0,1,0.10000000149011612,244.0,244.0
296,0,192.0,1,0.10000000149011612,192.0,192.0
296,1,154.0,1,0.10000000149011612,154.0,154.0
296,2,166.0,1,0.10000000149011612,166.0,166.0
296,3,189.0,1,0.10000000149011612,190.0,189.0
296,4,164.0,1,0.10000000149011612,164.0,164.0
296,5,155.0,1,0.10000000149011612,154.0,154.0
296,6,227.0,1,0.10000000149011612,227.0,227.0
296,7,171.0,1,0.10000000149011612,171.0,171.0
296,8,283.0,1,0.10000000149011612,283.0,283.0
296,9,299.0,1,0.10000000149011612,299.0,299.0
297,0,198.0,1,0.10000000149011612,198.0,198.0
297,1,290.0,1,0.10000000149011612,290.0,290.0
297,2,109.0,1,0.10000000149011612,109.0,109.0
297,3,270.0,1,0.10000000149011612,270.0,270.0
297,4,217.0,1,0.10000000149011612,217.0,217.0
297,5,180.0,1,0.10000000149011612,180.0,180.0
297,6,188.0,1,0.10000000149011612,188.0,188.0
297,7,264.0,1,0.10000000149011612,264.0,264.0
297,8,107.0,1,0.10000000149011612,107.0,107.0
297,9,177.0,1,0.10000000149011612,177.0,177.0
298,0,237.0,1,0.10000000149011612,237.0,237.0
298,1,247.0,1,0.10000000149011612,247.0,247.0
298,2,109.0,1,0.10000000149011612,109.0,109.0
298,3,345.0,1,0.10000000149011612,345.0,345.0
298,4,160.0,1,0.10000000149011612,160.0,160.0
298,5,155.0,1,0.10000000149011612,155.0,155.0
298,6,238.0,1,0.10000000149011612,238.0,238.0
298,7,179.0,1,0.10000000149011612,179.0,179.0
298,8,149.0,1,0.10000000149011612,149.0,149.0
298,9,181.0,1,0.10000000149011612,181.0,181.0
299,0,201.0,1,0.10000000149011612,201.0,201.0
299,1,215.0,1,0.10000000149011612,215.0,215.0
299,2,212.0,1,0.10000000149011612,212.0,212.0
299,3,194.0,1,0.10000000149011612,194.0,194.0
299,4,196.0,1,0.10000000149011612,196.0,196.0
299,5,252.0,1,0.10000000149011612,252.0,252.0
299,6,142.0,1,0.10000000149011612,142.0,142.0
299,7,295.0,1,0.10000000149011612,295.0,295.0
299,8,140.0,1,0.10000000149011612,140.0,140.0
299,9,153.0,1,0.10000000149011612,153.0,153.0
300,0,180.0,1,0.10000000149011612,180.0,180.0
300,1,199.0,1,0.10000000149011612,199.0,199.0
300,2,203.0,1,0.10000000149011612,203.0,203.0
300,3,242.0,1,0.10000000149011612,242.0,242.0
300,4,199.0,1,0.10000000149011612,199.0,199.0
300,5,185.0,1,0.10000000149011612,185.0,185.0
300,6,231.0,1,0.10000000149011612,231.0,231.0
300,7,249.0,1,0.10000000149011612,249.0,249.0
300,8,137.0,1,0.10000000149011612,137.0,137.0
300,9,175.0,1,0.10000000149011612,175.0,175.0
