round,phase,gate,lr,acc,delta_acc,params_global_norm,params_global_relative,params_local_mean_norm,params_local_rms_norm,params_disagreement_rms,params_disagreement_relative,params_retained_ratio,bn_mean_global_norm,bn_mean_global_relative,bn_mean_local_mean_norm,bn_mean_local_rms_norm,bn_mean_disagreement_rms,bn_mean_disagreement_relative,bn_mean_retained_ratio,bn_var_global_norm,bn_var_global_relative,bn_var_local_mean_norm,bn_var_local_rms_norm,bn_var_disagreement_rms,bn_var_disagreement_relative,bn_var_retained_ratio
1,1,0.0,0.14999851956421026,0.1,nan,7.329669124912247,0.1308286945892295,14.715466501350235,14.73271894738175,12.780021808631767,0.8674584680720452,0.4980928823588232,32.35002957580299,nan,46.08202115424288,46.24688426330622,33.049203266539934,0.7146255103019393,0.7020097809408788,148.9683753298607,4.514939644100285,194.22666168273867,224.10323372613274,167.42365921617198,0.747082745895463,0.7669821127502797
2,1,0.0,0.14999407831528622,0.2336,0.1336,6.3151363210179765,0.11339282717363665,12.206334063440217,12.224982957546418,10.467533623832837,0.856241162886144,0.5173655159850776,13.781166496211153,0.42600166605470796,26.9978094220023,27.16615026160294,23.41109055385145,0.8617743157719719,0.5104549884325048,85.79080471992543,0.48698953867963624,103.1263487383249,103.48098731339371,57.86408867174619,0.5591760397154304,0.8318999534989157
3,1,0.0,0.14998667642856067,0.3538,0.1202,6.146323740293075,0.11022475361610298,11.933158268443124,11.955909872365313,10.255071126224284,0.8577407521219009,0.5150626181290867,16.14575066791304,0.4584101687292959,28.498943858575856,28.80226166534452,23.851310213251235,0.8281054623550492,0.5665385618511082,48.6640585752193,0.4031658569122478,71.29165093734778,74.41185405082577,56.293279332732816,0.7565095649180121,0.6826052971895129
4,1,0.0,0.1499763141962475,0.3148,-0.03899999999999998,6.1218395680748054,0.1094271826868608,11.56145661625877,11.578526414909113,9.82778474477571,0.8487940859314311,0.5295041767890837,14.103502663211298,0.36499091056049005,25.079920463560104,25.19256115145558,20.874777575109302,0.8286087885075233,0.5623423999172166,42.38624472819052,0.31694379059207767,61.66153543321377,62.80935680408019,46.35106820712882,0.7379643824678966,0.6874017072458322
5,1,0.0,0.14996299202742988,0.2767,-0.03810000000000002,6.156339101405568,0.1096654527538451,11.883361875958686,12.017910173991401,10.321320283818153,0.8588282100955514,0.518063757181417,15.916832829594428,0.39762172194398454,27.760781762410613,28.481177397132736,23.618464935526337,0.8292657500143958,0.5733567939771264,71.88134921718581,0.5708924239297206,103.63493107872851,123.14122605426245,99.98416314674097,0.8119471143050235,0.693601553732685
6,1,0.0,0.1499467104480442,0.4379,0.1612,5.5049493953422,0.09775492501490052,10.927920009978148,10.964831886876215,9.482777492929577,0.8648356482582732,0.5037508867484113,13.566035103324806,0.3261638559727333,22.329128610205352,22.55086724857791,18.01400311366106,0.7988164231154814,0.6075487915423873,76.34741884486816,0.46229476816512716,85.57532208123676,85.85007889904749,39.25949500738596,0.4573029577940381,0.8921663043510542
7,1,0.0,0.14992747010085936,0.3741,-0.06380000000000002,5.358442078113905,0.09478416166058315,10.789843777494106,10.892382655335537,9.483200775335831,0.8706268477164241,0.4966190603510647,11.385075150640128,0.28082881981001206,20.358608800536647,20.685213670815894,17.270151334800023,0.8349032120062616,0.5592265788976711,28.27180814003358,0.22636067034716303,38.45908857318033,39.02198660469612,26.896473574180778,0.6892645893877661,0.7351138362584362
8,1,0.0,0.14990527174545132,0.4835,0.1094,4.948330431558012,0.08729067349446443,10.59858670754752,10.641952170241609,9.421526985875435,0.8853194259058141,0.46688587526808467,10.452252317720545,0.2608132294803487,19.25209774103339,19.62420228037975,16.60902574001736,0.8463541856487609,0.5429149829965232,21.825520088009284,0.18512411713545024,35.45198514874201,37.550886685462395,30.556762928719543,0.8137427801551598,0.6156360496157928
9,1,0.0,0.14988011625817313,0.4048,-0.07869999999999999,4.538933513874839,0.07978581463336594,9.943770983115213,9.989346690234784,8.898602655781987,0.8908092722901421,0.456459980985289,8.44858258347952,0.2061658057497771,16.78408367540802,16.860851259121432,14.59142748347882,0.8654027758880268,0.5033687121006406,18.93658201493574,0.15796829645985905,29.021408978737696,29.21584221809217,22.247950827578702,0.761502977100604,0.6525038818345958
10,1,0.0,0.14985200463212037,0.4902,0.08540000000000003,3.879984028863881,0.06810486280868427,9.216589185289669,9.303004204154949,8.455271163016363,0.9088753457985145,0.4209782980298841,6.598291929141949,0.16342951623943988,14.418564311523667,14.590967928183627,13.013796105912196,0.8919076630121983,0.4576247528242762,13.975259438086315,0.12129463094140228,23.576566796362577,23.80686742064973,19.273273174606196,0.8095677954626168,0.5927605812497873
11,1,0.0,0.14982093797709187,0.5213,0.03109999999999996,4.164681928954534,0.07302869208991215,9.59998352134971,9.682902166085642,8.74151122030745,0.9027780174134762,0.43382177893249135,7.019592355749619,0.17410634792091173,14.703728568507342,14.964802492576304,13.216301882328311,0.8831591254802471,0.47740219924790256,10.848839474375957,0.09711840529446901,21.54978900642055,22.099132948698028,19.25290460159867,0.871206334035515,0.5034313547637822
12,1,0.0,0.14978691751954606,0.4442,-0.0771,4.079519371957624,0.07151159112781562,9.402570948507533,9.43008740009826,8.50200386629091,0.9015827219376905,0.4338727561109406,6.8305918223430995,0.1702034099625939,13.64241418468754,13.68469564445934,11.858073656340224,0.8665208174462631,0.500687908303639,12.928809305769601,0.11520448418255515,20.43862617526887,20.539586082330207,15.959965081147423,0.777034406495536,0.6325674335887462
13,1,0.0,0.14974994460255223,0.5576,0.1134,3.759027456820717,0.06583269893104209,9.044853601619977,9.138735089642912,8.329837409050722,0.9114869100966797,0.4155984853251198,5.93531799842095,0.15009148506855038,12.891568133615802,13.079028731408231,11.654741084670997,0.89110142075635,0.4604031051074485,10.215583676017005,0.09212049205616513,19.025492756073746,19.330530287917316,16.41070537363255,0.8489526737862011,0.5369418709408068
14,1,0.0,0.14971002068573794,0.502,-0.05559999999999998,3.5283944602967625,0.061792367587746075,8.912199034140118,8.944080617322149,8.218698828015873,0.9188981159336358,0.3959061559083768,4.913738924127653,0.12335596092605125,11.489586637025198,11.544620628165505,10.44669496654458,0.904897207367533,0.4276689039702375,9.292373671896959,0.08283800617316316,16.022025071819375,16.09755378457971,13.144696443284245,0.8165648407943766,0.5799749800817012
15,1,0.0,0.14966714734523098,0.5275,0.025499999999999967,3.55862178210753,0.06236670424083378,8.967755310420241,9.002784728788138,8.26960358131117,0.9185606265656359,0.3968241392550627,4.8979897152782135,0.1246150331334398,11.587108588926034,11.644627994288133,10.564424164254273,0.9072358661381269,0.4227102626758234,8.310524049600422,0.07528757384110762,15.867734630681575,16.04425849763639,13.724191078614414,0.8553957841452279,0.523737272082389
16,1,0.0,0.1496213262735975,0.6178,0.09030000000000005,3.348547310866483,0.058646579994710304,8.568035381377497,8.673006409547071,8.000516917469195,0.9224617784972909,0.390818567129695,4.543529588767644,0.1166461918848523,10.180001729269673,10.279418440750854,9.220779900183484,0.8970137710932562,0.4463191372260801,9.062258745336665,0.08165742842273607,14.690459966900026,14.733793979581286,11.617235374842553,0.7884754864186514,0.6168805310218601
17,1,0.0,0.14957255927977495,0.4943,-0.1235,3.9009662952836988,0.06838249725844536,9.201536670929986,9.229357838718704,8.364419147850414,0.9062839792342078,0.4239472638964589,4.702395693631012,0.12220167228925018,10.4086333829215,10.46430643063048,9.34821816883612,0.8933433124122384,0.4517783959368489,6.712433012981211,0.06121422651689749,13.877166119644748,14.029594176983625,12.319608217069405,0.8781157930626708,0.48370344169037355
18,1,0.0,0.1495208482890006,0.446,-0.04830000000000001,4.667206737734994,0.08181078944150168,9.766451246602125,9.862689304317247,8.688487854650209,0.8809451039735128,0.47788153750921303,5.918529559788027,0.15300857565733952,11.810682549328355,12.027929315076735,10.471011929945663,0.8705581530829657,0.5011166403862577,8.470228396956406,0.07608508615747625,15.83969801742242,16.235853443064375,13.85128613811076,0.8531295374575918,0.5347468359333507
19,1,0.0,0.149466195342736,0.5811,0.13509999999999994,3.5518699692624227,0.062261004715295463,8.465949952451767,8.527687178073773,7.752784536478102,0.9091309723944746,0.4195477163473887,4.525630794779728,0.11631356870689452,9.510789368965447,9.592416997525575,8.457726157534395,0.8817096003766433,0.47584176446460524,9.146609278838074,0.0798839603227756,13.893648894853012,13.908013212330095,10.477231600524863,0.7533233856318395,0.6583302448521275
20,1,0.0,0.14940860259858588,0.5373,-0.04379999999999995,3.573511067545143,0.06270367564061352,8.835903151040347,8.873226907904138,8.121833165130944,0.915318998311216,0.4044307646269748,3.8501849123555316,0.10031492279074318,9.362438004894816,9.409303753692324,8.585515315172016,0.9124495860602817,0.41123742665559976,5.635234785999363,0.05025751368346137,11.282450822353326,11.320678089276539,9.818445994613736,0.8673019334340241,0.49946903157198513
21,1,0.0,0.149348072330213,0.6002,0.06289999999999996,3.5040692181900486,0.06152753512659658,8.84626515827006,8.87721345588172,8.156372821526862,0.9187987719415202,0.39610718823120716,4.025693532951357,0.10614194198413303,9.190277322226402,9.231957073827086,8.30799758662782,0.8999172678327629,0.43803830850842135,6.275576289874394,0.05583882153397118,12.297145682836438,12.44192092572537,10.743302242460338,0.8634761711310264,0.5103278802847264
22,1,0.0,0.14928460692724885,0.5287,-0.07150000000000001,3.4351146488271893,0.06039995815623448,8.512165576011451,8.555344515429576,7.835426405325585,0.9158516517008032,0.4035535514614346,3.661871029463199,0.09711904150242925,8.221999231269884,8.244862440006548,7.387046579509305,0.8959575290989862,0.44537477156849903,5.400290901477901,0.04738329156487067,11.036082923571922,11.071535787424775,9.665183670493683,0.8729758776078338,0.4893304027231839
23,1,0.0,0.1492182088951988,0.596,0.06730000000000003,3.5553706392586544,0.0625609067812277,8.920490163071172,8.972995710832869,8.238567315590625,0.9181512597453282,0.39856225098224884,3.54702508274262,0.09409467866054123,8.644027061599669,8.719768611342172,7.965737727947973,0.9135262738034815,0.41034405115411626,5.43959666829068,0.048462107526527125,11.878001191800161,12.272209656112107,11.00081412729898,0.8964004393308327,0.45795555838518026
24,1,0.0,0.14914888085534353,0.6143,0.018299999999999983,3.2324382175929296,0.05688021228797309,7.84850700316401,7.8769638836573295,7.1831680518442935,0.9119209073368378,0.4118538998932943,3.3417499936472312,0.08897053966952803,7.404775081713942,7.4265234564086855,6.632191079237503,0.8930411542044324,0.4512966237015986,5.877650094500139,0.05201371492759953,10.016496702712534,10.042103144849202,8.142300769677492,0.8108162854166503,0.586796987903808
25,1,0.0,0.14907662554463533,0.6321,0.017800000000000038,3.6699716697933176,0.06469896831798584,9.038485574152796,9.170960027381456,8.40463061409796,0.9164395645607994,0.40603833902089453,3.4388903545666247,0.09267206153287207,8.485177490314154,8.582754138351076,7.863695105266329,0.9162204787072121,0.4052820767146149,6.354678227198485,0.05644970137536296,12.526252351918906,12.678362493836323,10.970819467014074,0.8653183305294841,0.5073088142140939
26,1,0.0,0.14900144581559008,0.6765,0.044399999999999995,2.912924803678861,0.05141353894628542,7.881604490194898,7.8907251449642555,7.3333766109952085,0.9293666268017536,0.3695852547920518,3.112292763845016,0.08316046063718979,7.214662021584044,7.227481749742708,6.523045924270553,0.9025337109295043,0.43138441614229417,5.624078484537406,0.048448949572077495,9.831961971661453,9.853230761404747,8.090482428031228,0.821099457014827,0.5720199590628625
27,1,0.0,0.14892334463617485,0.6187,-0.05779999999999996,3.0257495735389264,0.05351483625147859,8.186434992662397,8.197262817594009,7.618395975281941,0.929382910467427,0.3696052770529471,2.903851223272672,0.07863135795617872,7.354023829191791,7.370016294004159,6.773831207408262,0.9191066799837443,0.39486562604622477,3.9839944708057016,0.03489483643656733,9.012863091378028,9.06052941901431,8.137627903786202,0.898140442732704,0.4420342826040383
28,1,0.0,0.1488423250896904,0.6069,-0.011800000000000033,3.3623864024760257,0.05959989862961938,8.332331351987424,8.365341735526757,7.6598498640808605,0.9156649072147592,0.4035348884287986,3.114304629286383,0.0858287019716003,7.10132022363714,7.13292583307026,6.417144059795739,0.8996510281999633,0.43855290723550905,4.214837669273549,0.0370931737781672,9.331879530643233,9.357122489027907,8.354094818586002,0.8928059698247995,0.45166010292280595
29,1,0.0,0.1487583903746497,0.5463,-0.06059999999999999,3.6232173696997156,0.06434794872783556,8.681836751390517,8.759929187029703,7.975503437265766,0.9104529576648417,0.41733304523601034,3.3106880438679815,0.0911246064209037,7.412550837441707,7.468785327013497,6.6949308700829695,0.896388177856497,0.44663276063420554,3.9973126286252696,0.03525552018374176,9.776656267286679,9.795196986278615,8.942447940270117,0.9129421238589635,0.40886296084690377
30,1,0.0,0.14867154380465167,0.603,0.05669999999999997,3.9043733167301355,0.06941337136728912,8.960811334536087,9.036075283187985,8.149019887822561,0.9018317834274987,0.4357164960813529,3.377556405411685,0.09359608868901294,7.762484384515314,7.829765363117333,7.063804856954144,0.9021732490514595,0.4351128115824967,4.515901209486447,0.04028200824910153,9.298499434684011,9.388332392725834,8.230882055566608,0.876713958481484,0.4856591368540434
31,1,0.0,0.14858178880825004,0.5652,-0.037799999999999945,3.975651446915141,0.07069821485247475,8.931806995771263,8.970873803199698,8.041813990008851,0.8964359733987705,0.44511166092117765,3.328166473031333,0.09249285553402274,7.490708187212423,7.5146579297356055,6.737461842059501,0.8965759859007382,0.4443059841408493,4.956490708264002,0.043749417629351174,10.684842936781942,10.750433047883448,9.539654795944127,0.887374001907979,0.4638805397130897
32,1,0.0,0.14848912892881852,0.6208,0.05559999999999998,4.13811833085979,0.07365248150669317,9.15582973717779,9.22527614693191,8.24510136046388,0.8937511711458078,0.4519654088866151,3.256431674283438,0.09008577874927885,7.476891787674453,7.536739550653209,6.7969181123362725,0.9018379986007589,0.43553280785093323,4.007115323321522,0.03454257726970963,9.593625747391163,9.728821606759066,8.86526915637197,0.9112377135390018,0.41768518272783306
33,1,0.0,0.1483935678244104,0.6323,0.011499999999999955,3.309118310434292,0.058940919644905325,8.025148943928679,8.095316163547754,7.388090398739676,0.9126376597874422,0.41234353823897085,2.8220639501364264,0.07821947194530965,6.375857834917009,6.419173443186397,5.765565353469701,0.8981787771429568,0.44261713846277434,4.087740560638777,0.03550070649660647,8.292330496431482,8.325098090897374,7.252423282313896,0.8711516913228523,0.4929543705955634
34,1,0.0,0.1482951092676145,0.6795,0.04720000000000002,3.3195233103231954,0.05924432201960372,8.265212418706021,8.317049470061846,7.625882040035555,0.9168975208679201,0.40162589201099935,3.134133290382538,0.0879310033218199,6.913946184488513,6.974369972485065,6.230493181371918,0.8933413635858362,0.4533060001846685,3.5819986005111484,0.03149463412771131,8.71825375681169,8.833223151998746,8.074349574743865,0.91408871210469,0.4108619341014804
35,1,0.0,0.14819375714540606,0.627,-0.05249999999999999,2.938478233950639,0.052555300285840975,7.902848875146985,7.928619134475617,7.363989890913608,0.928785929304277,0.3718251835982358,2.5935559415199103,0.07308295538708716,6.302197396257821,6.322527710440892,5.76609268984791,0.9119916833778211,0.4115320067663918,4.078731851903551,0.036004282616373104,8.210797823452985,8.307901946868595,7.237762011302909,0.8711901100410745,0.4967521962668754
36,1,0.0,0.1480895154589933,0.6624,0.03539999999999999,3.113269665541822,0.05579526078914261,8.245367375069371,8.313020170978417,7.7080384202794265,0.9272247945685201,0.37757804157460345,2.7760611835659517,0.07914269622065312,6.677630968650818,6.7480158860622375,6.150544864428055,0.9114597488028688,0.4157254566175646,2.935851130724359,0.026460038911039856,8.304202379294482,8.421745338772803,7.893451212358768,0.9372702325749716,0.35353800360701065
37,1,0.0,0.14798238832365948,0.6955,0.03310000000000002,3.0255526859437976,0.0543062759688959,8.088452041161743,8.109117213984645,7.523550551303925,0.9277890987109083,0.3740583081344744,2.6124709352910145,0.07412512580290179,6.3255518985919705,6.341801530172605,5.778705933027177,0.9112088900186534,0.41300284578686874,3.712644929769178,0.03336617545957743,7.595660409998531,7.603963141534743,6.636002524152233,0.8727031418530597,0.4887850074079202
38,1,0.0,0.14787237996860056,0.6963,0.0008000000000000229,2.9022650118373146,0.05217449877654769,7.901826533514033,7.935561423488914,7.385796714407226,0.9307213844436503,0.36729039792609114,2.5951936870778556,0.07387619246219039,6.270252036978915,6.3216919626808386,5.764439150292427,0.9118506855952377,0.4138898519186562,3.244704106717014,0.02952176022855479,7.779633872136267,7.84874733148104,7.146658225758237,0.9105476229427403,0.41707671081261655
39,1,0.0,0.14775949473675795,0.6948,-0.0015000000000000568,2.7437421936290596,0.0494276282863931,7.637308507602569,7.655714675265493,7.1471565037333065,0.9335714308717298,0.35925512121158887,2.4561426400931965,0.0699309052816753,6.104375523581378,6.119514137274008,5.604981590592657,0.9159193793593303,0.40235772366969347,3.8698336805677744,0.03569870384106162,7.77205701540575,7.862205237864664,6.843878478743727,0.8704782273786699,0.49791627530485183
40,1,0.0,0.14764373708464731,0.624,-0.07079999999999997,3.0275772008696116,0.054655586251183386,8.01342776391418,8.069967534847937,7.48051818360303,0.9269576551950758,0.3778130021341558,2.4050903509958417,0.06967828800378631,6.153359813853578,6.199350198970824,5.713797587489648,0.9216768538803011,0.39085807164746955,3.1137997184709967,0.029145769693927567,7.513449239388896,7.588874049765833,6.920640407591347,0.9119456143569671,0.41443012646535915
41,1,0.0,0.14752511158218262,0.6475,0.023499999999999965,3.4394570166333187,0.06215650025840237,8.371082941240083,8.46249315818519,7.732006570452124,0.9136795062544285,0.41087360390241234,2.8904882204813287,0.08424268907842475,6.571038714373053,6.684516581156164,6.027257974205217,0.9016744742912632,0.4398829996479654,3.4160911642616862,0.03203896468110348,8.249112285390005,8.484285114250643,7.766170285846411,0.9153594181791406,0.4141162159123379
42,1,0.0,0.14740362291249554,0.5837,-0.06379999999999997,3.6965788528533783,0.06685419092133046,8.971681572364755,9.04628472842781,8.256547221990191,0.912700348248394,0.4120274246290525,2.927729268879387,0.08442318011434582,6.7468559944446405,6.787631923052679,6.123752714182977,0.9021928094517052,0.43393978933151656,4.159437770838481,0.03863488701589021,9.22952868606489,9.273689950151443,8.288570276624926,0.8937726321645647,0.4506663246107643
43,1,0.0,0.14727927587175074,0.6282,0.044499999999999984,3.679797369855686,0.06660141542913782,8.672925191895715,8.708798559401531,7.893178285503305,0.906345258954494,0.42428561165201994,3.0302796565586245,0.08642316626063742,6.74573974058107,6.790274340198925,6.076613529892764,0.894899561556558,0.44921384060061587,6.056769723145171,0.055953383114505525,11.132772726094188,13.452684779906718,12.012087940343955,0.8929138039631704,0.5440486276117596
44,1,0.0,0.14715207536895644,0.5622,-0.06599999999999995,3.591978997718329,0.06506379653264886,8.455240437880509,8.591999427116146,7.805135526322843,0.9084189998535173,0.4248228094881637,2.9585961790369426,0.08523562471447974,6.328060353810305,6.403675469909845,5.67923998997497,0.8868719248283402,0.4675360242503831,5.5588997625650585,0.05310759504641598,8.700949535489952,8.908782225836076,6.96168377871434,0.7814405608125634,0.638884266583904
45,1,0.0,0.1470220264257707,0.6265,0.06429999999999991,3.7281827897476565,0.06757528533102186,8.727821458465256,8.787482820299678,7.957418385101289,0.9055401356483015,0.4271607534010256,2.8273804599735177,0.08190613492552372,6.485922360694224,6.527648432709214,5.883545932661322,0.9013270235540909,0.4359257331089741,3.607060434854084,0.03361421997944812,7.871414577218314,7.899467864794152,7.027852801900922,0.8896615471052437,0.45824805687325215
46,1,0.0,0.1468891341763032,0.6202,-0.006299999999999972,3.3865503520882254,0.06146023554990331,8.011952188585074,8.058836089510722,7.312736550707354,0.9074184496971613,0.4226872892368441,2.724680989920065,0.07856904854379566,5.8986604495545345,5.922889048225301,5.258966556271902,0.8879056341343534,0.46191521163518273,4.407131189532905,0.041286526312115074,7.838958478196535,7.898878784207177,6.555111580193988,0.8298787409296767,0.5622087681406917
47,1,0.0,0.1467534038669123,0.7004,0.08020000000000005,3.3908013981016434,0.06161823788979311,8.374384789843296,8.446307179503272,7.73579801184258,0.9158793123952571,0.4049015519580744,2.5987202223327066,0.07622892240357071,6.077185211037863,6.136386675541546,5.558947193001368,0.9058991042983421,0.42761905916783743,3.2884920138185727,0.03135348997473169,7.217166716735234,7.308413046352886,6.526770692720974,0.8930489630683949,0.4556486143230122
48,1,0.0,0.1466148408559982,0.6261,-0.07430000000000003,3.1082178563580145,0.05650201921501042,7.755326727808333,7.766022262664661,7.116887204205389,0.9164134435230755,0.40078490119737376,2.3752605954273327,0.06983876530455523,5.732682585944426,5.749570553016901,5.236000310781312,0.9106767648992306,0.41433666696479454,2.8416706461716235,0.02744071434558753,7.022420254350958,7.070629771645178,6.474466246787921,0.9156845225798688,0.4046568765819702
49,1,0.0,0.14647345061379144,0.6735,0.0474,3.027147866527414,0.05511817938528362,7.9764632228147425,7.9942898264344215,7.398989494944849,0.9255343070598823,0.3795100387185376,2.295080060191032,0.06853099849785833,5.929170924933561,5.942701381004607,5.481633532960897,0.9224144343652403,0.3870827961021801,2.9594083933770765,0.02881132399624709,7.343516269179466,7.407000074482434,6.790106738552815,0.9167148198020338,0.40299609681504095
50,1,0.0,0.14632923872213652,0.7384,0.06489999999999996,3.0491975218576735,0.055593707765785524,7.921699743813071,7.982510407796601,7.377185574551036,0.9241686133406931,0.3849170784640163,2.3006530598515935,0.06829662353976211,5.802081762072225,5.849504230756837,5.378075477233955,0.9194070582863932,0.39652199920566283,3.1346775101953925,0.03042577031758232,7.297579561333591,7.372369376647422,6.672752274127151,0.905102814742793,0.42955030278868905
51,1,0.0,0.14618221087427208,0.7377,-0.0006999999999999229,2.9507266568886226,0.05390794931511593,7.927017919342525,7.949270278945746,7.381335255128377,0.9285550743793944,0.37223665783429427,2.3564593268124194,0.07027809519075577,5.874782868118735,5.915164982623539,5.425520822109435,0.9172222310024338,0.4011142845126158,3.343482655218736,0.033026435997126846,7.817717728131431,7.976234644522608,7.241646440094758,0.9079028843600655,0.42768014547103456
52,1,0.0,0.1460323728746058,0.6918,-0.04590000000000005,2.7699972851468404,0.050697472614617,7.673930954523925,7.691306645699428,7.175187322698765,0.932895755327965,0.3609619765361422,2.221006663575014,0.06660964688562483,5.5598136399099065,5.572677667549721,5.110955430187178,0.9171453536508671,0.399475019743828,3.2170938493980223,0.03226973325674173,6.993639531995848,7.049187152479773,6.272268337768226,0.889786042290246,0.46000281179489483
53,1,0.0,0.14587973063848536,0.6804,-0.011399999999999966,3.1658768995240423,0.058057556134894966,8.213880951869132,8.251446748622454,7.619947305148702,0.9234680338233803,0.3854300930431214,2.4590321401493096,0.07393987235412973,6.266742761780317,6.288199903246181,5.787453553904648,0.9203672979475365,0.3923939809922442,3.820578598037572,0.03868862406707273,7.587262377172214,7.685593870099145,6.668698604181323,0.8676881340459506,0.5035516643700818
54,1,0.0,0.14572429019196484,0.6249,-0.055499999999999994,3.551909506307729,0.06521761279915182,8.702320095540133,8.803676891003962,8.055350111458633,0.9149983820612492,0.4081566142491188,2.5925148985118294,0.07784189608134816,6.0364456926852865,6.07947575218057,5.498989979699742,0.9045171333609446,0.42947705164536326,3.161776932437018,0.032152806028643635,7.648974244801051,7.702933103793571,7.024125790891003,0.9118767742422342,0.4133595997641191
55,1,0.0,0.1455660576715669,0.6951,0.07020000000000004,3.2889429405143757,0.06041575205757329,8.202678849453578,8.253656595350957,7.570052934594141,0.917175659920008,0.4009596134235426,2.356586488948996,0.06943331496417332,5.78802584723028,5.805855660257728,5.30607769851369,0.9139182937038686,0.40714857727815496,3.0833812385491655,0.031369364706735764,7.310139395428958,7.437870543476872,6.768654700199819,0.9100258818212471,0.42179513573670135
56,1,0.0,0.14540503932404056,0.7099,0.014799999999999924,3.140474341314839,0.05776062004627357,7.949269595349563,7.966802663189137,7.32170509048428,0.9190267915527078,0.3950645155061871,2.197070403175524,0.0653177072714365,5.56142153998872,5.57724467816963,5.126259898905158,0.9191384267163839,0.3950555424324085,2.896940757894212,0.029419250726618947,7.103008737938644,7.214706433416016,6.607551506894213,0.9158448188952398,0.4078469934045062
57,1,0.0,0.14524124150611442,0.7244,0.014500000000000068,2.8266892150076814,0.0520454706943022,7.548823292270135,7.587022405311526,7.040790949938667,0.9280045021363779,0.3744542832128767,2.21840500301457,0.06648377459782993,5.224404354248641,5.249948939694698,4.75821852470602,0.9063361528584174,0.4246235269309691,2.8954835430695134,0.029756463218189987,6.756112278153784,6.831084010524558,6.187074332233587,0.9057236483552605,0.4285724428281335
58,1,0.0,0.14507467068424587,0.7187,-0.005700000000000038,2.754855211460262,0.050828928230597335,7.689102491185444,7.724261045150657,7.216299725645804,0.9342381987693497,0.3582804644128941,2.0033861072186943,0.06110141540762841,5.414343588750286,5.438039375537224,5.055562989272979,0.9296664919373703,0.3700145870648572,2.7568319844699043,0.02878301222926803,7.080296313842115,7.172099935576091,6.621095258664746,0.923173870712792,0.3893667527840954
59,1,0.0,0.14490533343436582,0.7125,-0.006199999999999983,2.9309866538256686,0.05418392837412311,7.942037693189912,7.945118477472949,7.38472915847532,0.9294674685359924,0.36904718499874567,2.250974673693981,0.06904743193677414,5.599765542794183,5.604851188116553,5.132978589824811,0.9158099684622832,0.40197659285763326,3.0646168165621006,0.03254340480150713,6.728001262204172,6.806815605989202,6.077899211332355,0.8929137445686811,0.4555018195044298
60,1,0.0,0.14473323644161884,0.6857,-0.026800000000000046,3.112067706719533,0.057606028808920004,8.097769569840874,8.107940715174358,7.486904379550538,0.9234039372708381,0.38431171446394796,2.0993396675465044,0.06448233901702885,5.533116644950578,5.548299764651388,5.135796261009246,0.9256522680569225,0.37941359314416834,2.6575152795908408,0.028491873655244106,6.187152182816165,6.287599231745378,5.698379426498182,0.9062885874989787,0.4295215635671074
61,1,0.0,0.14455838650009958,0.6798,-0.005900000000000016,3.4197400876230946,0.06336723910609583,8.291221050495793,8.3884809157261,7.659764326856032,0.9131288970922107,0.41245313166733183,2.6351043936109444,0.08099021909376904,5.900067005755649,5.966542240948659,5.353116050555799,0.8971889973085437,0.44662279107005737,2.6784480711591603,0.029005221581410917,7.496622345471719,7.597728974265142,7.109950793293061,0.9357994760507682,0.3572873152369824
62,1,0.0,0.14438079051258434,0.7331,0.053300000000000014,3.241273794209422,0.06009156305265673,8.309239370609374,8.404089440659114,7.753893437816532,0.9226333789717988,0.39008068604620266,2.457774503487037,0.07595948610882776,5.874909066324796,5.92492322625922,5.391109342655736,0.9099036623398554,0.41835107160638363,2.8842906578395913,0.03126307222995645,6.844088560325308,6.866829944317749,6.231711280092257,0.9075091899208821,0.42142801520126694
63,1,0.0,0.14420045549025862,0.7253,-0.007800000000000029,2.864897593151732,0.05315760628859238,7.703607793907265,7.7274632744358,7.17677159354417,0.9287357750746688,0.3718903752365952,2.3062670301084505,0.07153498359665893,5.484306816566357,5.504795932800112,4.998390765837318,0.9080065504435143,0.42052115376585913,3.88922510820322,0.04216758054889532,7.132011080570564,7.224040342547428,6.087750457617067,0.8427071512546856,0.5453195549286892
64,1,0.0,0.14401738855244028,0.7452,0.01990000000000003,2.714810247488362,0.05046971002237436,7.496972554614605,7.527593548323891,7.021002059130864,0.9327020666112047,0.3621208731539663,2.0484459487666027,0.06335244583427499,5.1494079416186915,5.161950961976389,4.73810163649526,0.9178897032142965,0.3978022273610515,3.0587297015848693,0.03406288627904572,6.204431080664768,6.298374344119543,5.505787856852203,0.874160149276085,0.4929911641886019
65,1,0.0,0.14383159692629857,0.7071,-0.03810000000000002,2.795640821857816,0.0520652482713242,7.391622246965959,7.406717704115289,6.858852642045787,0.9260313294018078,0.37821749116107006,2.1520991896225428,0.0671393861041324,5.1136236047742525,5.12911849134349,4.655784165019456,0.9077162426403503,0.4208560027009555,2.6685271761382396,0.029513031917910288,5.748142421412691,5.7634863530233,5.108497180472579,0.8863553876193115,0.46424165939201095
66,1,0.0,0.1436430879465688,0.6656,-0.04149999999999998,3.5161115033682147,0.06560159645564803,8.538841819653761,8.661831253119884,7.916077311131417,0.9139034321732076,0.41177850317770476,2.4039329294193115,0.07623546959775464,5.8843016053135635,5.971512650538159,5.466266479214617,0.9153905884670598,0.4085332620014827,3.0497142439757834,0.03420848054819626,6.433434473616317,6.597163426155714,5.849941005978652,0.8867358026611017,0.47404139367281056
67,1,0.0,0.14345186905526272,0.7186,0.05300000000000005,3.2546213762458787,0.06073366464359136,8.150374820199179,8.168273772438596,7.4918713196371245,0.9171915056172836,0.39932168127776263,2.391025616440082,0.07481252694222185,5.473941390469187,5.485638025530602,4.9371267847617695,0.9000095817084508,0.43680146459060654,2.7330655793730907,0.030627310018661102,6.5795952106497815,6.747076407292717,6.168743247978192,0.9142838876569678,0.4153850642588666
68,1,0.0,0.14325794780137466,0.6235,-0.09509999999999996,3.184429253547226,0.05942759744866329,7.984528405145292,7.999339538681228,7.338177114553653,0.9173478734174879,0.3988249639759758,2.5459778451765693,0.0802256028808911,5.590803537848994,5.608692821480483,4.9975426438407915,0.8910351846513906,0.455386748602529,2.841192605926994,0.03192715880836435,6.308690272266054,6.392637328675529,5.726555390440202,0.8958048292138402,0.4503617206280203
69,1,0.0,0.14306133184058376,0.6973,0.07379999999999998,3.5605352127134737,0.06653386284580225,8.635744579436954,8.736840366329652,7.978406373429559,0.9131912726913298,0.41230205223897654,2.551095218348653,0.08017907679657689,5.8289697095651265,5.8767384109585645,5.294144590704426,0.9008644286143901,0.4376579988333785,3.4528528611901352,0.03918771255372475,6.914339721350874,7.0392647846173375,6.134251621046499,0.8714335671036935,0.499375645447103
70,1,0.0,0.14286202893495145,0.7171,0.01979999999999993,3.21631840825845,0.060103398231154834,8.169116830390603,8.196218442116718,7.538785871219314,0.9197883053580965,0.3937167842052594,2.2788411884677804,0.07192045846660709,5.647521837608535,5.704531427618244,5.229585244988537,0.9167422971271093,0.40351170902824957,3.3327689696623186,0.03736881838561374,7.184853415905625,7.347699635681224,6.548385218213686,0.8912156923799688,0.46386039863865963
71,1,0.0,0.14266004695261517,0.7171,0.0,3.033565420979191,0.05671023441136674,8.010744002719896,8.060053519041611,7.4673920174163255,0.92646928457421,0.3786871007173867,2.028713865325427,0.064256102428408,5.49689521865504,5.518359443780331,5.131920735568455,0.9299721752182298,0.3690654059477971,2.328207202514992,0.02665875461340996,6.633027746249565,6.716990335104899,6.300588313198032,0.9380076490908984,0.3510021805398602
72,1,0.0,0.14245539386747783,0.7425,0.02540000000000009,2.9743495457298663,0.055627383610317695,7.788647293578992,7.800672098592018,7.211361166652611,0.9244538259663838,0.38188268560857,2.3063453076996354,0.0729690668923167,5.367752656059082,5.37962947240971,4.860162969417232,0.9034382375855725,0.42966683740470957,2.4390561360899357,0.028125104296924792,6.80806346806027,7.03338572291148,6.596932821869063,0.9379455473882717,0.35825989982799955
73,1,0.0,0.1422480777588927,0.7128,-0.02970000000000006,3.0248387838546638,0.05663899528725153,7.879508345952447,7.903950020371597,7.3022446054536685,0.923872821390938,0.3838867415386984,2.173109107387376,0.06881939231138412,5.299462051865246,5.3262276610747685,4.862745961451746,0.9129812450544975,0.4100622074692485,2.5162725362030334,0.029229369348320842,5.778856668906137,5.829051524328595,5.257966088268283,0.9020277254924263,0.43542740032680743
74,1,0.0,0.14203810681134477,0.7419,0.029100000000000015,3.0028060389841005,0.05628935636996682,7.970927547446938,7.991987117252504,7.406417072560467,0.9267303567809874,0.3767197758491594,2.110821509587787,0.06737829147117955,5.326626905074129,5.33966284323661,4.9047355420710925,0.9185477971298487,0.3962773340811659,3.672601341267991,0.04237441404637405,6.629071560178708,6.783985370728605,5.703898174086683,0.840788690184643,0.5540144359474956
75,1,0.0,0.14182548931412756,0.6864,-0.055499999999999994,3.0084101889969466,0.05644839963304335,7.899975316439466,7.923652912961282,7.330330386385165,0.9251200761702247,0.3808126061782232,2.099931724735763,0.06679926957390123,5.268033590101073,5.272180549265572,4.835925458405961,0.9172533856185212,0.3986177553388519,2.289788035106917,0.02721403104697546,6.2354580504287185,6.260356070126566,5.826571118663004,0.9307092205931361,0.3672205019404281
76,1,0.0,0.14161023366101586,0.7309,0.044499999999999984,2.9281541374343267,0.054978610558716945,7.812204746501068,7.860367657237709,7.294607114702095,0.9280236539553376,0.3748178948773442,2.1255723478031703,0.06875849132842063,5.206829776016503,5.272396576877405,4.8249464135997755,0.9151334394609152,0.40822773918861316,2.2897224060228547,0.02729491391062186,5.9295497466715705,5.986969362476083,5.531814870959124,0.9239758108050987,0.38615451490362196
77,1,0.0,0.14139234834993417,0.7122,-0.01869999999999994,2.9274016754899894,0.05502444082971433,7.7077650258816455,7.745428564190178,7.170912287512641,0.925825114528365,0.37979902937624144,2.2690868529946253,0.07362189289351743,5.283356286818944,5.302651238449416,4.792635509899166,0.9038187303641364,0.4294782955780595,2.5741797851195614,0.03090221404355048,5.978791631880341,6.019037723673518,5.440810118635195,0.9039335469249358,0.43055184786728834
78,1,0.0,0.14117184198262153,0.7102,-0.0020000000000000018,2.700804019808782,0.05083126329314644,7.314143221232745,7.326618510699622,6.8106531619745665,0.9295766050912093,0.3692577432676498,1.9904942209882834,0.0649744800864109,5.013832773649719,5.022297644248069,4.611009337975718,0.9181075405310971,0.3970005205297948,2.563886077188424,0.03102090540876663,6.411222646550379,6.462594333767476,5.932252463642332,0.9179366918709296,0.39990594907321586
79,1,0.0,0.14094872326429167,0.7335,0.023299999999999987,3.255831621640951,0.061355498322323225,8.428770919596321,8.487277082896632,7.837948219856845,0.9234938536001964,0.386275965107957,2.3093539176932167,0.07568741747538275,5.6879623988773655,5.730401614742692,5.244462572466665,0.915199828049426,0.40600724051006637,2.7546633288468567,0.03386857467160365,6.080290679595002,6.186607147539756,5.53948855268152,0.895400082884594,0.4530479666196387
80,1,0.0,0.14072300100328974,0.6927,-0.04080000000000006,3.1426135929505437,0.05919770947251511,7.831786742599836,7.843656619967396,7.186579771579218,0.9162282491159195,0.401263938388001,2.2644069684155834,0.07381261880510645,5.418640045193081,5.428762897065724,4.933956571437899,0.9088546810737912,0.4178921185998241,2.851552838175722,0.03496590644369781,6.109783442734093,6.152538788162386,5.45182344904691,0.8861095617204938,0.4667191341399931
81,1,0.0,0.14049468411074398,0.7484,0.05569999999999997,3.0431646473230165,0.057371275747825294,7.9125162840247585,8.005294670448485,7.4043157406412075,0.924927319412015,0.3846013756037528,2.2501867072833748,0.0734349748698942,5.414524020020132,5.4841511515312105,5.001257227759545,0.9119473715386495,0.41558347492103437,2.2803761706230783,0.028101155767964837,5.803610365387511,5.875384852535034,5.414797501121445,0.9216072882077059,0.39292371938391074
82,1,0.0,0.14026378160021438,0.7532,0.0048000000000000265,2.9778330707845533,0.05617146006358986,7.977130677363208,7.989399072361604,7.413704042278366,0.9279426368780616,0.3732962629325834,2.1962262589024775,0.07164271965780405,5.263481269277018,5.274516646863068,4.79553090711338,0.9091886950371924,0.41725735241462103,2.609589147290489,0.03246145186509245,5.7627818689720085,5.840343461795617,5.224906942320231,0.8946232317497694,0.45283496870514023
83,1,0.0,0.14003030258733676,0.6457,-0.10749999999999993,3.099197275119649,0.05853259798798614,7.818425872316005,7.83311503055732,7.193932667423973,0.918399977449601,0.3963965797889688,2.1719208417516582,0.07113951427289728,5.141007305866565,5.15918606439266,4.679739337779927,0.9070693088737878,0.4224698998721926,2.201804991628102,0.027913138186059443,6.078158423136121,6.168642515056491,5.762308980858213,0.9341291810626902,0.36224870073262194
84,1,0.0,0.13979425628946263,0.6981,0.0524,3.5715432851277673,0.06749949908958223,8.556824783162554,8.602436848923361,7.825982231484523,0.9097401549031987,0.4173911907318202,2.4320234932980176,0.07964457564415474,5.687040113548866,5.727242313658123,5.185225685064492,0.9053616734006437,0.427643105154813,3.5056964555194936,0.04442728063096139,6.585432195896998,6.64597483657467,5.646153998647173,0.8495599422939127,0.5323411358944201
85,1,0.0,0.13955565202529577,0.7117,0.013599999999999945,3.0596821313891245,0.05777056243990314,7.7413583911331525,7.818727860224445,7.195196357037726,0.9202515403613472,0.3952384034943587,2.028307662559586,0.06528702868217214,5.14514759942757,5.210317869753148,4.7993103932472705,0.9211166215228728,0.3942175852807892,2.8053689399722135,0.034413006154145255,6.38071031504696,6.575895862180999,5.947463648259533,0.9044339771960689,0.4396640501538843
86,1,0.0,0.1393144992145239,0.741,0.029299999999999993,2.890976585808471,0.05465305674546317,7.530162516456083,7.560398583572261,6.985834306792431,0.9240034410317624,0.3839195474852845,2.2676318734579946,0.07315479683969793,5.130242145340073,5.151694640758756,4.625776003221427,0.8979134684388299,0.4420126397966889,2.3094921094913388,0.028841287787954684,5.771139633715244,5.8558750088880736,5.381219429851246,0.9189436970023449,0.4001795582971494
87,1,0.0,0.13907080737744712,0.7105,-0.03049999999999997,3.1308760497348183,0.05922608046401366,7.946643720464374,8.0173321757477,7.380733722148367,0.9205972211647868,0.39398721773220013,2.077951281134531,0.06824471284571047,5.070167425789239,5.093907940764777,4.650808181130228,0.913013787295099,0.40983878965517,3.4849053679183437,0.04365529549044526,6.12112191109475,6.200993520237392,5.12910958779496,0.8271431942406872,0.569324613777391
88,1,0.0,0.13882458613460189,0.763,0.05249999999999999,2.8934874303319993,0.054792619819748895,7.929509384142335,7.9410261618188205,7.395108299394845,0.9312534864764962,0.3649011925149468,2.0395832949308925,0.06666423195919433,5.374596999710909,5.388072746653189,4.987126199437304,0.9255862780499885,0.3794858098273412,2.1958741521154352,0.028248347919891077,6.3342185120076575,6.470871930286998,6.08689753819788,0.9406611046817475,0.3466685192423909
89,1,0.0,0.13857584520638125,0.7304,-0.03259999999999996,3.196288759419536,0.06055796595399668,7.886343772017214,7.893370176199221,7.21727308438391,0.9143462074217755,0.40529412004087306,2.365075963367473,0.07712137525428443,5.2183421478385466,5.229401300986558,4.664016980989019,0.8918835469959294,0.45322362857082776,1.982234818483768,0.025378587605435047,5.273940512129079,5.2938811221973925,4.908759700098908,0.9272515923178442,0.37585460319944786
90,1,0.0,0.13832459441265113,0.7284,-0.0020000000000000018,3.259945497896797,0.06179664711435886,8.039037530724464,8.074502090592421,7.387173955319684,0.9148767159186767,0.4055144021206002,2.2401157362157367,0.0746440172139577,5.187956713978851,5.228778622096119,4.724617094461807,0.9035794849864569,0.4317915240464107,2.099172527519455,0.02680892458894528,5.245660021701204,5.269424312477319,4.833250574821716,0.9172255427176742,0.40017319438072896
91,1,0.0,0.1380708436723627,0.7262,-0.0022000000000000908,3.2564764153507966,0.06172770992690673,8.217789930288495,8.24419716396768,7.573780295579185,0.918680151013535,0.39627155755689586,2.1595322050070553,0.07110161192583357,5.339094756477067,5.358753442372643,4.904351060391134,0.9152037154035739,0.404475347133939,2.215060870667016,0.0283957437312028,5.23034691886809,5.248403947848159,4.758071938980706,0.9065750247618634,0.42350171126820435
92,1,0.0,0.13781460300316065,0.7649,0.03870000000000007,2.890875848486023,0.05479981536196296,7.571850572853915,7.585142530333834,7.012647439462192,0.9245241485466925,0.3817925117077977,2.0207247087845617,0.06659970848165601,4.81143225973916,4.820802504823758,4.3768492142037525,0.9079088408671003,0.4199840296398791,3.2658342644683835,0.0421063017071654,5.953807504237683,6.039691966694366,5.080569996928952,0.8411968731096797,0.5485286956529738
93,1,0.0,0.13755588252098783,0.7623,-0.0026000000000000467,2.8250230027274106,0.05362972120100941,7.506411189903445,7.528788104609026,6.978674323026832,0.9269319611684353,0.37634802187858146,1.9154043310598878,0.06323324175304997,4.937877052503946,4.9451548733177635,4.559142779685038,0.921941354007838,0.3879003690641925,2.236352377630884,0.029619713269711762,5.338083826585765,5.367055854342852,4.8789358656801065,0.9090525603030991,0.41894291102979053
94,1,0.0,0.13729469243968595,0.7647,0.0024000000000000687,2.92350648416103,0.05556329105165599,7.717252906934973,7.747746840613985,7.175004589920563,0.9260762822436214,0.3788273520923323,2.1164483801620073,0.07027842438377013,5.0591020588077225,5.091059570539697,4.630284450188929,0.9094932766025519,0.41834466977738544,2.301391573597116,0.030508497171344906,5.171609926684629,5.212935383750895,4.677423422074344,0.8972724727519582,0.44500486429232156
95,1,0.0,0.13703104307059213,0.7788,0.014100000000000001,2.794761352386369,0.05315812760263952,7.660286119725351,7.692949115120001,7.167340861232824,0.931676624137013,0.36483772390561453,1.9528319797316978,0.06548100674324912,5.041860996987693,5.064207053185916,4.672541065487659,0.9226599577021919,0.3873236451576978,2.051191515928894,0.027303635160075952,5.195598524329494,5.262234984021872,4.8460016700733775,0.9209018002403283,0.39479407547056494
96,1,0.0,0.13676494482213206,0.7752,-0.0036000000000000476,2.7165234722320863,0.051718772248663794,7.451162633787192,7.513166769041729,7.004867963203612,0.9323455978732457,0.36457712785841623,2.098247899476297,0.07057194694367498,4.980995962108174,5.003689352220638,4.54249524508561,0.907829188690471,0.4212506726442371,1.8853021551177938,0.025293729147321517,4.969407449466626,5.010693950111948,4.642487897684666,0.9265159564536853,0.3793816816771879
97,1,0.0,0.13649640819940892,0.733,-0.042200000000000015,2.941852685471149,0.05606552538891032,7.735044708315179,7.750932723762906,7.170945589690638,0.9251719561061166,0.380327819218505,2.0834311153289065,0.07046615058973815,4.984455072607855,5.00795201998097,4.553998034294044,0.9093533676289792,0.417985734644983,2.2525071451111605,0.030540184180095572,5.572336781810873,5.678115766939058,5.212217918172031,0.9179485118144778,0.4042302598191402
98,1,0.0,0.1362254438037888,0.7667,0.03370000000000006,2.8906703695003815,0.05511354281783084,7.8019994981565155,7.857484910388138,7.306441942287966,0.9298703116347504,0.37050378818704094,2.0508602950334462,0.06951939936048876,5.022107652158959,5.049898979915912,4.6146994926031315,0.9138201597608935,0.4083664543016715,2.6964273716764655,0.03686059373200909,5.5538100808286,5.708086743818405,5.031057030332586,0.8813911308865425,0.4855094669125186
99,1,0.0,0.13595206233248203,0.774,0.007299999999999973,2.802719034558676,0.05347003623642853,7.57928507687483,7.599942946980344,7.0642691604743995,0.929516077917561,0.3697867287127195,1.993945101848583,0.0674344711273218,4.8411787050611235,4.85580853949542,4.427534289342089,0.91180166049178,0.4118718236457681,2.5956945137078984,0.036022228335817696,5.341966484772055,5.379150237085206,4.711435869080532,0.8758699165155708,0.4859061772677255
100,1,0.0,0.13567627457812106,0.7863,0.012299999999999978,2.7471835846229578,0.0524645205908842,7.445648360901963,7.473018992101857,6.949747847321768,0.9299786143547704,0.3689649915578561,1.996616210899134,0.06836813362282036,4.781173059535822,4.798167937855848,4.363019502721615,0.9093094612839484,0.4175996530635882,2.2773524250177943,0.032228553968150345,5.5642636163271755,5.628255354905917,5.146933354362191,0.9144811366591287,0.4092819071935012
101,1,0.0,0.13539809142833412,0.7444,-0.04190000000000005,2.872267357314609,0.054924789979511376,7.52755741009717,7.551312252957101,6.9837237057547945,0.9248357731492247,0.3815669812709581,2.04237199074549,0.07008636064874504,4.7611383143746515,4.7736368646599745,4.3146640657852755,0.9038525945966793,0.42896716202913837,2.031491281940649,0.028597494210874375,5.35825602608272,5.419645195815703,5.024500013060524,0.9270902119090276,0.37913292534955984
102,1,0.0,0.13511752386531575,0.7813,0.036900000000000044,3.009503116551894,0.05761370861927156,7.919660870448834,7.962482117849847,7.371839137962606,0.9258217511643548,0.3800040387816928,2.1596067811345625,0.07474479213862105,5.219939440045012,5.2532260160773525,4.78878708178857,0.9115897673415573,0.41372257397605744,2.232358642917743,0.0313476249686167,5.5159706640699895,5.602281671042242,5.138300931040313,0.9171800406965953,0.40470821526642875
103,1,0.0,0.13483458296539283,0.7626,-0.01870000000000005,2.744525904580415,0.05253928004532378,7.474428658295467,7.486571803435002,6.965366822936918,0.9303813555546286,0.36718872171378786,2.0572720806885076,0.07037352828342579,4.7346796188968305,4.740444388210849,4.270766326227668,0.9009210901933081,0.4345113600670297,2.652807808853893,0.03757638652371885,5.541151357246237,5.590140731177456,4.920598080212242,0.8802279435952254,0.4787466787718731
104,1,0.0,0.13454927989858764,0.747,-0.015599999999999947,2.847468969388547,0.05457571340522261,7.724607918117548,7.743645634325072,7.201108806693671,0.9299378027803195,0.36862310677413157,1.878790053805866,0.06488755090274423,5.092933599828437,5.10601498903016,4.747792766173225,0.929843092190966,0.36890134477095005,2.2482978760597114,0.032112275993528255,5.328919189053497,5.366431945031157,4.872756247738546,0.9080067161291944,0.42190504233543197
105,1,0.0,0.13426162592817678,0.751,0.0040000000000000036,3.1042746864047985,0.05949465587337018,7.912695412041055,7.939793552091206,7.307790367650581,0.920400551942038,0.3923157059326337,2.024072486390237,0.069372714621114,4.964058599187685,4.981615246918362,4.551881102234856,0.9137359825310997,0.4077454860668757,2.330141424965379,0.033514304761160366,5.16995265239177,5.227824189568816,4.679806321515757,0.8951728581181958,0.4507084651708344
106,1,0.0,0.13397163241024643,0.7536,0.0026000000000000467,2.899999825294826,0.05559146935750537,7.541626375784395,7.5628993675030305,6.984801196885719,0.9235613033407085,0.38453241791538645,2.0726464650572933,0.07119796181316398,4.732439802856452,4.745129480784671,4.268534935029315,0.8995613190988111,0.4379657325606689,2.451698514938945,0.03554621673458969,5.416555739786242,5.529829632398903,4.956630516525076,0.8963441635678082,0.45263053363052785
107,1,0.0,0.1336793107932441,0.7574,0.0037999999999999146,3.089938219827672,0.05928879693385902,7.915523411123934,7.929545651496717,7.3027375655429925,0.9209528372113712,0.39036435865823915,2.028010381831413,0.07026067120096832,5.092659135317865,5.10755575536223,4.687675191071728,0.9177922700403837,0.39822228975959767,2.542848897238931,0.03663707132361275,5.4922065398871895,5.57687421165047,4.963410196116294,0.8899985919975374,0.46299221975202
108,1,0.0,0.13338467261752676,0.7838,0.02640000000000009,2.8465336216241677,0.054647549472543556,7.341978410404181,7.370743926830094,6.798905238416525,0.9224177784372578,0.3877066183673869,1.9777363635599587,0.06792452174953723,4.60579605466752,4.627118050656614,4.183154395064521,0.9040517983912054,0.42940163656524,2.281750624515802,0.0330508361571545,4.758295441942241,4.800205628658471,4.223220360040277,0.8797998849937922,0.47953109519076786
109,1,0.0,0.13308772951490508,0.7511,-0.03270000000000006,2.8830176042064672,0.055426139780290984,7.221267038336689,7.233642612326417,6.634289338873668,0.9171436431720545,0.39923985484831587,1.9407231993205716,0.0675637249154806,4.470846506226008,4.478537418893786,4.0361976278677725,0.9012311945502797,0.4340840591637313,2.306581793529925,0.03375796234037592,4.549890751112023,4.577202736920122,3.953538595863333,0.8637455719349595,0.5069532258474957
110,1,0.0,0.13278849320818417,0.8011,0.050000000000000044,2.8113323674912505,0.05411680746757316,7.459183121198489,7.505680129515952,6.959284776401091,0.9272024195427446,0.37689547525675243,1.9011703999009528,0.067047536986056,4.738118880003773,4.781807361207738,4.387622721152236,0.917565763260705,0.40125004206298825,1.870804399779058,0.02771203150254555,4.805420976417048,4.837419403217549,4.46102199497422,0.9221904538620379,0.3893112401515218
111,1,0.0,0.13248697551070124,0.7569,-0.04420000000000002,2.8899378833883,0.05573903344583047,7.463310693352181,7.478599183037117,6.897659362426187,0.9223197010038174,0.38721929209813866,1.9569627266007557,0.06917491670280282,4.639729171712418,4.6530457219184145,4.22150810853406,0.9072569583076362,0.42178382706732115,2.1794743273234,0.03240121145539826,4.806570319375045,4.860652398578231,4.344632851088581,0.8938373894745921,0.4534364801734092
112,1,0.0,0.1321831883258586,0.7548,-0.0020999999999999908,3.107770035624032,0.06001475993426226,7.6513163993372775,7.678657444141354,7.021648336598485,0.9144369816830216,0.40617455525603585,2.0144568287474605,0.07078120645866715,4.596693677953118,4.6130166127339916,4.149926013351143,0.8996121977743347,0.4382403896977723,1.9956815523851636,0.029958847144164753,4.677770851030804,4.718404650865353,4.2755814848294795,0.9061498114718372,0.4266308923502294
113,1,0.0,0.13187714364665415,0.7548,0.0,2.882870878944006,0.055695995072715734,7.423796861256694,7.504297090368571,6.928457997688216,0.9232654190331273,0.3883283625376565,1.864490459087443,0.06602768852161806,4.599365381926117,4.641920669350015,4.2510120069815756,0.9157873022368612,0.40537993924427757,1.9480322379951858,0.029207312631867998,4.968845780015668,5.097247611288129,4.710318902940066,0.9240906587525416,0.39204924528550034
114,1,0.0,0.13156885355520778,0.7999,0.04510000000000003,2.5375189147940986,0.04907816828635435,7.011515515610226,7.020298680475403,6.545654396338775,0.9323897307308746,0.3619073378850326,1.7067075164047174,0.06082462435041991,4.2731053138325,4.27942916374387,3.9243678864145117,0.9170306917713454,0.3994068460891713,1.9719025273929753,0.029902732605307934,4.707741921527355,4.736427049020662,4.306430645182883,0.9092150265617015,0.41886376956560556
115,1,0.0,0.13125833022228447,0.7627,-0.03720000000000001,2.646153528311587,0.05129227765092379,7.21642835238757,7.2288534243209766,6.727123712957171,0.9305934590296477,0.3666846532794996,1.7079963005799847,0.061163550088114256,4.390500389448881,4.397417308712325,4.052163450505399,0.9214871289284062,0.3890208744052478,2.363409962009372,0.0364703729067617,4.979098420728848,5.00964953612599,4.417113275299088,0.8817210153017777,0.4746662472406827
116,1,0.0,0.13094558590681363,0.78,0.017299999999999982,2.8439180467916745,0.055230117041879266,7.555978464540202,7.57048082719147,7.016003855393577,0.9267580244300552,0.3763798507550052,1.8270150774370355,0.06566190631444449,4.643131196020158,4.661932071694691,4.289012271920256,0.9200074574147811,0.3934877134212909,1.5919987685994965,0.02511492387191378,4.396686060989475,4.428833387862651,4.13280827692942,0.9331595738632893,0.3620906170046667
117,1,0.0,0.13063063295540545,0.7634,-0.01660000000000006,2.625066173494739,0.051039638444558895,7.135842606046149,7.150623920617321,6.651349481752588,0.9301774999765852,0.36787052607782283,1.7389572580865968,0.0623883956289703,4.336263743702687,4.346493069602841,3.9834696155911264,0.9164789985401067,0.4010266351100039,2.0289081693723756,0.03214951731208169,4.565535012977413,4.589114133372833,4.1162485097751835,0.8969592801889827,0.4443965851987243
118,1,0.0,0.13031348380186303,0.757,-0.006399999999999961,2.762678466984554,0.05381270483754076,7.305791755117173,7.3328444728432,6.792511742512653,0.9263133518879829,0.37814908494339433,1.8889472763852722,0.0682002691854333,4.507078255366673,4.516712341952335,4.102751331264457,0.9083490425451924,0.4191068291605683,1.8700167021833982,0.029924631419596007,4.511625568458086,4.551286186153967,4.149366667994415,0.9116910029999253,0.414488452955218
119,1,0.0,0.129994150966692,0.6842,-0.07279999999999998,3.08383670976244,0.06016595801420409,7.524008088336069,7.535403550550642,6.875482358282288,0.9124239083094454,0.4098662140652256,1.814497965474048,0.06587771471259873,4.5411953900665125,4.5478655668639005,4.1702132268233205,0.9169605313771401,0.3995639494929268,2.7928763870256517,0.044505328855335535,5.022016136191233,5.094733031221445,4.261004119499266,0.8363547399612625,0.5561265259382078
120,1,0.0,0.12967264705660586,0.7244,0.040200000000000014,3.4420268633350566,0.06720767100385143,8.036221520437966,8.090982259204974,7.322325085944835,0.9049982871504074,0.4283140844962011,1.9697815142515445,0.07139613892504139,4.726820711631481,4.770197853778665,4.344507828908298,0.9107605097484245,0.41672439773406733,2.5194720788304408,0.04129461735193963,4.98566793997171,5.028193304831292,4.351434949995534,0.8654072519078571,0.5053429368271841
121,1,0.0,0.12934898476402854,0.7672,0.04279999999999995,2.8096414950546635,0.054858704752660976,7.230103394317329,7.252508771897621,6.6861646812640725,0.9219105955682472,0.388603224853322,1.7281134429367102,0.06285333814341727,4.207644060111736,4.220374734219871,3.8503489325678104,0.9123239463425374,0.4107080870549728,2.404967670090768,0.038735332555886265,4.406257823581525,4.477559538973732,3.776861204362438,0.8435088738603583,0.5458072964363999
122,1,0.0,0.129023176866593,0.7938,0.026599999999999957,2.8411286762811243,0.05555418035398355,7.516897574896062,7.552807954834232,6.998063721488949,0.926551259258457,0.3779655965739841,1.794749648047951,0.06600382701141912,4.42574471376435,4.4460146132126175,4.067667551678159,0.9149019752633987,0.4055248922212265,2.2849470367750193,0.037668656178297434,4.624563789126965,4.729688961640149,4.141132390997499,0.8755612524594953,0.4940892029962412
123,1,0.0,0.12869523622663734,0.7223,-0.0714999999999999,2.648289375535682,0.0518536188504211,6.988870676336945,7.00227604498705,6.482162694389163,0.9257222441308584,0.3789295149647442,1.691494569962448,0.06199733993998198,4.122163407641756,4.131541662651065,3.769414192630509,0.9123505220111489,0.41034146458791965,1.8254393728520704,0.03067014025116882,3.993650975559093,4.024882994151624,3.5871235238903543,0.8912367214407578,0.4570853547352162
124,1,0.0,0.12836517579069642,0.7796,0.05729999999999991,3.0544595817296183,0.05989956338844065,7.687662208846582,7.704254559673681,7.072892958886284,0.9180502674337724,0.39731969209244095,1.9743553480822063,0.07376426109722789,4.561011326812753,4.572088930996563,4.123823152236412,0.9019560237069919,0.43287665971702183,1.6096407082351543,0.027332500138213478,3.94034338258428,3.965495984895832,3.6241155569325385,0.913912300185506,0.4085026486142101
125,1,0.0,0.12803300858899105,0.746,-0.03359999999999996,2.7956824657014727,0.05487194180985919,7.13678818474264,7.156021063055573,6.587320931766271,0.9205284436311496,0.3917283788354842,1.8055695511588294,0.06665442042874847,4.159028570510458,4.165123744554172,3.7534217327550503,0.9011549147039354,0.43413251930058827,1.7649838433212226,0.029827664638899364,3.909128565979573,3.9522444511707513,3.536250726543469,0.8947449405605327,0.45150314540216263
126,1,0.0,0.12769874773491366,0.7948,0.048799999999999955,2.751161762566883,0.05408631771024182,7.224632225841576,7.232423630267563,6.688726364165386,0.9248250249298431,0.38080301897255514,1.6610187543390718,0.061983494591443006,4.203847426983281,4.211014224075302,3.8695810451223625,0.9189190155186628,0.3951187057069371,1.6790207840426592,0.028616593475868247,4.0729550720214105,4.097660558793862,3.7378754596367267,0.9121974370509993,0.4122365099424875
127,1,0.0,0.12736240642451044,0.7874,-0.007399999999999962,2.695876137646458,0.05305893780323062,7.098049685672947,7.111927064616347,6.581166953019992,0.9253704225628211,0.3798051939658787,1.7666145753998612,0.06602030561122595,4.165114079143369,4.1848141873088585,3.7936450771227266,0.9065265283767158,0.42414554363495305,1.8869382392651755,0.0325802748159793,3.96776720116735,3.9994449402407115,3.526333114298872,0.8817056284031841,0.4755667718383333
128,1,0.0,0.1270239979359604,0.7827,-0.0047000000000000375,2.5616196410701306,0.05049612634582964,7.098980372127047,7.131638426876686,6.655702184933225,0.9332641093875678,0.36084331929242963,1.6780089474312687,0.06281216816846161,4.1705464594150765,4.193418756427657,3.8430517615785056,0.916448364639923,0.4023475014031162,1.4112884250445243,0.02453004995403922,3.7180534437136448,3.7661263715117546,3.4917006043293584,0.9271331495251341,0.37957722943189043
129,1,0.0,0.12668353562905113,0.7695,-0.01319999999999999,2.554702790620589,0.050456061024392124,7.001368841174214,7.011316019265744,6.529322013047963,0.9312548450400246,0.3648861884831273,1.5673352520603387,0.05934167297821224,4.079345211594415,4.0852497917572705,3.7726285028206057,0.9234756000557335,0.3842124583145403,1.7898092242336308,0.031189594464329683,4.240212763266499,4.296271183206477,3.905705245015979,0.9090918795542596,0.42210363586916555
130,1,0.0,0.12634103294465168,0.7351,-0.034399999999999986,2.9021823447544386,0.05741156472600006,7.611642664574061,7.63603740208295,7.063030839799167,0.9249602205814917,0.38128200083034786,1.7076610359551463,0.06479046475077584,4.451202922857571,4.459736785097672,4.119847811062489,0.9237872120231556,0.3836403474633924,1.464520941742494,0.026034406235261168,4.08233276549686,4.114965849855706,3.8455324822842827,0.9345235471198696,0.358746095889184
131,1,0.0,0.12599650340418142,0.7866,0.05149999999999999,2.825199540438226,0.05592409767480406,7.163831142443362,7.1754979568928805,6.595909221240552,0.9192266879407905,0.3943699236152903,1.7835229092241207,0.06764780570640967,4.229429457172471,4.237344480750345,3.8437135967621607,0.907104346654752,0.42169349962783664,1.9159786338546474,0.033744957467471345,3.8495022290284613,3.86842399382212,3.360614750590148,0.8687296831880517,0.4977211389583226
132,1,0.0,0.12564996060907682,0.7685,-0.018100000000000005,2.6393194795575514,0.05231364249072716,7.023819708122752,7.055741803395791,6.543507092593716,0.927401721169056,0.3757669742726012,1.8004378828113832,0.06826854858835546,4.157642179442875,4.191369070340659,3.784970068278054,0.9030390797750543,0.433043009740834,1.7835617843313245,0.031910604484835514,3.9054462149643534,3.923431708666495,3.4945992171693034,0.8906996417065345,0.45668578855274383
133,1,0.0,0.125301418240254,0.7631,-0.00539999999999996,2.4989815282848715,0.04960359223830836,6.997213202816156,7.004836372198567,6.543915028583557,0.9341995559747325,0.35713954339409165,1.5491117286872527,0.059368590894047814,4.016635433599296,4.024209502596303,3.7140968100975145,0.922938233633534,0.38567396874729504,1.4863291131162644,0.02718711084273702,3.65502308383612,3.684937100448639,3.3718819466323007,0.9150446411206791,0.40665382379918963
134,1,0.0,0.12495089005756888,0.6962,-0.06689999999999996,2.778185153002511,0.055229146016425874,7.195797170705183,7.224711959299437,6.669194107004323,0.9231086505005824,0.38608441665265153,1.7026195924107395,0.06551888089302743,4.115942539374194,4.123119733049512,3.75515681497108,0.9107561890262446,0.413664567987291,1.5904075863233307,0.02924709991121826,3.6604524419874283,3.72554810516789,3.369022920932177,0.9043026222796159,0.43448388185036085
135,1,0.0,0.12459838989927387,0.7736,0.07739999999999991,2.539204299100284,0.05054222705280451,7.181738833267694,7.200673390979536,6.738110916235548,0.9357612198709843,0.35356399864306187,1.7672494398662448,0.06780954719434606,4.393072765380482,4.4218463010528755,4.053338593591605,0.9166620270420693,0.40228093961771294,1.9623360134477346,0.03647665422056501,4.3827880294100705,4.580560363763391,4.138933656835839,0.9035867509963974,0.4477369200334947
136,1,0.0,0.12424393168147173,0.8128,0.03920000000000001,2.651252410035964,0.0528106213641117,7.178803760957676,7.219815367884166,6.715399803086603,0.930134561744979,0.3693167411059413,1.8818602313910047,0.0715531924698175,4.204885261222774,4.217726486993417,3.7746282992176163,0.8949438307243909,0.447541398750025,1.9642410972614217,0.03671493825601892,3.948326235016583,3.988449456545819,3.4712369684715516,0.870322416340159,0.49748703129977606
137,1,0.0,0.1238875293975659,0.758,-0.05479999999999996,2.575229890366122,0.05133491095545719,6.954984740852483,6.9623017054269365,6.46852657544046,0.9290787514132588,0.37027110573508926,1.58443228490923,0.06100964130404722,3.975852139821683,3.9837836097492954,3.6551479090599406,0.9175066386926483,0.3985138856246027,1.6558737949393556,0.03103003390972683,3.858635555569546,3.912113201542905,3.544391524375558,0.9060043362185122,0.42913454020016767
138,1,0.0,0.12352919711770835,0.7815,0.023499999999999965,3.092720052842619,0.06171695819819899,7.6386516939592894,7.667469335458896,7.016065026858443,0.915043115257341,0.4048777424016294,1.9923455106927241,0.07687617780790316,4.413581403934856,4.4473568489150415,3.976121567358301,0.894041495304857,0.4514124309379411,2.150615876966577,0.04069635594609697,4.06784067502853,4.135864558612601,3.532736380312208,0.8541711969159077,0.5286873426898642
139,1,0.0,0.12316894898824382,0.8142,0.03270000000000006,2.8003936501641373,0.05587514711335431,7.386937313411462,7.419653358167104,6.870884309868656,0.9260384519588916,0.37910077361558786,1.8852526129762934,0.07293546550098656,4.188154863774586,4.220095773473285,3.7755835608162682,0.8946677429808263,0.4501391840313193,1.6865323279832851,0.03206842512502837,3.8990627251230716,3.93461686176816,3.5548301749456384,0.9034755606034152,0.4325481396122066
140,1,0.0,0.1228067992311517,0.7164,-0.0978,2.646286983084471,0.052823207081954954,7.02229673747864,7.029815308903759,6.512715901583431,0.9264419640349036,0.3768406665245283,1.717294830453904,0.06606180768947756,4.112814679257215,4.117571515831946,3.742364751335733,0.9088766854313146,0.4175473402959289,1.6816419717202706,0.03190274322001654,3.6562667479360518,3.712373714199744,3.3096525247114674,0.8915192217992823,0.4599341589804822
141,1,0.0,0.12244276214348435,0.8177,0.10129999999999995,2.685831705224604,0.05365567152199179,7.234801117070683,7.246565406364385,6.730454520681278,0.9287785513907283,0.3712378076139952,1.7300563350888738,0.06694955386962567,4.115548547720119,4.128596020427916,3.748627816382974,0.9079667271477049,0.4203707756156271,1.602879487916661,0.030747003368464608,3.755939416441131,3.78058830271604,3.4239779590586914,0.905673319837245,0.4267586108818121
142,1,0.0,0.12207685209680252,0.7967,-0.02100000000000002,2.6317196656004,0.052590665797481284,7.106626650594554,7.127271672993497,6.6235981921462335,0.9293315164685286,0.3703191113015942,1.6793675851699166,0.06504114047468514,4.106780965868371,4.113056178589899,3.7545912538363626,0.9128470633055077,0.4089255305133659,1.550977670509058,0.029554614961065418,3.5817101654552195,3.5999745456955514,3.248736070172819,0.9024330669385693,0.4330271291819995
143,1,0.0,0.12170908353660845,0.7402,-0.056499999999999995,2.765291630618429,0.05528349964729839,7.3607692036660906,7.372736855703888,6.834501510033927,0.9269965338239954,0.3756797087512475,1.693016982592278,0.06580403699243251,4.1500437190996955,4.163401469665153,3.8036304488510972,0.9135872378786014,0.4079516017627782,1.3850335426951073,0.026728241317123858,3.4288488017207817,3.433053286254746,3.1412638053146074,0.9150058398136711,0.4039354380397358
144,1,0.0,0.12133947098177503,0.8002,0.06000000000000005,2.784560039925223,0.05570385858280189,7.42500294391956,7.438130783986091,6.8972468983315,0.9272822834980146,0.3750247725094222,1.8019945223882228,0.06958349921924874,4.266996696817901,4.274403463034205,3.875995465900772,0.9067921405691026,0.42230980017679753,1.3322087500912208,0.025815471216984548,3.409397943540529,3.4151328144896396,3.1445748668036466,0.920776742111441,0.39074604142799857
145,1,0.0,0.12096802902397322,0.7631,-0.03710000000000002,2.6981039528545687,0.05398319647293845,7.259232036964002,7.276164758693797,6.75742617970708,0.9287071422665476,0.3716789791421222,1.5848868743168785,0.06153816854110083,4.066563231007132,4.074904065666859,3.7540613849773754,0.9212637462087154,0.3897361935091226,1.354392006841503,0.02616628480697713,3.4152759427958213,3.4281935332550573,3.1493067412373854,0.918649052536754,0.39656883646501706
146,1,0.0,0.1205947723270954,0.6794,-0.0837,3.242520056094792,0.06490541160899158,7.737600376680952,7.7515712983715455,7.0408039982668695,0.9083066809623496,0.41906016054626916,1.7201218919813783,0.06676692125953555,4.214293329102182,4.2286337425661,3.8629682555202605,0.913526328051306,0.40816377922792463,1.7109982392961525,0.033010908757531224,3.499984946797177,3.52051756862009,3.076772713367692,0.8739546539384749,0.48885874233884363
147,1,0.0,0.12021971562667687,0.7907,0.11129999999999995,2.9633385407776682,0.05926254585078494,7.524239171787148,7.5605892999371624,6.955654890382314,0.9199884578362328,0.3938389614047608,1.8789562217608087,0.0734767779322938,4.308014584438596,4.342528926225242,3.9149815406325974,0.901544147924815,0.43615363526111806,1.641007063561218,0.03202644340027537,4.028923554161685,4.171333174681281,3.8349854326844977,0.9193668479808059,0.4073065774271483
148,1,0.0,0.11984287372931392,0.8065,0.015800000000000036,2.4783421248345214,0.0495292279470272,6.917015874007624,6.937176758586365,6.4793704701503865,0.9340068295262425,0.35829643447075166,1.7464626116864492,0.06736478534135405,4.051696630980313,4.059290770184241,3.6643839961677847,0.9027153272889263,0.4310447624169459,1.511533778818983,0.029053448842701304,3.8437906099813475,3.8942636539030726,3.588949240521538,0.9215989361491923,0.39324040568024543
149,1,0.0,0.11946426151207945,0.8384,0.03190000000000004,2.573784176036708,0.05147369380741553,7.178555163151323,7.201221940275015,6.72556557564138,0.9339478259969489,0.3585379115352287,1.5835323261353003,0.06179462524258611,3.9579169225032675,3.9737106806393285,3.6445578252856263,0.9171673828803397,0.40009236099219636,1.4278666457351363,0.027673103793938496,3.6603338062180693,3.720743997091071,3.4358600362918734,0.9234336033272045,0.3900919209361501
150,1,0.0,0.1190838939219355,0.8298,-0.008600000000000052,2.3956304550379715,0.04793093998063046,6.91735816739761,6.932451678876499,6.505370164305639,0.9383938706890382,0.3463215865167837,1.5270830573505576,0.05966975740275028,3.977964431277968,3.989637895939281,3.6858144103288657,0.9238468518860692,0.3838855484336154,1.3446044396752952,0.026450687456771545,3.3273231450695717,3.340901793557302,3.0583760478101576,0.9154342859487891,0.40410996499325
151,2,0.0004385849505708084,0.11870178597514322,0.8116,-0.018199999999999994,2.572183572607969,0.051493216309959296,7.26934729394188,7.278486447893502,6.808835181323052,0.9354740480822941,0.35383968719606673,1.6791319435499517,0.06613621091851149,4.146702617734877,4.152044179509286,3.7973657407060957,0.9145773928530048,0.40493184545439437,1.4883157350869443,0.029517239023959852,3.8464734163147405,3.86638209535004,3.5684490425226296,0.9229426772936581,0.38692994179402945
152,2,0.001753570375247815,0.11831795275667004,0.8235,0.011900000000000022,2.5563284988397768,0.051194871179964824,7.043273555135647,7.075084515326012,6.597120988052065,0.9324441246972267,0.36294607597284273,1.491646404718997,0.058346169398953256,3.975836788261037,4.000453380471188,3.711956144098771,0.9278838649187215,0.3751779774067178,1.3673901364651186,0.02726333129163197,3.973126491208013,4.0100665109330755,3.769731968021622,0.9400671928367763,0.3441597289920083
153,2,0.003942649342761062,0.11793240941959429,0.7524,-0.07110000000000005,2.5324407597863763,0.05072095792929918,7.138922836495438,7.155384402234645,6.692254443042091,0.9352753209110726,0.35473709658831026,1.4972030915111896,0.05898303890088757,4.028668670123084,4.038891354644094,3.7511366363778116,0.9287540334712372,0.37163718689863046,1.3745836941154528,0.02766879152292777,3.7061394221265305,3.71113274250358,3.4471762744149266,0.9288744201829372,0.37089368141653345
154,2,0.007001981464747564,0.11754517118450677,0.7222,-0.030200000000000005,2.9490186146173647,0.05905973958988909,7.368530283214698,7.3797535936384655,6.764913308549829,0.9166855265169498,0.4002180219487114,1.9136291920903643,0.0752770086030791,4.415135082649966,4.446742820978135,4.013918839264294,0.9026649394536754,0.4334248344088723,1.6545810118260666,0.03335860892418462,3.691818355338784,3.7649088739576353,3.3818485422986533,0.8982550854527556,0.4481750867924898
155,2,0.010926199633097156,0.11715625333890979,0.7695,0.04730000000000001,2.829161470994787,0.05662869736886769,7.33664695742937,7.369686859244273,6.805007684514898,0.9233781318644413,0.38562050040173595,1.6698648490146237,0.06500889564549533,4.115303873397267,4.139570293728798,3.7878217350572387,0.9150277604406338,0.4057695131115837,1.564850282469808,0.031219158778158076,3.893772820533186,3.9432813754950824,3.619490336022103,0.9178879190602199,0.4018853576196899
156,2,0.015708419435684462,0.11676567123661409,0.7962,0.026700000000000057,2.6445656083793443,0.05293703219219407,7.075108105393728,7.110517520150299,6.600434235056582,0.9282635499247128,0.3737844806022473,1.6472134353311294,0.06432166613681364,3.9331009852750944,3.9461880622822303,3.5859571354730257,0.9087142018769199,0.41880781640187603,1.6199270753662252,0.03203828396731146,3.452694151147276,3.461629476993322,3.0592018008461337,0.8837461724826985,0.46917769268035187
157,2,0.02134025123396638,0.11637344029713227,0.7649,-0.031299999999999994,2.6069830616028753,0.052201761534148,7.015315096741614,7.040606561968666,6.540166661492004,0.9289209109936786,0.3716131101244097,1.6782775824931777,0.06592476671451304,4.05727689935836,4.0926644045848,3.7327317231150956,0.9120541911360993,0.4136463012318902,1.3825061814987833,0.027829107175100495,3.1360386821960367,3.140305476348338,2.819608978532937,0.89787729243834,0.44084474765810994
158,2,0.0278118148812595,0.11597957600507017,0.7876,0.022699999999999942,2.6854089087820356,0.05380011939850609,7.218426508778879,7.245966852445576,6.729978783025214,0.9287896177380094,0.372021368578887,1.5954887280288115,0.062370347650017845,4.1045718419822474,4.116315026838332,3.794530944099384,0.9218271486412194,0.38871014796473674,1.163905671414132,0.023418722145832703,3.535400901462863,3.5539168973407094,3.3579234707307117,0.9448514323008921,0.3292146220058201
159,2,0.03511175705587427,0.11558409390951566,0.7485,-0.03909999999999991,2.6434944145611605,0.05296039828570354,7.139093126984595,7.174415201914809,6.669645464054035,0.9296430825851766,0.37028434389925347,1.6249472953067825,0.06374440217125653,4.101543173113958,4.121659085951631,3.7878252248613076,0.9190049797596868,0.3961794931133435,1.598385044501734,0.032122558195414104,3.688762933059809,3.719678113025213,3.35874580059057,0.9029667886662653,0.4333119459037402
160,2,0.04322727117869957,0.11518700962342475,0.74,-0.008500000000000063,2.8797111046249775,0.05770997590328669,7.529612250445773,7.554693062626333,6.98431463496838,0.9245001189420043,0.3824514475435958,1.6809806293539864,0.06599556772105619,4.281584032160558,4.31228038969452,3.9711542677095784,0.9208942621634335,0.3926071791952512,1.7279522240855498,0.03548973662327186,4.075168997493909,4.119808880232538,3.7399200049556205,0.9077896848323034,0.42401977075016567
161,2,0.05214411988029355,0.11478833882300507,0.6595,-0.08050000000000002,2.682873636781052,0.053711626846855307,7.238429947210288,7.265003740984304,6.75147895545311,0.9293152758292154,0.37064303396554105,1.60627521496697,0.06281662162116958,4.186380812151164,4.195004617725609,3.8752992218369875,0.923789024084089,0.38369065955602555,1.3638739143509317,0.027427952041818828,3.4656565247705764,3.526931701127964,3.252552470659516,0.9222045523646807,0.39353984002820913
162,2,0.06184665997806821,0.11438809724709718,0.8182,0.15870000000000006,2.758365425505281,0.05520185683917074,7.44263909881644,7.4615706887273525,6.932997693141681,0.9291606261421314,0.37061657684623295,1.7525176783563405,0.06915844674926785,4.3457198704141815,4.35442309825473,3.986186435831193,0.91543388088054,0.40327442417251613,1.479759999720436,0.029959635148539037,3.683791433645842,3.6995636958306775,3.390734572438761,0.916522825721325,0.4016948370651701
163,2,0.0723178699197467,0.11398630069655316,0.7783,-0.03990000000000005,2.4910971124246566,0.04982881638493698,6.859627584522812,6.8835715041976435,6.4170080083325205,0.9322207235618007,0.3631534047191206,1.60139348657613,0.06269330421507363,3.943735318777931,3.9560116365674483,3.6173978379159855,0.91440525717329,0.4060600819104573,1.475990118438883,0.029613116718823943,3.4755395946468126,3.4992020679890103,3.1726755071799544,0.9066854230008184,0.4246794140145235
164,2,0.08353937964495028,0.113582965033613,0.8035,0.0252,2.7756424859863205,0.05556425537093247,7.295889920751117,7.306566818950477,6.758825879728338,0.9250344309722173,0.38043919468847553,1.7491104145484082,0.06909893502822763,4.238933994801621,4.25434452126821,3.8781515876945676,0.911574407833454,0.4126297830288026,1.4114897148207968,0.02872433685916391,3.487948787846842,3.5185255210273465,3.2229986786379237,0.9160083277431694,0.4046761580155334
165,2,0.09549150281252627,0.11317810618127785,0.7971,-0.006399999999999961,2.598197278258649,0.05199346527276139,6.992626199775969,6.999416554699612,6.4993232653124835,0.928552146385494,0.3715624436412589,1.6322786002781136,0.06387703986795099,3.9394171525912545,3.9461843097188454,3.592775730662595,0.9104429617780753,0.4143452031233706,1.246164529472879,0.025540125145992406,3.373616820667172,3.4225968353920146,3.1876703322084876,0.9313601588261216,0.3693853201818087
166,2,0.10815327133708011,0.11277174012268201,0.7885,-0.008600000000000052,2.6299907857804516,0.05265357236231408,6.920168134124043,6.947688935411913,6.430671040082219,0.9255841906371933,0.3800472379871384,1.7135628821772149,0.06767390905674689,3.960260697479596,3.982578807050738,3.595084971002168,0.9027027825883689,0.4326894144286428,1.4454885341678256,0.02971806044784944,3.3782202369186294,3.3888938076976176,3.065153493744057,0.9044702099492735,0.427884635338724
167,2,0.1215024721741218,0.11236388290046181,0.7916,0.0030999999999999917,2.6391299916883018,0.052867375226594376,7.01673882574444,7.053487230269179,6.541152410249225,0.9273643230228968,0.3761191712031983,1.684618907547702,0.06654342323740356,3.9972920866729194,4.015230132158111,3.6447403492798087,0.907728879619866,0.42144003265717495,1.68883503145454,0.03498785544748195,3.5232313591071365,3.5825925495161473,3.159557627563458,0.8819193318509461,0.47934264296583906
168,2,0.13551568628929422,0.11195455061612189,0.7937,0.0020999999999999908,2.5057164442979643,0.05019938697047281,6.895709996569014,6.90936090812644,6.438994732873287,0.9319233455152223,0.3633732343072276,1.525662915925772,0.060525740107568414,3.8784220255125765,3.8860504997515974,3.574037140192911,0.9197093914300314,0.393372073974889,1.4776681795984126,0.031034132833529616,3.7326307090989057,3.755947097031193,3.45306209359241,0.9193585544167564,0.3958784821644294
169,2,0.15016832974331729,0.11154375942939995,0.7701,-0.023599999999999954,2.5789558376606077,0.05168754988207315,6.9801893512022755,7.015659444984161,6.524451249417417,0.9299840308072632,0.3694678908984619,1.618188478679534,0.06465401830027284,3.9525115763287055,3.967623560909773,3.622637554449051,0.9130497132188576,0.40940765066211143,1.3267568184132683,0.027955732879907914,3.2265040887233907,3.2742775268878614,2.9934277074693436,0.9142254078610557,0.41120568328125606
170,2,0.16543469682057088,0.11113152555762863,0.7838,0.013700000000000045,2.7167396738187777,0.05446453518652704,7.125232300541097,7.134912371652116,6.59744647504069,0.9246709884277143,0.3812843650883447,1.8020574194838563,0.07201367051653434,4.064201730360688,4.070154019660966,3.6494852961658824,0.8966455024888409,0.44339763108263036,1.4108340352172652,0.02970563387068905,3.800825848506867,3.861549509055422,3.5945948498266596,0.9308685131181803,0.37119144403090804
171,2,0.18128800512565516,0.11071786527509543,0.8076,0.023799999999999932,2.5213294029494655,0.05054935711947531,6.888756723407025,6.910121876921216,6.433714492766047,0.9310565873307822,0.36600645140832794,1.69280992528753,0.06753526468837785,3.944448016025131,3.9523769800966813,3.5715092920838734,0.9036357893159546,0.42916269105592003,1.4202639575568508,0.029902274801559416,3.445173208121659,3.5015478089519982,3.200576122275031,0.9140461010106707,0.41224747545601403
172,2,0.1977004425688125,0.11030279491239993,0.7769,-0.03069999999999995,2.500177156069682,0.05013571010731706,6.818588293610952,6.84931176936051,6.376690827110795,0.9309973091947833,0.3666707899657704,1.5612358194595135,0.06264946278365346,3.964751294349438,3.9855037534984397,3.666985511491953,0.9200808074194149,0.3937790049238615,1.4982898594302239,0.03198911264840376,3.6497315676334625,3.701712320290062,3.3849376173160626,0.9144248186879154,0.4105205634072799
173,2,0.21464321615778406,0.10988633085580936,0.7533,-0.023600000000000065,2.697849778128998,0.0541336258016366,7.038799269433093,7.072729269677282,6.53797413119041,0.9243919683481293,0.3832826700776599,1.741272490395524,0.06977858476102496,4.097265132198193,4.115552928215329,3.729040904527208,0.9060850314818505,0.42498408919447367,1.3611700994858156,0.029396391621873106,3.4760985932335955,3.4931305529553622,3.2170134497066183,0.9209542560568957,0.3915798309447848
174,2,0.23208660251050173,0.1094684895466116,0.6947,-0.058599999999999985,3.1213472852106,0.06266363786375487,7.5349902515858656,7.570343770489099,6.896904793688818,0.9110424840381097,0.4142470236844248,2.10251943283817,0.0846303206252986,4.431454975647924,4.464435824785026,3.938349753199847,0.8821606822827358,0.4744535247209096,1.4434464557230215,0.030854796062769686,3.6222710312728625,3.7018645657922735,3.408850800782781,0.9208469786503977,0.398492118138326
175,2,0.24999999999999997,0.10904928748046602,0.7938,0.09909999999999997,2.8883964403758804,0.057952859583976994,7.30351058539559,7.323709035665465,6.730072780464918,0.9189432223058536,0.39548055782265046,1.855940902661261,0.07406155700327753,4.102814845779125,4.1209031487650725,3.6793105935631067,0.8928408314244659,0.45235794751269537,1.3289084336370682,0.02844654545366655,3.518219329092555,3.5364567784759724,3.277274496191397,0.926711310636668,0.3777218840929482
176,2,0.2683519824400691,0.10862874120675245,0.8007,0.006900000000000017,2.5428985462853264,0.050976167004062586,6.804322649729037,6.821079523261333,6.329359580751906,0.9279117123862056,0.37371810203424,1.5790328294931963,0.06350035168807927,3.9015481655692077,3.921421302205349,3.5894567889220546,0.9153458688316396,0.4047195529784846,1.2862065573520896,0.027381090877799507,3.2122927027535684,3.2478624337565463,2.982328800158875,0.9182435712677186,0.4004014192883347
177,2,0.2871103542174636,0.10820686732791761,0.778,-0.022699999999999942,2.5807503485899175,0.05177258092726273,6.937156289075595,6.9474011909593365,6.450279905689051,0.9284450010002028,0.37201848149997685,1.5234070035510516,0.06123679507404722,3.891850520046174,3.8975729315611405,3.587520837569491,0.9204499570794534,0.3914351272496914,1.3165999798275425,0.028249143144922276,3.176679135596111,3.2553629936592956,2.977239207895799,0.9145644321984313,0.4144579680945585
178,2,0.30624220677394853,0.10778368249881996,0.7744,-0.0036000000000000476,2.618775508011148,0.05254855551178961,6.758198545620457,6.785665322437974,6.25997352759036,0.922529071230595,0.38749608942877295,1.6145779706828798,0.06494749367227541,3.863711580136195,3.879677912827016,3.5277526468838967,0.9092900818442733,0.41788263362711103,1.3115652022050162,0.028240362287552733,3.25450502812485,3.272665061989215,2.9983550720470857,0.9161814653359619,0.40299990040596173
179,2,0.3257139763390924,0.10735920342607194,0.7903,0.015900000000000025,2.7865664265562815,0.05592047006490422,7.042184215272509,7.052652652966568,6.478808280678738,0.9186342500439955,0.3956963267892092,1.7954797050358529,0.07273682651574753,4.040385425378584,4.054848922635533,3.6356639506905872,0.8966213094636118,0.4443832743673499,1.5219496111063584,0.03282765457612147,3.376014740499075,3.438537442924675,3.0833763739483744,0.8967115889032706,0.45081248990084954
180,2,0.3454915028125263,0.10693344686738046,0.7353,-0.05500000000000005,2.854623329761036,0.057289300423756156,7.118544441330291,7.143840933354745,6.548708934426878,0.9166929940798118,0.40101222283407884,1.8414225357791127,0.07448383894893938,4.111606949237343,4.130527204454415,3.697352796062821,0.89512854244745,0.44785957376608576,1.4079375957092166,0.03077916349688685,3.3675175355395175,3.386072907405324,3.0794809175339033,0.9094549945451836,0.41809361966207187
181,2,0.3655400896923671,0.1065064296308855,0.7742,0.038900000000000046,2.7780321801071777,0.05574218342743711,6.769082388252556,6.780157240335286,6.18490656713367,0.9122069515349204,0.4104001134523536,1.9921327369496533,0.08070258228652119,4.06867268690943,4.085279381501343,3.566639104219845,0.8730465584238948,0.4896271807164907,2.2032188967624386,0.04858894602830312,3.6782583523947494,3.7922119309361064,3.086534920496855,0.8139141421178285,0.5989842707291133
182,2,0.3858245649446722,0.10607816857449634,0.7384,-0.035800000000000054,2.805505948203512,0.056316059678584725,6.915651459091571,6.985689456824564,6.397577154892971,0.9158118456930483,0.4056748615512267,1.9643226028517302,0.07948240295835855,4.0527777244925085,4.109397228386489,3.6095127517365624,0.8783557663404078,0.484685501250307,2.1439341887187573,0.04721988364771683,3.611184663750839,3.690057354150969,3.0033428328456298,0.8139013962661449,0.5936927596751342
183,2,0.40630934270713764,0.10564868060522617,0.75,0.011600000000000055,2.6405043186054384,0.053033787004353454,6.740145982927435,6.753881657171324,6.216321604336236,0.920407244289763,0.3917577342232272,1.8236838707282723,0.07395616507516445,3.9946327415393323,4.023095458900401,3.586010946738604,0.8913561667559184,0.45653355107321214,1.7535328427290717,0.03883932032806657,3.4907007215658883,3.61001457225316,3.1555234215427466,0.8741026825199915,0.5023440800569282
184,2,0.42695848571879413,0.10521798267852468,0.7952,0.04520000000000002,2.6744432144235697,0.0537479740514409,6.83875716372569,6.8934830584060744,6.3535393311718105,0.9216733075776774,0.3910715281147018,1.5693390162591672,0.06345801332208237,3.8009294814797823,3.8415350748508175,3.506360903335801,0.9127499385052387,0.412882960314273,1.4440147677408495,0.03197945514257425,3.1827390987166075,3.2081837742084147,2.8648324204944773,0.8929764072512786,0.45370189731326926
185,2,0.44773576836617324,0.10478609179760855,0.7841,-0.011099999999999999,2.563746207373793,0.051537472545221924,6.730175707178204,6.749758990723841,6.2439131730259865,0.9250572030211692,0.3809330274452386,1.534136343383261,0.062432232515092924,3.7348920365408,3.7509262863261466,3.4228458729463207,0.91253349483944,0.41075788225572235,1.5074773901428724,0.033342097998191204,3.2429418674324304,3.2774039703604707,2.9101357835713935,0.8879392988748096,0.4648487243270888
186,2,0.46860474023534326,0.10435302501279019,0.8196,0.035499999999999976,2.62172706476459,0.05272768848763179,6.929936714691437,6.939081672534277,6.424749140843292,0.9258788762024843,0.37831904860062276,1.6250904179128798,0.06633011685549758,3.965001299820766,3.9727717621043483,3.6251891082567473,0.9125087785905202,0.4098587352257212,1.4087667699353446,0.031487978247203285,3.2201310827941945,3.2663490780027433,2.9469327228194824,0.9022099758613147,0.43748739840519774
187,2,0.48952879005832145,0.10391879942080473,0.8186,-0.0010000000000000009,2.343582537119333,0.04716829591289333,6.446399957044525,6.456189850254016,6.015813186953287,0.9317900071845933,0.3635490433010292,1.5493406552163913,0.062325562567647895,3.749329860762352,3.7542207046393905,3.419607732048607,0.9108701914681586,0.4132313540695946,1.5231097508820395,0.034105057873754105,3.3115304215301427,3.333120853603704,2.964765396702196,0.8894863183543887,0.4599413434282339
188,2,0.5104712099416785,0.10348343216413511,0.7583,-0.06030000000000002,2.4501242645055172,0.04935548273772337,6.557015514944068,6.562874698119778,6.088367218704642,0.9276982265788071,0.3736645519476733,1.5057709882490289,0.06160273098951579,3.7066149346803874,3.712934318276219,3.393896679889763,0.9140739881079896,0.40623884994378784,1.489056164971753,0.0338500777484661,3.2124081393695256,3.247711234497599,2.8862329623025724,0.8886975330948889,0.46353268338561693
189,2,0.5313952597646567,0.10304694043033502,0.779,0.02070000000000005,2.5912354992185733,0.05224807077685942,6.910033058431169,6.914910825123392,6.411044389108196,0.9271333428936583,0.3749961074436421,1.6147458532320684,0.06583480462241137,4.01063918724675,4.017778606702046,3.679013521749176,0.9156834862956917,0.40261558765164557,1.6547981876265623,0.037940962105907375,3.28884681439022,3.3120181970858007,2.8689909642945715,0.8662364738270331,0.503154534405816
190,2,0.5522642316338268,0.10260934145135082,0.7999,0.02090000000000003,2.3703667183660766,0.0478092980960217,6.524737765513435,6.529645048162725,6.084211205164229,0.9317828396929739,0.3632891931526617,1.4546180884585802,0.05934322844955756,3.740624214077633,3.7482266606053853,3.454459297233707,0.9216249736284008,0.38887041445762055,1.0577883412989526,0.024316300679800243,2.9135173097750466,2.9373306645739325,2.7402546221251725,0.9329064157380639,0.36306231569313197
191,2,0.5730415142812059,0.10217065250284094,0.6808,-0.1191000000000001,2.3900242808584315,0.048235521974326914,6.5105657179440914,6.518428054813255,6.064461079215913,0.9303563724597481,0.3670993250665096,1.4981159904740187,0.06120489866836479,3.736331094724525,3.743207250832396,3.4303424628807604,0.916417989444196,0.4009591100181856,1.6294514086970997,0.0375010327465753,3.1090670381182037,3.1172906691770836,2.6575157254039934,0.8525081577027067,0.5240965822606845
192,2,0.5936906572928624,0.10173089090349377,0.8407,0.15990000000000004,2.564814474152818,0.05181690534930048,6.690713281830523,6.715348319676508,6.206257294711592,0.9241899301822902,0.3833394686210655,1.6744743700755333,0.06912095049373512,3.797404697796699,3.8261271367748817,3.4402593824855656,0.8991492596833645,0.4409523090986547,1.239597736825769,0.029112226760335,2.9679103576418555,2.999414877877712,2.7312791489096218,0.9106039878158455,0.41766683876890665
193,2,0.614175435055328,0.10129007401434442,0.8306,-0.010099999999999998,2.329122168795908,0.04703780590867495,6.338279359746279,6.351028069543196,5.908531755668008,0.9303268212595043,0.36746915631202826,1.3830967646573848,0.05749937168201328,3.5954417812733612,3.599017709924213,3.322645279084583,0.9232089272365793,0.38468061751442056,1.086983965641315,0.025326020417816536,2.9775584042261434,2.992539671182816,2.7881463644773254,0.931699048579462,0.3650588227248621
194,2,0.6344599103076328,0.10084821923808882,0.7609,-0.06969999999999998,2.500057007481619,0.050556990917568906,6.580602147174822,6.597671681857847,6.105652024058882,0.9254252588603475,0.3799131069722762,1.5980640731651066,0.066132470329305,3.8365463748369004,3.85482081580743,3.5079672940119453,0.9100208444519274,0.4165371448776098,1.2066226177362094,0.028204127153591912,3.2353327841280546,3.256259441367092,3.024448176411718,0.9288105665014054,0.37295162453014946
195,2,0.6545084971874737,0.10040534401839686,0.7999,0.039000000000000035,2.498978843558935,0.05057685363915695,6.531384776565486,6.545348195024663,6.049519626561334,0.9242471823209917,0.38261087488295514,1.5463629882715666,0.06403921674021085,3.672539836744551,3.683476474899903,3.34316624760236,0.9076116734784384,0.42106091615395763,1.1233739408064618,0.026270473367559652,2.9479661505080346,2.963493611293541,2.7423214908891222,0.9253677755330545,0.3810674490318915
196,2,0.6742860236609075,0.099961465839224,0.8084,0.008499999999999952,2.338831292957093,0.047374649059036406,6.295463940800961,6.322346911110933,5.873835080995061,0.9290592818740057,0.3715105534635987,1.4294646927846326,0.05970492182489342,3.513520804620743,3.528572753566927,3.2260590383556043,0.9142674003517368,0.4068467990582831,1.3075766443001084,0.030713804951116128,3.011862978781377,3.0444634344120654,2.749364259156475,0.9030702185744666,0.43414214176143034
197,2,0.6937577932260516,0.09951660222412072,0.7657,-0.04269999999999996,2.225945658169502,0.04511438397272578,6.152505613853752,6.169196768832604,5.753621013855943,0.9326369751932388,0.3617949820569499,1.4103892858393272,0.059591999680545786,3.568498748569673,3.583191740983436,3.293943639616547,0.9192764098949662,0.3952332297733438,1.2489529543944395,0.029919897166989076,3.0415148172783115,3.07990639482711,2.8153046483132824,0.9140877310562937,0.4106351701130493
198,2,0.7128896457825363,0.0990707707355407,0.7069,-0.058800000000000074,2.6296119240598577,0.05337237668438129,6.708180586876704,6.7366721768020925,6.202249025573283,0.920669562477879,0.39200076533482114,1.737532035301704,0.07263215862514917,3.8902960153967228,3.9332864164925043,3.5287001369348023,0.8971378545276419,0.4466323458227934,1.2944229462475765,0.03132230608256057,3.1332837419480644,3.1642430523731386,2.8873696152229655,0.9124993141906335,0.41312024471897707
199,2,0.7316480175599307,0.09862398897414784,0.7852,0.07830000000000004,2.589413874831814,0.052554386629869804,6.7190043585317945,6.744859788928909,6.228006840045333,0.92337083867452,0.38538654488946344,1.5994647543698448,0.06739733292194379,3.8092484646134626,3.8398799089009112,3.4909010378993686,0.9091172434344618,0.41988984683679537,1.1354750612696198,0.027460170068057278,3.0617397145944567,3.070871932933337,2.8532352403446604,0.9291286978611357,0.3708594351953329
200,2,0.7499999999999999,0.09817627457812106,0.7934,0.008199999999999985,2.518048348598216,0.05111804908083579,6.471426154596915,6.491427209192363,5.983147973787196,0.9216999252975673,0.3891025391380762,1.6614930011001177,0.07002524794828396,3.8007443058167807,3.8135639498639824,3.4325953866242798,0.9001016979790544,0.43714937586233193,1.2591050284203962,0.030637791582840655,2.9930414822744513,3.0169618366770066,2.741662775054749,0.9087495710832451,0.42067743994767015
201,2,0.7679133974894984,0.09772764522245804,0.7991,0.005700000000000038,2.390783930963036,0.048553602464342364,6.4658990172476924,6.477662098627156,6.020320454409835,0.9293971131476204,0.3697527481616484,1.5228228759800162,0.064488540402858,3.661854461915064,3.683755081045821,3.354260263478225,0.9105546350616632,0.41586111403881837,1.1168251898156583,0.027449394807070083,2.7751847861465677,2.807048319203152,2.5753102038012594,0.9174442015064148,0.4024327300260267
202,2,0.7853567838422157,0.0972781186182776,0.7905,-0.008600000000000052,2.30548961094526,0.0468567560005163,6.300734424704128,6.311974602485514,5.875860881331477,0.9309069271314392,0.36590807603409214,1.3544582234220754,0.05772919022698979,3.5001384324577636,3.508561431914689,3.236579418083647,0.9224804755142576,0.38697275823773286,0.9317668784340749,0.023203023284414762,2.7970949623840373,2.806376113083994,2.6471791136954157,0.9432731063215782,0.33311950111264926
203,2,0.8022995574311873,0.0968277125121204,0.7943,0.0038000000000000256,2.454190644486042,0.04992372336777454,6.352608933716032,6.371081535529277,5.879424136782816,0.9228298372882751,0.3863279906088025,1.4784485029945083,0.06278799273734971,3.573798589614346,3.592099317765564,3.273739131589313,0.9113721091725593,0.41369105334893813,1.2512761014793423,0.03114579830207768,2.953138025957516,2.9713252093444686,2.6950101595074742,0.90700612340648,0.42371067335182633
204,2,0.818711994874345,0.09637644468524821,0.7524,-0.04190000000000005,2.475996939436456,0.050414168369794704,6.367720073311215,6.386061612312255,5.886528860448141,0.9217776491694004,0.3888357074322423,1.5105317358573143,0.06438588759838214,3.6262690409609464,3.649486191970233,3.322204620583641,0.9103211920333629,0.4165525830529743,1.5423790577357188,0.03784352926879465,2.996831837046347,3.0231547362148135,2.600102332932511,0.8600626034074619,0.5146698719190981
205,2,0.8345653031794288,0.09592433295294221,0.7466,-0.005799999999999916,2.412207784040403,0.04915588650892024,6.395371681548467,6.400408289421934,5.928446657331492,0.926260699200946,0.37718023348040214,1.546096472934643,0.06590143755147668,3.660634860383918,3.667746174981566,3.3259506398987573,0.9068104719420704,0.4223574685546464,1.4742835231287734,0.037124492700614756,2.98121656363814,2.994674092488033,2.6066381148025624,0.8704246386413679,0.4945241285422168
206,2,0.8498316702566829,0.0954713951637994,0.8099,0.06329999999999991,2.4646641131854663,0.05025301266244114,6.382626695808587,6.393363444514507,5.899197134791561,0.9227063635578329,0.3861520077312353,1.5242394836446769,0.06517593312748012,3.6209798254788215,3.6350480750218215,3.3000406916705103,0.9078396278571088,0.42094669319045946,1.1548239301762553,0.029454113720735052,2.628104674697212,2.6482617035262,2.3832061137203016,0.8999133697953744,0.43941321717305815
207,2,0.8644843137107056,0.09501764919902819,0.7927,-0.017199999999999993,2.2276970659480524,0.04544509622993236,6.128936519405498,6.156446964671817,5.739268684240844,0.932237168154796,0.36347204101310177,1.3231414531156516,0.05683611645942022,3.480585895306822,3.5008390891218752,3.241168129302383,0.9258260796314902,0.3801490590707038,1.033053061519217,0.026127687774665308,2.8342246551747428,2.8956251875370373,2.7050780154385574,0.9341948077677292,0.3644922993782667
208,2,0.8784975278258783,0.09456311297174226,0.8163,0.023600000000000065,2.2221649546219995,0.04537401758065459,6.048076881225587,6.063336716630306,5.641456807138623,0.9304211642519267,0.36741678359282004,1.481358444068096,0.0635377840253084,3.39960382559327,3.4159588119036988,3.07804355016111,0.9010774777011231,0.4357444337825399,1.056937192931306,0.0268032696038302,2.738057973885804,2.7732690797969064,2.5639629164665845,0.9245272790674716,0.38601709788902655
209,2,0.8918467286629197,0.09410780442625366,0.799,-0.017299999999999982,2.3529809420760346,0.048067418946926635,6.356897504265431,6.368840301290867,5.91824360634124,0.9292498047315932,0.3701461193132659,1.4970886135815948,0.0646522383097899,3.5749604207817165,3.5911729084307016,3.2642377914011687,0.9089614659706264,0.41877068201337875,1.2746356500802667,0.032559016090699715,2.874896745347042,2.9163394735981023,2.6230406546590137,0.899429122845831,0.44336745385490345
210,2,0.9045084971874735,0.0936517415373641,0.7694,-0.02960000000000007,2.3743190206172295,0.04853574322207524,6.288300240089811,6.298434276186382,5.833770951907118,0.9262255818027506,0.3775772354952503,1.588603919884597,0.06803415856415883,3.6175117857543055,3.6295600538195614,3.2634404912895763,0.8991283910167845,0.43914270746552636,1.0578213349217782,0.027198976097884044,2.6194704400555042,2.6318684981954936,2.4099265155875464,0.9156713252352392,0.4038302241346781
211,2,0.9164606203550497,0.09319494230965554,0.83,0.06059999999999999,2.3722161937855955,0.04851844919447402,6.29278695186374,6.3109908447065095,5.848178839461428,0.9266657143650786,0.37697386101447694,1.5289393621333198,0.06610434237686397,3.592642405660068,3.6149033581684256,3.2756480854892343,0.9061509426213035,0.4255751587534945,0.9608531336276799,0.02477724160921287,2.5547450528510196,2.572231268232892,2.3860292252264923,0.9276106914234351,0.3761052918197831
212,2,0.9276821300802532,0.09273742477677936,0.7663,-0.06369999999999998,2.2587609993187066,0.04623334870120545,6.00347408566819,6.01883077414,5.5789176939596485,0.926910541816453,0.37624231687964477,1.4369388138679082,0.06200187801982093,3.453357062848436,3.47231662614189,3.161042537255371,0.910355499684838,0.41609911391053106,1.0868289489709255,0.0280006866969878,2.7654452606995,2.8054532518548614,2.5863816954151404,0.9219122413482103,0.39300324053278124
213,2,0.938153340021932,0.09227920700074431,0.7811,0.014800000000000035,2.2273911529714403,0.045630099535292956,6.129450273551015,6.144035453364938,5.726071976480336,0.9319724828971008,0.3633916670443973,1.3418071273506929,0.05838132899845115,3.4528360544633703,3.464006207792464,3.1935705111486,0.9219297886835467,0.3886101471907946,1.226270565831253,0.031788447056317524,2.768690746287239,2.8381160774091185,2.559524402816096,0.9018392246847968,0.4429062969476306
214,2,0.9478558801197065,0.09182030707120359,0.7491,-0.03200000000000003,2.278029007855444,0.046693867955467386,6.095874802670778,6.11659152022438,5.676554911855243,0.9280585262373391,0.3737000974589199,1.4619452016702024,0.06377314411742163,3.4295075029861968,3.4387375749557725,3.112496208807582,0.9051275768979299,0.4262842989546556,1.0641155179778357,0.027822863365084514,2.691037499167702,2.701825704779228,2.4834493770833115,0.9191745317584206,0.39542946477221175
215,2,0.9567727288213004,0.09136074310474071,0.8044,0.055300000000000016,2.2920147245515077,0.0470190005193386,6.219774524616868,6.238123276226881,5.801797177492118,0.930054909238877,0.3685044715817401,1.395031272800134,0.06095471275735875,3.4836004845199517,3.5111532321916963,3.222124297719466,0.9176826201083181,0.4004567340598394,0.9882612594146951,0.026105969291928724,2.6392311782875537,2.6611876130721215,2.4708823250422296,0.928488586413417,0.37445043372665876
216,2,0.9648882429441256,0.09090053324415412,0.7619,-0.04249999999999998,2.5309378539878016,0.05195257780988836,6.216385885270956,6.237190084924747,5.700604667587082,0.9139700073219527,0.4071397594516423,1.596349037414277,0.0699377179181823,3.5598282460463135,3.588422296976845,3.213789742729358,0.8955996470752327,0.448434285892092,1.092721572731055,0.02861639769457145,2.5062809118258045,2.527649610792224,2.279248063020048,0.9017262730120567,0.435993255015862
217,2,0.9721881851187406,0.09043969565774111,0.7621,0.00019999999999997797,2.5906528623202263,0.05319761331893893,6.4587518599864255,6.502130960058965,5.9637425061723395,0.9171981528526852,0.40110735301195966,1.7338084601604407,0.07660148216748237,3.6762556030462132,3.7359982457785486,3.3093188076254627,0.8857923879821925,0.47162347980477065,1.2311510051880126,0.03265994276321526,2.848714121456527,2.8697185728588783,2.592209700367466,0.9032975305954994,0.4321778011752664
218,2,0.9786597487660336,0.08997824853858052,0.6896,-0.07250000000000001,2.5763688899458486,0.052932130086317634,6.236994863558581,6.303467171602509,5.752914177700954,0.9126587037080437,0.4130785652877506,1.6522990870393768,0.07245587116389528,3.515640927918573,3.561833539996569,3.1554026319609783,0.8858927843000821,0.4699851665504465,1.5403078410965108,0.04029854044340325,2.6346179394996545,2.6580854698122134,2.1663036848532773,0.8149864665586998,0.584641825292146
219,2,0.9842915805643155,0.08951621010381451,0.8085,0.1189,2.579273675295187,0.05301889838208724,6.476236790953833,6.503130022815975,5.969761061244115,0.9179827314384679,0.39826735163513166,1.767462851224068,0.07792582613683646,3.8626111576693254,3.888286782315502,3.463358098867368,0.8907157040522906,0.45758239156812863,1.1632416184203993,0.031241647573089445,2.8460505702937153,2.868179226847496,2.6217018172111244,0.9140648508540792,0.40872134548907596
220,2,0.9890738003669028,0.08905359859392935,0.741,-0.0675,2.297774576055785,0.0472115062927872,5.968530110616764,5.980672651103752,5.521655310264148,0.9232498804704031,0.3849816510045791,1.457361837528896,0.06394208772153773,3.399218524110274,3.403435764133519,3.0756254622833468,0.9036825359524218,0.42873437738468195,1.1007232220055099,0.029481042831928095,2.6849269488736858,2.710744219227633,2.477204583997921,0.9138466722263254,0.40996393680925214
221,2,0.9929980185352525,0.08859043227203531,0.8138,0.07279999999999998,2.111275470233983,0.043414709114458105,5.921219172801165,5.934194235698359,5.5459153491635895,0.9345692319609293,0.3565609393302016,1.3031997130711772,0.05793490658025291,3.3281313618877135,3.3410955317097053,3.076457290726594,0.920792973899884,0.3915709962638023,0.9617256817848338,0.025872810136888285,2.7325261031930057,2.7533759564879423,2.5799541487496813,0.9370148463272453,0.3519548013323789
222,2,0.9960573506572389,0.08812672942314571,0.842,0.028200000000000003,2.081974327602666,0.042841983825218914,5.852594384260123,5.85851380903639,5.476090493450177,0.9347234933548592,0.35573528437266994,1.2900161126636962,0.05723136178155819,3.302317024393915,3.3106146909848193,3.0489388357135105,0.9209585289451285,0.3906396942311912,0.8923982001545385,0.024100911383495138,2.477539660455406,2.492559480513323,2.3273328688455095,0.9337120686749725,0.3601953237715288
223,2,0.998246429624752,0.08766250835345503,0.8443,0.0023000000000000798,2.1390161128860505,0.044071767944060286,5.818640641590955,5.829465036135476,5.422847282530185,0.9302478441701316,0.3676144042298499,1.1962039428902869,0.05329793536439739,3.173311883620622,3.178794037293301,2.945136298766209,0.9264948481135166,0.37695757201320723,1.2185625017427588,0.0330097984714294,2.524886493392316,2.543722800558645,2.2328529164304842,0.877789402186477,0.482620705893815
224,2,0.9995614150494293,0.08719778738961627,0.812,-0.032299999999999995,2.1543855005117325,0.044433634025961025,5.865801028004748,5.878594907414246,5.469597903941485,0.9304260610036383,0.3672789939901092,1.2790828540144294,0.0571847915483613,3.349870618269459,3.3804084944977415,3.129074723767077,0.9256498819181889,0.38183052415176644,1.042682383965949,0.028799176160251547,2.505228595561476,2.5264922796919222,2.3012988400185317,0.9108671570131018,0.4162024917858888
225,2,1.0,0.0867325848780173,0.8187,0.006699999999999928,2.115897445030077,0.043698200493762725,5.84904137633123,5.850678105784065,5.454668853088291,0.9323139565131308,0.36175115012731524,1.294536085825305,0.05808464401900124,3.2570310832696485,3.2592376488130093,2.991121272723069,0.9177364755259297,0.3974589289230098,1.0683593176539101,0.029449634479696257,2.4956504418515926,2.508469139335214,2.269587511534675,0.9047699554861391,0.42808852543518255
226,3,1.0,0.0862669191840568,0.7812,-0.03749999999999998,2.1936384361593015,0.04535417436545996,5.799443951591585,5.80508484315363,5.374659092700044,0.9258536675891621,0.37824978643983354,1.2870562649761887,0.0582031506606377,3.1973073529472353,3.208009741713265,2.9385051648633733,0.9159901002339349,0.4025438041762852,0.7812368523113774,0.021902363461819722,2.5331954011622293,2.57214129828779,2.450628348137746,0.9527580579531413,0.3083997594314857
227,3,1.0,0.08580080869141891,0.7975,0.01629999999999998,2.2498194153841067,0.04654383356547111,5.981588322945872,5.994019795176069,5.555770500962247,0.9268855777609342,0.37612408175159956,1.2886428447624232,0.05810093500556093,3.4254859628217442,3.449219096733033,3.1994549767374694,0.9275882125806011,0.3761927092239209,1.0713234717401867,0.029927106787656522,2.5875042622979136,2.613587225575831,2.3839262580361975,0.9121280647180108,0.41403737468195106
228,3,1.0,0.08533427180134788,0.6607,-0.13680000000000003,2.4273794504035946,0.05025014379826455,6.0544468529214175,6.0627557951233,5.555613077535013,0.9163511223730606,0.4009250571309128,1.6264944191741246,0.07372339716897706,3.4079306757362686,3.4245658161603147,3.0136633735949903,0.8800132733246646,0.4772674605015924,1.0985004349458947,0.030856396973480735,2.4649257550824455,2.46909683150247,2.211274696635562,0.8955803872989377,0.44565254457700804
229,3,1.0,0.0848673269319212,0.7983,0.13760000000000006,2.8476213497946397,0.05896100309074292,6.606792718405061,6.639191752712004,5.997492771451816,0.9033468221492376,0.4310141805814185,1.9117117024253276,0.08699170241016145,3.8674533425064066,3.9025106448873035,3.402197474410267,0.8717971029412824,0.4943076316950192,1.0857783191569905,0.03053600507225058,2.665514323858501,2.679437499476234,2.449585736974831,0.9142164120094857,0.40734289417933334
230,3,1.0,0.0843999925173228,0.7794,-0.018900000000000028,2.4889414946812405,0.05150060473709715,6.057564581857223,6.07461281552325,5.5413076934514685,0.9122075532601918,0.4108815450578559,1.5510499283403796,0.07019151987899033,3.3642634261756448,3.382247915391584,3.0056355432373443,0.8886502759184532,0.4610370033073031,1.2585069738760761,0.035075670130495326,2.7614463029527996,2.8158069477006165,2.518914613502291,0.8945622552566086,0.4557419684497799
231,3,1.0,0.08393228700711522,0.7699,-0.009499999999999953,2.1256027266716027,0.043993955234980224,5.753273590669658,5.7666568244875105,5.3606104055404025,0.9295872060180738,0.36945969858252314,1.3370402803657886,0.06079692401627051,3.238968496951378,3.250328545439701,2.962593275410857,0.9114750198306738,0.41279817374705996,1.0236415091048032,0.028983922944110223,2.677809447344985,2.7141544424205284,2.5137207688346384,0.9261524434817571,0.38226824172262563
232,3,1.0,0.08346422886551111,0.7287,-0.041200000000000014,2.25503549790629,0.04670718312621937,5.794328588105796,5.801753440879644,5.345573660998471,0.9213720844000555,0.3891797752953247,1.4692666252526936,0.06704733079859185,3.2906563746511464,3.3012296523082783,2.9562430222583944,0.8954975368621619,0.4464965216577667,0.8802711309907564,0.025092081337576604,2.626980283765225,2.657093729703625,2.5070439212276496,0.9435285978817496,0.3350885944713191
233,3,1.0,0.08299583657064448,0.7994,0.07069999999999999,2.308411581620824,0.04784558450896619,5.980233670766182,6.006527097893393,5.545232525935922,0.9232011169783524,0.3860069202488324,1.4601998548803699,0.0668573468480884,3.401126198173961,3.425034914187183,3.0981736872858456,0.9045670379745875,0.42932833708562185,0.9132675530885295,0.02585058273502199,2.5780657332991304,2.627819521274055,2.464016734368548,0.9376658915959001,0.35424525499581744
234,3,1.0,0.08252712861384111,0.8256,0.0262,2.1226863220067753,0.04400836963640388,5.780223118458664,5.786496665078718,5.383098215413029,0.9302862382864259,0.3672325926707141,1.1721114629191705,0.05323561038110133,3.1262852555113887,3.1354047000476144,2.9080779668624746,0.9274968449266892,0.3749214697708191,0.8321926809214075,0.0236446108772563,2.514659093388321,2.5427751303571906,2.4027403206149986,0.944928354823684,0.33093658027422246
235,3,1.0,0.08205812349888857,0.8081,-0.01749999999999996,2.054653706524796,0.04263336014644156,5.510037032386346,5.520161194718857,5.123531770529773,0.9281489416344328,0.372892903341331,1.3458755785563037,0.0612930101737359,3.159488310879595,3.1689583165254436,2.868957293381046,0.9053313445052413,0.4259789706839,1.2496997421211333,0.035742803807775225,2.4182451443151383,2.476213827138257,2.137729201054993,0.8633055746746845,0.5167795932761217
236,3,1.0,0.08158883974130575,0.8025,-0.005600000000000049,2.090056710905706,0.04342504313080673,5.7567062265343,5.775192413116875,5.38372643566962,0.9322159420077261,0.3630646812012117,1.3776798929817577,0.06333242179550963,3.288147966161958,3.324282196194668,3.025367773943517,0.9100815139601203,0.41898354549714323,1.053021940856869,0.030452406353483407,2.510638542720123,2.546948288112511,2.3190711485917492,0.9105293418856035,0.4194239524881922
237,3,1.0,0.08111929586761181,0.7852,-0.017299999999999982,2.1125802677742618,0.04392155577299616,5.633598298941791,5.648290791756069,5.23833880811816,0.9274201703219225,0.3749966106335779,1.3930333928556409,0.06428363904248476,3.2791353493357915,3.2930155234065848,2.9838581397286386,0.9061172407234429,0.42481729006331137,1.024902062568369,0.029918917345825163,2.410735017426606,2.428520900561155,2.201656191497162,0.9065831761993187,0.4251409031517798
238,3,1.0,0.08064951041459496,0.8163,0.031100000000000017,2.2851247495450475,0.0475659136818459,5.786699462620646,5.811201698336851,5.343058098603195,0.9194411717170929,0.3948925919353299,1.3243735454984715,0.06176012868340106,3.1359712174866767,3.1523425084209755,2.860646408391575,0.9074668760611572,0.42231686889010744,1.1320931192804606,0.0329192538277496,2.447991867626128,2.4869998445980834,2.214392383190724,0.8903870211333228,0.4624578758826828
239,3,1.0,0.08017950192858046,0.7478,-0.0685,2.1207717153552545,0.04415539091937639,5.606327583035223,5.622589298729469,5.20728698777629,0.9261368225762062,0.37828180461176064,1.2910072590285762,0.059803619680497855,3.1531989408019094,3.169599638835959,2.894764629286156,0.9132903076519984,0.4094277853271929,0.9818797236607228,0.028892412226464922,2.3386697931865723,2.365017221228957,2.151562060800185,0.9097447754237273,0.41984538669003596
240,3,1.0,0.07970928896469852,0.8349,0.08709999999999996,2.129439084977298,0.04437705339949321,5.736247925686567,5.755918973079852,5.34753142996603,0.9290491153499849,0.37122507823307294,1.2417442085915398,0.05774304693803376,3.2722393782976895,3.2908071767637073,3.0475372393360836,0.9260759064993702,0.37947841372092095,0.94147868009613,0.027828737153787343,2.3485539122114623,2.3735590509825815,2.1788531238585764,0.9179687874024441,0.40087590717030125
241,3,1.0,0.07923889008615183,0.8079,-0.027000000000000024,2.01750360244528,0.04208423291078601,5.364878880062719,5.375656824984369,4.9827066406996385,0.9269019215552561,0.3760576235826771,1.288743594793621,0.06005813272385135,3.0577821744229565,3.066573302198481,2.78262679838438,0.9074059297357951,0.42146350566544977,1.0195453702263138,0.030054615430964816,2.465137826848907,2.488298103870687,2.269836066459218,0.9122042342629127,0.4135855444356879
242,3,1.0,0.07876832386348272,0.8082,0.000300000000000078,1.9806930363333386,0.041350384128183405,5.50282258792333,5.517003352028817,5.149192276447121,0.9333313663029701,0.3599412855286723,1.282089267941624,0.06015067341116886,3.158786871175038,3.1707442093695115,2.899976892506239,0.9146044906230031,0.40588026993562226,0.8090305211225612,0.024200171512742626,2.48649734795728,2.512048020456701,2.378204076454411,0.9467191936968002,0.32536954917213173
243,3,1.0,0.07829760887383987,0.8045,-0.0037000000000000366,2.2042487112887317,0.046058769678322294,5.6764373370340655,5.700832733561474,5.257450087807158,0.9222249333603371,0.3883155191210919,1.2772889317072504,0.060178504725331226,3.13448601788691,3.1499821652522098,2.8793959084534326,0.9140991146605073,0.40749549508864136,1.0583741812483385,0.0317762438387167,2.292671621050083,2.3221862325978337,2.0669770828908214,0.8900996198648937,0.4616335682488995
244,3,1.0,0.07782676370024509,0.7485,-0.05599999999999994,2.408827319611071,0.050349251322843284,5.992055173899197,6.022673535224768,5.519977118499842,0.9165326804143029,0.40200352795543104,1.478716067707273,0.06965566875259743,3.326599272963439,3.358416404011442,3.0153539877077233,0.8978499462145463,0.4445128331883469,1.0448063071210703,0.031543850019402325,2.3818873682764576,2.4064420406334177,2.1677970398496846,0.9008307714234757,0.4386463948868816
245,3,1.0,0.07735580693085962,0.8087,0.06019999999999992,2.1480706609362645,0.04492161301866172,5.592075161546298,5.626262739198204,5.200060077120396,0.9242476432697586,0.38412764472612865,1.335403339140406,0.06251639422228521,3.0200830426609557,3.036378944804253,2.726957141183216,0.8980951293479,0.4421743774183771,0.8588761249246833,0.025742321381568515,2.2531754450027397,2.267220932267016,2.09824287958743,0.9254690840779142,0.38118475275840713
246,3,1.0,0.07688475715825031,0.8382,0.02949999999999997,2.0273558124384388,0.042408653045088,5.531382563450137,5.54257526675362,5.158485147223867,0.9307018667236392,0.36651882041836187,1.2252197446514044,0.05802878631019107,3.075081985133809,3.0883801876825014,2.8349477533768046,0.9179400142131235,0.3984348224127397,1.2844910036127668,0.038729503239397646,2.5352170317181617,2.5958956219689417,2.255827733744234,0.8689978574844345,0.5066591883623646
247,3,1.0,0.07641363297865562,0.82,-0.018199999999999994,1.986112461727747,0.04158818344279763,5.357415274987434,5.364501842705428,4.983295823576965,0.9289391577622773,0.37072214114154245,1.212710974914406,0.057398757175262625,3.004363722793636,3.010681702407683,2.7556372025893725,0.9152867938133918,0.40364985295014655,0.8085953401965844,0.024881264015254926,2.4496100227968247,2.4950150398996955,2.3603545990223136,0.9460282047507034,0.3300914564651301
248,3,1.0,0.07594245299125145,0.8117,-0.008299999999999974,2.0313436607255566,0.0425666885704628,5.552256410087841,5.562459229045068,5.178281145055517,0.9309337708070708,0.36585912297472933,1.3418626687078772,0.06365423807259925,3.0810454749355323,3.101119903802317,2.7957734869041158,0.9015367266116305,0.43552186412826455,0.9408583740607408,0.02913244288898054,2.1949851523027495,2.2250191993394446,2.0163076704008263,0.9061978750562782,0.4286399719258649
249,3,1.0,0.07547123579741692,0.8203,0.008600000000000052,1.9777876743918779,0.04147338082207104,5.362125117334437,5.368548580878121,4.990958804087783,0.9296663202163709,0.36884399955498515,1.2354453261211542,0.05973696277262131,3.0238882251870827,3.032114113355151,2.7690053019248584,0.9132259533797188,0.4085618363240656,0.9733460205783402,0.030312404237076367,2.4590418498990827,2.500443922569156,2.3032189265649703,0.9211240075316143,0.3958232840235255
250,3,1.0,0.075,0.8107,-0.009600000000000053,1.917378667164855,0.04023809763051608,5.240297425922214,5.264134773173468,4.902527304150438,0.9313073307192256,0.365891191152652,1.1612739223316237,0.05560408647494227,2.893915008077058,2.9138315718629784,2.672425351153168,0.9171516215827582,0.40128128127137513,0.8047470761529081,0.02510093674056044,2.4312063519860505,2.471717579089376,2.337043057992768,0.9455137908003938,0.3310073106281212
251,3,1.0,0.07452876420258307,0.7665,-0.04420000000000002,1.9651162005280736,0.041275598920031416,5.458781466530649,5.466636332994989,5.101218590990971,0.9331549201840141,0.35999173305924836,1.1140662063815574,0.05348526105489062,2.989062239960032,3.004614861813021,2.790442094851495,0.9287187287517138,0.372714288611285,1.0877873728895764,0.03391583393760188,2.236487757882305,2.2546146458318606,1.9748434356821867,0.8759117392114475,0.48638199295111956
252,3,1.0,0.07405754700874854,0.8261,0.059599999999999986,1.950630955389955,0.041001065019495346,5.318955193071967,5.328863693998965,4.959014731720738,0.9305951543300445,0.36673197734974083,1.1713464492956305,0.05638669283726345,3.0211190453734043,3.032091810422884,2.79669949940408,0.9223663643001715,0.3877193952649603,1.0284862563965533,0.03256664405455121,2.7551255739651026,2.767313359085967,2.569093265735184,0.9283709260102535,0.37329923039274887
253,3,1.0,0.07358636702134437,0.7797,-0.0464,1.9947545226102796,0.04194682082595699,5.246115340709281,5.2576575949271485,4.864557311597088,0.9252328101949159,0.3802345913234509,1.151295232335731,0.055566862628476994,2.8688127148983527,2.8765395794717223,2.6360954437555635,0.9164120189994687,0.4013141835145985,0.9309193095331231,0.02944473197819881,2.2273671736249074,2.2533359328005615,2.0520506516964634,0.9106723155770519,0.41794604884030295
254,3,1.0,0.0731152428417497,0.7333,-0.0464,2.3087275070692774,0.04860162304937046,5.618756820538657,5.638655190618815,5.144337614773603,0.9123341365743339,0.4108964991383886,1.5178734849231765,0.0732221980535329,3.180301924398725,3.2073273868791223,2.8254218979601537,0.8809271886364615,0.47727339133379576,0.9896407610578842,0.031539464286281745,2.4950698435480083,2.5067534048004037,2.3031334877208014,0.9187714608506475,0.3966385003678324
255,3,1.0,0.07264419306914037,0.8077,0.07440000000000002,2.0861389176406813,0.04393461856319699,5.558783763691066,5.586942628454857,5.182851755058675,0.927672270816223,0.37528693439506494,1.246319358000931,0.06007240998696085,3.027817364540769,3.0606158661365632,2.7953635286245917,0.913333672334777,0.411623030040308,0.8930964008005305,0.028220658236777663,2.424448302315748,2.4433931591768006,2.274324079583526,0.9308056180159581,0.368370981533191
256,3,1.0,0.0721732362997549,0.8004,-0.007299999999999973,2.054941821442522,0.04329811657618024,5.307310593475137,5.316905646762972,4.903743441593283,0.9222927332891022,0.38719079753291413,1.2839963981174425,0.06179672263097787,2.9939535887555153,3.0037888284220773,2.715529522312587,0.9040347632356979,0.428863160384245,1.1862978905063848,0.03801977494701531,2.26924044180535,2.2959231959206807,1.9656963253445083,0.8561681544213202,0.5227731132636594
257,3,1.0,0.07170239112616016,0.8155,0.015100000000000002,1.8938633725088347,0.03994151509557526,5.248606707767063,5.264924581585506,4.912505707042862,0.9330628826526296,0.3608316412251336,1.103940331996304,0.05357337419483824,2.9874320698630425,3.0025696736826784,2.792264359931361,0.9299582235860738,0.36952817877693656,0.7594521442388,0.024157574140551197,2.1836119342147593,2.236327201144323,2.1034238411665935,0.9405707000703103,0.34779629674075024
258,3,1.0,0.07123167613651728,0.8308,0.01529999999999998,2.0662888290171115,0.04361113038433572,5.327550952789373,5.333316242438801,4.9167786837961875,0.9218989574763823,0.3878496606278827,1.26526415220632,0.061294645724173716,2.872426669406969,2.8782588209420448,2.5852428005144463,0.8981967784496547,0.4404861456280595,1.512901268728957,0.048432996028062156,2.4152485153339582,2.491193713010025,1.9791859012238215,0.7944729030455197,0.6263956934964794
259,3,1.0,0.07076110991384817,0.7976,-0.03320000000000001,1.9423332030843241,0.04101981530762485,5.113254007498995,5.116823089560759,4.733837795654955,0.9251517421645545,0.3798624516278162,1.2393932021498157,0.06006005536024837,2.830517512423641,2.839754165699469,2.555016324115238,0.8997315172476924,0.43786805653379646,1.1029838058050665,0.03614476910878939,2.2417718356403737,2.2815455501707746,1.9972173697664573,0.8753791348224298,0.49201430237881166
260,3,1.0,0.0702907110353015,0.8396,0.04200000000000004,1.834513007583713,0.03877698258809151,5.173850716908969,5.190464982150409,4.855459686436381,0.9354575559480539,0.3545740122706347,1.023192127681384,0.049906445846367525,2.7651230620041307,2.7802221809606693,2.585094472579806,0.929815786048639,0.37003493325168163,0.6526105093384933,0.021169923746677154,2.066007527750394,2.0999334188156804,1.9959507876309863,0.9504828913845572,0.3158800249140907
261,3,1.0,0.06982049807141956,0.7827,-0.05690000000000006,1.8634525821952526,0.03942474528902728,5.125182644819441,5.140238067360041,4.790573233301159,0.9319749728559819,0.36358754630507445,1.1349521892948564,0.05549326145082396,2.8346996995069444,2.848478774461469,2.6126068698469602,0.9171937292532214,0.40037827974944407,0.9201171566127377,0.02978773764786676,2.112052264998076,2.1427961837926293,1.9351899219222075,0.9031143216323214,0.4356507515753053
262,3,1.0,0.06935048958540503,0.8473,0.0646000000000001,1.930921230247789,0.04089181747357789,5.247478015847198,5.266111058412999,4.899333507881136,0.9303513453355851,0.3679712853329685,1.1206100981718603,0.05481490305582741,2.904228449073288,2.918945371608974,2.69526899874115,0.9233708259690623,0.3858546659886334,0.7659177874506797,0.02517557661551527,2.090454956846488,2.1458277185226877,2.0044816245275436,0.9341298032572461,0.3663880845373913
263,3,1.0,0.06888070413238818,0.7326,-0.11470000000000002,1.903140122403275,0.040327165067374285,5.124717146094857,5.139152014795912,4.7737763951876735,0.928903519772075,0.3713649101304075,1.1534066297025474,0.05639815090623728,2.818660816292651,2.8298823780364346,2.584160936988068,0.9131690267569124,0.4092037690507255,0.7951541683258434,0.026015265308976313,2.20688253394673,2.247143569109443,2.101757466257002,0.9353018183390666,0.3603065211195499
264,3,1.0,0.06841116025869426,0.7626,0.029999999999999916,1.7485588414175433,0.03707770261199878,5.096746168868431,5.101947758486654,4.7929545103634945,0.9394362187246673,0.3430735578118372,0.9256526208663812,0.045748047197340894,2.794361663218006,2.8066033233266143,2.6495640022238005,0.9440464850170995,0.33125727175930164,0.6655687781485926,0.021973951585395373,2.154776043096879,2.1831810518569394,2.079254109652329,0.9523965535903613,0.30888072116860293
265,3,1.0,0.06794187650111143,0.776,0.013400000000000079,2.3893894762476027,0.05070176692832991,5.512709246769601,5.532098355496753,4.989481941059205,0.901914901079371,0.4334328855902864,1.5158608892836811,0.0748407695169766,3.0675977348831003,3.0932439052427876,2.696353780973484,0.8716912935327834,0.49415243467098446,0.9111267815357917,0.030213636863868444,1.9805998286222306,1.9941652455434276,1.7738497593019962,0.8895199448823041,0.46002567927596005
266,3,1.0,0.06747287138615889,0.8191,0.04310000000000003,2.164417510565291,0.04592740600529758,5.378196694071182,5.4103430194828075,4.958538928815818,0.9164925238492219,0.4024429811113644,1.3750524437448246,0.06809258424207162,3.0620327418760636,3.0927035530835787,2.7702068570145664,0.8957233725982346,0.4490652320400564,0.921714288402102,0.03031171100254753,2.2973747327953635,2.3256782685802566,2.1352335093624943,0.9181121646142302,0.40120328444658787
267,3,1.0,0.0670041634293555,0.8332,0.014100000000000001,1.7729846782603718,0.03764153239858687,4.802613624879044,4.824252248769832,4.486639621734635,0.9300176256079298,0.36917079256089963,1.079080701661068,0.05347952511326077,2.6636649357195,2.6806830025383728,2.4539042883869255,0.9154026365904855,0.40511127626853355,1.1491553813514448,0.03773531943857984,2.490229902825482,2.538580029007814,2.2635882452239273,0.8916749597642721,0.46146557795630916
268,3,1.0,0.06653577113448887,0.8195,-0.013700000000000045,1.8638845912493895,0.03960492475196423,4.959334443584763,4.970690902816814,4.608004151543779,0.9270349417487403,0.3758336148634725,1.0837214497814514,0.05410073328647222,2.5950131016377007,2.6053836020897143,2.3692976822688028,0.9093853513042944,0.41761694732774945,1.0418202572811752,0.03495576891439064,2.157075494479975,2.195727386099291,1.9328292238696783,0.880268304756789,0.4829781154842408
269,3,1.0,0.06606771299288478,0.8072,-0.012299999999999978,1.9836032844971627,0.04217905694234824,5.233500162248922,5.247923614562608,4.858602707457945,0.925814296148609,0.37902039228078965,1.2010440354201748,0.06017643771993216,2.9084072522260627,2.924682903662113,2.6666951597572863,0.9117894991002992,0.4129559347305674,0.7587964019145674,0.0258643930092644,1.9896426892530699,2.023905871788523,1.8762791345360652,0.9270584964892659,0.3813732013356763
270,3,1.0,0.06560000748267719,0.7882,-0.019000000000000017,1.9950624437756366,0.042440455479331916,5.122347515619535,5.134513668927823,4.731062923702241,0.9214237664480053,0.3894820563603129,1.2629708935795236,0.06324208926754604,2.8797836171901987,2.9038189680408037,2.6147789788273244,0.9004621181986101,0.4385645109030111,0.8113155115464122,0.027832451461173767,2.226575439000241,2.2793956225063092,2.130119760236922,0.9345107708396618,0.3643781824480659
271,3,1.0,0.06513267306807881,0.8286,0.04039999999999999,1.845252702126497,0.03927913460379255,4.906093767904853,4.928471258176572,4.569996872654396,0.9272645884000136,0.37611443837415937,1.1956830435150392,0.059936323234494555,2.725311149951885,2.7429424958927666,2.468618134768973,0.8999890221779852,0.43873267224410273,0.9998437634781212,0.03404466707688524,2.2414513638156612,2.2686572033260233,2.0364473586872203,0.8976443667653422,0.4460698008526359
272,3,1.0,0.06466572819865214,0.7819,-0.046699999999999964,1.8856800746616555,0.04017308862293413,5.040443681984247,5.046569252485656,4.681033205070455,0.9275674167683008,0.374109938258318,1.1805111799323706,0.05946770612277025,2.836577531920686,2.8437900608553117,2.587186762209886,0.9097671441441607,0.41617448021349523,1.0083113677811693,0.034419720053864115,2.1503930435811656,2.217140176164904,1.974593435989774,0.8906037864531078,0.4688963121374193
273,3,1.0,0.06419919130858108,0.7638,-0.018100000000000005,2.0108482489235593,0.04288218465711791,5.1451632838124315,5.151277423493706,4.742588785680764,0.9206626620517439,0.3908230192130216,1.3109989084563662,0.06651743360646488,2.890530425196071,2.898552170697274,2.585127962953809,0.8918687022741882,0.45354959665143063,0.7071189364866585,0.0243164587524898,1.8974206792978494,1.9034912479417838,1.7672752174074466,0.9284388458934993,0.37267377983269984
274,3,1.0,0.06373308081594321,0.7677,0.0039000000000000146,1.8999221320057922,0.04054055329417524,5.013360487671445,5.017805897599647,4.64420841861977,0.9255456495121516,0.3789717768506706,1.18306935800746,0.06036732544724961,2.833487985046678,2.84107328722835,2.583030020857396,0.909174019716087,0.41753110097905377,1.2760196011809757,0.0443007241499889,2.609459455220062,2.9303016944116584,2.637885943666719,0.9002096776237744,0.48899767291972196
275,3,1.0,0.06326741512198268,0.7976,0.029899999999999927,2.0280980391867174,0.04330247290466099,5.101184747828892,5.113853843333108,4.6944988445099165,0.9179962877957685,0.39757392438097705,1.2845252251789268,0.06508598548966177,2.835206681592319,2.844350436290628,2.537779433176459,0.8922175695362018,0.453062287669803,1.0312812348878795,0.035868027701197645,2.1451628181014497,2.171660089773061,1.9111689005842145,0.8800497414786179,0.4807473009440852
276,3,1.0,0.06280221261038373,0.8184,0.02080000000000004,1.8445671735269695,0.039398286478531844,4.954419560790925,4.970389380349521,4.615446082244502,0.9285884322245879,0.3723074218672958,1.1435854360840907,0.058269138731639906,2.7224355336068764,2.7389482977587507,2.488784891209181,0.908664429060499,0.4200596935968534,0.6871084849036777,0.024116499348346566,1.8949686315501877,1.915212180892095,1.787713557229891,0.9334284603375821,0.3625962316545501
277,3,1.0,0.06233749164654496,0.7808,-0.03759999999999997,1.7862333525915095,0.03817449687762758,4.678716969759262,4.682212462011794,4.328103965861689,0.9243715446440984,0.3817784585254402,1.1696751429745142,0.05976508929480968,2.539259812153362,2.5501241901379466,2.266052408440021,0.8886047264692004,0.4606362599747513,0.8629536467973253,0.030452987853554915,2.0220466947662583,2.0631754518746908,1.8740341979569515,0.9083251723716094,0.4267723633835666
278,3,1.0,0.06187327057685431,0.7621,-0.01870000000000005,2.037733134952356,0.04359118542071839,5.171506247418708,5.220560315747516,4.806442928822878,0.9206756819425154,0.39403087562148165,1.3416881338684747,0.06842372373982973,2.9696247797885076,3.0408747793487287,2.7288811080377777,0.8974000266535896,0.4518039258697282,2.7851710737038267,0.09734971337205721,4.548772983988713,8.031713146371434,7.533341683475737,0.9379495440370837,0.6122906294746709
279,3,1.0,0.061409567727964694,0.7847,0.022599999999999953,1.7983262114893122,0.03849305752306175,4.870165234232798,4.874772526682004,4.5309414003799775,0.9294672470520273,0.36925363411670864,1.102577654589757,0.056242397756579944,2.692449424069555,2.69999686582483,2.4646106682030053,0.9128198256074953,0.40950728534883474,2.162562044572626,0.0747238892189602,2.686595528214566,2.710902875789711,1.634723292244778,0.6030180228307029,0.8049451515352601
280,3,1.0,0.060946401406070654,0.8366,0.05190000000000006,1.7851973205030123,0.038243555037009096,4.8378210577404,4.846654148079667,4.505899126248409,0.9296927299905914,0.36900854727703053,1.0700000219231622,0.05501800844216636,2.6457121297903647,2.6564420836875122,2.4314161345551017,0.9152904742346036,0.4044279836324992,0.7451082736628156,0.026301983970999605,2.027268915669902,2.05267726322434,1.912667731113997,0.9317917460193345,0.3675428888113731
281,3,1.0,0.06048378989618551,0.7691,-0.0675,1.7472137932201803,0.03745217508749958,4.749950722020515,4.760553453019517,4.428330743071222,0.9302134272355301,0.367838298852279,1.0031692103863912,0.051639890444639146,2.656580378873276,2.6663106069498226,2.4703975267190206,0.9265227840596859,0.37761673554626685,0.8070449401588784,0.02885668612307768,1.9484216929819336,1.981827588987806,1.810060564592344,0.9133289770765629,0.4142044522835035
282,3,1.0,0.06002175146141948,0.8134,0.044300000000000006,1.829765119708666,0.03925925891370716,4.954173504780088,4.958968721412232,4.609048744955424,0.929436946245316,0.36933811824377916,1.0676657709349973,0.05521637295938736,2.752540654981136,2.758088003326595,2.5430570659565133,0.9220362304934695,0.38788374260808667,0.9853201811030898,0.03505410781315653,2.1154675028230523,2.1508725785860983,1.9119096345814064,0.888899534828894,0.4657694716596678
283,3,1.0,0.05956030434225889,0.8316,0.018199999999999994,1.710137254585741,0.03670732839634924,4.7089384259762195,4.714579338773175,4.393482552036396,0.9318928023766516,0.363168319456462,0.9833535945667395,0.050941660963463545,2.5839023946775863,2.5866115947544714,2.392399460830005,0.9249163908805174,0.3805691718821447,0.5994848531035791,0.02162794931217795,1.7626896007037136,1.7961011383730938,1.693102929425113,0.9426545606216382,0.3400966641343141
284,3,1.0,0.05909946675584589,0.7774,-0.054200000000000026,1.8133130124639967,0.038954499597412984,4.803593879701977,4.8089525465943925,4.4539780525379715,0.9261846544300365,0.37749090740712193,1.180278481945633,0.06110722956483602,2.7636164389265243,2.773239376990753,2.5095416574769462,0.904913466287232,0.4270775297617242,0.8453557908895258,0.030648379356670707,1.9955887255113456,2.0124458938401784,1.8262837082015475,0.9074945636012139,0.42361223035719126
285,3,1.0,0.0586392568952593,0.8183,0.04090000000000005,1.6974628755573953,0.036484840302131186,4.6739677294531425,4.687934910750724,4.369823056151783,0.9321424335757258,0.3631738543808901,1.0174629974063136,0.05312233658821547,2.5779774400379103,2.5871584392293476,2.378688246489029,0.9194211728283572,0.39467490351325624,0.708855504638611,0.025880518842954555,1.8618891380709788,1.8697336321036617,1.730152480776171,0.9253470393157307,0.3807184273995094
286,3,1.0,0.05817969292879642,0.7813,-0.03700000000000003,1.7955940575936484,0.03861963298071929,4.71738959722006,4.737001492042357,4.383494623531332,0.9253732832668772,0.3806329794451968,1.1532154509201584,0.059997946053415345,2.6594262830970825,2.675647556841207,2.4143703498878915,0.9023499166453104,0.4336331705262237,0.88959240442689,0.03244018037158866,1.9765033663854226,1.9887054521590004,1.778644391219061,0.8943729647284415,0.45008393082261894
287,3,1.0,0.057720792999255706,0.8274,0.04610000000000003,1.7431120164881255,0.037521443295839334,4.651517834677919,4.661814827517497,4.323664879346935,0.9274638824831588,0.3747404779345154,1.1402872200230558,0.05999162712836711,2.671819584972866,2.684128196252504,2.4298743670274177,0.9052750797893828,0.4267830157531524,0.8068625945817671,0.029932208021304856,1.769451486870995,1.7841849715916662,1.5913166727943753,0.8919011751201817,0.45599588379141187
288,3,1.0,0.057262575223220646,0.83,0.0025999999999999357,1.6699754461281036,0.035976946796385655,4.523315296757895,4.5364138827368645,4.2178469621420085,0.9297756049536949,0.36919280142267896,1.0478821891486432,0.05511369409309967,2.566823799102722,2.5751480157767834,2.3523031499737765,0.9134632788337852,0.4082407953031091,0.8695841981787998,0.032279077005501304,2.0618002662351858,2.0947532741376045,1.9057319294161708,0.909764387503224,0.42175966916846247
289,3,1.0,0.05680505769034444,0.8162,-0.013799999999999923,1.672919141119247,0.03606355742931442,4.633652278072158,4.640790709644051,4.328773501768696,0.9327663694837712,0.361036832443385,0.9955452519474054,0.05226652863122527,2.566278926899201,2.5813036384414363,2.381599907840103,0.9226345449534514,0.38793337758897034,0.659739153234346,0.024327573111906368,1.7737937880017671,1.802748027775319,1.6776903267283565,0.9306294062619002,0.37193678188351437
290,3,1.0,0.05634825846263591,0.8031,-0.0131,1.6503230712040948,0.03560827436471975,4.531844624057886,4.545379260145879,4.235198505965674,0.9317591038222299,0.36416144155586017,0.966101395952713,0.05072708399449145,2.5219796868938555,2.5307662690353054,2.33910795926858,0.9242686643520884,0.3830726317794383,1.0468685774303077,0.038771340098185454,2.0264251027297133,2.0577982400399697,1.7716094703113208,0.8609247669863446,0.5166085714296148
291,3,1.0,0.055892195573746355,0.7307,-0.07240000000000002,1.7053435240252315,0.036821316311443114,4.647373208488168,4.66090334430164,4.3377209967641255,0.9306610063191649,0.3669478321453755,1.0772213468674596,0.056637544166098855,2.682976283530807,2.689745470798383,2.4646145736773097,0.916300296974104,0.40150237386736504,0.7271405425674184,0.027597281709037566,1.9772199283861855,2.026646010749853,1.891708345481068,0.9334182365578197,0.36775906014709925
292,3,1.0,0.05543688702825773,0.8135,0.08279999999999998,1.9149892898249192,0.04137019704328978,4.757560794662828,4.7754004672659685,4.374616050624284,0.9160731294916626,0.40251493832158924,1.214526397123185,0.06434613200151726,2.7460002056981008,2.769442020990325,2.4889224207248057,0.8987089824811684,0.44228925933908386,0.7747934044466072,0.02931796458923589,1.9148438696868726,1.9311992384688121,1.7689616406532167,0.9159912687495524,0.404624845248248
293,3,1.0,0.05498235080097185,0.8033,-0.010199999999999987,1.791368720212504,0.03871379090905577,4.630305388504896,4.655686698054731,4.297256886358161,0.9230124716411156,0.3868791731663575,1.1045924453584206,0.058597489536226795,2.54722887735457,2.584477330925144,2.3365356315344954,0.9040650515971465,0.43364475614205406,0.6907931802273583,0.02593457935455928,1.8471943242777538,1.8672504109280095,1.7347706377660914,0.9290508801676597,0.37396887330598305
294,3,1.0,0.054528604836200596,0.829,0.025699999999999945,1.551921827371179,0.033565382936725945,4.358389246543372,4.363960831466774,4.078687635969753,0.9346297534478242,0.35607692190457846,0.929322221972389,0.0494164568745004,2.4122944193680547,2.4174185370526984,2.2316524272934517,0.92315517279613,0.38524411220743204,0.7685749565837847,0.029123680198268158,1.7610432708993116,1.7749022860807637,1.5998660352667324,0.9013825988130669,0.43643161373956285
295,3,1.0,0.054075667047057796,0.8166,-0.012399999999999967,1.7243482444527374,0.037332003788958394,4.432681263880082,4.450150629071025,4.102494818612151,0.9218777431514833,0.38900794841796377,1.1405207758425793,0.060576603418349945,2.473047955318006,2.4885681006956286,2.2118281201278953,0.8887954962974989,0.46118021018962463,0.7487651196651003,0.028578232166968448,1.7890710991685963,1.8430762965620215,1.68412621025447,0.9137582711013924,0.4185217233753655
296,3,1.0,0.053623555314751783,0.8124,-0.0041999999999999815,1.7492410376132776,0.037892726902195556,4.561921716080322,4.5734394768194475,4.225695738009879,0.9239645040516851,0.38344389634030246,1.0816151030834096,0.057793761369925846,2.5227197376855353,2.5432587918878444,2.301798044365172,0.9050585224386711,0.42874960976669385,0.653489034218062,0.02507570666863371,1.679774989545323,1.7180318019415581,1.588894321314813,0.9248340569244375,0.389033673131987
297,3,1.0,0.05317228748787961,0.7866,-0.025800000000000045,1.720232280664255,0.037286645980484465,4.405339219976133,4.422807902468587,4.074558952193293,0.9212606656325908,0.3904880407083781,1.0937689372029222,0.05867583199092074,2.4879259315992948,2.501939971261817,2.2501940684813206,0.8993797190691463,0.43963082795629005,0.7216063458711783,0.02773161959828422,1.7663361121368717,1.7802283491794464,1.6274203722779907,0.9141638335487193,0.4085328612787042
298,3,1.0,0.05272188138172239,0.815,0.02839999999999998,1.5740578721792802,0.03414920369740876,4.3990819989839025,4.414613356983644,4.1244578966023475,0.9342738679657442,0.35781507881481983,0.8513149016410696,0.04621114513003624,2.3303184674516038,2.3402605414452444,2.179927147240722,0.9314890836447178,0.36532126983143764,0.797235759249232,0.030442189249460967,1.6336062207846562,1.7147376132336236,1.5181373358447365,0.88534672834397,0.4880219903094532
299,3,1.0,0.052272354777541954,0.8074,-0.00759999999999994,1.7652095105468066,0.03832696107926516,4.511562221666215,4.536739277523301,4.179239004257088,0.9211988497912139,0.39126347456089783,1.144327091120431,0.06222777168974572,2.5406457318486915,2.5576624224166444,2.2873898576113376,0.8943282888169676,0.4504079717906068,0.840020168965572,0.032618481235121705,1.809830743300307,1.85090658942404,1.649309415993742,0.8910819300216385,0.46414294379470966
300,3,1.0,0.051823725421878956,0.7809,-0.026499999999999968,1.6752136275008243,0.036399719513344336,4.475495726905903,4.488218894324167,4.163864564360563,0.927732060846278,0.3743079492691124,1.0222518274641617,0.055090245634938334,2.500640943589308,2.511878236754101,2.294457091233284,0.9134428005547861,0.4087959249346958,0.5970799413783369,0.02337240615553007,1.7013383334278467,1.723640391677671,1.6169205804713247,0.9380846424105479,0.35094720999752216
301,3,1.0,0.051376011025852146,0.8012,0.020299999999999985,1.5379973102987918,0.03344099702056841,4.150533403301101,4.158649872935318,3.8637977478171823,0.9290990744286873,0.3705541338555558,0.9701326403831552,0.05257684696123404,2.2956036808549083,2.30413210068104,2.0899443763681957,0.9070419077753675,0.4226045847869816,0.7748353024073535,0.03035051240962714,1.7321920307345957,1.758026722304991,1.5780645632391603,0.8976340024969143,0.44731489849815204
302,3,1.0,0.0509292292644593,0.7934,-0.007800000000000029,1.6398686131998896,0.03568894226352331,4.361040230454044,4.376488634615102,4.05764509563738,0.9271462659685935,0.37602694002874554,1.027512018590788,0.056016971012893685,2.460064546959242,2.4828691408697416,2.260278381014141,0.9103493791953822,0.4176768531788494,0.8635182829536963,0.033739994302742826,1.8685882106729348,1.936454325449141,1.7332606427218964,0.8950692097113543,0.46212337101426826
303,3,1.0,0.05048339777587933,0.8281,0.03469999999999995,1.622564076748744,0.03534182602784691,4.403702613875691,4.408968211994528,4.099547108781499,0.9298200648461801,0.36845450726763046,0.9302529724009968,0.050943567399636486,2.4258101318283307,2.432950184335665,2.2480827591175165,0.9240151210623214,0.38348136162654495,0.6027530042354131,0.02405315986107943,1.747117849939539,1.7733955736239007,1.6678190657046288,0.9404664647360497,0.34499848093033453
304,3,1.0,0.05003853416077601,0.7752,-0.05289999999999995,1.562211821945837,0.03405257158792858,4.165986612797412,4.173527184302149,3.8701193027517116,0.9273018077630732,0.3749920408161921,0.9923449537795758,0.05455930548922666,2.395702825010023,2.4044695617774794,2.190142776464984,0.9108631738494305,0.4142187183735629,0.6464695758883207,0.025656154559425267,1.8573238974399073,1.8849267998674366,1.770600554088349,0.939347116404134,0.34806507189155295
305,3,1.0,0.04959465598160315,0.8204,0.04520000000000002,1.6006589340291404,0.0349176788852241,4.230919621225879,4.24921171691414,3.936202637023358,0.9263371418644926,0.3783241179999919,0.9865938165626632,0.054423245217621666,2.326478023404541,2.345232823107066,2.127615973214207,0.9072088503330128,0.4240718401968368,0.6733599984577606,0.02684776183082934,1.6374370690997508,1.6503829899184201,1.5067680764117442,0.9129808569380765,0.4112280167371368
306,3,1.0,0.04915178076191123,0.7827,-0.03770000000000007,1.7356290263964627,0.037894420173174945,4.394936021669175,4.406657165219405,4.050459136909801,0.9191682005305558,0.3949156524324737,1.1024748210248,0.06093408273694697,2.400899676669744,2.4183083716683855,2.152385784807566,0.8900377677320943,0.4591923734831054,1.21143176937997,0.04782447671720267,1.883706395171473,1.9376710927944025,1.5122837573877137,0.780464632522737,0.6431107164498924
307,3,1.0,0.04870992598565556,0.759,-0.023699999999999943,1.8673018103232493,0.04079067500555678,4.44680049097572,4.456485925626973,4.046412073900308,0.9079826889234544,0.4199203031736476,1.34436794606738,0.07431515696428476,2.6263759413943806,2.6584810913048926,2.2935118157214154,0.8627151132362069,0.5118718630028403,1.2805812136554082,0.051766018288602826,2.091554496514211,2.145877949569302,1.7218894732633627,0.8024172454024994,0.6122628962284403
308,3,1.0,0.04826910909650621,0.7997,0.04069999999999996,1.82438254519063,0.03986543888309747,4.416555498528034,4.481753968645762,4.093622714111845,0.9133974650886074,0.41307814331749415,1.1172580321707026,0.061673445897014845,2.4226933940796744,2.4700784287474273,2.202957545060509,0.8918573270475565,0.4611636102615962,0.5928030051349072,0.02370264077798951,1.5514823049127968,1.594506136669434,1.480214285446353,0.9283214729660363,0.38208815096233184
309,3,1.0,0.04782934749715907,0.8097,0.010000000000000009,1.581383992613268,0.034573521218614685,4.075117610300221,4.091964190155126,3.7740423454162713,0.9223058096393549,0.38805849151842386,0.9460119815400734,0.052299963346902595,2.2525701874633475,2.2637493828382675,2.056604639701652,0.9084948428006199,0.4199700354755167,0.6857331769065546,0.027449078931323288,1.650934498264377,1.6901937043661044,1.544838172779256,0.9140006667807563,0.4153606200775767
310,3,1.0,0.047390658548649156,0.8134,0.0037000000000000366,1.489611897220963,0.03260002264197412,4.057212601292762,4.078359331390643,3.796586787390603,0.9309103192964704,0.36715155048722947,0.9264435785265284,0.051613523656225596,2.2897322863825402,2.3168885492967513,2.123599486504425,0.9165738624540246,0.40460781552335134,0.7103184427971402,0.02846357783831269,1.7122844516680111,1.7512478083098304,1.600723814585334,0.9140475762423533,0.4148367066612022
311,3,1.0,0.04695305956966499,0.8401,0.026699999999999946,1.4991003469539181,0.032835027337022114,4.029297383854081,4.037028250212069,3.7483723444488515,0.9284979227608688,0.3720500633586909,0.8900570084740611,0.04954336894086126,2.239790670339742,2.2479459619943722,2.064233387103791,0.9182753598188846,0.3973840146137643,0.6979966325844218,0.02846411162621748,1.6712647755687844,1.722433872751502,1.574667968234205,0.9142109854811156,0.417645751162841
312,3,1.0,0.04651656783586493,0.8407,0.0006000000000000449,1.4334090726827258,0.031428934655444205,3.9707292694563456,3.9875669751436864,3.72102524341581,0.9331568012802414,0.360993907015721,0.8202140592382455,0.045655076946968895,2.1862579425654305,2.204347239123694,2.046068348806416,0.928196933991126,0.37516801804080724,0.6468380517562405,0.026315642736550397,1.7075287535079529,1.741276163881541,1.6166767959482284,0.928443649251154,0.3788153203437273
313,3,1.0,0.046081200579195264,0.8391,-0.0016000000000000458,1.4107586425274907,0.03095749323299633,3.901279111903916,3.910442447271561,3.6470975100349916,0.9326559741544558,0.3616143839139485,0.7969791396853714,0.04470520749120301,2.1402871977235653,2.145196408194271,1.9916555760161945,0.9284257461966756,0.37237018496071356,0.7933352626101331,0.03280457073710521,1.658558660529035,1.6866479834865509,1.4884221307511099,0.8824734890290036,0.4783281300144553
314,3,1.0,0.04564697498720983,0.8192,-0.019899999999999918,1.3959830353530733,0.03066457490703719,3.8786012212939194,3.8939475886167347,3.635114750694948,0.9335294499909453,0.359919196562148,0.8096097392829638,0.045518414273068714,2.128215259762367,2.139243974487649,1.9801254593155646,0.9256192762164057,0.3804172231024052,0.5405931583969522,0.02259849049951045,1.6581902667781738,1.6809757087185466,1.5916777945089218,0.9468773321669836,0.3260139498028248
315,3,1.0,0.04521390820239145,0.8311,0.01189999999999991,1.3948548247676094,0.030670314127243796,3.925387980773463,3.9399847726021884,3.684814798702123,0.9352357969313834,0.355341900367455,0.856426219956721,0.048351147591647985,2.1671091400872435,2.1827185609803714,2.007683881464911,0.9198088646679013,0.39519293427106444,0.7807165521877208,0.032399504832778266,1.6565145531967802,1.7020884210750242,1.512477210959603,0.8886008460150006,0.4713007505313346
316,3,1.0,0.0447820173214753,0.8005,-0.03059999999999996,1.506616125692686,0.033156333543411055,3.9591675402987803,3.9653586970210113,3.667993656986137,0.9250092960673972,0.38053861332147326,0.9163591026153605,0.05203791439839539,2.2354948717881826,2.244576222537163,2.0490017873547273,0.9128679911964106,0.40991331010406684,0.5357769070211141,0.02273434143057722,1.7214688830434217,1.7689578216814497,1.685869103533945,0.9530295651320131,0.31123240872870306
317,3,1.0,0.04435131939477383,0.7959,-0.0045999999999999375,1.6337064903035516,0.03598096104339261,4.019700090785609,4.037499420572421,3.6922086466102537,0.914479052999291,0.40642497037241915,1.1006745187694142,0.06229164066556269,2.2700643590545435,2.2916469010904357,2.0100152154491546,0.8771051135725699,0.48486489573706754,0.8550369851814075,0.03616400966919737,1.6527754614517363,1.681114206971666,1.4474308285010207,0.8609949416276725,0.5173340269889867
318,3,1.0,0.043921831425503696,0.829,0.03309999999999991,1.438276751017971,0.031700083098337446,3.8583695393949506,3.8930408251718855,3.6176134278727243,0.9292513462694035,0.37276801413985716,0.9496412537580274,0.054180968059083456,2.191607239422706,2.227465770508717,2.0148908681398123,0.9045664785590146,0.4333081387375658,0.598495850404148,0.025110924445232077,1.6192112745101315,1.6693403969608007,1.558364518109403,0.9335211206453518,0.3696218398585534
319,3,1.0,0.04349357036911454,0.8304,0.0014000000000000679,1.3743347389357186,0.030318970107654976,3.83135786178225,3.8410218915741803,3.586732951114435,0.9337965396610824,0.35870696200025887,0.8309030690091876,0.0473766527709594,2.1570555083178147,2.1645617411799316,1.9987315285255414,0.9233885504397791,0.38520245112151497,1.0116012367814613,0.04246384459011744,1.8896270746674504,1.9158936338826786,1.6270560097479507,0.849241304931224,0.535344381091433
320,3,1.0,0.04306655313261954,0.8228,-0.007600000000000051,1.4381324223991123,0.031753344139357126,3.770383165326968,3.7758042267508234,3.4911993298831088,0.9246240324507967,0.3814287194002993,0.9809905234465194,0.05640922750006447,2.1850267761795275,2.1947433429041663,1.9633023078727192,0.894547562575041,0.44896041281551724,1.0318214350591512,0.044780316330189016,1.6809899914522266,1.7232422798704532,1.3801841468944551,0.8009228667475662,0.6138177147430538
321,3,1.0,0.0426407965739281,0.8487,0.025900000000000034,1.3993831964643277,0.030926663774180817,3.816651601672846,3.8421370692860335,3.5782319689722897,0.9313129397638111,0.3666520663953124,0.7963284005967269,0.045844437014666624,2.093183254175179,2.1108298781547736,1.9548564443374292,0.9261080035717081,0.38043893147354696,0.5803569788736125,0.02462758414840879,1.5149368620807357,1.5379257019533916,1.4242196327046885,0.9260653039972739,0.38308987879303674
322,3,1.0,0.04221631750118005,0.8368,-0.011900000000000022,1.2848618729139853,0.028423320400029588,3.630740417833548,3.642571081529845,3.408438660114334,0.9357233074729245,0.35388425639105825,0.7545325340448816,0.043349656703046906,2.0433899857285813,2.0484594401022305,1.9044334913162102,0.9296906026224114,0.3692552764350801,0.5250500594649196,0.02250024736453532,1.5906947921757912,1.613976639769801,1.526185871427445,0.9456059237915132,0.33007592785712414
323,3,1.0,0.0417931326720824,0.8306,-0.006199999999999983,1.3095314443868173,0.028997043994557853,3.6804573670651886,3.6980328724019924,3.4584063593206933,0.9352016270948793,0.35580671470487457,0.6972731928441066,0.04052022399711522,1.9721528747551718,1.987646410339439,1.861329763688039,0.9364491360262471,0.35355940290920296,0.4293118146346617,0.01859736696261746,1.4402001197958259,1.4687564592399172,1.404612734323663,0.9563278687132047,0.29809177817283083
324,3,1.0,0.041371258793247594,0.8324,0.0018000000000000238,1.3026371382781523,0.028872140840048553,3.72541079318481,3.7351460368021128,3.500636009723959,0.9372152990090497,0.349662684357164,0.6902723813060243,0.0404845237420955,2.01130714113572,2.0184127645309475,1.8967113973097947,0.9397044205428245,0.3431959083664616,0.5122025663264133,0.02224845057372715,1.4207261000951394,1.4693399470134882,1.3771741532857509,0.9372740161900115,0.3605216841529929
325,3,1.0,0.04095071251953399,0.8408,0.008399999999999963,1.353509297396991,0.030026437978701963,3.669432137255521,3.679548670855706,3.421562658513571,0.929886506357276,0.36886069745094713,0.8173831757855446,0.048172840710407706,2.051575600576996,2.0606377161016214,1.8915899326701875,0.9179633653647553,0.39841728257816067,0.5777282334967361,0.025422416616402734,1.5358674781198267,1.585302056908543,1.4762834253009636,0.9312316342917173,0.3761576058658248
326,3,1.0,0.04053151045338841,0.8292,-0.011599999999999944,1.3491692978440215,0.029956497754476903,3.652216749790918,3.668446146335016,3.411339825453013,0.92991410787402,0.3694110701182395,0.7949724172531079,0.046876832347274355,2.066733548584368,2.087963358660277,1.9307018834286087,0.9246818797947807,0.38465162468458164,0.5798288726920182,0.02556166276470078,1.5420518599216364,1.5688941449011993,1.4578160593411882,0.9291997577267992,0.37601126639248295
327,3,1.0,0.04011366914419062,0.8293,9.999999999998899e-05,1.3118722391274338,0.029155282701043644,3.699306871038547,3.7077237408856494,3.4678821489508613,0.9353129821162194,0.35462649757389214,0.7501889911762675,0.044264207019479314,2.029036390971172,2.0414406158799556,1.8986038138559245,0.9300313705366042,0.36972673063650635,0.7389650165176678,0.03288054998473718,1.705192127446737,1.7719246463508378,1.6104807281268305,0.9088878194924991,0.43336173362713926
328,3,1.0,0.03969720508760008,0.8417,0.012399999999999967,1.259540217535583,0.02801459652704581,3.657235638048186,3.65999982341713,3.436445435701806,0.9389195632510703,0.34439679096197956,0.6757252136521247,0.04002986936469889,2.038932104742523,2.041721281260996,1.9266606849969552,0.9436452970735664,0.33141133639536047,0.6790851752924206,0.03060672234476605,1.4749519967642142,1.50991865331977,1.3485909886208172,0.8931547309888178,0.46041171291148075
329,3,1.0,0.039282134724904556,0.7721,-0.0696,1.4215555155988389,0.03164988799659025,3.7144336335280923,3.7155455044298527,3.432849882584611,0.9239154461953977,0.38271124371889725,0.8570399048710524,0.05100609815450819,2.0550667072124527,2.056294729140063,1.8691791027251212,0.9090034984949882,0.4170375111733303,0.9773378462350097,0.04375693492170269,1.616294796026615,1.6734741224417673,1.3584279797654306,0.8117412522539323,0.6046779638452269
330,3,1.0,0.038868474442371376,0.8342,0.062100000000000044,1.4525264065138324,0.03236235013699728,3.8262947835326457,3.8297665623743615,3.5436251197116384,0.9252848866889364,0.379616963325753,0.9416684635738827,0.055867163387433666,2.1884971471670003,2.1969922144269023,1.9849522366677295,0.903486240703641,0.43028087324348047,0.6958608933576357,0.03175838352757311,1.397688346525839,1.4117294341960944,1.2283148451877712,0.8700780868022574,0.4978655614374269
331,3,1.0,0.03845624057060009,0.8368,0.0025999999999999357,1.3463169584535641,0.03002279532751386,3.643174855686482,3.6553969738765555,3.3984345983055366,0.9297032914872417,0.3695449743105669,0.804685983960019,0.04795121769591274,2.0334493089821004,2.044187992566628,1.8791447506536227,0.9192621997031784,0.3957246341994269,0.5572843521429105,0.025193990021950115,1.4454254233472854,1.4874467427058997,1.3791054627661359,0.9271629182886414,0.3855504013845026
332,3,1.0,0.03804544938387811,0.8241,-0.012699999999999934,1.2281200554628746,0.027407268245478723,3.4756325754108994,3.478552983128856,3.254543288858261,0.9356026211597027,0.3533515205696571,0.7182779896758048,0.0425887705553558,1.909622779240038,1.9157798506973347,1.7760318607204622,0.927054254210887,0.3761360607363795,0.6195302828620018,0.028216496598038047,1.4180285958995071,1.4274123339158684,1.2859581922598948,0.9009016958204938,0.43689547915570154
333,3,1.0,0.03763611709953819,0.8332,0.009099999999999997,1.2826569248882849,0.028652383251723892,3.5367081540678993,3.542109776729495,3.3017166607706554,0.9321327877701183,0.3626697112152104,0.7483857788460645,0.04458571727666769,1.979138892706262,1.9844348293268952,1.8379064816666972,0.9261611691677981,0.37813706840085715,0.4628578319033873,0.021285273069806473,1.4084092310519791,1.4324193804491314,1.3555766023800397,0.9463545529208088,0.3286387377322614
334,3,1.0,0.03722825987731793,0.8175,-0.015700000000000047,1.2472511384836633,0.027884439103489617,3.5118171528223003,3.5169344834004463,3.288341953409651,0.935002334826046,0.35515833661251406,0.7702034601095386,0.045948638454211634,2.0223864983632716,2.030827747621021,1.879108272084814,0.9252918049234179,0.3808389052897992,0.5750833866394939,0.02644273361166879,1.5808159787046763,1.6195942463403872,1.514055806004743,0.9348364934154852,0.3637889510142214
335,3,1.0,0.03682189381872215,0.7826,-0.03490000000000004,1.4773390539445717,0.03305350012826397,3.5552635827471013,3.559284852205153,3.238205978550584,0.909791183626215,0.41553573161600943,1.065705694524109,0.06343917406404277,2.126595169399003,2.1353138598960055,1.8503612633461346,0.8665523593970637,0.5011323781127972,0.9401678104189903,0.04379531126016181,1.5659449635122218,1.6253376225545955,1.3258227560455624,0.8157214462074188,0.6003836867359053
336,3,1.0,0.036417034966387006,0.8012,0.01860000000000006,1.4703185008404491,0.03291643081363679,3.6547120262098214,3.6887223587343305,3.383021750390858,0.9171256119020126,0.4023076210371811,1.0095853573802742,0.060714844951062386,2.1374386872617057,2.182241025427628,1.9346610357929952,0.8865478254923205,0.472334183617526,0.7339141831525837,0.03354661692275011,1.5619806717902422,1.6366092661099425,1.4628260216399196,0.8938150674882293,0.4698612450251502
337,3,1.0,0.036013699303446806,0.8175,0.01629999999999998,1.2167310760827112,0.02725726741432086,3.419035990586078,3.423381806668343,3.1998606961217266,0.9347075134560733,0.355869630923114,0.6187743421858495,0.03728439463751487,1.8664031626278976,1.870111665654654,1.7647764711662328,0.9436743824323734,0.33153305490257234,0.5557873440845115,0.025813884595769106,1.3275921138368596,1.3600043692729835,1.241254547609788,0.9126842351788359,0.41864314972332617
338,3,1.0,0.03561190275290282,0.8235,0.006000000000000005,1.2076264920280493,0.027073892210019816,3.335780768122323,3.343340832601897,3.1176218808971834,0.9324870053619236,0.36202213993451676,0.6770831110181676,0.0408129206871674,1.864403262216514,1.8781542354482055,1.7518623938086406,0.9327574704697101,0.3631634447009124,0.5667673609622189,0.026650596085981915,1.6567490387803254,1.689152763015724,1.5912296901408538,0.9420282907390546,0.3420960855842505
339,3,1.0,0.03521166117699496,0.8547,0.031200000000000006,1.16076690389042,0.026040505029797087,3.2497214655504214,3.26669562369531,3.053509541307544,0.9347395328657501,0.35718965954327264,0.6285047678315092,0.038119546732359566,1.8062671558662218,1.8178777741903371,1.7057729287961212,0.938332022655293,0.34795781221527033,0.6215440472397145,0.029046313854725784,1.6458025391924953,1.6891903146640241,1.5706837387528105,0.929844153804076,0.37765408208974566
340,3,1.0,0.034812990376575266,0.8356,-0.019100000000000006,1.2193228893869201,0.02737538105933501,3.345433179856152,3.3563798734565866,3.127065330968599,0.9316780128788502,0.3644738435455312,0.7401978160340412,0.04481685469097845,1.8879934770603537,1.8947378327729492,1.7441728246937633,0.9205351761732472,0.392055282514294,0.518158904530146,0.024606162434401,1.2518181523671081,1.2818958259829176,1.1725051635347397,0.9146649359246485,0.41392506056118505
341,3,1.0,0.03441590609048432,0.8215,-0.014100000000000001,1.197980482795778,0.02692350946524951,3.2394975781963598,3.243295984401003,3.01393624154726,0.9292818959611228,0.36980440759050426,0.7572555341785546,0.046336926084909,1.7960982536090402,1.797386805781789,1.6300808365397037,0.9069171039289374,0.4216114194515484,0.39663783294483423,0.01864991069135637,1.1660095422014694,1.1922149305356466,1.124302018029056,0.943036351275958,0.34016688422289176
342,3,1.0,0.03402042399492982,0.7734,-0.04810000000000003,1.4550393630534735,0.032732155798380264,3.6037657594259547,3.617567166555318,3.3120465945230215,0.9155452938491765,0.4037552549711908,0.9905471268639012,0.06106505342422207,2.0923522255652225,2.1149507887627017,1.8686447466831255,0.8835405327687689,0.47341318290533874,0.707280995557189,0.03350351928801989,1.4553620684950956,1.5204073837360532,1.3458799818631022,0.8852101063570936,0.485982842941995
343,3,1.0,0.03362655970286774,0.8083,0.03490000000000004,1.351408356628253,0.03041741047236124,3.433747724192281,3.437619533276501,3.1608422108587075,0.9194857604983445,0.39356658239828735,0.883767751800192,0.054350931971565986,1.9846795700642073,1.9972540095390603,1.7910829688873997,0.8967727491510996,0.44529493079409327,0.4694434726926029,0.02268220837572669,1.490170410126804,1.5281404417367943,1.4542475148857976,0.9516451990714844,0.31502670399465
344,3,1.0,0.0332343287633859,0.8333,0.025000000000000022,1.319701872179251,0.029721194696068216,3.368129475548934,3.3739470900431825,3.1051418584817774,0.9203291502837513,0.3918204100405515,0.8576971745845775,0.052967721117696646,1.9221318438731234,1.929665960092345,1.728573505718772,0.8957889818588345,0.4462218225656703,0.5661432841890714,0.02727646168975234,1.357830635851438,1.3844123736119074,1.2633604191351366,0.9125607681756351,0.41694690725111455
345,3,1.0,0.032843746661090197,0.8299,-0.0034000000000000696,1.1883116877997535,0.026780845524764747,3.2163873300669037,3.218283201495082,2.990863113148231,0.9293349670901551,0.3694554062849873,0.7457058627124448,0.046383759562533336,1.8442418354620278,1.848757662600809,1.6916937082880683,0.915043514090546,0.40434277564559595,0.5162136863551317,0.02498062177447771,1.579208611041416,1.6125301383893513,1.5276703351753886,0.947374749039591,0.326881250992364
346,3,1.0,0.032454828815493275,0.8289,-0.0010000000000000009,1.1780702422707712,0.026570959772258217,3.2260059297183843,3.2311687198156855,3.008754197895271,0.9311659213100139,0.36517919307532437,0.7567340828467753,0.04685732791246123,1.8545233332717945,1.8603651282710343,1.6995034386414,0.9135321947368826,0.40804775505936985,0.8375486115609271,0.04099521896491827,1.5117812962037644,1.5706670106706997,1.3287236228692265,0.8459613742710751,0.554014402522439
347,3,1.0,0.032067590580405675,0.8234,-0.005499999999999949,1.2233810440360673,0.0276173219902355,3.2382648264036904,3.240859960655478,3.0010851688145572,0.9260150716933707,0.3777890659408217,0.7918260621994806,0.04912014979846316,1.8195707843748226,1.8212183679000398,1.6400755790372368,0.9005375785487656,0.4351718927337802,0.8640654880097952,0.04152525333739849,1.3187875522526633,1.3561489234085784,1.0452417711086281,0.7707426176186399,0.65519687877995
348,3,1.0,0.03168204724332995,0.8316,0.008199999999999985,1.12951008944751,0.02552032453334561,3.1158510252772493,3.121731599375068,2.910225962805182,0.9322473345843612,0.36250452293270535,0.6555378921181486,0.04103930456392028,1.7566489031106542,1.7727368640331536,1.6470780282622086,0.9291159120564242,0.3731752491675083,0.6866105111539837,0.03378920039311068,1.488514214394606,1.5565500466248188,1.3969303386622018,0.8974528905712142,0.4612723912974088
349,3,1.0,0.03129821402485681,0.8167,-0.014900000000000024,1.157453870616323,0.02617131841656052,3.155230056685817,3.1596358697684024,2.939999901507274,0.9304869366870343,0.36683660139574314,0.6706986470290227,0.04190068753809605,1.7626056408279418,1.7669841005185936,1.6347465079048926,0.925161979343849,0.38051543209289745,0.6874624880041498,0.03379512906924376,1.313697641185707,1.3355609860993534,1.1450411210003613,0.8573484347911169,0.5233034348631891
350,3,1.0,0.030916106078064522,0.8071,-0.009599999999999942,1.1843638137646384,0.026802994154631016,3.20158485663812,3.2046112501433397,2.9777198811199983,0.9291984732896408,0.3699304771850715,0.7860036793356415,0.049063318519067006,1.8072900693014797,1.8164611524152892,1.6375986219813932,0.9015324218764226,0.4349073193543486,0.4729854571456962,0.02361541420116032,1.271322737250374,1.2961359113311848,1.2067532210240182,0.931039106681824,0.372042002622145
351,3,1.0,0.030535738487920565,0.8271,0.019999999999999907,1.2414664230177817,0.028123750352680308,3.1124090134847076,3.120449353491103,2.8628596456911053,0.9174510852061063,0.39887637442220814,0.8432136666585651,0.052744037355781315,1.88186819810871,1.889618239168038,1.6910492965765291,0.894915841477623,0.44807264797077734,0.4000148567932507,0.019827779100387112,1.4084682840360232,1.4656405897809266,1.409996604166547,0.9620343582169099,0.28400700344276963
352,3,1.0,0.030157126270686115,0.7933,-0.03379999999999994,1.2593100948079619,0.028545091320909606,3.1692834802930885,3.172396636625768,2.911741496354167,0.917836522311775,0.3973485182497791,0.9133455937671637,0.05714930948526871,1.8656477601373442,1.8735754512742369,1.6358743550353858,0.8731296911062811,0.4895595048981409,0.45129028146823197,0.02230743722510482,1.124308407134898,1.1405776460079236,1.0474991336475787,0.9183935327102682,0.40139367330558856
353,3,1.0,0.02978028437332314,0.7778,-0.015499999999999958,1.3397479700434027,0.030394839519531643,3.260020113796803,3.2667441414064418,2.9793778967986384,0.9120328277426457,0.41096309939114356,0.9518384083069903,0.06004503211851001,1.9417534586441525,1.9545201368594445,1.7070889208782813,0.8734056450404549,0.4901952943972714,0.46308263975513747,0.023046692686568334,1.3531157447605964,1.3788290390459008,1.298739470632879,0.9419147942601783,0.3422343148014064
354,3,1.0,0.029405227672904592,0.8403,0.0625,1.1469288407477454,0.026035488177485504,3.090445690374058,3.103239843349318,2.883513799286082,0.9291946304008245,0.3711208529954541,0.7003911016189138,0.04439438255130625,1.7102297868249685,1.72731355686274,1.5789440864763864,0.9141039159932074,0.4095304075595513,0.32675007732651273,0.016408420706043668,1.2861930223235452,1.3154169248278091,1.2741883992739655,0.9686574463383611,0.25404435543914644
355,3,1.0,0.029031970976026777,0.7992,-0.041100000000000025,1.1743452878484364,0.026677578180172766,3.074710790353154,3.0810283928898854,2.84844679875081,0.924511700484226,0.38193682850852906,0.799178517991275,0.050775516730767294,1.7791381544906377,1.792020032380693,1.6039480895499367,0.8950503122552134,0.4491941876318636,0.5526927659972394,0.027777138194500568,1.2812266626148703,1.318451228448152,1.1970147474620954,0.9078945975658196,0.4313778210556767
356,3,1.0,0.028660529018224908,0.7796,-0.019600000000000062,1.323789479240837,0.030095500906355818,3.082227443378495,3.087991447921043,2.7898517158258844,0.9034518919099086,0.42949117271819603,0.9195603840031683,0.058304362945121174,1.8724018106947846,1.8815286331101833,1.6415111024565536,0.8724348243072556,0.4911127401986173,0.40626125314911593,0.020493355549013045,1.490177818407396,1.548355593173795,1.4941073655104362,0.9649639734551148,0.2726260236401192
357,3,1.0,0.028290916463391574,0.7623,-0.017299999999999982,1.3368342270528566,0.030407608734036806,3.1118941931310062,3.1320979623394085,2.8324745249033847,0.904337782202626,0.4295885862712485,1.008485484984126,0.06405460784695155,1.8422922498472758,1.8606135287443322,1.5635983739707404,0.8403670884979334,0.5474079832164134,0.6952709910699455,0.03495341882395174,1.291192976972451,1.319979732555161,1.1220269925647213,0.8500335004331838,0.5384717880825183
358,3,1.0,0.027923147903197474,0.8046,0.042300000000000004,1.2527011700520367,0.028514456458388012,3.1200632830563606,3.138378554100489,2.877526665597601,0.9168832299844554,0.4014986416637396,0.8960564048194736,0.057525621097636905,1.7884992894473102,1.8292083071140701,1.5947055895002409,0.8718009771211882,0.5010102101278312,0.8930247764047023,0.04446926123302308,1.3016508384243717,1.3711972041415925,1.0405239508187154,0.7588434017192387,0.6860709109100986
359,3,1.0,0.02755723785651567,0.8338,0.029200000000000004,1.1598530258656459,0.02641708516104217,2.907978904565442,2.9140791098617576,2.6733121849382893,0.9173780409362702,0.39885193941562314,0.7705765517405312,0.04949303105453519,1.7264739295968263,1.7393320996578168,1.5593229194135665,0.8965067221609583,0.44632967722859246,0.44962576946141775,0.02291675773151737,1.4657855552145607,1.5254501043458528,1.4576812808765616,0.9555745394252984,0.30674730547170787
360,3,1.0,0.027193200768848267,0.8064,-0.02739999999999998,1.1625431429894566,0.026494113817248473,2.90392083407984,2.917732928208796,2.676127598988636,0.9171941589018286,0.400335687304585,0.8717480106906482,0.05601228866188797,1.745702750988242,1.7555797367086892,1.5238489351324942,0.8680032602730781,0.49936795379233484,0.8475245518278663,0.04333059731851523,1.5232956973063023,1.559395763135573,1.3089757277444904,0.8394121355777269,0.5563755962329402
361,3,1.0,0.026831051011756195,0.7463,-0.06010000000000004,1.3286689102613711,0.030298820753134587,3.0697137076638836,3.074486650969703,2.772563270257181,0.9017971404698426,0.43283153961367815,1.0325605807727078,0.0662425937399382,1.8961737292971603,1.9113447303946265,1.6084332059979773,0.8415191568639173,0.5445495656958811,1.0959237716275323,0.05716985413105579,1.5272293017780305,1.6256952530925535,1.2007643484116812,0.7386158913409338,0.7175895396661367
362,3,1.0,0.02647080288229167,0.8247,0.07840000000000003,1.1770380453231848,0.026859724404373102,2.9455653579315544,2.956440344553555,2.712032628276626,0.9173304082637134,0.3995966486208708,0.7923901359252814,0.05098267945224713,1.7300769815721362,1.751013456878196,1.561462760521486,0.8917480070686312,0.4580085998284478,0.4826450219209498,0.024592356404808773,1.082070300785793,1.1258014695799572,1.0170954315688074,0.903441200825836,0.4460385074522939
363,3,1.0,0.026112470602434077,0.8155,-0.009199999999999986,1.0819299237766415,0.024706774471557922,2.802557794295476,2.8115587204376133,2.595051084387841,0.9229937349428458,0.3860508875067191,0.6776872289352427,0.043889702856531716,1.6205741348567546,1.6244078061156597,1.4762929111709977,0.9088191435752581,0.4181772461740201,0.4511253238871634,0.023201046747376185,1.2485013247327466,1.2795909052709686,1.1974301072340068,0.9357913551131692,0.36133347634511404
364,3,1.0,0.025756068318528277,0.8354,0.01990000000000003,1.003277897821803,0.022929727532839863,2.690200889859296,2.7024303439539827,2.509295366815351,0.9285328565190502,0.3729379101775098,0.6275013356454011,0.040940440886564324,1.6213247375357045,1.6298992175622773,1.5042650857145257,0.9229190796007292,0.38703001386332847,0.5908542761644358,0.03043933290958933,1.47147772273904,1.5289652495804515,1.4101866936596439,0.9223144175752847,0.4015380369229151
365,3,1.0,0.025401610100726092,0.8385,0.0030999999999999917,0.9775125638444173,0.022356257608697336,2.5804028631477927,2.5848380664228574,2.392876316783403,0.9257354833430207,0.3788216862586973,0.6765705469335623,0.04403886355181482,1.5581999757175489,1.5633473654492245,1.4093641633299565,0.9015041663021441,0.43420007539276373,0.6495644203428008,0.03408343768161215,1.3339526449387566,1.3947749594548253,1.2342860575591679,0.8849356300758456,0.4869471362475713
366,3,1.0,0.02504910994243114,0.8068,-0.03170000000000006,1.1108484446227402,0.02542559420299539,2.7781584970648807,2.7950131086299903,2.5647834320305822,0.917628409008694,0.3998506369583843,0.7737502708022714,0.050602955737020776,1.6298269050965777,1.6504231705631731,1.4578090388138754,0.8832940937907627,0.47474383223316696,0.7607047653698025,0.03927207048434661,1.3189233779867537,1.4256549908738962,1.205745125374615,0.8457481880910884,0.576761909043546
367,3,1.0,0.024698581759746,0.8332,0.02640000000000009,0.9629563764397674,0.022058021482298094,2.6622560125018047,2.6669362214463,2.4870190773700753,0.9325378902467137,0.36170690268620986,0.5829287677748893,0.03815348391021311,1.5356455614182982,1.5483329065294262,1.4344088830532395,0.9264214930808735,0.37959851050297405,0.503614537324607,0.02670433396018819,1.2357141199335109,1.268445290819651,1.1641844995275632,0.9178042663355894,0.4075493912392169
368,3,1.0,0.024350039390923166,0.8362,0.0030000000000000027,0.9297876094112364,0.021315903509059975,2.5918006095064676,2.6011268111080654,2.429270618476988,0.9339300983338573,0.35874195183104274,0.5794096023887373,0.037962540717773934,1.5088633111696528,1.519655611429236,1.4048621935943841,0.9244608995804722,0.38400403674709666,0.5421691742174842,0.028526384495230782,1.365012804787905,1.4273319294195073,1.3203519790295664,0.9250490035394574,0.3971898082683013
369,3,1.0,0.024003496595818553,0.8438,0.00759999999999994,0.9315073099313764,0.021370636902322267,2.6318940403146636,2.63523878384025,2.465112095314366,0.9354416421126122,0.35393039980439617,0.5429530065427489,0.03568179550355417,1.472344187300106,1.4762675392781548,1.3727956202044158,0.9299097783289787,0.36876771832704597,0.30036501667159965,0.01597257500585555,1.1123214344545092,1.1611600135017148,1.1216387659493228,0.9659639954073103,0.2700343689941576
370,3,1.0,0.02365896705534837,0.838,-0.005800000000000027,0.9042962347080555,0.020764361101906898,2.5363133628829853,2.540424657658555,2.374027338388859,0.9345001951669528,0.3565396326580707,0.5417821004775643,0.03552111817011288,1.4737398096588403,1.4864725742031266,1.3842228693019196,0.9312131910970363,0.36762398418414355,0.43310065557490635,0.02315950457335369,1.258398351609935,1.3368791382044376,1.2647804904975881,0.9460694346658104,0.3441681682281433
371,3,1.0,0.023316464370948857,0.8452,0.007199999999999984,0.9501857625151098,0.021834901262693007,2.5877828107867966,2.5894645192061545,2.408832410731256,0.9302434510551725,0.3671814182219615,0.6006856087725326,0.039590793954033254,1.5164597870703496,1.5215017930113688,1.39790719916554,0.918768026161041,0.3961104764492291,0.5074226283548192,0.027115079955794763,1.2640362796137885,1.3150596628043287,1.2132205706910788,0.9225593370447689,0.40143043086536745
372,3,1.0,0.022976002064039634,0.8275,-0.017699999999999938,0.9271853364319123,0.021322932864246493,2.5661498475622357,2.568551786691009,2.395367545723037,0.932575141421976,0.36131379362460464,0.5495042493080994,0.036253454791068514,1.5456413575619623,1.5538649977647345,1.4534584493181693,0.93538270789869,0.35551859855436785,0.45929324319392234,0.024907796517747303,1.3506818308612125,1.4079863881431625,1.3309678780823695,0.9452988248257399,0.3400454738486198
373,3,1.0,0.02263759357548956,0.8472,0.01969999999999994,0.890219438989984,0.020488519846918827,2.4765159761978666,2.483991870280446,2.318992239758968,0.9335748105718038,0.3594644442216423,0.553274542319114,0.036670578667629045,1.455026236784822,1.460819832965174,1.351991807375053,0.9255020892143682,0.3802505606645879,0.3816310401493169,0.020610899098697705,1.2125993632492942,1.2533445335794597,1.1938301028263036,0.9525155061847301,0.31472145847635474
374,3,1.0,0.022301252265086294,0.8112,-0.03599999999999992,0.9293065867672856,0.02140474578223063,2.4810317586921724,2.488590612171705,2.3085650440513787,0.9276596290125741,0.37456456714490083,0.6681716418454413,0.04435392219113202,1.4646497329618293,1.4746633818330883,1.3146021431239698,0.8914591352297949,0.45619893057588445,0.47086918740384814,0.025582257166638662,1.1482457127347723,1.161390969869536,1.061654994302654,0.9141236860330629,0.41007702635560545
375,3,1.0,0.02196699141100894,0.8353,0.02410000000000001,0.9608512430995552,0.0221486694142778,2.4234407817494974,2.4273318207211085,2.229059151566995,0.9183166193177449,0.3964822455475518,0.6631627888023969,0.04432589152071791,1.4079350335066267,1.417385706295559,1.2526761011157659,0.8837933778729335,0.471018032096774,0.5786262028983595,0.03166304824262951,1.1925794317134744,1.2376645017858439,1.0940773063162816,0.8839853649657252,0.48518881636839983
376,3,1.0,0.0216348242093036,0.8224,-0.012900000000000023,0.8249399056811001,0.01902942961666198,2.328903066150432,2.3367937100892466,2.1863391922274475,0.9356149765329295,0.3542182230214876,0.4840906949541197,0.032468556704259584,1.3240537260716199,1.330776460287645,1.239605671236291,0.9314905306999136,0.3656125770593803,0.45042506679657013,0.024340484977909523,1.008182635494445,1.03370391728415,0.9304089817862206,0.9000729959800131,0.44676931633093175
377,3,1.0,0.02130476377336266,0.849,0.026599999999999957,0.8890294357513275,0.02052508908014096,2.415525541500628,2.4334914359141293,2.265283047754848,0.930877756265415,0.36804803777774353,0.571527811854464,0.038396559290371654,1.4741216087738203,1.5005987928156364,1.3874987113583839,0.9246300330249912,0.38770736990271987,0.6748957406838378,0.03614116597156412,1.242230223317263,1.3091521067640004,1.1217823173053403,0.8568769904653737,0.5432936085563834
378,3,1.0,0.020976823133406982,0.8396,-0.009399999999999964,0.8876633871909945,0.02050864434462098,2.325341039642661,2.3327655489310914,2.1572781090819815,0.9247727917065987,0.3817347099019089,0.657130653281498,0.04414743211297811,1.4560273417663872,1.466762906928927,1.3113248229819323,0.8940264420291025,0.4513175229829795,0.7202600322498306,0.03941083715046308,1.3779790997316355,1.4300121259469878,1.2353786316299395,0.8638938154540771,0.5226930019403798
379,3,1.0,0.020651015235971515,0.8427,0.0030999999999999917,0.8731403670646689,0.020186800625583735,2.363695560218342,2.3665599867230225,2.199598175465652,0.9294495756735233,0.36939628848988243,0.5004670449070441,0.03373974022002974,1.4288318291157442,1.4361715855904484,1.3461506342938754,0.9373188049396179,0.35026308534627637,0.4435501113323573,0.02462624495510099,1.2703710658730658,1.3485648912849413,1.2735346513982702,0.9443628998711506,0.3491500422575559
380,3,1.0,0.020327352943394123,0.8012,-0.04149999999999998,0.9590773494801513,0.02219109600583479,2.4556218819849223,2.4580858218396795,2.263262371635134,0.9207418030430133,0.39056393678366813,0.6425941351762048,0.0432096660852553,1.5187913919208662,1.5246955312503423,1.3826674645337058,0.9068482435964347,0.4230957184735519,0.4065345957553782,0.022655594353617522,1.1844309957725818,1.2305688585998573,1.1614773325289154,0.943853994363587,0.34323197991809007
381,3,1.0,0.020005849033308012,0.8378,0.036599999999999966,0.8899208106075737,0.020604324013340072,2.372726722962011,2.38484762472359,2.212586541351471,0.9277685158639499,0.37506249750356185,0.558647247732054,0.03786809044213586,1.4345682569465972,1.4429702354285057,1.330442182101085,0.9220163725040356,0.38941838077548513,0.2879456025478422,0.015966345268967907,1.0969995356423998,1.1575409278427051,1.1211549399399654,0.9685661327150205,0.2624847077799555
382,3,1.0,0.019686516198136963,0.845,0.007199999999999984,0.853032212752384,0.01976345390116425,2.2625086323877412,2.266594357004461,2.0999490612155967,0.9264776711042803,0.37702937374083534,0.5933497788066268,0.04026095701904232,1.4090178437223633,1.4130317213486332,1.2824175113001859,0.9075645591849942,0.4211087754851329,0.5019275604519079,0.027970875738424834,1.2517737251889967,1.2973576120892054,1.1963301737433565,0.9221283034034394,0.4009730755261901
383,3,1.0,0.019369367044594566,0.8353,-0.009699999999999931,0.8721176822714611,0.02021913638189459,2.336656806588595,2.3402912742302115,2.1717214490884524,0.9279705791334856,0.3732331080081505,0.6034435412828897,0.04122747479383399,1.3918806105229011,1.3997747279866901,1.2630222487767444,0.9023039375724135,0.4335454756110068,0.6515853931567896,0.036558198210063245,1.0705438629955721,1.1331123175553919,0.927027801558809,0.8181252530718267,0.6086489453440402
384,3,1.0,0.019054414093186343,0.8506,0.01529999999999998,0.8252930246470214,0.019147833588858142,2.2165837368007373,2.2188921077485526,2.0597023180639193,0.9282570841868654,0.37232657216830073,0.5337860631724393,0.03658067837565036,1.3580733475773679,1.373533992153385,1.2655702155987683,0.9213970843303599,0.39304656418200573,0.6567708219189151,0.03731748190967745,1.4549019822839604,1.5498414265503964,1.403802262248964,0.905771544236959,0.4514192914136328
385,3,1.0,0.01874166977771553,0.8244,-0.0262,0.7724694307107406,0.017934254609100996,2.1138668331908157,2.1215264564518574,1.9758961321663469,0.9313558764055813,0.36542956187297865,0.46635537393405746,0.03183931169568796,1.3234469603785026,1.3290501168034894,1.2445428519824244,0.936415291076973,0.35237934567523654,0.2682487477227497,0.015063749490971027,1.1651037732807419,1.2265898685574355,1.1968982520880362,0.9757933623695108,0.23023592736928922
386,3,1.0,0.01843114644479221,0.8243,-9.999999999998899e-05,0.8572233925263483,0.01991486767804024,2.260012886649598,2.2647639713471,2.0962642841068253,0.9255994490498497,0.3793002232819816,0.5222914069645294,0.03594138575853657,1.3150908725237955,1.3273737055593167,1.2203002394259979,0.9193343474525125,0.3971523321139003,0.5379544708224917,0.03036850263006527,1.134679437447143,1.174345538427192,1.043883606435428,0.8889066908139385,0.4741025994379592
387,3,1.0,0.01812285635334586,0.8229,-0.0014000000000000679,0.833133061375686,0.019368438034091308,2.1886266456217696,2.1965026003694623,2.0323663623876453,0.9252738248731377,0.38066477123557096,0.5646691158080517,0.03906606184038356,1.3278085758228848,1.3424685800424405,1.2179370646293064,0.9072369236312426,0.42526394699485087,0.5431166056461708,0.03125122759784311,1.0888815827171476,1.168403651769017,1.0345003230457621,0.8853963452437699,0.4987839029207394
388,3,1.0,0.017816811674141425,0.8156,-0.007299999999999973,0.7302773895670858,0.01698872840180494,2.0817782770558293,2.085994797745146,1.953988046902848,0.9367176030424476,0.35079498984872015,0.41237654959250125,0.028589359376451264,1.2300042884921953,1.2404621522830936,1.1699110959844874,0.9431251842962273,0.33526431854803884,0.2786766026436352,0.015932510238850065,1.0856324442747995,1.1414230851100122,1.106881231378625,0.9697379050923453,0.2566951679762948
389,3,1.0,0.017513024489298753,0.8422,0.026599999999999957,0.7955981241346012,0.018521808454809982,2.1157507976339334,2.1224532539556384,1.9676969987478095,0.9270861419824403,0.3760358379750238,0.48651906342138457,0.03380978021820006,1.2744477666330165,1.284427864812637,1.188719528242235,0.9254856273424407,0.3817489238548606,0.32711506760335113,0.018801331570397383,1.19906402105023,1.2460913902191677,1.202389088826066,0.9649284942211059,0.27280867565089584
390,3,1.0,0.017211506791815812,0.8098,-0.032399999999999984,0.7913560914576634,0.01843559888874619,2.0978932364601293,2.10187921577969,1.9472164290048863,0.9264169008315583,0.3772146635988753,0.49727055842799794,0.03455463389155854,1.2809582534271973,1.2859343447159386,1.1858959497379487,0.9222056745050321,0.388202001975906,0.41785872589112844,0.02402788493021314,1.08434815067303,1.1415736903039533,1.0623486600221126,0.9306001610279347,0.38535476417954245
391,3,1.0,0.01691227048509497,0.8221,0.012300000000000089,0.7953698815663145,0.018542237687000713,2.066529437876374,2.0688384397684474,1.9098375068009654,0.9231448285612491,0.38488195086330823,0.5139623559597442,0.035855452774389535,1.2402897396344688,1.2501747219890014,1.1396400820824075,0.9115846465598539,0.4143889444019881,0.48184482092211905,0.027698856120483853,1.1268168229526292,1.1914117431263478,1.089627216201525,0.9145681352294438,0.42761592754670436
392,3,1.0,0.01661532738247325,0.8277,0.005599999999999938,0.7734995058287736,0.018044383344406008,1.9918424902363043,1.996561515595977,1.8406402211571822,0.9219050887133562,0.3883336707698251,0.5620307199819107,0.03921861702435838,1.2910749249140232,1.3022343859954808,1.1747067155327966,0.902070109778896,0.4353199873503376,0.4251116734023176,0.024443384636331385,1.2313485777893671,1.3005828279089557,1.2291442376859405,0.9450718641750234,0.34524072311474796
393,3,1.0,0.016320689206755893,0.8449,0.017199999999999993,0.6951492449579085,0.016225597041006366,1.9486151096407895,1.965571795315568,1.838542916601105,0.9353730659865981,0.35674014920578817,0.41367007092949176,0.0289390472953858,1.226845306471562,1.242766601847835,1.1718984428555366,0.9429754880064153,0.3371819321860694,0.25250505091306763,0.014492767459636706,1.127555646738032,1.2195224473797468,1.193095260709628,0.9783298891079044,0.22394021230220737
394,3,1.0,0.016028367589753605,0.8235,-0.021399999999999975,0.6983667547150295,0.0163113762625061,1.9220030451553125,1.925349719953171,1.7942283810005653,0.9318973911109536,0.363353615112819,0.46902645102978696,0.03283629242375882,1.165949255854322,1.1756895901136557,1.0780817510310001,0.9169782229055718,0.4022700376322285,0.3634762329738621,0.021014351034231955,0.9036457856424704,0.9655946919759193,0.8945715393292476,0.9264462064291847,0.4022330859601578
395,3,1.0,0.015738374071823217,0.8321,0.008599999999999941,0.7857682958827126,0.018365954741346543,1.9999405249708406,2.0049623531246414,1.8445710237429895,0.9200028224312096,0.39289583168687936,0.6256700138916172,0.044033023265632666,1.267609481328487,1.2769265974702442,1.1131390614909253,0.8717330061854746,0.4935826239133989,0.5642138729914837,0.0329032213101124,1.112103732183828,1.1557503337752766,1.0086733011773297,0.8727432488662863,0.5073392496251604
396,3,1.0,0.015450720101412348,0.8158,-0.01629999999999998,0.8386477073065945,0.019615056576632525,1.9989774472727166,2.0061714065180825,1.822469146623015,0.9084314235073753,0.4195383536971838,0.713924779164828,0.050418677742384295,1.2871441500822978,1.2985721568450481,1.0847124131401733,0.835311620861748,0.5546579838157062,0.6650312096583136,0.0391918415583476,1.0632964747892653,1.0884260863077888,0.8616292136014934,0.7916285951252356,0.6254428801620133
397,3,1.0,0.015165417034607182,0.8179,0.0020999999999999908,0.8473164258878415,0.019830918117156676,2.0272662403244093,2.036757902997592,1.8521440740651074,0.9093589725805017,0.41796011250710285,0.6654032326573871,0.04697705302656084,1.3713159791755434,1.3988849323361663,1.2304948746476465,0.8796255118658652,0.48522969378467967,0.5420585842055949,0.03215996125814436,1.2671494389964337,1.3323035126319522,1.217047597149783,0.9134912470098631,0.427777945934221
398,3,1.0,0.014882476134684243,0.8365,0.01860000000000006,0.7524772673071295,0.017620935375266593,1.933895391809713,1.9448134477658248,1.7933425060613477,0.922115438949435,0.38909926074283235,0.47923886145327516,0.033994793944688954,1.2339553311771185,1.2403039920886265,1.1439773281654777,0.9223362461641857,0.38837618294992116,0.47577966131665334,0.027925462991042444,1.1110256731887078,1.171233576316227,1.0702439983993408,0.9137750317622217,0.42823462391389955
399,3,1.0,0.014601908571665854,0.8256,-0.01090000000000002,0.674698780542842,0.015808510426294515,1.8472390778004149,1.8503902043182996,1.7229989859835024,0.9311544029807869,0.36524713484636445,0.40598244197865774,0.028859744516269825,1.1665063401655242,1.1737808438269384,1.1013354348602864,0.9382802936786271,0.34803277787675796,0.4117107260708491,0.024528801255732993,1.1126005825773337,1.1436239832928925,1.0669442253748551,0.932950201256492,0.370043601017288
400,3,1.0,0.014323725421878947,0.8467,0.021100000000000008,0.6095109641541495,0.014289657087218797,1.7661607236645662,1.7720866921857192,1.6639674491360357,0.9389876107492644,0.34510503828297645,0.34106293381073605,0.024322012993868807,1.0662654855190181,1.074291921619354,1.0187144912580215,0.9482659887476796,0.31986680469613005,0.24406333667978358,0.014410554337175,0.9860254627109895,1.0273733497233883,0.9979625570058934,0.9713728288499858,0.24752234694705866
401,3,1.0,0.014047937667517954,0.8375,-0.009199999999999986,0.657062932937506,0.01541397692973552,1.8095638325263537,1.8152895728444596,1.6922011068503353,0.9321934815054045,0.3631056949343271,0.3954381721645196,0.028259756053066912,1.1245929469402798,1.1270167901697314,1.0553651147675305,0.9364235954360449,0.3516278251970212,0.2778087911746222,0.01648739735586543,1.0125099928633736,1.0467657625567135,1.009227820957793,0.9641391198091591,0.27437634505609193
402,3,1.0,0.013774556196211206,0.8158,-0.021700000000000053,0.6892712457964109,0.016180260943262907,1.8147195730836518,1.8219408460583237,1.6865270947132516,0.9256760988491844,0.37982245632870465,0.48539734146635827,0.03465880231420786,1.148916294096572,1.1583526277141347,1.0517462674291995,0.9079672651191636,0.4224827726444954,0.6714501048413171,0.03980657282856003,1.2007075851968776,1.2959026702244723,1.108385809367978,0.8553001971791498,0.5592120122496109
403,3,1.0,0.013503591800591089,0.8406,0.024800000000000044,0.700572062646528,0.016455114298266044,1.8083041284784727,1.8130054564436848,1.6721805027038075,0.922325135184031,0.3874193790819895,0.500502619171955,0.03577075436752715,1.1580475100092784,1.1633234068370129,1.0501516781017404,0.9027168815910119,0.43219523797252923,0.4759602603300814,0.028752757071079257,1.042755904862379,1.0843968179299712,0.9743603996848831,0.8985275349155496,0.456444560141712
404,3,1.0,0.01323505517786794,0.8028,-0.037800000000000056,0.7695595513263608,0.018086169247313617,1.7753000225247493,1.7780195069889884,1.6028510495363535,0.9014811385566426,0.43348140683957687,0.653611647809387,0.04686048122712966,1.1727160683831617,1.1796600527381251,0.9820334591610376,0.8324715725361949,0.5573485905335377,0.8526795221936408,0.05183684659760808,1.0819880712032923,1.1231642909702722,0.7310508181258661,0.6508850254617075,0.7880673963857711
405,3,1.0,0.012968956929407872,0.8103,0.007500000000000062,0.8428229651607648,0.01981851327517181,1.9198419535569833,1.9278300479721895,1.73383337420196,0.8993704481500913,0.439006431544652,0.7126031367013308,0.05137900791392316,1.2762411500850825,1.2952385445681527,1.0815912682712074,0.8350517924339739,0.5583608839550613,1.046861303127578,0.062205940544412856,1.2882047715620744,1.3972207686643965,0.9253692022328593,0.6622927621648652,0.8126513161864446
406,3,1.0,0.012705307560314058,0.8393,0.029000000000000026,0.6510870607502025,0.015317717115261816,1.759083846816315,1.7636725585516746,1.6390932196523142,0.9293636801824117,0.37012849724507163,0.42800096583949465,0.031028049266886668,1.1365418113604788,1.1452789110415809,1.0622988997742597,0.9275460235342546,0.3765818041723983,0.3919946653292912,0.0241982210398895,1.0059981171765013,1.0729053769454167,0.9987323378680736,0.9308671196256698,0.38965745425994286
407,3,1.0,0.01244411747901215,0.8191,-0.020199999999999996,0.6316799419673194,0.014869139154628059,1.650092706822138,1.6542924942797166,1.528942162714021,0.9242272258387574,0.38281481964964986,0.415605021992781,0.030212951766966038,1.0343836558432924,1.03953793234092,0.9528439447057492,0.916603343718352,0.4017900124823168,0.3616547181331745,0.02213923358335868,0.9709747384229812,0.9982718276867053,0.9304581360334243,0.9320689117207428,0.3724656304864942
408,3,1.0,0.012185396996839376,0.8198,0.0006999999999999229,0.671753292384003,0.015821446731740043,1.6744357887268813,1.6784839610608426,1.5381989349441836,0.9164215867585678,0.4011818768486519,0.5147937713699824,0.03744431853397666,1.116160713441777,1.1270172025459468,1.0025742736528493,0.8895820502012043,0.4612183220305002,0.32744447134793986,0.01997277142793777,1.0411071822254265,1.138922412268149,1.090836582648131,0.9577795387095284,0.3145156204263316
409,3,1.0,0.01192915632763732,0.8475,0.027700000000000058,0.5768901116449349,0.013594192984766332,1.593426654372607,1.6019955284043665,1.4945191532173792,0.9329109393369924,0.36204371883817804,0.3732730145768309,0.027172697271355174,1.0644806375308724,1.0779943877945735,1.0113056782941456,0.938136311046235,0.35066209888294475,0.3823358517598905,0.02339648208650186,1.162768760349865,1.2154537356534554,1.1537533351264808,0.9492367346307895,0.3288150359705653
410,3,1.0,0.011675405587348867,0.8456,-0.0019000000000000128,0.5429486276709007,0.012801224736300812,1.540914786957708,1.5520105582790944,1.4539407089344034,0.936811093957097,0.35235473905917064,0.379258586566653,0.02771165612934187,1.0302978540800445,1.0419402335779524,0.9704650083507597,0.9314017993318564,0.3681057716123207,0.3379934752941844,0.020401191638762015,1.042601482731341,1.0964335460576184,1.04303741463726,0.9513001662413999,0.3241828070383428
411,3,1.0,0.011424154793618758,0.8447,-0.0009000000000000119,0.5899987452878056,0.013918200770509037,1.5672790114265434,1.5695473275235108,1.4544347143967695,0.9266587180213481,0.3764478060296274,0.3980290024125362,0.029000774700362632,1.0120785577215183,1.0163606297482757,0.935180117251102,0.9201262719933574,0.3932787621828632,0.22657623351197267,0.013802674596498187,0.9097140195259723,0.94202424026137,0.9143702350905752,0.9706440620220962,0.24906314363500245
412,3,1.0,0.011175413865398122,0.8542,0.009499999999999953,0.5632213861058828,0.013294153281341276,1.5375675614411466,1.542558031412549,1.4360595375768894,0.930959813720501,0.3663067563535101,0.40864827437372897,0.029789001067045323,1.052559099527244,1.0613662865481046,0.9795432664984075,0.9229078395585645,0.3882425932731692,0.49264354125039617,0.030065456602641934,1.1200466944218666,1.2114977015910553,1.1068105924936662,0.9135886853438484,0.43984196703931483
