round,phase,gate,lr,acc,delta_acc,params_global_norm,params_global_relative,params_local_mean_norm,params_local_rms_norm,params_disagreement_rms,params_disagreement_relative,params_retained_ratio,bn_mean_global_norm,bn_mean_global_relative,bn_mean_local_mean_norm,bn_mean_local_rms_norm,bn_mean_disagreement_rms,bn_mean_disagreement_relative,bn_mean_retained_ratio,bn_var_global_norm,bn_var_global_relative,bn_var_local_mean_norm,bn_var_local_rms_norm,bn_var_disagreement_rms,bn_var_disagreement_relative,bn_var_retained_ratio
1,1,0.0,0.09999725846827562,0.1007,nan,5.827031571542706,0.10400782366070116,11.389980482473188,11.39271185672768,9.789769470928947,0.859301068441211,0.5115927617706892,27.13467007330429,nan,35.29818003888734,35.33078601946682,22.626844508397063,0.6404285626685451,0.7687271707326139,59.58779531528546,1.8059893502751216,68.55684496856293,68.95484792687053,34.699645962802286,0.5032227175615368,0.8691735353721387
2,1,0.0,0.09998903417374227,0.244,0.14329999999999998,5.13283204204471,0.09186203249714676,10.040990455831784,10.059996058057713,8.65202606354968,0.8600426892433723,0.5111878220204435,10.063423069687934,0.3708695570095971,20.340011792277416,20.50181525845773,17.862024943654784,0.8712411422342743,0.4947599427404835,19.123496765888103,0.21615050555665893,32.653566508527064,33.267135759340675,27.22120881045367,0.8182612716458633,0.5856480259482297
3,1,0.0,0.09997532801828658,0.3258,0.08179999999999998,5.047289061720091,0.09029010071028838,9.70770587201368,9.74451218702763,8.335489780765208,0.8554034948883146,0.5199260389904177,12.116897699959956,0.4007154205500088,22.050096941591708,22.280559636842227,18.697703674036905,0.8391936279337949,0.5495167541465369,20.138655914862813,0.2446794159467536,33.93430707771915,34.90235803745057,28.50629904613428,0.8167442158362694,0.5934600600135905
4,1,0.0,0.09995614150494292,0.324,-0.0017999999999999683,5.1680611073406615,0.0922777072448749,9.571036952075033,9.586106613692012,8.07369702117022,0.8422290035496174,0.5399687759245573,11.345887811303156,0.3455023505485068,20.70083239010269,20.82198801286769,17.45926717780538,0.838501451783365,0.5480884825060347,22.784688554475366,0.2547270874785205,35.427556624620216,36.64374341117048,28.69881313462854,0.7831845347405197,0.6431346309285482
5,1,0.0,0.0999314767377287,0.3015,-0.02250000000000002,4.977634676390611,0.08867976640908837,9.668363165262964,9.783255451565385,8.422306056082135,0.8608899254219629,0.5148373712599601,12.796576628454114,0.37146282552060333,23.208505375681337,23.619182322483873,19.852289299686834,0.8405155194889533,0.5513744388668304,46.57931182401992,0.4955122088756544,69.52205149436465,87.18601232149841,73.70053101894418,0.8453251738039523,0.6699933448856233
6,1,0.0,0.09990133642141358,0.4436,0.1421,4.226938391031676,0.07518266742259981,8.650300403749279,8.669463476469653,7.569186747649364,0.8730859491124657,0.4886464277240134,11.316843597163958,0.3150377681929473,19.063819313425437,19.248367231479033,15.570121681602194,0.808906100676353,0.5936293987634589,47.78012596880932,0.40028382898943826,53.665123430513866,53.761118222706855,24.643811689168015,0.45839470055441134,0.8903385087835586
7,1,0.0,0.09986572386122292,0.3626,-0.08100000000000002,4.0708195682298065,0.07223225492078461,8.551803169800527,8.631141380052755,7.610849433638172,0.8817894526936428,0.4760188567722565,9.155938691394928,0.25628663314476086,17.415860154433812,17.663673135349693,15.10543390343631,0.8551694649062732,0.5257241738395543,17.171304761306963,0.18241694986903154,25.034562428353315,25.376129710275613,18.684064463653584,0.7362850315226677,0.6859039302344392
8,1,0.0,0.09982464296247523,0.498,0.13540000000000002,3.847498485268598,0.06817189044817076,8.485761115695126,8.509922179957254,7.590489466429077,0.8919575650534568,0.45340641019841194,7.9134783369998125,0.21920101731924999,16.010891806326427,16.181213038880273,14.114124604759182,0.872253802656557,0.49425593731593004,13.642715709606867,0.14918744910010082,24.44140306441859,26.113361964794475,22.266206934023614,0.8526748476141249,0.558180546086068
9,1,0.0,0.09977809823015402,0.3973,-0.10070000000000001,3.6324930399750666,0.06424408406139283,8.072582680359595,8.10703829817895,7.2476936972410915,0.8940001799262637,0.44997904435377756,7.102692952864597,0.19310698368024048,14.51429481981453,14.560038712795764,12.710093604010401,0.8729436682637677,0.48935845943877265,11.219748328271551,0.11968279028190691,19.92940184711017,20.135359908963302,16.719747986675767,0.8303674760356745,0.5629746649871707
10,1,0.0,0.09972609476841367,0.4952,0.09789999999999999,3.1430891885022296,0.0555331548824287,7.4783944154142565,7.554203429779974,6.869277943169505,0.9093318715894816,0.42028930461648056,5.3015710430057865,0.1459439205770721,12.275285914739992,12.407589417514448,11.217915112177637,0.9041172088062911,0.4318898215348071,10.364799706427831,0.11178781096215655,17.638458437837752,17.730194104468573,14.385086659365582,0.8113327228459435,0.587625032139624
11,1,0.0,0.09966863828001982,0.525,0.02980000000000005,3.3930986029173886,0.05992876296113157,7.799384148612424,7.864809151078601,7.095217014530216,0.9021473856815914,0.4350469906679811,6.27634276481109,0.17325007513808185,13.081998403517874,13.300424156307352,11.726414778115014,0.8816572043346521,0.4797694183423323,8.32094263431127,0.09254358719928198,16.605191989500725,17.120493475318042,14.962393326413293,0.87394638174326,0.5011048736788174
12,1,0.0,0.0996057350657239,0.4734,-0.051600000000000035,3.254036667015761,0.05745808404817402,7.543335482246829,7.573456984703565,6.838749577026637,0.9029891621275663,0.4313790198877017,5.82868287246738,0.16110240969430034,12.038197304899867,12.097797508090137,10.60109236529423,0.87628284059185,0.48418236757881933,9.394002218619773,0.10355790777837556,15.883692427109862,15.931765921656133,12.867551503304346,0.8076663670920131,0.5914243342175489
13,1,0.0,0.09953739202357217,0.5654,0.09200000000000003,2.944691641597913,0.05197500946810627,7.212859705701373,7.275905946052399,6.653389984481819,0.9144414501525641,0.4082557767303161,4.874352958981632,0.13563244441014222,10.9373620645803,11.022379630597912,9.886027304393595,0.8969049910919575,0.4456607480122471,7.2769456559578325,0.08150511178497845,13.687326210834662,13.747857881395143,11.6640320484214,0.8484254164575148,0.5316557480888796
14,1,0.0,0.09946361664814941,0.5521,-0.013299999999999979,2.7245694195236467,0.04810510505487358,7.084203471127775,7.103791227043907,6.560531323342531,0.9235253562023046,0.38459784937401115,4.19238676608144,0.11591151748488315,10.080793145619646,10.116597791285166,9.207032349358505,0.9100917659580975,0.41587866207761,6.505554426005791,0.07326231303993765,12.224461241141208,12.270771862538394,10.404307080191472,0.8478934493073678,0.5321751443827613
15,1,0.0,0.09938441702975688,0.5269,-0.0252,2.7770172804054583,0.04907173586703819,7.086136227340096,7.119276937709301,6.555324473828752,0.9207851487145539,0.3918944247347415,3.972813210727022,0.1121472345165159,10.218354999913837,10.283701643734267,9.485318913564972,0.9223642655312021,0.38879185649358644,6.650738445468289,0.07542935791510971,12.327411816223243,12.442826234986587,10.516254547922342,0.8451660699361746,0.5395080933952184
16,1,0.0,0.09929980185352526,0.6256,0.09870000000000001,2.623212327371121,0.04636360893309808,6.848923746657739,6.929003196462924,6.413255208509794,0.9255667845244456,0.3830108823523175,3.8358501713113937,0.10933182577793525,9.214634292368608,9.308173529753645,8.4810581625677,0.9111409596585126,0.4162780691674519,7.14311427905017,0.08077721167780394,11.832694785994901,11.887383408264931,9.501884427655977,0.7993251417338495,0.6036760356148722
17,1,0.0,0.09920978039846208,0.5002,-0.12540000000000007,3.1604192305555574,0.055888498344326826,7.441621849436432,7.466787505165332,6.764958669734496,0.9060065878471393,0.42469495151717523,3.9503072407242734,0.11393383027686835,9.547024818147532,9.583594707156559,8.731572531706727,0.9110957629694436,0.4137736431998483,5.345857603072959,0.06075049231000931,11.343235173412339,11.432801280339609,10.105975514698379,0.8839456985994409,0.4712815630943837
18,1,0.0,0.09911436253643445,0.453,-0.047199999999999964,3.805599444220871,0.0673005023488158,7.9089426877047035,7.993695920345763,7.02969322948544,0.8794046332927529,0.48117676337914067,5.284168461770793,0.15133601933580548,10.813598711331178,10.999220479305045,9.646782560398554,0.8770423848261708,0.4886595667946976,7.585254889261963,0.08418649836257015,13.894527726167365,14.382338236610783,12.219474720088087,0.8496166978595284,0.545916711870441
19,1,0.0,0.0990135587310861,0.5793,0.12630000000000002,2.855025892667927,0.050507554647615964,6.74398274104164,6.8015051967468,6.173273038049598,0.9076333634211309,0.42334418729947026,4.258423951687574,0.12121318317908301,8.83374722366505,8.928629076706242,7.847690367063526,0.8789356461830451,0.4820631430656659,7.710781629395431,0.08312356832199104,11.865052184511764,11.897340094200839,9.060384024208796,0.7615470308884529,0.6498733852566466
20,1,0.0,0.09890738003669029,0.5442,-0.03510000000000002,2.8449974376967324,0.05037946157933469,7.088989437317511,7.120048295815293,6.526950073986064,0.9167002529775234,0.4013262345575289,3.890522633947704,0.11259058143090858,8.917833656711004,8.95547313916359,8.066246495360991,0.900705788517875,0.4362631984080506,4.426010787068521,0.04916286797016061,9.454397225944652,9.467631034395218,8.369376492744804,0.8839990133053839,0.46814309588375574
21,1,0.0,0.09879583809693737,0.6223,0.07809999999999995,2.758919213528016,0.04888945403867003,6.987787185148821,7.013617764507875,6.448193462998381,0.91938193376166,0.3948201541385749,3.56108393774761,0.1043012091039038,8.441019003744458,8.493133659897934,7.710512370917566,0.9078524699692795,0.42187844099958827,5.125585587241051,0.056910164434585964,10.03469074311184,10.125084891748198,8.73187993008813,0.8624006636432737,0.5107866020444558
22,1,0.0,0.09867894514365803,0.5251,-0.09719999999999995,2.728267555401335,0.04841540491060177,6.71581204934518,6.749210418911786,6.173199926178928,0.914655128973482,0.4062453706796861,3.5161581294169184,0.10432278324050497,7.887947588228647,7.920908669175622,7.097705660830807,0.8960721499607329,0.4457633738165498,4.657783070451116,0.05127901765525474,8.971625355982297,8.976784566677912,7.673833753065462,0.8548532824939298,0.5191682538711112
23,1,0.0,0.09855671399548181,0.5976,0.07250000000000001,2.827785152860815,0.05023030558336656,7.069957076541861,7.113925382988909,6.527753465133416,0.917602183562795,0.39997203975161527,3.6768152321525536,0.10918121307653193,8.300521369311188,8.393263275645422,7.5450578693332995,0.8989421184042511,0.442961962093915,4.086334468846231,0.045354564010800506,9.6204037247072,9.868511040064625,8.982726664385035,0.9102413350825224,0.42475706693594084
24,1,0.0,0.09842915805643157,0.6123,0.014699999999999935,2.5164303096290452,0.044713574508747196,6.239289548062828,6.2672798574424675,5.739893322807713,0.9158508082244841,0.4033200078701822,3.124926377911789,0.09314830394644567,6.931175579795438,6.969857606256374,6.230068347029578,0.8938587700037463,0.45085084657515134,5.33351889839177,0.0591722989366934,8.868413209490045,8.881946842379449,7.102292775570922,0.799632434376092,0.6014062236843449
25,1,0.0,0.0982962913144534,0.6265,0.01419999999999999,2.9066246531522517,0.05172409944365442,7.121508313199907,7.22462658835654,6.614133542512032,0.9154983252936005,0.4081473369573612,3.269322571229402,0.09881693391425049,7.844172673001682,7.954892345920217,7.252023348877893,0.9116431792564986,0.41678360580738594,4.174118520578537,0.046678566565670425,9.361995342954728,9.46344139402149,8.493141265072518,0.8974685752730548,0.4458577864728085
26,1,0.0,0.09815812833988291,0.6566,0.030100000000000016,2.3319157464542344,0.04154760162170278,6.275197778283012,6.282035782108945,5.833193169658401,0.9285514078527163,0.37160832675656025,2.8916379820356637,0.08809340479947478,6.625953283108262,6.631283923438479,5.967608931126194,0.8999175725282241,0.4364108617257235,5.478136098922341,0.06027958933295964,8.429407060554295,8.454417561582648,6.4395031026312415,0.7616731792255812,0.6498839194226922
27,1,0.0,0.09801468428384717,0.6211,-0.035499999999999976,2.4062810791493083,0.042940348937706985,6.5362565340401675,6.5488418599982445,6.090742255056693,0.9300487605694491,0.3681436104316956,2.7272738093192936,0.08409687912796815,6.770086492100392,6.783257829963198,6.2108424923611425,0.9156135072629016,0.40284179714713925,3.3547558157089714,0.037548641492663876,7.510339400166081,7.661575324696649,6.8880581440774185,0.8990394079758189,0.4466849814583327
28,1,0.0,0.09786597487660337,0.6118,-0.009299999999999975,2.61182979344599,0.04669424198807665,6.546299556014512,6.568963361473979,6.027406146096866,0.9175581921261325,0.39897804417555743,2.9600835448845952,0.09202501748566397,6.649238741256813,6.670450923871292,5.977693625633988,0.8961453571664608,0.4451763066526758,3.695257531888712,0.04112213610665916,7.605810892590863,7.626233140893693,6.671169995409689,0.874766070242106,0.4858466222830252
29,1,0.0,0.09771201642581384,0.5518,-0.06000000000000005,2.89418983656467,0.051823959727930385,6.852546399431702,6.907467168125393,6.271903043628556,0.9079888316473429,0.4223524610945636,3.143607062710983,0.09844312659021942,6.916060355154773,6.994143868586094,6.2478622718934895,0.8932990783840611,0.45453725116322136,3.443087639323716,0.038124906236941085,8.074716223996736,8.115281905225672,7.348669927426775,0.9055347692474796,0.426403547048678
30,1,0.0,0.09755282581475767,0.618,0.06620000000000004,3.089265560171042,0.05537006330924851,7.117031912217146,7.183761545235112,6.485589262730241,0.902812436338737,0.43406656008777866,3.3398845863891133,0.10569416266716537,7.297645724940116,7.411608172405307,6.6164269868769905,0.8927113836793324,0.4576660353591665,3.6778356873188818,0.04047798002347344,8.582670996422141,8.74263792575419,7.93140879062398,0.9072100272229644,0.4285187779948761
31,1,0.0,0.0973884205004793,0.5537,-0.06430000000000002,3.154524242805998,0.05657434500437507,7.037086450375048,7.082205169332197,6.340867978410059,0.8953239600947566,0.4482713499473741,3.1506249000717577,0.09924196372810305,6.828961342219616,6.883061424881332,6.1196484549262244,0.8890881654498283,0.4613622397586616,4.154381746048741,0.04530092571033111,8.530429327132717,8.563751306282922,7.488587285413711,0.8744517463882444,0.487007345906367
32,1,0.0,0.09721881851187407,0.5947,0.041000000000000036,3.2135269162251783,0.05771175593398462,7.133738545384977,7.196452413456217,6.439112674592488,0.8947620722888928,0.4504688384331246,3.111081384055474,0.09789903607424016,6.824067021895747,6.888907149762917,6.146398525056242,0.8922167756706912,0.4558984215825017,3.421646438753467,0.03680779451427149,8.022057968630719,8.118147585826232,7.361837928999261,0.9068371634253805,0.42652975734324017
33,1,0.0,0.09704403844771127,0.6525,0.05779999999999996,2.6216968460200656,0.04713135589463417,6.357583353590047,6.419924544491778,5.860216453865755,0.9128170297412225,0.4123731770720122,2.5799586127999548,0.08145728541342885,5.732390468398,5.760051379538678,5.149952031369539,0.8940809190806208,0.450066796221047,4.354688722911317,0.04684615844125287,7.29809102830928,7.322780658831304,5.887257718483026,0.8039647768751572,0.5966887376465282
34,1,0.0,0.0968640994745946,0.6652,0.012700000000000045,2.5861956945167157,0.046563846844810894,6.558562200451877,6.596288239136873,6.068163678815634,0.9199361002468345,0.39432357511811506,2.6189840370068995,0.08400496159397075,6.1399453315333865,6.200297738236765,5.620019026816035,0.9064111537995675,0.4265484292761343,3.0643206297695134,0.03372659871682396,7.330072952941981,7.4034969574176,6.7395625565545245,0.9103215136466185,0.41804776697885726
35,1,0.0,0.09667902132486007,0.6484,-0.016800000000000037,2.257751924482169,0.04072471098901574,6.148615435739423,6.173473873515295,5.745810308655672,0.9307256216480749,0.3671968019594732,2.3348973956829733,0.07527179337791814,5.585536424036693,5.612478139644848,5.103740384179361,0.9093559488683053,0.41802563235198315,3.2639930434054123,0.035457634916007466,6.636109265566346,6.677959963432322,5.82593368092233,0.8724121906726633,0.4918534208503351
36,1,0.0,0.09648882429441258,0.6572,0.00880000000000003,2.4104631092619218,0.04356169287915774,6.41104093336554,6.467043002221954,6.001025992386767,0.9279397075796354,0.37598622974265195,2.2199888536665306,0.0730474020239535,5.77111020363716,5.862506862743865,5.425922567616614,0.9255294184981281,0.3846727536527399,2.9715487199993484,0.03260694632003001,6.658838833824912,6.768688720134626,6.081534262180068,0.8984804167592316,0.44625629094742
37,1,0.0,0.09629352924049973,0.6794,0.022199999999999998,2.363674181616184,0.042784081318550035,6.297771684891083,6.317253249727762,5.858389973823748,0.9273634825509348,0.3753191287145022,2.2206381598724545,0.07256750444590042,5.512380086990616,5.527918587602493,5.062277135498278,0.91576550111492,0.4028456174698889,2.627859241402334,0.029262483008256776,6.293973574261326,6.322499532383734,5.750509219691016,0.9095309837884537,0.41751990382494497
38,1,0.0,0.09609315757942503,0.6807,0.0012999999999999678,2.2361372780113205,0.04054190857572553,6.078044251124942,6.108323462812289,5.684303456151113,0.930583242809156,0.3679040799345035,2.1346403721050566,0.0704397629993795,5.302020274386515,5.333543297375637,4.887739207275496,0.9164150237011298,0.40260886636312443,2.7375418055173846,0.03070225033330398,6.372520917217452,6.450710229159914,5.8410213644573,0.905485001954271,0.4295853777617299
39,1,0.0,0.09588773128419904,0.6998,0.019100000000000006,2.110476943899033,0.03834435029592497,5.921596444308271,5.93534283953168,5.547448226425031,0.9346466373394439,0.35640337259516974,1.906300184948882,0.06326579562900737,5.159351547328463,5.1661073305882015,4.801529416706909,0.9294288928682048,0.36948445312589207,3.4942086211200674,0.03951956217614448,6.242261404182721,6.313864147463509,5.258839802446349,0.8329035404664198,0.559766468411387
40,1,0.0,0.09567727288213003,0.6407,-0.05909999999999993,2.3369401575798148,0.04253960979599903,6.183389050958493,6.219889006268839,5.764176444460845,0.9267330073979303,0.3779383988813648,2.1552193041116348,0.07227011916634561,5.151033738426728,5.194871196029434,4.726702557594882,0.9098786821139311,0.41840520050056984,3.4160796512583755,0.039392953609080135,6.628645480219324,6.750596389027678,5.82245088138788,0.8625091096916425,0.5153510866514687
41,1,0.0,0.09546180545235344,0.6362,-0.0045000000000000595,2.6915234608491136,0.04905682145995224,6.415555702311352,6.490664409871316,5.906303919505437,0.9099690796712344,0.41953083812824354,2.4882019117361827,0.08472675979286189,5.473130930073127,5.594969746528842,5.0112410547531585,0.8956690173100877,0.4546213024183833,2.4340216807054507,0.027537613095906292,5.97985879903069,6.111410658453428,5.605789659015676,0.9172660736292747,0.4070366479389104
42,1,0.0,0.095241352623301,0.6278,-0.008399999999999963,2.7942839435698734,0.05100876263589877,6.80344249116504,6.86230727610103,6.267634193991716,0.9133421081011122,0.4107161848135756,2.5621622475449395,0.08604904554049769,5.75347778708801,5.788211544419979,5.1902521475599395,0.8966935827636618,0.4453240878577753,2.860940661581299,0.03244342876530057,7.171717301339701,7.3271589305211,6.745537815969928,0.9206211957368027,0.39891988785543253
43,1,0.0,0.09501593857010969,0.6388,0.01100000000000001,2.630742659035387,0.048082606915012135,6.440958997828994,6.469196709809628,5.910135299764339,0.9135810155227541,0.40843959104880373,2.3270687593347703,0.07847778180252821,5.46953631042656,5.494679785636748,4.977575375670244,0.9058899826486286,0.42545997087517023,2.5895487807762274,0.029331445320010644,6.690614807675722,6.730344763016856,6.212228209222066,0.9230178286494576,0.3870419767411211
44,1,0.0,0.09478558801197066,0.5934,-0.045399999999999996,2.697336032799455,0.049385967541459325,6.430751416569088,6.535126168846272,5.952499671176448,0.9108469396585984,0.41944336797868764,2.363263595047848,0.08013600737905087,5.229184302447914,5.317886618581963,4.763916800958018,0.8958289528610403,0.45193733063520913,2.6953673002013696,0.030781234145668017,6.505234804727383,6.64961245678656,6.078843748113033,0.9141651167819557,0.4143382031717955
45,1,0.0,0.09455032620941839,0.6328,0.03939999999999999,2.81065970710567,0.05152427306138521,6.726732417792204,6.771328900288639,6.160445362912061,0.9097838036857819,0.4178343261687467,2.431171944893681,0.08288191770837537,5.564065625796366,5.597235548830114,5.041671231747153,0.9007430878625288,0.4369416373563559,3.155400156922448,0.035849389894247644,6.534004701438528,6.687101506017567,5.895826197575841,0.8816714076001874,0.48291978673167385
46,1,0.0,0.09431017896156074,0.6512,0.018399999999999972,2.506461897087506,0.046014997195886094,6.091257980146537,6.125458920493353,5.589176651923161,0.9124502709868799,0.4114850996718428,2.1376983438499835,0.07318377042242415,4.819786721910555,4.855498913090894,4.359600461378161,0.8978686926742495,0.4435255058345411,3.5974292874209994,0.04117975290551028,6.0447212024185495,6.091929170028174,4.916308947767964,0.8070200441521592,0.5951356840050182
47,1,0.0,0.09406517260324962,0.6827,0.03149999999999997,2.538709604270716,0.04668597851275855,6.3906951728133,6.443232541093826,5.922009732141253,0.9191053860576498,0.3972509305514458,2.0358903763816065,0.07067114663536013,4.9690411937349275,5.041026056133383,4.611625900454571,0.9148188978003073,0.4097149323190358,2.5039164090013046,0.028534641273880747,6.259923078115713,6.381832672085736,5.870110087475033,0.9198157314827468,0.3999915618380096
48,1,0.0,0.09381533400219319,0.6173,-0.06540000000000001,2.4650565373622753,0.04539566163489929,6.085468705515276,6.099151865176134,5.578812577868879,0.9146866156459889,0.40507258465205614,1.8864782666882107,0.06527486801650265,4.749177443410078,4.764928377242676,4.3755848324915725,0.9182897382863906,0.39722210617880227,2.4043144016420284,0.02756051159835246,5.812303746874959,5.8575590103220145,5.341373092883661,0.9118769582126708,0.41365945524349634
49,1,0.0,0.09356069055600948,0.6645,0.04720000000000002,2.3249345981383227,0.042882027300846066,6.177235914182498,6.197923436141516,5.745340207747506,0.9269782479475475,0.37637134641408737,1.9128113425355717,0.06672418309075266,4.867639043085484,4.8817071424412175,4.491349112694021,0.9200365736089633,0.39296491083346324,2.3872826411990746,0.027303196852164355,5.71279388951187,5.7564899985762485,5.238135144543333,0.9099529654075451,0.4178835587928162
50,1,0.0,0.09330127018922195,0.7238,0.05930000000000002,2.4067980310339245,0.044459933083430055,6.12074710061555,6.172894115711985,5.684359696830945,0.9208581242892917,0.39321964973718293,1.8267996990423157,0.0642559299280476,4.726580460290763,4.7734125812238695,4.410019361347225,0.9238713994038469,0.38649499662382497,2.450268351417213,0.02838388719514213,5.927729837869685,6.051425659896996,5.533167454451027,0.9143576679987191,0.41335695425312996
51,1,0.0,0.09303710135019717,0.7074,-0.01639999999999997,2.2536990927955998,0.04171301544018996,6.064203603227104,6.078513401541215,5.645278178136932,0.9287267799237827,0.3716397469894117,1.7723637407386221,0.06257113361476288,4.6753381945074945,4.687472875978446,4.339484833737854,0.9257621214143125,0.37908781504207845,2.280926517549575,0.026571242953969714,5.516735686582684,5.6125846499227325,5.128205444336536,0.9136976569978565,0.4134558273467846
52,1,0.0,0.09276821300802535,0.6782,-0.029200000000000004,2.1143467506629974,0.03921006836437484,5.7800707418952095,5.796658367492093,5.397294337193155,0.9311044389749467,0.36579945905121064,1.6302037181556117,0.05757649466682093,4.334111880696724,4.349310167397442,4.032236969796559,0.9270980487945714,0.3761332801343261,2.316032063712289,0.027286354053428285,5.150090550789995,5.159500227523418,4.6104707319368305,0.893588628476498,0.4497070567734043
53,1,0.0,0.09249463464934321,0.6809,0.0026999999999999247,2.3978038236347,0.04455462585035367,6.162692139247122,6.198967242274362,5.716443980377248,0.9221607014461203,0.38908382399378344,1.8555563467813152,0.06596733116715782,4.674252583433965,4.7041082346006515,4.322678006020545,0.9189155075611292,0.39697391479390715,2.768028661375938,0.032869078878400196,5.566690884676465,5.675521205883948,4.9547512310389505,0.8730037385645291,0.4972484944324002
54,1,0.0,0.09221639627510075,0.5949,-0.08599999999999997,2.6693229527548623,0.049697688415567536,6.475587045275034,6.558292634991279,5.990485566818947,0.9134215107842489,0.4122132764322203,2.0570923731538238,0.07368519555340805,4.834678362025782,4.8641265170810355,4.407731490524626,0.9061712262307083,0.42548691332009936,2.303988362935675,0.027702429034776467,5.491260901554365,5.589978914887495,5.093083120309898,0.9111095404574352,0.41957364697122745
55,1,0.0,0.0919335283972712,0.6955,0.10060000000000002,2.6056064614053587,0.048577297990573316,6.403579508239497,6.4666009732647645,5.918424036994875,0.9152295095157025,0.40689843204924997,2.0716946442499786,0.07352343766345248,4.813271021633646,4.862759895609157,4.399376693828187,0.9047077767093985,0.43041304654123463,3.30772884817527,0.040196419328427824,6.074786192849127,6.361073490218619,5.433431025727102,0.8541688810987726,0.5445012784267089
56,1,0.0,0.09164606203550497,0.7064,0.01090000000000002,2.3749455392381127,0.04432611050743601,5.962424605814238,5.976199879423104,5.484031252621092,0.917645219916988,0.39831875390460997,1.8869184983747072,0.06725913362077167,4.426257971923651,4.436020198915009,4.014699752750603,0.9050228747228304,0.4263010674804055,2.3256522171238054,0.02762285677649787,6.108602852995226,6.346324596096425,5.904843363984878,0.9304351321104662,0.3807175344495461
57,1,0.0,0.0913540287137281,0.7184,0.01200000000000001,2.1566507800556787,0.04031483694452414,5.765282837035369,5.798540832029763,5.382558256125638,0.9282608180309198,0.3740754514594941,1.8020196563141981,0.06437771338318327,4.292598081817713,4.318446957153995,3.924501256423048,0.9087760705087898,0.4197969672369437,2.6481859197592286,0.0317536862377989,5.330272223856354,5.438719441288868,4.750450352285502,0.8734501574436315,0.49682001378971125
58,1,0.0,0.0910574604566852,0.7291,0.010699999999999932,2.0058987153793044,0.0375727959186419,5.662263379038687,5.686146789404889,5.320586036703748,0.93571028567495,0.35425740222629076,1.7048943823113674,0.061812236826875075,4.211950835470563,4.232077216849446,3.8734755886659173,0.9152658116076415,0.40477547077562104,2.37113602689997,0.02818880639068579,5.118737292517446,5.1804249060654195,4.605922958459852,0.8891013849205841,0.46322674741797926
59,1,0.0,0.09075638978642772,0.701,-0.028100000000000014,2.201381115707565,0.04131167452639704,5.940727447038503,5.946068460033829,5.523554231994621,0.9289422530401198,0.37055750079983385,1.623513621271202,0.05977030250408885,4.318248681028081,4.327569290337269,4.011490918280427,0.9269616842964036,0.37596575398818366,2.8133701794037917,0.03411154468745505,5.559965909144469,5.642144902599718,4.890681235283774,0.8668124126039914,0.5060049333713801
60,1,0.0,0.09045084971874738,0.6861,-0.014899999999999913,2.3287034386846317,0.04377703332598698,6.071162680816544,6.088295086339811,5.625342427423296,0.9239602134339326,0.38356795248508013,1.79575358336371,0.06616811014888366,4.397395738863232,4.402995622814755,4.020154280506553,0.9130498017475978,0.40836751795914755,1.8194272789537285,0.022546870078313266,5.212510722994119,5.32672279353843,5.006362598826779,0.9398579188126208,0.3490500788665296
61,1,0.0,0.09014087375955572,0.6624,-0.023700000000000054,2.658830341392135,0.050058832531159246,6.325409429751612,6.404230364924065,5.826215556794633,0.9097448443929788,0.42034122390343714,1.9061722771663838,0.0709629694446566,4.52237848411953,4.579979115088019,4.164458610476457,0.9092745852829993,0.42149773263338436,1.7848220107591757,0.022047654826859133,5.439169426821381,5.573011822513671,5.279476296797026,0.9473291040706517,0.32814238180519695
62,1,0.0,0.08982649590120982,0.7213,0.05890000000000006,2.450054973300718,0.04618794142529903,6.194600262602519,6.2635146419790795,5.764446757345501,0.9203214308323405,0.3955146207079686,1.8931677743243387,0.07003284390096665,4.473353792227268,4.4959272698050645,4.07790124938067,0.9070211782045754,0.4232099364941436,1.9805967768128374,0.02459572117676487,5.071024649999542,5.175049828391192,4.781043710710256,0.9238642852249748,0.3905713171425851
63,1,0.0,0.08950775061878452,0.7281,0.006799999999999917,2.161220804046257,0.04080405630913863,5.869069050122732,5.888499986012685,5.477550263867483,0.9302114760768692,0.36823911690067135,1.7581308459294276,0.06600974831093269,4.286530606104278,4.297312936766772,3.9212082360555613,0.9124790988588822,0.4101524070365305,2.0669676932520655,0.025902945485788205,5.209539596450086,5.2883191091648465,4.867645178834235,0.9204522416959354,0.39676590512154863
64,1,0.0,0.089184672866292,0.7464,0.018299999999999983,1.9875329894689928,0.03758647514159183,5.462771588370143,5.490900113046054,5.118563943814327,0.9321903218841883,0.3638323435854999,1.4677492979215778,0.05464479878718297,3.8604288666168,3.882390907069531,3.5942553551331,0.9257839926907517,0.3802036894434175,1.9741723465914567,0.024968948510867086,5.097972760960135,5.266364851433997,4.882340291437303,0.9270797654871695,0.3872465466487992
65,1,0.0,0.08885729807284856,0.7095,-0.03689999999999993,2.033587276232058,0.03853458905697305,5.3916027639070085,5.400584667898513,5.00308282808187,0.9263965173660874,0.37717676269577866,1.6271911419063638,0.06077289649725765,3.8925835880866084,3.905231197789765,3.5500817587803106,0.9090580247309153,0.41802342970525813,2.633712363437784,0.03361883290699947,4.639012818140143,4.696938748994387,3.8890625215431247,0.8279994118245149,0.5677312106444411
66,1,0.0,0.08852566213878946,0.675,-0.034499999999999975,2.5896345013056723,0.049181689083624205,6.245080547475233,6.33908878802989,5.786003791123093,0.9127500788518395,0.4146679104647597,1.8299490541338335,0.06945891924172949,4.2893337726871295,4.346082393074754,3.942044963975722,0.90703410737384,0.42662780541497225,2.4998908679423204,0.03273662688534974,4.910690146416576,5.069957435977207,4.410783814975555,0.869984387576106,0.5090711882456151
67,1,0.0,0.08818980143173213,0.7222,0.04719999999999991,2.2857017538509146,0.04348009782112763,5.842634465074551,5.854193834278343,5.389541078342856,0.9206290790689603,0.39121080867100755,1.7065854101918299,0.06479509149786808,4.083998309962862,4.098923375241313,3.726759865218885,0.9092045700901843,0.4178712332051256,2.3299898706713384,0.03001926289831427,4.648205696773173,4.707021481809868,4.08988945348277,0.8688911808216757,0.5012665150100476
68,1,0.0,0.08784975278258783,0.6217,-0.10049999999999992,2.308357826285375,0.04397939498782291,5.776563912502456,5.7867175200013925,5.306372008391981,0.9169917124951874,0.3996074242837166,1.7290978522506866,0.06583045925962301,4.056055545652814,4.067599580045234,3.681791284815587,0.9051508665891455,0.42630033854045546,2.0096070503968972,0.026145064805956495,4.5135163951748885,4.54291588105791,4.074257244761899,0.8968374831129661,0.4452419963612494
69,1,0.0,0.08750555348152299,0.7054,0.0837,2.572594527402263,0.04913272430371575,6.206996540465812,6.295601665005536,5.745986238364008,0.9126985066897423,0.4144668859778677,1.8009813820944476,0.0688904727167379,4.282586822582969,4.337229039791714,3.9456332596671895,0.9097129119694057,0.42053587158992295,2.1250506976990193,0.028100209398035952,4.933895334378637,5.069208693208044,4.602286067421384,0.9078904314173801,0.43070445432678456
70,1,0.0,0.08715724127386971,0.6911,-0.01429999999999998,2.2941531091811895,0.04389507830796913,5.816247941125277,5.833214688219967,5.363138565515843,0.9194138827680334,0.39443867118521375,1.7180997918115797,0.06640377954472025,4.065198297962362,4.088635052131925,3.7101306723810454,0.9074252470751781,0.4226361584065307,1.849971201747188,0.024359790451867702,4.7413904656424535,4.775028806409161,4.402102628542633,0.9219007480403099,0.3901748263832388
71,1,0.0,0.08680485435598673,0.7188,0.027699999999999947,2.1111288548885514,0.04046882039014207,5.6474229816132,5.679633852819577,5.272700996314196,0.9283522728664341,0.37382162833595695,1.4336328979681587,0.05535148131679559,3.8170402506121306,3.832798529892147,3.5545803221526793,0.9274112099632598,0.3755875767194884,2.118287966642979,0.02792614800844418,5.403724285794219,5.619378680145878,5.20483304439527,0.9262292756287701,0.3920051902373552
72,1,0.0,0.0864484313710706,0.7439,0.02510000000000001,2.091302764140983,0.040168854875532636,5.48143792749368,5.489689203349993,5.0757403886257455,0.9245952185286478,0.38152448167869807,1.4791843370377393,0.05773394476313428,3.7696344248621836,3.7831045988860854,3.4819382996019907,0.9203917598861074,0.3923946383983422,1.4475013197015258,0.019484435412358014,4.281158094621604,4.434428508261801,4.191527047329059,0.9452237282706911,0.3381097562176024
73,1,0.0,0.08608801140491812,0.7261,-0.017800000000000038,2.115990914464399,0.04073869153821626,5.588042401734502,5.602485905090253,5.187526477165499,0.9259329813667654,0.37866407631545623,1.5790170251091318,0.06194085350570231,3.8837581670445656,3.8952452792226238,3.560848355211464,0.9141525372497478,0.40656934783112947,1.6274740003146577,0.02210435625570888,4.0917772150784355,4.14551633322145,3.812693921244499,0.9197150884897569,0.3977425736468061
74,1,0.0,0.08572363398164018,0.7156,-0.010499999999999954,2.137016167486851,0.041239641188893894,5.62793617614174,5.650535689249094,5.230842724691551,0.9257251015410689,0.37971577868032846,1.5919483285771614,0.06270181343154747,3.7735811774658385,3.7877452027330287,3.4369629573639937,0.9073902212018037,0.42186672386527,1.6493327333670753,0.02248788892227596,4.156689333007796,4.184212589964211,3.845430570641573,0.9190332680191242,0.3967899934859005
75,1,0.0,0.08535533905932736,0.6985,-0.017100000000000004,2.11111896930918,0.04083240411676503,5.619699654832301,5.633609682985099,5.223096295273943,0.9271313756522735,0.3756640210289278,1.4131620495942672,0.05653885314769259,3.7074500487274484,3.713368872190173,3.433960044450581,0.924755972983962,0.3811681967446394,1.4786115248465674,0.020307572903303355,3.9891814583892824,4.033659058598672,3.752880812111351,0.9303911802142083,0.37065536884441164
76,1,0.0,0.0849831670256683,0.7285,0.030000000000000027,2.007529355009621,0.038905795144930866,5.541226051558807,5.5617414201087945,5.18679030762231,0.9325838646272142,0.3622897417160741,1.3862180941272255,0.05587583161413112,3.6360268356693823,3.6447766267432535,3.370874701562641,0.9248508336091492,0.38124528689624665,1.5798919808188352,0.021764264197223084,3.7102404474484665,3.742356788045829,3.392517713733823,0.9065190482560366,0.42581929748119896
77,1,0.0,0.08460715869352033,0.7153,-0.01319999999999999,2.077560528127623,0.04035474914963981,5.476552385851377,5.500458860026571,5.0930138511504355,0.925925269283049,0.37935554738688915,1.4799530336754063,0.0598654433759721,3.7243692757884443,3.7355759995536215,3.429907745721218,0.9181737290664335,0.39737011130887445,1.7958914577852012,0.024998357992231598,4.131454907192975,4.196702383981949,3.793031317857998,0.9038123199622901,0.4346874159653796
78,1,0.0,0.08422735529643444,0.6667,-0.04860000000000009,1.8871799358136172,0.036734654064919575,5.178521910481437,5.185115420159033,4.8294900420285405,0.9314141828457919,0.36442443779062234,1.4755591560952879,0.05986544917786162,3.5142736992066737,3.516621545693703,3.192076489541933,0.9077111221851003,0.4198759921369774,2.7044545465196235,0.03816585804545896,4.370871245194283,4.41390480832986,3.488336529111158,0.7903062436978743,0.6187449583405452
79,1,0.0,0.08384379848413304,0.7395,0.07280000000000009,2.387420168778233,0.04657296456352427,6.077895936004045,6.115440301842862,5.630171853246914,0.9206486492150509,0.39280372581499956,1.6845529522125144,0.06871627670411573,3.9451940238230234,3.9816607739511616,3.607756101778411,0.9060932878514134,0.42698862008822747,1.8623743848211691,0.027011304497817176,3.7711580233803055,3.7967447013480062,3.3086001883539424,0.8714307778395657,0.4938468166210166
80,1,0.0,0.08345653031794292,0.6917,-0.047800000000000065,2.2424771442116977,0.043803695466359246,5.6076492832769445,5.621105535288417,5.154427602457994,0.9169775536323429,0.39989611170926515,1.513876367667477,0.06203130469692236,3.6148717352500714,3.630434041028953,3.2997317295804875,0.9089083267424585,0.4187911711790651,1.9645316832755804,0.028730675741865316,3.7959192429320145,3.880146582140499,3.346064954937902,0.8623552961476088,0.5175377971840497
81,1,0.0,0.08306559326618258,0.7359,0.04420000000000002,2.137191336268767,0.04182757430683721,5.615903288830138,5.657329490429583,5.238109413890838,0.9258978856989091,0.380560566368651,1.514853613423719,0.06179679533616767,3.7004377431567512,3.733908533474352,3.412812888376688,0.91400548722095,0.40937146320733264,1.302821249089772,0.019306380079610466,3.7230098742955295,3.771800999133793,3.5396524301448236,0.93845153308929,0.3499376292511963
82,1,0.0,0.08267103019950528,0.737,0.0010999999999999899,2.15721401765677,0.04228833579207124,5.744565817181645,5.758954695417649,5.339661689213542,0.9271928625280322,0.37552255232321907,1.5283618991784595,0.06277016916106261,3.7051895618291586,3.7179922525010864,3.389332709005243,0.9116029509543074,0.41249222844726624,1.61485618464517,0.023965603252260947,3.9064695096672195,3.923465667400523,3.5757273185145784,0.9113695955656629,0.4133799535997747
83,1,0.0,0.08227288438619752,0.667,-0.06999999999999995,2.1883558883175995,0.042977008770273516,5.625031898647965,5.630099757452406,5.187400303606398,0.921369163439774,0.38903884062303606,1.483772019304921,0.06122421127240072,3.604759067347076,3.6110876491778745,3.2921687148804164,0.9116834136191445,0.41161475471283127,1.7011579439968736,0.02519128506859469,3.7479597445138255,3.839527814694071,3.4420981277490603,0.8964899575869651,0.4538890649738136
84,1,0.0,0.08187119948743449,0.6985,0.03149999999999997,2.4633516823108397,0.048457218939383935,5.9456589788458665,5.970230017128558,5.438340281343272,0.9109096744582207,0.41431096049659577,1.6419309766052579,0.06811646601124485,3.785745884802105,3.8043690094039544,3.431805035436712,0.9020694435670389,0.4337139962818946,1.5483671630169313,0.023225636464915635,3.818133475197862,3.854792198889283,3.5301532593251412,0.9157830246575462,0.4055298676892621
85,1,0.0,0.08146601955249189,0.7199,0.021399999999999975,2.141423670393942,0.042165650219404736,5.590682548658884,5.6372282377721366,5.214656932380572,0.9250391703922622,0.38303438833378867,1.3799291867664845,0.05734279895268628,3.5272454007608904,3.5562904763904757,3.277651276274472,0.9216489198602208,0.3912200683481815,1.4351747361230711,0.021486497452394563,3.802598064691541,3.8732834718459173,3.597583010829921,0.9288199629539111,0.37741951994589507
86,1,0.0,0.08105738901391553,0.7385,0.01860000000000006,2.0576063079798836,0.040587025411379846,5.431165942260016,5.457677427602584,5.054947997783076,0.9262086418331219,0.378851673812727,1.3866825793291013,0.05793933901688203,3.490968249828942,3.521932694347259,3.237455983965955,0.9192271019721949,0.39722004902137076,1.3513151458815373,0.020455176216180496,3.2522703841050857,3.2772310849122026,2.985664256428083,0.9110325695900903,0.41549901646734494
87,1,0.0,0.08064535268264883,0.715,-0.023500000000000076,2.210033251726707,0.04365403643490632,5.640618688005299,5.69166058362003,5.245069432202758,0.9215358778240375,0.39180688750088954,1.4541258843592721,0.060826210823989625,3.5817709746867834,3.611144864729168,3.305432673494315,0.9153420306615749,0.4059795823451363,1.4721589924355027,0.02223505292108714,3.6430420577335627,3.695558276404651,3.389675429828461,0.9172295973441451,0.4041015637769973
88,1,0.0,0.08022995574311875,0.7246,0.009600000000000053,2.1032983798156586,0.04160482839938295,5.707795273449207,5.71678700454217,5.315805644890997,0.9298589646015181,0.368495763959775,1.4446743738751668,0.06066729736403023,3.7510484422111636,3.761411224130262,3.4729138174323437,0.9233007534918954,0.3851388208208695,1.3390419039214858,0.020502903975535024,3.9429474777846183,3.967723507576371,3.7349426909347865,0.9413313916161019,0.33960429639652184
89,1,0.0,0.0798112437482808,0.7344,0.009800000000000031,2.416379875000713,0.04785893834263447,5.9387376675250865,5.9490500372934765,5.4362031484210345,0.9137934820420905,0.4068844273445937,1.7387556423547301,0.0732296248670551,3.8973427200250352,3.910878376306001,3.5030984263238176,0.8957318763854402,0.4461387584470788,1.6204971789619875,0.02499107116337814,3.801124469710701,3.815126810324874,3.45386454477732,0.9053079272306571,0.4263204722378695
90,1,0.0,0.07938926261462366,0.6926,-0.04180000000000006,2.3663485864098908,0.04690504122700228,5.789216499262175,5.812093920418054,5.30856197105959,0.9133647948135282,0.4087510955431495,1.711575999289845,0.07217273243505502,3.736831041398864,3.7567778782305785,3.344232058692956,0.8901862625607428,0.4580287362013363,1.482952898878214,0.022958013141701282,3.573973528517094,3.652437453875567,3.337837290126474,0.9138656944240692,0.41493113674334287
91,2,0.0012179748700879012,0.07896405861713394,0.7335,0.04090000000000005,2.2602632016733253,0.04483942843867267,5.84576872478622,5.870124341680558,5.417524342864597,0.9228977151979056,0.3866494396348161,1.461169524893713,0.06226108921201906,3.6668943137088528,3.700116777931636,3.39938931472859,0.9187248724157424,0.3984760399095943,1.4311261760910114,0.02218955626857427,3.571952886115973,3.6736003933131545,3.383373734950786,0.9209966715784734,0.40065650967954736
92,2,0.004865965629214819,0.0785356783842216,0.7583,0.024799999999999933,2.049036767379843,0.04068377797028952,5.489253661957261,5.50054900328633,5.104653531560845,0.9280261894787311,0.37328148662185046,1.522398063909566,0.06506451123846549,3.666692973308442,3.6774873686198113,3.3475688399336834,0.9102869716150925,0.4151964931320422,1.4762622943731063,0.023165696288977914,3.724920003812349,3.7568834910458473,3.4546819392137227,0.9195605739298566,0.3963205365114403
93,2,0.010926199633097156,0.07810416889260653,0.7082,-0.05009999999999992,2.0686766373737964,0.04112936389147554,5.486204835099459,5.498609194032759,5.0946324794774585,0.9265311099043542,0.37706879337404353,1.421865308432995,0.06054795892076772,3.5238477838970246,3.5321720666138785,3.2333478918022283,0.9153993154421499,0.4034979362418866,1.534829223248119,0.024226005351716637,3.7685148009502,3.818460826865372,3.4964186260771952,0.9156617769855332,0.40727695241136497
94,2,0.019369152030840553,0.0776695774621672,0.7336,0.025399999999999978,2.223761168338944,0.04427291681238377,5.66197675769096,5.67858929641455,5.225061018289946,0.9201336362869276,0.3927534964389059,1.5587608521919059,0.0667015936069319,3.5831840722404036,3.5904396343478333,3.234427569816817,0.9008444366742062,0.4350211490020614,1.5253820413998234,0.024181553515119424,3.7951772315243266,3.836861237080205,3.5206132231243736,0.9175763744334701,0.40192643145341495
95,2,0.030153689607045786,0.07723195175075136,0.7605,0.026899999999999924,1.9607054749666677,0.03906606195320562,5.434931218397216,5.452311203382195,5.087566369187768,0.9331027117512721,0.3607599427072212,1.355566932868139,0.058424287028641816,3.426535267057183,3.435206327926268,3.1564348631884447,0.9188486984110473,0.3956086329828856,1.2907705087835508,0.020668326447385185,3.861513279231879,3.906425873537692,3.687014527820157,0.9438332243281928,0.33426545901722426
96,2,0.04322727117869957,0.07679133974894982,0.7802,0.01970000000000005,1.873260062707306,0.03736924025901437,5.338949374495984,5.369110043477888,5.031723308407677,0.9371615160914701,0.3508667963131133,1.3014736702320264,0.05683429392355516,3.3341920934479545,3.3668026839558256,3.1050807850122135,0.9222639627232024,0.39034153814639594,1.3813277439325067,0.022254376581801655,2.98838677546457,2.995107479540996,2.6575562509928443,0.8872991267078395,0.46223191565213895
97,2,0.058526203570536506,0.0763477897748339,0.724,-0.05620000000000003,1.983418933694748,0.03961409396772345,5.301172297848616,5.311784273172134,4.927585771322396,0.9276705374142954,0.3741472305096898,1.3501752595081518,0.058966386349869296,3.359259119206942,3.3738491163123996,3.0919063133740505,0.9164328951240975,0.40192649974167605,1.4992352823370823,0.024320868105122007,3.1803180307117733,3.2460259495992254,2.8790582631036887,0.8869486282015568,0.4714104903532383
98,2,0.07597595192178702,0.07590135046865652,0.7427,0.01870000000000005,2.003355857843725,0.04005926335814283,5.574052889649362,5.604527619399426,5.234242563458657,0.9339310855282307,0.35940740023544104,1.2851023187535133,0.056283578312973086,3.5390816738696977,3.5652853995134994,3.325623528861098,0.9327790502591728,0.36311745169428616,1.4970213274505486,0.024383354478111807,3.4136290714047055,3.5051272915493374,3.169360704551756,0.9042070204391447,0.43854247082402703
99,2,0.09549150281252627,0.07545207078751857,0.7553,0.012599999999999945,1.9725029468726374,0.03948885038152222,5.365136466410176,5.377730884490005,5.00292131222798,0.930303397415624,0.3676519617389049,1.3326299776284227,0.058347028708080576,3.450256440029565,3.4688008964778803,3.202604706472588,0.9232598820314016,0.38624084927930846,1.4657815057156727,0.02405407651389818,3.9008836146300094,3.9518110578428574,3.669918084144923,0.9286673958921992,0.3757562774286202
100,2,0.11697777844051102,0.07500000000000001,0.7676,0.012299999999999978,1.9232243066785772,0.038550863844794565,5.280543848126904,5.298241821963566,4.9368587903465855,0.9317918955456342,0.3642095136395424,1.2255716004802344,0.05350559347723949,3.4301393073949176,3.4468170300800263,3.221571331231031,0.9346511007450355,0.35729499319111246,1.21247032371042,0.02020311645441285,3.1303156617808687,3.1584913447779286,2.9165022574062553,0.9233845969621653,0.387331647895418
101,2,0.14033009983067443,0.07454518768075703,0.7248,-0.04279999999999995,1.9866854391389441,0.03987104020325909,5.303783171183378,5.329923721951488,4.94582327355477,0.9279350946778495,0.37457893262549713,1.3708714025773083,0.060001929081512646,3.30912728571814,3.3286965310567598,3.033303855571395,0.9112587546718816,0.41426977091327105,1.2304170745748833,0.02067223310676445,3.3618413887521816,3.39390764057672,3.163018019724581,0.9319693859397705,0.36599498081364823
102,2,0.16543469682057088,0.07408768370508577,0.7655,0.04069999999999996,1.9997835290889134,0.04018682543921241,5.4364014451154095,5.453534274722007,5.073647794280649,0.9303412317032291,0.3678505992021088,1.3388711129886273,0.05906127353298372,3.3440199032708264,3.372832497907078,3.0957105153589284,0.9178370160035785,0.400377734498249,1.3063701255435132,0.02204093600408343,3.003610608865287,3.027735408091553,2.73140685738243,0.9021286503711019,0.43493325056440574
103,2,0.19216926233717088,0.07362753824345271,0.7488,-0.016699999999999937,1.8671933579037872,0.03756502047978766,5.202962382189437,5.205836959124493,4.8594575260352935,0.933463257530168,0.3588712008173431,1.2504939300017017,0.05513630454490665,3.3258064508858523,3.331520633466139,3.087927275139585,0.926882230330623,0.37599720502936174,1.2107890733596953,0.020625668374832998,3.4550018612772964,3.5062957431482245,3.2906075305909765,0.9384854477895278,0.35044527383035123
104,2,0.22040354826462666,0.07316480175599309,0.6986,-0.05020000000000002,2.0021468139306835,0.04033513481041061,5.298375859324197,5.311809118535644,4.920032954338636,0.9262443067033604,0.37787934776413834,1.268845030493727,0.056420519601530786,3.361798126993534,3.371046050900185,3.1231368702596747,0.9264592720190488,0.37743046505545497,1.1332504068964007,0.01929780485227584,3.2862670373989964,3.341516760272271,3.143481520988538,0.940734925636705,0.344844285019924
105,2,0.24999999999999997,0.07269952498697733,0.7133,0.014700000000000046,2.4046039478036962,0.04848346444626946,5.707740084845137,5.744028573356874,5.21648770972083,0.9081583845033446,0.42128827032405736,1.7541962758121386,0.0783800729176829,3.6678795134748614,3.7214760027251046,3.2820997884379923,0.8819349596865941,0.4782589693493653,1.396684223918467,0.02374791894022974,3.0794638632961417,3.0972362402277014,2.764443244311912,0.8925516266426861,0.453547853106972
106,2,0.2808144266054613,0.07223175895924637,0.7281,0.014799999999999924,2.1729799697060397,0.04384315149187043,5.332448512142419,5.353413308224845,4.892564971441922,0.9139150462986132,0.4075013504130396,1.5969253420065652,0.07174300490982957,3.3522778605855716,3.3746947400036227,2.972943655614948,0.8809518740683955,0.4763702200173873,1.1663278083495652,0.020021058348292077,3.1798063216750068,3.229506691581285,3.0115434068818194,0.9325087991712001,0.366792090574619
107,2,0.31269670329204396,0.07176155496861637,0.7251,-0.0030000000000000027,2.153754850376111,0.04349711854484405,5.360824103917358,5.371898873602253,4.921243498160385,0.9161087380746485,0.40175816416029775,1.5378275783440594,0.06957609590906923,3.4598111122505717,3.4819780923191197,3.1239810876464413,0.8971857389159391,0.4444831028199451,2.4254520613434156,0.04171429921459225,3.8455088759023743,3.924134467468437,3.084804859701505,0.7861108953515537,0.6307233033688596
108,2,0.3454915028125263,0.07128896457825364,0.7788,0.05370000000000008,1.9756902375262737,0.03994966795877347,5.083322851835326,5.116294346901537,4.7194402227374415,0.9224332891628034,0.3886611759890391,1.4203029603778976,0.0634411604744301,3.2062950069899476,3.228284395795886,2.8990619310581462,0.8980193736442557,0.4429732626852918,2.2315396337646995,0.039231188380911684,3.4359702564922676,3.5147138037042343,2.715406619865087,0.7725825690283118,0.649464188331725
109,2,0.37903905220016615,0.07081403961302006,0.7393,-0.03950000000000009,1.9293484367352625,0.03906061793699628,4.833366651037777,4.842077851995568,4.441095863088965,0.9171880334924095,0.39917278700985986,1.322258917423309,0.059943243642160686,3.0188663470445687,3.0260580069165885,2.7218850954768454,0.8994821279881277,0.437998495268856,2.1571913897727715,0.03727376250757475,3.4016903466058475,3.4989672281664226,2.7548697920956493,0.7873379807387606,0.6341527799334183
110,2,0.41317591116653485,0.07033683215379001,0.76,0.02070000000000005,1.8954569473015541,0.038426801568989144,5.053460596868701,5.08951613187775,4.723390469984087,0.9280627760268867,0.3750809788595254,1.3227510513447476,0.059996019463878066,3.142758379433535,3.165522473874745,2.8759107064051017,0.9085105950566369,0.4208885608263548,1.2312082142778418,0.021873682294329202,3.2135273970200022,3.2385146167801127,2.9953472358716837,0.9249139158895637,0.3831329446326106
111,2,0.44773576836617324,0.06985739453173902,0.7405,-0.019499999999999962,2.0071431620661007,0.04076017647928413,5.113254625439233,5.1283009845958905,4.719199858895865,0.9202267716093769,0.39253729944921045,1.4177025407994217,0.06480969177643361,3.3424849408169153,3.3570610506354575,3.0430212756212667,0.9064539577096025,0.42414627616928924,1.3837502892010924,0.024711723508892853,3.1552404029404526,3.1738117310410296,2.856277454061084,0.8999517602527127,0.4385562152131225
112,2,0.48255025164874954,0.06937577932260515,0.7144,-0.026100000000000012,2.199174246824776,0.044711520212189854,5.244333426355219,5.269193660977228,4.788322722564879,0.9087391792080828,0.41934294943431716,1.6318131341101934,0.07450783230175204,3.264387346507255,3.2870080317920536,2.853350303887577,0.8680691608568875,0.4998834270866044,1.4151057016096904,0.02557273635994978,2.902551781875499,2.9157217075601456,2.549295572570545,0.8743274661503195,0.48753848611627953
113,2,0.5174497483512503,0.06889203934092336,0.7421,0.027699999999999947,2.0004616289523813,0.0407129711521185,5.042146771757698,5.100389084008878,4.691707807278996,0.9198725293309072,0.3967479963410542,1.4583408153876907,0.06785486497985213,3.1964253027574063,3.24429061549733,2.8980447858850096,0.8932753348425776,0.4562411685734212,1.1828930358061507,0.021455051170748494,3.166885405967471,3.262156798502919,3.0401369997009997,0.9319407948435191,0.37351936813917697
114,2,0.5522642316338268,0.06840622763423392,0.771,0.028900000000000037,1.73263663928573,0.03530557726354433,4.745828250556577,4.75657126260176,4.42977884130104,0.9312966413706225,0.36508625003075734,1.184416795432047,0.05552342444721568,2.9680144147834766,2.9715537181132374,2.725305173090454,0.9171313836523417,0.39906032448243783,1.6144979492649623,0.029681116399142286,3.138389266601272,3.2715323682027977,2.845403882202995,0.869746516910088,0.514435212497839
115,2,0.5868240888334652,0.06791839747726501,0.7387,-0.032299999999999995,1.8252616258796863,0.03725280263166564,4.896962406019923,4.908716771108602,4.556744495440357,0.928296479083931,0.3727334364739782,1.2699258005311875,0.05975222666113434,3.1230106411914123,3.1414648901555102,2.873341244476207,0.9146501218207057,0.4066351179792066,1.2448868119546124,0.02337026130790773,3.0838243967585717,3.133923413186222,2.876062331598644,0.9177194054894234,0.40368278208808556
116,2,0.6209609477998338,0.06742860236609076,0.7452,0.00649999999999995,1.8867268432611681,0.038555284947110045,5.01621314716984,5.026289767868476,4.658739177164197,0.9268743730109003,0.37612573228186363,1.2084350457058501,0.05670235553313657,3.1254865011545876,3.1368384878738342,2.8947263083234187,0.9228164980484792,0.3866390225199954,1.076705719278539,0.020481468913070084,2.7340879383981114,2.759235015124058,2.540489045955409,0.9207222407770097,0.39380800601072674
117,2,0.6545084971874737,0.06693689601226459,0.707,-0.03820000000000001,1.807462425923651,0.036985854117509355,4.835352672655117,4.851373838839439,4.502100371538577,0.9280052457502602,0.37380157111294304,1.1471179396023552,0.05406682491344223,3.1238471515477446,3.143994169731546,2.927254623564864,0.9310623574772124,0.36721320985055333,1.2043071913611645,0.022929451428610956,2.939873048735031,3.0136257993046818,2.762532691017826,0.9166807277981263,0.40964598518271184
118,2,0.687303296707956,0.06644333233692916,0.7112,0.0042000000000000925,1.9327394563309803,0.03960443936254851,4.931712531680403,4.960443470654764,4.568426176366187,0.9209713210910089,0.39190026667520095,1.3537255407595903,0.06413767870756598,3.2372058575412677,3.2553351176615584,2.9605124629569017,0.9094340078521809,0.4181771565765595,1.2492082763999481,0.023958871198691858,3.275845436990475,3.34183666112945,3.0995732533303295,0.9275059099635222,0.38133919943048294
119,2,0.7191855733945386,0.0659479654649035,0.6603,-0.050900000000000056,2.23843008857556,0.04592913953837069,5.116742943933334,5.131210839221295,4.617223775576729,0.8998312328708425,0.437471671550269,1.6196422625549551,0.0771661446460511,3.375897135614892,3.38986122542495,2.977904965908627,0.8784740046505354,0.47976647317482635,0.9958488006871473,0.019377003246042197,2.6331362778377043,2.644689396614613,2.4500340013512063,0.9263976346286338,0.3781987317059506
120,2,0.7499999999999999,0.06545084971874737,0.7284,0.06810000000000005,2.403699655215998,0.04936709829463592,5.414022411436954,5.4696254389302625,4.913148720016652,0.8982605435917299,0.4439766725269288,1.575007801066947,0.07508087137062858,3.3318565668886824,3.359159127806738,2.967035644755432,0.8832673689658366,0.47271176578219376,1.0233370577315348,0.019894466112287453,2.8768815360734212,2.889892482542616,2.7026392918743074,0.9352040977996671,0.3557105306213826
121,2,0.7795964517353733,0.06495203961280434,0.7658,0.03739999999999999,1.7589470589312783,0.03615258758091788,4.625027146723139,4.6354841489823135,4.288801526817969,0.9252111298362532,0.38031064534994213,1.1760811913476876,0.056029462141368946,2.8548970817494177,2.8628530457417414,2.61012659081861,0.9117221698476486,0.41195222022750155,1.8203975307453606,0.03531935427321329,2.9551288977866252,3.0136032489999036,2.401658147867983,0.7969390624545547,0.6160129028919273
122,2,0.8078307376628293,0.06445158984722359,0.7925,0.026699999999999946,1.8223836194652066,0.0375082971657425,4.835855692019173,4.85671619980559,4.501845204853767,0.926931906178494,0.37684822201637797,1.2033541262077816,0.05823716964733379,2.976290771534725,2.9969585412130857,2.744758499253519,0.9158480044046645,0.40431336135456675,1.0199629553554708,0.02035239058434662,2.6536568248913808,2.7188876699755484,2.5203226278349025,0.9269682803253024,0.38436128808675923
123,2,0.8345653031794288,0.06394955530196146,0.733,-0.0595,1.699202257443745,0.035021785956952114,4.50190628165879,4.511255135235168,4.179011201226081,0.9263522181633899,0.37744061096217457,1.1462795125408762,0.055213179802274394,2.854216165304919,2.862976704615056,2.6234860679652434,0.9163490795214091,0.40160921463298416,1.7725008125341961,0.03544090991543246,3.175834051450745,3.280102510633244,2.759949278781057,0.8414216536934487,0.5581213576712247
124,2,0.8596699001693258,0.0634459910307633,0.7667,0.03370000000000006,2.017748892050306,0.041644901251167855,4.982423414947277,5.005006937917453,4.580260239833344,0.9151356424970626,0.4049733882505964,1.5293496557642345,0.07393478037772033,3.22585130188426,3.246660723859932,2.863895154390127,0.8821048449390371,0.47409180171166676,1.106157843112168,0.0227046182753842,2.765132471159275,2.8107037363186858,2.583886840921897,0.9193024535222408,0.400037920298413
125,2,0.8830222215594892,0.06294095225512607,0.7437,-0.02300000000000002,1.8155387511156444,0.037512470647108505,4.632659470150896,4.646567169044624,4.277195996147108,0.9205066537382129,0.39189989309887874,1.2447699611131375,0.06003482564157017,2.8772616410478493,2.8920295715516864,2.6104373290135516,0.9026316171493884,0.4326231383878644,1.138768416412253,0.023423386189234643,2.7021491651003817,2.7407579606556784,2.4929822145612137,0.9095959038881388,0.4214306268210582
126,2,0.9045084971874735,0.06243449435824273,0.7792,0.035499999999999976,1.7396661044205282,0.03599310970086951,4.560164572836241,4.565953628905159,4.221551195017381,0.9245716312781825,0.38149195640510075,1.1242997215527493,0.0548577642394422,2.769736415557507,2.7789715369661825,2.5413840495636544,0.9145052461883422,0.4059230023613797,1.1234761595113925,0.02295796061270129,2.501552019600977,2.541654333270188,2.2798704344452583,0.8970025564065949,0.44911165176992734
127,2,0.9240240480782128,0.06192667287892905,0.7742,-0.0050000000000000044,1.69377011176672,0.03509044668374114,4.456442282004483,4.465390006120775,4.131688621722014,0.925269375364447,0.38007226495590823,1.1920252019869004,0.0582017602997044,2.7927509520484732,2.8079965768811124,2.5424241738328646,0.9054228180921704,0.4268283217708883,1.2547875418914016,0.025958254958846898,2.537076567554019,2.57485699273451,2.248421378468817,0.8732218468106002,0.4945800839984641
128,2,0.9414737964294633,0.061417543505532794,0.7915,0.017299999999999982,1.5390175846087943,0.03192853957754202,4.38094762655134,4.400570627416631,4.122674719619261,0.9368500289335182,0.35129787338277346,1.0209234157561846,0.050038266611734564,2.7129321745263537,2.7328993148060214,2.535045194620993,0.9276028505283327,0.3763173386133127,0.9225387937407733,0.01927367769330552,2.390192402616841,2.4145161897660006,2.2313249362593064,0.9241292088729179,0.3859684236008596
129,2,0.9567727288213004,0.060907162069827145,0.7734,-0.018100000000000005,1.5892182404440016,0.033025587197963384,4.349347326826272,4.357828404093723,4.057715355070139,0.9311324308360421,0.3653923499376302,1.0545238089555742,0.05197694077838575,2.758008584505819,2.763313987822575,2.554189455885565,0.9243211112242098,0.38234971960557695,0.8184000920958067,0.017296012620649386,2.6568910253901223,2.7275135094602483,2.601836188975869,0.9539223838677706,0.3080292282502018
130,2,0.9698463103929543,0.06039558454088799,0.7171,-0.05630000000000002,1.8533072520992817,0.03857421409879997,4.736870736277156,4.763116828206652,4.387770986815252,0.9211974312348077,0.391251388370342,1.2798715612293259,0.06320194627199623,2.972070091200331,2.9950508200160906,2.707814346921417,0.9040962940678481,0.430633034200221,1.2232811380926383,0.025931225397710058,2.823125572884572,2.8418358173352574,2.5650765063745515,0.9026124910973152,0.4333073774124514
131,2,0.9806308479691594,0.059882867018956294,0.7603,0.043200000000000016,1.8410127736937731,0.03836347317137374,4.581554616503073,4.59915126229968,4.214601323710504,0.9163867599351598,0.4018314584884177,1.2868391665338226,0.06406033096480039,2.8360563610022695,2.8562231372658156,2.5499128286926256,0.8927568702260382,0.4537424517469922,1.1831996173874895,0.025408660270869805,2.428859506810102,2.464235655253078,2.161596229612448,0.8771873034969341,0.48714205744301076
132,2,0.9890738003669028,0.05936906572928624,0.7739,0.013600000000000056,1.6044697658365243,0.033478621048620705,4.31614893686557,4.348329123584986,4.041490199806546,0.9294352117657859,0.37173642274766033,1.083215350100048,0.05402898722120857,2.6365580766616086,2.674310661964611,2.4451138504954395,0.9142968635884665,0.41084448686660746,0.8822992001532233,0.019202465981428225,2.18247177143039,2.2051055479220056,2.02090074398327,0.9164644050202847,0.4042660307010364
133,2,0.9951340343707853,0.05885423701597918,0.7787,0.0047999999999999154,1.5533446981956567,0.03246100589699,4.257291354624382,4.263040366845991,3.9699664393468153,0.9312523686666363,0.3648668998207916,1.0384747435482058,0.05164114263894944,2.6005414466453836,2.609617524798156,2.394091480116382,0.9174108685913871,0.399330202903632,0.8997877212134225,0.019780854030420614,2.4779057232746817,2.5146873151322566,2.3481981493865867,0.9337932932083393,0.3631242757792682
134,2,0.998782025129912,0.05833843733580512,0.7043,-0.07439999999999991,1.770290450518171,0.0370473942406406,4.461574758586409,4.484853208053315,4.120677147783149,0.9187986666729189,0.3967860108387075,1.1877098121698042,0.05956287689266223,2.7665428827921072,2.7855861624615397,2.51968963856823,0.9045455755501223,0.42931191110658634,0.9831459811744154,0.021713256193369883,2.277723506228316,2.3172475787840274,2.0983475262505706,0.9055344562498909,0.4316353492801273
135,2,1.0,0.057821723252011556,0.7698,0.0655,1.5017013858053603,0.0314670015822616,4.250632281004569,4.258783481582767,3.9852389868601135,0.9357693350916748,0.35328894303942404,0.9538327130923168,0.048140229641322835,2.678925176792953,2.686256323660927,2.511210091411302,0.9348363628936698,0.35605052405165993,1.1324470641223825,0.0252134205527117,2.3723707163814036,2.4188330196666104,2.1373623457766087,0.8836336896340216,0.47734827289122556
136,3,1.0,0.057304151428120606,0.8074,0.03759999999999997,1.5737453479231351,0.03302170288984783,4.335709591752486,4.370209417888756,4.0770155767568825,0.9329108028709721,0.3629729608543801,1.0381264294582697,0.05261413926084875,2.705171074992938,2.7340340853112726,2.529275772626062,0.9251076225474714,0.38375629513966314,0.9263090248848149,0.020863749249716502,2.4682633375955514,2.531301263751888,2.355724302367344,0.9306376669190675,0.37528776236135936
137,3,1.0,0.05678577862171523,0.7731,-0.0343,1.5499011926940458,0.032564213569563294,4.164669785982172,4.168655826844521,3.869818832474577,0.9283133444489348,0.3721546418664082,1.0580417858702422,0.053694484232616996,2.538109839868112,2.539975309265959,2.3091171890082123,0.9091100927573726,0.41686209526898227,1.488099398746828,0.03346638589226905,2.4597240789322137,2.5075281609215287,2.0182317811174175,0.8048690389884625,0.6049863118764216
138,3,1.0,0.05626666167821521,0.7576,-0.015499999999999958,1.88060842133019,0.03956967970755306,4.525457047945296,4.556977155412979,4.150825557516205,0.9108725841615578,0.4155620971331607,1.4304624217400976,0.07283426586284793,2.9371222852342607,2.9873676958619404,2.622621428655489,0.8779037921205036,0.4870285547630871,1.7423019189941065,0.04012962181495948,2.8063969541859803,2.9790817858922516,2.4164666222928073,0.8111447741167207,0.6208323153983312
139,3,1.0,0.05574685752464335,0.8058,0.04819999999999991,1.6627136499331778,0.0350196365977533,4.393973980554113,4.411829519206186,4.086517234403644,0.926263632040552,0.3784077141311376,1.1348611618028082,0.0580819448855874,2.6384146804124913,2.6587723563863053,2.4044044471834436,0.9043288122836556,0.4301299451628973,1.2119571675001972,0.028153661127650075,2.5084360438397115,2.586170831450415,2.2846083183606978,0.8833942021840103,0.4831525087022075
140,3,1.0,0.05522642316338268,0.7623,-0.04349999999999998,1.495872572215894,0.03154292440294751,4.049000443190437,4.054222875586377,3.7681677845016757,0.9294426823924109,0.36944243232465823,0.9975419353585865,0.05144452482712401,2.585014008699444,2.59403078963801,2.394557563136891,0.9231029842444719,0.38589420869733065,1.3786168023122196,0.031695255293841845,2.578799013017411,2.67042019299987,2.2870417331136683,0.8564351554518745,0.534596451818524
141,3,1.0,0.05470541566592573,0.8074,0.04510000000000003,1.4424802467631683,0.030456634125144558,4.073247673589302,4.08385398245403,3.820616990947045,0.9355420167719114,0.35413516740367285,0.9643862336753761,0.04978910057488465,2.456783478695988,2.4666945972833956,2.2703615437888365,0.9204064201094114,0.3925401819240714,0.8707608600423512,0.020478066323952167,2.0520573220984946,2.076242132094812,1.884823059143123,0.9078050339155009,0.42433554397587947
142,3,1.0,0.05418389216661578,0.7777,-0.02970000000000006,1.472441280082375,0.031135052273263762,4.054587489816954,4.067270073803292,3.7913853189398257,0.9321695511098708,0.3631543982662584,0.9626764932817893,0.049728936611654985,2.4702339825292436,2.4795968868970677,2.28509402848477,0.9215586777672979,0.389710650930369,1.5110702183424258,0.03563479907775126,2.66269554144204,2.7175488947403057,2.258703592858942,0.8311547207965833,0.5674964316513909
143,3,1.0,0.053661909856381584,0.7422,-0.035499999999999976,1.604974239811361,0.03398382748069885,4.258004018183328,4.2669157700254,3.953558896567135,0.9265612704006108,0.37693112382174804,1.0846858095520524,0.05631489105058766,2.6560402009825124,2.6613832592625926,2.4303122434361057,0.9131763472914791,0.40838456027540904,0.7712650279231408,0.018679136907409348,2.035450653847737,2.0427144224857163,1.8915158509495715,0.9259815420737295,0.3789161021738215
144,3,1.0,0.053139525976465665,0.8009,0.058699999999999974,1.584777689542176,0.03359635340816406,4.28723994429625,4.307867796657236,4.005771424562974,0.9298733419050885,0.3696498703438716,0.9875676564133932,0.05141608874140038,2.587246869459645,2.6023355169307814,2.4076669753370274,0.9251946798069498,0.3817060011052018,0.7215039691872814,0.017606241835874566,2.014829684395181,2.0319230950261633,1.8995114496346464,0.93483432236405,0.3580967536736809
145,3,1.0,0.05261679781214722,0.7474,-0.05349999999999999,1.4989436164472247,0.031812489403084725,4.052388971282505,4.064096375357695,3.777571637936223,0.9294985376924645,0.36989134731872425,1.0034392518185027,0.052366125972859834,2.504955349653994,2.510324836184911,2.3010520820937375,0.916635189568049,0.4005816917882813,0.7314322948708674,0.017835543159234045,2.2531955043287217,2.2963379564845727,2.176735025275776,0.9479157974674185,0.3246199867990495
146,3,1.0,0.052093782686459984,0.7093,-0.03809999999999991,1.8631332762562167,0.03959190698929289,4.454050283716665,4.465209676209383,4.0579344239786055,0.9087892211645203,0.4183009076182976,1.2680158416850358,0.06680458644073192,2.7311163225372552,2.7433646945065537,2.432732130174669,0.886769496977959,0.46428481687921175,1.0888743432242913,0.026733623572876807,2.1296394323493537,2.1367164970800863,1.8384533197492565,0.8604105047448181,0.511295164187995
147,3,1.0,0.05157053795390641,0.7658,0.056499999999999995,1.744211765834924,0.03709396086281029,4.365787404402949,4.396831878353078,4.036069361298156,0.9179494401796293,0.3995182550748727,1.1557987509275685,0.06107185193385778,2.6323494530995095,2.653475149103238,2.3885266385841115,0.9001503705023701,0.4390749676364783,0.7364961608356847,0.018356543378615937,2.120568004776894,2.1361149587836854,2.0051337077307574,0.9386824896692314,0.3473107955871341
148,3,1.0,0.051047120994167854,0.8031,0.0373,1.3747293424843716,0.029264245216704236,3.848212457668356,3.86259839714149,3.6096794499304843,0.9345210344937288,0.3572384211128833,0.9458951111219036,0.04986684236725288,2.382640400441919,2.3965466075852455,2.201980513726784,0.9188139745571209,0.3969944902077813,0.7569980776235521,0.018933736809988326,2.222531561404762,2.285849899934369,2.1568643613398675,0.9435721747966894,0.3406017222743455
149,3,1.0,0.05052358920581229,0.8087,0.005599999999999938,1.384069891407335,0.029502556709004913,3.9424778830482983,3.954445416302001,3.704320346820014,0.9367483823519579,0.35106598755024115,0.8308056500984242,0.04423602989138582,2.432191671805302,2.4450662063810418,2.299589257773462,0.9405018366259695,0.3415872440192002,0.7765104851215259,0.01946778360666328,2.169348024833332,2.197681756187452,2.055927259497133,0.9354981692452892,0.35794647803511564
150,3,1.0,0.049999999999999996,0.8177,0.009000000000000008,1.2825600806550805,0.02737300230593965,3.771166027041295,3.781485013931387,3.557340105481157,0.9407256917257488,0.3400964241453261,0.808164351900369,0.043206107113120056,2.2961116006042634,2.3087712294297407,2.1627054754871504,0.9367344186896039,0.35197085006133233,0.5929099741629633,0.015032498893995171,1.893028001657862,1.911074587183933,1.8167730009285836,0.9506552036808215,0.3132071863932858
151,3,1.0,0.049476410794187714,0.8048,-0.012900000000000023,1.3780707107895742,0.02944905935503795,3.954303453685859,3.9578248897391695,3.7101615971300155,0.9374243935725323,0.3484989776151489,0.8182580165764494,0.04385402364959323,2.3595826153816155,2.3659170360419646,2.219913806462764,0.9382889478561535,0.3467808294748402,1.0168113055325003,0.025862354046984625,2.241004241696339,2.2974751507207065,2.060215794431154,0.8967303928335741,0.453730201225688
152,3,1.0,0.04895287900583217,0.805,0.000200000000000089,1.3631791671523772,0.029167004390832217,3.8076477181099815,3.825489966924344,3.5743693280992734,0.934355954140178,0.35801084240771736,0.8589029791227615,0.0461496677376648,2.3386421170013962,2.3509039918206778,2.188386454074264,0.93087019363111,0.36726567647043223,0.6286019605521551,0.016277911730545745,2.0851957201813214,2.116872231027601,2.021387580406947,0.9548935220458241,0.30145945268748875
153,3,1.0,0.048429462046093594,0.7779,-0.027100000000000013,1.3677696595075537,0.02929487739045855,3.88155877900108,3.89133538878987,3.643034087869277,0.9361912361407095,0.352376387266651,0.924412687906343,0.04990398823969253,2.420783152875323,2.4308704392327636,2.2482420745917615,0.924871205929575,0.3818651360029325,0.7803053266711109,0.020323126322191565,2.1807368220979573,2.2065169142634247,2.0639382589872612,0.9353829311914617,0.35781728394003337
154,3,1.0,0.047906217313540014,0.7176,-0.06030000000000002,1.6409921178114564,0.035185350555050586,4.040961339431222,4.046685193474965,3.6990276998993883,0.9140883273707198,0.4060895366156686,1.255743433141127,0.06779645163401261,2.600220833435107,2.613186930195842,2.2916924507853,0.876972261074929,0.48293722479032136,1.1780968306635649,0.03090580352697476,2.2790734212749597,2.3832629462301025,2.0717220739582776,0.8692796895262325,0.5169192092128887
155,3,1.0,0.04738320218785281,0.7689,0.05130000000000001,1.5695378054649272,0.03368219852799765,4.048991382039969,4.075362472784905,3.7610012424995594,0.9228630011723776,0.3876367365035389,1.078539431781096,0.05832707339564407,2.480560349865533,2.502392341774643,2.258034571384888,0.9023503363919098,0.4347966909329828,0.8226604791088494,0.02174086527628071,2.224197786087978,2.2474550284911623,2.0914787607443803,0.9305987146485876,0.36986840120715286
156,3,1.0,0.04686047402353434,0.7822,0.013299999999999979,1.4388827397164716,0.030910872482682497,3.8700311743203732,3.896644948694474,3.6212509414661738,0.929325352744656,0.37180133050715225,0.9258847059368888,0.05036749926746392,2.3502659905698344,2.369791912808298,2.1814333078695483,0.9205168167210355,0.3939489018059624,0.7523171344406315,0.01992143798768395,1.878386324746803,1.8912066021663436,1.7351313387079974,0.9174731817879841,0.40051246355940123
157,3,1.0,0.046338090143618435,0.7506,-0.03159999999999996,1.3812502589245983,0.029704784528158286,3.740189861489138,3.75376000688682,3.490395684207995,0.929839861313551,0.3692995035216369,0.9391674846693118,0.05110752735155024,2.2734400883105685,2.2980965533266566,2.0974298795098623,0.9126813564354748,0.4131041277481928,0.9882438169052404,0.026135521659905705,1.908602827471937,1.9241582257520176,1.6509877025097832,0.8580311537864973,0.5177839007051198
158,3,1.0,0.04581610783338423,0.7769,0.02629999999999999,1.4741732404768895,0.031745177725043504,3.876401766985742,3.893031165016414,3.6031243348130237,0.9255318496269557,0.3802942339548035,1.0554850704358147,0.0571500870589342,2.4303881600356814,2.444245193533044,2.2046056621895573,0.9019576546667568,0.43428662457782824,0.6432860487026275,0.01731193281476721,2.0382604953611527,2.061812033161917,1.9588906053203798,0.9500820510375523,0.31560541460067193
159,3,1.0,0.04529458433407429,0.7656,-0.011300000000000088,1.4468262147850641,0.03118448617967621,3.911340702254622,3.932575659770852,3.6567533800907808,0.9298621810378231,0.3699054428961065,0.9675429497651453,0.052980602050007757,2.4709019348390346,2.485743366328527,2.2897119678203426,0.9211377163211643,0.3915748076129842,1.0211209554276242,0.02757018753656591,2.0085081524653425,2.0383277927370345,1.7641122798172657,0.8654703557019372,0.5083977150773571
160,3,1.0,0.04477357683661734,0.7421,-0.023499999999999965,1.5175648400405506,0.032741285289727765,3.905193485090581,3.9185844171428625,3.6127968104339416,0.9219647775428357,0.3886017033046829,1.050892823895037,0.058101070682296696,2.48800195717999,2.4988866792516533,2.2671697638670483,0.9072719394166374,0.4223842432528328,0.792046853510866,0.02178329254030839,2.223963273842565,2.27312488490542,2.1306707583529643,0.9373311481923339,0.35614205631299256
161,3,1.0,0.04425314247535667,0.7213,-0.02079999999999993,1.4022742999514326,0.030280028808796138,3.8042189854806114,3.817322944440792,3.550433958586362,0.9300847767561549,0.3686102995919606,0.8957376480577852,0.04925018182125449,2.3808458595190003,2.38921764953265,2.214952626253609,0.9270618885168839,0.3762266441888641,0.6528958910245038,0.01783923080908455,2.1519520746923093,2.202253954005782,2.103247552889828,0.9550431497984748,0.30339704062315437
162,3,1.0,0.04373333832178479,0.7941,0.07279999999999998,1.4503163853230818,0.031343258543399505,3.919752620992623,3.9441138326780316,3.667780848182311,0.9299378780079246,0.3700020194018798,0.9406132147373492,0.05208288280361203,2.4416872318670992,2.4611076578370445,2.274268602322392,0.9240833472198219,0.3852308364728946,0.784996235140576,0.021664511302668096,2.0118159656885903,2.036873867315275,1.879530789390764,0.9227526650278552,0.39019286481897114
163,3,1.0,0.04321422137828479,0.7911,-0.0030000000000000027,1.314579625342549,0.028433875742494515,3.6677971103788356,3.6783661999700965,3.4354415139933714,0.9339585368148772,0.35841121680985516,0.8139705200428633,0.04514774792439903,2.2050699144828596,2.210427223633532,2.0551011126966405,0.9297302759954412,0.36913592385289895,0.580852244243793,0.016116557903670097,1.827605196221356,1.8511397164173242,1.7576487379566355,0.9494954499481918,0.31782151060017083
164,3,1.0,0.04269584857187944,0.7943,0.0031999999999999806,1.3770627932805788,0.02982003110087232,3.6828026584910063,3.6877440016566396,3.4209872725865895,0.92766397858685,0.3739170737551323,0.8814458114816242,0.04890942132118348,2.251431169996376,2.2648484937609425,2.0862866679759002,0.9211594831720828,0.3915046674436168,0.7336160246716611,0.020423394524451282,1.898191311667508,1.9404541390008658,1.7964326880268515,0.9257795131153316,0.3864816049691008
165,3,1.0,0.04217827674798847,0.7876,-0.006700000000000039,1.2958181535125712,0.028089347996805316,3.5497025315779993,3.5535328377540756,3.3088443627955084,0.9311421939431924,0.36504978712583075,0.9008677757825996,0.05033704529059005,2.1896730757738183,2.1923903449390036,1.9987527955956759,0.9116774301664263,0.4114165652168134,0.8541232959904277,0.02406460525535181,2.037256680474701,2.0682945975738276,1.8836977365476746,0.910749241794331,0.41925168496264714
166,3,1.0,0.04166156266419488,0.7784,-0.009199999999999986,1.3797375973345958,0.029939634491302488,3.637486534164415,3.650402757603036,3.379610123913363,0.9258184228779502,0.37931070929766125,0.9522830286510185,0.05322819109438086,2.2470853281111784,2.25765787298588,2.04699198458651,0.906688302545703,0.4237858779717433,0.6285043238208486,0.018015947689366246,1.7706985910365705,1.8051643794775643,1.692217585419308,0.9374312969265745,0.3549470965879749
167,3,1.0,0.04114576298402084,0.8024,0.02400000000000002,1.3189616562529558,0.02865298524415426,3.585761514591962,3.6077657985691447,3.3580223708699277,0.9307761529869077,0.36783306722590153,0.9186568806623189,0.05181647940865686,2.196385622959293,2.2214795852182068,2.0226322572525937,0.9104887889635587,0.4182584656625869,0.8603197359246912,0.02464487874564993,2.002889851535363,2.044224683135782,1.8543747226774054,0.9071286233726754,0.42953921568137793
168,3,1.0,0.04063093427071377,0.8025,9.999999999998899e-05,1.2346277977121403,0.02684545104035199,3.4597126129515416,3.467061343156456,3.239785273349924,0.9344470583841424,0.3568584838781906,0.7695820903747571,0.04369274229572457,2.1112225619936136,2.1159916370934715,1.9710819527398389,0.9315168917431637,0.3645196410027211,0.870213068405451,0.02513066892729532,2.080371220062496,2.139714826881575,1.9547658713486364,0.9135637360598733,0.41829701353939563
169,3,1.0,0.04011713298104369,0.7779,-0.024599999999999955,1.289090399001271,0.02805824943982792,3.504947617933865,3.5236107389978657,3.279341196989323,0.9306763544267055,0.3677916304384538,0.8302641316411148,0.04722656829309969,2.1610264053683466,2.1757260336122863,2.0110805975892405,0.9243262095137547,0.3841989758101065,1.082616283056604,0.03086192586412749,1.9524436410707713,2.016950018346138,1.7017727034972359,0.8437356840863406,0.5544929749997131
170,3,1.0,0.03960441545911203,0.7911,0.01319999999999999,1.383234987440639,0.030139185976064492,3.608542390887675,3.6131572310635276,3.3378984751953067,0.9238176646447244,0.38332236055577373,0.9535059930181228,0.05391045353392119,2.2146826600643994,2.220580183905477,2.005443278213545,0.9031168037744276,0.4305384289189298,0.9509166992425178,0.02755111345168261,1.902466817655592,1.9462075303104007,1.6980821692149555,0.872508271995088,0.4998335268808165
171,3,1.0,0.039092837930172875,0.7854,-0.005700000000000038,1.3042169746689622,0.02844584331401344,3.4960362222955474,3.513629998314447,3.2626084517676954,0.9285577745331264,0.3730559101051289,0.8592678430840979,0.04902981909516083,2.220614934475482,2.2287772478372627,2.0564792480428373,0.9226939345501584,0.38695040267621195,0.7533637421297328,0.022167674325206638,2.0442509944283476,2.0805552280186292,1.9393694780233868,0.9321403497999438,0.36852800570137556
172,3,1.0,0.038582456494467225,0.7888,0.0033999999999999586,1.2365701294992075,0.026991261182059686,3.358077003986528,3.3718522030409845,3.1369223211715367,0.9303261626777204,0.3682375740732622,0.7904696031315348,0.045475299366125016,2.0683627289890167,2.0747151307172946,1.9182285553483562,0.924574428049389,0.3821716529952674,0.7970308352665056,0.023758306787239527,1.965734449464218,1.9965388865192228,1.830548773590121,0.9168610668943744,0.40546210882336875
173,3,1.0,0.03807332712107097,0.7848,-0.0039999999999998925,1.2755166768251853,0.027870454603408597,3.420040813415458,3.4398202052981253,3.194592347950447,0.9287091060835185,0.37295364190445957,0.8736542436802553,0.05032278034633507,2.1128836398735045,2.13041875966845,1.9430420131446935,0.9120469880987542,0.4134890474766324,0.6358705913520674,0.01892230061066673,1.9034712944842145,1.9170898703780381,1.8085634694093473,0.9433900295204783,0.3340584085479313
174,3,1.0,0.037565505641757264,0.7433,-0.04150000000000009,1.5289420842943184,0.033441236166036614,3.7123396878178294,3.725444961028136,3.3972453967711904,0.9119032578147738,0.41185403623262024,1.077249101772987,0.06209908316670297,2.358468857454727,2.3746144836676333,2.116206108258301,0.8911788093660509,0.4567578233513587,0.7646227177528068,0.02294815550584151,1.815446650944438,1.8684825694150344,1.7048691856768239,0.9124351565187825,0.421176087633879
175,3,1.0,0.03705904774487397,0.804,0.06070000000000009,1.3683713395730743,0.029955213303490193,3.549269336907402,3.5586873256344873,3.285089856973107,0.9231184300203727,0.3855360666331911,0.9139276106806287,0.05272561149902147,2.160234791812706,2.1706440226203068,1.9688656461475256,0.9070421615105718,0.42306864704911523,0.5667898715395575,0.01709909387079157,1.7466549154115496,1.7738243794096513,1.6808336542613058,0.9475761376223198,0.32450020123523343
176,3,1.0,0.036554008969236725,0.8062,0.0021999999999999797,1.212211618469622,0.026553586716076133,3.3039788448929555,3.309753723761689,3.0797747949491003,0.9305147911273571,0.36689448552110693,0.8021469098065549,0.046667676172648775,2.025347873245739,2.0301150096317193,1.8649201837228193,0.9186278486070265,0.39605389296460336,0.5791274504891987,0.017480836969820907,1.645205742140041,1.6742732066415793,1.570924137899932,0.9382722793796867,0.35200913518322924
177,3,1.0,0.03605044469803853,0.7864,-0.01980000000000004,1.2373191085141955,0.027132326682054664,3.3144616480421623,3.3215182391904357,3.0824543664723576,0.9280257233281531,0.3733092248163663,0.7670296378340901,0.044688903946875184,2.0371473177683446,2.0464116160747334,1.8972258965980293,0.9270988698926267,0.37652143816204525,0.6205346142067721,0.01884593669594083,1.6650473860341108,1.7060253032935706,1.5891694106101144,0.9315040096662929,0.3726828554019661
178,3,1.0,0.03554841015277641,0.7583,-0.028100000000000014,1.2856808228866272,0.028219235025807966,3.2942646958258455,3.308301786818765,3.0482594419971827,0.9213970303865063,0.3902785421328499,0.8183462356816289,0.04772085711811976,2.0557116584649067,2.062706287808437,1.893427279428716,0.9179335374210863,0.39808415363695765,0.6231995339067199,0.019038972349600638,1.7554320008591158,1.7865721281683233,1.674354134420768,0.9371880978225008,0.3550120617612778
179,3,1.0,0.035047960387195674,0.7885,0.030200000000000005,1.4227919066787018,0.0312558334269824,3.4448004935813854,3.4506503808207745,3.1436684314601586,0.9110364958829597,0.4130259239482101,1.0458644628594373,0.061715013214383385,2.151250184220558,2.1590180939278825,1.8887897182709488,0.8748373733333056,0.4861658911319863,0.9235851204626537,0.028292282323684744,1.650354207388231,1.6853902087208847,1.4097983600234298,0.8364818738880574,0.5596284217824209
180,3,1.0,0.03454915028125263,0.7547,-0.03379999999999994,1.4173371108717432,0.03116129640648288,3.4693405215858615,3.482554227821952,3.1810909205715805,0.9134361484332402,0.4085321409222372,1.0121183231744626,0.05979616433331254,2.168295008756135,2.1870369932026588,1.9387489169337797,0.8864728502350158,0.46678072821607186,0.7153096380886667,0.022123320800391946,1.7591816704934777,1.7728074524934707,1.6220907591438034,0.9149841720612789,0.40661499041654475
181,3,1.0,0.034052034535096504,0.7805,0.025799999999999934,1.3039224990853344,0.028689539212889727,3.2051671287340486,3.2135998797313023,2.9371772791195316,0.9139835041832018,0.4068188792390203,1.0296033437835865,0.06115921052174245,2.097125800296716,2.108194845157056,1.8396745162269879,0.8726302127401019,0.49095926607641327,1.4182719005952698,0.04439154625138287,2.0019505334298886,2.0697588986235984,1.507449623338506,0.7283213635853764,0.7084450274430019
182,3,1.0,0.03355666766307084,0.7933,0.012800000000000034,1.3240504389944063,0.029157872612406353,3.2754833605923284,3.29643447554749,3.0188359877427255,0.9157882585369275,0.40423054958061794,1.0355924652841726,0.06138115473594505,2.066999010837436,2.1081174392243875,1.836220978056714,0.8710240444347783,0.501012559684103,1.404966270633027,0.04379182794568423,1.9692617313242602,2.071355209556309,1.5220322677376747,0.7348002219588881,0.7134482168036831
183,3,1.0,0.03306310398773543,0.758,-0.0353,1.2153986625918225,0.02678915907502159,3.1241830536773927,3.130386810945665,2.884809831343042,0.921550596001765,0.38902927316029356,0.9318420454737889,0.05545907286857427,2.040024171610093,2.0464381301709884,1.821971303932656,0.8903134070221916,0.4567799041019846,1.091380314249032,0.034458917376570926,1.7623278424226376,1.806714945003685,1.4398290960075721,0.7969320782945288,0.6192833637291532
184,3,1.0,0.03257139763390925,0.7738,0.015800000000000036,1.2396176823243934,0.027348961284576763,3.174531820493877,3.2097253264145276,2.9606899041214425,0.9224122325223156,0.3904883467608588,0.852808411588475,0.05065114255335416,1.9394720449741525,1.9823659042526438,1.789550898871948,0.9027349063222576,0.4397116286354313,0.6273118800773732,0.019849319017989815,1.4891871010112336,1.5243433520062712,1.3892812922267608,0.9113965632468906,0.42124450289113874
185,3,1.0,0.032081602522735,0.7999,0.026100000000000012,1.1762697464872423,0.025974700305312758,3.1323472139434525,3.142510505787115,2.9140627648950232,0.9273040645460399,0.37552342257944754,0.8094639890792825,0.04838024217839939,1.919742255444776,1.9378568972444306,1.7606979633620141,0.9085799709285394,0.4216524310924966,0.6631172992810077,0.02123012309087613,1.580047835639728,1.6515225273733165,1.5125482444102971,0.9158508099892209,0.41968178704698866
186,3,1.0,0.03159377236576611,0.7987,-0.0012000000000000899,1.1638180814838335,0.025721808912162997,3.1330185525695464,3.1420690063629935,2.918582732329789,0.9288728943951826,0.3714686210617322,0.7871715777835436,0.04721580487709492,1.994918064488588,2.002387698359721,1.8411728161339644,0.91948867726374,0.3945884253573797,0.6071399395033766,0.01941421176218194,1.6324938554229624,1.6818415837741179,1.56842993607566,0.9325669856230111,0.3719094791606875
187,3,1.0,0.03110796065907664,0.8177,0.019000000000000017,1.0536640598295974,0.02331012616464686,2.9723580155643674,2.9747674137170095,2.781911799872206,0.9351695151172077,0.3544876001855167,0.7144262633741021,0.0428525265816824,1.9091446453368568,1.9105018758859382,1.7718951888704089,0.9274501172885503,0.3742127476402114,0.593191143496167,0.019098140976981905,1.598507226106226,1.623810106364586,1.5115832897624473,0.9308867359783872,0.3710906862405059
188,3,1.0,0.03062422067739485,0.7696,-0.04810000000000003,1.1201920618302361,0.024804502768952564,2.9976033325054376,3.0013396201614895,2.784458537102884,0.9277385732685139,0.3736958955453136,0.7705023749949919,0.04657671974873804,1.9263177620160667,1.930454131781711,1.770022392868494,0.916894301567711,0.39998716213289287,0.6319073062058981,0.02050823881974152,1.6048311818001788,1.6496438170848948,1.5238168282696218,0.9237247534818617,0.3937531332716704
189,3,1.0,0.030142605468260968,0.7839,0.01430000000000009,1.1702022852263472,0.025936759499995594,3.076229918389541,3.080807486968978,2.8499125426553586,0.9250537577273992,0.3804014382120593,0.7332674929502022,0.044114927252950624,1.929906916934984,1.9365912590747543,1.7924018992379689,0.9255447636866466,0.37994966830563726,0.8215862909817562,0.026726643531626088,1.7631070851523067,1.8024637989569492,1.6043291435846097,0.8900756533989774,0.4659877428322983
190,3,1.0,0.029663167846209985,0.8111,0.027200000000000002,1.0360719901610767,0.02298445619174192,2.916100326501171,2.918976012805146,2.728914777306217,0.9348877021718723,0.35529367105287096,0.6753475525483378,0.04076255792444412,1.8539328305020166,1.858358916048013,1.7313011555822835,0.9316290521876525,0.3642783284470258,0.5114623286732747,0.016870962437897718,1.4957296615927231,1.5136227018247914,1.424591268304658,0.941179903411333,0.34194837597099303
191,3,1.0,0.029185960386979952,0.7611,-0.050000000000000044,1.0689552083533869,0.023734160982260392,2.931728723056757,2.933759121457883,2.7320829807615437,0.931256748646726,0.36461600281994866,0.7254838475705645,0.04405560299118938,1.8651839189930302,1.8709010123635479,1.7245125903593017,0.9217551217104155,0.38896102426308526,0.5486258862450472,0.018243730426053057,1.3913245858824363,1.4173277053970734,1.3068387545469535,0.9220441748020684,0.3943191199320938
192,3,1.0,0.028711035421746363,0.8174,0.05630000000000002,1.045783541245678,0.023241113390529426,2.851157896455264,2.8577189298529353,2.659491360274278,0.9306343365304794,0.36679257313173036,0.7014525425443242,0.042460836187248004,1.7737493788736796,1.7819387617019196,1.6380690600847767,0.9192622638278918,0.39546316458176434,0.44108040539403454,0.014685386117123703,1.550431912110593,1.578542335750725,1.5156661983826658,0.9601682286600465,0.2844887298492164
193,3,1.0,0.028238445031383626,0.816,-0.0014000000000000679,1.0263326169582911,0.022825989881173382,2.823915195294862,2.8337232518603854,2.641330899489881,0.9321061602454667,0.3634431439967961,0.6200089757984871,0.037929774924080714,1.7335155389935575,1.7392062182190717,1.6249390910898733,0.9342992648415168,0.3576598893128188,0.5007720200625636,0.01666738864138166,1.4538462115962165,1.4759958586983082,1.3884493576394097,0.9406864859796379,0.34444634932380686
194,3,1.0,0.027768241040753643,0.769,-0.04699999999999993,1.077296641188057,0.023984380052359235,2.8183006812115874,2.8234246047268674,2.6098196263052587,0.9243454285749301,0.38225042784467095,0.7264144150547387,0.04446281136590669,1.775894173453509,1.7840590100491442,1.6294749765373606,0.9133526230684906,0.40904149915763854,0.6173046515073878,0.020758799691933887,1.4971967367715804,1.5536018630720798,1.4256979080032528,0.9176726302220629,0.41230697098531466
195,3,1.0,0.02730047501302266,0.7926,0.023599999999999954,1.0699184628847656,0.023839486899275984,2.837951942544198,2.845039876409874,2.6361954522009516,0.9265934984108339,0.37700372823283024,0.6645253698347126,0.040833233551383796,1.750976291810844,1.76093075328844,1.6307308867484718,0.9260619043100774,0.3795170573940018,0.40548567933320123,0.013759984346410929,1.3783513727447758,1.4269715113779553,1.3681481782321618,0.9587774999873748,0.29418164870815094
196,3,1.0,0.026835198244006927,0.7893,-0.0032999999999999696,1.0132481453150173,0.022598171985452088,2.6994457029798604,2.7071675469335643,2.510395261706524,0.9273143306368583,0.37535414925979593,0.6803552872376173,0.0417917217322168,1.6895476421644375,1.6968970565528758,1.5545341578192007,0.9161039862825414,0.402684878637711,0.42644809483502377,0.014512485580342046,1.4526748381296133,1.4996183778420715,1.4377056396411219,0.9587143375169613,0.29356059845030125
197,3,1.0,0.026372461756547307,0.7659,-0.023399999999999976,0.9527178499882466,0.021264919713443305,2.6294341432195454,2.638194398346837,2.460162285268449,0.9325174395071311,0.36232808965571384,0.6981093129826674,0.04343168893812166,1.69771861325211,1.7047234710176808,1.555225215012315,0.9123035151759136,0.41120437010782696,0.6029724568722336,0.020581745949841905,1.5540874306322694,1.6227140993131897,1.506527358186731,0.9283997463412473,0.387991334970722
198,3,1.0,0.025912316294914226,0.7641,-0.0018000000000000238,1.1219476211151558,0.025065381278276146,2.849153590037645,2.8597380716285326,2.6304629637788803,0.919826535820084,0.39378277992389027,0.8766865194193908,0.05430915380482073,1.9157195289294053,1.9365695994333523,1.7267665178301668,0.89166251413604,0.4576278031207025,0.7040785278474381,0.024056414902469875,1.6549363006270368,1.7090999073570854,1.5573362614705568,0.9112025896009716,0.4254414671916198
199,3,1.0,0.02545481231924296,0.7934,0.029299999999999993,1.0551211602349442,0.02358915871813388,2.7662953855107575,2.7749373139003866,2.566514459769408,0.9248909684961408,0.3814202799026579,0.7873273320961138,0.048820310025874274,1.8258154421478594,1.8361678615149022,1.6588032251333444,0.9034049990205003,0.4312195602694185,0.4874785731476466,0.016819991268392682,1.49074951433411,1.5033786996196685,1.422150634242259,0.9459696579458263,0.32700233571123727
200,3,1.0,0.02499999999999999,0.7936,0.00019999999999997797,1.0288754889056329,0.023020140678889515,2.6698336933705167,2.674494927848544,2.468671384295361,0.9230420886538175,0.3853706286876374,0.7776766058933156,0.04843205187697105,1.8026565663840013,1.806046247905286,1.6300375014772257,0.9025447179815018,0.4314058597713255,0.620722700017292,0.021507816850733916,1.6522660120000303,1.7006083621334942,1.5832790486087378,0.9310074464307813,0.37567963966402806
201,3,1.0,0.02454792921248144,0.8046,0.01100000000000001,0.955100700303736,0.021386327401497058,2.639226427855299,2.6435282597203575,2.4649593011169184,0.9324505202670582,0.36188660822098334,0.5913845280232652,0.03696421389689471,1.6657002921903408,1.6739466780068784,1.5660018479189646,0.9355147738538239,0.35503657578495956,0.46701656554893417,0.016342541301329373,1.4027773037779825,1.4320547069316458,1.353763760516261,0.9453296399666652,0.33292281268819907
202,3,1.0,0.024098649531343497,0.7996,-0.0050000000000000044,0.9182106392495333,0.02057842239419381,2.5525384423151634,2.555484463522125,2.3848249694402432,0.9332183401942236,0.35972450954223917,0.5703063500608258,0.03569477233696737,1.5958609863291497,1.597405631510919,1.4921311966292097,0.9340966171615818,0.357365932838964,0.47925158111996125,0.016773527505873412,1.4613692683574548,1.4990360707292454,1.420361813902094,0.9475167686999831,0.3279469409252248
203,3,1.0,0.02365221022516612,0.8064,0.006800000000000028,0.9443159733038711,0.02118055998207992,2.559338437982664,2.5662710556055424,2.38621343452549,0.9298368655615119,0.3689687769657401,0.6034877730524649,0.03802899836783209,1.6269807304639576,1.6368194986898863,1.5215060227242598,0.9295502796380886,0.37092496656698043,0.5235505814684591,0.018484233954695135,1.4832940457138428,1.5060258428569686,1.4120936346697572,0.9376290860925602,0.3529647968191619
204,3,1.0,0.023208660251050176,0.7846,-0.02180000000000004,0.9665710958931016,0.02169928903131451,2.5413573107917085,2.5471183015591192,2.3565975468293123,0.9252014503554126,0.3803365594395642,0.6342450691558428,0.039940069205051595,1.637113840391441,1.644628303523725,1.517410811557694,0.9226466602250132,0.3874165946848217,0.8566663525865347,0.030153360358337877,1.5659756872368793,1.602492284924898,1.354291611670403,0.8451158388783587,0.5470495867647209
205,3,1.0,0.022768048249248662,0.7823,-0.0022999999999999687,0.9359761111571198,0.021028406125762823,2.5004147832143873,2.505816987017658,2.3244499474633726,0.9276215938777945,0.37432833841826973,0.6679558161746045,0.04231176636376423,1.6096683291789389,1.6165642044419004,1.4721123854076705,0.9106426960108892,0.41496487448151265,0.5170900096226122,0.01863229698144318,1.371909266649655,1.3985943073185756,1.299493533635123,0.9291425875503159,0.37691268817317614
206,3,1.0,0.022330422537832798,0.7988,0.01649999999999996,0.9841786143242764,0.02213062773180249,2.5170440885543597,2.5213619203000244,2.321348408815195,0.9206724310879458,0.39100571134196144,0.7236386837501217,0.04583057183252157,1.6444012642916175,1.655332452506258,1.4887822686230163,0.8993856589767958,0.4400621061683834,0.5977349389872654,0.02149567742262976,1.289546074519992,1.3102769130479897,1.165992211641794,0.8898822836841733,0.4635235225773227
207,3,1.0,0.021895831107393484,0.809,0.010200000000000098,0.872951727327564,0.019645351264705166,2.3858680822281086,2.3971693304647514,2.232571643342478,0.9313366456718508,0.36588432270418486,0.6279219790378516,0.040013571252391765,1.5703521113320333,1.5782276335866001,1.4479352387446365,0.9174438515273822,0.3998606264840972,0.3863746981411553,0.013950794663521848,1.442330766094289,1.4852859967921201,1.4341509597839388,0.9655722620972517,0.26788217184566177
208,3,1.0,0.021464321615778423,0.8183,0.009299999999999975,0.8239581429743745,0.018557259255363702,2.302087139218387,2.3075688036496156,2.1554504868630424,0.934078534713251,0.3579178776239234,0.6013878102436744,0.038491153881639734,1.5075488620387176,1.5163088657733566,1.3919501800826464,0.9179859140193815,0.39891762408973863,0.5234831490300127,0.01895512907874292,1.33901886352524,1.418143499261851,1.3179896297935465,0.9293767735631585,0.39094531323616805
209,3,1.0,0.02103594138286605,0.8068,-0.011500000000000066,0.8749397809249526,0.019720288962597116,2.388254913563147,2.391666004835304,2.225881109455291,0.9306822545268274,0.3663510858728183,0.5902581755102834,0.0380255646699042,1.5581842913937356,1.564634078502514,1.4490255613111602,0.9261114667130345,0.37881153004200824,0.7842057881762092,0.028385499223020996,1.5459396517803274,1.602008507590458,1.3969442542444814,0.8719955278799307,0.507268047153785
210,3,1.0,0.02061073738537635,0.8,-0.006799999999999917,0.857387614030959,0.019340745814248925,2.3289101990600347,2.331227093979069,2.1678344657882995,0.9299113206891046,0.3681497098415417,0.637624158627265,0.04107925074067894,1.512387984721806,1.524362010372453,1.3845992327643344,0.9083139197532417,0.4216009152866629,0.4874406316722804,0.01796107060553434,1.322066387409814,1.3344336281835543,1.2422215114586994,0.9308979369394528,0.36869603244907523
211,3,1.0,0.020188756251719203,0.819,0.018999999999999906,0.8254423770102823,0.01863526712295967,2.3104513783834575,2.3152204911068477,2.1630744067518,0.9342844083578794,0.357264552170674,0.5304433935872113,0.03424423269877697,1.4797549974321713,1.4864078496177424,1.3885381163009034,0.9341568780452767,0.35846703981922223,0.3866512265104255,0.014205060677958964,1.1705469977676304,1.1824385202544332,1.117435474222354,0.9450262783911234,0.3303167042825401
212,3,1.0,0.019770044256881256,0.7675,-0.05149999999999999,0.8425858650798338,0.01903862875972219,2.22014643738696,2.225147609932879,2.059449195570632,0.9255337427402197,0.37951814839363923,0.5973101660160908,0.038605501501216055,1.4907938077191314,1.5017194828366653,1.377817848351713,0.9174934893626677,0.40066584857228305,0.5552267844194361,0.02051705812532782,1.4454535125048746,1.4910645631054005,1.3838341828797072,0.9280846833336529,0.3841194335314631
213,3,1.0,0.01935464731735119,0.8002,0.03270000000000006,0.7814494943063333,0.01766942060950394,2.1847657697166136,2.1912879363920865,2.0472126325895923,0.9342508570372037,0.35768113229259135,0.5066316058091029,0.03285365354497799,1.4055312405709501,1.4092358708367074,1.3150171705352367,0.9331419940045025,0.36045559940972977,0.46499088517349735,0.017259596241116785,1.2563583188074896,1.3044887488544417,1.218800542724996,0.9343128055303702,0.37011008580327426
214,3,1.0,0.018942610986084487,0.7904,-0.009800000000000031,0.7807514152549218,0.017667521326822373,2.1416581736756015,2.148211687112722,2.0013097526222987,0.9316166393788383,0.36455463567977525,0.5403105989055129,0.035129757751994305,1.3961006936349984,1.3993697717000277,1.290852523619438,0.9224527710436696,0.3870140609261624,0.40814997700351524,0.015259004080753646,1.2575306482544666,1.2923285955305979,1.2261838773940492,0.9488174150403356,0.3245646359156762
215,3,1.0,0.018533980447508137,0.802,0.011600000000000055,0.7618372718455365,0.01725300758183025,2.1603765031652618,2.1644149314021552,2.0259062259270366,0.9360063990200854,0.3526409728717821,0.5067365325352537,0.03298780286702382,1.4158145096601176,1.4276592945080302,1.3347018866653744,0.9348882410528565,0.3579116678617043,0.3407962837104857,0.012782424458438243,1.1790344564551365,1.20305255794401,1.1537734735377934,0.9590382946440567,0.2890469246633534
216,3,1.0,0.018128800512565515,0.7933,-0.008700000000000041,0.9181352516453769,0.020809446258195512,2.22517946023683,2.231920777657561,2.0343298847531295,0.9114704720335967,0.4126117771856738,0.7067184201087583,0.04598247150004444,1.4967432255577275,1.5088556461432996,1.333114584326604,0.8835269216999668,0.47217078256386674,0.5466473163827642,0.020533959507118556,1.1976397543545425,1.2132984161690188,1.0831759207841267,0.8927530987836011,0.45643718354804863
217,3,1.0,0.01772711561380248,0.7824,-0.01090000000000002,0.8645796432193535,0.019607685610050097,2.1816696865278358,2.193503752547397,2.0159267913390653,0.9190441497981916,0.39629264162135686,0.6947515653256429,0.045462695033479855,1.4770577290214406,1.498688210653808,1.3279257169410872,0.8860586928629904,0.4703618224765797,0.48789915287936414,0.01852813653356322,1.1901048367308165,1.2217990097869615,1.1201549610432568,0.9168078808957065,0.4099631711602895
218,3,1.0,0.017328969800494743,0.7858,0.0034000000000000696,0.8491283634419591,0.019270469016245646,2.1184724960153827,2.1341975216483173,1.9580041225417988,0.9174427871275767,0.4008210467868134,0.6990272177682557,0.046045323633581055,1.451046103211177,1.4807522733335132,1.3053690159589781,0.881558002285077,0.4817401846993715,0.45327367179839007,0.017140740322263755,1.1734134349883436,1.2060829324939777,1.1176669191779458,0.9266915972907416,0.3862864172872648
219,3,1.0,0.0169344067338174,0.7959,0.010099999999999998,0.7679259167792248,0.017439546245222915,2.0557831443086685,2.0595830336682983,1.9110657009482546,0.9278896114930986,0.3735442227480018,0.5738263462806111,0.037812936928580156,1.4196938719922387,1.4283395829624315,1.3080051033378797,0.9157521915236897,0.4041901973383655,0.3816793883478614,0.014552778242035935,1.281014855488746,1.306297188201928,1.2492932008731261,0.9563621602774282,0.2979507901196346
220,3,1.0,0.016543469682057086,0.8031,0.007199999999999984,0.710606813853507,0.016148739369093765,1.960104445563051,1.9637388025721754,1.8306578363420274,0.9322308210970656,0.3625351778891462,0.5314320860495032,0.035143865952742444,1.3575269539162733,1.3636168181780957,1.2557988430125566,0.9209323515754281,0.39147074355790634,0.39879937722675624,0.015289867123051156,1.2691229133936766,1.315845182307335,1.2539567385116401,0.9529667740340293,0.3142322725545578
221,3,1.0,0.01615620151586697,0.8022,-0.0009000000000000119,0.6456438060244302,0.01468305961666312,1.8902873500396016,1.8927310701913291,1.7792062883738657,0.9400206486777926,0.3415585498209592,0.4447213390064761,0.029324148705836703,1.2994641179754667,1.3071927206121567,1.229217584260788,0.9403491657183853,0.342234412520248,0.3211336364321988,0.012421411778268021,1.35210593720693,1.3830358402386362,1.345236542612888,0.9726693289313268,0.23750626899514282
222,3,1.0,0.015772644703565566,0.818,0.015799999999999925,0.6911999448137924,0.015728845388545448,1.9531453717629426,1.9565498054315866,1.8303906255782876,0.9355195663800288,0.3538906805436113,0.5217135522992493,0.034689881110949526,1.3207582643271443,1.3290344915263466,1.2223533016804855,0.9197303075834083,0.3950106286596166,0.431407421083881,0.016713721927068548,1.197940189627636,1.223681150809478,1.1451129731815703,0.935793586772229,0.36012434078030087
223,3,1.0,0.015392841306479665,0.8243,0.006300000000000083,0.6803814713217025,0.015494461261159527,1.8735102970661548,1.8770601653006729,1.7494101809202427,0.9319947294497175,0.36315865057542185,0.47814831394626406,0.031630730449172396,1.258918113819712,1.2645519394893106,1.170668996251471,0.9257579382024006,0.3798089079006921,0.562712802050978,0.021861302838316627,1.1712942395590904,1.2383341048618952,1.1030981821164776,0.8907920550564988,0.4804196785453326
224,3,1.0,0.015016832974331722,0.8091,-0.015199999999999991,0.6940567317332313,0.01581662461084198,1.8837336259578872,1.8870035879173759,1.7547272864595074,0.9299014043720725,0.36844738670537897,0.48362253504117486,0.032129643317972384,1.3168023581815445,1.3265664242130233,1.2352682833431892,0.9311771056439966,0.36727040473183825,0.5074394356970701,0.01986071702084194,1.1492575157349072,1.1972448714983361,1.0843896901746097,0.905737594697324,0.441536756340098
225,3,1.0,0.014644660940672627,0.8071,-0.0020000000000000018,0.6535701441407684,0.014904355049676498,1.8139414947878985,1.8149981871338288,1.6932408396591625,0.9329159949922923,0.360303871992955,0.460946214456389,0.030705906578091892,1.236691088986427,1.2374932871259066,1.148441652299398,0.9280386926111478,0.3727254271995874,0.471217360525046,0.018498066884631358,0.9819725112131397,0.9913542925324338,0.8722029760860367,0.8798095521006696,0.4798681787363873
226,3,1.0,0.014276366018359842,0.7995,-0.007600000000000051,0.6760890214231426,0.0154279451974519,1.7947758290765583,1.800245942811104,1.6684691047379243,0.9268006471008019,0.37669830987806513,0.5170488622811379,0.034526238236922344,1.3154854553562003,1.3218849492855955,1.2165690587428881,0.9203290039729821,0.39304795060705106,0.3346799051561779,0.013280305824866667,1.2452048790392312,1.3445597786857595,1.3022403722282703,0.9685254555964374,0.2687749709223823
227,3,1.0,0.01391198859508189,0.8044,0.0049000000000000155,0.6753195090009233,0.01542003221998334,1.8102852563181673,1.8130601298764377,1.6825964014948285,0.9280422495471783,0.37304590900464824,0.4609303600699497,0.03087299843071419,1.2970455966929277,1.306772479900664,1.2227827111342788,0.9357273205104766,0.355369434386256,0.3537992989445973,0.013953965505385458,1.2617755977684069,1.3072686888926401,1.2584822347769322,0.9626806221779596,0.2803979563167424
228,3,1.0,0.013551568628929435,0.7726,-0.03180000000000005,0.7112071497597896,0.01624976868088138,1.7728748248310078,1.7762546305950249,1.6276562689712153,0.9163417456797673,0.4011603863953467,0.6109507177152804,0.04111008227306716,1.289612833877941,1.293505963168582,1.1401302149444306,0.881426330769716,0.4737473927567207,0.4398043030308924,0.017317544178688884,1.1484978267680226,1.1665649252187362,1.0804841380717747,0.9262100331614025,0.3829387333440079
229,3,1.0,0.013195145644013303,0.812,0.0394000000000001,0.7278023382008263,0.01663847071342591,1.77765799607021,1.7879671552856593,1.6331351292569345,0.9134033164026508,0.4094164005729712,0.618293743652385,0.041769265216325915,1.3305617537467531,1.3440593952763793,1.1934020753416092,0.8879087334501387,0.464686243920149,0.2995643845640448,0.011920567463453102,1.2176422302722996,1.2659649996196218,1.2300115748494418,0.9715999851646904,0.24602003537365297
230,3,1.0,0.01284275872613028,0.8089,-0.0031000000000001027,0.6748885527026505,0.015437236926169553,1.7302257962258012,1.7313807444647276,1.5944292948785934,0.9209004431729002,0.39005808038165146,0.540474355493694,0.03658805399876128,1.2984233555527915,1.3037395970037406,1.1864334788926156,0.9100233525308901,0.41625433891212793,0.3384317639332209,0.013465024656740533,1.27778690802992,1.327512284111406,1.283648277394349,0.9669577394935986,0.2648577488205853
231,3,1.0,0.01249444651847702,0.8045,-0.0043999999999999595,0.586593362556889,0.013425169994712818,1.6341513711502866,1.6382896147702575,1.5296735406182091,0.9337015426498446,0.3589590125570701,0.3989074104531936,0.027100628466410218,1.2058938729798543,1.2110277859338658,1.1434426873387051,0.9441919505232133,0.3307981070236832,0.3567696249313969,0.014243743512232572,1.305444094629522,1.3694357228365237,1.3221459322310691,0.9654676814567807,0.27329368327538084
232,3,1.0,0.012150247217412187,0.7925,-0.01200000000000001,0.614138710096545,0.014063356372518066,1.599062228347428,1.6022087950361146,1.4798333405666182,0.9236207822297355,0.38406179522558964,0.4444514382728257,0.030272820664462463,1.1726738064477797,1.17935407537331,1.092400547814489,0.9262702106394154,0.37900687798181626,0.3267272315221114,0.013087118052054737,1.194862587142575,1.2541724189820669,1.210866541773785,0.9654705552818402,0.2734433524305546
233,3,1.0,0.011810198568267887,0.8219,0.02939999999999998,0.5629767947700692,0.012899229915408393,1.5941571827155618,1.603886580848816,1.501835321801546,0.9363725214327425,0.35315011648416517,0.4286705424886602,0.029186909889388733,1.199573591026363,1.2082055823200109,1.129602733716113,0.9349424884687557,0.3573524339777161,0.4526530187485138,0.018118135267036196,1.2015408852914213,1.26785663730791,1.1842996323313237,0.9340958571199294,0.3767271045784909
234,3,1.0,0.011474337861210545,0.8249,0.0030000000000000027,0.5149220984146395,0.011804802135633369,1.518586393791615,1.520279108473673,1.4304208592919665,0.9408935841577654,0.3390798841078637,0.34617163962374753,0.023700089472406035,1.080118409674138,1.0827492520345792,1.025919634957295,0.9475135937794494,0.3204941574213001,0.2413778107908156,0.009740573609222291,1.1397868410711096,1.1816871567730338,1.156771989444361,0.9789155977655615,0.21177451966718785
235,3,1.0,0.011142701927151456,0.8008,-0.02410000000000001,0.5472260984277992,0.012552317528363634,1.4727692376467587,1.4748682969143752,1.3695912288710157,0.9286193429856663,0.37156268914346413,0.5119122328525074,0.03500025814127555,1.1389041382095346,1.15071832688682,1.030581640488369,0.8955985286829735,0.449477893422428,0.6586940446480426,0.026631691962277222,1.205675998721741,1.2778560590705743,1.0950058048513942,0.8569085673450788,0.5463275750254553
236,3,1.0,0.010815327133708015,0.8203,0.019500000000000073,0.5285002533777376,0.012129633770803843,1.497847593422807,1.504017325817908,1.4081035624109401,0.9362282855652555,0.3528398053970465,0.42893940522892987,0.02930820510582954,1.08796248517336,1.1082983940823876,1.021927753145933,0.9220691454597253,0.39425937114052334,0.6216357596801418,0.025226968366963417,1.1566513850989621,1.2187801905480447,1.0483296169129745,0.8601465834799759,0.5374443567773493
237,3,1.0,0.010492249381215492,0.7989,-0.021399999999999975,0.5263263591134477,0.01208631443295315,1.4487078677245115,1.4521282117277776,1.3533872082242273,0.932002558241007,0.3633074485473387,0.3711908417258536,0.025422865543585655,1.0616969604905993,1.0702804401819175,1.0038513950568229,0.9379330476096494,0.3496203300368592,0.5445119742957784,0.02223983662305968,1.1131734929416932,1.156548842052557,1.020349027397262,0.8822360027497173,0.4891528389315494
238,3,1.0,0.010173504098790186,0.8109,0.0119999999999999,0.5856126396385984,0.013455121415313067,1.4492353364485744,1.455468832892412,1.3324591492080256,0.9154844948208662,0.4040838812788489,0.4342202821286653,0.029849440872568373,1.1223208640665292,1.1266376185239564,1.0395985221421624,0.922744372324593,0.386894956719726,0.5193461351282543,0.021134870530374297,1.1183560735441929,1.1614976189253037,1.038920827366513,0.8944666010833435,0.4643835245445483
239,3,1.0,0.009859126240444284,0.8117,0.0008000000000000229,0.5016797460526129,0.011532013221536517,1.3982588859214249,1.4016614046121467,1.3088056263470151,0.9337530605040626,0.35878888459343916,0.3889055694037239,0.026713858799873702,1.0592678281383228,1.0682886024354201,0.9949839248212723,0.9313812040613069,0.3671456444469106,0.41046706027869323,0.01684399813732948,1.078183620299533,1.0994776997197209,1.0199845398405947,0.9276991612477538,0.38070237068214813
240,3,1.0,0.009549150281252633,0.8243,0.012600000000000056,0.48376834571584426,0.01112601942865722,1.3773197647135984,1.3799357139732948,1.2923586179287125,0.9365353797588015,0.3512389483617406,0.36987317837550365,0.025452502867097434,1.043679091567488,1.0514911490089482,0.9842903438388978,0.9360899944489418,0.35439358837781826,0.3871687321304735,0.016032342750404768,0.9836015548378436,1.0197008893162867,0.9433398746146113,0.9251143001818154,0.39362354626849083
241,3,1.0,0.009243610213572284,0.8135,-0.010800000000000032,0.46594385316085185,0.010721887509575121,1.3092228812862368,1.3106378194109511,1.2250174939281429,0.9346727797605526,0.3558934539114445,0.35859138048592126,0.02465711483092301,1.0593840852489258,1.0685444469314702,1.006578121465744,0.9420086589344278,0.3384904356021756,0.3300814788707991,0.01370825730002074,1.2604325587022962,1.3181711474473663,1.2761744640521029,0.9681401891730146,0.26187952428858324
242,3,1.0,0.008942539543314797,0.8185,0.0050000000000000044,0.4300216110889231,0.009899565997556193,1.2588738793058725,1.2623071528362813,1.1868027617677537,0.9401854050348392,0.34159228986944407,0.3144995145905318,0.021773998879407924,1.0323899213440544,1.038548044746091,0.989783859889201,0.9530458074582268,0.30463249213154775,0.29337987501444135,0.012131491526327084,1.2194352381444176,1.2646290061533918,1.2301279326298389,0.9727184230666237,0.2405866796672776
243,3,1.0,0.008645971286271903,0.8156,-0.0029000000000000137,0.5084401199038389,0.011710521993210245,1.2990784126816786,1.3059319906297189,1.2028911164036793,0.9210978251812689,0.39138524275395314,0.4508406342979371,0.031207809705297424,1.0124447443036495,1.02392004697558,0.9193231012250317,0.897846569114939,0.4452990020784011,0.5826715560819847,0.02415557967587268,1.0342246676225113,1.0854664012534974,0.9158225225788557,0.8437133765920928,0.5633897298363976
244,3,1.0,0.00835393796449503,0.8144,-0.0011999999999999789,0.497813802141278,0.011471033475550564,1.3001644173239595,1.30385276772172,1.2050782142840846,0.9242440896066597,0.38288526859233274,0.456232605401616,0.03156950852998223,1.0104448478373944,1.0266112292076335,0.9196642934046405,0.895825281508427,0.45151658339202605,0.5110073257046498,0.021329998266400627,1.022022210765841,1.10378973179448,0.9783778843409385,0.8863806721143764,0.49999630176503906
245,3,1.0,0.008066471602728803,0.8198,0.00539999999999996,0.3946418179158664,0.009098124254566915,1.159213855484673,1.162164988508753,1.0931081050292166,0.9405791052369012,0.3404391830279364,0.2846584966835864,0.01966191615971207,0.8533436633270743,0.8555149417477491,0.8067684868259989,0.9430209192814738,0.3335801376595925,0.2431461618770789,0.010139398969707827,0.9560641687992079,0.9658213694246278,0.9347142570503818,0.9677920644965874,0.2543199189050922
246,3,1.0,0.007783603724899246,0.8236,0.0038000000000000256,0.44309348363831447,0.010219422490468892,1.1973549243555301,1.1985478473939404,1.1136360030933135,0.9291543975609695,0.3700602675324588,0.35020243360459874,0.024236187593379182,0.9879208659738549,0.9952377283616902,0.9315881098350942,0.9360458142685438,0.35448429693747024,0.44531296421782646,0.018555786688137513,1.0914284401025158,1.1360282466814773,1.0451108474589923,0.9199690681212642,0.4080093095026908
247,3,1.0,0.007505365350656811,0.8128,-0.010800000000000032,0.4230761271538307,0.009762067761113649,1.136680586433961,1.1386067406590645,1.0570865317514886,0.9284035426837635,0.3722031784506162,0.34899676248232536,0.024175777394933498,0.9565706250048357,0.9714621226199687,0.9066090322282169,0.9332417714683026,0.3648416053760391,0.2590464955497284,0.010902550550942618,1.2296863126067825,1.309148356585577,1.2832631048673941,0.9802274115168316,0.21066063181640363
248,3,1.0,0.007231786991974671,0.8205,0.00770000000000004,0.40542199362001285,0.009358027923766107,1.1328923001829145,1.1353984997861992,1.0605483538824232,0.9340758809194564,0.3578645503677218,0.35044822015504046,0.024338056953212405,0.9017901502584771,0.9075223857367171,0.8371277809645326,0.9224321009833395,0.3886139364624826,0.38049760937122185,0.015973060470519263,0.9732332737776228,1.0435955789158937,0.9717580939994556,0.9311634828972117,0.39096239269986466
249,3,1.0,0.006962898649802824,0.8244,0.0039000000000000146,0.34551576958052377,0.007978660075055849,1.0472239028374717,1.0488213806233533,0.9902753044057182,0.9441791735949938,0.3299349533985451,0.27768807043048715,0.019314514934099664,0.9061422193001164,0.9227593621647384,0.8799853213302639,0.9536455086902297,0.30645086887681616,0.360688438443664,0.015304909353515863,1.1811870391688002,1.2615956274181281,1.208936442782648,0.9582598548290406,0.3053609855874138
250,3,1.0,0.006698729810778076,0.8236,-0.0008000000000000229,0.32169506047045554,0.00743131947990501,1.009043960663381,1.0116233530234808,0.9591111158596094,0.948091118095558,0.31881173963814413,0.24247568965585953,0.016876147797752535,0.8903246701421723,0.899618993170949,0.8663255025520387,0.9629915654608865,0.27234524414238637,0.19549813343067923,0.008237869673426906,1.109244624014831,1.1869644389722713,1.170754132930613,0.9863430567004232,0.1762443821662059
251,3,1.0,0.006439309443990521,0.806,-0.01759999999999995,0.37847890775519305,0.008746133702865337,1.036555571869519,1.0377226774080832,0.966241220186316,0.9311169941854732,0.36513132342009713,0.3073238203237621,0.021432736903811155,0.8604446706265845,0.8719249508299877,0.8159688741138172,0.9358246639657396,0.3571686022530255,0.585555373154096,0.02476786351299733,1.0829554291246692,1.110708219234116,0.9438210185859816,0.8497470372883251,0.5407012674818837
252,3,1.0,0.006184665997806821,0.8103,0.0042999999999999705,0.34529431505165625,0.007982185742253397,0.9783974539981931,0.9796891097270121,0.9168220194235189,0.9358295507428771,0.3529182477331896,0.2672770542147415,0.018661054011718966,0.9418522270967555,0.9541636431950645,0.9159646693219541,0.9599660140631651,0.28377811988470714,0.476965439468319,0.020452091284759104,1.365332290667317,1.4194902662798143,1.3369579259048578,0.941857762370392,0.3493401882666954
253,3,1.0,0.005934827396750392,0.8101,-0.00019999999999997797,0.37884687574858716,0.008760435808141672,0.9642442684565974,0.9669653079811737,0.8896611629851017,0.9200548930163096,0.39289512848749675,0.35217658182594297,0.024677114578682487,0.8193928088383663,0.8299777865940965,0.751554901903186,0.9055120679642195,0.42980189480209785,0.3736413446119307,0.015907326721386884,1.0405497561545618,1.1118876173260959,1.0472280714096192,0.9418470491901222,0.3590807094057216
254,3,1.0,0.005689821038439263,0.8095,-0.0006000000000000449,0.41556523445375576,0.009612798628764992,0.991621660163419,0.9964876848283206,0.905700440520649,0.9088927583452144,0.4190763989415789,0.4159028209327704,0.029083621110835973,0.9263397559576062,0.9348458303347065,0.8372345012661915,0.8955856400048692,0.4489743835973333,0.2907090613795393,0.012439023694339538,1.0917356973906962,1.1344552956585998,1.096575157934793,0.9666094046466452,0.2662815387225578
255,3,1.0,0.00544967379058161,0.8143,0.0048000000000000265,0.31655995378121365,0.007324820594222043,0.9231044360452786,0.9252630953619246,0.8694260294792286,0.9396527688582945,0.3429297286636442,0.2464258899712031,0.017262307530336647,0.8321213872973505,0.8416562199246376,0.804772938393923,0.9561777354487833,0.29614175736014964,0.3084729855751512,0.013176756641312154,1.1483949174556305,1.182925439259829,1.1419971267216802,0.9654007673013119,0.26861228736417614
256,3,1.0,0.005214411988029367,0.8186,0.0042999999999999705,0.35393039976336904,0.00819211738908246,0.9182342545820374,0.9208724567323829,0.8501408059112425,0.9231906109211648,0.38544673975865923,0.3944852850399637,0.027668756828055925,0.8442919031248289,0.8561462291992752,0.7598471773775964,0.8875203224199866,0.46723802938287673,0.6084078642789736,0.026229950854727423,1.0189676176004605,1.0808606767283975,0.8933639725151405,0.8265301826126368,0.59708262929071
257,3,1.0,0.0049840614298903236,0.8176,-0.0010000000000000009,0.2771909425768912,0.006417979901988634,0.8543131207588531,0.8558160424566886,0.8096828398030695,0.9460944871736804,0.3244605939455469,0.22456478602450222,0.015766594363786694,0.8146676489496467,0.8313866384752384,0.8004838593656379,0.9628298343039574,0.2756520236369202,0.1864402459637323,0.007967582579489754,1.0635391132309804,1.1683560521659675,1.153384576083809,0.9871858616605756,0.17530172952204442
258,3,1.0,0.004758647376699032,0.8257,0.008099999999999996,0.331146412173532,0.007669374365274591,0.8655140967647137,0.8672654769473265,0.8015556669925609,0.924233338347496,0.38260083043286675,0.46557029268575684,0.0327078643854033,0.82476202508703,0.842617658765305,0.7023167332996125,0.8334939649006684,0.5644904572766056,0.8758282400413708,0.03750626793724763,1.1679591196286623,1.2770402478021805,0.9293850609447956,0.7277648942891906,0.7498791912509997
259,3,1.0,0.004538194547646574,0.8123,-0.013399999999999967,0.28851993651873437,0.006684026075691647,0.7964671929441945,0.7970952805260237,0.7430458605641771,0.9321920211016956,0.3622496181571535,0.29185459838470484,0.02048320270208218,0.7853556478156039,0.7989658811780188,0.7437522378203771,0.9308936155368324,0.37162093275380675,0.6193929589365346,0.02685346478164797,1.1657720241585712,1.2167245709732202,1.047268065952678,0.8607273091518164,0.5313156827413138
260,3,1.0,0.004322727117869962,0.8156,0.0032999999999999696,0.24527765787650124,0.005683613336847201,0.7619451656024255,0.763530235772829,0.7230610711653686,0.9469972992405489,0.321909855130552,0.17739839700422178,0.012477105241607396,0.7343619769393949,0.7476271497794929,0.726275538305086,0.9714408291877784,0.24156805849829838,0.18084894107130786,0.007774540770615574,0.9450736877129102,1.0005604629535438,0.9840807598998246,0.9835295280356441,0.19135961927896278
261,3,1.0,0.004112268715800955,0.8192,0.0036000000000000476,0.2488732719342235,0.00576844315836453,0.7485172180616737,0.7516700109325314,0.7092742199372811,0.9435978682418719,0.3324883729177192,0.20337603583325903,0.014303889651383999,0.7259373478654467,0.7429875796799205,0.714610902557818,0.961807333126178,0.28015645762167757,0.2854103603184638,0.012291623057349186,0.9809798529910162,1.0598299882212001,1.0206765826390352,0.9630568996751269,0.2909441610327114
262,3,1.0,0.003906842420574969,0.8247,0.005499999999999949,0.2498199102450456,0.005791810947860866,0.722055921203897,0.7244257037387561,0.6799872258064722,0.9386569558438674,0.34598415844096436,0.17880399602883712,0.01258501612100242,0.7112338322731662,0.7309858086093753,0.7087802039107628,0.9696223860476082,0.2513997336956873,0.30727142108905425,0.013326114030584282,1.0392909892085291,1.1624447986861028,1.1210986990065956,0.9644317736840148,0.29565484958457733
263,3,1.0,0.003706470759500264,0.8138,-0.01090000000000002,0.25498989560682345,0.005912920728689529,0.7108258674822803,0.7122438777787915,0.6650349691831574,0.9337180563168053,0.35872343322280675,0.2765408889894892,0.01945595000628978,0.7766550864608796,0.797438173318946,0.7479523860218737,0.9379440451275215,0.3560665394591717,0.2756793232296951,0.011893859478434786,1.1521425306869206,1.22520133042275,1.1937837250275256,0.9743571896184736,0.23927536384350978
264,3,1.0,0.003511175705587433,0.8126,-0.0011999999999999789,0.19789671657261085,0.004589924127910917,0.6690432772617616,0.6700337608297634,0.6401422862251904,0.9553881067611345,0.29579060622588726,0.1478631230785941,0.010415673072238328,0.7371368334601681,0.753850257031206,0.7392068081471423,0.9805751225160656,0.20059114721552443,0.13659711321068163,0.0059229083364974525,1.056738911663982,1.1241145853782142,1.11578440795194,0.9925895655704249,0.12926287818396934
265,3,1.0,0.0033209786751399123,0.8282,0.015600000000000058,0.2622282566123605,0.006083223992566769,0.6647741083386319,0.6661851252850274,0.6124042626803481,0.919270394124052,0.3944621989982543,0.24083627107187608,0.01697272493866998,0.6085680778642036,0.6130755719259617,0.5637903158256224,0.9196098191524564,0.3957425304283155,0.29173779439728365,0.01265910506869189,0.7963724187141197,0.8150536769473748,0.7610530210858638,0.9337458901311139,0.36633337310745206
266,3,1.0,0.0031359005254054276,0.8251,-0.0031000000000001027,0.19450279867898215,0.004512960353660857,0.6081273112094374,0.6086946315370055,0.5767823102913712,0.9475725271881353,0.31983894670370416,0.23653098557216903,0.016641694498565743,0.6424136450895601,0.6579346996242091,0.6139472108521061,0.9331430781850734,0.36819109833695046,0.3001588491139146,0.012990674504615251,0.9344059141405539,0.9951316901649276,0.9487843579700779,0.9534259308060339,0.3212296118544949
267,3,1.0,0.0029559615522887278,0.8229,-0.0021999999999999797,0.19713072066940365,0.0045747927417985135,0.5840690750573265,0.5869468838995467,0.5528527256603077,0.9419127025383883,0.33751268315319594,0.2001441557625253,0.014116449809759972,0.7551286529969727,0.7788413541052067,0.7526859616181151,0.9664175607147351,0.2650464327743205,0.3616832917633303,0.015707794226678326,1.196264187367125,1.2793342919308885,1.2271436816283279,0.9592048687886027,0.30234399356162645
268,3,1.0,0.00278118148812595,0.8249,0.0020000000000000018,0.20547601953920716,0.0047692203309628615,0.5625275953752648,0.5646476295476113,0.525933991120965,0.9314375259882642,0.3652727816883955,0.23284799597612554,0.01640706670420582,0.6261692981055133,0.6451213250598049,0.6016338992848898,0.9325903142778861,0.37186108721812366,0.49553035279162405,0.02147032837596737,0.9813114653115826,1.093269757649323,0.9745196208979309,0.8913807539991585,0.5049674545831225
269,3,1.0,0.0026115794995207223,0.8235,-0.0013999999999999568,0.22202200867028501,0.005154039560624004,0.5741162347204957,0.5773353730242711,0.5329374901983767,0.923098627071257,0.38671961397917065,0.27010326784606165,0.01908711398995536,0.6317355111236256,0.6467024720964886,0.5875953540025427,0.9086023006803552,0.4275575190725737,0.17828005811061087,0.007799244758311026,0.8179788679678038,0.870996002248822,0.8525551448727035,0.9788278507266324,0.21795191183059767
270,3,1.0,0.0024471741852423235,0.8297,0.006199999999999983,0.18249048176863034,0.004236965675368723,0.5260229987834749,0.5269322880858568,0.4943226345185905,0.9381141480516886,0.34692491048998464,0.22008089919305454,0.015543351887924106,0.6862235189634213,0.731684145642583,0.697800899940519,0.953691431058265,0.3207131395401588,0.3458940929330753,0.015144918000703694,1.1489723312948004,1.2455315200194772,1.1965391592470405,0.9606654990379765,0.30104649477788575
271,3,1.0,0.0022879835741861586,0.8197,-0.010000000000000009,0.15651831918397602,0.0036344517456947884,0.4957615642485161,0.4972029695530519,0.47192458754257377,0.9491588273633975,0.31571289601933783,0.21313649502961582,0.01507298788563156,0.6230984025635622,0.6459277346500799,0.6097503371717055,0.9439915712893596,0.34205912605894345,0.3175424805919016,0.013831895021883733,0.9954250372773578,1.0381672525299248,0.9884119892002065,0.9520739426056167,0.3190019024038512
272,3,1.0,0.002134025123396638,0.8305,0.010800000000000032,0.1841506399305473,0.004276606132686527,0.4903679390073065,0.49238211550367994,0.4566494331894158,0.927428959766925,0.3755356443231976,0.298745472015521,0.02113437109531194,0.6363351421219041,0.6686038298233347,0.5981489908710068,0.894623937510283,0.46947819197810337,0.4793668179062075,0.020899246228486303,1.0733804131201063,1.167108850257986,1.0641197803489362,0.9117570997030102,0.4465954586527084
273,3,1.0,0.0019853157161528467,0.8216,-0.008900000000000019,0.16138077418160468,0.003748297653315889,0.46111315203911096,0.46190496414622606,0.43279609040266936,0.9369808163950764,0.3499808527862519,0.16977609746058187,0.011994922445150397,0.5535042559749186,0.5583592876226562,0.5319221605627964,0.9526521226638461,0.3067295248914492,0.18775947986116398,0.008218706117530962,0.8865557159967504,0.9036155812459666,0.8838935337691676,0.9781742945937199,0.21178531306412804
274,3,1.0,0.0018418716601170948,0.823,0.0013999999999999568,0.13240674318822326,0.003075690712748191,0.43494952299155976,0.43632209652148146,0.41574683852740624,0.9528438780476426,0.3044186421392917,0.16966462965983053,0.011995004225627326,0.631568625659636,0.6451604215379081,0.6224515144517643,0.9648011466171295,0.2686400539333725,0.27811975066031236,0.012217226313107865,1.0014486865535779,1.0299405421633132,0.9916788978019345,0.962850627977987,0.2777174251607877
275,3,1.0,0.0017037086855465845,0.8287,0.005700000000000038,0.15458749068001063,0.00359130017803547,0.4260596957159656,0.4279178569774627,0.39901931177264016,0.9324670734496958,0.36283058978445826,0.201616302192641,0.014269751012202922,0.5706720635240854,0.5940985210796526,0.5588415711761133,0.9406547085162459,0.35329625380221846,0.2866215620643094,0.01255483581720863,0.9612774732636195,1.0428002539868038,1.0026366370077726,0.9614848415835355,0.2981673554579456
276,3,1.0,0.001570841943568446,0.8303,0.0016000000000000458,0.12007614605680154,0.0027898186258393516,0.3905767694768149,0.39101247469316897,0.3721189091881224,0.9516804022176721,0.307432892687514,0.18311322913734776,0.012935156297341443,0.5297529447698851,0.5444565738796076,0.5127401884094206,0.9417467122415529,0.3456577843411305,0.24774859955654685,0.010893997615267199,0.9081928788548249,0.9660503341696112,0.9337418025681147,0.9665560577345403,0.2727929334448675
277,3,1.0,0.0014432860045182018,0.8221,-0.008199999999999985,0.12329253596117373,0.0028647795815493872,0.35906434377376056,0.3598850455570423,0.33810679522073,0.9394855368257851,0.3433717050971175,0.22026791274663404,0.015536832674461347,0.5589555278152671,0.6002501638004805,0.558374721634237,0.9302366834835839,0.39407055084967657,0.4747187121035633,0.02079024031950786,1.0186189527946363,1.0978856847466427,0.989947027425943,0.9016849761133295,0.4660415072791909
278,3,1.0,0.0013210548563419855,0.8269,0.0047999999999999154,0.13491521672482706,0.0031350864690015104,0.36017679678233544,0.3628853120614507,0.3368733319057235,0.928319005230715,0.374580533588231,0.23367017845916208,0.016521147846104565,0.6163881975215761,0.6485099354403506,0.6049490838938498,0.9328293227814279,0.379095802610631,0.3161617916264459,0.013761959462667494,0.9600915724853948,1.0349077865073903,0.9854321121367599,0.9521931567085787,0.3293037879793029
279,3,1.0,0.0012041619030626338,0.824,-0.0029000000000000137,0.11868679312044111,0.002758174977214744,0.33300686246783134,0.3347357464238205,0.31298797925333566,0.9350300426445963,0.3564094512674084,0.25216228730998896,0.017855474879819457,0.5127382997261699,0.5698941958077419,0.5110710028000448,0.8967822563549295,0.49179530268103105,0.5199848829203985,0.022717672016279857,0.8237936548872404,0.9516710452030096,0.7970532927196124,0.8375302545320014,0.6312076814813209
280,3,1.0,0.0010926199633097212,0.822,-0.0020000000000000018,0.10302933291582075,0.002394455440105746,0.31893514139752493,0.31997131532876183,0.3029300294340975,0.9467412074824431,0.32304164559716436,0.11958282400335861,0.008455361793559765,0.5165659535721141,0.5309171761788767,0.5172745895857687,0.9743037385015557,0.23149575223924335,0.1560755459258353,0.006882576700688788,0.9768281280222197,1.0396075051798563,1.0278249404922184,0.9886663335644162,0.15977789894506916
281,3,1.0,0.0009864412689139124,0.8264,0.0044000000000000705,0.10920781195637456,0.002538180799747993,0.29705807596307227,0.2981026292850015,0.2773785068664732,0.9304799073116696,0.3676311832368777,0.180151471407018,0.012747214732162787,0.5333383863303851,0.5703144910080848,0.5411137249566818,0.9487988355340788,0.33778080862797727,0.4320761476822716,0.019096948757991068,0.9570053128470243,1.0272579243944564,0.9319706519598203,0.9072411415168147,0.45148772100008
282,3,1.0,0.0008856374635655695,0.8292,0.0028000000000000247,0.10551075680786275,0.002452372530564092,0.28313372181000646,0.28468449117609074,0.2644101799047831,0.9287832252907412,0.3726534449282749,0.206900045171647,0.01463126088081662,0.5487714527461682,0.5974898120456885,0.5605233679301163,0.9381304193472247,0.37702406737135374,0.5825164386653793,0.025529909386729634,1.0709187751508882,1.1607270600994262,1.0039729782950473,0.8649518158119347,0.5439408218268514
283,3,1.0,0.0007902196015379061,0.8285,-0.0007000000000000339,0.07028384285166432,0.0016336784174488205,0.2512713395782107,0.2517988776019426,0.2417909400861843,0.9602542409598053,0.2797129309281522,0.09604489719167746,0.006796307648269407,0.43793102349571716,0.4621296931499671,0.45203895521875426,0.9781647055344305,0.21931512507383882,0.1803592648861972,0.007985559127879025,0.8157940651258653,0.8813086976008948,0.8626560571043058,0.9788352928464619,0.22108430619481198
284,3,1.0,0.0007001981464747508,0.8277,-0.0008000000000000229,0.07244339514909666,0.0016839387114566096,0.23901172253211864,0.24017283445801627,0.22898678572740908,0.9534250043063777,0.30309557364644174,0.19278701092661063,0.01362525398135096,0.5439899734744571,0.562270106513205,0.5281863970431258,0.9393819641569745,0.35439441961638085,0.3073642137394505,0.013559732840009766,1.012043368628508,1.0692213804088024,1.024090660987114,0.9577910428573424,0.3037065636386528
285,3,1.0,0.0006155829702431171,0.8263,-0.0013999999999999568,0.06342366471400303,0.0014743227758016704,0.21664748072045548,0.21751583265028002,0.2080638796332121,0.956545907937356,0.292750529584232,0.13003094538528792,0.009221169754114442,0.4534099439330921,0.47590404664254216,0.4577953764276065,0.9619489047368044,0.2867845029099672,0.27011314193629404,0.011959701818506559,0.8373288537529853,0.871232667724717,0.8283025416949542,0.9507248435232833,0.32258907683119004
286,3,1.0,0.0005363833518505834,0.8281,0.0017999999999999128,0.06187519513579565,0.0014383659829862445,0.2081951762940934,0.2091886770560904,0.19982834267880317,0.955254105963023,0.2971980246477549,0.09849651295736925,0.006979466414815227,0.4090564098006858,0.44322316440391135,0.432140273130022,0.9749947832965936,0.24078956006425134,0.22839306404227663,0.010091167812311745,0.8858576148367499,0.9439263395510756,0.9158785309518123,0.9702860197623019,0.25782141533474995
287,3,1.0,0.0004626079764278201,0.8296,0.0015000000000000568,0.0526732120241716,0.001224481317323498,0.17331443209817024,0.17461323493570496,0.1664791795406599,0.9534167304211497,0.3039170563380203,0.16941731023880138,0.012000517042713578,0.4936245893316716,0.5258666449412318,0.4978287681137525,0.9466825342561654,0.34321084058672796,0.36095324449400557,0.015915255576542494,0.8103338625287921,0.875592304045511,0.7977309269017777,0.911075763475776,0.44543769079029505
288,3,1.0,0.0003942649342761118,0.8292,-0.00039999999999995595,0.05637467162846975,0.0013105565934045777,0.16523943250470383,0.1663062439573283,0.15645978702832006,0.9407932216211035,0.34116960324748724,0.15952790014589216,0.011280821835677222,0.5927855530065033,0.6366550850261948,0.616344499423577,0.9680979763135291,0.2691157018533851,0.46335156444024733,0.02045366848854032,1.1503446539042472,1.2401455301858306,1.1503331582737661,0.9275791673428792,0.40279368697689094
289,3,1.0,0.00033136171998017776,0.8299,0.0006999999999999229,0.05019431512740382,0.0011668996898410982,0.1452559148654133,0.14649017440866588,0.13762232377840655,0.939464536334563,0.34555780516002604,0.08752111769799466,0.006186375173911072,0.40738105990810186,0.43399355956353813,0.4250770445182182,0.9794547295718232,0.2148384554690341,0.2878490988459539,0.012608794675031202,0.8517957318880562,0.9111273092043911,0.8644628112382434,0.9487837786281527,0.33793207463944336
290,3,1.0,0.0002739052315863355,0.8282,-0.0016999999999999238,0.04650150075143634,0.001081066021316785,0.13290979904568448,0.13416907270117795,0.12585288893061766,0.9380171331355763,0.3498726285445108,0.07877627287884263,0.005582637254030435,0.42623847298358336,0.47849608862210097,0.47196695139178607,0.9863548785756714,0.18481736837931265,0.28836286710834175,0.01272969181868641,0.9288507485521501,1.0121668940207122,0.9702210114381531,0.9585583337784007,0.3104512404795157
291,3,1.0,0.00022190176984600017,0.8279,-0.000300000000000078,0.034622177865292335,0.000804902802804818,0.11379798805658745,0.11496952124537899,0.10963254788718373,0.9535792329968515,0.3042424427405169,0.0792701549314037,0.005618191047550624,0.47881373479025807,0.5431769069704745,0.537361504958463,0.9892937237622151,0.16555530715117767,0.377274629952685,0.01672693394504883,1.0807102190006557,1.18960690332557,1.128196901433569,0.9483779038938593,0.3490987901470525
292,3,1.0,0.00017535703752478152,0.8308,0.0029000000000000137,0.035500953952927565,0.0008253396773226042,0.09640119924339352,0.09677411270640458,0.09002728583835565,0.9302827307906443,0.3682625758969537,0.10168158292780775,0.007197652288598277,0.38614540430929867,0.42331141853288573,0.4109177539615719,0.9707221113612577,0.2633245968825821,0.20696752013280786,0.00913197741816352,0.8834582715995186,0.9195802877768569,0.8959867389716023,0.9743431333632723,0.2342697179778385
293,3,1.0,0.00013427613877709522,0.8315,0.0007000000000000339,0.020348891158650493,0.00047308115859540773,0.0790368483645841,0.07953787160180431,0.0768908087234678,0.9667194655196625,0.25746081200991683,0.07059987590331467,0.004993461160754239,0.3755613906900356,0.4010306624111292,0.39476736315461936,0.9843819940878016,0.18798491445991927,0.32639592029201564,0.014355049926988663,0.8825060064997671,0.8983349378705286,0.8369418324799468,0.9316590028924935,0.36985121674874605
294,3,1.0,0.00010000000000000002,0.8314,-9.999999999998899e-05,0.018755512081192652,0.0004360390645886176,0.05966846735031896,0.06048951030134428,0.05750836612289271,0.9507163446422326,0.3143287051614272,0.1507846563192718,0.010691930784666497,0.2898234366342649,0.3007682514723544,0.26024131070138645,0.8652552569209817,0.5202638477769158,0.29498379292063215,0.013066610361928714,0.78247835417377,0.8265475736363929,0.7721175503052123,0.9341477428918993,0.376986521540407
295,3,1.0,0.00010000000000000002,0.8285,-0.0029000000000000137,0.02242748080523709,0.0005214085276061199,0.06269023940717124,0.0630648841176238,0.058942238272984025,0.9346285036066897,0.3577507602032155,0.3368022498517725,0.023912643812529926,0.49476119861972695,0.5521512398520236,0.43753308205877006,0.7924152849426341,0.6807369914847312,0.4776503089617776,0.021118621447412226,1.0384787400027802,1.10276728049923,0.9939546538908064,0.9013276613002489,0.4599519379284538
296,3,1.0,0.00010000000000000002,0.8305,0.0020000000000000018,0.02054258320915914,0.000477588700525027,0.057570701165958305,0.05841346251038739,0.054682130641179744,0.9361220563060421,0.35682357159314954,0.11978774865234453,0.008465503195198133,0.37526485439991897,0.43310838387455497,0.4162135981668033,0.9609917832653985,0.3192085463049704,0.3277990515619474,0.014428927456931438,0.8393089794747105,0.9380872383392083,0.8789513985935193,0.9369612576220703,0.39055825634929286
297,3,1.0,0.00010000000000000002,0.8297,-0.0008000000000000229,0.02403413832055231,0.0005587643310690595,0.06059681546803402,0.060811971643209714,0.055861048904686954,0.9185863802020703,0.3966237851761497,0.09162034183645518,0.006469570226906553,0.4131659283046942,0.4559153954202576,0.4466145812266923,0.9795996926469396,0.22175192957558848,0.3657958975303188,0.016060430645539973,0.8919673528004999,0.9416976647920934,0.8677487138713212,0.9214727256044556,0.41010009658070284
298,3,1.0,0.00010000000000000002,0.8299,0.00019999999999997797,0.015212107322632989,0.00035366378797978645,0.053735352009658455,0.05415963363333176,0.05197939457606432,0.9597442059518356,0.28309309893231455,0.05592191819664268,0.003956950044322917,0.36827097665562536,0.43032847365119803,0.4266794424159814,0.9915203583805278,0.151849919601283,0.1935014147946892,0.008465941758194638,0.7318239031017558,0.9034191371632568,0.8824530743897364,0.9767925407919141,0.26440980401781705
299,3,1.0,0.00010000000000000002,0.8311,0.0011999999999999789,0.022178484155824473,0.0005156255510829707,0.05853157696308028,0.05975327292377038,0.05548485169890818,0.9285659008116995,0.378914857698331,0.19370165059277852,0.01372125343025935,0.37091312055360054,0.4143674052168698,0.3663058839174991,0.8840123023812249,0.5222291686626566,0.4801397676232599,0.021131500184282902,0.9139432707147976,1.0222953668678345,0.9025262790512857,0.8828429711234005,0.5253496393137631
300,3,1.0,0.00010000000000000002,0.8303,-0.0007999999999999119,0.01300978495681593,0.0003024642013237546,0.05407080384434155,0.05451733510513449,0.05294228611097191,0.9711092079037766,0.24060646470632024,0.08583921601217863,0.006068071555151252,0.4388043769946816,0.46894936499784706,0.46102616490874904,0.9831043590620185,0.19562069230047588,0.20348384571493527,0.008985440820961834,0.8978872643197082,0.9458097650812132,0.9236613547097201,0.976582594947525,0.22662516086482917
