round,phase,gate,lr,acc,delta_acc,params_global_norm,params_global_relative,params_local_mean_norm,params_local_rms_norm,params_disagreement_rms,params_disagreement_relative,params_retained_ratio,bn_mean_global_norm,bn_mean_global_relative,bn_mean_local_mean_norm,bn_mean_local_rms_norm,bn_mean_disagreement_rms,bn_mean_disagreement_relative,bn_mean_retained_ratio,bn_var_global_norm,bn_var_global_relative,bn_var_local_mean_norm,bn_var_local_rms_norm,bn_var_disagreement_rms,bn_var_disagreement_relative,bn_var_retained_ratio
1,1,0.0,0.14999588770241343,0.1,nan,7.361869096604793,0.13140343816776673,14.687864487155078,14.697918620245416,12.72130868128933,0.8655176974355107,0.5012212022410024,32.632877048694496,nan,46.40153992503203,46.55088693039156,33.197595468084366,0.7131463578282702,0.7032714237807048,143.01647955626714,4.3345493422912815,177.39484034035428,197.96831839582995,136.88586690745132,0.6914534003049586,0.8062042801350483
2,1,0.0,0.14998355126061338,0.2229,0.12289999999999998,6.318991411306708,0.11345686817798199,12.215650335264177,12.234425266562289,10.47623539606102,0.8562915844272186,0.5172865330849414,13.84975680462207,0.4244111478113187,27.648904478858803,27.88811608945788,24.20601665751879,0.8679688717542675,0.5009152104095849,75.02043610785925,0.4390420455525032,101.47562977005343,103.98687856310465,72.00836988257093,0.6924755399679826,0.7392951024581728
3,1,0.0,0.14996299202742988,0.3347,0.11180000000000001,6.060217820074643,0.10870521964635041,11.829645358758963,11.848468269012649,10.181353481858622,0.8592970205681321,0.5122907438292312,16.25214224286403,0.45047542417177405,28.092744707833518,28.27829686037275,23.141519625862195,0.8183491297275092,0.5785174219140006,42.90813249529765,0.3420091258436263,63.00650112079654,64.1232606914483,47.65170152316315,0.7431266128598191,0.681011193004256
4,1,0.0,0.14993421225741435,0.3128,-0.021899999999999975,6.1561715495927665,0.1100760841860879,11.617600288433986,11.632902145297086,9.870459074274986,0.8484949800996465,0.5299004438740763,14.04109492723726,0.350737276312811,25.416304739372528,25.55766191704916,21.35513355283752,0.8355667909744047,0.5524443884041935,39.67270029932663,0.30952849181918723,59.595386266599604,62.47654533721736,48.263811242010455,0.7725108835884951,0.6657008668733355
5,1,0.0,0.149897215106593,0.2616,-0.05120000000000002,6.246587082828205,0.11124146079538061,11.903633036353726,12.040275738722485,10.293123338917736,0.854890997704831,0.5247630755880253,18.721290124708908,0.4575166133525494,29.959175589453388,30.80211526374925,24.45983613413914,0.7940959873923242,0.6248933676031931,91.56415997879655,0.7179640367777322,122.65738635698905,151.89053964639257,121.18885921233704,0.7978696994195273,0.746503432840995
6,1,0.0,0.14985200463212037,0.4375,0.1759,5.371549955924095,0.09538061902075091,10.842456689022308,10.866114683364206,9.44557559985344,0.8692689038442064,0.4954181612145745,13.382352775702108,0.3058958920457856,22.328431658873193,22.492614937863994,18.078450166614974,0.8037504850617333,0.5993413679990388,90.28593718745292,0.5056196753425048,95.73672124749721,95.81413983988428,32.07489960193853,0.33476165058246243,0.9430648554805526
7,1,0.0,0.14979858579183433,0.3511,-0.08639999999999998,5.272194874679094,0.09326004462524301,10.766447625890564,10.861724421390678,9.496368643068443,0.8742965918345936,0.48968750491116575,12.079325238353753,0.29134254027245493,21.444514315160514,21.75437956378715,18.09262073437555,0.8316771655714306,0.5632827613080562,27.4999802607737,0.22195588686630036,40.72844886418275,41.79214081402599,31.469574172038076,0.7530022046986518,0.675203230854137
8,1,0.0,0.1497369644437128,0.4971,0.14599999999999996,4.854190883587747,0.08560526530036612,10.48439550984355,10.521041507901442,9.334299329388374,0.8872029753307399,0.46299196544333554,11.192047655738632,0.27075375480393016,20.14423018426731,20.432016075295117,17.094014962043023,0.8366288915909694,0.5555956992826485,24.08106579084898,0.1958258337225979,37.003391999404954,37.821883289150115,29.16499857825674,0.7711143930958944,0.6507799552872403
9,1,0.0,0.14966714734523098,0.3836,-0.11349999999999999,4.567619962953214,0.08030451224526551,9.966520923434826,10.01175355624098,8.909099643806831,0.8898640576558348,0.45829633008777604,8.98612522207891,0.21282779424560985,17.39032842302419,17.503861305915862,15.021142226074009,0.8581616343701971,0.516731196990023,17.845676678188916,0.14766840544100654,29.231436117822327,29.615567327152156,23.635009210521925,0.7980603224457857,0.6104960634249665
10,1,0.0,0.1495891421526205,0.479,0.09539999999999998,3.960917074415561,0.06950854576123011,9.288079018491384,9.372228283948306,8.494103729576116,0.9063056801682752,0.42645169862679666,6.946152531615935,0.16657524426850817,14.681592739856121,14.850277340612037,13.125612510979986,0.8838631232215781,0.4731198211730267,15.324673456693912,0.12874928258248908,24.512002723421475,24.770355890969423,19.460856432561542,0.785651062835816,0.6251905904877787
11,1,0.0,0.14950295742002973,0.5396,0.06059999999999999,4.149821438320959,0.07273108085165324,9.590161146109232,9.66669703134803,8.730636460049984,0.903166451967771,0.4327165492943316,7.106540519995807,0.1732827335531144,14.748455472384217,14.96422993174605,13.169102467862848,0.880038767643171,0.481849813582342,12.534354769577819,0.10886787692177581,21.63266595411931,21.84510333355919,17.891295714154136,0.8190071450323112,0.579417941189584
12,1,0.0,0.14940860259858588,0.4563,-0.08329999999999999,3.8841198658023184,0.06803802007261935,9.170349720579175,9.197361633325574,8.33697026279369,0.9064523713611135,0.4235519891990562,6.379105578560207,0.15682888183644797,13.64100901661982,13.716205711295952,12.14254136403331,0.885269703561922,0.4676417683463214,11.114866454833875,0.09639367150541954,19.127997336659842,19.168106389693012,15.616531036932193,0.8147143342927939,0.5810784191992557
13,1,0.0,0.14930608803535828,0.5495,0.0932,3.6860508615600245,0.06453503370017133,8.927000927671097,9.017839557584523,8.230094721936604,0.9126459468903081,0.4129103258110283,5.963327910439345,0.14942830801341253,13.065748245897524,13.233397327497919,11.813615976096099,0.8927122554952968,0.45640921577619964,10.333932745574439,0.09012343450842644,18.95328707487567,19.192203508174767,16.172522599014,0.8426610624530654,0.5452316901416545
14,1,0.0,0.14919542497222413,0.531,-0.01849999999999996,3.478566508421851,0.06091682828708432,8.855399604643429,8.882678558338307,8.173221714062,0.9201303030817963,0.392818694099115,4.850007220474947,0.12093832373822856,11.536722495039376,11.600018680312022,10.53745060487253,0.9083994513523568,0.42039732017133813,9.532354491496719,0.08287740812918738,16.862322546475596,16.954318294423455,14.020811089231001,0.8269758090977134,0.5653049551877467
15,1,0.0,0.14907662554463533,0.5453,0.01429999999999998,3.45856415386187,0.06059043086119411,8.749431366770317,8.781080078034346,8.071288680394572,0.91916809876096,0.39529016331246813,5.008504732179977,0.12811284957594485,11.385446269599475,11.44944291356834,10.29585469084816,0.8992450347646955,0.4399041208910092,9.214565334693042,0.08151673228188908,16.520556132476944,16.705269364741387,13.934051891497706,0.834111176974333,0.5577636285850319
16,1,0.0,0.14894970278028788,0.611,0.06569999999999998,3.3044341103266315,0.05789176446015393,8.49833932047496,8.597827118200199,7.937464728941924,0.9231942698800729,0.3888329220233997,4.211816088350536,0.10816989345046969,10.25231361814886,10.346550798593688,9.450487866954274,0.9133950096914223,0.4108161577202136,8.908930815262176,0.07753032122363454,14.990222580673247,15.011409269811477,12.08194352860639,0.8048507179738044,0.5943161128740261
17,1,0.0,0.14881467059769313,0.4937,-0.11729999999999996,3.913049629217983,0.06859285754666161,9.261610962046797,9.290970352685074,8.426753365716186,0.9069831294080999,0.4225020512363658,4.622635890496526,0.12181767152296627,10.565272924652321,10.613778996534709,9.554242076461605,0.9001734518479204,0.43753113842524294,6.551159968927703,0.05744915878190383,14.163034843007177,14.192618191169313,12.59018306300228,0.8870937619413962,0.46255340338742845
18,1,0.0,0.14867154380465167,0.4727,-0.02100000000000002,4.610993327388905,0.08077792905843371,9.6923593334242,9.794721948209565,8.641488175854093,0.8822596722547822,0.4757348720540981,6.4573667886628625,0.16951313947913485,12.467844297680188,12.720738938518243,10.959909307613053,0.8615780388689984,0.5179216739067188,11.986204977216172,0.10320469460196481,18.702130126101462,19.619830798499358,15.53282231331015,0.7916899219384804,0.6409005229028821
19,1,0.0,0.14852033809662912,0.5921,0.11939999999999995,3.4458775192817943,0.06036941886464311,8.36019021852554,8.408210392585094,7.669676004231136,0.9121650917530268,0.41217692770267284,4.661727464236774,0.12056376661762133,9.899513196712562,9.976794780020125,8.820699030772177,0.8841215265284212,0.47090471739406786,9.413202665407859,0.0768081605078715,14.64131260946802,14.663460940513414,11.243163396743778,0.7667469120936002,0.6429206804395853
20,1,0.0,0.14836107005503543,0.5541,-0.03799999999999992,3.4970590021537697,0.061303776054200954,8.703607537079996,8.737787878711213,8.007466210105623,0.9164180134900105,0.40179419709071695,4.098694602427855,0.10842314752653343,9.669529010178454,9.711683829846907,8.804402656151707,0.9065783864475846,0.42387737790676655,6.373475305087263,0.05352515801472209,12.34061742510207,12.365430414954139,10.59635261665322,0.856933585088839,0.516463243737138
21,1,0.0,0.14819375714540606,0.6159,0.061799999999999966,3.4383844385432902,0.06031565486671374,8.682498390003905,8.713015949200756,8.005882803808642,0.9188417478500107,0.39601325380052776,4.16549295934449,0.11129227623616675,9.428610354050646,9.475504497606467,8.510808068312059,0.8981904942857563,0.44179288388505134,5.015479279458145,0.0420558446150537,12.242194155565837,12.32783681381072,11.261461241795459,0.9134985652291719,0.4096879379402661
22,1,0.0,0.14801841771548704,0.531,-0.08489999999999998,3.4203350961271,0.060093267235833026,8.387112092649623,8.425393528025726,7.699906734428365,0.9138928299094701,0.407808439704132,3.8004738492379055,0.10131366541938983,8.764235126975283,8.796894733517775,7.933584046766621,0.9018618827548565,0.4336344009690583,6.266085642387504,0.052139218915986024,11.97390514147188,12.021123989372022,10.258830595559383,0.8534002814237089,0.5233117824430378
23,1,0.0,0.1478350709932227,0.5876,0.056599999999999984,3.5545268200307585,0.062494934207997746,8.824403041443164,8.87534816037406,8.132474648835618,0.9162992258878178,0.40280649051694295,3.897814548769173,0.10498014729201265,9.138294833470603,9.220268708819772,8.35586004417907,0.9062490810258229,0.4265363089941841,5.435407626969624,0.045499769398755927,12.862576709598198,12.95061168293366,11.75477169675418,0.9076615054595946,0.4225753322748826
24,1,0.0,0.14764373708464731,0.617,0.02939999999999998,3.1273169222462216,0.05500354795572186,7.708588378854353,7.733985470786117,7.073501276904931,0.9145997627774116,0.40569255595808607,3.580843405460431,0.0972270716964741,7.746312132164644,7.776445437291775,6.902946165700546,0.8876737091985005,0.46226428064935116,6.085225915675934,0.050173943432441394,10.426146116821993,10.448373371428126,8.493440733439018,0.812895982131054,0.5836505500203731
25,1,0.0,0.1474444369716801,0.6458,0.028800000000000048,3.5506949119378857,0.06256925481121171,8.77379719668596,8.894654825001078,8.155209998831529,0.9168663831573183,0.4046930687295866,3.65671618365369,0.1015229567546945,8.562703229661608,8.684422171747421,7.877030837715515,0.9070299303667491,0.4270516080700605,5.234939516868431,0.04357184914734862,11.834772697184823,12.050029062670673,10.85350609470737,0.9007037276225361,0.4423354508628361
26,1,0.0,0.14723719250982437,0.6862,0.04039999999999999,2.8598743033622176,0.05046558477860516,7.661143495398497,7.667840294662506,7.114555068582225,0.9278434076847667,0.3732960105864014,3.080161000287818,0.08502391850836556,7.198099632208997,7.204196801062777,6.512531071554392,0.9039912777776491,0.4279130822953835,5.913784653193612,0.04844792865754947,10.302819622624556,10.382017110965464,8.533079679705637,0.8219096143362176,0.573996718355351
27,1,0.0,0.1470220264257707,0.6383,-0.047900000000000054,2.891966078985175,0.051141714962280475,7.894402956449072,7.901633669510872,7.353390171608248,0.9306164369504918,0.36633119628415706,3.036940889436764,0.08607187556639052,7.405366600504575,7.4137395473708665,6.763174162976502,0.9122486863427682,0.4101000062886607,4.1639492404168195,0.0350080605618526,9.343154491398572,9.400258687091931,8.427716437351318,0.8965409057225128,0.44566845643515846
28,1,0.0,0.14679896231490505,0.6379,-0.00039999999999995595,3.17891609984435,0.056363688183735355,8.027908475206992,8.059846477368586,7.406457832731572,0.9189328672113448,0.39598310190779606,3.147136924451527,0.09080358303739916,7.183566478162685,7.212277583500947,6.489412655695326,0.8997730024341726,0.43810229000016976,3.937600047408838,0.032988134027263624,9.16141391715195,9.231847658283481,8.34998958136383,0.9044765349731065,0.42980265743008117
29,1,0.0,0.14656802463872076,0.5659,-0.07200000000000006,3.4368317976386105,0.0610505849641089,8.45891529978026,8.533563468865776,7.810882953113714,0.9153131609803196,0.4062969867694372,3.2217376065810988,0.09257250325181277,7.657212047962783,7.70725133898036,7.001580523551319,0.9084406639420173,0.42074551238766444,4.363530808553167,0.03679080868936306,10.25089162232588,10.370656027812428,9.407980522428431,0.9071731332326272,0.4256732945112439
30,1,0.0,0.14632923872213652,0.614,0.04810000000000003,3.6792773684200233,0.0654188195364436,8.720142367530084,8.785028428682388,7.977445843839464,0.9080728546983146,0.4219285893909266,3.5399801476448167,0.10156363644907253,7.9098993263828214,7.981333660675084,7.153336786200256,0.896258331041282,0.4475379523273454,4.0921857490568145,0.03430783191445757,9.825353654021354,9.864988544117896,8.976191211553715,0.9099038657177017,0.4164924635951349
31,1,0.0,0.14608263075071892,0.5585,-0.055499999999999994,3.900572457336122,0.06938800592482698,8.77050872883955,8.825292814968645,7.9165224355438975,0.8970266031418952,0.44473730976517906,3.7117920777020244,0.1064969869236354,7.853034842014477,7.935775805036303,7.014209606936076,0.8838719463930205,0.4726570239881767,4.559383560033665,0.03829134554727184,10.757058088133839,10.877632483963726,9.875974838753299,0.907915840447164,0.42385041734255785
32,1,0.0,0.1458282277678111,0.6067,0.04820000000000002,4.125003320281265,0.07346048495124205,9.019877889367748,9.081406248690714,8.090505963441057,0.8908869113313241,0.457323632412324,3.4463204711658686,0.09865759644399578,7.784369864280215,7.840261082759617,7.04219909925038,0.8982097694088096,0.44272311455546876,4.52588081423348,0.03729494393285188,10.143188936913198,10.291248758090736,9.242630467444231,0.8981058260959724,0.4461990053012665
33,1,0.0,0.1455660576715669,0.6315,0.024799999999999933,3.282713413377204,0.05851673842632289,7.920150515416435,7.981105037899223,7.274739194779125,0.9114952328323163,0.4144761399404543,2.9469309496510454,0.08425203083676473,6.638498401437315,6.6664343214583255,5.979711168021211,0.896987936830541,0.4439152909960782,5.038547192071087,0.04180024150074268,8.878231995577558,8.896000379588997,7.331566485934164,0.8241418809688594,0.567516955468262
34,1,0.0,0.14529614921189185,0.6581,0.026600000000000068,3.288922868765015,0.058738252822051404,8.189891631390651,8.242430039708408,7.557819750163666,0.9169407218203138,0.4015831975308509,3.017290248930429,0.08728538160341624,6.899426608750812,6.94233894263907,6.25236188008605,0.9006131696746671,0.43732478364267,4.230940070382232,0.035178703384486455,8.637350336732878,8.702346224516223,7.604604992879238,0.8738568653423106,0.48984235968627005
35,1,0.0,0.14501853198729012,0.6537,-0.0044000000000000705,2.81508151759911,0.05037746917133392,7.635414527740936,7.664297742268547,7.128588644641642,0.9301033029193956,0.36868745074303105,2.445777201385119,0.07087314343194961,6.25754941837355,6.288952957306407,5.793885058269382,0.9212797579505086,0.3908522390895988,4.082921278152847,0.03427577200090978,8.256972152252299,8.263862776774447,7.184788013474402,0.8694224731885941,0.4944816577877311
36,1,0.0,0.14473323644161884,0.6676,0.013900000000000023,2.936588099017173,0.052669072335893914,7.885636279202617,7.945589089375632,7.383009979170139,0.9291960477848344,0.37239710215421146,2.4578030757885956,0.07266131732392889,6.387432578897463,6.458005572931947,5.9720214271407235,0.9247470228535919,0.3847873218902669,4.1491366253147355,0.034962295962324946,9.257391121497689,9.538286368468798,8.588572089848721,0.9004313519292526,0.4481971832949277
37,1,0.0,0.1444402938607496,0.6921,0.024500000000000077,2.9066128284058013,0.05223115489147318,7.772616769599105,7.806021002989165,7.24469225827141,0.9280902851141696,0.3739555048917867,2.509337648691161,0.07389742679327709,6.509461638881585,6.550996324394579,6.0513450474565875,0.9237289639321897,0.38549081136029245,3.861882430338515,0.03293791455355487,9.060141210187277,9.208083277379657,8.359107262286345,0.9078010059727756,0.4262496953133789
38,1,0.0,0.14413973636913754,0.676,-0.016100000000000003,2.797217993921038,0.05035501813319138,7.588728661385696,7.622655629596432,7.090870926957614,0.9302362944779952,0.3686016615871819,2.398413146262462,0.07073509292916992,6.263796522145511,6.282061541558714,5.8061960616703425,0.9242501085447343,0.38290087134582457,3.3084322104700514,0.028647112154257096,8.339827595614283,8.42162133896383,7.744545963525474,0.9196027287161713,0.3967027102826295
39,1,0.0,0.14383159692629857,0.7003,0.02429999999999999,2.6891844624367978,0.04852543560052413,7.475010978688191,7.499569286648388,7.000844700346635,0.9334995694766577,0.3597565903386445,2.3421888224352108,0.07004956058607699,6.096847925787037,6.115703348740473,5.649422942084341,0.9237568632637876,0.38416389107045995,3.579537799121997,0.031273900766077,8.286681525488772,8.334763456819699,7.526964852238101,0.9030808002210743,0.4319627571195776
40,1,0.0,0.14351590932319505,0.6219,-0.07840000000000003,2.9217852407960545,0.05282845593116039,7.7367502166880575,7.790117486723157,7.2214334806181295,0.92699930301767,0.37765019665412053,2.4469750791901563,0.07325125150564218,6.303974634121731,6.3297191268443145,5.837607177404881,0.922253746244065,0.38816385236471823,3.63881035137359,0.032166577544976614,8.295996685701711,8.34370248565521,7.508424110164433,0.8998911601981473,0.43862244516624993
41,1,0.0,0.14319270817853014,0.6435,0.021599999999999953,3.387791922629566,0.06133004740558984,8.126773681902414,8.221887413168695,7.491481726790003,0.9111632585470791,0.4168680038640513,2.9963777733800487,0.0905897660157515,6.619976070069991,6.732526006865856,6.028982208762643,0.8955007678565613,0.45262667744784896,4.179846604072669,0.03691184948567675,8.50535719000689,8.749442931208385,7.686456917724222,0.8785081493939918,0.49143692742071454
42,1,0.0,0.14286202893495145,0.5799,-0.06359999999999999,3.5176538234699377,0.0637400888769253,8.43829930586128,8.527757490854862,7.768446387765572,0.9109600497078425,0.4168676288866122,2.8331551382619224,0.08473142514278238,6.7413608871844986,6.779844802667509,6.159507066794546,0.9085026643045143,0.42026457056287014,3.523807989492089,0.03046867960279985,8.523307128616143,8.647219788517003,7.896656847543208,0.9132018198530703,0.41343200899815746
43,1,0.0,0.14252390785516453,0.6229,0.04300000000000004,3.4629119846120706,0.06283859893128173,8.204913703775764,8.235982926070765,7.472593621303486,0.9073104799245282,0.4220534315941064,2.7739126529928755,0.08295741206176366,6.422605506771082,6.441697460154419,5.8138519983977845,0.9025341587927379,0.43189833939955624,4.652926969592694,0.040381077609910304,8.356997592063031,8.430674874276523,7.030403262991565,0.8339075302788115,0.5567701699485664
44,1,0.0,0.14217838201795596,0.551,-0.07189999999999996,3.5235163597938355,0.06403902213442206,8.16291454180997,8.29383421546672,7.50816343872506,0.905270498983871,0.43164930145312574,2.726472836222077,0.08173112423893608,6.286643950918753,6.342639713628633,5.726728890138914,0.9028936134956095,0.4336928983903439,4.005158162021988,0.03575955532109193,7.584795070562219,7.6659524148324785,6.536474881404799,0.8526631170782761,0.5280509393808984
45,1,0.0,0.14182548931412756,0.6086,0.057599999999999985,3.679826008295295,0.0669525191603304,8.449851591628144,8.506351492010506,7.669217445820151,0.901587179065358,0.43549001640941887,2.852627001438437,0.08619538800182845,6.526142903574387,6.586204348021723,5.9363799265946025,0.9013355208721536,0.43710765203686314,3.47162171705117,0.030579228996636433,7.979534005349569,8.050176425968298,7.263139308502156,0.9022335566550674,0.4350657212217851
46,1,0.0,0.14146526844234109,0.6139,0.005299999999999971,3.352465973569938,0.06105096006779166,7.770030046743521,7.834828759918107,7.081349684033245,0.9038295412735048,0.431461133792524,2.638626492111879,0.07958880792270781,5.979647087049615,6.029062981858526,5.421000921878194,0.8991448485759739,0.441267929979759,4.176841480148309,0.03711846294433205,7.937530598914059,8.043623416358919,6.8741455035013415,0.8546080724665549,0.5262142209215227
47,1,0.0,0.1410977589048744,0.6977,0.08379999999999999,3.304350946588594,0.06027783133483418,7.933733102626355,8.028696896395289,7.317187887971846,0.9113792664482209,0.4164938376228882,2.740997852010648,0.08322984937532364,6.153678937219228,6.2225932646385935,5.5863760749111195,0.897756905735277,0.4454242543322014,3.470146400332895,0.030792541489585264,8.711527001905848,8.945466439298187,8.244965555726194,0.9216920785153658,0.3983396251396248
48,1,0.0,0.14072300100328974,0.6148,-0.08289999999999997,3.0099465645390078,0.05498149746189909,7.38119753133953,7.402207876505292,6.7626106883324635,0.9135937278655847,0.40778566780785863,2.424653192212781,0.07421615532340728,5.648115209601622,5.671065939962366,5.1266017734378275,0.9039926228528121,0.4292853637423941,4.549356214080812,0.040568586588642694,8.218298929343305,8.30748209070568,6.951089668181492,0.8367264102751778,0.553564217266107
49,1,0.0,0.14034103583401422,0.6593,0.044499999999999984,2.8519410602889415,0.05220336644235725,7.520184352545366,7.545591114486874,6.985869845466053,0.9258214153764301,0.37923818441015233,2.19402030758685,0.06809183874847277,5.666310578960659,5.7014225838927635,5.262365855236766,0.9229917231716189,0.387204385819121,3.0645671839957,0.02819478920716542,7.321332794001659,7.428063105054205,6.766428469760741,0.9109277040412763,0.41858050579349276
50,1,0.0,0.13995190528383292,0.722,0.06269999999999998,2.9491227519071934,0.054094073522794855,7.549003567732486,7.624925229870341,7.031511920359889,0.9221745405206363,0.39066384396914905,2.2312079843173804,0.06897589562655919,5.651347568848153,5.7189222223240845,5.265717663903203,0.9207535020057143,0.39480990279494366,3.1247270295768024,0.028889113209993798,7.088006336099425,7.1843290575525,6.469209909278567,0.9004612480100468,0.4408470988044234
51,1,0.0,0.13955565202529577,0.7237,0.0017000000000000348,2.747489710314934,0.05050818262757781,7.393044052420031,7.412621699209449,6.884639498889191,0.9287725420580188,0.37163172447424736,2.256381258704204,0.0702615145392862,5.72263982051381,5.7565947006813705,5.295953825127726,0.9199803183122964,0.3942902802681742,2.8505014106249793,0.02676571473861581,7.243460595476925,7.363825219351851,6.789739534796817,0.9220397459941935,0.3935275650432797
52,1,0.0,0.139152319512038,0.7179,-0.005800000000000027,2.524432162888654,0.04652296868733615,6.996964732453474,7.016321549781454,6.546450233947752,0.9330316730070135,0.36078960798241244,2.2516103133987464,0.07095552653084249,5.234190272672863,5.241236149357828,4.732949211972567,0.9030215539043136,0.4301735695689472,3.7566284664927,0.035546884334005324,6.690014333996125,6.720183809333144,5.572129414687125,0.8291632450511882,0.5615277156287893
53,1,0.0,0.13874195197401476,0.6787,-0.03920000000000001,2.8272285661631864,0.052253347852900416,7.450762638326846,7.492421585115468,6.938527217154173,0.9260727173893061,0.3794549233953416,2.071144722257241,0.06657668686324034,5.5621025466392595,5.58311672281899,5.184742148271034,0.928646561709924,0.37236723071721695,3.0852216470284453,0.029852139268940505,7.331760001861366,7.449091554700229,6.780146582388064,0.9101977781585898,0.420802323895651
54,1,0.0,0.13832459441265113,0.5959,-0.08279999999999998,3.215245746146966,0.059563681457819144,7.8686411685158975,7.974589795574282,7.297689846736354,0.9151178974480176,0.40861511883549173,2.4368195348455313,0.07726500231597232,5.907520358955914,5.954265195658713,5.4327878778635785,0.9124195344581988,0.41249447937174966,2.6494918438528026,0.02592176649347118,7.216990662974897,7.286300535686239,6.787515508373273,0.9315448182695653,0.3671186464803686
55,1,0.0,0.13790029259590678,0.6942,0.09830000000000005,3.180061157456144,0.059009319988524225,7.846796226253939,7.900299406947787,7.232008137734822,0.915409374406083,0.40526873207389325,2.401390276931541,0.07587971050040435,5.8960303511313406,5.929681899916022,5.421665100952874,0.9143264668260969,0.40728933433505105,3.196630669871936,0.031277795242203976,6.974766456278039,7.0817203112999945,6.3192017047712055,0.892325794720801,0.45831364962688104
56,1,0.0,0.1374690930532574,0.7064,0.012199999999999989,2.96132737134334,0.05501081797264438,7.329372233728647,7.355753854521306,6.73332421204896,0.9153819370818449,0.4040356086317687,2.3326344937032313,0.07408322847790388,5.333010882077448,5.3599243934794085,4.825723410476499,0.9003342316446125,0.43739541232561013,2.835151798928471,0.027322416326064188,6.849490787757562,6.946611296657043,6.3417138371365835,0.9129219365114675,0.4139215434811417
57,1,0.0,0.13703104307059213,0.7261,0.01969999999999994,2.6027368284006025,0.048433144747497436,6.979443319752231,7.024219994333811,6.524218543902881,0.9288175127153957,0.37291467372973797,2.0965896532448114,0.06720943550739908,5.0517914880291945,5.096348542683242,4.64511375050127,0.91145919703043,0.41501903992136724,3.268311000080251,0.03183904417496707,6.9220549009633485,6.982772553062218,6.1706777738600165,0.8837002389765558,0.47215906935748186
58,1,0.0,0.13658619068502784,0.72,-0.006099999999999994,2.461271730225055,0.0459167452512282,6.841059811683567,6.874304435577626,6.418582651144224,0.9337064878775464,0.3597793029117432,1.940076670723092,0.06368411285001796,4.954757162582683,4.974531022136016,4.58061805754239,0.9208140500399404,0.3915583765384419,2.882730512222781,0.02851473856906587,6.235762173488588,6.362995077815222,5.67252904724761,0.8914872599894125,0.462290002732744
59,1,0.0,0.13613458467964154,0.7046,-0.01539999999999997,2.71487378479809,0.05078436888661502,7.307398821251232,7.309462136079354,6.786582139327682,0.9284653252158258,0.3715239651218636,2.1602317961657964,0.07159026519789256,5.4534629361821905,5.463799293882955,5.018615360114261,0.9185211773303781,0.3961211108327641,4.974508076859945,0.05034583822584083,7.292424363582678,7.459372340224509,5.558465109982423,0.7451652574049048,0.6821473667525337
60,1,0.0,0.13567627457812106,0.6715,-0.03310000000000002,2.9404129794094658,0.055135323639186676,7.540021441537239,7.562044312467185,6.9669566992788345,0.9213059870322027,0.3899740872368106,2.2448058015993437,0.07355057989060806,5.31042640277474,5.319227382139228,4.822346641273818,0.90658779834571,0.42271667684282654,2.4895144610283,0.026055723033296316,6.32576069781919,6.401418280173632,5.8974961048973515,0.9212796050467409,0.3935517924170862
61,1,0.0,0.1352113106393336,0.6726,0.0010999999999999899,3.2510068007879953,0.06102448818775356,7.647189944041408,7.763618574568344,7.050158021743631,0.908102060144759,0.4251243691574757,2.186634998630463,0.07235233481982734,5.237843242947243,5.270349549672922,4.795332297890263,0.9098698772622893,0.417468583385875,3.0843247078003757,0.03200531442473561,7.029058771171494,7.137732885447364,6.436939173849966,0.9018184453180927,0.4387962610940481
62,1,0.0,0.13473974385181473,0.7331,0.0605,2.9822157728843104,0.05605825140237076,7.509961872075867,7.617045556574789,7.008977966118096,0.9201701518075038,0.3971013200443827,2.307340279563536,0.0766429531197261,5.398864781293648,5.446343161244735,4.9334403787679,0.9058262090191883,0.42737508217619463,2.711097785503889,0.028634232733593723,6.732878258076602,6.792828742395788,6.22836003515484,0.9169022613925252,0.40266549929841966
63,1,0.0,0.13426162592817678,0.7333,0.00019999999999997797,2.6113101450056417,0.04917886225611477,7.02443180187937,7.0546768123902375,6.553588660244888,0.9289707855552956,0.37174681435543183,2.066320210609925,0.06857623754876682,4.9722873950262265,4.987963223740617,4.539834553276133,0.9101579842586692,0.4155673327887006,3.0711184192817167,0.03247211612695102,6.144886803376602,6.201657835165099,5.387837705714616,0.8687737777411872,0.4997843764337764
64,1,0.0,0.13377700929943795,0.7593,0.026000000000000023,2.4151257492937637,0.04557774154480216,6.5975866776193355,6.6306817900381665,6.175201125195638,0.9313071145222449,0.36606199619725716,1.9708995104163924,0.06545082948029161,4.814187173661469,4.8389701187261425,4.419410286066851,0.9132956347393729,0.4093940346148629,2.6614105152708607,0.028713732799573354,6.354159915323832,6.412068185175086,5.833653434066995,0.909792794710854,0.41884537857672494
65,1,0.0,0.1332859471092728,0.7197,-0.03959999999999997,2.470576794913231,0.04674647738952719,6.541542863042139,6.5581016636416045,6.074944276091392,0.9263266395779044,0.3776749379525263,1.8259614892749252,0.061494632241948774,4.565964899370145,4.5889553016152265,4.210032830564231,0.9174272909309833,0.3999070359754208,3.0360138318664065,0.032880708288968864,5.998162994066598,6.07089134267893,5.257218992399421,0.8659715181262895,0.5061572742970875
66,1,0.0,0.1327884932081842,0.7032,-0.01649999999999996,2.9169501709097814,0.055339938637501467,7.1699424624857055,7.266855325169193,6.655718462041278,0.915900780216278,0.4068303457345348,1.9872429158870633,0.06837287796632202,4.89280134841405,4.9646061079833235,4.549525186434466,0.9163919729943152,0.4061564683248804,2.491199322793752,0.027632545972115532,5.4480763798509955,5.5142716298176095,4.9194635478688244,0.8921329738759244,0.4572621874405304
67,1,0.0,0.13228470214759816,0.7505,0.0472999999999999,2.493062381007483,0.04743750616612074,6.503021306908015,6.509522112753457,6.013195356191594,0.9237537336896883,0.38336986199924616,1.8083063521327527,0.06230129171830195,4.4575719104587535,4.464315734301048,4.081683880455415,0.9142910410870526,0.40567070783310144,2.509283071639182,0.028141940712230067,5.135549043774412,5.19253170987309,4.545975195655573,0.8754833768298125,0.48861047772118343
68,1,0.0,0.13177462917388172,0.6673,-0.08319999999999994,2.5600983458637288,0.04886348503377929,6.399623907359856,6.412117374621256,5.878872858801669,0.9168379983295168,0.400038874615663,1.9386794952991084,0.06760663147266104,4.328419956419052,4.333962785166452,3.876177980055962,0.8943726958899328,0.44789542484759237,2.7344742863863876,0.03122994114130942,5.255205639862118,5.34705376566117,4.5949586051173705,0.8593440063435005,0.5203363053283168
69,1,0.0,0.13125833022228447,0.7375,0.07020000000000004,2.8316502710933693,0.0542649566034777,6.828818110089461,6.906208418963641,6.2990056129028416,0.9120787023465016,0.41466183832157644,2.019820654736257,0.07140286055672755,4.63231857806972,4.679921419379519,4.221609810308231,0.9020685246608152,0.43602801074573616,2.903086380862946,0.03385222150012862,5.769501405903946,5.888843693240337,5.1235315657018825,0.8700403394274265,0.5031780350884758
70,1,0.0,0.13073586191080458,0.7584,0.02089999999999992,2.441983286951496,0.04694872566577921,6.397858685830178,6.415747342766756,5.932835061459639,0.924730159168197,0.38168759375069367,1.7910205167210647,0.06389960693308767,4.291174739581033,4.302273052305499,3.9117514034470853,0.9092289949729849,0.4173730098196678,2.3820741577165414,0.027979391354865504,5.9210231070059365,6.007885207755994,5.515470212795209,0.9180385480193443,0.4023078638044831
71,1,0.0,0.13020728153398006,0.7539,-0.0044999999999999485,2.2132975385747606,0.042689666318528656,6.097327081547894,6.1190943237107405,5.704790067321111,0.9322932064007821,0.3629947203050297,1.562095702508853,0.05615935270161222,4.013999720778998,4.022258353432749,3.706537451250515,0.9215065581471699,0.3891618861910874,3.8570344002841686,0.046098139315081124,6.119801450476189,6.263998232873331,4.935682376099967,0.7879444074868364,0.6302548263202311
72,1,0.0,0.12967264705660586,0.7738,0.01990000000000003,2.2775603515082135,0.04409104089002893,6.093549911540188,6.102398325517689,5.661447202702428,0.9277413404871676,0.37376576619072016,1.6531558790982004,0.06026004638621024,4.0759178812416605,4.081666955868647,3.731900497744128,0.9143079379316771,0.4055910661758951,2.1292207062658814,0.026503500529322117,4.426211744528405,4.484987021772642,3.947344955479825,0.8801240530501424,0.4810480901411872
73,1,0.0,0.12913201710737712,0.7768,0.0030000000000000027,2.2456026926493355,0.04362425971445903,6.0457595770404655,6.0658519351871485,5.634876096268798,0.9289504848579767,0.3714343357577921,1.7004881263849723,0.06272564036980109,3.993960360092958,4.0251548302994795,3.6483162937410483,0.9063791201963792,0.42576489826388614,1.9951118314704195,0.02524599866656372,4.386488948760308,4.427219881366119,3.952190569015889,0.8927025706697792,0.45483115420461057
74,1,0.0,0.12858545097246024,0.776,-0.0008000000000000229,2.2255504135233313,0.04337939882740299,6.1053580733717006,6.120181296351584,5.701188015593807,0.9315390736860115,0.36452414203681016,1.5543210748243554,0.05763675902577951,3.9092744072933208,3.913317861973644,3.591398452112157,0.9177374746402199,0.3975983553174326,2.529166407424212,0.03243125550128355,4.469274910812195,4.615698244118782,3.8610881177616605,0.8365122487548599,0.5659008357945451
75,1,0.0,0.12803300858899105,0.769,-0.007000000000000006,2.141156299196389,0.04187680284354236,5.988117709273896,6.000088466950918,5.605043413772374,0.9341601285790216,0.3575675033709416,1.4201289695160582,0.05316637020659268,3.771505091545348,3.7780043768142924,3.5009357221598263,0.9266626962226822,0.3765417081630321,1.919763514268699,0.025282174648472672,4.341800613745418,4.40413332045412,3.9636983693241774,0.8999950911829961,0.4421583773771295
76,1,0.0,0.1274747505385024,0.7789,0.00990000000000002,2.0513470552425197,0.040251301281567384,5.830414088253378,5.833251378994941,5.460659049152635,0.9361261317857857,0.3518355684848181,1.3656909718767405,0.05171426200856216,3.65107055107588,3.653410077121479,3.3885533810538377,0.9275042520613175,0.3740521999703088,2.625511689135342,0.03516667052375336,4.563824336415201,4.723822540928773,3.92698333807156,0.8313147464890706,0.5752876306360276
77,1,0.0,0.1269107380402805,0.7473,-0.03160000000000007,2.3820622019074036,0.04689494465908142,6.234280890331579,6.269027836697315,5.798835215395944,0.9249975221757699,0.3820909329898208,1.585884499204906,0.06133546753241608,3.953148248646604,3.9778554462955933,3.6480548389009777,0.917090851629175,0.4011700041221191,1.8004002758176145,0.02480824781652535,4.939567131955107,5.027865014943327,4.694463550959663,0.9336892571712325,0.3644854352055352
78,1,0.0,0.12634103294465168,0.7594,0.0121,2.0544515224319575,0.040563228440676856,5.594792807912242,5.603954848249063,5.213783582895611,0.930375730012286,0.3672077935623497,1.444864463559773,0.05540451166697046,3.5697920651541892,3.572057909053571,3.266797409076602,0.9145421189272239,0.4047475139136333,1.9358932186715487,0.02689105493769045,3.977680032047679,4.048854187989031,3.556056397601085,0.8782870986438988,0.48668902553103693
79,1,0.0,0.12576569772619958,0.7713,0.011900000000000022,2.4390826922791424,0.04832779538573669,6.421137539310937,6.454196031763242,5.975577145018586,0.9258437635936042,0.3798521176889297,1.6923687735313553,0.06617339730122421,3.9873952803704675,4.013226121380895,3.6389382536995996,0.9067364119636229,0.42442964756032864,2.47803809375812,0.03499409442032053,4.178732022711597,4.213404951705428,3.4076556117813177,0.8087652743660508,0.5930119663787654
80,1,0.0,0.12518479547691433,0.7769,0.005600000000000049,2.234247276040054,0.04436468059575812,5.870388804939848,5.875129204445274,5.433717191904153,0.9248676927467164,0.38059613260368147,1.4994535355987193,0.05886264595356785,3.5907148991199396,3.592553577883869,3.2646715904027355,0.9087328886339765,0.4175919218666526,2.303729650031781,0.033368727039827,4.076616363113493,4.171847709271052,3.478095878713674,0.8337063385569754,0.5651082772655901
81,1,0.0,0.12459838989927387,0.7795,0.0025999999999999357,2.1889922269364774,0.04358162722784451,6.014312606980355,6.057113592115178,5.647737439404174,0.9324139878697489,0.3639638259567487,1.4632272023926631,0.057796300509517465,3.667435171613363,3.7090426744736282,3.408220065948377,0.9188948106217347,0.3989783415173407,1.7095042541654,0.025150665573447972,4.077550094990842,4.146009110456487,3.77716708196573,0.9110368504592731,0.41924788521065104
82,1,0.0,0.12400654529925792,0.7796,9.999999999998899e-05,2.3626193917698934,0.047161620068083,6.257202130719561,6.273816256958077,5.811953210170335,0.9263824396713077,0.3775839971943177,1.4484706289402878,0.0577908677672828,3.6894124902832175,3.69704264039763,3.401478641782233,0.920053938413973,0.39260197463826985,1.7497050007188255,0.02612384380093313,3.6857327099941184,3.7347213086737714,3.2994967342153885,0.8834653141460415,0.47472378991954023
83,1,0.0,0.12340932657929628,0.748,-0.03159999999999996,2.333104542151148,0.046678644853811145,6.214941470856681,6.22733484147416,5.7737615551188455,0.9271641403743849,0.3754024962409739,1.6146127495610987,0.06501259014630949,3.8325997245827472,3.8434054656637002,3.4878061110788923,0.9074780535747089,0.42128394969210636,1.484583787908658,0.022528314502771502,3.8354922291292763,3.8813455601515896,3.5862031620111803,0.9239587422540955,0.38706473621136356
84,1,0.0,0.1228067992311517,0.7781,0.030100000000000016,2.434847982007916,0.04879701728491264,6.248939089316021,6.261833198804635,5.769061471342212,0.921305516800337,0.3896418171479445,1.5419742351978076,0.062382676536982075,3.674451373921041,3.687264644896826,3.349363498490074,0.9083599418679081,0.41964747340018616,1.799780874702207,0.02732968855087066,4.577930782390281,4.693071199891133,4.334248382858077,0.9235420044252942,0.3931428761713355
85,1,0.0,0.12219902932873782,0.7908,0.012699999999999934,2.1531507136884582,0.043213135265657183,5.876103558675286,5.899116450998713,5.492132291138599,0.9310093022843765,0.3664249093278176,1.4493409529537475,0.058344880226736194,3.4889204862745857,3.4998963864645276,3.1857002122548543,0.9102270068837486,0.41541243449240395,2.3174238823296824,0.03541337093059494,4.09529204819777,4.193265573136744,3.494713751018051,0.833411022999875,0.5658751207620272
86,1,0.0,0.12158608352087329,0.7732,-0.01759999999999995,2.127417142276864,0.04278694440909837,5.826010585706461,5.8467771565140305,5.44599849569575,0.9314530637837353,0.365158475251705,1.4139148265892372,0.05771078785504157,3.358772100727401,3.3719034867488973,3.061139998109814,0.9078373714252678,0.42096182300758933,1.5660815594928266,0.024577140045080933,3.5449770963985063,3.5846853236407545,3.2244935458701347,0.8995192756822531,0.4417748033080032
87,1,0.0,0.12096802902397322,0.7763,0.0030999999999999917,2.3908953051067305,0.04817951542655028,6.356838639679952,6.402542093339735,5.939374118243237,0.9276587379912256,0.37611388940762935,1.5899528546465274,0.06564708358299556,3.8130586897148175,3.8465625504741046,3.502583757706699,0.9105750164585238,0.416975710060587,1.5957502475154566,0.025377662749783036,3.953014951202906,4.069274488395654,3.743337650343365,0.9199029608393922,0.4036792846001932
88,1,0.0,0.12034493361467813,0.792,0.015700000000000047,2.181393205571658,0.044018720669359204,6.065027925385275,6.067985456604976,5.66232914403986,0.9331481073140079,0.35966746277315564,1.5162009905361384,0.06257345144121342,3.6214665484142747,3.626108303876531,3.293902864414325,0.9083851303870163,0.41867043924512704,1.8218587002478166,0.029080685111334735,3.9371655842397537,4.016988604398582,3.580087882460558,0.8912367534576473,0.4627335734978005
89,1,0.0,0.1197168656224212,0.7789,-0.0131,2.484233343989638,0.05023363231445281,6.259285042849154,6.276287438979835,5.763711361560609,0.9183313252615242,0.39688771592655314,1.6740684985907621,0.06930377022494441,3.7330929692507895,3.746864999312964,3.352087718231677,0.8946379757067109,0.4484400770031554,1.5478627979038404,0.025227079333849677,3.634792934543479,3.6926466621133813,3.3525753325432732,0.9079058028867896,0.4258462107135817
90,1,0.0,0.1190838939219355,0.7917,0.012799999999999923,2.4053560442396456,0.0486765514189165,6.185807972133426,6.2048329029782785,5.719634042390039,0.9218030738014964,0.3888507459454907,1.4913772837230101,0.061787215222076655,3.623936269667511,3.6334552608385144,3.3132749135588027,0.9118799257746133,0.41153518515375026,1.6107977478986502,0.026194583960892418,3.723235735127076,3.807270212738783,3.449729973003545,0.9060901328886664,0.43263383317405574
91,2,0.0012179748700879012,0.1184460879257009,0.7836,-0.008099999999999996,2.3790352263190533,0.0481801588686189,6.271999089109467,6.287390960647658,5.819920653092338,0.9256495563133924,0.3793105184676999,1.4524924454201191,0.06006273539522719,3.6753351203914617,3.691518417431616,3.3937551878133876,0.9193385496298302,0.3952000015893553,1.8183541487627217,0.02986304006590631,3.583356034989552,3.617985128548927,3.127843488496794,0.8645263530287879,0.5074444545859992
92,2,0.004865965629214819,0.11780351757633237,0.7964,0.012800000000000034,2.1958974778366285,0.04451486101961052,5.960622749642859,5.969801669813192,5.5512670955790515,0.9298913770702809,0.3684006806114679,1.3262189854395203,0.05553193674294509,3.4910634987351306,3.4994407956949116,3.2383992241587634,0.9254047755694889,0.379889677148534,1.6820441418190526,0.028144614033892724,3.7635660285433157,3.84482777192044,3.4573734635601925,0.8992271354285606,0.4469282932894593
93,2,0.010926199633097156,0.11715625333890979,0.7879,-0.008499999999999952,2.247025895044127,0.04563430349758579,5.947850007449576,5.95208995583317,5.51164671551898,0.9260019180519027,0.37778792206087364,1.4114443347463026,0.059632703481099225,3.476785817003603,3.4782479673487616,3.1789988434740986,0.9139655577509729,0.40596240580696086,1.528186666931482,0.025849999033217223,3.417105443654134,3.4523014203314575,3.0956478215767653,0.8966910604461502,0.44721671371583205
94,2,0.019369152030840553,0.11650436619325079,0.7784,-0.009500000000000064,2.246467213442419,0.045673965972858936,6.051385293684546,6.074106382690015,5.643416821088511,0.9290941688428633,0.3712318922721574,1.497850968133396,0.06276610892118953,3.632543163612032,3.6365237136632556,3.3137211093070813,0.9112331914285804,0.41234223536218156,1.8114072756486685,0.03102568274962029,3.403750404904729,3.429708590811751,2.9123369567775232,0.8491499728518408,0.5321798193658591
95,2,0.030153689607045786,0.11584792762612703,0.7968,0.018399999999999972,2.1295307059459794,0.04333909745461104,5.945633911823346,5.961888147694375,5.5685913181206095,0.9340314981041931,0.35816714206221906,1.3088815827547227,0.055724586057192535,3.425112589295297,3.442854514294681,3.18434863262706,0.9249152467540209,0.3821426445499766,1.2010975355584237,0.021016199070711953,3.4403145737194656,3.48332032962943,3.269692072467459,0.9386710847851603,0.3491243343656995
96,2,0.04322727117869957,0.11518700962342475,0.8018,0.0050000000000000044,2.1542195358766754,0.04388947047254214,5.97367390780888,6.0173036466370915,5.6184767856380695,0.9337200041048426,0.3606188702501229,1.231272084342703,0.05257356674276524,3.399426980048264,3.427779828371401,3.1990066933415315,0.9332590929159638,0.36219989179624085,1.8283352464220537,0.031979780085695395,3.3257807469322462,3.371266046497523,2.8324247679848216,0.8401664920297481,0.549746175573522
97,2,0.058526203570536506,0.1145216846622508,0.7853,-0.01649999999999996,2.2521016678636028,0.04593299721347952,6.0020423796348386,6.0269579844263585,5.5903721367469705,0.9275611595754402,0.37522255349363587,1.3938050016540557,0.059752625038897465,3.4660096564167424,3.480458480530789,3.189184644305178,0.9163116474869741,0.40213534866345707,1.2081530700605716,0.02154544358245508,3.599510856356068,3.7054012211704728,3.502907960874228,0.9453518665834842,0.33564368000924283
98,2,0.07597595192178702,0.11385202570298478,0.804,0.01870000000000005,2.2143766686472874,0.04521303066646493,6.060081061802018,6.089282081041656,5.672379769227627,0.9315350633678129,0.36540380335916217,1.4545634643923602,0.061956070421433466,3.4918865619708908,3.502808293986269,3.1865202381246154,0.9097044344662918,0.4165551883138424,1.6933442561384873,0.030191835271328963,3.5238267256201254,3.6156448396431666,3.194601017540002,0.883549452234164,0.4805412944475842
99,2,0.09549150281252627,0.11317810618127785,0.7993,-0.0047000000000000375,2.1305267184499437,0.04355172795000196,5.836181405609233,5.8509806147151515,5.449296295810702,0.9313475218334824,0.3650549169705838,1.3103183236252285,0.056124905762232974,3.3657876163236176,3.3819093123139203,3.117751836528937,0.9218910232680824,0.38930511160905124,1.362143791969487,0.024746578662577963,3.795944583476182,3.860358794995507,3.6120541858941446,0.9356783598915055,0.35884185398778595
100,2,0.11697777844051102,0.11250000000000002,0.8084,0.009099999999999997,2.0870062106786347,0.0427321710865126,5.808839166212587,5.818086303431422,5.430886975757967,0.9334490230155076,0.3592811146877356,1.3239719498483944,0.05725937823494772,3.3742279665835095,3.3825949161392295,3.112723410308152,0.9202176102898247,0.3923777418005782,1.6750563404126264,0.03085307631901039,3.3053935653706,3.352639202246122,2.904200387697439,0.8662430439135089,0.5067645674516884
101,2,0.14033009983067443,0.11181778152113554,0.8094,0.0010000000000000009,2.0869051237059097,0.04278314201907995,5.765828140608447,5.785869312311034,5.396397937133068,0.9326857635119311,0.3619436918363797,1.3776219008800823,0.060459979342788905,3.294833302073166,3.3097474805918354,3.009416188162952,0.9092585479133958,0.41811581181155927,1.3825261424826565,0.025940099671175783,3.098701649430696,3.12483830040193,2.8023623511086186,0.896802356380542,0.44616303823140213
102,2,0.16543469682057088,0.11113152555762863,0.7972,-0.012199999999999989,2.1741252818570054,0.04462156665432287,5.940198895840413,5.963857670973332,5.553447356737686,0.9311837510420222,0.3660021019463545,1.3056905611040555,0.05664602209492091,3.3661967601554283,3.383243214011121,3.1211386849198135,0.9225286175094222,0.38788301877034886,1.3755280528171132,0.02585101304519552,2.9736030486374965,3.0034478579941806,2.669947824510342,0.8889609378114648,0.46257958117421877
103,2,0.19216926233717088,0.11044130736517907,0.8091,0.011900000000000022,2.1084199587077372,0.04330699719373798,5.894558120949001,5.903981511439463,5.514667988102469,0.9340591560826087,0.3576892305488524,1.2313625874665517,0.05341786111209753,3.4222292449257985,3.470127000674041,3.2443069810650744,0.9349245662867374,0.35981300472267175,1.3181449599045671,0.024862909660673328,3.58404003508726,3.683713711161731,3.439802535020505,0.9337866090401733,0.36778187380724237
104,2,0.22040354826462666,0.10974720263398964,0.8145,0.00539999999999996,2.1377704107269326,0.04396307434517644,5.8284508148081215,5.84318714678661,5.4380854791210025,0.9306711119310309,0.36678192518937985,1.2296709235639203,0.05353860473259345,3.3139275395453525,3.32232663789054,3.086383612586077,0.9289825923154048,0.3710614999544083,1.3085523676391428,0.024901049378562412,3.295568008804896,3.3344643643023417,3.0669763303554536,0.9197808089327553,0.3970642888094049
105,2,0.24999999999999997,0.10904928748046602,0.8047,-0.009800000000000031,2.267754103071904,0.04667385214051519,5.967481995748201,5.992268097796528,5.546581664374214,0.9256230819201494,0.38001859154123413,1.3872932774269375,0.06078054425500337,3.2800454894297357,3.2960873090520026,2.9899178970896263,0.9071112554811436,0.42294940173775775,1.8583729812678649,0.03551247285478632,3.347358856490697,3.3595497147114415,2.7987551119502636,0.8330744741459063,0.555175904628327
106,2,0.2808144266054613,0.10834763843886955,0.8098,0.005099999999999993,2.0945608837182808,0.043126837007928555,5.766280925115854,5.779611647383432,5.3867175093051864,0.9320206681609623,0.36324294825719017,1.3083560167350088,0.0576606021235289,3.300578832239244,3.3126295883544588,3.043307354428739,0.918698355266607,0.39640198984351116,1.0985836285967872,0.02147802972578231,3.2051064473474904,3.3191118307452876,3.132030903711602,0.9436352444347506,0.3427604189264798
107,2,0.31269670329204396,0.10764233245292455,0.8073,-0.0024999999999999467,2.274573937207808,0.046875275180944254,5.987814719719303,6.00112383647647,5.553359415784561,0.9253865720999999,0.37986712075727613,1.392175457954161,0.06208662444182609,3.327285991824459,3.3467981493643375,3.0435021004707954,0.9093772509252918,0.4184117209566305,2.071520516839242,0.04059757118032661,3.950002563476172,4.191595516859515,3.6439371651057173,0.8693437022844891,0.5244352335346879
108,2,0.3454915028125263,0.10693344686738046,0.8042,-0.0030999999999999917,2.109150738524109,0.04351659016062047,5.679315229658132,5.695007555190749,5.290046713112278,0.9288919570072621,0.3713741275549992,1.2842138741395204,0.05665975030562128,3.2007078378045035,3.211880502041861,2.9439719690071944,0.9165882625881158,0.4012280842916344,1.5300286913352465,0.030374702303553595,3.113103035652616,3.1589848609847,2.76372901774324,0.874878842211908,0.49148026063149514
109,2,0.37903905220016615,0.1062210594195301,0.7873,-0.016900000000000026,2.0913464086771687,0.043198174271074474,5.526479997139311,5.549954045732523,5.140842347383823,0.9262855701186797,0.3784228676770239,1.4783474660897367,0.06483038475517004,3.214329789134114,3.2350621382189004,2.877519130453045,0.889478782017243,0.45992401622484996,1.6414614426296934,0.03295007235782583,2.9233456595471314,2.9492735582582035,2.4502696276092397,0.8308044605588679,0.5615009765502652
110,2,0.41317591116653485,0.105505248230685,0.8049,0.01759999999999995,2.1426031944994297,0.04431542712462659,5.808562521363937,5.840696428223053,5.433505895705021,0.9302839074891084,0.368869782604374,1.3179126560068541,0.05921107834449835,3.3267495746117968,3.3427760542112055,3.0720120379333444,0.919000252518635,0.39615625596364384,1.2832671793472332,0.026059941851352877,2.831698584596306,2.8474450849297277,2.541883016960627,0.8926890391718857,0.45317929892957837
111,2,0.44773576836617324,0.10478609179760855,0.7996,-0.005299999999999971,2.3120943162350347,0.04785485265894228,5.944911669152937,5.963905256885579,5.497489039209326,0.9217934897376587,0.3889198771837218,1.322910411854343,0.059492031888769836,3.236293737294781,3.2439254623304525,2.9619184129617784,0.9130661130647315,0.4087732817973947,1.4001237107136295,0.028558224130174937,2.921072032349041,2.9383106829821997,2.5832776213948345,0.8791710272015794,0.4793184472029917
112,2,0.48255025164874954,0.10406366898390772,0.8142,0.014600000000000057,2.241863075551917,0.04642490475437013,5.77873287285594,5.783391187885224,5.331197192637669,0.921811618727298,0.38795063292897175,1.334770402386615,0.06024440174887419,3.210547587669696,3.216610089386508,2.9265967396196366,0.9098388235727431,0.4157454035295668,1.4250538098473389,0.029161773225248263,2.808072724779082,2.8295679986840643,2.4445196007552905,0.8639197226898783,0.5074846521147173
113,2,0.5174497483512503,0.10333805901138504,0.8051,-0.009099999999999997,2.0924676920455414,0.04335072596902004,5.610159911499661,5.637406417914976,5.234685289946153,0.9285626938854319,0.3729782617704743,1.2676225540376214,0.057473263873662916,3.0986021105213966,3.113299627587186,2.8435484130557938,0.9133552029039846,0.40909497535465134,1.2912155414083024,0.026581522860598245,3.0548609801619637,3.1253079795338574,2.8461051431019304,0.9106638967230454,0.42267571250978636
114,2,0.5522642316338268,0.10260934145135084,0.8016,-0.0035000000000000586,1.9630941530242139,0.04071025868479857,5.479650988142901,5.488387611982632,5.125296090578779,0.9338436810455722,0.3582516764794034,1.0984166884543143,0.050097336898190035,2.9905981812253217,2.9945392605314254,2.7858115564112085,0.9302972223903403,0.36728996070086084,1.3943570809069137,0.029191811658987786,3.0511749598027325,3.0883513026796092,2.755663982976388,0.892276724019523,0.4569902084530292
115,2,0.5868240888334652,0.10187759621589751,0.8085,0.006900000000000017,2.0051920388644313,0.04164747819898912,5.620278476318572,5.633005267804078,5.264024431460141,0.9344966285664815,0.35677805776234134,1.2098275118329773,0.054648240107781756,3.1623450767389207,3.1711245770177956,2.9312707981415755,0.924363179985258,0.3825728952643517,1.006379736478942,0.02150613805425642,3.0035971874999015,3.0565247015013206,2.8860948192675635,0.944240633111833,0.33505815648889337
116,2,0.6209609477998338,0.10114290354913615,0.816,0.007499999999999951,2.1730553235147454,0.04518598660399937,5.926256499197173,5.962882818152935,5.552819282708037,0.9312306567225281,0.36668263073141166,1.2636600773096747,0.057484551055634915,3.2234626170767178,3.243518461379308,2.987235440313492,0.9209861068720936,0.3920194608788912,1.202759552885084,0.02579287663863036,2.972947861272712,3.0036318427077684,2.752303629950607,0.9163252269523853,0.4045679941289605
117,2,0.6545084971874737,0.10040534401839686,0.8155,-0.0004999999999999449,1.951932592468089,0.040602498622171954,5.442984867845099,5.450932229160701,5.0894617989727085,0.9336864934305651,0.35861437058171863,1.1668867165696923,0.05351460613897477,3.1467436610802126,3.1593024795958087,2.9359100306809904,0.9292905790573752,0.37082356945755285,1.055174026963548,0.022864796488507467,2.8089236767183947,2.851500207090145,2.649087143158329,0.9290152378637309,0.37565065783356744
118,2,0.687303296707956,0.09966499850539376,0.8104,-0.005099999999999993,2.0308436157742755,0.04229725698705597,5.535477275435335,5.5504723799298645,5.165599471335945,0.9306594318015896,0.36687778031110435,1.1675765937452427,0.05348693732331087,3.0047475208213017,3.007828575120168,2.771966379736144,0.9215838969896744,0.38857727168574335,1.1039753765928755,0.024123944278539946,2.950992723064827,2.977541173703422,2.7653191910411374,0.9287257605246393,0.37410304944646366
119,2,0.7191855733945386,0.09892194819735524,0.7872,-0.0232,2.072103847192018,0.043207364521703755,5.489119136452386,5.4927865212387506,5.086952863757372,0.9261151592343602,0.3774929630205143,1.2400914659297313,0.05689629722257141,2.9158798354612765,2.917407531538505,2.6407271198440525,0.9051622343798694,0.42528894738680323,1.2780751420960017,0.02807756856256475,2.6758828566157407,2.6840422725240694,2.360213594299453,0.8793503807523537,0.47762746374944715
120,2,0.7499999999999999,0.09817627457812106,0.8175,0.030299999999999994,2.2122347213593487,0.04617654638116469,5.806888717642588,5.831490400205093,5.39558131470507,0.9252491120478066,0.3809673008952453,1.3095523644391642,0.06017886975786356,3.1897825191284266,3.2145010914914294,2.935658333211725,0.9132547321207068,0.41054597189183456,1.071380342133985,0.023822355517858378,2.6833306740389364,2.706096215469079,2.484975149304882,0.9182878033307964,0.3992725728884351
121,2,0.7795964517353733,0.0974280594192065,0.8235,0.006000000000000005,1.9527208881505742,0.04077933046802657,5.412020092727754,5.420628443532737,5.056688037654475,0.9328601084413979,0.3608118326786123,1.1623376575356243,0.05362856392932544,3.0363968167969175,3.0453917106043535,2.814850272444911,0.9242982643721415,0.3828016322193914,1.0688860417109118,0.023767599246285014,2.6919575738870383,2.733285113223902,2.515617448893602,0.9203640837623552,0.39706645159622606
122,2,0.8078307376628293,0.09667738477083535,0.8212,-0.0022999999999999687,2.117431368689191,0.04426223920358777,5.720530169350785,5.746175328194127,5.341817601799822,0.9296301098906107,0.37014600150767063,1.2678235479003435,0.059110217708008575,3.104546488425327,3.119585723195672,2.850340059983929,0.9136918529887582,0.40837640944568454,1.1435250112708863,0.02568274912970023,2.5205810570458445,2.559189623664351,2.2894989749390744,0.8946187315580302,0.4536751587791084
123,2,0.8345653031794288,0.09592433295294221,0.8059,-0.015300000000000091,1.9519412019204236,0.04084307360213326,5.367537664859853,5.37460799604528,5.00762785288155,0.9317196447752543,0.3636567312232152,1.1496448810349353,0.05341068749295017,2.9499697339944713,2.952668964575124,2.719663722084438,0.921086567682939,0.38971412749995693,0.9241010541542944,0.021000056059320496,2.5976196775656306,2.651547174111975,2.4853046976380258,0.9373035946344703,0.35574917380527366
124,2,0.8596699001693258,0.09516898654614492,0.8124,0.006500000000000061,2.1430743132246244,0.044888173277390434,5.567592503363855,5.575396478777188,5.147065022673907,0.9231747091469226,0.38491939054983126,1.3134856339731913,0.061542512989464504,2.9935085521489886,2.9987256332957113,2.695757933186907,0.8989678492940911,0.4387779794483174,1.108275481636859,0.02532124163349741,2.5619242407902183,2.5820554011064734,2.3321099251838797,0.903199026707372,0.43259494718509495
125,2,0.8830222215594892,0.09441142838268907,0.8179,0.005499999999999949,2.0209884863348004,0.04235549011472759,5.461303399067597,5.4720346848523675,5.085151821820585,0.9292981705502071,0.37005607245329786,1.269996931575893,0.05923145312352004,3.0094672198095918,3.013470843176452,2.7327850929061626,0.906856324524971,0.422000586421488,0.8762813841017782,0.02024927839392875,2.530830014950998,2.565694962989547,2.411414904743725,0.9398681213194359,0.346242686756955
126,2,0.9045084971874735,0.0936517415373641,0.8308,0.012900000000000023,1.9028340006095346,0.03991480729187743,5.268127432409361,5.270047246080298,4.9145315892137225,0.9325403283374741,0.3611974131269789,1.1036703120076112,0.05171823954815856,2.7936940213617185,2.7964221910233924,2.5694141553723293,0.9188219731699432,0.3950576919191937,1.0082433804238728,0.023407153738929147,2.371362167065117,2.402628230486036,2.1808412501972643,0.9076898466959635,0.42517477693915945
127,2,0.9240240480782128,0.09289000931839356,0.8305,-0.00029999999999996696,1.972136286145033,0.04140767982174278,5.337079199136705,5.343524625435393,4.966279677271679,0.9294014766268667,0.369516024132457,1.177660921978414,0.055439358783428774,2.906864895444249,2.9116398889337587,2.6628483824751745,0.9145527895107621,0.4051309449655158,1.2195719648230416,0.028530443158448885,2.4186428986662176,2.4611921943057604,2.1377821731995974,0.8685961942125415,0.504238126883297
128,2,0.9414737964294633,0.09212631525829919,0.8247,-0.005800000000000027,1.8898157356873673,0.039722568777716766,5.317733232327029,5.337462394293246,4.991703249674621,0.9352203127485624,0.3553799435065658,1.2569532911073593,0.059308834493522276,2.924034357856447,2.9356658465953887,2.652961137184504,0.9036999698931169,0.42986953546907275,1.3268898770983248,0.03128980540946938,2.6925863517628166,2.7423885174442932,2.4000122485769633,0.8751539883246011,0.4927938063080576
129,2,0.9567727288213004,0.09136074310474071,0.815,-0.009700000000000042,1.9377554080874015,0.040773784846514005,5.305024991321122,5.313379327671497,4.94743407023927,0.9311275866327811,0.3652679132063501,1.1762671269345173,0.0562512438091076,2.8699482887505856,2.878248037236138,2.6269197214547066,0.9126801052133188,0.40985655788474085,0.9439982082977251,0.022802646748041295,2.5632069893639353,2.6164745364228743,2.4402474336955313,0.9326471172281031,0.3682879346907446
130,2,0.9698463103929543,0.09059337681133195,0.8159,0.0009000000000000119,2.078058043649146,0.04377336731143702,5.501897374029215,5.531553916923082,5.126379183782342,0.9267520954823997,0.3776984378985822,1.2107694595515965,0.05760837343213479,2.9520549999643086,2.96396104174861,2.7053839252100014,0.9127596102322386,0.4101446143673594,0.8966048880811387,0.02182201568782765,2.566652376156866,2.5950133281554413,2.4351988598055483,0.9384147793709058,0.34932852473916043
131,2,0.9806308479691594,0.08982430052843446,0.828,0.0121,1.9215425771069183,0.040513880938579,5.122745704227029,5.128104841333696,4.754485608589068,0.9271428248242565,0.3751001295108909,1.133448838864583,0.05400095100630968,2.7174726721330176,2.727926116437319,2.481305025033954,0.9095939256135525,0.4170966834322968,1.1926804575255854,0.029066409893369845,2.304621334290558,2.310327701085734,1.9786679272753465,0.8564447053746858,0.5175168865182503
132,2,0.9890738003669028,0.08905359859392936,0.8259,-0.0020999999999999908,1.7805403079550852,0.03758457241211194,5.009920814320204,5.019186988564483,4.692751252123681,0.9349624277428715,0.3554028843860452,1.0502844810822647,0.05017437529209887,2.6890484613497616,2.693832889140078,2.480652771968529,0.9208636445003833,0.3905784875870466,0.8864896054387583,0.021829579327589204,2.1975326135016933,2.206744447639409,2.020855654485107,0.9157633348287563,0.40340225214048925
133,2,0.9951340343707853,0.08828135552396875,0.8256,-0.00029999999999996696,1.817509717761594,0.03841700354134983,5.099314315104474,5.108901632986973,4.774676361968887,0.9345798187109197,0.3564223747451734,1.0416312615722243,0.050134485951018326,2.726224701684922,2.7322163069351277,2.525868226310265,0.9244759354883091,0.3820782861106248,1.0623389881416723,0.026423312119624842,2.454382711460636,2.5038883252085062,2.2673536297209096,0.9055330490955903,0.4328334709909442
134,2,0.998782025129912,0.08750765600370768,0.8148,-0.010800000000000032,1.935991315353383,0.040974499682639165,5.142893273733753,5.160803893612802,4.783914139378942,0.9269707274286644,0.37644011110264564,1.2276320068904918,0.05918847208427505,2.7858687798328425,2.7919937676084334,2.5076182297480183,0.8981460699663361,0.44066397375835914,0.9755827867729158,0.024527461152212254,2.279179380023098,2.3189868818640136,2.1037915500375104,0.9072028679810693,0.42804124823340095
135,2,1.0,0.0867325848780173,0.8252,0.010400000000000076,1.7838839060213276,0.03779974238719835,4.945512614613023,4.953687321077968,4.6213392382184715,0.9329089501783139,0.36070758383070334,1.0455995196929158,0.05119121471739676,2.692146225701727,2.6989053637118436,2.4881341732199425,0.9219049347465728,0.388388828849879,1.0806196499704013,0.027436991343162936,2.5342235827451547,2.565330091420821,2.3266243870269414,0.906949321963603,0.4264105414092305
136,3,1.0,0.08595622714218087,0.8268,0.0015999999999999348,1.8622407443351123,0.03951768421317087,5.108439254084261,5.146099551895725,4.797332600064362,0.9322269325895796,0.36454201600737984,1.1484660779367655,0.05598401271695736,2.8118376147538133,2.83461623462647,2.591539080154173,0.9142468911653827,0.4084396879502296,0.7836701605615429,0.02018131099385871,2.3864210316684824,2.4470191465167748,2.318137987479276,0.9473313646846795,0.3283872167408928
137,3,1.0,0.08517866793257281,0.8178,-0.009000000000000008,1.8691912531214039,0.039709444633500846,4.950458721376313,4.957274049050865,4.5913712658119525,0.9261887118568785,0.37757940391466116,1.0550338326534914,0.0513221115365511,2.6325931723190727,2.6339817763334543,2.413454746939368,0.9162761749623555,0.4007584019235693,1.2636346183190181,0.032576488945450774,2.345790416965474,2.3671151537122643,2.0016151121661574,0.8455926231671045,0.5386818060045031
138,3,1.0,0.0843999925173228,0.8282,0.010400000000000076,1.9860852905236883,0.0422450940759856,5.187798370493601,5.207342268566583,4.813717759871077,0.9244097106749508,0.38283779528129946,1.2209003462278958,0.06010239617013672,2.7687279922294774,2.7830898508991875,2.500998106574817,0.8986408059253892,0.4409607406918958,1.6600987580959028,0.04371005763869324,2.5917478029826713,2.6909384134579573,2.1178346262067644,0.7870245619948125,0.6405325225646589
139,3,1.0,0.083620286286965,0.8411,0.012899999999999912,1.8188639787481748,0.03872037390403111,4.987817547168434,5.00187070333182,4.659446785021562,0.9315408296975443,0.36466128954150245,1.01481969675464,0.050251137857029206,2.6402096981732157,2.6462509304140354,2.4439281740290975,0.9235436239021814,0.3843708692748165,0.9929341590888,0.026304455456620128,2.384688291331405,2.442175602655728,2.231211223902567,0.9136162123134187,0.416379013851924
140,3,1.0,0.08283963474507404,0.8199,-0.021199999999999997,1.7209820720760578,0.0366746580880775,4.768900997886423,4.781498201235138,4.461047616345389,0.9329811344889827,0.3608760326202614,1.0282248838671968,0.0509590089871996,2.5878929777775745,2.59209695194609,2.379436981135492,0.9179583268862928,0.3973212542777614,0.977020840279877,0.025990987324240884,2.3801546537229576,2.444233665905997,2.2404705571386647,0.916635176247847,0.4104862844738488
141,3,1.0,0.0820581234988886,0.831,0.011099999999999999,1.7567675158287523,0.03749568651431334,4.811974493847407,4.822663813926329,4.491308737768253,0.9312921055784092,0.3650824662672166,1.0100706286804848,0.05067277420069348,2.4286129894936535,2.4407439752120568,2.2219335083206966,0.9103509138551291,0.4159043178349616,0.7749464122332589,0.020893811886260265,1.9657828352544693,1.9809362826906614,1.8230652416305049,0.9203048364353629,0.39421771232067077
142,3,1.0,0.08127583824992367,0.8409,0.00990000000000002,1.7530622973498364,0.03746306980911948,4.8550413783962965,4.867308532899411,4.540645872882331,0.9328863872489115,0.36108081491344635,1.059095435967492,0.05308203450047918,2.6565952369968793,2.6632106940667106,2.443564659151534,0.9175258512574617,0.39866646646733267,1.0036327942690706,0.027140315752493913,2.3066051453370884,2.3356104976191467,2.1089805057766235,0.9029675572731227,0.4351125272992484
143,3,1.0,0.08049286478457239,0.8052,-0.035699999999999954,1.8317993818673701,0.03918663542553949,4.906620977205218,4.919814512575892,4.566079926109134,0.9281000156484454,0.3733321547308005,1.041278207617417,0.05265192084562785,2.5534627535378895,2.5596521761309865,2.3382811941734687,0.9135152095969037,0.407790638878401,0.8125707329872365,0.02225302443988172,2.1839043118003367,2.1869256477817522,2.0303628110165692,0.928409620636171,0.37207249813861154
144,3,1.0,0.07970928896469852,0.8338,0.02859999999999996,1.8823513641184637,0.040315575452805834,5.034387268408754,5.04841848915805,4.684365762843193,0.9278877678035816,0.37389880113720947,1.0319467765738244,0.05203333864861897,2.589712034748124,2.6022407223963064,2.3888789586484487,0.9180084448331203,0.3984793531973495,0.912154949779309,0.0251969295370309,2.233777891177737,2.297272365702868,2.1084197960539766,0.9177926951682499,0.4083463057727662
145,3,1.0,0.07892519671822079,0.8125,-0.021299999999999986,1.7569799580941843,0.03765945080012734,4.807685745280946,4.814568995851062,4.482532333113915,0.931035018290676,0.3654523301192832,1.094576170460595,0.05526588440978062,2.6214343240479656,2.6283351893353855,2.3895708959034567,0.9091575935973737,0.4175485765252256,0.8034980349717296,0.022432755214333883,2.219878985753301,2.2512672666452644,2.1029968087685447,0.9341391135235286,0.36195578233246256
146,3,1.0,0.07814067402968998,0.8162,0.0037000000000000366,1.9499439395404956,0.041841776960332255,5.015310138600933,5.023654702121659,4.629775925815438,0.9215951733028401,0.38879827680695545,1.1274743204733897,0.057473356261296835,2.568366874092797,2.577334068064218,2.317639423530562,0.8992390440371949,0.4389849175545212,0.8652506848513861,0.024234671259607602,1.9961908429119157,2.0173790859846563,1.8224049661438153,0.9033527604229739,0.4334508836786435
147,3,1.0,0.0773558069308596,0.834,0.017799999999999927,1.8071453640055932,0.038802717164653,4.7916814404286985,4.807081663900226,4.454465158638093,0.926646449984368,0.37714221750181975,1.0315456597954171,0.052778368147153094,2.4982544044573056,2.5035956649210482,2.2812068756813204,0.9111722422451387,0.4129065710661678,0.8040870913727222,0.022657522633050334,2.1858862219436443,2.2095046701778185,2.0579979010828904,0.931429532084793,0.3678540462447971
148,3,1.0,0.07657068149125178,0.8373,0.0033000000000000806,1.6184491659957811,0.034790346497677774,4.49097161779455,4.502375411014922,4.201429129603697,0.9331583322272572,0.36037839998431737,0.898203415796487,0.04604691540628634,2.3367747103087377,2.3447075668694124,2.165844940058999,0.9237164457786837,0.38437741209455967,0.8329133840124668,0.0236464205615372,2.112749243264777,2.1506244143670092,1.9827862203634763,0.9219583889765649,0.3942320115213423
149,3,1.0,0.07578538380871845,0.8438,0.00649999999999995,1.6388817103881743,0.03527785890005772,4.596872595522306,4.615075483968064,4.314277293070214,0.9348226931622747,0.3565210208315467,0.8892703848601289,0.04599485312868341,2.3850219527475454,2.393955660796228,2.2226609880758845,0.9284470153205048,0.37285626819312473,0.9000811205195915,0.025750502021248463,2.173396822801347,2.197264361329634,2.0044512985227643,0.9122485822824741,0.41413565671797287
150,3,1.0,0.075,0.8402,-0.0036000000000000476,1.5491900503204818,0.033392231408521905,4.45105850926379,4.466589922228237,4.189324025650025,0.9379244789859973,0.34804980592733653,0.8636727416646354,0.04477810807915064,2.327931631597418,2.345746559400251,2.180962278542066,0.9297518821042984,0.37100434133969235,0.7384712232869383,0.021476442896321692,1.9737150023488195,1.9960545933296168,1.8544257600155076,0.9290456113838759,0.37415291590129307
151,3,1.0,0.07421461619128157,0.8361,-0.0040999999999999925,1.6704942589617633,0.03605510926516895,4.7269480086191065,4.735234190372344,4.430789077480034,0.9357064295761113,0.3533980606335817,0.9136009652141857,0.047607091909256785,2.46750962738556,2.472555039455855,2.2975773338170566,0.9292320280654678,0.37025223937309937,0.7621875602713368,0.022404111739743555,2.133919661393138,2.1828808804185504,2.0454924287630374,0.9370609487270006,0.35717725182481314
152,3,1.0,0.07342931850874825,0.8463,0.010200000000000098,1.5871043949794545,0.034298279181530805,4.407227236804724,4.421618165729316,4.126960984318916,0.9333598763244183,0.36011403762564287,0.8675748567423579,0.04507932907792885,2.3589394868986324,2.365986704003688,2.2011831020178523,0.9303446626699307,0.3677817347841272,0.704782143662235,0.02088014491804438,2.3355915090840385,2.354323551972576,2.2463575466788357,0.9541413901231711,0.301757452414542
153,3,1.0,0.07264419306914037,0.8342,-0.0121,1.5869333530209382,0.034345826758412364,4.4607689101277925,4.471216842803665,4.180122327122655,0.9348959073301218,0.3557533207824199,0.9481815560597637,0.049449230498189195,2.345728391511577,2.35068722630026,2.1509723883641443,0.9150398080605362,0.40421625943179196,0.8710124515231307,0.0260502068367155,2.128050754120542,2.1559808527924123,1.9722046990888615,0.9147598396036194,0.40930060048454686
154,3,1.0,0.07185932597031003,0.8233,-0.01090000000000002,1.7030708276393347,0.03691350134271769,4.50941816646252,4.517675641204917,4.184368889964568,0.9262216286179739,0.3776697491275984,1.05054347266903,0.05548085991322513,2.4224190407419965,2.4341928697302997,2.1958263214262077,0.9020757347257771,0.4336753695377346,0.9015785064172478,0.027227488221563532,2.0768031833326654,2.139990007708359,1.9408021330114904,0.9069211192672008,0.43411841509722476
155,3,1.0,0.07107480328177919,0.8302,0.006900000000000017,1.6666546975539969,0.0361670967966473,4.47533742435344,4.490430534188199,4.169679675173417,0.9285701322907183,0.3724087235265353,0.898085431670035,0.047421919964597416,2.3283478221939244,2.3346508127741172,2.1550028099821597,0.923051446576504,0.3857178996666396,0.8130034346252112,0.024452200888196232,1.9682313183730238,2.0057616790036255,1.8336046452894388,0.9141687492006992,0.413062949987634
156,3,1.0,0.0702907110353015,0.8297,-0.000500000000000056,1.6473764649034588,0.03579076078156863,4.439585990927169,4.466678069419923,4.1517904344193175,0.9295029482522121,0.3710653354321939,0.8935653639623017,0.047249164653464786,2.2911644649293352,2.3045094871354497,2.124218687243954,0.9217660847577588,0.39000489822534906,0.8615607430385823,0.02605407165183869,1.9591369561511072,1.979684968573046,1.7823765765027233,0.9003334393085066,0.43976544893073344
157,3,1.0,0.06950713521542763,0.8092,-0.020499999999999963,1.6217241051873925,0.03527324227046101,4.396224079378767,4.408579823010655,4.09946180126246,0.9298826301987891,0.3688902285018555,0.9370670031246007,0.04976133366278215,2.259436786937191,2.2677451079187723,2.0650843334593407,0.9106333539198223,0.4147347730824787,0.7209961207104011,0.02212051878487005,1.7884088104731262,1.797805075714883,1.6468964836880255,0.9160595361169231,0.40314950166212865
158,3,1.0,0.06872416175007633,0.8418,0.03259999999999996,1.5907906449025144,0.03463817059770993,4.346201491275735,4.3586156405145475,4.057944740708362,0.9310168813667887,0.36601861374714395,0.8932449463237961,0.04756846863650975,2.20138960153085,2.206241570838699,2.0173288298473127,0.9143735013026831,0.40576413448243426,0.6462266197874758,0.0200627292353209,1.9472122488749743,1.9709676390544613,1.8620163723942362,0.9447219403802629,0.331872717091237
159,3,1.0,0.06794187650111143,0.8264,-0.01539999999999997,1.6591969946861185,0.03617414533705441,4.4564827261207025,4.477624389942373,4.158868299696002,0.9288113377793904,0.3723108775808996,0.8678591466119318,0.046777265010654226,2.314893932554022,2.3308238223408853,2.1632290758999333,0.9280963473796,0.3749023376005927,0.8489106510923979,0.026480422873193646,2.0641833659209397,2.0961840767930537,1.9165957081148652,0.9143260505284726,0.4112573839648469
160,3,1.0,0.06716036525492598,0.8386,0.012199999999999989,1.6201469710885565,0.03536555967502182,4.34736969279353,4.356469160142191,4.044001404319241,0.9282749987807211,0.3726729230721309,0.9095729091431743,0.04873721784300289,2.2788367996374115,2.2812029495703925,2.0920239736217567,0.9170705193133899,0.39913911750411335,0.8447613269447188,0.026685128553595047,2.055307413705724,2.0927543654169884,1.9146799806177375,0.9149090845337843,0.4110145865827498
161,3,1.0,0.06637971371303501,0.825,-0.013600000000000056,1.533096620239185,0.033500706569100376,4.293057508434037,4.302178827069947,4.019745947392191,0.9343511994665012,0.35711066465503905,0.786235237968663,0.04282301500081545,2.216524709987173,2.2196526318790673,2.0757388764669993,0.9351638389966287,0.35471530474082236,0.7936057730234789,0.025191824714898385,2.131058479274859,2.1664604720966425,2.0158723763107957,0.9304911870189297,0.3723998101138554
162,3,1.0,0.06560000748267719,0.8357,0.010700000000000043,1.567716794264526,0.034297085912733734,4.319298836920683,4.341940346831302,4.049038166827002,0.9325411782273665,0.362956316165006,0.8421175093642849,0.04571909265843547,2.266386717812484,2.2710158377906344,2.109111426493134,0.9287083741983017,0.3715683218339263,0.8190099863739801,0.0263969296022771,2.0258352243585644,2.0695534588065407,1.9005982964349077,0.918361537532321,0.4042826270005752
163,3,1.0,0.06482133206742717,0.8302,-0.005499999999999949,1.5089225627967553,0.03304889175449365,4.178749897926475,4.188179336605238,3.90691681017507,0.9328437242474561,0.361094250590468,0.8162105197929646,0.04447140736695292,2.1423301924960203,2.1445767991895264,1.9831818184128636,0.9247427367312484,0.38099193236034307,0.6671246440143151,0.02145676051157128,1.7817525420965095,1.808074651170895,1.6804994853937258,0.9294414278223787,0.3744204811007813
164,3,1.0,0.06404377285781915,0.8417,0.011499999999999955,1.5835977124279168,0.034725653728234766,4.265186634405918,4.272217441238401,3.967878557044435,0.9287632503775963,0.3712845059706257,0.8699524950067582,0.0476599263229376,2.2425072994494113,2.2489231076958953,2.0738461387725233,0.9221507536988471,0.3879374195216007,0.7787297746959085,0.025003487315939574,1.9076024860210454,1.9459969089050078,1.7833912595383448,0.9164409518727553,0.40822434464331964
165,3,1.0,0.0632674151219827,0.8465,0.0048000000000000265,1.4699434827265299,0.032270642844907535,4.105681952954347,4.1113179696475495,3.839557489050829,0.9338994252930484,0.3580266322550374,0.815179009411197,0.0448229902202669,2.120351268679575,2.121871194563354,1.959035626080686,0.9232585046161689,0.38445469930029125,0.696107204094336,0.02269569252034703,1.8771930277959823,1.9129414540720273,1.7817914801154788,0.9314406754700344,0.370823454906839
166,3,1.0,0.062492343996292325,0.8258,-0.02070000000000005,1.4905367160265064,0.03276665628104856,4.064168858157649,4.077607267536859,3.7954158381099634,0.930794848323547,0.3667506858221904,0.8626472541787991,0.04739887902974532,2.0429628646273383,2.046542099608973,1.8558487274578042,0.9068216714488286,0.4222530272649653,0.9181154578984901,0.030144259776759098,1.7936010753780667,1.828405235586627,1.5811799751592115,0.8647863965735717,0.5118838689952078
167,3,1.0,0.06171864447603126,0.8424,0.01660000000000006,1.4724009708063985,0.032407606029612956,4.048377334010473,4.065147753352029,3.789124135375867,0.9320999789617587,0.36370151528039096,0.8496385776318256,0.04708449801643227,2.1420034781549355,2.1555750263269444,1.9810648708275744,0.9190424117147378,0.3966560214755961,0.9850326067469347,0.032830830422086954,1.889908435831111,1.9509859621970485,1.6840600727737214,0.863184105577707,0.5212065241212357
168,3,1.0,0.060946401406070654,0.8409,-0.0015000000000000568,1.4129810873660955,0.031147003548718445,3.91175480792413,3.918122602196591,3.6544725020367856,0.9327100943671346,0.361214124286059,0.8095225806767027,0.045064883270140126,2.0653613584891777,2.068261501454071,1.903254876351562,0.9202196506648204,0.3919520317107475,0.8057427136898395,0.027442071057166603,1.996864849098019,2.0457692675241588,1.880412515705581,0.919171357961254,0.40350387962099304
169,3,1.0,0.060175699471565536,0.8425,0.0016000000000000458,1.461039868633632,0.03225194940631892,3.988823701929214,4.002566937073272,3.726379567092886,0.9309974388130189,0.36628339024534806,0.7966030632828104,0.04454610377130948,2.0281621794097555,2.033809200687381,1.8713106353723452,0.9201013717215385,0.39277088951271205,0.5804617119568414,0.01997000236386177,1.7310107054100827,1.7669889430515802,1.668926054645999,0.9445028285031444,0.33533109306757747
170,3,1.0,0.05940662318866806,0.8437,0.0011999999999999789,1.4884527189558943,0.03289789888070239,4.023086747449905,4.0298943532891025,3.744937524288643,0.9292892557424279,0.3699777838246647,0.8519769160282022,0.0480019280370735,2.0482647146072726,2.051228135429363,1.8659239224861162,0.9096618217434606,0.41595058976132265,0.6865818057742613,0.02354101456379845,1.710918046647799,1.752181248080037,1.6120624901742064,0.920031812885016,0.4012943852684708
171,3,1.0,0.0586392568952593,0.8332,-0.010499999999999954,1.4122801530088855,0.031246484645468565,3.944854304390024,3.96162142312041,3.701338835973185,0.9342989752558915,0.3580056559851227,0.7688716805861067,0.043339195418880094,2.0473756689140177,2.0559862654923835,1.9068077852248246,0.927441888707446,0.37554010837392465,0.748132553880104,0.025800944417891398,2.0125725749922934,2.0639182003702174,1.923553210561287,0.9319910111826368,0.37172947856698724
172,3,1.0,0.057873684741700834,0.8447,0.011499999999999955,1.442599889627346,0.03196037699046062,3.920047793201075,3.9373673343815865,3.663573006334551,0.9304625896455663,0.36800568914730813,0.8056081213289727,0.04568631078899761,2.0240536273519774,2.0316286712800036,1.8650765886463998,0.9180204114127462,0.39801718217463006,0.6517046393863861,0.022818802952723535,1.8066160440381267,1.8316549039488645,1.7117946326413538,0.9345617610341861,0.36073223280454414
173,3,1.0,0.057109990681606444,0.8404,-0.0042999999999999705,1.4098158989564498,0.03127484765764311,3.872804323056157,3.8942462905242667,3.630092749767807,0.9321682500156152,0.3640297266152393,0.7884928200550161,0.04489198751491738,2.051875264872819,2.0630446083519685,1.9064186573171382,0.9240801917705752,0.3842791194736143,0.6627695181260879,0.02323777030173633,1.8504252248988509,1.8653570181764312,1.743644073841364,0.9347508583348546,0.3581714674054536
174,3,1.0,0.05634825846263591,0.8394,-0.0010000000000000009,1.5135899789185003,0.033619711169135716,4.009655317456989,4.019499791204794,3.723630490947244,0.9263915124700463,0.3774863071967124,0.8709472944982543,0.0498748717266387,2.0443461508265806,2.0505989718209694,1.8564501086365865,0.9053209009404822,0.42602731154218104,0.7669771878788556,0.027232219536912624,1.6817681898750787,1.774825349191933,1.6005473213769397,0.9018055337702151,0.45605404626890134
175,3,1.0,0.05558857161731095,0.8408,0.0013999999999999568,1.4211625305471034,0.031601014294819124,3.8756823622647083,3.879053053631896,3.6093420094447692,0.9304698748745907,0.36668704958490567,0.8523484152485945,0.048986131790961625,1.9481445833633337,1.9519078958794345,1.7559745838045056,0.8996195914322838,0.4375180479556991,0.7060225849037275,0.025418010851791774,1.7014509815511176,1.733045359335094,1.5827123826500828,0.9132550248178799,0.4149532325992055
176,3,1.0,0.0548310134538551,0.8513,0.010499999999999954,1.3787931046550987,0.03068875324533065,3.820234468635595,3.825065889369084,3.567920779804929,0.9327736784145778,0.36091845041844717,0.8004403812160534,0.04639239446484175,1.9518453370923845,1.9531438705016355,1.7815908801148788,0.9121657175501895,0.41009416371506646,0.5939416170207779,0.02167139705297182,1.5968858713493732,1.6331543558328534,1.5213239174403181,0.9315248812868606,0.37193742375520894
177,3,1.0,0.054075667047057796,0.8326,-0.01869999999999994,1.344560041768427,0.02996071597150333,3.7003114116106937,3.7027352335788386,3.4499864628040666,0.9317399827882156,0.3633640232412652,0.7289285636024915,0.04200798134821218,1.8598106727528025,1.8641967511017974,1.715777586135675,0.9203843881401456,0.39193697201638616,0.5766144262353667,0.02113794854180348,1.5262456380747644,1.57449676669142,1.4651129060954808,0.9305277324730277,0.37779922959368406
178,3,1.0,0.05332261522916461,0.8426,0.010000000000000009,1.3849467638837265,0.03089679767750736,3.756694813932472,3.7707492136368903,3.507202899248635,0.9301077055363052,0.36866097260479286,0.7342171202736058,0.042507057049621357,1.8862041621696986,1.8934191015537936,1.7452682278802047,0.9217548436307567,0.38925644158744543,0.6517244832181945,0.023966394585562822,1.7216652239985515,1.7556929928198355,1.630249425457812,0.9285503969799712,0.37854309544835346
179,3,1.0,0.0525719405807935,0.8362,-0.006399999999999961,1.3895920931999535,0.03103603732873349,3.6895387447291603,3.6914790554353294,3.419949045647131,0.9264441147543834,0.37663030241520334,0.8372490087232516,0.04874372372441426,1.8699607167058825,1.872027234248046,1.6743655779745876,0.8944130445020716,0.4477361482748938,0.8399304391007253,0.03082497037725103,1.5302841282189532,1.5595113499352973,1.3139989471865545,0.8425709420076174,0.5488722150430276
180,3,1.0,0.051823725421878956,0.8426,0.006399999999999961,1.4552337185715156,0.03253953174061298,3.8355608768810283,3.848540826712197,3.562802457676481,0.9257541021645281,0.3794057154308215,0.7591554204090111,0.044413995157604275,1.976957707562114,1.9827035370629729,1.8316103027373505,0.9237943386385236,0.3840018516861262,0.5731724530402443,0.02133325371759217,1.6970330427381568,1.7176984229504584,1.6192471642954622,0.9426842003581233,0.3377497306212922
181,3,1.0,0.05107805180264475,0.837,-0.005600000000000049,1.363481358186179,0.0305216897393079,3.5364425892456395,3.5407923227368463,3.2677406445971444,0.9228840176854407,0.38555167340551233,0.8951797413586822,0.052369414240856976,1.8657187699520559,1.8736090348422316,1.6459234743354716,0.8784775498662493,0.4798042211804976,1.3695189842521427,0.05149112309005395,1.9164173443829886,1.982996898288845,1.4341177044507927,0.7232072353155531,0.7146246031774849
182,3,1.0,0.05033500149460625,0.841,0.0040000000000000036,1.375429923526678,0.03082685415597473,3.6027676716955366,3.6144732858924455,3.3425454007769324,0.9247669401301518,0.38177036347152865,0.8706780598182178,0.051103539544293204,1.851807881356209,1.8633389422514346,1.6474075580188887,0.8841158850189432,0.4701773162238401,1.2588433698994483,0.04713767444605124,1.7877685823897516,1.901791043028397,1.4255257497729337,0.7495701249612248,0.7041422375913572
183,3,1.0,0.04959465598160315,0.8378,-0.0031999999999999806,1.3288742475626152,0.02982568283015924,3.5288630127608442,3.5419611922270753,3.283227441699677,0.9269518392535762,0.3765729195939958,0.8406416672376856,0.049216693173992715,1.8265253003215758,1.8330777040099888,1.6289553687231904,0.8886450176987771,0.46024091048160315,1.174693337041813,0.04485961367950932,1.6852736012471898,1.7241374797177873,1.26204029093815,0.73198356035084,0.6970342003651389
184,3,1.0,0.04885709645086388,0.8427,0.0049000000000000155,1.2967249737384936,0.02913885065167224,3.5137894518752346,3.5320840093468986,3.2854408909565884,0.9301706534336039,0.36903889419056085,0.7366926552340285,0.04365210587960349,1.7799651951209727,1.7917941597160412,1.6333432848389435,0.9115685950766753,0.4138803709495905,0.5816358512082844,0.022284379424985335,1.4219055875470166,1.4431554807470628,1.3207564389690218,0.9151865177307992,0.4090537770596194
185,3,1.0,0.04812240378410249,0.8481,0.00539999999999996,1.2479141770874689,0.028071026318553908,3.485533135926532,3.4884352816348696,3.2575897504067637,0.9338254797377468,0.3580267719232988,0.6771916172813871,0.040090891312461525,1.790439227789237,1.7945807614221574,1.661906059741836,0.9260692499705724,0.3782265305466728,0.637492494601851,0.024691156200961812,1.4902325466279647,1.562533948123234,1.4265749739527016,0.9129881470198882,0.42778054743492355
186,3,1.0,0.04739065854864916,0.8451,-0.0030000000000000027,1.2640801045744443,0.028467996736376247,3.4983352897326165,3.5056924216924896,3.269859465857556,0.9327285661526811,0.36133760771428514,0.6328898646715323,0.03791587581841821,1.7935255179372724,1.7983317676987796,1.683284781315144,0.9360257164722978,0.3528747477200195,0.5836776435877469,0.022874760435052544,1.5378254048912354,1.5791176699359477,1.4672876088592932,0.9291819329200524,0.3795474061823216
187,3,1.0,0.04666194098861497,0.852,0.006900000000000017,1.1912762899757057,0.026859839146877635,3.302907889752682,3.3073185748829457,3.0853228452343635,0.9328774278551503,0.36067499601537695,0.658942126540319,0.0396398501283111,1.6443326078448122,1.6470080859459195,1.5094472522845204,0.9164783495386458,0.4007353034274367,0.6101321469214361,0.02412675063185464,1.5091884726459357,1.5264008231692303,1.3991562482509736,0.9166375089774508,0.40427829789326564
188,3,1.0,0.045936331016092284,0.8298,-0.022199999999999998,1.2282359174692454,0.027727853666248543,3.3972734931889343,3.404526516257287,3.1752539149765524,0.9326565382334628,0.3615357785976576,0.6544369377517023,0.039728632269621485,1.749680980732832,1.7555119862000417,1.6289673535081206,0.9279158253052786,0.3740321492650618,0.5821339779603154,0.023140869333719977,1.4071703467686156,1.456060642812948,1.334628307150632,0.9166021441059473,0.41369119189948156
189,3,1.0,0.04521390820239145,0.8457,0.015900000000000025,1.2694496279090306,0.028695351886264826,3.409728385526074,3.410914909401271,3.165886646127546,0.9281634781922087,0.3723022729017672,0.7599330933723267,0.0460122292905197,1.7806342374336213,1.7846976951165363,1.6148212168139762,0.904814984202987,0.4267766380071391,0.8383604171085308,0.03335069109996317,1.6868648159225872,1.729525334515084,1.5127491891055673,0.874661480185663,0.49699324403183504
190,3,1.0,0.044494751769314986,0.842,-0.0037000000000000366,1.167569756703432,0.026426025384090217,3.240651121288718,3.2437319768333537,3.0263142747512988,0.9329729756851534,0.3602886312054232,0.6303672082892513,0.03811846528264321,1.6546270196586257,1.6586720890468831,1.5342197634532673,0.9249686985056043,0.38097238882228907,0.5815652229577898,0.023483587673393633,1.4068540271698315,1.4402942974747368,1.3176609118519593,0.914855327943886,0.413379932620106
191,3,1.0,0.043778940580469924,0.84,-0.0020000000000000018,1.2208912846122826,0.027666739255696106,3.3571579655398285,3.3651405389679407,3.135856406131441,0.9318649161360675,0.3636681077102561,0.6836397106623409,0.041362712902884305,1.7086226437362817,1.7165269545411064,1.574516299934073,0.9172686136787183,0.40011158295749333,0.4924016588041918,0.020171975946142676,1.3719789084915115,1.406456229331822,1.3174444380389425,0.936712007500463,0.3588988546081853
192,3,1.0,0.04306655313261954,0.8439,0.0039000000000000146,1.155400667171729,0.02621052867273314,3.1685372878887796,3.172407658162638,2.9545252959999386,0.931319557370855,0.36464796282753587,0.6361743798846553,0.03881433141369577,1.606617923109675,1.6113667936395362,1.480467927034959,0.9187653195279514,0.3959711707020631,0.47939190323637465,0.019605671845259846,1.4749966695619405,1.508115376345427,1.4298935508806114,0.9481327312938297,0.32501219367413847
193,3,1.0,0.042357667547075435,0.852,0.008099999999999996,1.1782402790690731,0.026759052109695147,3.2421526534926146,3.252408050493671,3.031486114915901,0.9320743485602192,0.36341295583346817,0.6394091394039708,0.039400088394589715,1.6189061054636185,1.6276790517940105,1.4968282781366493,0.9196089834091439,0.3949636963169389,0.38864123952331214,0.016011176408067603,1.3413603378593424,1.3578854996574763,1.3010806235300605,0.9581666671146096,0.2897366416421251
194,3,1.0,0.04165236156113045,0.838,-0.014000000000000012,1.156137734409656,0.02628635719465376,3.158350114934862,3.1630602082600796,2.9441969183173433,0.9308064736260182,0.366057495951015,0.6639002293056335,0.04083041837758735,1.6527555259764473,1.6572238111856923,1.518429259336902,0.9162487583680764,0.4016929417999686,0.7435221188137834,0.03061844237889739,1.4892911468087255,1.549909713594563,1.3599246584426208,0.8774218565858735,0.4992456447532192
195,3,1.0,0.04095071251953399,0.8522,0.01419999999999999,1.146180212569976,0.026089717338779527,3.164880674609781,3.170025243671279,2.955559340764568,0.93234567979076,0.36215590109453216,0.6120987200519644,0.038021578465105045,1.5956556250505594,1.6011985588372257,1.4795850876470786,0.9240484757377864,0.38360327281306056,0.4386506413326143,0.018303667208100293,1.3866633807707454,1.4307385904094176,1.3618365736198943,0.9518416451115599,0.3163353467146441
196,3,1.0,0.04025279736601039,0.8458,-0.006399999999999961,1.0813829544349116,0.024643276755261817,3.015315833902279,3.0214843912275935,2.8213434652869074,0.9337607281633611,0.35863007857304185,0.5301805408092938,0.033135632959336137,1.5108230534475593,1.515856721992072,1.4201162693059965,0.9368406978726475,0.35092166458505547,0.40975012591747895,0.017181465632034317,1.4046293329331319,1.4551407736118986,1.3962592060250487,0.9595354836764719,0.29171406029364566
197,3,1.0,0.03955869263482096,0.8321,-0.013700000000000045,1.1037903587179616,0.025184190461915928,2.9957018110412372,3.001032182917395,2.790670366823135,0.9299035121010396,0.3684580203042002,0.6246189907361153,0.03915307786576982,1.5955205300829174,1.6078136596976527,1.4815248795928142,0.9214530991554165,0.39148289160757743,0.5644563407365907,0.02385725177394124,1.4408249238889663,1.5126953889937285,1.4034372923189082,0.9277725724096372,0.39175914531867795
198,3,1.0,0.03886847444237134,0.8473,0.015200000000000102,1.2021946816527629,0.027466270098106337,3.152344939453813,3.1601569510461,2.9225536785229624,0.924812825374232,0.38136520740685803,0.7967191984911101,0.05018294329762383,1.7048362837190403,1.7175916633992765,1.521630585361237,0.8859093914963386,0.46732886089982506,0.7206800289821554,0.03048494284092036,1.5049099185118724,1.5700780253835955,1.3949070952197413,0.8884317038186321,0.4788858257342065
199,3,1.0,0.03818221847886444,0.8461,-0.0012000000000000899,1.0933028623578926,0.025008826886675852,2.999553811652227,3.003513198407394,2.797459642371552,0.9313958213517751,0.3644884976261436,0.6401991317539745,0.0404923447378016,1.6115988408110429,1.6135085953795072,1.4810655072475156,0.917916093839686,0.3972447209206182,0.6619780584859342,0.028414655334156033,1.4663853154829467,1.4834050484005112,1.3275074649985434,0.8949055865961457,0.45143527522840404
200,3,1.0,0.037499999999999985,0.8479,0.0018000000000000238,1.053579143109954,0.02412443497170506,2.8994280557249104,2.904191594228248,2.7063443821246453,0.9318752893242989,0.36337481836449287,0.6440944241065734,0.040606621556521796,1.5481748485932159,1.5529708808275045,1.4131033367666106,0.9099355011818605,0.4160346776669601,0.6327943121723033,0.027405023053723106,1.5157164805445278,1.5604244098302245,1.4263576054453702,0.9140831151190202,0.4174885740801401
201,3,1.0,0.03682189381872215,0.8503,0.0023999999999999577,1.0470277882513275,0.024004014397814476,2.888208401179207,2.891647828221428,2.695433189896466,0.9321443516011947,0.3625180883151796,0.5577810838408113,0.03548214622462062,1.4731388032719548,1.476629763310896,1.3672292157518438,0.9259119988792894,0.37863443865706103,0.44680726216411526,0.019595435305323396,1.3323857461724142,1.3512189259201164,1.2752081634631076,0.9437465232325332,0.33534377221286876
202,3,1.0,0.036147974297015245,0.8448,-0.005499999999999949,1.0126531115418727,0.02324391107502641,2.8441558223005794,2.8480118668433514,2.6618988251899753,0.9346515919332674,0.35604698715935973,0.594770442568154,0.037927639427209864,1.449162786661767,1.452418374239373,1.3250537145753576,0.9123085593497012,0.4104234859206144,0.42548192364887233,0.01885539040118796,1.3343908853459288,1.365025989172645,1.2970201095731912,0.9501797913454579,0.318858535622094
203,3,1.0,0.03547831533774918,0.8488,0.0040000000000000036,1.0479682567283397,0.024081754529872233,2.8525794526248127,2.857831699684924,2.658752463109747,0.9303390620948305,0.3673756591649174,0.5802390903216619,0.037192652537223994,1.4874674097995602,1.4919147970463646,1.3744571637469198,0.9212705487391217,0.39008524590118615,0.5774340007151927,0.02571234032086159,1.4037604545030002,1.4393143631627692,1.3184064623666343,0.9159961827029571,0.41134796101634913
204,3,1.0,0.034812990376575266,0.843,-0.005800000000000027,1.102823514426064,0.025373199932491118,2.894684149976308,2.9016989270145155,2.683959211551327,0.9249612999349952,0.38098233081322197,0.6050452866938063,0.03895930964966567,1.4964062372044007,1.5009323211428223,1.3735785624736674,0.9151502323754434,0.4043322405713553,0.6443497074706389,0.0286665340203233,1.3092011757531201,1.3631929918992742,1.2012946514745835,0.8812359354935319,0.49217012587845843
205,3,1.0,0.034152072373872994,0.8426,-0.00039999999999995595,1.0469893626036935,0.024113784737184077,2.793279237351503,2.7973748865788255,2.5940546662799573,0.9273174928128679,0.37482445313860385,0.6154252669429776,0.03985510729394078,1.4583602489019523,1.4629891662117016,1.3272486749206458,0.9072170222267979,0.4219981087706907,0.5236619351788969,0.023704724581478064,1.260344689892875,1.304269204814315,1.1945276882303992,0.9158597656228958,0.41549104731294295
206,3,1.0,0.0334956338067492,0.8485,0.005900000000000016,1.0099700588455625,0.023286188604120798,2.736972711427915,2.739108850291651,2.546110336738096,0.9295396699795245,0.3690099118009283,0.5907557728497328,0.038294103612606004,1.4180562591326114,1.4203236884832646,1.2916373468832252,0.9093964688165829,0.4165954411506092,0.5786786151356325,0.026222937679300517,1.1929666709813003,1.2063443966534277,1.0584884120403628,0.8774346819836536,0.4850752575171509
207,3,1.0,0.032843746661090224,0.8463,-0.0021999999999999797,0.9430039740682236,0.02176355545722082,2.623556345121457,2.627817060927185,2.4527874122027513,0.9333935183970998,0.359437286651668,0.5385388561160994,0.034921480709998974,1.3930314955974683,1.3971718194846858,1.2892110152938194,0.9227290425663716,0.38659488878614423,0.3787735763719735,0.017109123413302285,1.2705640338773128,1.3132322872333995,1.2574218420256333,0.9575014673715169,0.2981145115654583
208,3,1.0,0.03219648242366763,0.8524,0.006099999999999994,0.9010637503964296,0.02082151395641533,2.540091045471166,2.5434672767393423,2.378510034958073,0.9351447359713075,0.35473679260551455,0.5167006867889771,0.03375820835745694,1.3183191647297283,1.3242840468443489,1.219323031528321,0.9207413125861172,0.3919389936919464,0.5013547577634193,0.022800126631587366,1.27769383614633,1.3622834118635714,1.2666727224499286,0.92981586020867,0.39239037050970077
209,3,1.0,0.03155391207429908,0.8485,-0.0039000000000000146,0.9515005230855207,0.02201061560928762,2.651216230098911,2.655114358785209,2.478765636540352,0.9335814965327741,0.35889208593522465,0.540288198769912,0.03543863114119029,1.4222765005212452,1.4265419706273608,1.3202691585121038,0.925503199833286,0.37987564202312535,0.6249056404298298,0.0286867797847038,1.3758970428263941,1.410626777529186,1.2646586267907174,0.8965224869797649,0.45418052439893075
210,3,1.0,0.030916106078064522,0.8512,0.0026999999999999247,0.9250319904606793,0.02142209406154441,2.567692682458892,2.56999162040037,2.3977432754829318,0.932977079166272,0.3602580623374459,0.5771675521447981,0.037859799550443995,1.32856927677774,1.334013294449226,1.2026924803859305,0.9015595911901958,0.43442789339870763,0.41649254307973677,0.01940490523342468,1.1405470525356198,1.1602174910730265,1.0828845413366575,0.9333461611022191,0.3651691021021945
211,3,1.0,0.030283134377578798,0.8509,-0.00029999999999996696,0.936214073209026,0.02170313412468894,2.624065370806464,2.626705897091672,2.454197864880281,0.9343253340991108,0.35678001151369787,0.49196236103952773,0.03257572104239518,1.3111184238651947,1.3145868693321505,1.219061765615647,0.9273345064179493,0.37522343678858244,0.3673518199451974,0.017173018465820988,1.062804084531629,1.0890403421528347,1.025212991141722,0.9413911968725257,0.3456439670224706
212,3,1.0,0.02965506638532189,0.8335,-0.01739999999999997,0.9229967517834974,0.0214170477101533,2.5289991860386007,2.5331713051561224,2.3590324166373287,0.9312565683322149,0.364965222954172,0.5111592358024851,0.03378631587394109,1.332814598699078,1.3388245605592932,1.2374035249739275,0.9242462092695721,0.3835186351510652,0.4162729803089882,0.01961565516993199,1.254146193069845,1.3134504738937405,1.245740300909741,0.9484486287607999,0.3319174292512527
213,3,1.0,0.029031970976026777,0.8335,0.0,0.8947282581002752,0.02078219573813726,2.4710443566246054,2.474096773227551,2.3066461105610068,0.9323184668932336,0.36208506565315374,0.4733795983507815,0.03147373397124472,1.2876662764187825,1.2900384842405186,1.2000462841059445,0.9302406856586491,0.36762599675074986,0.4126525884627423,0.019443122189653956,1.1899264242559198,1.2418085289777467,1.171241417001022,0.9431739190623731,0.346788322413111
214,3,1.0,0.028413916479126725,0.848,0.014499999999999957,0.8697183123429454,0.020223338512610392,2.435840859655505,2.440827735498798,2.280620562675477,0.9343635888377918,0.3570505474097136,0.5027749723850731,0.03357743202655033,1.2887816780425743,1.290181509712217,1.1881858849883775,0.9209447477304258,0.3901164805110336,0.39280069264545914,0.018623220826788772,1.2304085547390682,1.2559971525335634,1.1929948466537257,0.9498388147196424,0.3192441170313222
215,3,1.0,0.0278009706712622,0.8474,-0.0005999999999999339,0.8552458296879053,0.01990726886938306,2.4221850417024964,2.424123932120122,2.2682441387878045,0.935696442221093,0.35308856052003906,0.44556381731094213,0.029913036824319297,1.2481783795907666,1.2519440976236662,1.1699730248379523,0.9345249736459443,0.3569712667647926,0.40188147906551813,0.019168601838140335,1.0878229570336255,1.1168401916786947,1.0420285997283356,0.9330149536990501,0.3694364753630545
216,3,1.0,0.027193200768848267,0.85,0.0025999999999999357,0.957031647501619,0.022299043906490817,2.4443797882287894,2.4484691008889423,2.2536839699933915,0.9204461551812796,0.3915233026022888,0.589143334885739,0.03961132763231738,1.2968595498734865,1.3037800117994465,1.1630788848284341,0.8920821567307049,0.45428461003599974,0.5069050056142352,0.024327315221627975,1.1050460407539555,1.1230385594876122,1.0021294010632926,0.892337482624386,0.45871844875203743
217,3,1.0,0.026590673420703724,0.8492,-0.0008000000000000229,0.8326783423105585,0.01941987007644727,2.289853645720677,2.2939018579895385,2.1374359823430766,0.9317905100859047,0.3636382368221148,0.5693618949453695,0.03824825351819008,1.2444042823697004,1.249292936783359,1.1120071531489713,0.8901092133059946,0.45753771745396293,0.5130519433023325,0.024922633267934393,1.1310935643845967,1.1652550931853176,1.046229855092797,0.8978547797914742,0.4535893045960993
218,3,1.0,0.02599345470074211,0.8465,-0.0026999999999999247,0.8756734622324364,0.020442997165412806,2.323027044465875,2.3288103588121145,2.1579049448487484,0.9266125670917481,0.3769536236431447,0.5500058431441381,0.037215673445553994,1.2518924207883986,1.2615111999056168,1.1352991194244397,0.8999516766156179,0.4393395422889161,0.45618416594399486,0.022254922344082374,1.0213998512712812,1.067295952019138,0.9648921320116662,0.904053023143448,0.4466264268358832
219,3,1.0,0.025401610100726092,0.8498,0.0032999999999999696,0.7856727366022677,0.018359932765671372,2.2047245676591274,2.208171655298502,2.0636716071296686,0.9345612249744689,0.356358679958131,0.44100032756189045,0.029887143747980547,1.1808954330034025,1.1825276192122063,1.0972193389688445,0.9278593760878129,0.3734457050445886,0.32325043091481476,0.015898574789946922,1.1757975843979769,1.1969742597703863,1.1525000786833444,0.9628444966765005,0.2749201352376677
220,3,1.0,0.024815204523085634,0.852,0.0021999999999999797,0.7756439228799059,0.018143353440955946,2.184511258194354,2.1862166623650463,2.0439960576033425,0.9349467016650355,0.35506519820869586,0.40800261122435094,0.027664863107768466,1.2034613885171779,1.2117438664421407,1.1409895315712268,0.9416094961729338,0.3390242637755613,0.32428372280427736,0.01597100933764376,1.1900911517872426,1.245799010309356,1.2028530061143374,0.9655273412166588,0.2724864581316128
221,3,1.0,0.024234302273800454,0.8517,-0.00029999999999996696,0.7168363096893912,0.016784715991328886,2.09302273832023,2.093991335690059,1.967471858678961,0.9395797514274794,0.34248854375308563,0.3854191895238366,0.026228487754201446,1.1462909651155468,1.1516441945277816,1.085235686545935,0.9423359156435668,0.33623155137141475,0.3439504523776349,0.017020883979314713,1.2477450316319325,1.2746289539188522,1.2273455020174624,0.9629041441777887,0.2756576413113665
222,3,1.0,0.023658967055348343,0.8525,0.0008000000000000229,0.7475813063924932,0.0175223925537503,2.0966327405636602,2.0998458938149693,1.9622627339942937,0.9344794014523053,0.35656283140532896,0.43569318206734775,0.02983988793670669,1.1559174398315886,1.1666887916143427,1.0822819315491539,0.9276526348141261,0.37692413580231654,0.35590464030420527,0.01776238183993012,1.0612403039716582,1.0944905213310612,1.0350078923730155,0.9456526778452992,0.33536668271290054
223,3,1.0,0.023089261959719498,0.8523,-0.000200000000000089,0.7690502536462068,0.01804341736994457,2.0985340008013638,2.102338197632843,1.9566266109413506,0.9306907010225289,0.3664702374860407,0.43570799156172835,0.029842700831043137,1.1062597855344491,1.1110548620607714,1.022057486789184,0.9198983071758347,0.3938568474232586,0.550323280905849,0.027504834089741005,1.0954757823867414,1.1641970557458805,1.0259140161016789,0.8812202462102894,0.5023600610383604
224,3,1.0,0.022525249461497584,0.854,0.0017000000000000348,0.7606912153012567,0.01786419518386316,2.1055872711416725,2.1095149947296457,1.9675879883655727,0.9327205510656907,0.3612727079646533,0.44868797540331723,0.030933079340894485,1.1680537204565118,1.17379814622228,1.0846572094410751,0.924057695040588,0.3841329962357861,0.45357426048686394,0.023085548049212697,1.0441629637265417,1.0790144720749104,0.9790518602994391,0.9073574874457,0.4343902975337206
225,3,1.0,0.02196699141100894,0.8528,-0.0011999999999999789,0.7262882980197762,0.017072539253043223,2.025045981733516,2.025943866163354,1.8912836665057624,0.9335321171002603,0.35865274397277935,0.37390245513754744,0.025922182487714402,1.0775294812601568,1.0781978094144788,1.0112900227323542,0.9379447944543133,0.34699974491674546,0.4355520253358663,0.022189058279514635,0.8717496061829886,0.8869172428452347,0.7726039382047128,0.8711116447868302,0.4996297357023867
