round,phase,gate,lr,acc,delta_acc,params_global_norm,params_global_relative,params_local_mean_norm,params_local_rms_norm,params_disagreement_rms,params_disagreement_relative,params_retained_ratio,bn_mean_global_norm,bn_mean_global_relative,bn_mean_local_mean_norm,bn_mean_local_rms_norm,bn_mean_disagreement_rms,bn_mean_disagreement_relative,bn_mean_retained_ratio,bn_var_global_norm,bn_var_global_relative,bn_var_local_mean_norm,bn_var_local_rms_norm,bn_var_disagreement_rms,bn_var_disagreement_relative,bn_var_retained_ratio
1,1,0.0,0.19999451693655124,0.1,nan,9.241089490246676,0.16494600970213583,18.25552855812323,18.27804914321564,15.769887271720458,0.8627773756464514,0.5062077200791117,44.931443021059366,nan,67.74336439273195,68.1057414786602,51.1816114733194,0.7515021547684978,0.663259692278879,455.8152195212951,13.814866413384639,620.8542107481148,644.7748959561252,456.03414300455785,0.7072765175330112,0.7341743224581635
2,1,0.0,0.19997806834748455,0.2476,0.14759999999999998,6.786207258354846,0.12225636522154887,13.34269195724225,13.356704744941052,11.504301434415343,0.861312850295106,0.5086085536638186,17.234068392317358,0.38356365239014806,32.846696377784646,32.9421981424616,28.074459946187638,0.8522339591540621,0.5246819404332349,311.04772718779185,0.6480729173014628,350.9408629966283,352.62498484606886,166.1134955703378,0.47107693075931983,0.886325190323534
3,1,0.0,0.19995065603657317,0.3236,0.07600000000000001,6.74345359295426,0.12153831556651297,13.364568320277892,13.389091613357445,11.56691862098372,0.8639061524864122,0.504576985305429,16.51124277917198,0.38090998291682476,31.006176152854657,31.280632188434176,26.56796556941477,0.8493423473467431,0.532514641527373,111.24551947514824,0.5209742002990251,142.2101879094985,145.261315125435,93.40922814814824,0.6430426990660809,0.7822612508320715
4,1,0.0,0.19991228300988584,0.3095,-0.014100000000000001,6.73765526834776,0.12110258824022449,13.028323217301052,13.03711907255672,11.161114343943698,0.8561028154937977,0.5171544454316611,16.205035281659487,0.35329035916716284,29.689982914560094,29.94956812931089,25.186771401480566,0.8409727743897217,0.5458081713382351,84.52553975331054,0.44704560963775425,123.63923926194084,129.54789497440373,98.17377444925052,0.757818368786678,0.6836465531321783
5,1,0.0,0.1998629534754574,0.2474,-0.06209999999999999,7.266352541179556,0.13002103870621307,13.838624609879282,13.971379890967178,11.933129285617138,0.8541124340432675,0.5250776537425667,22.950567245135872,0.4910276464064512,35.172699207773746,36.05163904572112,27.80273602269676,0.7711920111991857,0.6525108326080195,164.529236136798,0.9167712500751332,215.46501564008375,254.5098933425847,194.17881676561387,0.7629519395705306,0.7636006970692184
6,1,0.0,0.19980267284282716,0.4153,0.1679,6.496232569573891,0.11571092806176796,12.805803622470503,12.842023471375178,11.077749197515844,0.8626171118755627,0.5072881609846703,19.6607162079581,0.4092261981720619,29.40152651374833,29.986529922516056,22.64173591304014,0.7550635559214568,0.6686971235580109,163.11776223464852,0.6166542498512031,177.39192748069496,177.8827412482316,70.95678448366994,0.39889639650117176,0.9195331746558769
7,1,0.0,0.19973144772244583,0.3587,-0.056599999999999984,6.300363977973837,0.11150648828232108,12.688833767737947,12.785485593097953,11.125378835798934,0.8701569255848052,0.49652821475152875,14.354009272873187,0.3016502868797656,24.784134551145314,25.109256051621337,20.601872632183166,0.8204891690071748,0.5791612066683952,54.49997956105198,0.31046159294933456,75.34441656301878,76.6890347336359,53.95331673908396,0.7035336528420271,0.7233446358359903
8,1,0.0,0.19964928592495046,0.4538,0.09509999999999996,5.856611114071413,0.1031931191071452,12.334835361636754,12.378760917957568,10.905678631972771,0.8809992134311414,0.47480253626135777,13.509507908408965,0.29372778361266444,23.199468748974,23.612785238691067,19.366383548316918,0.8201651500469268,0.5823197097565618,44.35662909412361,0.27152410291609586,64.17671835087589,67.10326512105661,50.352137377123476,0.7503679185548793,0.6911638711660337
9,1,0.0,0.19955619646030803,0.3732,-0.0806,5.453968457681394,0.0956131719370106,11.770939643290415,11.818812254839024,10.485158558562082,0.8871583990404028,0.4633418081274612,10.80642820212073,0.23127279188925057,19.90030919549714,20.062047453133502,16.902865345992808,0.8425294270427389,0.5430281557919667,34.32189294268042,0.21731648082595761,49.35684599241325,50.34490064675022,36.83227861847608,0.7315989930522113,0.69538262124683
10,1,0.0,0.19945218953682733,0.481,0.1078,4.650375820920169,0.08126149500568025,10.899009270399985,10.992911384615983,9.960828512532022,0.9061137822389519,0.4266787655231991,8.290024011153177,0.18330193628734184,16.661586149985943,16.851810342328445,14.671707889093366,0.8706309643327109,0.49755311028177057,27.233563896755125,0.17878388785646251,36.625301198408586,36.77143655237594,24.707722946421228,0.6719270516186774,0.7435724214040991
11,1,0.0,0.19933727656003963,0.5006,0.019600000000000062,4.853572750478871,0.08462754521827083,11.209335105187602,11.30065314477877,10.205272771917263,0.9030692864538007,0.4329938131863567,7.742880760748962,0.17332406837280967,16.01753781722364,16.233689212333424,14.268162631296358,0.8789229881557808,0.4834001860400199,16.641763505102933,0.11321479842692377,28.10203056993909,28.339657385849925,22.938784842318178,0.8094235060785026,0.5921907836405504
12,1,0.0,0.1992114701314478,0.4415,-0.05910000000000004,4.707098107050371,0.08197678490577072,10.879086753302534,10.910520646013987,9.842900339451996,0.9021476296869451,0.43267401150390217,7.051817156708746,0.1622451830179733,15.035838029413132,15.097168793716744,13.349021729339258,0.8842069603735871,0.46900060661161486,16.23733580863487,0.11110659274665595,26.66187175535642,26.780396892622687,21.296445112721678,0.7952251491309414,0.6090095983367244
13,1,0.0,0.19907478404714435,0.519,0.07750000000000001,4.405144448824239,0.07658154135424698,10.559124988330995,10.682171517569301,9.731571820040614,0.9110106315026671,0.41718839900961613,6.396160368688183,0.14780208876776754,13.831449202412696,13.948978038568445,12.396092962624746,0.8886739177845125,0.46243602352040347,14.19426195465433,0.09670192849048058,24.24101654914827,24.43413065212922,19.888428998909298,0.8139609827770237,0.5855473068085116
14,1,0.0,0.19892723329629883,0.5032,-0.015800000000000036,4.199404031993653,0.07299687999545935,10.615841179842764,10.644026234349598,9.780608361044392,0.9188823989818017,0.39557901826634645,5.454679968498582,0.127410656100707,12.758534144523686,12.866507031022014,11.653045465061522,0.9056883454822079,0.4275318705667987,17.008820622181517,0.11372316907105849,24.513892783151448,24.55363498399028,17.708218032628608,0.7212055585323683,0.6938441304545391
15,1,0.0,0.19876883405951376,0.532,0.028800000000000048,4.081904423720234,0.07092235534437416,10.352851747483221,10.3921771098423,9.556955620277433,0.9196297868351532,0.3942782648957129,5.320950039670275,0.12516589789935081,12.22154799412277,12.31243337709568,11.103310592418268,0.9017966028610808,0.43537447483977243,11.901254634405294,0.07651323372143393,21.570873007244167,22.022141299345318,18.52929786313648,0.8413940139275796,0.5517280005500234
16,1,0.0,0.19859960370705051,0.5999,0.06789999999999996,3.8555020197062686,0.06692113412709125,9.97534724013051,10.100374215387305,9.33555907526686,0.9242785342591271,0.3865030386306458,5.046351441636267,0.12004005636085072,11.304707649879981,11.47549531692119,10.306373264329743,0.8981201228963496,0.446393803177196,13.692080073110215,0.08663966516924303,20.817223434475622,21.209785085655334,16.198205881678238,0.7637138149331583,0.6577284485708415
17,1,0.0,0.19841956079692416,0.4977,-0.10220000000000001,4.410966453037926,0.0765936858607322,10.709770367750789,10.73789690879615,9.790087043293097,0.9117322625134688,0.41186377499934146,5.255428395557158,0.12675652519177472,11.65512150521383,11.712363271094963,10.467087672212072,0.8936785369391576,0.45091150643141575,10.769906161834417,0.06636761488051193,20.063766636697803,20.295346300206674,17.202038625919855,0.8475853711224766,0.5367838630128218
18,1,0.0,0.1982287250728689,0.4138,-0.08389999999999997,5.229356483084902,0.09069602876359624,11.322791813823489,11.436854277328868,10.171305998728421,0.88934472295331,0.4618433835991416,5.759198443025955,0.1373076758035275,12.462447525120934,12.65959442461604,11.273728914008606,0.890528443161443,0.4621241879989435,14.23786664028879,0.08436526612869376,24.070391554843376,25.023037179870197,20.57754709242692,0.8223441041353902,0.591509556786744
19,1,0.0,0.1980271174621722,0.5762,0.16240000000000004,4.023105181735419,0.06973207633694702,9.889762963532922,9.952381748118073,9.102995485544987,0.9146549756560837,0.4067949046473652,4.770998364628608,0.11325865566223907,10.336803627618782,10.407374386858788,9.249379290841276,0.8887332142601027,0.46155451302964046,12.331857421305141,0.06990397928874169,19.728179184520254,19.796375379312725,15.486181424519977,0.7822735792686113,0.6250884740027783
20,1,0.0,0.19781476007338059,0.5512,-0.025000000000000022,4.020882436486572,0.06971589848629187,10.204330449448676,10.246999967032801,9.425153176469633,0.9197963508141644,0.39403687056251824,4.2134478690056305,0.1022150547325412,10.097137622661794,10.135559212316924,9.218265462045162,0.9094974701388899,0.4172913182394445,7.952797862712091,0.045357743879998705,16.770908077935424,16.90484422002929,14.91733058956922,0.8824293436490108,0.47420198272836267
21,1,0.0,0.19759167619387474,0.5909,0.03969999999999996,3.9581984293251615,0.06863986921566018,10.21513037754558,10.252894161772067,9.458039098005548,0.9224750542407687,0.3874838874328895,4.238614560981017,0.10264965297823807,9.873048707330096,9.922725680167911,8.971880086202676,0.9041749591177708,0.42931162264338085,7.982233277735842,0.045165462798309505,16.86089285439094,17.10129620699936,15.124095075608396,0.8843829667962994,0.47341699794130987
22,1,0.0,0.19735789028731607,0.4953,-0.09559999999999996,4.014469629059271,0.06968918450246793,9.912504947210573,9.955390619820275,9.110095267552175,0.9150916940832845,0.40499042880063957,4.047285154406766,0.09818204564824991,9.171953168400849,9.206392566189825,8.269047542186732,0.8981854165718001,0.44126753376265,8.244923312503404,0.04600208179256692,15.91560941058077,16.055069551232766,13.77630611374798,0.8580658009476008,0.5180400636762387
23,1,0.0,0.19711342799096362,0.5634,0.0681,4.231273131065279,0.0734635741762155,10.531337926907534,10.592263575015318,9.710426079865002,0.9167470211720972,0.40177925733960074,4.331677364230443,0.10601259072859057,9.788376868821462,9.87505671592354,8.874306542521408,0.8986587923299295,0.4425327531092481,8.030244867276625,0.04417078361619003,17.878735462765604,18.13938257957304,16.26506229776324,0.8966712194537154,0.44915060598108164
24,1,0.0,0.19685831611286314,0.6036,0.040200000000000014,3.6847079305189427,0.06392318850906006,9.103497726405127,9.135008350159637,8.358905729539785,0.9150408416861174,0.4047573846073771,4.1784333118274235,0.1024253509484844,8.446514294361137,8.49348301746682,7.394589062700258,0.8706191614786666,0.49469321500076435,12.13988989314841,0.06558486141647857,17.13130487278495,17.278484537226728,12.29508645017735,0.7115836127692461,0.7086377823112602
25,1,0.0,0.1965925826289068,0.5991,-0.0045000000000000595,4.2459004715763,0.0737942639799502,10.42179378401344,10.56841852103936,9.678005936814557,0.9157477930636272,0.4074059187478185,3.9060445013303613,0.09582891329241729,9.090972782525968,9.20181903257442,8.331643788111428,0.9054344318897629,0.42966188490172214,7.7147811837619535,0.041058319829305565,18.037974779089637,18.38679932868721,16.690012479104755,0.9077171170876316,0.4276966387992318
26,1,0.0,0.19631625667976582,0.6579,0.058800000000000074,3.4831361718229403,0.06057518256239776,9.323905434636588,9.34442759503005,8.670991255911703,0.927931771928275,0.373570516801225,3.679727296667554,0.08992807307912801,8.142109429263126,8.162432980058744,7.285939943809879,0.892618654463665,0.4519378336334366,8.26321434582322,0.04350029205549383,14.967958909009912,15.0760442462233,12.609776700382094,0.8364114945829353,0.552060197122081
27,1,0.0,0.19602936856769435,0.5951,-0.06280000000000008,3.5139998517933937,0.061201314027438135,9.573071737432274,9.590720282590743,8.923772779723873,0.9304590809433233,0.3670712962541668,3.3510869847045677,0.08337225708780356,8.133067920630303,8.165094613539047,7.445736112866983,0.9118983263856794,0.41203233729355876,7.8948280105027555,0.04241447185471375,15.0954476052036,15.425509657196804,13.252096501981645,0.8591026680145283,0.5229939659279335
28,1,0.0,0.19573194975320674,0.6051,0.010000000000000009,3.847904068431391,0.06715194045251895,9.730144090065373,9.755967022234886,8.965072597865765,0.9189322367975836,0.39546218769361907,3.4899780106484006,0.08682311600385167,8.163090333142245,8.195378091182912,7.415138239090995,0.9047951365500334,0.42753147009522213,7.045428629939554,0.0376798182554883,16.467127149343746,16.629397109942516,15.063159557251522,0.9058151331442702,0.42784807368298794
29,1,0.0,0.19542403285162768,0.5321,-0.07299999999999995,4.462556568473856,0.07796936570857174,10.483882271291742,10.582672030263142,9.595756123008123,0.9067422760118855,0.4256587829771589,3.605783929841984,0.08952334984682311,8.637290520616919,8.716835505805415,7.9360911404022065,0.9104325916345177,0.4174670194588338,7.868791293316882,0.04162140167865859,17.62337374159971,18.217269808771615,16.430186350577575,0.9019016857655827,0.44649744190255225
30,1,0.0,0.19510565162951535,0.5914,0.05930000000000002,4.791916259134212,0.08367649825637008,10.697226733191545,10.793333013852475,9.671275781952659,0.8960416369568385,0.4479587446964894,3.8081928823950166,0.09404373353085295,8.848903655834123,8.943048062085053,8.091710133670508,0.9048045003779107,0.43035759349512837,8.878550621252687,0.04628435121886883,16.48980872565416,16.80037632104985,14.262675875417791,0.8489497855799532,0.5384265378069429
31,1,0.0,0.1947768410009586,0.5398,-0.05160000000000009,4.651087095083233,0.08115235612940667,10.320065393722727,10.366176776957142,9.26417881994726,0.893692922596159,0.450683878215762,4.129865139973475,0.1012694994995923,8.750760324034207,8.786926301434233,7.755919510396585,0.8826658201435735,0.47194357827749955,7.524856601971096,0.03858337704990242,15.044132839480566,15.320853706134486,13.345597593675468,0.8710740177834788,0.5001854664712538
32,1,0.0,0.19443763702374814,0.5692,0.029400000000000093,4.891980644083723,0.08540426888196068,10.666615296849152,10.744114043677966,9.56579904160815,0.8903292540194919,0.45862539408623665,4.008014227093021,0.09856074567820883,8.88265196319514,8.96114681150403,8.014859518661364,0.8944010947764127,0.4512181996660506,6.419948313657664,0.032716396912807026,15.092923261035654,15.268246459502596,13.852928657452201,0.9073031860073536,0.4253614891312405
33,1,0.0,0.19408807689542254,0.607,0.037799999999999945,4.075953418013677,0.07113034661339346,9.51256188605609,9.597064858636728,8.688512958502715,0.9053302323661618,0.42848114596640674,3.3784442332295916,0.08274024548609947,7.552259673148781,7.589305213453562,6.795856660918241,0.8954517534584359,0.44734217034952783,7.92548905656902,0.04047131099454795,14.260788694041693,14.489447986273099,12.12974502451567,0.8371433498368642,0.555753908609583
34,1,0.0,0.1937281989491892,0.6631,0.05610000000000004,3.985770619465331,0.0696727921409585,9.856675126383488,9.919278714471217,9.083266067917751,0.9157184034627631,0.40437272897394866,3.3462918375565236,0.08183350207683594,8.132346479819791,8.190084584691272,7.475280403939974,0.9127232236297785,0.4114792508976666,6.3696372155216165,0.032918099235196514,14.964503030636102,15.599532907418777,14.239843062835732,0.9128377847815938,0.42564976614868977
35,1,0.0,0.19335804264972015,0.6145,-0.04859999999999998,3.4439854003907175,0.06028943817923389,9.205085308882564,9.252333892260715,8.587470356191826,0.9281409919042127,0.3741394332399505,2.992406851539108,0.07397283845511045,7.172318056505439,7.213853897868121,6.5639308702235715,0.9099062669072605,0.41721613960286297,6.152812677825683,0.031240574867640102,13.638833536258737,13.82948033599432,12.385371832411712,0.8955775294156214,0.4511245526582956
36,1,0.0,0.19297764858882516,0.6356,0.021100000000000008,3.579819333987349,0.06278583139642709,9.499469722348314,9.558764063524391,8.863118175156034,0.9272242850911139,0.3768441227372427,3.2391258689408056,0.08132582623939652,7.678154271939309,7.738165797877856,7.027608005419862,0.9081749072043842,0.4218625667341122,6.176023838081811,0.03151474465842221,13.193062807002168,13.375230562911234,11.863962259029941,0.8870099250421929,0.46812661536060524
37,1,0.0,0.19258705848099947,0.6783,0.04269999999999996,3.520212396332421,0.06182153482791219,9.339940494389117,9.368714601801987,8.6822184827257,0.9267246203716948,0.376898803418197,3.1557407209764126,0.0792506955781715,7.426937219279447,7.452989890851268,6.751915182212423,0.9059337636430406,0.4249047255690387,5.11532847458078,0.02661545191317797,13.024668523935496,13.69170568190323,12.700245534120755,0.9275868054122052,0.3927415477161907
38,1,0.0,0.19218631515885007,0.6771,-0.0011999999999999789,3.393770251605108,0.05968707801322241,9.192823846267133,9.237595185977145,8.591594049035594,0.9300682565174327,0.3691760343023643,2.8751365615870252,0.07270532363535795,7.353289007652544,7.417034937723077,6.8371044821197495,0.9218110120185901,0.3910000761013038,5.92245532954675,0.031000299774108675,12.912269458782582,13.02726675362645,11.60319860585977,0.890685577051667,0.4586688148393971
39,1,0.0,0.1917754625683981,0.6996,0.022499999999999964,3.2455125667424483,0.057194737404653695,8.988886130249249,9.023237690971328,8.41935071712665,0.9330742473459466,0.36105836915885536,2.655929351085521,0.06757502553073401,7.097927568150451,7.13569917114724,6.623008651987477,0.92815132660962,0.37418377767097905,6.633132780180068,0.035000927596425986,13.459184316707827,13.686950213412679,11.972226385309693,0.8747183410937943,0.4928331928663683
40,1,0.0,0.19135454576426006,0.5801,-0.11950000000000005,3.510453356024746,0.06197714405937112,9.29526779296187,9.338601648350561,8.653681167367754,0.9266570620769778,0.3776602712492876,2.8433148432807585,0.07347976524791403,7.084245742031734,7.1282424962843995,6.536620137759916,0.9170030538617524,0.4013574552349319,4.846870777086848,0.026142541494863794,11.916111420667693,11.972061512369269,10.947059963432926,0.9143838721612536,0.40674936696884834
41,1,0.0,0.1909236109047069,0.6267,0.046600000000000086,4.077013653615201,0.07205495550862297,9.789461905603936,9.898302091560607,9.019664270511978,0.9112334809625819,0.41646963775213547,3.230025774753072,0.08392214401906826,7.721859396622578,7.850465761542729,7.155190126736006,0.9114351102309513,0.41829637252471025,5.330244872782798,0.028577978543639398,12.54036654520786,12.73517591648606,11.566035435730061,0.9081959693040037,0.4250469755861867
42,1,0.0,0.190482705246602,0.5555,-0.07120000000000004,4.264697568728171,0.0754025014561435,10.166064463564481,10.246630948841561,9.316963029971753,0.9092708692728986,0.4195032978605429,3.536258940120974,0.09169080772467891,8.076376220024866,8.10279177734129,7.290412007717193,0.8997407570195939,0.4378521807036481,5.8445133905826525,0.03161555154684642,15.008063970367756,15.229247092253157,14.06312893442513,0.9234290342284084,0.38942487199696013
43,1,0.0,0.19003187714021938,0.5721,0.01660000000000006,4.345382741891309,0.07688525110274304,10.069915940540934,10.107510666376722,9.125755878302025,0.9028687853537897,0.4315212527640906,3.4828187556081582,0.08960523408142385,7.788386178800793,7.824763420549125,7.006917706167961,0.8954798157560437,0.44718105595329133,6.007709627522223,0.03238316295201211,13.153582887834249,13.382289135713584,11.957969901345011,0.8935668464547322,0.4567356041887838
44,1,0.0,0.18957117602394133,0.5225,-0.04960000000000009,4.357014654893405,0.07711900527288247,9.972410670302,10.13379308526784,9.149327022156493,0.902853151349367,0.43690686223629605,3.2724529732334897,0.08404670312267815,7.598069886807829,7.673703128905602,6.940948882273426,0.9045109988850092,0.4306952978828605,6.057839467405149,0.03256868228199649,13.608628340498234,13.841365689903986,12.445319280580877,0.8991395473106099,0.4451469549930674
45,1,0.0,0.18910065241883678,0.5883,0.06580000000000008,4.6245043038693865,0.0818702431859405,10.29956018655195,10.391960320158141,9.306277380590657,0.8955266469347949,0.4490001728333568,3.581175280371327,0.09216976941181125,8.007596909306908,8.084916913869018,7.248521659269391,0.8965486889339755,0.44722222171411635,5.576020870217328,0.0303834334832738,13.89527727512158,14.532649927512221,13.420354755671124,0.9234623294864224,0.401288924273628
46,1,0.0,0.18862035792312148,0.5719,-0.01640000000000008,4.295830391880233,0.07607839014216466,9.551840857404146,9.640492514612674,8.630465638106418,0.8952307804839538,0.44973848036321745,3.4392277502611432,0.08890496953342568,7.39407552737419,7.449914838174929,6.608550900722096,0.8870639523096953,0.46513289423789456,8.638630047997722,0.04728718972587675,13.982268600448142,14.210525680357586,11.28331342748177,0.7940109804015247,0.6178274995890758
47,1,0.0,0.18813034520649924,0.6705,0.09860000000000002,4.0137803525720335,0.07113684118450478,9.796436214920478,9.889925892820388,9.038816360327784,0.9139417684504119,0.4097184184651597,3.1161001400941704,0.08117780809689944,7.5719153692449535,7.616450855828807,6.949837678739884,0.9124771905304464,0.41153393667749055,6.009843049863909,0.03237733683668482,12.392296002452225,12.556167930112126,11.024476162184827,0.8780128000475363,0.4849660667139215
48,1,0.0,0.18763066800438638,0.6008,-0.06969999999999998,3.5809151793408893,0.06343661458500313,8.905943036726917,8.921426969628525,8.171224243426053,0.9159100075855119,0.4020815274220455,2.9511138582189824,0.0766802631988681,6.646415228646983,6.652177316811281,5.961744050061737,0.896209431308349,0.44401587272177445,5.910756613666685,0.03239235233518205,12.103801928699163,12.257593888539402,10.738323615372094,0.876054771680126,0.48833884167021674
49,1,0.0,0.18712138111201895,0.6471,0.04630000000000001,3.447934355374027,0.06119630887656179,9.093215595290292,9.113916151046105,8.436540526456927,0.9256767767704963,0.37917657612339445,2.5893129565848705,0.06859344436923573,6.955129575801738,7.009309248620329,6.513514793818957,0.9292662889857569,0.3722882411268941,4.502482277586291,0.025183368452337946,12.042057344774419,12.236886130476842,11.37844542232943,0.9298481084980104,0.37389643220226965
50,1,0.0,0.1866025403784439,0.7116,0.0645,3.5694744531154337,0.06346074585165076,9.117491007728484,9.199036865940341,8.47827407570198,0.9216480159018601,0.3914974470596957,2.774199940701197,0.07353956237867257,6.834778908243168,6.8897862826391885,6.306581467375968,0.9153522632867765,0.40589461311694214,4.023458248538825,0.022515567918779386,11.74909183202315,11.975102258360968,11.278956400777039,0.9418672306453264,0.3424484467448409
51,1,0.0,0.18607420270039435,0.7193,0.00770000000000004,3.344961837102996,0.059596620054617785,9.037910762549359,9.060635588156856,8.420590695742604,0.9293598240226266,0.37010343706463744,2.741739502497165,0.0730240040572564,7.014632044316761,7.0443660023704675,6.488910243545578,0.9211489353849622,0.39086006011085306,5.733139992447585,0.03206643025564968,11.255933585062467,11.410023715344702,9.865078087039953,0.8645975094489035,0.5093438006826839
52,1,0.0,0.1855364260160507,0.6891,-0.030200000000000005,3.133214207606319,0.05592878855730887,8.628237546692372,8.64986428677424,8.062451305069246,0.9320899193062303,0.3631349033508511,2.5970861877936278,0.0693912944347002,6.3894442866428545,6.4024957786586425,5.852101868967502,0.914034475192352,0.4064651120321749,6.4530442856774135,0.03676790378901828,11.01421789501124,11.363021318953441,9.352890516570763,0.8230989148080015,0.5858831146422337
53,1,0.0,0.18498926929868642,0.6438,-0.04530000000000001,3.657181704817255,0.06543702520365872,9.370421785640021,9.414667876802323,8.675309400661805,0.92146738623013,0.39028997717283237,2.9338919989232064,0.07956822164950536,6.907825355702658,6.944338618679892,6.29413345366128,0.9063690294033767,0.42472005991019635,7.4314781593871055,0.043598728397273814,12.619165072510638,13.240727337955343,10.95855966343215,0.8276403088536366,0.588904108685899
54,1,0.0,0.1844327925502015,0.5826,-0.06120000000000003,4.196806100533719,0.07521588566548032,9.988471325482816,10.132721924462883,9.222736669778435,0.9101934049440832,0.4201650046115396,3.019361969366383,0.08098372932196383,7.199802064442606,7.253822115965014,6.595558332106003,0.9092528361827027,0.41936735792751767,4.561772689756197,0.02741758094635862,11.45402393660415,11.583073573382354,10.64696256770114,0.9191828490296068,0.3982681296114574
55,1,0.0,0.1838670567945424,0.6884,0.1058,3.8879768377000214,0.06967579309773926,9.50317476337275,9.564592579121728,8.73871085054626,0.9136521789356443,0.40912399640224534,2.8736451115141595,0.07809300067118573,6.852053805329105,6.89101967654509,6.263251194810942,0.9089004949629038,0.41938449305217296,6.443529428335651,0.038365650063150854,12.244733026784825,12.609168874976366,10.838450184333274,0.8595689606348927,0.526228658006729
56,1,0.0,0.18329212407100995,0.6929,0.0044999999999999485,3.462738307665723,0.062096058051306226,8.814433861428133,8.841373812710428,8.135068192468704,0.9201135892222617,0.3928486346489737,2.5758432019496604,0.06964677253904233,6.382287718968939,6.416667641596686,5.876959829246114,0.9158897043612072,0.4035924601603183,6.075865880111624,0.03551849951346824,11.210202104842697,11.453321272113861,9.70888414168757,0.8476915918988857,0.5419943211806065
57,1,0.0,0.1827080574274562,0.6996,0.006700000000000039,3.200229224565453,0.05748537218457649,8.586983287629947,8.635931815309867,8.02108790917745,0.9288039878867019,0.3726837606841009,2.6049205723264306,0.07117234426334713,6.185498477242411,6.2200292528403045,5.6482877008214105,0.9080805686311179,0.4211334918132166,4.704839532677589,0.028291209647061086,9.958818106875139,10.18028453065102,9.027883248946159,0.8868006804490398,0.47242950741610296
58,1,0.0,0.1821149209133704,0.724,0.024399999999999977,3.1347148616778004,0.056434122885753724,8.736342062123592,8.77930900489659,8.2005993224478,0.934082547712352,0.358813201152958,2.4433734433340932,0.0674919581328628,6.378131642794624,6.408477856207667,5.924399969598402,0.924462891583474,0.3830860791489577,6.890513314383381,0.04107564513799104,11.697131025531752,12.418936153883248,10.332029638567263,0.83195770640439,0.5890772104153752
59,1,0.0,0.18151277957285544,0.6904,-0.03359999999999996,3.2022026817290445,0.0577373696770639,8.687414008443355,8.693664451004334,8.082431549082552,0.9296921447375197,0.3686025183808211,2.4170230847286245,0.06767050744980765,6.239571723843939,6.244037979878571,5.757257170083469,0.9220407032494431,0.3873700298198668,3.864050782241204,0.023798432880256418,10.662012221403243,10.921789121211232,10.215412067137482,0.9353240530251684,0.36241290124244957
60,1,0.0,0.18090169943749476,0.6621,-0.028299999999999992,3.58239444493837,0.0647591679396573,9.196523275894394,9.223026813670666,8.498863075473716,0.9214830713574885,0.3895379087799862,2.557789663495541,0.07194376200310351,6.451975671048085,6.473926462437099,5.947220815214815,0.9186420095627706,0.39643510668725807,3.9977109158252997,0.02491505738297537,9.884514412233987,9.928654882946798,9.088260663869294,0.9153566894020112,0.4044418116156889
61,1,0.0,0.18028174751911144,0.6472,-0.014900000000000024,4.17900462218575,0.07556852192365676,9.779249058193436,9.921964462832605,8.998960972966497,0.9069737154044794,0.4273338982694604,3.0717931304602737,0.08659403144055117,7.0517856393202765,7.174153973514658,6.483253157923082,0.9036958478808478,0.43560500667124147,5.332587575195778,0.03303696163795716,11.447510167367373,11.818227076185265,10.54674915241884,0.8924138184543297,0.4658294683499839
62,1,0.0,0.17965299180241964,0.714,0.06679999999999997,3.7180520948683973,0.06722021493354179,9.237862406352304,9.341142452229922,8.569307477495508,0.9173725292509417,0.40247970053242227,2.825913863935631,0.0795325604693614,6.823102153919798,6.906863723113161,6.3022993000472685,0.9124690384374061,0.4141684823393966,4.897628372440885,0.030892295303130462,10.549502767342428,10.60257851326157,9.403610775824284,0.8869173441217499,0.4642520581730383
63,1,0.0,0.17901550123756904,0.7187,0.0047000000000000375,3.2248624863344695,0.05835977790965346,8.73421208562156,8.772494098097074,8.158242139934117,0.9299797809728707,0.3692219120306575,2.7271229130018995,0.0766661516242325,6.513511613408599,6.553677611327803,5.959319756947322,0.9093092627331631,0.418687042391679,5.414342194927361,0.033734233853629496,12.04082434382878,12.337949267410584,11.086476007766075,0.8985671579190112,0.44966540830755874
64,1,0.0,0.178369345732584,0.7498,0.031100000000000017,2.9599485665104965,0.053683890687728754,8.185375463611154,8.217076069138855,7.66544478690802,0.9328676919150578,0.3616142692133333,2.512651016597883,0.07140898933266464,5.998928239626082,6.022715364264982,5.473544192550076,0.9088166817622921,0.4188499872361365,5.192048191110142,0.03319838286170446,10.529655258714952,10.670371719869502,9.32199044146085,0.8736331485155474,0.4930881461492201
65,1,0.0,0.17771459614569712,0.6961,-0.05369999999999997,3.0900356500511488,0.056187985496827506,8.236467108753628,8.252541261582909,7.652196883250032,0.9272533927061244,0.3751651781340925,2.516887560932065,0.07283758950733499,5.929401729382807,5.9583516589857455,5.400669589891492,0.9064032972519812,0.4244758030915285,3.9177915705445026,0.025722636637896503,9.209080502228483,9.374483528674528,8.516563655716986,0.9084835052156901,0.425427008656993
66,1,0.0,0.17705132427757891,0.6437,-0.0524,3.883032809004149,0.07078276078629407,9.36076065440269,9.517897492945288,8.68978875916209,0.9129945731820504,0.41482022160002824,2.6068893172988292,0.07613055471884705,6.3557183014074194,6.443025827124698,5.892088701833019,0.9144909332859924,0.4101643895579129,3.550111084973463,0.023609644820482147,9.059181606339873,9.278139647267592,8.572082264609909,0.923900974818199,0.3918798892925377
67,1,0.0,0.17637960286346427,0.6997,0.05599999999999994,3.621626729303726,0.06607828895167665,8.950545650794735,8.970891913670327,8.207357752132463,0.914887597700921,0.40462636252597123,2.7563922273939374,0.08010585283624719,6.147397390766236,6.166573966211749,5.516243026641385,0.8945393433803446,0.4483836088967025,4.320388325404714,0.028780211355767738,9.006506602316511,9.11859474232689,8.030132838804926,0.8806327143293782,0.47969634800395217
68,1,0.0,0.17569950556517566,0.5922,-0.10750000000000004,3.4876336410411115,0.06369529471461718,8.534657435227128,8.550579796980777,7.806972954036912,0.913034336781883,0.4086436588123349,2.503215546721454,0.07270239303307482,6.06705120532438,6.080641613183791,5.541490359462072,0.9113331638304824,0.41259179492743664,4.064853963636055,0.027587254394854425,8.973840253790213,9.06124961857943,8.098350108503508,0.8937343577753817,0.4529670518615721
69,1,0.0,0.17501110696304598,0.6801,0.08790000000000009,3.829771481620866,0.07013807156991085,9.177990742618857,9.302545647489055,8.477629728789864,0.9113236365658843,0.4172777668904115,2.6964493317988407,0.08010513984763437,6.251293967483864,6.346174954230046,5.744832250331638,0.9052432830428694,0.43134259016204246,5.034210093254851,0.0347349818436414,10.153248428735546,10.70990587013347,9.452977808769816,0.882638738696217,0.49582260579846715
70,1,0.0,0.17431448254773943,0.6947,0.014599999999999946,3.4587054979486225,0.06344508983874922,8.726056482150087,8.74730401369987,8.034468478180868,0.9185079729248495,0.3963652429965022,2.64634049720363,0.07821675067756906,6.030093024540679,6.061061936127592,5.452829948121508,0.8996492703067999,0.43885566714042623,4.533719841710713,0.030724056378944004,9.251165706237458,9.43852700174567,8.27835811834603,0.8770815739378544,0.49007011501846964
71,1,0.0,0.17360970871197345,0.7159,0.021199999999999997,3.216661423809729,0.05912045202220847,8.474923386156174,8.523787762943186,7.893544651861238,0.9260606752995536,0.3795505017855571,2.461522923513948,0.07315090111317024,5.951280193738944,5.977812804877046,5.447490408271596,0.9112848772760529,0.4136123394263302,5.642156177679778,0.03898956648453474,9.817584977425932,10.21462284854645,8.514964260129409,0.8336053505236463,0.5746989907042386
72,1,0.0,0.1728968627421412,0.7475,0.03160000000000007,3.1021143213994713,0.05713783377259069,8.20487929872619,8.223040522979629,7.615463365986409,0.9261128343834231,0.3780816522043262,2.413942615673239,0.0731198757018717,5.8247080604671595,5.860722049209817,5.340500415250649,0.9112359143479074,0.414431520106028,3.1667860512429944,0.02262478912361031,7.72567560475553,7.851424177178348,7.1844506700951385,0.9150506338681975,0.40990409295643776
73,1,0.0,0.17217602280983624,0.7018,-0.045700000000000074,3.1479281744034324,0.05815265951633374,8.206235722328799,8.236013000045126,7.6106805611438695,0.9240734031262663,0.38360196817623227,2.1580222647214042,0.06556347908317786,5.44316318373661,5.470472462008507,5.026828971090978,0.918902161742234,0.39646473785119374,2.781419842759132,0.02009031930119445,7.426797856152575,7.525288520214169,6.992401742368498,0.929187196422536,0.37451131653663133
74,1,0.0,0.17144726796328036,0.7142,0.012399999999999967,3.2891349060945245,0.06094509827548236,8.575365642901389,8.601281732693732,7.947555538663236,0.9239966537143339,0.38355622874427997,2.5847183232340267,0.0794149499983377,5.910171842650487,5.932302084251589,5.339610375207399,0.9000907740997207,0.43733386981771394,6.181127763537629,0.04496811631388466,9.627997259459926,9.99568904354118,7.855412565886308,0.7858800460546705,0.6419951727203081
75,1,0.0,0.17071067811865473,0.6652,-0.04899999999999993,3.203490430702723,0.059473374636523205,8.463634299822814,8.493693205639365,7.866414267417331,0.9261476812223975,0.37850057282954536,2.3424073137103676,0.07191133036549313,5.804410982789652,5.819958493236959,5.327761724054031,0.9154295052525062,0.403556419532613,3.5996280002577734,0.027254526038126628,7.8888501895175285,8.077999393111154,7.231649200128718,0.8952277473919846,0.4562931116426641
76,1,0.0,0.1699663340513366,0.6956,0.030399999999999983,3.0496675528428225,0.0567202929823525,8.218466924173914,8.255632985889662,7.671701509208854,0.9292687214076922,0.37107499257221416,2.111395974909501,0.06559658894754548,5.417302907598337,5.447394895242333,5.02156533800105,0.9218287703699992,0.38975039995419974,3.783644403693044,0.029171898690668677,7.957299795274019,8.017199559207505,7.068206999187187,0.8816304180765427,0.4754935092354089
77,1,0.0,0.16921431738704065,0.6749,-0.02069999999999994,3.1788592562738645,0.05930113281270332,8.313542879978037,8.349416339935665,7.720596296743907,0.9246869460582435,0.3823711866489179,2.3653639218602653,0.07380006616819719,5.567734724043471,5.593208743837435,5.068435501321408,0.9061767106235363,0.4248341631015173,3.072015470879195,0.0242350602918245,7.367501827694819,7.44249411364543,6.778897338912029,0.9108367753335901,0.4169684029573404
78,1,0.0,0.16845471059286887,0.6693,-0.005600000000000049,2.8746217919587425,0.05373580868776547,7.81686988960542,7.8298624101249334,7.283082788008686,0.9301674035281645,0.36774589222487974,2.0993541571630816,0.0662001349639706,5.2092454658718355,5.217197646043743,4.776176779000508,0.9154678628329013,0.40300542005880063,4.636469792079733,0.03637104165352466,8.280526715951748,8.716638458981894,7.381257776568453,0.8468009555865629,0.559924501318009
79,1,0.0,0.16768759696826607,0.7255,0.05620000000000003,3.5402832086043854,0.06632263802558527,9.035355920371073,9.086104753169318,8.368016133796866,0.9209684855193887,0.3918255395587106,2.409121197654317,0.07699022777624774,5.8996215064297,5.933888596646145,5.4228375942795575,0.9138758684051743,0.4083518230836906,3.824462843579667,0.030880808793711252,7.386222356837166,7.493562169406459,6.4441456202071095,0.8599575841935704,0.5177833348111294
80,1,0.0,0.16691306063588585,0.668,-0.057499999999999996,3.312329104000373,0.062072880357656214,8.287472660756379,8.30442239810808,7.615241766567652,0.9170104074068489,0.39967903842207836,2.2701767389885497,0.07139490915969951,5.549025350417319,5.568889468715533,5.085157629198462,0.9131367497533321,0.40911269919100646,3.016957364631365,0.024796117577763267,6.8644771569901835,6.953133446013191,6.264505669665195,0.9009615187606037,0.4395028631655012
81,1,0.0,0.16613118653236517,0.721,0.052999999999999936,3.2090205337472715,0.06024999474036755,8.388576793518519,8.46029852170138,7.828080104538213,0.9252723275022182,0.3825464810939967,2.265599443310319,0.07217466692936533,5.468139417093503,5.506827446955331,5.019183920498392,0.9114474656861544,0.4143273004759195,2.392800692691953,0.01965383468961886,6.704001878286288,6.806023645360216,6.37153504598005,0.9361611681034396,0.35692124437524964
82,1,0.0,0.16534206039901056,0.7344,0.013400000000000079,3.2136258423124238,0.060417795666134595,8.507206217603791,8.520140698216451,7.890843211346654,0.9261400123355322,0.3777533728596507,2.3752652032614607,0.07550302034333298,5.580614228170936,5.608982909644988,5.081220773639098,0.9059076940494201,0.4256279158790665,3.929728904028756,0.0322521128491179,6.891437229971825,7.046559190929573,5.849033021976796,0.8300551891348263,0.570233577248272
83,1,0.0,0.16454576877239505,0.6132,-0.12120000000000009,3.3775910128037134,0.06364724411671073,8.59776863978577,8.607718240569614,7.917366482908649,0.9197985182173806,0.3928450687977425,2.3294439989534115,0.07463855942596218,5.646131520154891,5.661589343355675,5.16016323767145,0.9114336849116957,0.4125734568240287,2.510328578077869,0.02113722592378512,7.079923872230788,7.2932631219634,6.847622736941098,0.9388969823836093,0.3545699958616785
84,1,0.0,0.16374239897486897,0.6692,0.05600000000000005,3.9219809430043875,0.0739755914260124,9.1919169669424,9.219603248546651,8.343809018872525,0.9050073841504858,0.42667715092611364,2.6490040540815345,0.08545611364251633,6.038800330629662,6.056875109051718,5.446881083335671,0.8992889873518378,0.43866395791319773,2.805846978723677,0.0238110291826954,7.284094416366491,7.390088883952209,6.836713037758951,0.9251191893787734,0.38520189584847686
85,1,0.0,0.16293203910498377,0.7021,0.03289999999999993,3.2728550244487895,0.06166427621423236,8.326768406503426,8.379451247238094,7.713859158448899,0.920568534961215,0.3930522460421264,2.2778045382904324,0.0733781020658252,5.252644563304547,5.277344846813188,4.760459528112324,0.9020558000842045,0.4336490906320565,2.888912945580883,0.02467732343589417,7.283233625723343,7.4623820925394595,6.880504564129671,0.9220252298536787,0.3966525164561046
86,1,0.0,0.16211477802783106,0.7157,0.013600000000000056,3.1188174561853144,0.05886613627273821,8.179099565764044,8.212489582041691,7.597233877716142,0.9250829242242288,0.3813155019215092,2.3276801755529233,0.0748361715801296,5.207907836498629,5.234192076027608,4.688141626272788,0.8956762683097341,0.44695110755221523,2.6866731319242474,0.02326976693943462,6.531229457381613,6.5932123552349315,6.020982555747582,0.9132092569363391,0.4113579456143226
87,1,0.0,0.16129070536529766,0.6996,-0.016100000000000003,3.4372920037894987,0.06492421859704128,8.631310818584627,8.709909205108266,8.002970805810431,0.9188351585934761,0.3982352247573388,2.3105536828179045,0.07492207263427242,5.503774205888224,5.5655586963564865,5.063278040905687,0.9097519794769896,0.41981258612425526,2.5133223750230953,0.022009662736158057,6.520887555510203,6.710618241960452,6.2221870267192365,0.9272151689113931,0.3854264244902241
88,1,0.0,0.1604599114862375,0.7226,0.02300000000000002,3.240019301451465,0.06123445442697336,8.78900433655714,8.814217534716045,8.197115686990967,0.9299879036006844,0.36864463565854344,2.2732431768821515,0.07376990538275771,5.700046037642426,5.740356342512661,5.271058342656023,0.9182458419208139,0.39881137132400757,2.370842131275232,0.020903377896188027,7.4644176790616115,7.669587472785201,7.2939486160526394,0.9510222866529028,0.31761916779197197
89,1,0.0,0.1596224874965616,0.731,0.008399999999999963,3.589550861326716,0.06785301133329823,8.87371772204811,8.887277955515142,8.130118916533027,0.9148041680735047,0.40451488020719073,2.6181430779623063,0.08459853961045989,5.673859512336151,5.68880517936433,5.050527821767311,0.8878011572777501,0.46143953199227417,2.7674245484474262,0.024374042634497453,7.151773482637363,7.25066300363674,6.7017511168702235,0.9242949387537116,0.3869564039137998
90,1,0.0,0.15877852522924732,0.6512,-0.07979999999999998,3.5384131086083537,0.06683333736474512,8.656202044978416,8.696284075935294,7.943864870519937,0.913478078815585,0.4087720099672392,2.4790963409698286,0.08043556175926489,5.732573650104821,5.7687078463442925,5.208845486068322,0.9029483941311462,0.43245782649901027,4.104249632287469,0.03600870086610274,7.828740099595631,8.006803210006465,6.874885797247519,0.858630544167198,0.5242541686240754
91,2,0.0012179748700879012,0.1579281172342679,0.7258,0.0746,3.5046869302352177,0.06618259145896342,8.802830394585847,8.836809127372529,8.11211221497337,0.9179911094657043,0.3981318250083251,2.3577290795343764,0.07636666476812567,5.561513020285438,5.591961044440731,5.07061550738539,0.9067687466146356,0.42393662856396025,2.9494435231200344,0.026477698369409962,7.178413581946993,7.409919703318144,6.797623778587214,0.9173680756005028,0.4108767890634772
92,2,0.004865965629214819,0.1570713567684432,0.721,-0.0048000000000000265,3.2097978198716897,0.06058813367892289,8.3800414605395,8.394064631535986,7.756127824621565,0.9240014421002035,0.3830288710367604,2.2157091742826456,0.07184026655631,5.39851474066481,5.409970461147432,4.935424307059563,0.91228304156263,0.41042940155235885,2.7420808214171695,0.024788187024306883,6.834038855745208,6.922449543679221,6.356202447624928,0.9182013400774695,0.4012386934428928
93,2,0.010926199633097156,0.15620833778521306,0.7125,-0.008499999999999952,3.1503008680545466,0.05952120957617686,8.345712330033862,8.372222640277071,7.756914085753737,0.9265059493803701,0.3774753722001061,2.3754296608271788,0.07640888164221778,5.368049865480952,5.376684222345963,4.823491319409672,0.8971126292600236,0.4425125921616884,3.1694850981774128,0.02890996869967993,6.453756660355114,6.617854810913314,5.8095082981274,0.8778536949083723,0.4911070040256234
94,2,0.019369152030840553,0.1553391549243344,0.714,0.0014999999999999458,3.2771165144868473,0.06193854893269844,8.55787512059624,8.578258833233415,7.927611981205401,0.9241516414138364,0.3829357718249254,2.0852399448208767,0.068688334772708,5.394872198253618,5.4140723594758455,4.996394049775988,0.9228532088292418,0.38652258444526133,2.2953253311842436,0.021275842791982073,6.425084051528437,6.523418790347636,6.106266663826862,0.9360531433091476,0.357244405330109
95,2,0.030153689607045786,0.15446390350150271,0.7458,0.03180000000000005,2.9909057441265645,0.05651857236994413,8.25074886145521,8.277809262710399,7.718588535453326,0.9324433905748188,0.36250112497049747,1.946323333272737,0.06387282438718601,5.254682489877906,5.269654199191501,4.897048258735873,0.9292921458655113,0.37039789502447373,3.065635100466595,0.028591011515099442,6.755387703706416,6.934100995184362,6.219614563142492,0.8969604808845341,0.45380594496221166
96,2,0.04322727117869957,0.15358267949789964,0.7736,0.027799999999999936,2.880268048799465,0.05446820958629687,8.120285396559966,8.155888617576403,7.6303718795864945,0.9355659741530321,0.354700347110909,2.00136522257843,0.06613350793537177,5.132708326194785,5.164752263857593,4.761218652802986,0.9218677701390455,0.38992381709368906,3.303663288199938,0.030716023510002168,6.265510685866677,6.32358543685385,5.391990364457579,0.8526792937805605,0.5272775762161132
97,2,0.058526203570536506,0.1526955795496678,0.686,-0.0875999999999999,3.1020795572108346,0.058722174540465424,8.159974613782488,8.171908771747788,7.560237782509789,0.9251495573038347,0.380157991174545,2.068831242262614,0.0682045861387205,5.084555226042602,5.097156465207861,4.658426991009927,0.9139266221877608,0.4068853912071324,2.6136457839443636,0.024810568107177654,6.15435755167612,6.250995190740134,5.678362373137436,0.9083933357602061,0.42468214789251973
98,2,0.07597595192178702,0.15180270093731305,0.7532,0.06719999999999993,3.070046126258853,0.058147548207075,8.380853991322848,8.4160882483651,7.8361570901680855,0.9310925526108081,0.36631662232004497,2.121687435742851,0.07062559316418413,5.326623562358403,5.359113451733004,4.921233522705996,0.9182924688997938,0.39831751031481893,2.304431289938077,0.021973740480978273,6.121862051134454,6.176526124172001,5.730538407817452,0.9277931142217364,0.3764265301455198
99,2,0.09549150281252627,0.15090414157503715,0.7391,-0.014100000000000001,3.0456614560628363,0.05772875795556978,8.1673876648713,8.178146314332153,7.589863196793068,0.9280664474652255,0.3729052153557632,2.1687113257320756,0.07175330104926746,5.30561812593276,5.314715455338158,4.852101817794738,0.9129560855268807,0.4087575234885196,2.896661311096691,0.02759253216533715,7.084125116654006,7.174450864015135,6.563695906246341,0.9148708424735118,0.40889471365870655
100,2,0.11697777844051102,0.15000000000000002,0.7652,0.026100000000000012,2.9902792273332013,0.0567493257678697,8.052852838830418,8.08633463622453,7.513124381125173,0.9291137108608473,0.3713316618570549,2.2246487425543213,0.07501712387884386,5.246738988980207,5.266988133697209,4.77410740162064,0.9064207627651161,0.4240059868094791,4.038928950900559,0.03929443510723462,7.1967530991670206,7.618836979743388,6.460166577095005,0.8479203051950052,0.5612154391357458
101,2,0.14033009983067443,0.14909037536151407,0.7065,-0.058699999999999974,3.0372004221020057,0.057685399346401205,8.050081574560513,8.084606707689636,7.492414772204706,0.926750681029212,0.37728815465672083,2.014467677483203,0.06799423621144172,4.997916059091582,5.0202675399670955,4.598369931901448,0.9159611306156779,0.4030615267774928,2.4046592961061886,0.0240904805911093,6.153311789182456,6.241748587498931,5.759951064019105,0.9228104886433943,0.3907910696697652
102,2,0.16543469682057088,0.14817536741017154,0.7559,0.0494,3.1368584354577345,0.05962266472617887,8.35790598833198,8.388995549038272,7.780447623461225,0.9274587854982458,0.3753163100706005,1.9773766624501354,0.06694628830913783,5.224656772713955,5.251798442079301,4.865323010391776,0.9264108407910433,0.3784701557386677,2.4831560960709536,0.024890070037566443,6.757771015028466,6.970278163371576,6.512965495519509,0.9343910447856701,0.36745194392481106
103,2,0.19216926233717088,0.14725507648690542,0.7372,-0.01870000000000005,2.8686082736152163,0.05453567389921994,7.9165306718771316,7.919850993855612,7.382081437455286,0.932098525992782,0.3623567434413824,2.095777635873766,0.07065334002854574,5.185213849206892,5.191734480075779,4.749928787558793,0.9149021017518335,0.40418345256759797,2.9764719831775066,0.03003409861779925,6.166556041558421,6.240382814368158,5.484798760021071,0.8789202398597415,0.4826797912997298
104,2,0.22040354826462666,0.14632960351198618,0.7059,-0.031299999999999994,2.989334100660792,0.056900492962660684,8.062149273673306,8.079357126153193,7.505990474179327,0.9290331343173511,0.3707862505625353,1.9115005515360908,0.065129583855989,5.090071527295558,5.0981383624552015,4.726222698367985,0.9270487308021772,0.37553510619362623,2.362259813554265,0.024284894388808285,6.077804256255007,6.149841585886309,5.678052821711782,0.923284403738583,0.3886699396617013
105,2,0.24999999999999997,0.14539904997395467,0.716,0.010099999999999998,3.4416529916712584,0.06550681628443335,8.545248596334634,8.584709702086569,7.864621103275905,0.9161196331850754,0.40275633328531923,2.265008580390186,0.07767381801784708,5.339529723051632,5.380629985152697,4.880667403825025,0.9070810327587535,0.42419626781208275,3.643223284275866,0.03791072797722014,7.063577314464475,7.25510915483199,6.274035963823166,0.8647748545098846,0.5157759478069898
106,2,0.2808144266054613,0.14446351791849274,0.7227,0.006700000000000039,3.182046751230947,0.06056676818437231,8.017234092945987,8.050148401791965,7.394556619970584,0.9185615284215821,0.39690081571033214,2.073264401779398,0.07034565082020805,4.986174889440757,5.001881357279596,4.551965749069918,0.9100507237032155,0.41580258369395723,3.8068762352877648,0.03856333300664436,6.5216039046623235,6.628107899567398,5.42581886033696,0.8186075034612957,0.5837331262277692
107,2,0.31269670329204396,0.14352310993723275,0.6933,-0.02939999999999998,3.3329376625465894,0.06348614612606485,8.33685920994013,8.354106970628722,7.660458848262324,0.9169692075041511,0.3997833690861291,2.2798027305921633,0.07817616259459532,5.311408241723585,5.335549318991065,4.823959527993578,0.9041167534190787,0.42922754697770193,2.692384846324167,0.028181623465910934,5.819622110119631,5.865199643293673,5.21072279262528,0.8884135425097203,0.4626391190662414
108,2,0.3454915028125263,0.14257792915650727,0.7609,0.0676,3.039816705465121,0.05793579543277402,7.836651529530283,7.87794101625376,7.267837991157702,0.9225555225867654,0.3878973939329063,2.1851836972712446,0.07430056914689283,4.927007908722254,4.945849708241468,4.436936151448256,0.8971029071212598,0.4435113029558622,2.4950823365834793,0.026275650634310747,5.666609407535349,5.800030489178822,5.235924671068869,0.9027408874552623,0.4403130967992194
109,2,0.37903905220016615,0.14162807922604012,0.722,-0.038900000000000046,2.977589095530735,0.056792656746296674,7.499208705936994,7.517322871753822,6.902471024300455,0.918208668439178,0.39705377090964666,1.9476274293355462,0.06726797679441238,4.591995225107694,4.605145416669384,4.173021888233275,0.9061650633502389,0.4241353341759778,3.9670027961564647,0.041814701530783954,6.30235072788894,6.759510788136957,5.47301377294097,0.8096760171677203,0.6294481166530171
110,2,0.41317591116653485,0.14067366430758002,0.7371,0.015100000000000002,2.9250996091374315,0.05585701064134346,7.7651777795909025,7.813771327152733,7.245606582480365,0.9272867453008249,0.3766944804310116,1.9384890458902493,0.06727894242266973,4.799975281519617,4.832671490297221,4.426846914277579,0.9160247956364436,0.4038539642805298,2.109970370742074,0.022884108534158135,5.3219493880596564,5.478198714016016,5.055560405228874,0.9228508619620135,0.3964656964750568
111,2,0.44773576836617324,0.13971478906347803,0.7304,-0.006699999999999928,3.1247523095004635,0.059775134995212864,7.862409822653422,7.882635319573846,7.236840646344558,0.9180737599739421,0.3974293352780122,2.033031493986103,0.07046443641116133,4.99093021220509,5.012402082465538,4.5815889689200375,0.9140505676803986,0.4073452057122374,2.074792422209404,0.02266568688596288,5.42768820619656,5.571796527000613,5.171088133975534,0.9280827303934613,0.3822607974866172
112,2,0.48255025164874954,0.1387515586452103,0.6939,-0.03650000000000009,3.504016810866109,0.06708519594148761,8.167138354922534,8.215457254322944,7.430720279221585,0.9044804262491375,0.4290385026665004,2.3020124026725703,0.08008098116024281,4.955642937506544,4.982679106873221,4.4190304921503,0.8868784036392369,0.46452345976137643,2.4641602295163603,0.027015405341106555,5.877617653460476,5.984681957123698,5.453837099054005,0.911299403732254,0.4192447305696338
113,2,0.5174497483512503,0.13778407868184672,0.6962,0.0023000000000000798,3.157738433127468,0.060472723169062916,7.7905183336480945,7.8810150423179985,7.220739991681756,0.9162195418875841,0.4053309802877753,2.116416435305663,0.07486115957597415,4.8225605274405146,4.905525389008777,4.425489916128307,0.9021439224520114,0.4388574126261744,2.2850964817325408,0.024968141764688322,5.557392871254087,5.612319644603784,5.126057477585791,0.9133580769075526,0.4111813821103642
114,2,0.5522642316338268,0.13681245526846783,0.7579,0.06169999999999998,2.728244262159244,0.05228714919177839,7.361006678355036,7.3759132033262125,6.852793510668724,0.9290772981952141,0.3706346674268913,1.8516611613159686,0.06546618241714787,4.5235874216950895,4.536061347222437,4.140918188273031,0.9128884887786266,0.4093346693014965,3.61704466072306,0.04008089786130498,6.0782342829186025,6.295132548555792,5.152252408476166,0.8184501865108746,0.5950814812926648
115,2,0.5868240888334652,0.13583679495453002,0.7495,-0.008399999999999963,2.7542146206932774,0.052890186475937864,7.449424561537647,7.470366648453893,6.944111164686587,0.9295542630593343,0.3697217950113419,1.7962808320568173,0.06371700463959343,4.624547646154734,4.644462239898824,4.283036836124,0.922181431324825,0.38842303496438346,2.632619079347206,0.030128566598039173,5.3859677434386315,5.447742685703306,4.769403905731389,0.8754825954331314,0.48879221056500977
116,2,0.6209609477998338,0.13485720473218152,0.7332,-0.016300000000000092,2.829094467686578,0.05441216076046426,7.667254508009384,7.676584370582067,7.136257571829256,0.9296136442109029,0.3689840300372504,1.8060475129201359,0.0638733530458309,4.6465959067175095,4.655220262113176,4.290602338246435,0.9216754732672461,0.3886818542385323,2.406455872293712,0.028162015174714054,5.409764970209102,5.518681358530663,4.96636762395053,0.8999192563045196,0.4448355678196304
117,2,0.6545084971874737,0.13387379202452918,0.724,-0.009199999999999986,2.7139783275947886,0.05226561355438678,7.357912789676148,7.376266119582263,6.858835437958928,0.9298519503994469,0.36885165741604853,1.8871478815925227,0.0670679749578195,4.683974791633064,4.704946352661631,4.309894858091519,0.9160348567318672,0.402894542678478,1.5727555491271175,0.018751465728798197,4.6168357991691735,4.653394286702807,4.3795571114746625,0.9411532403324083,0.34065659199102205
118,2,0.687303296707956,0.13288666467385832,0.7117,-0.012299999999999978,2.9021338314834186,0.05598522179676779,7.574924229998722,7.624220874570972,7.0502739668583265,0.9247205823185254,0.3831238100032993,1.9347587498086496,0.06890628282469309,4.939078346528071,5.0117198353221735,4.6232072272353415,0.9224791846206908,0.39172465267101697,2.0142287779128516,0.0241122044786879,5.898849131771911,6.043480220842716,5.697941068195291,0.9428244752988962,0.34146131438825467
119,2,0.7191855733945386,0.131895930929807,0.6293,-0.08240000000000003,3.3569052235221033,0.06483651818135301,7.81666808165912,7.836268148409072,7.080839329886759,0.9035983960457401,0.4294547482959755,2.2001175308968755,0.07935059081116505,4.891939350335479,4.907484290784138,4.386671261138317,0.8938737245427629,0.44974341939582635,2.2059883671540605,0.02660444577877952,5.370842947644118,5.4585962616156705,4.992984114575587,0.9147011200820578,0.4107341042473978
120,2,0.7499999999999999,0.13090169943749475,0.7118,0.08250000000000002,3.6399925369169233,0.07033564935656354,8.255953129318831,8.32702393006884,7.489311156410174,0.8993982987566915,0.4408930719325978,2.215289079715658,0.08054000786495373,4.952041896318488,4.98499604655927,4.465722784968513,0.8958327636088762,0.44734861418732685,2.0396649846045496,0.024547360877345017,5.313190776881259,5.408026329416336,5.008644135448654,0.9261501017856942,0.38388702199053987
121,2,0.7795964517353733,0.12990407922560868,0.733,0.021199999999999997,2.7335777830991774,0.052815028399038295,7.143532400510721,7.161797601875873,6.619584392543818,0.9242909057929766,0.3826647140151198,1.795388287354682,0.06480172225184458,4.374294718194335,4.380660832576149,3.9958442495685116,0.9121555861741213,0.41044063169474787,3.112741994505516,0.037443794390568795,5.332932310115587,5.367801742524095,4.373118807534875,0.8146945467249148,0.5836830121772256
122,2,0.8078307376628293,0.12890317969444717,0.7863,0.053300000000000014,2.844859526440409,0.055056324411465955,7.555600345398545,7.587979467637739,7.034501167088903,0.9270585400356727,0.37652329350280733,1.8875311233777339,0.06943577476386834,4.532109536333394,4.553169036135634,4.143497860488137,0.9100250457656646,0.4164795904083114,2.611071137885276,0.03235805244462679,4.8700362101084105,4.960721876580525,4.217947730503844,0.8502689397719908,0.5361502512990867
123,2,0.8345653031794288,0.12789911060392292,0.72,-0.06630000000000003,2.699272732671891,0.052302163345122187,7.065454303987583,7.08102121823664,6.546356870104776,0.9244933277766665,0.38203809925548343,1.8895883809792111,0.0694448722592966,4.435952828587068,4.449438550058618,4.028270003880441,0.9053434402026681,0.4259712521742662,1.7930702978775348,0.02269779288361628,4.848397047330579,4.898363597816769,4.558384184314707,0.9305932671773093,0.3698274461380509
124,2,0.8596699001693258,0.1268919820615266,0.7493,0.029299999999999993,3.0863200312392225,0.059884734565436366,7.688663176369388,7.726515947831438,7.083337995760247,0.9167570537077958,0.40141178777668773,2.101935659589407,0.07782804080578327,4.7616016913346035,4.81178844291564,4.328414714020956,0.8995438526383361,0.4414345835382688,1.8172068361036178,0.023104614568578388,4.562139900201731,4.604492759196409,4.230734874737719,0.9188275660305479,0.39832334734479835
125,2,0.8830222215594892,0.12588190451025214,0.7088,-0.04049999999999998,2.8529867154940924,0.05539205242367817,7.2331945007464515,7.254784941040771,6.670260215297638,0.919429076052077,0.39442969703077524,1.7742728479394339,0.06501937671461083,4.399258513874312,4.409424321610094,4.0367039898898724,0.9154718837346724,0.40331179500903624,2.0675936298304785,0.026509081949682173,4.946572170630051,5.074791090800393,4.634495908930729,0.9132387572233597,0.41798513364601864
126,2,0.9045084971874735,0.12486898871648545,0.7603,0.05149999999999999,2.788101415784415,0.054228794404684415,7.255135287852385,7.262571908903157,6.706074949232891,0.9233746713078244,0.3842935114459774,1.8472651975200314,0.06874088545680977,4.6385567981803195,4.649433636769984,4.266713508431619,0.9176845701567546,0.39824136641912056,3.025274550575288,0.038567633714530807,5.1932929521493,5.319144063422603,4.375047386133326,0.8225096620748793,0.582534930813646
127,2,0.9240240480782128,0.1238533457578581,0.7624,0.0020999999999999908,2.710831480927481,0.05278375719077096,7.05473801377664,7.074471245760921,6.53448820501516,0.9236716042814758,0.3842568605146942,1.8146149022596234,0.06734203348470688,4.304419419860435,4.323754161395416,3.9245411135418147,0.9076698089317913,0.4215701875814091,1.9921367094247384,0.02610069722117601,4.345489110942761,4.415197026132911,3.9402229365599544,0.8924229005497027,0.45843785557031136
128,2,0.9414737964294633,0.12283508701106559,0.7816,0.019199999999999995,2.438144148331965,0.04755423858155918,6.856824687655668,6.881942887347741,6.435572321853272,0.9351388738905246,0.35557918707202074,1.7061080445314278,0.06356247479606485,4.256965736834037,4.27389139518417,3.918589495158527,0.9168668861295826,0.4007803092632556,2.3005605726893408,0.030577279812371017,4.511710907259701,4.721751140574962,4.123390620223823,0.873275718576249,0.509908684305893
129,2,0.9567727288213004,0.12181432413965429,0.7596,-0.02199999999999991,2.4528786451495255,0.047943124954776616,6.706659827396175,6.718094854759281,6.2542933180171305,0.9309623417398489,0.3657377455062966,1.6454520918798081,0.06243809184213832,4.133627633652128,4.140904879777576,3.799944820955355,0.9176604948142312,0.3980649051414494,1.904757929609992,0.025854017681152492,4.517802524572952,4.59926983310362,4.18630965489803,0.9102117959608989,0.42161159529433845
130,2,0.9698463103929543,0.12079116908177598,0.6989,-0.06070000000000009,2.8746458081019974,0.056310164609757477,7.419476248994069,7.462090952811748,6.88616095352125,0.9228192201177225,0.3874459209289525,1.8829727939202427,0.07146995358357619,4.650949763732464,4.684824136994188,4.2897541490112765,0.9156702628678841,0.40485769349809664,1.7365721972029498,0.023977721653555186,4.390321973517006,4.445262578508992,4.0920261338674395,0.9205364276231274,0.3955455221002422
131,2,0.9806308479691594,0.11976573403791259,0.6938,-0.005099999999999993,2.930571836627258,0.05743925065767213,7.111584428188074,7.143077277555766,6.514238374295653,0.9119652666735126,0.4120842361107881,1.9559806392345802,0.07463900132012234,4.282558027607037,4.316888359254134,3.84833270930231,0.8914598639208774,0.4567318473271271,2.1056946609246348,0.028830726960812198,4.051133629220769,4.103905249630688,3.522510493610746,0.8583313403562955,0.5197791170689333
132,2,0.9890738003669028,0.11873813145857248,0.718,0.0242,2.7528504849057436,0.05404521319476554,6.87545355927374,6.9399128856183285,6.3705733769144715,0.9179615770273274,0.4003882014725629,1.7784837429583498,0.06826048898485357,4.176368464966079,4.220531193255193,3.827516030481723,0.9068801663161391,0.4258445484102646,1.489188776014383,0.02078824768255677,3.869669039600712,3.8838714317983505,3.5870290663057984,0.9235704964221473,0.3848362122896286
133,2,0.9951340343707853,0.11770847403195836,0.7643,0.04630000000000001,2.488542624548913,0.04893866460291083,6.721423635945438,6.73741824412458,6.260987166725107,0.9292858094693841,0.3702404072911666,1.7135277335936443,0.06607264565439634,4.067660821331579,4.079553242419602,3.702239586944799,0.9075110353870472,0.42125629664292125,2.1930846411763913,0.030783393878647074,4.305226334827997,4.335866082359354,3.740337781468595,0.8626506701132468,0.5094005449690278
134,2,0.998782025129912,0.11667687467161024,0.6844,-0.07989999999999997,2.7981847219799993,0.05513414852787572,6.961885960872202,7.0020863384692476,6.418673944042031,0.91668020555217,0.401929123474099,1.8971915200793814,0.07387471273606702,4.332091473785551,4.365220539886712,3.931388357363404,0.9006162051701133,0.4379389335520058,1.6999453650774303,0.024405868623941895,3.855299387394167,3.8934443632280775,3.5027264770301874,0.8996472404002857,0.4409373162135767
135,2,1.0,0.11564344650402311,0.7733,0.08889999999999998,2.3465166382006855,0.046289849365693074,6.694132079406475,6.711876247507058,6.288333839884402,0.9368965707941994,0.3505333642010744,1.5388705750858422,0.06021352587944682,4.189309534343778,4.221665880331911,3.931200879548451,0.9311965918154036,0.36733274599793786,3.1191650306791665,0.04479387918123028,4.760004602166379,4.86100683278304,3.7283008527897326,0.7669811997888498,0.6552861375931377
136,3,1.0,0.11460830285624121,0.8034,0.030100000000000016,2.3983739765016083,0.04737861518509042,6.586289808574483,6.623066562384946,6.173557558960376,0.9321297771673455,0.3641464384666525,1.6514691207812453,0.06506046834997094,4.064057162484515,4.094474580544986,3.746648102142567,0.9150497892806254,0.4063597175812455,2.154774067301013,0.03190394584256483,4.669177242052886,4.800099321394709,4.289278364870693,0.8935811694047212,0.4614890280656017
137,3,1.0,0.11357155724343046,0.7597,-0.04369999999999996,2.3915685773123823,0.047328407593546,6.4485194049463,6.458233306306024,5.999098037913089,0.9289069863820775,0.3708709592279343,1.5625515008669568,0.06144136212642074,3.863226369783194,3.8771652320247547,3.548357778418533,0.915193850679789,0.40446801489260076,1.579415915006695,0.02390088054464186,3.65887877939233,3.6840774361874478,3.328343723461419,0.9034402183754944,0.4316666416778656
138,3,1.0,0.11253332335643042,0.7517,-0.008000000000000007,2.8395097715357234,0.056299492333743185,7.0528778052024945,7.093117452051623,6.499961477613258,0.916375842011921,0.4026030012091211,2.049497211209667,0.0804118473355226,4.46761763630956,4.516446842147517,4.0246557348813425,0.891111060429899,0.45874499074245706,2.1933347671625865,0.03335656647881491,4.155976123575105,4.26769760372809,3.6609477362522127,0.8578273524005439,0.5277544196466194
139,3,1.0,0.1114937150492867,0.8119,0.06019999999999992,2.5416374874013408,0.05042095126441256,6.763858771143478,6.787655984722281,6.293834501783992,0.9272471256572539,0.3757673797455205,1.6372692739623755,0.06446088725631567,4.0542828175713,4.076222812487178,3.7329535612517284,0.9157874171686905,0.40383696639672867,2.0666053382667675,0.03175940314439986,4.736949104343476,5.010906071345435,4.564901047796799,0.9109931383270007,0.43627349434086676
140,3,1.0,0.11045284632676536,0.7197,-0.09219999999999995,2.3566282326619428,0.04681889816983988,6.398188889874973,6.404341198057486,5.9549886299981685,0.9298362541652823,0.3683273928331918,1.6091070246329202,0.06418263978459302,3.931503197959902,3.9370993597060107,3.5932611684677562,0.9126671288113162,0.409285442135187,1.7996929539751851,0.02799517854527034,4.337107033640599,4.406639267082401,4.022385055478931,0.9128010739445251,0.41495239569047704
141,3,1.0,0.10941083133185146,0.8083,0.08860000000000001,2.344431475231816,0.04664264965692619,6.457396923651885,6.472909106998808,6.033423023197708,0.9321037764417381,0.36306138571793994,1.6181778094322121,0.06433575187027375,3.8761694999355574,3.88971341497143,3.537141673802301,0.9093579131531677,0.4174682787889216,1.357518039810693,0.021466466141053294,3.5635186209599388,3.5754386953444106,3.30770424859463,0.9251184345298946,0.38094877120215676
142,3,1.0,0.10836778433323156,0.7687,-0.03959999999999997,2.308144649652589,0.045987024242357906,6.284511185917907,6.300104198699241,5.862062883360465,0.9304707824627381,0.3672751279088486,1.554856775203279,0.06225419632093523,3.746418872178017,3.7595106780290832,3.4229141073259237,0.9104679838601709,0.4150248085578716,1.8685297197820063,0.029760050415613484,3.923494335095687,3.977264023829271,3.5110161702580953,0.88277171171496,0.47624121769923144
143,3,1.0,0.10732381971276317,0.7278,-0.04090000000000005,2.5696789223163576,0.0512861738797706,6.711379569916155,6.722841674617087,6.2123546583213685,0.9240667799417135,0.38288386099260074,1.6805772029046508,0.06770850779010239,4.021212040710381,4.033112325173626,3.666286327469167,0.9090464216890694,0.4179280241605371,1.2967506053961035,0.021069984261656117,3.4314572910056462,3.449648775248145,3.1966412255009566,0.9266570117043325,0.377900843701327
144,3,1.0,0.10627905195293133,0.7858,0.05800000000000005,2.5315431532071586,0.05057245437726661,6.64289396759696,6.677488867354027,6.17900856261153,0.9253491372812994,0.3810904051089249,1.6334430870499705,0.06661131467076116,3.9077883338161996,3.925563252153822,3.5695812824902187,0.9093169701269522,0.41799681751309475,1.220499048930161,0.01977709528686994,3.7330620356292576,3.805839270495217,3.604829356932062,0.9471838143240875,0.3269431467469384
145,3,1.0,0.10523359562429443,0.7388,-0.04700000000000004,2.4462901034109015,0.04893224167055142,6.422962104526002,6.441967819955888,5.95941390347911,0.9250921566261282,0.38086634540270753,1.6433827142214257,0.06651855267695314,4.00230818582877,4.020598212308071,3.6694009671726215,0.9126504996046743,0.4106087382376641,1.9391079318857607,0.031532494580611956,3.6782116341992697,3.7072053819611317,3.1596243209256345,0.852292763789142,0.5271877000921661
146,3,1.0,0.10418756537291997,0.6736,-0.06520000000000004,2.9929394532945697,0.059950648088812425,6.983529497820247,7.006093430666216,6.334639556910827,0.9041614445482009,0.4285711765417113,1.877546864874814,0.07702276637673756,4.041232607272629,4.05646576893495,3.595793738151479,0.8864351243115697,0.46459757389267037,1.6134493100590304,0.026879764130831034,3.633312616160104,3.689572442884643,3.318090416634504,0.8993156979566714,0.44407114952971416
147,3,1.0,0.10314107590781282,0.7524,0.07879999999999998,2.7026627374227368,0.05414361459648549,6.738722027453494,6.780902023870176,6.21902294461616,0.9171380035759128,0.401064582633341,1.7645993016997026,0.07291537784394332,3.9805376116396767,4.003447371162406,3.5935747827271096,0.8976200882799942,0.44330677759199033,1.522572339181727,0.025150288266329292,3.7192072752571317,3.7903234671267776,3.4710688762205564,0.9157711489071856,0.4093808778314089
148,3,1.0,0.10209424198833571,0.805,0.05260000000000009,2.1481732882133455,0.04305787455319573,5.966355020222554,5.992713598596209,5.594458677437853,0.9335434749874169,0.3600478484656475,1.4054891395500875,0.057342689994883594,3.5913404589933586,3.6104848412518744,3.3256881188259215,0.9211195352014816,0.3913550262355359,2.1528501466022467,0.03528398101767135,3.771364872385358,3.8413323269496913,3.181363534004026,0.8281927371095928,0.5708411197139317
149,3,1.0,0.10104717841162458,0.8186,0.013599999999999945,2.1341131957867154,0.04285087731139234,6.0488366529234945,6.061360499817436,5.673240004263678,0.9359680890840517,0.3528138249121451,1.4723860007456864,0.060886143346757994,3.5817034895323183,3.5942777830410413,3.2788583795012425,0.9122440104579426,0.41108539694835083,1.5242223129538215,0.025722711840399152,3.5321689506847864,3.63707593079815,3.3022821952057333,0.9079497536035914,0.43152587949065074
150,3,1.0,0.09999999999999999,0.8165,-0.0020999999999999908,2.032426054623355,0.040885864323275935,5.892266634858563,5.904748703976855,5.543942790105245,0.9388956360448316,0.34493110725837695,1.2205932443486742,0.051070923067584297,3.4919223418570127,3.497727335642463,3.2778421088099234,0.9371348290669,0.3495476487886497,1.135866696896768,0.01949668456623768,3.353763995015351,3.3908968206403203,3.1949943963434113,0.9422269580411722,0.33868414670352165
151,3,1.0,0.09895282158837543,0.7912,-0.02529999999999999,2.21178583996175,0.04457171304323407,6.210539042836601,6.221893162068335,5.81549292281761,0.9346822215257026,0.3561342783140349,1.299796934915493,0.05438156177763473,3.655597638748851,3.6709942629177297,3.433180265092473,0.9352180960271399,0.35556345729568745,1.374984289142323,0.02378327393685632,3.3843547731539916,3.4254436003911426,3.137369332594913,0.9159016170158706,0.40627664098611327
152,3,1.0,0.09790575801166435,0.7962,0.0050000000000000044,2.221403763139064,0.04483231146172095,6.051571210297552,6.086084383882862,5.666196995298573,0.9310086153757196,0.367078843814818,1.471745096202047,0.061590132371298484,3.646780512221811,3.671673333680355,3.363800158050804,0.9161490830882414,0.40357380743635224,1.8836398760763862,0.032787715482561146,3.7531510378486286,3.842222741704983,3.3488177348593156,0.8715834453088684,0.5018822469655049
153,3,1.0,0.09685892409218719,0.7649,-0.031299999999999994,2.1366099837554278,0.04316796208099281,6.025207965193273,6.034657207257749,5.643756325585657,0.9352240121937723,0.3546118235417441,1.3925707474882438,0.05893224616810651,3.644472396287948,3.652915333743389,3.3770604534203237,0.9244836370077107,0.3821048964197498,1.279498414273776,0.02282738755525238,3.389138340274591,3.4039850736625605,3.154361949388257,0.9266673857633229,0.37752911973788295
154,3,1.0,0.09581243462708003,0.6676,-0.09730000000000005,2.543771689301779,0.05145716697322933,6.239662943072466,6.255771926434154,5.715234718332686,0.9135938435003691,0.40767774036993143,1.8803213117230768,0.07956805059175047,3.8163405706334728,3.8496100566836824,3.3591500483966823,0.8725948859585233,0.49270270221479817,1.355840778300356,0.024285494784027892,3.4307498032468486,3.5221751897609708,3.2507558364578233,0.9229398486219059,0.39520246478399373
155,3,1.0,0.09476640437570562,0.7664,0.0988,2.450197492166144,0.0495968092112702,6.298654440055372,6.339089840148737,5.846417044559601,0.9222801998373987,0.3890033205480319,1.5931955505586919,0.06734750647505854,3.7296462831543926,3.7619610107644332,3.4079434758460376,0.9058954800686626,0.42717068311669165,1.1803911884187899,0.02103411451346503,3.360428868920211,3.409419413552075,3.198565072959769,0.938155352857386,0.35126206637966384
156,3,1.0,0.09372094804706868,0.7646,-0.0018000000000000238,2.290024460188225,0.04640041117716148,5.9643206622073,5.994620578390102,5.539969662855879,0.9241568486964485,0.3839539471274376,1.4938161633937193,0.06313680617328365,3.5450823403462297,3.571100923619822,3.2436515933037957,0.9083057753562144,0.4213770005826793,1.733858524668079,0.03087499258585633,3.1837498522356347,3.2010114488415096,2.6907644429345687,0.8405981940203286,0.5445963424075421
157,3,1.0,0.09267618028723687,0.7174,-0.04719999999999991,2.241823830565529,0.04549615476687928,5.880253458028873,5.909889804692339,5.468182834755529,0.9252596944216958,0.3812461225637395,1.3726279914643202,0.058881097587794494,3.417023551674297,3.4476705218570793,3.1626451439243946,0.9173281274629582,0.40170281846367445,1.3525558785818246,0.024599803232055142,3.0847472674058714,3.0959668203921877,2.7848886939976625,0.8995214921731238,0.43846570280594205
158,3,1.0,0.09163221566676846,0.8005,0.08309999999999995,2.2735162255496855,0.04620935573014026,6.077827677051991,6.102141910918197,5.662796110197972,0.9280013793297514,0.37406724019731324,1.3815851334473277,0.05906708926881403,3.5306881634817158,3.5426360582734633,3.2621301141719066,0.9208199940701038,0.3913076061877144,1.6214737108373949,0.02996808335141353,3.237449223638871,3.323494462166231,2.901109762333413,0.8729094618206432,0.5008491558718161
159,3,1.0,0.09058916866814858,0.7472,-0.053300000000000014,2.2349096325466364,0.045455225714394566,5.9710919489677075,5.999833212384,5.568049707498044,0.9280340820150251,0.37428826279136623,1.4301006949975847,0.06137589437025437,3.5017862097031838,3.5271577149196967,3.224229103710691,0.9141153768294417,0.40839177761191825,1.8054304345935126,0.034071848183464655,3.2264233964299596,3.241919141835297,2.692668861866909,0.8305786616079975,0.5595764141157739
160,3,1.0,0.08954715367323468,0.7297,-0.01749999999999996,2.3588093086116144,0.04802661538503111,6.120663836472097,6.141580976775584,5.670541017319888,0.9233031427515267,0.3853845549490615,1.5060813527473242,0.06513464765367352,3.6761900356705333,3.686341013054242,3.3646439944583166,0.9127327023037974,0.40968539116140024,1.4242031237000932,0.02653616356213158,3.274477653023448,3.3145996035070966,2.993027760291077,0.9029832010853521,0.4349405537659031
161,3,1.0,0.08850628495071335,0.7059,-0.023800000000000043,2.185058528852376,0.044509942165335534,5.91825915660526,5.939624757763166,5.523102530060892,0.929873982837405,0.3692062937821288,1.3645272150168373,0.05920583316591424,3.5379272240673814,3.5464974930736317,3.2734858760184298,0.9230193683800995,0.3856854956581349,1.1355912316919359,0.021365791544036554,3.0068012326345706,3.0455820126450024,2.825951814872819,0.9278856399662536,0.3776741938797619
162,3,1.0,0.08746667664356958,0.8028,0.09689999999999999,2.2430862208005524,0.04573016954853266,6.025052444410835,6.0522008014406925,5.62118302807072,0.9287832992475447,0.3722932275687261,1.4053161058881412,0.06136630203364453,3.691477412716041,3.7044673877990895,3.427559674982173,0.9252503305255351,0.38069205057228456,1.368866011365023,0.026024839886438805,3.293387093471263,3.3408924146010817,3.0475839606873745,0.9122065551611815,0.4156407894105836
163,3,1.0,0.08642844275656958,0.7699,-0.03289999999999993,2.0803295992054793,0.04244590617561351,5.651049548612732,5.6677185994589445,5.272121294429196,0.9302016679043463,0.3681315446466359,1.311993178513927,0.05739243061212628,3.316178047241531,3.3336679225851413,3.064639619791544,0.9192996096068935,0.39563411850134866,1.3337765967130557,0.02558156608077633,2.9349895249887616,2.9638512780238675,2.6467822831004355,0.8930212871089686,0.4544399853414001
164,3,1.0,0.08539169714375888,0.7599,-0.010000000000000009,2.2374709934304664,0.0457159941613079,5.848269274082625,5.857821957529128,5.413668036656359,0.9241776339238353,0.3825868626374838,1.533986128595816,0.06728361591421236,3.6103204941093243,3.629809984221079,3.2897426749596677,0.9063126415047352,0.4248891839654403,1.1223017622452938,0.021810896511289795,3.031681692730612,3.1143762428804314,2.9051297469966455,0.9328127112573086,0.3701911598887037
165,3,1.0,0.08435655349597694,0.7889,0.029000000000000026,2.100596856747914,0.04295924930599881,5.610979525146298,5.617107498164452,5.209547927361482,0.9274431598583166,0.37437257564990734,1.3248871974095606,0.058130206451272634,3.325171047358217,3.328787056850341,3.0537676907513562,0.9173815082184305,0.3984418180418591,1.5548504083597803,0.03039001147278976,3.1566187835474504,3.1824984625743014,2.776822300363499,0.872529031205673,0.4925683191343171
166,3,1.0,0.08332312532838976,0.7777,-0.011200000000000099,2.108633292146005,0.043178769803576274,5.589592078518891,5.611776537886438,5.200548203350341,0.9267204722497775,0.37724278668735034,1.3668110189619282,0.06060112417489261,3.305647187861811,3.3239191948188522,3.0298954760409815,0.9115430606026226,0.4134775858660287,1.1582934748319031,0.02312955328117867,3.2654474787582703,3.411747739851148,3.2091089021535186,0.94060556255942,0.35471202105273475
167,3,1.0,0.08229152596804168,0.7955,0.017800000000000038,2.089009849163639,0.042834647832268244,5.558946779204758,5.591927106119922,5.187069170673291,0.9275995684915946,0.37579238156737393,1.4061075502914526,0.062918191772603,3.3570078350428423,3.3896609749113025,3.0842605111489387,0.9099023571906464,0.41885739306697445,1.3066106452801132,0.02623205176596794,2.9938304716852477,3.10948251208124,2.8216399098157083,0.9074307055443536,0.43643441325006394
168,3,1.0,0.08126186854142754,0.8016,0.006099999999999994,1.958928118008785,0.04021155159744418,5.443962965662903,5.458006247371097,5.094353029242811,0.9333725170608876,0.3598349456755074,1.2449810847593488,0.05547165339129962,3.2738690823495147,3.285998154098492,3.0410205633066028,0.9254480436982783,0.38027821316113214,1.325832384388494,0.026698406360457037,3.180428784154167,3.288979897760584,3.0099100410674597,0.9151500266440854,0.4168722126381768
169,3,1.0,0.08023426596208738,0.7674,-0.03420000000000001,2.0279547210226494,0.04167588899594253,5.450611338267891,5.473406718298471,5.08385491148882,0.9288282733480563,0.37206004889482686,1.3261577344631947,0.05969900180808896,3.3139843681291388,3.334001808167489,3.058900760866728,0.9174862333227202,0.4001701840289179,1.0916502920965552,0.022282737150153963,2.682297979207772,2.729176986698484,2.5013412871247125,0.9165185326256957,0.4069832287682589
170,3,1.0,0.07920883091822406,0.7782,0.010800000000000032,2.1596529833063642,0.04443634484062261,5.615920352290982,5.625525415425072,5.194461971792727,0.9233736563609902,0.38455904781935635,1.46131787829343,0.06630386235338914,3.3220090769018387,3.3273928750054824,2.989329966810179,0.8984000624829293,0.4398897909262426,1.1052339835095495,0.022662779322576068,2.5982637354415115,2.6535206173917922,2.41239094176106,0.9091283956678866,0.4253740559257515
171,3,1.0,0.07818567586034575,0.7931,0.014900000000000024,2.0583709692182266,0.04239502659300276,5.484144063802755,5.511714815496724,5.112935470361432,0.9276487702132039,0.3753313088188522,1.331653483607894,0.060397110154352354,3.2333842797314385,3.252863219728737,2.967796885240729,0.912364487766018,0.41184510358246057,1.180294729161809,0.02434340271507501,2.7707282832001696,2.8067338556885,2.5464995603305276,0.9072821618513822,0.4259871804529955
172,3,1.0,0.07716491298893445,0.7675,-0.025600000000000067,1.9312401869779556,0.03980863599292263,5.279013184792283,5.3001943368852045,4.935825297901937,0.9312536454658759,0.3658335600565365,1.1625995601919556,0.05329624390284571,3.1231531757070288,3.1368975591620036,2.9135010688360743,0.9287842570206188,0.372251854066928,1.4097558701772503,0.029491326643637877,2.984585713873197,3.060389485259169,2.716353089991873,0.887584114072931,0.47234558003286925
173,3,1.0,0.07614665424214194,0.7556,-0.01189999999999991,2.079039461170648,0.0429162924787296,5.470574761942697,5.502134245155448,5.094219875245156,0.9258625195723905,0.38004040738716544,1.3534046744717212,0.06229691108085198,3.3171116902441002,3.343723028271816,3.057577399327882,0.9144230468479243,0.40800696535247705,0.936205717824415,0.019885181279728083,2.600171775788924,2.6130245480443386,2.4395527080287134,0.9336126252065039,0.36005533424435343
174,3,1.0,0.07513101128351453,0.6675,-0.08810000000000007,2.4508219728444094,0.050647306470054124,5.827456111923837,5.866700806364939,5.330257964090741,0.9085614112633463,0.420564638458566,1.6696508283680183,0.07718680901070249,3.5433344668216655,3.594198055551519,3.18284862900366,0.8855518198524154,0.4712089259430476,1.2561542224199616,0.026810995223479447,2.766435674701994,2.8210156853180695,2.5259074160029016,0.895389355383221,0.4540695574117324
175,3,1.0,0.07411809548974795,0.7767,0.10919999999999996,2.3382822408605484,0.04835237468496842,5.742728065848062,5.76914284576962,5.274035014608919,0.9141800013629837,0.40717272593252085,1.6116597043149181,0.07381864575455795,3.4372145763703243,3.457041902881978,3.0583805932508152,0.8846813776544574,0.4688853920830337,1.1360667218566383,0.024525821215174486,2.7261411390433468,2.7332827978866034,2.4859982040138315,0.9095283539398212,0.4167307061201186
176,3,1.0,0.07310801793847345,0.771,-0.005699999999999927,2.072834238421663,0.042870786237597804,5.350054741487679,5.362535040960125,4.9457193933358505,0.9222726482082536,0.3874416877172502,1.370715760169223,0.06353753967508236,3.1967481258915376,3.2107346717171095,2.9034385456328047,0.9042910244838257,0.42878441034103854,1.2184122349659443,0.026192509878823572,2.626651384905234,2.665822207194164,2.371092054739768,0.889441181914151,0.4638652247374285
177,3,1.0,0.07210088939607706,0.7415,-0.02949999999999997,2.094533311549369,0.04337069797978922,5.307974082712745,5.318806426031995,4.889031804877093,0.9191971681745282,0.39460126950712554,1.4246055171155756,0.06596993298791766,3.194760984040017,3.206661439294922,2.872834264735805,0.89589572180326,0.44591927979352436,1.1880722372924815,0.02589652039648353,2.620595374899643,2.6603656963114064,2.3803422103735183,0.8947424835893275,0.45335966348409634
178,3,1.0,0.07109682030555282,0.7333,-0.008200000000000096,2.207716344523785,0.04574912281958515,5.320888824494695,5.355813114461113,4.879623203832702,0.9110891473523113,0.41491495450169336,1.4268369006953308,0.06603561334993079,3.111054482117001,3.128875195039203,2.784599924352235,0.8899683594817676,0.45863449479817564,1.1366950343388327,0.02504884151251749,2.610402921934216,2.665834763164925,2.411347125827409,0.9045373551077173,0.43544811599298316
179,3,1.0,0.07009592077439135,0.7681,0.03480000000000005,2.2918829969249117,0.04753157249086427,5.364835889447666,5.377438700798115,4.864578015973593,0.9046273303406687,0.4272046795378994,1.4326401386991152,0.06732134727671177,3.086867899804072,3.092962809076088,2.7411605337498544,0.8862571918763802,0.464108016669598,1.2280941272366939,0.02685861291255164,2.441477052870202,2.4674618587655894,2.1401295844850408,0.8673404927749097,0.5030127667155199
180,3,1.0,0.06909830056250527,0.7234,-0.04469999999999996,2.2120018461822477,0.04590753867325124,5.369160829196534,5.385451126572484,4.910206867655419,0.9117540485007559,0.4119827877298401,1.4265518637219814,0.06691837776845957,3.1998635005923513,3.214448852632099,2.8805609500837224,0.8961290355343566,0.4458164741895714,1.1460359400932665,0.025332597362072957,2.753074597091452,2.791734761726412,2.545660453040811,0.911856129006529,0.4162749317813698
181,3,1.0,0.06810406907019301,0.7821,0.058699999999999974,2.044725136876752,0.042470085698977596,5.028069850284701,5.040759977701111,4.60742447459577,0.9140336963032769,0.40666203886586316,1.5334833120368536,0.07259542658071241,3.163520620470802,3.1795598418808746,2.7853239696875933,0.8760092931730857,0.48473947099122666,1.7154318856063853,0.038562815429821574,2.7358618915441557,2.805713862747944,2.2202078840483233,0.7913165749103972,0.6270169890184674
182,3,1.0,0.06711333532614168,0.7621,-0.020000000000000018,2.045442825651871,0.04252067958898997,5.031407590397765,5.073468787132053,4.642870803991243,0.915127499309162,0.4065349087510848,1.5365744856616668,0.07315007611100241,3.1232628950306673,3.1787856691405687,2.782735536354581,0.8754083558917435,0.4919773126067824,1.7959822171563797,0.040124888839217436,2.997553658983695,3.0720569151020114,2.4923852009858978,0.8113082764624284,0.5991493135656821
183,3,1.0,0.06612620797547086,0.7425,-0.01959999999999995,1.9200229984368213,0.03995928998003408,4.908992776366036,4.918759994766727,4.528544094836182,0.9206678308464507,0.39112361453873445,1.3574327298651578,0.06418388713082931,3.0537569560324487,3.075746151154309,2.75999832860752,0.8973426911618532,0.4445123660491906,1.6636908652686089,0.03789125231782588,2.6201539676274677,2.666749115489607,2.0841500099509953,0.7815320900812792,0.634959199277541
184,3,1.0,0.0651427952678185,0.7916,0.04909999999999992,1.9324443246074958,0.04027140094103,4.933606521484338,4.979430311481044,4.589159530651776,0.9216234074148155,0.39168999720433634,1.2482486122351208,0.05958044640710895,2.8841918845628296,2.9208459546343497,2.640684877549491,0.9040822140447557,0.43278972488486966,0.9754540846019635,0.022542404265541733,2.285591743751943,2.342709819090221,2.129971837922711,0.9091914929309829,0.42678404280577864
185,3,1.0,0.06416320504547,0.7805,-0.011099999999999999,1.807792798324344,0.03771687063999269,4.798088843153957,4.80909464918114,4.456374825096718,0.9266556701801492,0.3767735149180807,1.120670632145363,0.054155804425223296,2.7484859071396874,2.770900786978336,2.5341642602712358,0.9145633334042028,0.4077410872779879,1.0243897380727045,0.023950452097935396,2.31024922231611,2.3751160640831075,2.1428491598372568,0.9022081877352317,0.44341092215398126
186,3,1.0,0.06318754473153222,0.806,0.025500000000000078,1.8551441803293134,0.03874959351173631,4.891591453648838,4.903496942519053,4.539022172248023,0.925670439985267,0.3792516603048453,1.1035223720918141,0.053350769017874757,2.938208179331156,2.9455170802820363,2.7309905104661674,0.9271684515931146,0.3755766456082143,0.9667582818817305,0.022845333675017572,2.436051171116844,2.49324344740877,2.2981824364014685,0.921764153753205,0.39685466928779894
187,3,1.0,0.06221592131815328,0.8079,0.0018999999999999018,1.6739575973496874,0.035010669573138635,4.604188966790705,4.610344268901491,4.295711853410306,0.9317551147723394,0.3635727398296816,0.9799688392832976,0.04765250399985948,2.6949058478232786,2.7077129520701892,2.5241574015293105,0.9322101146650198,0.3636375052118556,1.191850779383248,0.028265900995799325,2.37098171413256,2.390949054248693,2.0727110999539504,0.8668988978542905,0.502682400407839
188,3,1.0,0.0612484413547897,0.7713,-0.036599999999999966,1.7211958712870485,0.03604471134261781,4.651931559156883,4.6561448802760275,4.326334483113721,0.929166637713654,0.36999595746395686,1.0864665984297295,0.05293358643854122,2.7687428559219347,2.776827901518296,2.5554576120795134,0.92027943492006,0.39240429861730813,1.0284108894387622,0.024681403455929316,2.3129271794580446,2.3348708323930847,2.0961859100144915,0.8977738215462835,0.44463608650218517
189,3,1.0,0.060285210936521935,0.7624,-0.008900000000000019,1.7737537504943868,0.03719717993777812,4.7527358634890735,4.756611020259746,4.41351855934351,0.9278703977569516,0.3732068857687876,1.116805796529395,0.05448174310936209,2.924378940408977,2.9323682941642373,2.7113702242008055,0.9246349544826125,0.3818950345652567,1.280524647653999,0.03092714849973375,2.5261120921158575,2.583448837261589,2.243761544643214,0.8685140236884128,0.5069152123734298
190,3,1.0,0.05932633569241997,0.8102,0.047800000000000065,1.6384463415793362,0.03440002400383093,4.519303128154116,4.523497798846473,4.21634035183416,0.9320973590192437,0.3625440239607363,1.0513402160629142,0.05116033753064188,2.6941903193243824,2.7003637851136624,2.4872974584677876,0.9210971766765468,0.3902249252853663,0.9617973868514831,0.023707255774320476,2.1397299457019976,2.179729639016931,1.9560592235660008,0.8973861659504678,0.449494754599015
191,3,1.0,0.058371920773959904,0.6873,-0.12290000000000001,1.6520419090508267,0.034729288564340606,4.519000928859392,4.522176695670836,4.209612762338863,0.9308819724733012,0.365576802275145,0.980736309723711,0.04826463398384964,2.704446630581956,2.7137929919330297,2.5303811099190567,0.9324149326941371,0.3626384409414917,1.0681342389786757,0.026511981347728798,2.2602988203382433,2.289503853083731,2.025072127724055,0.8845026074083636,0.472563286485649
192,3,1.0,0.057422070843492726,0.8222,0.13490000000000002,1.7967687846905551,0.03782502011117266,4.651522430520794,4.666761480951954,4.307004139457281,0.9229107073581813,0.3862754209032988,1.1952808633938212,0.05890447910257056,2.752377666638227,2.7738259283860587,2.5030809037522337,0.9023929288917718,0.43427211239282637,0.8470307046511404,0.021311627449710106,2.226441883313488,2.245118610900398,2.07920522572313,0.9261003920364238,0.3804414168631037
193,3,1.0,0.05647689006276725,0.8224,0.00019999999999997797,1.602829406753202,0.033765469895222076,4.373060770809532,4.38323688796088,4.079669546981732,0.930743569481053,0.36652346966047067,0.9951080303044294,0.04951671100675395,2.555510126571999,2.568399552751891,2.367791488043981,0.9218937472197541,0.3893970209538096,0.8351718261232383,0.02087036315180178,2.216638705988438,2.256543131394869,2.0963006392991335,0.9289876227640805,0.37677399743447165
194,3,1.0,0.055536482081507285,0.7699,-0.05249999999999999,1.6536688381298459,0.03489240293324625,4.384639563699035,4.398175837518842,4.075454598635895,0.9266238434284599,0.3771504622228864,1.0686497802863708,0.05340072535821858,2.6164758878996763,2.6355735878485063,2.4091981694225346,0.9141077223304669,0.40843096824569175,1.0687616537294022,0.02697502019894128,2.2847976379202266,2.3488808149984126,2.0916482383962047,0.8904871737383654,0.46777081523169795
195,3,1.0,0.05460095002604532,0.7755,0.005599999999999938,1.6905320445209324,0.03571067620871549,4.450461346664942,4.461386679714373,4.12868896686367,0.9254272860132351,0.37985546055529107,1.0289371207216678,0.051825198214198245,2.589051773365128,2.606270226364446,2.3945631603913387,0.9187701014915775,0.39741851874375755,0.799346092519359,0.02043083054853079,2.14630630727229,2.20038715345426,2.050061144545244,0.9316820184697825,0.37242871150820805
196,3,1.0,0.053670396488013854,0.7839,0.008400000000000074,1.6205788983026883,0.03427848568705717,4.223928454270901,4.2386455878256495,3.91661084479467,0.9240241401744141,0.38366627556489213,1.008741669253502,0.05087378340776513,2.4731186038830897,2.4919815316821716,2.2786865529670197,0.9144074801504767,0.4078824475581794,0.8649197680549088,0.02235493824516429,2.2589890334307468,2.327346126437823,2.1606608276045582,0.9283796694699689,0.38287913542517177
197,3,1.0,0.052744923513094615,0.7498,-0.03410000000000002,1.5149963559006856,0.03207838813277321,4.112665337578319,4.125692750420641,3.837463600129518,0.9301379991852917,0.36837336168781687,1.0208703009896147,0.05199993665007045,2.491684215773968,2.5097216496322745,2.2927115991319504,0.9135322235706416,0.40971094752972603,0.8882449228026691,0.023290833432762094,2.195299640897282,2.2539551828741358,2.0715538675961045,0.919075003503201,0.40461215692615793
198,3,1.0,0.05182463258982845,0.7444,-0.005400000000000071,1.7847223418567526,0.037838198510672695,4.504747133741145,4.523193173853782,4.15620532355648,0.918865315675955,0.396187019797171,1.27310950977847,0.06505442231576904,2.8804894419197593,2.9061699432452266,2.612473126180449,0.8989402468539689,0.4419768013209522,1.0534929658312941,0.027734139496566154,2.2274745261498,2.2853909424581027,2.0280939606344828,0.8874166441095288,0.4729539904782936
199,3,1.0,0.05090962463848592,0.7848,0.0404000000000001,1.655141719705288,0.035121552242993,4.32441222897037,4.33893606070605,4.01084430435042,0.9243842841274224,0.3827437422864222,1.0591296552744307,0.05422012079790524,2.6739577084530457,2.6960079983445335,2.479254658484908,0.9196021154266896,0.39609065316413133,0.8877939991034652,0.023465390180929167,2.214202095554257,2.2416758268970227,2.0583813966070874,0.9182333020275927,0.40095436676083235
200,3,1.0,0.04999999999999998,0.7766,-0.008200000000000096,1.6040684592301289,0.034072443778613466,4.176184564980156,4.187380450678941,3.8679606326526903,0.9237184627027476,0.3840990344826273,1.0914468792833627,0.05623840327484105,2.578336061575593,2.5876247575413402,2.3461768145682056,0.906691284248436,0.423314437380359,0.8922885140596033,0.023853585917354907,2.3433061159753157,2.3650194745884363,2.1902371544432575,0.9260968791068435,0.38078188247642614
201,3,1.0,0.04909585842496288,0.7994,0.022800000000000042,1.5402314120436493,0.03274975925379753,4.119472763351913,4.128060907865057,3.8299574594672667,0.9277860828482875,0.37389042251863347,0.9479145825194193,0.049067149165264744,2.407347235383201,2.4190084960625233,2.2255471206741193,0.9200245159521739,0.39375897609907135,0.8700708602420276,0.02346322256122043,2.083573570092326,2.114987163312517,1.9277313137202299,0.9114624179094284,0.4175858595688913
202,3,1.0,0.048197299062686993,0.8003,0.0009000000000000119,1.4503871224044858,0.03087690681316963,4.0160745746681235,4.019510318212503,3.7487118404005337,0.9326289880175268,0.36114546566265926,0.9187071970190213,0.04757618356564255,2.366924381582151,2.3723319426078118,2.1872210444275435,0.9219709118881639,0.3881438731916392,0.7747846567591499,0.021069860001604445,1.9465561774325157,1.9619013471381708,1.8024332573156614,0.9187175797319648,0.39802840819168217
203,3,1.0,0.04730442045033224,0.7984,-0.0019000000000000128,1.5281528439924155,0.03257404140214141,4.0346925439324135,4.0464738954683215,3.7468253161744327,0.9259482238030826,0.37875323270679784,0.9991290860457986,0.05181408552117687,2.4474185150732244,2.4638247292770887,2.2521486230032357,0.9140863780777292,0.4082379371947775,0.7926399157851981,0.02148540804237222,2.0414526126717414,2.0707692357187835,1.9130621741147826,0.9238413151578142,0.3882725030525369
204,3,1.0,0.04641732050210035,0.7868,-0.011599999999999944,1.507175101865699,0.03216768593323836,3.954682616784966,3.964466660126909,3.6667995915332754,0.9249162386488313,0.38111151966247686,1.0335979494697947,0.05369120521934101,2.4537427025455183,2.4706714700377868,2.2440795393773727,0.9082873083660336,0.4212332240041052,1.261648836972193,0.03413873776930447,2.121130033445763,2.1583380017862304,1.7511902070260577,0.8113605031171118,0.594800326749724
205,3,1.0,0.045536096498497325,0.7503,-0.03650000000000009,1.4877801258749228,0.031793386078754426,3.946998940477001,3.95363776923136,3.66302634500532,0.926495182111097,0.3769395807578105,0.9625110681806172,0.05039941754629705,2.426763859797534,2.437451250408085,2.2393617405837922,0.9187308834213082,0.3966232908466504,0.7785447628520609,0.021622485999604868,1.9933188840495732,2.0273336554658896,1.871884116847087,0.9233231598559539,0.39057712696244073
206,3,1.0,0.044660845075665596,0.8052,0.05490000000000006,1.5925394628460765,0.03407172537352611,4.012608018763259,4.019586213244686,3.69064919003765,0.9181664465553254,0.39688388584163753,1.0964202889523122,0.05756860224442935,2.4744033988028287,2.4866656568562373,2.2318980188741913,0.897546484675332,0.4431049074224456,0.8088160991073832,0.022464238328044363,1.8627834293963585,1.8839025951451134,1.7014421323160887,0.9031476132050393,0.43419760254657347
207,3,1.0,0.04379166221478697,0.7913,-0.013900000000000023,1.384026741962701,0.029641863770769678,3.7280936577058372,3.7456766647509254,3.4805981923561444,0.9292308183220059,0.371242481824985,0.9125990279411199,0.04845342891299759,2.2981447210414507,2.310203272034153,2.122310605624319,0.9186683402779561,0.3971025060282353,0.8435150441764073,0.023565783460109093,1.893116965092577,1.9290261150481034,1.7348270932729826,0.8993279457130221,0.4455694284769974
208,3,1.0,0.042928643231556846,0.8169,0.025599999999999956,1.3374018130361904,0.028678329621959545,3.6489832947434997,3.657309425381689,3.4040077408712177,0.9307409751134098,0.36651354774979894,0.8755051067068441,0.04682783173094625,2.223502248749796,2.2321646819858083,2.0533022199654867,0.9198704004844304,0.39375049303373205,0.7042430151455451,0.019932099660124467,1.957914720940061,2.011086982321731,1.8837496278019323,0.9366823237188915,0.35969034177720177
209,3,1.0,0.0420718827657321,0.8063,-0.010599999999999943,1.3846260387825071,0.029720370278597873,3.776465252994683,3.7816842807830757,3.51908323604739,0.9305597651104526,0.3666460422704852,0.8566891342535918,0.045948615707783476,2.326545653680321,2.3439801676692844,2.1818173224433104,0.9308173134471444,0.3682236507581146,0.7339636939449982,0.020856816424005668,1.8346455936027213,1.893814358050543,1.745803775456887,0.9218452526962487,0.40005748058604745
210,3,1.0,0.0412214747707527,0.7833,-0.02300000000000002,1.3671088825562066,0.02938009616276292,3.617988446591234,3.622201230485002,3.3543039758532163,0.9260402066077607,0.3778643582580419,0.9757712233485538,0.05222731028016673,2.1837108166128725,2.202887569127079,1.974989713634511,0.8965458525044584,0.44684086186011607,0.6336660502496423,0.018188118463653234,1.655717864992266,1.668623495418777,1.5436229955023317,0.9250876544291534,0.38271378454480964
211,3,1.0,0.040377512503438406,0.8277,0.044399999999999995,1.356836486500806,0.029195459823336063,3.6918968509672174,3.7016698794011873,3.4440317570295096,0.9303994870516775,0.367517441920225,0.8574268559376637,0.04616860836535823,2.1998735740088122,2.215217049818358,2.042548842799128,0.922053594236561,0.38976187816792646,0.5694940487670803,0.016473745475905865,1.6941071927286189,1.721583303607947,1.624661883993879,0.9437021610218056,0.33616175600424847
212,3,1.0,0.03954008851376251,0.7676,-0.06010000000000004,1.3028347780740819,0.02806801230092893,3.471873248446755,3.4826474749341214,3.2297763101902506,0.9273911107673468,0.37525413079436104,0.8823047212101799,0.04766539920854902,2.1498140497246823,2.1647708834061894,1.9768083800036642,0.9131721029494018,0.41040978466168876,0.6235612545027849,0.01817110691373076,1.927407590363029,1.967894124343328,1.8664885197458043,0.9484699896487764,0.3235232950314036
213,3,1.0,0.03870929463470238,0.8045,0.036900000000000044,1.2619733400577842,0.027218155631665773,3.4275769846321165,3.437733786338689,3.197723716744225,0.930183637095971,0.3681823473888311,0.8118472502182906,0.043985856074964344,2.0691778037407187,2.0780572338623977,1.9129103431419827,0.9205282279865491,0.39235258021355635,0.8328767617728899,0.02437001227490267,1.680911285623382,1.7095794743022799,1.49297633361987,0.8733003385111355,0.49549120699966603
214,3,1.0,0.037885221972168974,0.7666,-0.037900000000000045,1.2656096929664493,0.027329278336303994,3.3905615118478947,3.399474224872674,3.1551001893675945,0.9281141672682539,0.37327436430335625,0.8973223619129896,0.048703094446130836,2.070226785282567,2.077814895607201,1.874067087050629,0.9019413091188614,0.4334415766872195,0.5541197076004984,0.016430350026026243,1.70124894507468,1.7089430098016656,1.616613088965712,0.9459724986108992,0.3257134760933969
215,3,1.0,0.03706796089501627,0.7791,0.012500000000000067,1.2683893783493947,0.027423919366265564,3.4700201708517513,3.4784766311980726,3.238979491762028,0.9311488433505573,0.3655279554291628,0.7691962436017759,0.04215858782621099,2.103447885312415,2.1223987787030745,1.9781085961155185,0.9320155175194141,0.3656835279698555,0.5948413580445743,0.017715465808833847,1.6218907584558753,1.6796340781365946,1.5707752444588963,0.9351889586579074,0.3667579674791996
216,3,1.0,0.03625760102513103,0.7621,-0.017000000000000015,1.5014776403310055,0.03250272250236102,3.519624644786332,3.5292089933894344,3.193881807220368,0.9049851718055892,0.4266016384886851,1.0315127735117577,0.05647972028000846,2.138928485943583,2.1473202674851772,1.8833390171214464,0.8770647982227211,0.4822567843153991,0.771947224337155,0.023150458565492582,1.6751182520801278,1.6920131932033171,1.5056583335879647,0.8898620528705538,0.46083148063043705
217,3,1.0,0.03545423122760496,0.7672,0.005099999999999993,1.4531922880562531,0.031487374112590956,3.561134820491379,3.588392042651591,3.280973892172857,0.9143298316279924,0.40807000052183817,1.0027194083989466,0.05541146060812067,2.1918963194588352,2.2265943692764205,1.988033308385157,0.8928583202297465,0.4574666235337771,0.6153034653498308,0.018690813515126026,1.6424059352251312,1.6648974118337505,1.5470245488046153,0.9292011254319221,0.37463543704589003
218,3,1.0,0.034657939600989486,0.7554,-0.011800000000000033,1.3664469210884582,0.02963873044927996,3.341432323728042,3.3694554473039973,3.0799436478290945,0.9140775700991832,0.40894047483323287,1.0557737629574224,0.058668630808402886,2.146032847688084,2.183703409978861,1.9115183502490067,0.8753562143622383,0.49196533226171485,0.6673747106447079,0.020265874949468677,1.502272488371135,1.5453262326729675,1.3937879220224973,0.901937657274896,0.44424344838286994
219,3,1.0,0.0338688134676348,0.8001,0.04470000000000007,1.2750608769051883,0.027685214616618773,3.305753656727656,3.315143578645043,3.0601301859048666,0.9230762147428906,0.3857095867716177,0.9842661292297777,0.055112928034333285,2.107441804202287,2.130522699679292,1.8895362507400464,0.8868885795135996,0.46704308857645727,0.7068250266842299,0.02163601302288232,1.6077436674194239,1.6362807737372895,1.4757418458614957,0.9018879091825295,0.4396378856952669
220,3,1.0,0.03308693936411417,0.7888,-0.011300000000000088,1.1617752604097062,0.02524837481220201,3.116753801512965,3.1237854721149323,2.899709298031251,0.9282677456298007,0.3727516943576827,0.84546052574761,0.047308560723982596,2.007239546633131,2.0195797379113705,1.8340934374488618,0.9081559905852805,0.4212055941034811,0.563415776774536,0.017441343985317506,1.6493059558470367,1.704309456406386,1.6084877888434048,0.9437768374735034,0.3416077985877288
221,3,1.0,0.03231240303173394,0.8093,0.020500000000000074,1.0402490571786136,0.02263459118009356,3.013582246896553,3.017516729318709,2.8325411202903537,0.9386993923741662,0.34518688124403535,0.6161469037024293,0.03455930387893814,1.851574014366265,1.8599351073727026,1.754913572247919,0.9435348390874053,0.3327692541166478,0.5581648362734817,0.0172913952557644,1.7221153253360497,1.7572350818400322,1.6662313600905476,0.9482119821701983,0.3241158289817569
222,3,1.0,0.03154528940713113,0.8315,0.022199999999999998,1.0779464324146726,0.023479368144680702,3.0280666521464257,3.034396102652531,2.836475148512851,0.9347741865451691,0.3559850413631342,0.6806530808885434,0.038372783528300904,1.8986523052485065,1.9144043769203227,1.7893170491862747,0.9346599238687103,0.3584927472012605,0.5556554970084389,0.01739196788214641,1.5558219884353743,1.592556188902718,1.4924752209730932,0.9371570255247438,0.3571459338784886
223,3,1.0,0.03078568261295933,0.8287,-0.0028000000000000247,1.0679886177569309,0.023290321022857177,2.9113290950073227,2.9168806775458056,2.7143310942812473,0.9305595238009603,0.3668388501967843,0.6798640177412387,0.038282994167377495,1.7705260511131369,1.7774935728063286,1.6423362317589327,0.9239618397978183,0.38398984150151616,0.8583043534431254,0.026938135203699066,1.6461761293355295,1.7212327240885303,1.4919644099659755,0.866799933028253,0.5213927830368769
224,3,1.0,0.030033665948663444,0.8196,-0.009099999999999997,1.1086896328187643,0.024204283263281667,2.9907732976739814,2.997819063420407,2.785269563379024,0.9290986228505493,0.3707033340444183,0.8555285546565717,0.04802555868100416,1.9740277121625767,1.9906223564882837,1.7974004467876066,0.9029339196001267,0.4333923730580902,0.6588475415383649,0.021102121674375897,1.4561476936297284,1.4869544397577323,1.3330241359913209,0.8964794753284497,0.4524592830937778
225,3,1.0,0.029289321881345254,0.7954,-0.0242,1.0323999400613846,0.022565095147798128,2.865298950149974,2.8673392470657517,2.6750298678990267,0.932931068633221,0.36031142230633467,0.6813791830354993,0.038691420457587423,1.7378359587343286,1.7406207380250742,1.6017125311192186,0.9201961668781091,0.3920848683161959,0.6094219777454545,0.01955289413410788,1.362125063231996,1.377093633037118,1.2349056720191183,0.8967477899782236,0.4474053038121495
226,3,1.0,0.028552732036719684,0.7913,-0.0040999999999999925,1.0952426922562297,0.02396413396988167,2.8124650372420357,2.8195247274465784,2.5981076216149668,0.9214700606537571,0.3894244649278373,0.8129867122574245,0.046315271594234333,1.8546925546799116,1.8651676802540915,1.678661053160945,0.9000054370083558,0.438340419389742,0.5715123030767045,0.018500017345927926,1.717318367275993,1.796832277629388,1.7035196076293264,0.9480682358827772,0.33279344934931093
227,3,1.0,0.02782397719016378,0.7949,0.0036000000000000476,1.0775265281568303,0.023600080613579218,2.869715929373838,2.874642786507307,2.6650530537691077,0.9270901644816708,0.3754819482749091,0.7361639717297429,0.04206961867478504,1.8752882256413232,1.890461955127053,1.7412378292469899,0.9210647294565448,0.39256044039736065,0.5970422452407961,0.019490511730203417,1.7228326325576326,1.7830020314206017,1.6800703166134885,0.9422705566268466,0.34654686355369096
228,3,1.0,0.02710313725785887,0.761,-0.03390000000000004,1.1269531156098798,0.024707281805689794,2.8034427206304975,2.808005553771149,2.5719393292005948,0.9159309979805711,0.40198899278970346,0.8753043509612788,0.050399226591453655,1.839875738046942,1.8467408065378288,1.6261284853428926,0.8805396402061811,0.47574101492877374,0.46601611124631503,0.015150539539642962,1.3925150812865639,1.4091862948639204,1.3299004689622933,0.94373644833859,0.33465785578117857
229,3,1.0,0.026390291288026606,0.8163,0.055300000000000016,1.1437166535138394,0.025097843462253164,2.8401146401997144,2.8548854204731,2.615775800074939,0.9162454581597406,0.4027008759876729,0.9145840426821922,0.052764840645937776,1.9611618407774787,1.9725549028132274,1.7477153717509202,0.8860160846516137,0.4663480716714417,0.5462394105564427,0.017869954132093434,1.5877290457808702,1.6212542625857462,1.5264627081231759,0.9415319628449971,0.34403817956721544
230,3,1.0,0.02568551745226056,0.806,-0.010299999999999976,1.0503113587229111,0.023070176869297715,2.699216247731495,2.702092646734042,2.4896085610941285,0.9213631383451126,0.38911715932564694,0.7660520835506722,0.044555274029227446,1.7870654891148312,1.7976028242011446,1.6262042456663157,0.9046515858635245,0.4286648073149871,0.512605457919459,0.016930103095101675,1.582605587879856,1.6280088438339264,1.5452018250836805,0.9491360141783769,0.3238996891235377
231,3,1.0,0.02498889303695404,0.7959,-0.010099999999999998,0.9297697714019973,0.020440942558647368,2.5802616608141262,2.5870705973152246,2.4142208980462603,0.9331870960737052,0.36033933516209193,0.599841152951786,0.03511950210898924,1.7211034055769519,1.7264541983991424,1.618899219841328,0.9377018060151581,0.34852127478691847,0.39971315060572493,0.013324104800147996,1.5937306289830222,1.6500732461287755,1.6009281862163198,0.9702164373443697,0.25080345657960185
232,3,1.0,0.024300494434824373,0.7801,-0.015800000000000036,0.9934637666503732,0.021861787936786545,2.5615746506058414,2.5674371325957255,2.3674381218082665,0.9221016911190124,0.3878332284461855,0.6799104430536296,0.03975578225819952,1.727561757173505,1.7344177370551959,1.5955960654588812,0.9199606481008348,0.393566505064365,0.46183861307663404,0.015415850053139455,1.4956347468591635,1.535641424925847,1.4645475566196011,0.95370412183972,0.3087910427639477
233,3,1.0,0.023620397136535774,0.8217,0.04159999999999997,0.9071599791641788,0.01998230465444007,2.47725849052214,2.487033562634221,2.315684949524748,0.9311032164246373,0.36619512361545026,0.6138066629564394,0.03607312283964306,1.646956836150717,1.6557076154887185,1.5377285420854128,0.9287440171805446,0.3726914084712955,0.5691872724213336,0.01900587004730973,1.5205650048380845,1.5765724098420746,1.4702404810234935,0.9325549983275222,0.37432616863489027
234,3,1.0,0.02294867572242109,0.8368,0.015100000000000002,0.8503708736529942,0.01874840234327511,2.4161092145769563,2.418541775034771,2.2641143520007745,0.9361485401542108,0.3519587891650371,0.5465597150688639,0.03222547495530336,1.5557356483814448,1.5580175725835745,1.4590034977356565,0.9364486790198853,0.3513191432217249,0.45588577856260876,0.015361644249532442,1.4103730355828106,1.4581709777267922,1.3850743333410749,0.9498710058681383,0.32323773006211964
235,3,1.0,0.022285403854302912,0.8117,-0.02510000000000001,0.8601278642285952,0.01898276132027999,2.3154279929473613,2.319692284743055,2.1543334075922442,0.9287151669907255,0.3714768357506634,0.7148215730874813,0.04225812862308042,1.618806292847931,1.6320010624289636,1.4671256252555065,0.8989734498529877,0.44157326064622043,0.8331028307722049,0.02820910892056485,1.543525778733337,1.6017550488423435,1.3680493866069825,0.8540940061938497,0.5397401470391209
236,3,1.0,0.02163065426741603,0.8287,0.017000000000000015,0.8463106413161007,0.01869594642217684,2.3525879777010474,2.3588964662216547,2.201851703488529,0.9334244783601415,0.35973602234553487,0.6469945530879397,0.03825965774241382,1.5466092206913646,1.570818563585012,1.431387094186541,0.9112364262615712,0.4183309813701489,0.6959977643912449,0.023774354561473858,1.4143701465464433,1.4675806249178904,1.292044845543608,0.8803910487820024,0.49209025380711446
237,3,1.0,0.020984498762430984,0.8077,-0.02100000000000002,0.8294926551917198,0.01834195516101694,2.3022047300025203,2.3085495369835507,2.154377634101818,0.933216983039844,0.36030360131820754,0.5680830224771627,0.033675029838068395,1.5753097439362809,1.5899497158595233,1.4849988980487283,0.9339911087980171,0.3606167134202281,0.624540443156258,0.021473774206311563,1.2791272918588834,1.3182219469384977,1.1608871044057056,0.880646166680661,0.4882551151329503
238,3,1.0,0.020347008197580372,0.8157,0.008000000000000007,0.8872469924936193,0.019638175368672905,2.2458037155723196,2.2555590277628306,2.0737259593363584,0.9193844779993088,0.39506880603210404,0.6290141435717862,0.03725076075479007,1.5126626746634677,1.5195200695249338,1.3832145629396455,0.9102970014552666,0.4158323954887875,0.7342502077273844,0.02519106142305663,1.409368611031837,1.4373117681886283,1.2356140365741173,0.8596701591967757,0.5209781188399107
239,3,1.0,0.019718252480888567,0.8118,-0.0039000000000000146,0.7932648775525291,0.017572295856283997,2.209943506708126,2.2153882477232147,2.0684960647321637,0.9336946094473444,0.35895255925983177,0.5836594903771672,0.034641272452185165,1.5060589444575683,1.5143083959813686,1.3973087015572552,0.9227372081310491,0.3875409342543241,0.6377135670445025,0.022188890094720123,1.3530305200203416,1.3839386209319393,1.2282538429986325,0.8875060096028903,0.4713223815785878
240,3,1.0,0.019098300562505267,0.8297,0.017900000000000027,0.7565571570250653,0.01677501197135184,2.1686759348824642,2.1718191451780053,2.035784795505703,0.9373638684536264,0.34885671245578165,0.5318020851441442,0.03178824500991452,1.4879919273744961,1.4990638521580462,1.401563050031429,0.934958873175245,0.35739581335127824,0.5992574506946423,0.021135454586937094,1.245202451400269,1.2805726404680609,1.131705065202301,0.8837492145612705,0.48125302838968764
241,3,1.0,0.01848722042714457,0.8193,-0.010399999999999965,0.7235555677998639,0.016057921558965935,2.041934007792453,2.045273414231606,1.913010914013111,0.9353326067321005,0.35434816455312584,0.5029016595338092,0.030137456705887227,1.4371566963578037,1.4445632201365615,1.3541982224594704,0.9374447608678916,0.3499282025462612,0.3892562742499799,0.013830494379999595,1.437323306174453,1.4914192050305268,1.439725985841571,0.9653395778902433,0.2708202619256314
242,3,1.0,0.017885079086629594,0.82,0.0006999999999999229,0.6896066724469005,0.01531634661333454,2.0133744136246325,2.0184503106717218,1.8969935075744717,0.9398267064316137,0.34251288174732347,0.45512322957351986,0.027444718757350276,1.4350489038005494,1.441506960523705,1.3677738089901235,0.9488499510909097,0.31714823680794596,0.44748763552969395,0.01590506509592954,1.472138099847374,1.5289601704868176,1.4620105640338596,0.9562123279956721,0.30397123447595564
243,3,1.0,0.017291942572543805,0.8157,-0.0042999999999999705,0.8033695806591226,0.017858494103533854,2.0295630704739827,2.0392367055743685,1.874322202267503,0.9191292983026137,0.39583375966311024,0.6071697786108962,0.03675609658603773,1.3925318032207314,1.4010536127350937,1.262654384613009,0.901217750081736,0.4360186081255719,0.6730864199578148,0.024083266474902693,1.203143786283133,1.254611109482683,1.058775033624857,0.8439069490317396,0.5594397175396449
244,3,1.0,0.01670787592899006,0.8022,-0.013499999999999956,0.8278704755460766,0.018418032218991517,2.0993310429833794,2.1073910947378933,1.9379700174708578,0.9196062478910175,0.3943496564360721,0.6809187242776402,0.04112126847546822,1.4415897994649538,1.4723200003059207,1.305402589968424,0.886629665899523,0.47233875026749167,0.5622786388486863,0.020375501012081812,1.1901752997602297,1.2616687967666504,1.129447150158602,0.8952009854354009,0.47243346334104047
245,3,1.0,0.016132943205457606,0.822,0.01979999999999993,0.6753482616757084,0.015037381583266967,1.8600581143134762,1.866932615651558,1.7405005498111787,0.93227818466482,0.3630791191300874,0.4575527840828978,0.02775199177413488,1.2177897312288608,1.2217149221585915,1.1327986926777067,0.9272201494242349,0.37572396313539724,0.36406568451412985,0.013135641170979854,1.1589990762456563,1.171370949118001,1.1133579668391436,0.9504742862860487,0.3141207719452609
246,3,1.0,0.015567207449798491,0.827,0.0050000000000000044,0.7054471491172396,0.01571914323418578,1.9104938659271737,1.9129570268095653,1.7781307545227159,0.9295194453417948,0.36924858105989367,0.5091617414143449,0.030927889056015394,1.3749108006329067,1.3880490463727866,1.2912917841172227,0.930292620056613,0.37032347202448673,0.5370789943057136,0.019398216593354747,1.3268458998101493,1.3692351012776203,1.2595044560071704,0.9198598946462435,0.404778727041747
247,3,1.0,0.015010730701313622,0.8205,-0.00649999999999995,0.6533972494355912,0.014571210878866722,1.7696038880592475,1.7724736794292835,1.6476452956388206,0.929573913994223,0.3692336199329796,0.48777477716401446,0.02969974448212831,1.2569666228374958,1.266913592302572,1.1692501045395756,0.9229122740837468,0.3880570639679391,0.3483955057600653,0.012685834192892693,1.381485524617463,1.4695725032811262,1.427677820205502,0.9714919250448103,0.25218903821416216
248,3,1.0,0.014463573983949343,0.8255,0.0050000000000000044,0.6503036784949277,0.014512109706284774,1.8069063130706355,1.8100029674554377,1.6891465069970788,0.9332285843551611,0.35989894649812204,0.5120931122785934,0.03126447343692627,1.239532594383217,1.2496370052457064,1.1398918210274753,0.9121783495866844,0.4131340431055042,0.48931739777710503,0.017842595785598655,1.2308475366841596,1.293838232446474,1.197742167023574,0.9257279132637817,0.39754509246149294
249,3,1.0,0.013925797299605648,0.8278,0.0022999999999999687,0.5901692865138193,0.013180450441930888,1.6674165520992508,1.669955716068579,1.5621947302892598,0.9354707524622206,0.35394232219345884,0.43269255552236896,0.02649271939702143,1.2309209468672753,1.243067248838835,1.1653297126763977,0.937463129018118,0.35151936980484605,0.4699971627150254,0.01734986518520639,1.3688424979733518,1.4380184108127596,1.3590435981308475,0.9450808055807325,0.34335371922692537
250,3,1.0,0.013397459621556152,0.832,0.0041999999999999815,0.5407187083318149,0.012084268231178464,1.5864613477887906,1.5916829719028684,1.4970230498759527,0.9405284069140043,0.34083320661134825,0.369664062101873,0.022679606007422613,1.1758798794761631,1.1808712990331747,1.1215192955875228,0.949738804309796,0.3143722998870878,0.31112261433745203,0.011479936955163729,1.2909754918403293,1.3536725560183602,1.3174340815690946,0.9732295123453961,0.2409980795947847
251,3,1.0,0.012878618887981043,0.8114,-0.02059999999999995,0.5877173287011419,0.0131432737382814,1.6161626470275097,1.6180212271935384,1.5075082389160197,0.9316986783484889,0.3636498651803936,0.4757407108222856,0.02925228999684079,1.1786000896052784,1.1875933348183574,1.0881400204639442,0.9162564225997238,0.40364896882165907,0.6483209877009959,0.024091808721026595,1.2653564773294042,1.282453452521438,1.106511210669458,0.8628080874934999,0.5123623258082248
252,3,1.0,0.012369331995613643,0.8291,0.017699999999999938,0.553220653831506,0.012380334343523194,1.5430945981553923,1.5461883346775853,1.4438300869267893,0.9337996248871325,0.3585137648027692,0.4004940656204551,0.02464149584846202,1.2448189742219085,1.257250482206343,1.1917564057940992,0.9479068989519824,0.32172876049771776,0.548039587157134,0.020632831861128825,1.5219994946015225,1.5700761346898262,1.4713229867962925,0.9371029558938919,0.36007869194504377
253,3,1.0,0.011869654793500784,0.8141,-0.014999999999999902,0.5751298185309475,0.012877878807188799,1.5156494725998277,1.518938610566329,1.4058450286437802,0.9255443365941022,0.3794609696557439,0.4361603442279746,0.0269373997067199,1.1266362928620324,1.1315038183265809,1.0440618127332848,0.9227205386521655,0.38713500265465595,0.5996835746455599,0.022437948129465257,1.2034781495675564,1.2866677707174476,1.138373275249829,0.8847453096731183,0.49829203368672964
254,3,1.0,0.011379642076878527,0.8062,-0.007900000000000018,0.6457771224875839,0.014469516655328963,1.563041925197392,1.5695384470315243,1.4305323814580126,0.9114350681651574,0.41315406328978066,0.5451412335083149,0.033704684848943456,1.2411249717238253,1.2478187455382093,1.1224405228652807,0.8995220875457755,0.43923154068131953,0.4621333965667465,0.017485969649120983,1.2915053396324896,1.3263532378740217,1.2432399613505412,0.9373369973019399,0.3578253859161365
255,3,1.0,0.01089934758116322,0.8112,0.0050000000000000044,0.5381758363433391,0.012065469023877439,1.4764607371743415,1.4812898895497633,1.380067590709071,0.931666111032825,0.36450399444641035,0.40631415024543793,0.02520407802699012,1.1392031446376583,1.1519565516006236,1.0779205630867306,0.9357302248847655,0.35666522881191015,0.40915269519364506,0.015403796884607565,1.3464015591699965,1.3868683167433027,1.3251409839146204,0.9554915689662355,0.30388608242987447
256,3,1.0,0.010428823976058734,0.8189,0.007699999999999929,0.5438133759940984,0.0121988393190945,1.4376765874429691,1.4412779968466818,1.3347469175149655,0.9260856825922608,0.37825849063962086,0.5018830913191302,0.031196406701672483,1.1242963530744468,1.138036393331674,1.0213913125777465,0.8975032068944284,0.44639750893677177,0.6309229138795034,0.024015751929271804,1.1761306564003489,1.2247169480814808,1.0496988241952574,0.8570950421153318,0.536439476724889
257,3,1.0,0.009968122859780647,0.8305,0.011600000000000055,0.448306964539382,0.01006236327451611,1.3372488301582266,1.3401784041835256,1.2629723140945701,0.9423911847497709,0.3352457332016041,0.3251924509958094,0.0202306059784583,1.089983757317203,1.0982217122199514,1.0489713050570662,0.9551544040562354,0.29834614397944015,0.26245210226134963,0.009921752498400695,1.215254140050567,1.3253628821077523,1.2991173380269607,0.9801974655884034,0.2159647876208255
258,3,1.0,0.009517294753398063,0.8303,-0.00019999999999997797,0.5263961300346269,0.011821206045794085,1.348045780393792,1.350787606750977,1.243999320745129,0.920943688354749,0.3904883184908273,0.5560295362461454,0.03459121694225495,1.0771697900595776,1.0928124300702429,0.9407816787103479,0.8608812023211313,0.5161948853164474,0.898620461867545,0.03409728296718762,1.3503191076944754,1.4372789825898533,1.1217185129290645,0.7804459165664721,0.6654874812531112
259,3,1.0,0.009076389095293147,0.8196,-0.010700000000000043,0.4747743847282007,0.010667531407699209,1.261648642126783,1.2637287135346833,1.1711531023639952,0.9267440787099379,0.37631268237079485,0.4095019236407299,0.02541640909001182,1.049285481200337,1.064523971081254,0.9826085251481105,0.9230496934231169,0.39026740670449145,0.6412744196674711,0.024639413624580917,1.3287723514815704,1.3872014314794825,1.2300791396618544,0.8867343355823577,0.4826066849994699
260,3,1.0,0.008645454235739924,0.8254,0.005800000000000027,0.40319413526524944,0.009063424790051268,1.2168185483519258,1.2198460245756704,1.151285746380369,0.9437959571830794,0.3313510759770556,0.27089491487113376,0.01689215694549524,0.9806304850715601,0.9951485370737171,0.9575680534494917,0.9622363072202943,0.2762456592927208,0.2174722418860658,0.008317173300294795,1.1143150161265858,1.1782246497784477,1.1579806031798467,0.9828181776689127,0.19516226447527385
261,3,1.0,0.00822453743160191,0.8272,0.0018000000000000238,0.41319514750057595,0.009293090439834659,1.1742400824574495,1.1790932815137234,1.1043236761749522,0.9365872009356361,0.35188302092008406,0.335001396033264,0.02091655329551366,0.971237937599166,0.9820557901608823,0.9231509400084031,0.940018835240685,0.3449220660195427,0.3544950387808771,0.013535094153683145,1.0831522089779184,1.164802982735697,1.109549272978439,0.9525639008688945,0.32728090829947615
262,3,1.0,0.007813684841149937,0.8371,0.009899999999999909,0.3983333776243469,0.008963100767945896,1.1257694278343824,1.1299842356271437,1.0574473744134276,0.9358071918822319,0.3538321149745663,0.2778336649485077,0.017357238104318443,0.951154961641282,0.9613863685258902,0.9203652382110846,0.9573312752731205,0.2921013674460437,0.3813558066534792,0.0146853840236915,1.1516275569089531,1.2778384677130528,1.2196061038515804,0.9544290101348327,0.3311450862439105
263,3,1.0,0.007412941519000528,0.8236,-0.013499999999999956,0.38969323812131346,0.008772335196772356,1.0899587716896717,1.0924710540711868,1.0206038505706925,0.9342159197420609,0.35753025549508144,0.3568957974831743,0.022280515322890805,0.9785770590437022,0.9922610847898042,0.9258550073678882,0.9330760034432034,0.3647089354740695,0.33420255009429906,0.012866881246145581,1.2167438840668532,1.2844687452785104,1.2402293736077896,0.9655582342245872,0.27466959519636797
264,3,1.0,0.007022351411174866,0.8202,-0.0033999999999999586,0.33179947362375045,0.007472032049943908,1.0477311236936184,1.0499394082027331,0.9961334761908265,0.9487532979602978,0.31668379999445023,0.2297402546566365,0.01437523907181479,0.9471264984842849,0.9649308163977323,0.9371824444178686,0.9712431487228758,0.2425655443325646,0.237016505915419,0.009155012015664127,1.2044645462691017,1.2717516944451477,1.249470239413356,0.9824797127229206,0.19678163765765566
265,3,1.0,0.006641957350279825,0.8337,0.013499999999999956,0.41876695960162624,0.00943421675872432,1.0442928817849395,1.0473837111739146,0.9600244312840389,0.9165928599443629,0.40100528013353504,0.33520407986180334,0.021036269935669778,0.8200380314113597,0.8254396950923255,0.7543135236738396,0.9138323831027652,0.40876650474964776,0.4070892776598561,0.01579494921337769,0.912006227634892,0.9264601183810787,0.8322299765094645,0.8982901260377247,0.4463667739589473
266,3,1.0,0.006271801050810855,0.8254,-0.008299999999999974,0.3296400622842764,0.007429265010891498,0.9622657727845148,0.9643685054640785,0.9062803555918028,0.9397656087448415,0.3425665461740313,0.3216728454314131,0.020167378806051735,0.8406446882925472,0.8555470301431228,0.7927719182242465,0.9266257614051039,0.3826501849250606,0.3214302269004879,0.012514646837508171,1.0227870089843054,1.0860019604727968,1.037344119463447,0.9551954390688517,0.3142689769003707
267,3,1.0,0.0059119231045774556,0.8287,0.0032999999999999696,0.306436435181093,0.006908881923355092,0.9116212444249379,0.9149640626133053,0.8621229480155269,0.9422478797179701,0.33614446466130454,0.2511088789235082,0.015775778117322486,0.9289906061856923,0.9486754211687053,0.914838435507411,0.9643323892384505,0.27030292583315424,0.4527056096185048,0.017649412330703582,1.3182034841608423,1.4166695206320816,1.3423897696703064,0.947567340244157,0.3434261971373058
268,3,1.0,0.0055623629762519,0.8341,0.00539999999999996,0.32303514059694266,0.007285390818717837,0.8820082223259157,0.8858139088596221,0.8248118661260612,0.9311344717852832,0.3662495795618288,0.31235559966155785,0.0195951324714325,0.8099015778040011,0.8253697309882158,0.7639824488503241,0.9256245051967285,0.38567105957305464,0.5207344208237863,0.020345028459839404,1.0914377423186428,1.18940876948547,1.0693592078488414,0.8990678690820808,0.4771086802601692
269,3,1.0,0.0052231589990414445,0.8321,-0.0020000000000000018,0.33403457016908555,0.007535752649581937,0.879373672232673,0.882383586013055,0.8167139851209654,0.9255770370924398,0.3798550954123897,0.33928330482960223,0.02131752863224376,0.810062594639417,0.8233000297905546,0.7501398619698555,0.9111379021335504,0.4188359110454018,0.22435842888326266,0.008870446819442466,0.9373227490881824,1.0069662571043927,0.9816538400308721,0.9748626958500989,0.23936091287821207
270,3,1.0,0.004894348370484647,0.8367,0.0046000000000000485,0.2899790211440003,0.006543847267839044,0.8313319275603435,0.8345748121613847,0.7825773456410027,0.9376958593014342,0.34881256394781224,0.2934512511604979,0.018472534941277735,0.8754394135354646,0.9137748092508274,0.8653731969886802,0.9470311374617232,0.3352045231495738,0.3657703667578113,0.014450440759417022,1.2711253629077546,1.3699174344174605,1.3201839918215752,0.9636960291573822,0.2877531811033144
271,3,1.0,0.004575967148372317,0.8305,-0.006199999999999983,0.25106275345185564,0.005667235191904875,0.7611159990071564,0.762619379571192,0.7201082143711476,0.9442563796058425,0.32986135330141053,0.28507626774534844,0.017957084152304053,0.7878823502608755,0.8053241391738755,0.7531789325526055,0.9352494181103748,0.3618259346093448,0.3864086667734585,0.015215682158673508,1.0954228857380106,1.142351869281897,1.0750145921189302,0.941053821529354,0.3527483968103573
272,3,1.0,0.004268050246793276,0.8368,0.006299999999999972,0.2785763790776072,0.006289841554728642,0.7496050976659199,0.7516599747432613,0.6981317594442327,0.9287866627229794,0.3716308492898773,0.35766096569525074,0.022526632396295737,0.7841822924024693,0.8111851873689131,0.7280796857279116,0.8975505187532393,0.456094162238092,0.5215226265109452,0.020545827672821006,1.1539220536885015,1.2866169459788197,1.1761790892699102,0.914164151922551,0.4519565466695976
273,3,1.0,0.0039706314323056935,0.8326,-0.0041999999999999815,0.2600705084848851,0.0058735578335785505,0.7064636467466435,0.7080629204338333,0.6585715191858413,0.9301031026767107,0.3681300654075315,0.24269908591933315,0.015275807157965095,0.706082901466946,0.7089271060998343,0.6660892045019166,0.9395736159199911,0.34372604890318914,0.20768890046787836,0.00822788514485621,1.0041232143924148,1.0211269300595363,0.9997828117637213,0.9790974876212789,0.20683607100304804
274,3,1.0,0.0036837433202341896,0.8382,0.005599999999999938,0.2182502045364074,0.004930209256733449,0.6798115037665468,0.6844838088468175,0.6487564611326552,0.9478039549622747,0.32104517697505225,0.21454494519662284,0.013530125732061589,0.7732114842379945,0.788327660716694,0.7585716797307994,0.96225429796686,0.2774725279825072,0.2941983672244721,0.011699886459477133,1.097829035578263,1.1259750741844763,1.0868610399702616,0.9652620780770442,0.2679819513696029
275,3,1.0,0.003407417371093169,0.8343,-0.0038999999999999035,0.23378841041196932,0.005282348807906433,0.6626175583748728,0.664571448489957,0.6220917995783188,0.9360796359696755,0.3528255589624817,0.24531988378510866,0.015497362456118368,0.7005435443573942,0.7232960115040422,0.6804228323885283,0.9407252654050142,0.3501850609588296,0.3112296683918578,0.012359087874469205,1.0764522451961342,1.1598440617590406,1.117306673614944,0.9633249075918157,0.28912538366729906
276,3,1.0,0.003141683887136892,0.8409,0.006599999999999939,0.19017067195261794,0.004297685841674631,0.6004032538538362,0.6009975278398823,0.5701167907880828,0.9486175306530932,0.31673824339218787,0.22128303718403533,0.013951778610195927,0.6624544653363655,0.6736711065692402,0.6362912372934781,0.9445131772592652,0.3340350903539875,0.2820221481264603,0.011232411317489083,0.9705867984320479,1.0445114496112173,1.0057175632313142,0.9628593000159618,0.2905687039861434
277,3,1.0,0.0028865720090364036,0.8273,-0.013599999999999945,0.19542009925108747,0.004417067678550289,0.5622080803623636,0.5643981406006586,0.5294867922584373,0.9381441116991154,0.34759389997584544,0.26879758721606556,0.016923162154299773,0.6773440812706844,0.7124966933329796,0.6598480396611567,0.9261068098077222,0.39684053444714024,0.5026200538731976,0.01994307006063231,1.1220451494930046,1.2078637598891484,1.098320522899896,0.9093082840739375,0.4479499368633305
278,3,1.0,0.002642109712683971,0.8334,0.006099999999999994,0.2024804199739765,0.004577391041822643,0.5579570396534401,0.5609667703591056,0.5231495144881542,0.9325855685770077,0.3628960754751687,0.274174959116508,0.017291836167591564,0.7317631578947887,0.761385114175204,0.7103065668407463,0.9329136512081796,0.37467718367413116,0.34352289178900897,0.013585761129197335,1.0412449898450182,1.1154716313911912,1.061258289745609,0.9513987266731576,0.3299155291399192
279,3,1.0,0.0024083238061252676,0.8351,0.0016999999999999238,0.1955129543135757,0.004420548181801979,0.5093037493677475,0.5119687174494978,0.4731666362028131,0.9242100543955358,0.38388280973051264,0.3068633937418083,0.01939537479343599,0.6213557809623995,0.6735316174042195,0.5995662371010052,0.8901827644138285,0.4938610102999552,0.543331530925934,0.021555107387172517,0.8963463138329539,1.0102052725324584,0.8516487522212602,0.8430452457313782,0.606162509446311
280,3,1.0,0.0021852399266194425,0.8341,-0.0010000000000000009,0.16420593905599323,0.003713176678086832,0.4888856293398416,0.49046191090367103,0.4621572261599826,0.9422897392958868,0.33587802381863,0.14825584118102786,0.009363639145655089,0.6101215705846493,0.6249662936181042,0.6071269079197317,0.9714554434686464,0.24299393486278745,0.17805281269124038,0.007126728648476444,1.0492734425108152,1.1093590682442582,1.094977087567829,0.9870357749009155,0.16969152699145448
281,3,1.0,0.001972882537827825,0.8387,0.0046000000000000485,0.17820854208074038,0.004030261509604394,0.4500369132522249,0.4515203898003167,0.41486429383665036,0.9188162997912954,0.3959864998470975,0.2252755888374884,0.014238919344100352,0.624444475053352,0.6573873422296309,0.6175832145568623,0.9394510281597958,0.36076160145101943,0.4242716389881341,0.01702491791351386,1.00476410166483,1.0734382724166507,0.9860340505389742,0.9185754559683234,0.4222599496589727
282,3,1.0,0.001771274927131139,0.8375,-0.0011999999999999789,0.1700541064628004,0.0038462286191514278,0.4436566356642805,0.44640785237103114,0.41274880412438447,0.924600232572363,0.383301167598183,0.2492083683990313,0.015745225017914602,0.6444623749246269,0.688230808198809,0.6415269639189809,0.9321392711232177,0.3866918816295171,0.586987331346161,0.02339361381968904,1.180808057312633,1.2675253411916227,1.1234171502689827,0.8863074478754315,0.4971064752742868
283,3,1.0,0.0015804392030758121,0.8386,0.0010999999999999899,0.10764041337376733,0.0024348312414009697,0.3857826045920778,0.3864079259901709,0.3711126988896752,0.9604168908769103,0.27901831781032504,0.11265682220395958,0.007120260683478411,0.5187687303878795,0.539416727745049,0.5275213926846125,0.977947782394211,0.2171619367260762,0.1772472477184472,0.007122518094955058,0.9000366051138444,0.9699596457669113,0.9536273506657464,0.9831618818654548,0.19693337661086285
284,3,1.0,0.0014003962929495016,0.8399,0.0012999999999999678,0.11210772682633477,0.002536081407163132,0.3685629167268043,0.37041668068452743,0.3530444451572475,0.9531008282478635,0.3041752757492804,0.2171231179728698,0.01369464721175687,0.6199878274858461,0.6381264226003185,0.600052426391829,0.9403347129032195,0.3502054529898437,0.3247429582423176,0.013022765642406078,1.1368744893869538,1.195935779581739,1.1510015355949845,0.9624275443933373,0.28564539117896065
285,3,1.0,0.0012311659404862342,0.8377,-0.0021999999999999797,0.09443723984654662,0.0021364903243377507,0.3348584871013279,0.33601671640693803,0.32247302031662384,0.9596933859864523,0.2820213418033212,0.14343615348437,0.009076531934297439,0.5178192616076751,0.5389389304043019,0.5195009416781454,0.963932854671355,0.2770004210330904,0.3198382492851104,0.012874952199510516,0.8857088933838504,0.9214551729774686,0.8641661558265481,0.9378276677683578,0.36110989928436704
286,3,1.0,0.0010727667037011667,0.8388,0.0010999999999999899,0.10025391088865238,0.0022682169061797905,0.3193323189935144,0.3208427334940586,0.3047773251930479,0.9499274671860124,0.31394852611422813,0.11944387405212296,0.007552142148554899,0.4761219823231183,0.5057208408050309,0.49141300878702654,0.9717080435221368,0.25086821967203954,0.27104013836008184,0.010890545122536842,0.9263916343394694,0.9788961664849516,0.9406247244509888,0.9609034713340547,0.29257619381821964
287,3,1.0,0.0009252159528556402,0.8416,0.0028000000000000247,0.08249030278404505,0.001866409190560581,0.2682329022449173,0.26988044551920826,0.25696461160746326,0.9521423870229022,0.3075323798596678,0.19077686040321726,0.012066059546267587,0.546434441566863,0.5790663252902928,0.5467375764345942,0.9441709050522118,0.3491303729980449,0.36876813515789697,0.014781790427758196,0.8850538636081766,0.9516350470056966,0.877279335736311,0.921865308026071,0.4166617991525483
288,3,1.0,0.0007885298685522236,0.8378,-0.0038000000000000256,0.09032253471409389,0.002043719246725876,0.2630541883584791,0.2644218853226801,0.2485171512448695,0.9398509164307574,0.34336094504986997,0.17886359232121757,0.011291141305859873,0.6536517540466833,0.6957484517583253,0.6723642704553585,0.9663898909959924,0.27363743952937253,0.4854952050454418,0.01947502432185391,1.2564254860422839,1.3365592274356335,1.2452649834885867,0.9316945765866231,0.3864098670703842
289,3,1.0,0.0006627234399603555,0.8418,0.0040000000000000036,0.07867242443175564,0.001780175717961681,0.22397263219370162,0.22557832400211406,0.2114148440638522,0.9372125845826874,0.3512590965297768,0.10760066011592628,0.006788390529787224,0.4552802923903145,0.48057536091203445,0.4683746547216092,0.9746122935489852,0.23633937579639314,0.29040063250282405,0.011572497908704849,0.9210607838936926,0.9866060984996237,0.9428993203798661,0.9556998703066761,0.3152893246363007
290,3,1.0,0.000547810463172671,0.8392,-0.0026000000000000467,0.07357461603924988,0.0016648758751504884,0.20837662558670528,0.21008646784658627,0.19678186067561151,0.936670803658376,0.35308478497572926,0.09391590848682785,0.005939336129429087,0.4705752316823545,0.5211595381609158,0.5126276132360513,0.9836289575453763,0.1995768203759235,0.37987663767225516,0.015239897032976608,1.00303559319292,1.0793288278967736,1.0102695214478508,0.9360164347842957,0.3787269766399916
291,3,1.0,0.00044380353969200034,0.8393,0.00010000000000010001,0.05936677616855454,0.0013434002439263238,0.17876153852095678,0.1805456755113193,0.17050609046178206,0.9443931015179158,0.3321003872518964,0.09311212863706171,0.0058879996293719344,0.5228928030961107,0.5870104253195637,0.5795786038500299,0.9873395409195876,0.17807116121264946,0.48971877568279737,0.019743785770298228,1.2008373485334065,1.3151783165667723,1.22060210115466,0.9280886749570201,0.40781441073672076
292,3,1.0,0.00035071407504956304,0.8414,0.0020999999999999908,0.053922340675273836,0.0012202194035429424,0.15013712912883193,0.1508633770818665,0.14089761858293756,0.9339418307365545,0.3591539347272542,0.10925560302950299,0.0069024256311327106,0.4181610928701171,0.45439798742135934,0.4410677258539833,0.9706639071114217,0.26127634754254464,0.2598708501229684,0.01042758375723246,0.9688182692640174,1.0008604613923164,0.9665344478314426,0.9657034972556292,0.26823487785834654
293,3,1.0,0.00026855227755419043,0.8405,-0.0009000000000000119,0.03310676966184819,0.0007491881828114727,0.12531464893147776,0.12611341247724547,0.12169032407358889,0.9649276923304677,0.2641891426432597,0.07745427545552015,0.004891342071749622,0.40291071187388605,0.426144755558927,0.41904677253106626,0.9833437278406698,0.19223682362598465,0.3483751655082713,0.013936910187688284,0.9442526652977399,0.9572696002395544,0.8916277192532086,0.9314280104895015,0.3689427399163574
294,3,1.0,0.00019732715717284412,0.8412,0.0006999999999999229,0.030802757997881573,0.0006970556537607932,0.09414772932489097,0.09497184278143928,0.08983786512139401,0.9459421075796097,0.327174730806151,0.15681780030785367,0.009921793462666221,0.30795488332071747,0.31846439936927257,0.27717822913015316,0.8703586010841784,0.5092232947140405,0.3117332054868896,0.012560421301546349,0.8393498060105931,0.8773371449106888,0.820086856239018,0.9347453951952545,0.37139843633079406
295,3,1.0,0.00013704652454261666,0.8405,-0.0006999999999999229,0.026631660711664413,0.0006026689058842502,0.07372463149662158,0.07421434173181786,0.06927137001358549,0.9333960040217784,0.36123152019938964,0.3510866871616637,0.02224364144057748,0.5150475703270654,0.575871175126937,0.4564708850777248,0.7926614576204596,0.681658758119598,0.5278810852108479,0.021240829687451387,1.1385620188435284,1.2114487424537657,1.0903895118178366,0.9000706951986049,0.4636384109730206
296,3,1.0,0.00010000000000000002,0.8427,0.0021999999999999797,0.01781274644052394,0.00040310048138514473,0.05293581682732588,0.053897926569089795,0.05086936838875844,0.9438093749961021,0.33649705451090467,0.12389886680749836,0.007814749059418922,0.3897169943001063,0.450396986905238,0.43302021622824477,0.9614189899528586,0.31792010258625913,0.34411895384362684,0.013767301636816732,0.920800563048488,1.0032205347131662,0.9423553821869686,0.939330236553023,0.37371714098909176
297,3,1.0,0.00010000000000000002,0.8421,-0.0006000000000000449,0.022583326054827654,0.000511059536276091,0.05502068368472322,0.055202784652266974,0.050372024180500824,0.9124906378872725,0.4104515709807152,0.09440960337486663,0.00595050749365255,0.4286672606566416,0.4743511778863969,0.46486114381901195,0.9799936534158713,0.2202398271103046,0.42588570254627167,0.01700619413477408,0.9920075624230054,1.0333810189956172,0.9415399538897329,0.9111256512189975,0.42931699180400834
298,3,1.0,0.00010000000000000002,0.8412,-0.0009000000000000119,0.014572473206598569,0.00032977511649818364,0.04963914111574599,0.050106210771885415,0.04794033453473693,0.9567742959648475,0.2935681979794781,0.0579506137863651,0.0036592433761115403,0.38492827186659334,0.4508499789755585,0.44711009490339887,0.9917048148019046,0.15054912310117186,0.208522695288095,0.008293234283209642,0.8566267040906661,1.0221904962068586,1.000695801408458,0.9789719285415359,0.24342306198526445
299,3,1.0,0.00010000000000000002,0.8409,-0.00029999999999996696,0.01868994009264334,0.0004229545865126038,0.05246470688358931,0.05361222758431947,0.050248952419632294,0.9372666401634303,0.3562383400733238,0.19984041698239222,0.012632015302084928,0.38127844019642093,0.42882727898508494,0.3794161446275662,0.8847761400010251,0.5241324866925117,0.4885358154505725,0.019554011462481233,0.9825514575052101,1.0900072807513537,0.974396451935793,0.8939357279009468,0.4972114302196554
300,3,1.0,0.00010000000000000002,0.8406,-0.00029999999999996696,0.01254893943506897,0.00028398414979161367,0.04807668007965633,0.048671364975390284,0.04702580138690539,0.9661903135587642,0.2610192595303406,0.09035351950390332,0.005699285307560885,0.45623676430558485,0.4885310083876096,0.48010288192788764,0.9827480214868266,0.19804085635541863,0.221876279390144,0.00889652380925075,0.9899216883339561,1.0445751663925633,1.020738967023777,0.9771809630023041,0.22413518362605336
