round,phase,gate,lr,acc,delta_acc,params_global_norm,params_global_relative,params_local_mean_norm,params_local_rms_norm,params_disagreement_rms,params_disagreement_relative,params_retained_ratio,bn_mean_global_norm,bn_mean_global_relative,bn_mean_local_mean_norm,bn_mean_local_rms_norm,bn_mean_disagreement_rms,bn_mean_disagreement_relative,bn_mean_retained_ratio,bn_var_global_norm,bn_var_global_relative,bn_var_local_mean_norm,bn_var_local_rms_norm,bn_var_disagreement_rms,bn_var_disagreement_relative,bn_var_retained_ratio
1,1,0.0,0.14999588770241343,0.1,nan,7.361869096604793,0.13140343816776673,14.687864487155078,14.697918620245416,12.72130868128933,0.8655176974355107,0.5012212022410024,32.632877048694496,nan,46.40153992503203,46.55088693039156,33.197595468084366,0.7131463578282702,0.7032714237807048,143.01647955626714,4.3345493422912815,177.39484034035428,197.96831839582995,136.88586690745132,0.6914534003049586,0.8062042801350483
2,1,0.0,0.14998355126061338,0.2229,0.12289999999999998,6.318991411306708,0.11345686817798199,12.215650335264177,12.234425266562289,10.47623539606102,0.8562915844272186,0.5172865330849414,13.84975680462207,0.4244111478113187,27.648904478858803,27.88811608945788,24.20601665751879,0.8679688717542675,0.5009152104095849,75.02043610785925,0.4390420455525032,101.47562977005343,103.98687856310465,72.00836988257093,0.6924755399679826,0.7392951024581728
3,1,0.0,0.14996299202742988,0.3347,0.11180000000000001,6.060217820074643,0.10870521964635041,11.829645358758963,11.848468269012649,10.181353481858622,0.8592970205681321,0.5122907438292312,16.25214224286403,0.45047542417177405,28.092744707833518,28.27829686037275,23.141519625862195,0.8183491297275092,0.5785174219140006,42.90813249529765,0.3420091258436263,63.00650112079654,64.1232606914483,47.65170152316315,0.7431266128598191,0.681011193004256
4,1,0.0,0.14993421225741435,0.3128,-0.021899999999999975,6.1561715495927665,0.1100760841860879,11.617600288433986,11.632902145297086,9.870459074274986,0.8484949800996465,0.5299004438740763,14.04109492723726,0.350737276312811,25.416304739372528,25.55766191704916,21.35513355283752,0.8355667909744047,0.5524443884041935,39.67270029932663,0.30952849181918723,59.595386266599604,62.47654533721736,48.263811242010455,0.7725108835884951,0.6657008668733355
5,1,0.0,0.149897215106593,0.2616,-0.05120000000000002,6.246587082828205,0.11124146079538061,11.903633036353726,12.040275738722485,10.293123338917736,0.854890997704831,0.5247630755880253,18.721290124708908,0.4575166133525494,29.959175589453388,30.80211526374925,24.45983613413914,0.7940959873923242,0.6248933676031931,91.56415997879655,0.7179640367777322,122.65738635698905,151.89053964639257,121.18885921233704,0.7978696994195273,0.746503432840995
6,1,0.0,0.14985200463212037,0.4375,0.1759,5.371549955924095,0.09538061902075091,10.842456689022308,10.866114683364206,9.44557559985344,0.8692689038442064,0.4954181612145745,13.382352775702108,0.3058958920457856,22.328431658873193,22.492614937863994,18.078450166614974,0.8037504850617333,0.5993413679990388,90.28593718745292,0.5056196753425048,95.73672124749721,95.81413983988428,32.07489960193853,0.33476165058246243,0.9430648554805526
7,1,0.0,0.14979858579183433,0.3511,-0.08639999999999998,5.272194874679094,0.09326004462524301,10.766447625890564,10.861724421390678,9.496368643068443,0.8742965918345936,0.48968750491116575,12.079325238353753,0.29134254027245493,21.444514315160514,21.75437956378715,18.09262073437555,0.8316771655714306,0.5632827613080562,27.4999802607737,0.22195588686630036,40.72844886418275,41.79214081402599,31.469574172038076,0.7530022046986518,0.675203230854137
8,1,0.0,0.1497369644437128,0.4971,0.14599999999999996,4.854190883587747,0.08560526530036612,10.48439550984355,10.521041507901442,9.334299329388374,0.8872029753307399,0.46299196544333554,11.192047655738632,0.27075375480393016,20.14423018426731,20.432016075295117,17.094014962043023,0.8366288915909694,0.5555956992826485,24.08106579084898,0.1958258337225979,37.003391999404954,37.821883289150115,29.16499857825674,0.7711143930958944,0.6507799552872403
9,1,0.0,0.14966714734523098,0.3836,-0.11349999999999999,4.567619962953214,0.08030451224526551,9.966520923434826,10.01175355624098,8.909099643806831,0.8898640576558348,0.45829633008777604,8.98612522207891,0.21282779424560985,17.39032842302419,17.503861305915862,15.021142226074009,0.8581616343701971,0.516731196990023,17.845676678188916,0.14766840544100654,29.231436117822327,29.615567327152156,23.635009210521925,0.7980603224457857,0.6104960634249665
10,1,0.0,0.1495891421526205,0.479,0.09539999999999998,3.960917074415561,0.06950854576123011,9.288079018491384,9.372228283948306,8.494103729576116,0.9063056801682752,0.42645169862679666,6.946152531615935,0.16657524426850817,14.681592739856121,14.850277340612037,13.125612510979986,0.8838631232215781,0.4731198211730267,15.324673456693912,0.12874928258248908,24.512002723421475,24.770355890969423,19.460856432561542,0.785651062835816,0.6251905904877787
11,1,0.0,0.14950295742002973,0.5396,0.06059999999999999,4.149821438320959,0.07273108085165324,9.590161146109232,9.66669703134803,8.730636460049984,0.903166451967771,0.4327165492943316,7.106540519995807,0.1732827335531144,14.748455472384217,14.96422993174605,13.169102467862848,0.880038767643171,0.481849813582342,12.534354769577819,0.10886787692177581,21.63266595411931,21.84510333355919,17.891295714154136,0.8190071450323112,0.579417941189584
12,1,0.0,0.14940860259858588,0.4563,-0.08329999999999999,3.8841198658023184,0.06803802007261935,9.170349720579175,9.197361633325574,8.33697026279369,0.9064523713611135,0.4235519891990562,6.379105578560207,0.15682888183644797,13.64100901661982,13.716205711295952,12.14254136403331,0.885269703561922,0.4676417683463214,11.114866454833875,0.09639367150541954,19.127997336659842,19.168106389693012,15.616531036932193,0.8147143342927939,0.5810784191992557
13,1,0.0,0.14930608803535828,0.5495,0.0932,3.6860508615600245,0.06453503370017133,8.927000927671097,9.017839557584523,8.230094721936604,0.9126459468903081,0.4129103258110283,5.963327910439345,0.14942830801341253,13.065748245897524,13.233397327497919,11.813615976096099,0.8927122554952968,0.45640921577619964,10.333932745574439,0.09012343450842644,18.95328707487567,19.192203508174767,16.172522599014,0.8426610624530654,0.5452316901416545
14,1,0.0,0.14919542497222413,0.531,-0.01849999999999996,3.478566508421851,0.06091682828708432,8.855399604643429,8.882678558338307,8.173221714062,0.9201303030817963,0.392818694099115,4.850007220474947,0.12093832373822856,11.536722495039376,11.600018680312022,10.53745060487253,0.9083994513523568,0.42039732017133813,9.532354491496719,0.08287740812918738,16.862322546475596,16.954318294423455,14.020811089231001,0.8269758090977134,0.5653049551877467
15,1,0.0,0.14907662554463533,0.5453,0.01429999999999998,3.45856415386187,0.06059043086119411,8.749431366770317,8.781080078034346,8.071288680394572,0.91916809876096,0.39529016331246813,5.008504732179977,0.12811284957594485,11.385446269599475,11.44944291356834,10.29585469084816,0.8992450347646955,0.4399041208910092,9.214565334693042,0.08151673228188908,16.520556132476944,16.705269364741387,13.934051891497706,0.834111176974333,0.5577636285850319
16,1,0.0,0.14894970278028788,0.611,0.06569999999999998,3.3044341103266315,0.05789176446015393,8.49833932047496,8.597827118200199,7.937464728941924,0.9231942698800729,0.3888329220233997,4.211816088350536,0.10816989345046969,10.25231361814886,10.346550798593688,9.450487866954274,0.9133950096914223,0.4108161577202136,8.908930815262176,0.07753032122363454,14.990222580673247,15.011409269811477,12.08194352860639,0.8048507179738044,0.5943161128740261
17,1,0.0,0.14881467059769313,0.4937,-0.11729999999999996,3.913049629217983,0.06859285754666161,9.261610962046797,9.290970352685074,8.426753365716186,0.9069831294080999,0.4225020512363658,4.622635890496526,0.12181767152296627,10.565272924652321,10.613778996534709,9.554242076461605,0.9001734518479204,0.43753113842524294,6.551159968927703,0.05744915878190383,14.163034843007177,14.192618191169313,12.59018306300228,0.8870937619413962,0.46255340338742845
18,1,0.0,0.14867154380465167,0.4727,-0.02100000000000002,4.610993327388905,0.08077792905843371,9.6923593334242,9.794721948209565,8.641488175854093,0.8822596722547822,0.4757348720540981,6.4573667886628625,0.16951313947913485,12.467844297680188,12.720738938518243,10.959909307613053,0.8615780388689984,0.5179216739067188,11.986204977216172,0.10320469460196481,18.702130126101462,19.619830798499358,15.53282231331015,0.7916899219384804,0.6409005229028821
19,1,0.0,0.14852033809662912,0.5921,0.11939999999999995,3.4458775192817943,0.06036941886464311,8.36019021852554,8.408210392585094,7.669676004231136,0.9121650917530268,0.41217692770267284,4.661727464236774,0.12056376661762133,9.899513196712562,9.976794780020125,8.820699030772177,0.8841215265284212,0.47090471739406786,9.413202665407859,0.0768081605078715,14.64131260946802,14.663460940513414,11.243163396743778,0.7667469120936002,0.6429206804395853
20,1,0.0,0.14836107005503543,0.5541,-0.03799999999999992,3.4970590021537697,0.061303776054200954,8.703607537079996,8.737787878711213,8.007466210105623,0.9164180134900105,0.40179419709071695,4.098694602427855,0.10842314752653343,9.669529010178454,9.711683829846907,8.804402656151707,0.9065783864475846,0.42387737790676655,6.373475305087263,0.05352515801472209,12.34061742510207,12.365430414954139,10.59635261665322,0.856933585088839,0.516463243737138
21,1,0.0,0.14819375714540606,0.6159,0.061799999999999966,3.4383844385432902,0.06031565486671374,8.682498390003905,8.713015949200756,8.005882803808642,0.9188417478500107,0.39601325380052776,4.16549295934449,0.11129227623616675,9.428610354050646,9.475504497606467,8.510808068312059,0.8981904942857563,0.44179288388505134,5.015479279458145,0.0420558446150537,12.242194155565837,12.32783681381072,11.261461241795459,0.9134985652291719,0.4096879379402661
22,1,0.0,0.14801841771548704,0.531,-0.08489999999999998,3.4203350961271,0.060093267235833026,8.387112092649623,8.425393528025726,7.699906734428365,0.9138928299094701,0.407808439704132,3.8004738492379055,0.10131366541938983,8.764235126975283,8.796894733517775,7.933584046766621,0.9018618827548565,0.4336344009690583,6.266085642387504,0.052139218915986024,11.97390514147188,12.021123989372022,10.258830595559383,0.8534002814237089,0.5233117824430378
23,1,0.0,0.1478350709932227,0.5876,0.056599999999999984,3.5545268200307585,0.062494934207997746,8.824403041443164,8.87534816037406,8.132474648835618,0.9162992258878178,0.40280649051694295,3.897814548769173,0.10498014729201265,9.138294833470603,9.220268708819772,8.35586004417907,0.9062490810258229,0.4265363089941841,5.435407626969624,0.045499769398755927,12.862576709598198,12.95061168293366,11.75477169675418,0.9076615054595946,0.4225753322748826
24,1,0.0,0.14764373708464731,0.617,0.02939999999999998,3.1273169222462216,0.05500354795572186,7.708588378854353,7.733985470786117,7.073501276904931,0.9145997627774116,0.40569255595808607,3.580843405460431,0.0972270716964741,7.746312132164644,7.776445437291775,6.902946165700546,0.8876737091985005,0.46226428064935116,6.085225915675934,0.050173943432441394,10.426146116821993,10.448373371428126,8.493440733439018,0.812895982131054,0.5836505500203731
25,1,0.0,0.1474444369716801,0.6458,0.028800000000000048,3.5506949119378857,0.06256925481121171,8.77379719668596,8.894654825001078,8.155209998831529,0.9168663831573183,0.4046930687295866,3.65671618365369,0.1015229567546945,8.562703229661608,8.684422171747421,7.877030837715515,0.9070299303667491,0.4270516080700605,5.234939516868431,0.04357184914734862,11.834772697184823,12.050029062670673,10.85350609470737,0.9007037276225361,0.4423354508628361
26,1,0.0,0.14723719250982437,0.6862,0.04039999999999999,2.8598743033622176,0.05046558477860516,7.661143495398497,7.667840294662506,7.114555068582225,0.9278434076847667,0.3732960105864014,3.080161000287818,0.08502391850836556,7.198099632208997,7.204196801062777,6.512531071554392,0.9039912777776491,0.4279130822953835,5.913784653193612,0.04844792865754947,10.302819622624556,10.382017110965464,8.533079679705637,0.8219096143362176,0.573996718355351
27,1,0.0,0.1470220264257707,0.6383,-0.047900000000000054,2.891966078985175,0.051141714962280475,7.894402956449072,7.901633669510872,7.353390171608248,0.9306164369504918,0.36633119628415706,3.036940889436764,0.08607187556639052,7.405366600504575,7.4137395473708665,6.763174162976502,0.9122486863427682,0.4101000062886607,4.1639492404168195,0.0350080605618526,9.343154491398572,9.400258687091931,8.427716437351318,0.8965409057225128,0.44566845643515846
28,1,0.0,0.14679896231490505,0.6379,-0.00039999999999995595,3.17891609984435,0.056363688183735355,8.027908475206992,8.059846477368586,7.406457832731572,0.9189328672113448,0.39598310190779606,3.147136924451527,0.09080358303739916,7.183566478162685,7.212277583500947,6.489412655695326,0.8997730024341726,0.43810229000016976,3.937600047408838,0.032988134027263624,9.16141391715195,9.231847658283481,8.34998958136383,0.9044765349731065,0.42980265743008117
29,1,0.0,0.14656802463872076,0.5659,-0.07200000000000006,3.4368317976386105,0.0610505849641089,8.45891529978026,8.533563468865776,7.810882953113714,0.9153131609803196,0.4062969867694372,3.2217376065810988,0.09257250325181277,7.657212047962783,7.70725133898036,7.001580523551319,0.9084406639420173,0.42074551238766444,4.363530808553167,0.03679080868936306,10.25089162232588,10.370656027812428,9.407980522428431,0.9071731332326272,0.4256732945112439
30,1,0.0,0.14632923872213652,0.614,0.04810000000000003,3.6792773684200233,0.0654188195364436,8.720142367530084,8.785028428682388,7.977445843839464,0.9080728546983146,0.4219285893909266,3.5399801476448167,0.10156363644907253,7.9098993263828214,7.981333660675084,7.153336786200256,0.896258331041282,0.4475379523273454,4.0921857490568145,0.03430783191445757,9.825353654021354,9.864988544117896,8.976191211553715,0.9099038657177017,0.4164924635951349
31,1,0.0,0.14608263075071892,0.5586,-0.055400000000000005,3.899043239329525,0.0693608023824591,8.759515833845438,8.81533915005708,7.9061789728244225,0.8968661146489446,0.44512086207598534,3.6478496661261275,0.10466238142124965,7.939975183872577,8.024715470595266,7.147674499897698,0.8907075305147847,0.45942834601492494,4.879449393683108,0.04097937371440765,11.439266929552165,11.570165882227629,10.4909343575649,0.9067228995981393,0.42655262996595994
32,1,0.0,0.1458282277678111,0.6163,0.057699999999999974,4.0754132553156825,0.07257149649082056,9.00351212454734,9.07005226929122,8.102891735031086,0.8933677000368915,0.45264705583106857,3.4665938200097677,0.09901751485708778,7.921801663494044,7.984467529411016,7.1926662309234315,0.9008322977617529,0.4376016930573806,4.631443719241471,0.0379413458892509,10.688182476168203,10.983754606601186,9.959547633607109,0.9067525623361492,0.4333237881715021
33,1,0.0,0.1455660576715669,0.6264,0.010099999999999998,3.2034983433721167,0.057090051507180245,7.811901692326541,7.870974999920972,7.189565058519521,0.9134275053080091,0.41007919320321745,3.0360048674117412,0.0859220811821092,6.6119759033497205,6.636425916847879,5.901256288146113,0.8892220544743229,0.45916756379491014,5.999037878543901,0.04926753450762087,9.47414085188317,9.569114921592956,7.455167707285619,0.7790864430379909,0.6332012551144914
34,1,0.0,0.14529614921189185,0.6411,0.014700000000000046,3.3526857930638427,0.05986530124842104,8.275603359872669,8.330343080915112,7.625884460655121,0.9154346209492966,0.4051288645998409,3.2220831218742436,0.09386799164592088,7.1574566519505884,7.215052579148911,6.455630365795049,0.8947447430184294,0.450171517419689,3.6887636404841837,0.031066106679912272,9.222360370997027,9.341570520689071,8.582421427439762,0.9187343186493109,0.39998042714583193
35,1,0.0,0.14501853198729012,0.638,-0.0030999999999999917,2.92344259920196,0.05229845311188575,7.735238773325503,7.766120494979097,7.194866981713189,0.9264428727785989,0.3779382492087087,2.8319518876236565,0.08214298990438887,6.518484081682644,6.540137470447346,5.89520544442258,0.9013886131692195,0.4344494597419701,3.804783354173103,0.031785800879071215,8.57743653144707,8.683356891445221,7.805401835203166,0.8988922064107476,0.44358047304970394
36,1,0.0,0.14473323644161884,0.6732,0.03520000000000001,3.014003218612374,0.05402275473609461,7.994614525650599,8.055835172350944,7.47076066686807,0.9273725823622915,0.37700419562969434,2.710502848298332,0.07934172176414019,6.6278184044648665,6.672109674067525,6.096738517241875,0.9137647333553368,0.40895852645455505,3.7832738514602036,0.031665955181899824,8.77589384560312,8.9210664418932,8.079125997509362,0.9056233411254401,0.4310984063869108
37,1,0.0,0.1444402938607496,0.6875,0.01429999999999998,2.936912205650839,0.05272118601024617,7.799366971582032,7.82041767602599,7.24799830032759,0.9268045008064992,0.3765577663356328,2.5976081735484433,0.0760929930828701,6.304255468169516,6.3229602387729065,5.764742689726263,0.9117157900782599,0.41204043628369597,3.9061025116262247,0.03303297939387927,8.642271090383714,8.736966641313813,7.815175664869856,0.8944953077781989,0.45197639263741207
38,1,0.0,0.14413973636913754,0.6707,-0.016800000000000037,2.8120388743952467,0.05056269036289541,7.64583607654062,7.6800114504038905,7.146678490318313,0.9305557076926585,0.36778696878204087,2.42212002602663,0.07180938165496392,6.411290518099702,6.450407920389015,5.978385742286751,0.9268228949350233,0.377789778701924,2.931534406086606,0.025238467272988285,7.827056201837999,7.883924441156658,7.318631576956831,0.9282980362864953,0.3745385660317866
39,1,0.0,0.14383159692629857,0.7055,0.03480000000000005,2.688911058813782,0.048455383155114634,7.513995371038591,7.536883886852887,7.0409073488889815,0.9341934219221458,0.3578537017972794,2.495809480258492,0.07342201637402847,6.191832339388323,6.20909450712897,5.685401626002766,0.9156571251210741,0.4030809207125669,4.0893012835443505,0.035272805477259736,8.966985300153423,9.190782224548089,8.230923271781203,0.8955628662157662,0.4560396997053607
40,1,0.0,0.14351590932319505,0.6126,-0.09289999999999998,2.9084086250697956,0.05250811493663653,7.653001602262463,7.701790753031405,7.131531396649764,0.9259575630307552,0.3800350210576175,2.5423841389574355,0.07620535028796777,6.077375338215266,6.112937285746088,5.559162282653536,0.9094093432982172,0.41833587650422355,3.9172377378256344,0.03424539099414629,8.065972659895003,8.092727701506583,7.081490141798023,0.8750436692043521,0.4856497663701015
41,1,0.0,0.14319270817853014,0.6404,0.027799999999999936,3.487546220218578,0.06305638450365686,8.306256070994003,8.412809277112752,7.655872346921707,0.9100256638112183,0.4198698174496836,2.9056599963943985,0.08752119389563183,6.750156791868037,6.864040820082776,6.218697290928826,0.9059819797012559,0.43045814874920657,5.117117519819753,0.04524318793645052,9.015226404268454,9.348351976934103,7.8234759271368635,0.8368829015467452,0.5676083206736708
42,1,0.0,0.14286202893495145,0.5811,-0.05930000000000002,3.5856826022190487,0.06487172217728071,8.558842065905072,8.640886971381715,7.8617941833233616,0.9098364796763714,0.4189448262520163,2.741426278071136,0.08132101313134081,6.653668265432294,6.6789926355233655,6.0904453443557625,0.9118808294476455,0.4120172765921662,4.049887191094521,0.034619983722115055,8.904994587958345,9.081704729208969,8.128701503244477,0.8950633989564314,0.4547882821367375
43,1,0.0,0.14252390785516453,0.6252,0.04410000000000003,3.578309260334289,0.06482537812303686,8.4054951953314,8.439688863966671,7.643562708465863,0.9056687789878278,0.4257107020085815,2.764480678527271,0.08256127928530639,6.45391020563709,6.481118871643291,5.8619577422862905,0.9044669382525903,0.42834198035675625,4.252613883261624,0.03681527062094351,8.914002513995365,8.991167893913449,7.921892685104405,0.8810749369352909,0.4770712007972668
44,1,0.0,0.14217838201795596,0.5554,-0.06979999999999997,3.536012943099046,0.06413852002823729,8.206496594391247,8.335962041848203,7.5488327146672995,0.905574266865737,0.43087971857756496,2.8190111146249746,0.08394834049310353,6.2276575813683746,6.2823586082748335,5.614375018958431,0.8936731200863693,0.4526599412046618,3.9633468891345234,0.035056312898225014,8.548082859836484,8.662994932580334,7.703204307530765,0.8892079895556756,0.4636533073113353
45,1,0.0,0.14182548931412756,0.6187,0.06330000000000002,3.6729980786894423,0.06669035240935033,8.556363382326397,8.615606580343393,7.793443502591442,0.904572815612574,0.4292709314188556,2.838615503795588,0.08544313506266613,6.534533228285201,6.598351664396752,5.956551528490318,0.9027332630102992,0.43440218369514666,3.6080183471652205,0.03148843184329259,8.524587830945718,8.716574508838214,7.934788968635038,0.9103104620501459,0.4232484219433454
46,1,0.0,0.14146526844234109,0.6203,0.0015999999999999348,3.35625673839232,0.06098819806998857,7.846103471692706,7.895408452017945,7.146538690897209,0.9051512324318908,0.4277609580986378,2.749571050322728,0.08263953475651083,6.135905976771995,6.175209013156776,5.529291537605419,0.8954015201469006,0.44811166610627157,4.019329297106589,0.03548575868676262,8.424948666368152,8.48513615053361,7.472786488361311,0.8806914062176086,0.47707463348132795
47,1,0.0,0.1410977589048744,0.6885,0.06820000000000004,3.2932828116621957,0.05992453168513535,8.044071011946862,8.12540588085963,7.428089190171977,0.9141806943662635,0.4094049899324721,2.7891038030692936,0.08393327316119234,6.385556856110898,6.481002567535006,5.850153365746219,0.9026617880158123,0.4367831758322152,3.7034426639293345,0.0329850170759511,8.92592766739331,9.16714764479384,8.385768332535521,0.9147630928905051,0.41490843326662
48,1,0.0,0.14072300100328974,0.6011,-0.08740000000000003,3.077911030155603,0.056063387393688706,7.607940089348441,7.624570075000491,6.975710180164797,0.9148988220380868,0.4045656240727839,2.5545539014990286,0.07732940675428686,5.88327101422278,5.901264321183791,5.319696921930994,0.9014503727336628,0.4342063956128158,3.2372833400368024,0.028681944610336206,8.020499779325144,8.105527345824706,7.430988216378806,0.9167803523859103,0.4036261366631684
49,1,0.0,0.14034103583401422,0.6702,0.06910000000000005,3.005848522306279,0.05485019019115039,7.838999186007445,7.864317860693092,7.2672119775873965,0.9240740400270302,0.3834479952073086,2.406945360802172,0.07340457919498926,5.927593126447788,5.969532029964043,5.462776448797693,0.9151096637688362,0.4060577893011654,3.080076493757353,0.027688722562893342,7.334352136630937,7.39147438683865,6.719153912617048,0.9090410871992273,0.4199520879798114
50,1,0.0,0.13995190528383292,0.7246,0.054400000000000004,2.9248786595892446,0.05343989700218797,7.587239776190884,7.64465469371142,7.062990184366695,0.9239122586108162,0.38549970026881863,2.185287834666823,0.06663450432790835,5.769264886433678,5.81506422543667,5.38883006786018,0.9267017282952739,0.37878098469797905,3.148672722006219,0.028518530517104144,7.266744823687335,7.347059618324192,6.638158964824279,0.9035123314187006,0.4332989252274997
51,1,0.0,0.13955565202529577,0.7163,-0.008299999999999974,2.8299509001107994,0.05180841739523536,7.602752612479904,7.623292450375143,7.078556753019364,0.9285432507145949,0.372227145134966,2.491295330468003,0.07680109250882286,5.8586910270984935,5.89006991337112,5.337262517490914,0.9061458685532288,0.42523070749846537,3.4254887428593674,0.0315506962971292,8.522831399701545,8.83231516491497,8.140996852971043,0.9217285276809319,0.40191910202275294
52,1,0.0,0.139152319512038,0.6844,-0.03190000000000004,2.6997671957922957,0.049525983456733626,7.379329509145643,7.395470987089666,6.88507431385017,0.9309852375689798,0.36585535209483644,2.3423774931798804,0.07327232540940021,5.727061374772409,5.738540751237303,5.238713315716733,0.9128999065811635,0.4090016397411082,3.1306378438741755,0.029421225830471943,8.24677385416851,8.550922257837177,7.957222290153344,0.9305688965725668,0.3796197033209207
53,1,0.0,0.13874195197401476,0.6626,-0.02180000000000004,3.06148575363254,0.0562753172978118,7.911198403934672,7.957932174233673,7.345474074145384,0.9230380346704492,0.3869812887147282,2.4978587543064856,0.07868296235190628,6.005653005557878,6.043522887340707,5.503168999346093,0.9105895852357097,0.4159179279913216,3.684430473065342,0.035011879505061946,8.289338464497556,8.470450900209885,7.627156501008184,0.900442797067532,0.4444782281294708
54,1,0.0,0.13832459441265113,0.6134,-0.04920000000000002,3.3073942275728374,0.060876165612829033,8.16374377852198,8.255243300191825,7.563741482188752,0.9162348348973549,0.4051320469261017,2.641163413199433,0.08152471885105746,6.099248837369363,6.143267832461315,5.546530060090555,0.9028631359327085,0.43303093276295646,3.169088073124453,0.0304372345241662,7.234315445436126,7.3001037047468165,6.576351681332081,0.900857295637578,0.4380632966625362
55,1,0.0,0.13790029259590678,0.6916,0.07820000000000005,3.210794914322357,0.05916297918028747,7.97727682663137,8.024773490425176,7.354439850575427,0.9164669706067639,0.4024926029398187,2.376287200395317,0.07457460665923063,5.899476212090539,5.9164702129882025,5.418291013218289,0.9157979028312726,0.40279630173358316,4.448207420031663,0.042914018819000935,7.501161775088546,7.561915182059141,6.115227145790914,0.8086876139922152,0.593002464605445
56,1,0.0,0.1374690930532574,0.7045,0.012900000000000023,2.9694868143135045,0.054769048559093675,7.552145533068861,7.5700686417154355,6.963338800598776,0.9198514742953282,0.393197774236593,2.3368327684609715,0.0727220222900216,5.589057481424834,5.613830193966332,5.104341503540525,0.9092440147239582,0.41810855877353337,4.157695221916109,0.03899584760145803,7.870468519144824,8.131899766844152,6.988661124957487,0.8594130923074159,0.5282652756697473
57,1,0.0,0.13703104307059213,0.6921,-0.012399999999999967,2.7091436520082373,0.05003031260759812,7.189123169900135,7.2315275434747734,6.704888623461823,0.9271745952916749,0.3768392317092364,2.2850811753044864,0.07123788925452472,5.328406872074068,5.361359684705211,4.85000845875375,0.9046228464375867,0.4288488529808957,3.1198146982552304,0.02997385982523607,6.707650378450263,6.765868652749805,6.003643465445081,0.8873425976138426,0.4651128968018803
58,1,0.0,0.13658619068502784,0.7285,0.03639999999999999,2.636543173883149,0.048801942003237404,7.318138207605225,7.351297405351785,6.862230959285234,0.9334720908297754,0.3602751272370308,2.2430220773150613,0.07127282076871296,5.43882534565965,5.451607869144376,4.968790704974473,0.9114358230160672,0.41240928596926946,3.6787501141060255,0.035489934392243544,7.517005071463192,7.856051223785397,6.941494287415112,0.8835856704190873,0.48939039938547674
59,1,0.0,0.13613458467964154,0.6962,-0.032299999999999995,2.7781075249723814,0.05151870291388538,7.519873326335275,7.525058608865159,6.993470215223957,0.9293575743031496,0.36943541525403073,2.2853033179907456,0.07310712631818563,5.616456803088445,5.626356692380692,5.141330388948017,0.9137938936417761,0.40689413238860406,3.5145205018848586,0.034761164943416044,6.967930813868066,7.02115147667675,6.078216292467921,0.865700777523299,0.5043851030911519
60,1,0.0,0.13567627457812106,0.6841,-0.0121,2.992665556811486,0.05560186766866867,7.7566926890185925,7.771861337477519,7.172571457250282,0.9228897873747003,0.3858172131852409,2.3289271473677524,0.07441158918614559,5.60640199496399,5.618145073998087,5.11269525023355,0.9100326144826945,0.4154049512431923,2.386873515179872,0.02401206740528204,7.114650003779032,7.293587743639976,6.891970154493285,0.9449355237418098,0.3354871306265319
61,1,0.0,0.1352113106393336,0.6636,-0.020500000000000074,3.4130960105300074,0.06346013279617851,7.972452936488102,8.095944431920055,7.341327658070165,0.9067907666368552,0.42811115195287563,2.45469577668403,0.07849196027362298,5.721002984984329,5.773060679772544,5.225198421194149,0.905100207850235,0.42906738261223853,3.169618882051685,0.03198771235574852,7.429578631202096,7.593630488801151,6.900487902941355,0.9087205274365112,0.42662162141204024
62,1,0.0,0.13473974385181473,0.7412,0.0776,3.0506986137782124,0.05675459067578465,7.806393262535069,7.888717568082214,7.274964119442745,0.9221985774820083,0.3907948922352293,2.505037989728451,0.08117390370672944,5.627250062512605,5.658427778257298,5.07371552871521,0.8966652447542293,0.44516201730867005,2.930745696441937,0.029143306394180214,6.510418599825191,6.534480129008698,5.840390291961235,0.8937804043559378,0.4501624053053408
63,1,0.0,0.13426162592817678,0.7429,0.0017000000000000348,2.6462219817136603,0.04929892734978949,7.250884027711471,7.271917856115837,6.773352091851216,0.9314395769961404,0.3649516350834345,2.0521519113326803,0.06656940763570647,5.120114023976331,5.133556927705607,4.705537080429213,0.9166231419454244,0.40080199419835555,4.5822828862173095,0.04536043888561559,7.5122736243930355,7.635224399118262,6.107318945915097,0.7998872890520923,0.6099728411566666
64,1,0.0,0.13377700929943795,0.7493,0.006399999999999961,2.4909279145269525,0.046490536033047515,6.954145987174604,6.9740010215766155,6.513982546732261,0.9340380832435901,0.3581932158342552,1.9860608013626926,0.06443066645691303,5.005862990701221,5.023172381231345,4.613872983402103,0.9185177479955586,0.39674693555376056,2.9034023201767294,0.029721332370397004,6.3607306630467795,6.452401330545281,5.7622691430851445,0.89304258180701,0.45645735906478463
65,1,0.0,0.1332859471092728,0.6997,-0.04959999999999998,2.662444385906433,0.04980102972745471,6.985249960458868,7.002669297310479,6.476786801165918,0.9249025658906187,0.38115234257580305,2.0819031310499083,0.06844981642621911,5.003702213075446,5.020282363439643,4.568250748421737,0.9099589261532699,0.41607254836420404,3.2007117833874568,0.03314567031441611,6.448417913035372,6.521589458520962,5.68212881786702,0.8712797476760635,0.4963561336366351
66,1,0.0,0.1327884932081842,0.6268,-0.07289999999999996,3.3378201849274323,0.06256622032954755,7.978368984594468,8.101779847507578,7.382262054194819,0.9111901573659632,0.4183587135882623,2.372084780623245,0.07856165523831138,5.489763718820455,5.569610800922454,5.039223913091103,0.9047712835260399,0.4320923271234918,3.1181887602685316,0.032970225283121275,6.484956711380113,6.653664055220212,5.877766452119541,0.8833879203005551,0.4808341672962264
67,1,0.0,0.13228470214759816,0.7026,0.07579999999999998,3.114065759096722,0.05844690008361045,7.570899659954615,7.588275831176672,6.919864489558152,0.9119152549947735,0.4113204373277072,2.3982079407407553,0.07958892954642803,5.312304001179709,5.321454164504658,4.750418231904459,0.8926917502345239,0.45144403260961397,2.3578641116791053,0.024541568732367052,5.974256886176618,6.007491709890057,5.525435215244029,0.9197574432183694,0.3946706940464494
68,1,0.0,0.13177462917388172,0.6284,-0.07420000000000004,2.977303058136404,0.05593008813220148,7.2354316427869385,7.243116419200266,6.602908612396884,0.9116115536806366,0.41148934923661423,2.2403806928419523,0.07460995856013679,5.0598975173885785,5.067110956783242,4.54492105154184,0.8969452396651474,0.44277195044816176,3.0458017336746335,0.03193815760818869,5.71640619161854,5.768296186960674,4.898606235631605,0.8492293177845103,0.532817583561578
69,1,0.0,0.13125833022228447,0.7001,0.07169999999999999,3.32115755267136,0.06256231782708283,7.793115907065906,7.890644766219794,7.157666323224005,0.9071079151688968,0.42616555332638056,2.1312496518442483,0.07078010384803125,5.244033217833285,5.283938100623777,4.8350570649579865,0.915048013977908,0.40641421656074717,2.921373175074784,0.031301802778501,6.635576602642262,6.931465856787784,6.285762092423018,0.9068445581777702,0.44025912893711516
70,1,0.0,0.13073586191080458,0.7089,0.00880000000000003,2.870838921181782,0.054176905133019856,7.265478204346587,7.280319447170066,6.690391266198658,0.9189694648356784,0.39513420045280667,2.08508852372979,0.06974661567014878,5.0911639032423555,5.103926610036905,4.658591352411879,0.9127465397427009,0.40955046102559806,2.7605195630192956,0.029561281989347613,6.423293787313994,6.5567996037899094,5.947366138660249,0.9070532116343162,0.42976697850428736
71,1,0.0,0.13020728153398006,0.7243,0.01540000000000008,2.6588440213657387,0.05028087484412572,7.109960089782049,7.141786268204446,6.628397970006817,0.9281148610560839,0.37396047063426535,1.8339731142387472,0.062003559983140104,4.833860132690964,4.842792274979455,4.482095476918056,0.9255188375671287,0.37940136120938855,2.5459344442135614,0.027758157809325265,6.0812371872513955,6.1730192826507615,5.623556778168635,0.9109896665921022,0.4186540280900104
72,1,0.0,0.12967264705660586,0.7518,0.02749999999999997,2.6039025208592563,0.04934751400689248,6.851911259533072,6.862787050836138,6.3496092729618825,0.9252231237727635,0.3800257216169348,1.9114258412522542,0.0650542293052977,4.620767584458968,4.625044369889826,4.211589624360877,0.9106052369528298,0.4136598100456198,2.0474071304162242,0.02273239335350296,5.042371803690705,5.095079693908823,4.665615286517991,0.9157099725242263,0.4060404924757132
73,1,0.0,0.12913201710737712,0.7158,-0.03600000000000003,2.618024387886681,0.049748896732270405,6.872587372032402,6.89209314416928,6.375491857512467,0.9250443550528827,0.38093722875617125,1.8944260828171808,0.06534914208679306,4.5975087377176775,4.621422475132922,4.215293070777139,0.9121202602572919,0.41205491732412086,3.103194911254529,0.03479385349645756,5.69235665250375,5.783657633014519,4.88066303809498,0.8438713609593647,0.5451511738797334
74,1,0.0,0.12858545097246024,0.7241,0.008299999999999974,2.699728022803177,0.051450956748711,7.126210602183079,7.14888829871994,6.619522081863357,0.9259512535744376,0.3788448270075163,2.0356515339505283,0.07043897971778004,4.717199099242652,4.7364168036519105,4.276653681348684,0.9029301809019982,0.431538184232536,2.5345821024494244,0.02909310485208144,5.357629197357712,5.4542249671019105,4.829541453726867,0.8854679597664326,0.47307904468256884
75,1,0.0,0.12803300858899105,0.7066,-0.01749999999999996,2.6518891633026156,0.050661236953616455,6.982258598476611,7.004016130986616,6.482570940571097,0.9255505440502083,0.3798039167270609,1.8663806285075353,0.06506310727685452,4.653778902231156,4.6665301749049615,4.277046567931091,0.9165367859253577,0.4010462610530849,2.558064955623519,0.029870008044040858,5.675032713299069,5.925618691605704,5.345022786516461,0.9020193611324128,0.4507577462291733
76,1,0.0,0.1274747505385024,0.7417,0.03510000000000002,2.5446508492526774,0.04871384663217844,6.907148234460275,6.93919975046269,6.45579162512985,0.9303366176624894,0.3684083159757924,1.7514208105822506,0.06185712349549865,4.5596153167249165,4.590821009503037,4.2436025124780885,0.924366797070458,0.38411591525231176,2.275918438801499,0.027128467634321626,5.225363583846417,5.362695458340564,4.855790825908344,0.905475774940038,0.4355521682428429
77,1,0.0,0.1269107380402805,0.7126,-0.029100000000000015,2.61767332242185,0.050243328126830855,6.915976562742753,6.952503037995157,6.440891631506325,0.9264133501714569,0.3784965577419087,1.9173013904892453,0.06835470706233979,4.610851276205266,4.6397502492193246,4.225072478402812,0.9106249801082967,0.41582373311055604,1.952516747819572,0.023680128142884952,5.258389756624292,5.33058389806628,4.960121568462409,0.9305024859024806,0.3713145731276149
78,1,0.0,0.12634103294465168,0.6819,-0.03070000000000006,2.3906484430806443,0.04598928908608305,6.553671779010275,6.560642404883661,6.109568643621023,0.9312454888675437,0.36478000786326775,1.5763738095012114,0.05585543192631042,4.32962143205693,4.332112169332862,4.0351259710845,0.9314454043109189,0.364090448608183,2.260630563443362,0.02752975153440532,5.015187484503828,5.03129225074162,4.494824868418783,0.8933738380544757,0.4507569398807859
79,1,0.0,0.12576569772619958,0.7406,0.058700000000000085,2.980273895036045,0.05747523880799242,7.569023195068376,7.616470460583269,7.009178965412211,0.9202660210770972,0.3937461701766026,2.093629324692969,0.07530746006195929,5.009183431140027,5.042679876766209,4.587519651178119,0.9097384254580172,0.41795820685617924,2.6014172565642073,0.0318446898442939,5.104049855138435,5.152624194219569,4.447715538171197,0.8631942424912012,0.5096770859213424
80,1,0.0,0.12518479547691433,0.6844,-0.05620000000000003,2.759841545512901,0.05325760718861274,6.983171913322723,7.001252033562793,6.434345716852136,0.9190278661597947,0.39521317529754424,1.7837492423001202,0.0644022056862627,4.4576355612742935,4.464910072155154,4.093123556890413,0.9167314661983138,0.4001559162432301,2.7978934861813856,0.03472378190847278,5.034194914666311,5.048272007941396,4.202005266063633,0.8323650665917947,0.5557777427389982
81,1,0.0,0.12459838989927387,0.7319,0.04749999999999999,2.7196452386023355,0.052595173252967975,7.131673116148982,7.184809692674779,6.650189474123761,0.9255902046930921,0.38134743338754024,1.8353970439570544,0.06645466454679666,4.7080227515451964,4.748688671537388,4.379653178493077,0.9222868630541668,0.3898445570074333,2.1089111445717603,0.026780439933677243,5.440226499217162,5.520535115209071,5.101842840374663,0.9241573024903127,0.38765134960377634
82,1,0.0,0.12400654529925792,0.7552,0.023299999999999987,2.714626001005879,0.05255441036086288,7.185892179179978,7.196359193578423,6.66471239333804,0.9261228093346437,0.377771602094322,1.9017270358823049,0.06932365864561857,4.554135867695773,4.557124659216122,4.141354858018888,0.9087648830592334,0.4175824110501362,2.042378345252671,0.025843023239997202,4.886250568022278,4.984467215079844,4.5468243518737115,0.9121986675161385,0.41798477520143407
83,1,0.0,0.12340932657929628,0.6213,-0.13390000000000002,2.802022962257662,0.054343705328664574,7.157000476075637,7.163480345067344,6.592732206990051,0.9203253013082807,0.3915080027763365,1.9525999474278313,0.07183257282033541,4.645910698195259,4.652513774514563,4.222941848102299,0.9076688544662966,0.4202835728603941,1.858044369325918,0.023847881005251776,4.741446697459892,4.842444667834179,4.471794234689855,0.9234579931070024,0.3918728792883652
84,1,0.0,0.1228067992311517,0.6867,0.06540000000000001,3.2056303648781417,0.062254148656104555,7.650529415267783,7.668723740485665,6.966581485235277,0.9084407941906224,0.4190076517424825,2.148732644801581,0.0788282661898513,4.8363761882847,4.852842467614725,4.351209899962304,0.8966311865674502,0.4442856719885688,2.3478359859171154,0.030342508766516882,5.261720591290892,5.338068520613408,4.794021148318708,0.8980816056980508,0.44621069195563373
85,1,0.0,0.12219902932873782,0.7298,0.04310000000000003,2.7241234505988583,0.0529168021278609,7.037106646327587,7.090831027458245,6.546681296863275,0.9232600906032273,0.38710845060455074,1.8892773195746597,0.0688285692098876,4.479646256646,4.508465344036318,4.093518199500452,0.907962662930359,0.4217469887877261,2.777365435336473,0.03550360086684379,5.514288570381263,5.603598350479736,4.866884660932683,0.8685284627004036,0.5036670460545818
86,1,0.0,0.12158608352087329,0.7526,0.022800000000000042,2.5552553168599834,0.049710093942425176,6.8202838053974,6.850163228471994,6.355738075503354,0.9278228654590867,0.3746552767844967,1.8292924701396591,0.06705150707549928,4.345167928013199,4.366786701888519,3.965162753087619,0.9080275781211826,0.4209946543944256,1.8800536899796523,0.024606239570093023,4.51988184692528,4.53733850747986,4.129508629443398,0.9101169380763307,0.41595195486328657
87,1,0.0,0.12096802902397322,0.7164,-0.03620000000000001,2.7521208766175995,0.05359979501045067,7.140363270653538,7.187293884796732,6.639504807565254,0.9237836818680512,0.3854314930906457,1.8845370359310267,0.06992195460116012,4.537937910195585,4.5532403242404635,4.144938761383076,0.9103272540472599,0.41528488781147804,2.085578666046843,0.027544387204828342,4.975001374282099,5.119843679672233,4.675805921283482,0.9132712273713057,0.419211676368189
88,1,0.0,0.12034493361467813,0.7518,0.03539999999999999,2.652557417801189,0.05172871652898079,7.205093405880466,7.2162103999152665,6.711008236849017,0.9299906550573718,0.3681503165019753,1.88310324630246,0.06954374206571792,4.732951431531546,4.741709936280842,4.351750849486471,0.9177598182860939,0.39787081560925763,2.3848314169818265,0.031706969215416665,5.537316912035189,5.564053584923713,5.0270539970966,0.9034877037701147,0.4306835701959677
89,1,0.0,0.1197168656224212,0.734,-0.017800000000000038,2.9557647125346196,0.05771772503348435,7.360700906689744,7.373957818919862,6.755642734902022,0.9161488173377684,0.40156022503893407,2.033522207102441,0.07552012587255547,4.644728986627199,4.658129571780077,4.190818313112188,0.8996783469702176,0.43781288702897964,2.2867316389332797,0.03093326238100749,4.928017192413516,5.02893946536559,4.478960826669412,0.8906372521514939,0.4640267169630843
90,1,0.0,0.1190838939219355,0.6973,-0.036699999999999955,3.0031314862484177,0.058661836067592496,7.3308675465884825,7.359375092242477,6.718750085245354,0.9129511678685319,0.4096556740608368,1.9496603653455509,0.07159178574149129,4.493900664218728,4.509786141131021,4.066570472385333,0.9017213555420319,0.43384589714434696,2.107736591189558,0.028446931759529143,4.872441690126143,4.951745966368435,4.480762206341431,0.9048853145484725,0.43258323551841016
91,2,0.0012179748700879012,0.1184460879257009,0.7337,0.03639999999999999,2.940265894219096,0.05743130145976918,7.444549926075434,7.470017673160271,6.86702267692232,0.9192779692604333,0.3949554940749957,1.969041455870437,0.07280588663634366,4.710102120677751,4.731945235759282,4.302810882550552,0.9093112173053559,0.4180464468543424,1.925979157293362,0.025933657795563756,4.847318564712906,4.911526698990321,4.518152353722978,0.9199079289646923,0.39732877705087094
92,2,0.004865965629214819,0.11780351757633237,0.7589,0.0252,2.6117196154320275,0.05102261522450876,6.937158290718129,6.9490595104954656,6.439592274714361,0.9266854406683905,0.3764826325105614,1.8573250486823492,0.06885902090442851,4.453385567395274,4.4647029397500155,4.060038898343254,0.9093637254555127,0.41705911616556346,2.5506618009114463,0.0344820898103368,5.319823879612247,5.40617554235788,4.766640448558695,0.8817028620716496,0.47946357974116993
93,2,0.010926199633097156,0.11715625333890979,0.7318,-0.027100000000000013,2.5772586771881403,0.050413536726487386,6.912366457680693,6.927606853772297,6.4303557038741905,0.9282218000538904,0.3728475179906605,1.6735873507748635,0.062119725186681324,4.4832117410654675,4.494230067633226,4.170996181377483,0.9280780286297258,0.3733009831869158,2.315698626966459,0.031847722424722315,4.766264266877858,4.8278526199964835,4.236237630175776,0.8774579432333337,0.485851916155576
94,2,0.019369152030840553,0.11650436619325079,0.7258,-0.006000000000000005,2.7669401177002797,0.05417802421199935,7.157283591561307,7.17181860339215,6.6165719327385695,0.9225793761165463,0.38659081791346106,1.9276833416830932,0.07126475810317237,4.553016014636783,4.56600884713649,4.139139242885084,0.9065114373312896,0.42338602269047243,2.4435478912090804,0.03424051090964465,5.438108418095042,5.807180791670337,5.268056573713309,0.9071624877375382,0.44933784017219913
95,2,0.030153689607045786,0.11584792762612703,0.7757,0.049899999999999944,2.528041114732437,0.04951347737422681,6.961366426812258,6.978868611130282,6.504891641765244,0.9320839815483682,0.3631530018295668,1.7379468564272464,0.06453205388685915,4.341392320617783,4.3660159785229204,4.005201161987132,0.9173583380567798,0.40032015723931064,1.966759982871925,0.028204275511389675,4.375955727220333,4.387441399633482,3.9219251204592624,0.8938980064296453,0.4494469563843686
96,2,0.04322727117869957,0.11518700962342475,0.7847,0.009000000000000008,2.399056262432233,0.047026396956148415,6.707642579744424,6.738011348353935,6.296453442898851,0.9344676221771346,0.35766012185515744,1.64619918385982,0.061600339906435556,4.1569532113897925,4.188265144926021,3.8511808560713794,0.9195169653327677,0.39601099655135324,1.5745273597553355,0.022631429187748426,4.2213659769742975,4.306080949637893,4.0078919702051286,0.9307516549455858,0.372990015161844
97,2,0.058526203570536506,0.1145216846622508,0.723,-0.06169999999999998,2.559316951947416,0.05022155289184514,6.77641384883331,6.790222911600693,6.2894374865055465,0.926249044896658,0.3776801430727333,1.6398180150793837,0.06210585947896535,4.2405675793267825,4.24837749156895,3.919146380919051,0.9225042710297593,0.38669776731625993,2.137414955614159,0.03086575908434508,4.8147250225916975,4.89736153986849,4.406314645234573,0.8997323577938043,0.44393292360102826
98,2,0.07597595192178702,0.11385202570298478,0.7632,0.040200000000000014,2.5737281505051466,0.05056050335559362,7.054788288174709,7.08879145969086,6.605065308592818,0.9317618307932086,0.3648200407118169,1.8972486747865238,0.07218906951111002,4.549123269937518,4.592312981671812,4.182079128214293,0.9106694480330967,0.4170580927811574,1.8649491346205176,0.027513571892816484,4.529017699191515,4.596991035010185,4.201700916601682,0.9140111182732322,0.41177784201493267
99,2,0.09549150281252627,0.11317810618127785,0.7588,-0.0043999999999999595,2.505095781205944,0.049267855152612096,6.791268950498228,6.803387706593899,6.325391638978082,0.9297414628961187,0.36887005940504863,1.720194497658584,0.06580171258029893,4.370104430301291,4.3803066147623175,4.028401252787562,0.9196619339868174,0.3936277782588338,1.8290521239045026,0.0269019838211647,4.52722161860076,4.617277238482352,4.239554027655612,0.9181935172359516,0.40401205816599994
100,2,0.11697777844051102,0.11250000000000002,0.7699,0.011099999999999999,2.484766367699132,0.04893159642950079,6.720576918396134,6.742895548648803,6.268379092569635,0.9296271975955115,0.36972515869844724,1.733363917445223,0.06620509903858883,4.303612222957109,4.31655735716035,3.9532413868175422,0.9158320067865807,0.4027695404801573,2.2035832288887107,0.03274438037945716,4.326101844016645,4.366396034522242,3.769567797800012,0.8633133064423156,0.5093692447246584
101,2,0.14033009983067443,0.11181778152113554,0.7345,-0.03539999999999999,2.536537748722232,0.050006811367911595,6.688682506478647,6.712182879890338,6.21444891187096,0.925846184925833,0.37922830785664374,1.6326674519776023,0.06328942092997975,4.134340088894312,4.160960984330971,3.8272696469538983,0.9198042618919856,0.39490400326844977,1.4324508200284642,0.021709949882671834,3.821365038403826,3.8413399557345747,3.5642638937336613,0.9278699450728701,0.374853175666985
102,2,0.16543469682057088,0.11113152555762863,0.737,0.0024999999999999467,2.5733898971235734,0.0507939353517046,6.885374995632387,6.911640755423352,6.414705157640713,0.9281016454171596,0.3737472394395304,1.6883090394106046,0.0649006754147688,4.351809596963422,4.384144173925985,4.046026813782261,0.9228772260377237,0.3879556312823663,2.3283186485278726,0.03526388780046734,4.51042157154371,4.523592381250731,3.878379244477963,0.8573670918168863,0.5162086540241062
103,2,0.19216926233717088,0.11044130736517907,0.7567,0.01970000000000005,2.3449129420524653,0.04631955337759058,6.593349326567652,6.599437066908339,6.168788606412061,0.9347446674420633,0.3556482185167601,1.5633484987419246,0.060446091900753805,4.208818340148752,4.21378429263879,3.9130447244652267,0.9286295768155631,0.3714459433491899,1.7884479962231374,0.027599833234499143,4.2443839807814125,4.265309681500488,3.8722499522222256,0.9078473173980679,0.42136809589359425
104,2,0.22040354826462666,0.10974720263398964,0.7208,-0.03590000000000004,2.4884025475309506,0.0492168132229621,6.714863725350166,6.732297536897947,6.255532173974915,0.9291823689743349,0.37058124324052244,1.5767061160027607,0.06077945427244497,4.091702685974238,4.103867738572225,3.788895446570599,0.9232498920369183,0.38534229806273074,1.7560193714192518,0.027047562909440135,4.4802067424062715,4.562547801050146,4.211085675236094,0.9229680123607348,0.3919505220145516
105,2,0.24999999999999997,0.10904928748046602,0.7353,0.014499999999999957,2.8515520956153213,0.05642576335758005,7.069135665541299,7.09947887293344,6.501634467011216,0.9157903817135806,0.4033805871791784,1.8616184846711439,0.07285399010732115,4.361828745025339,4.381526204277112,3.9663771814919637,0.9052501335311216,0.4267977019488254,1.8027955047463107,0.028201814205968876,4.173564174978505,4.193260401212418,3.7859425614259647,0.9028636905858067,0.43195586054588353
106,2,0.2808144266054613,0.10834763843886955,0.7363,0.0010000000000000009,2.6436215041491717,0.05234391093995201,6.760806739938152,6.7827305003360205,6.246334789531348,0.9209174371916886,0.391021605237211,1.8487825307929027,0.0718799191280972,4.289928163732578,4.309799839182682,3.893119283438167,0.9033178868409965,0.4309588553073381,1.793915597853968,0.02809849562748044,4.234848773113122,4.3457415828615735,3.9581984438692803,0.9108223230482323,0.4236079477603694
107,2,0.31269670329204396,0.10764233245292455,0.7371,0.0008000000000000229,2.6913908810629232,0.05331916771043363,6.8347941817129,6.8469691796959,6.295824158950056,0.9195052575407793,0.3937778972575325,1.8499185844386061,0.07207132280920686,4.298706133094099,4.313839871329068,3.8970521261656996,0.9033835845568929,0.4303431142214603,2.595980770026226,0.04041471177201978,4.512690308815665,4.592685430613856,3.788621229590841,0.824925043709004,0.5752623362952485
108,2,0.3454915028125263,0.10693344686738046,0.7848,0.047700000000000076,2.5026358810841467,0.049626801536022065,6.520565513438047,6.554720913651202,6.058149875403351,0.9242422301743364,0.3838065695262989,1.6938667827667029,0.06556128287198193,4.058038356916299,4.0810533801801,3.712925000150801,0.9097957449375355,0.41741024450391623,1.8171771935592709,0.028811634084959552,3.7808944022547477,3.8540512836063763,3.3987618473131747,0.8818673123967435,0.480620985467246
109,2,0.37903905220016615,0.1062210594195301,0.7544,-0.030400000000000094,2.481345134937695,0.0492577941784251,6.304367029994158,6.323240541062505,5.816037935125781,0.919787551550032,0.39359147764275937,1.7317577011472431,0.06750369991578863,3.9841765508747757,4.003993804219478,3.6101221344325145,0.901630299884107,0.43465887593937425,2.412487114322094,0.03883559270288314,4.419509296373947,4.51519768027047,3.8166631479539874,0.8452925914254459,0.5458721664646017
110,2,0.41317591116653485,0.105505248230685,0.7696,0.015199999999999991,2.432488280399282,0.048342938574773855,6.481506710710922,6.526550065833632,6.056307177449844,0.9279492406186384,0.375296730986872,1.6901461754180869,0.06678542923675547,4.219143742274563,4.270431061737657,3.921732675362396,0.9183458575178651,0.400589853927783,1.8234829439693148,0.029899586204090736,4.1379028749159215,4.252369983997323,3.8415571626253375,0.9033920324623749,0.4406780437074339
111,2,0.44773576836617324,0.10478609179760855,0.7357,-0.03389999999999993,2.583759318599657,0.051436201680811915,6.535170140261651,6.552835562293669,6.021946659060839,0.9189833319963541,0.39536221141079736,1.7200323060966927,0.0680602857063726,4.117388167311336,4.134210748623225,3.7594131720522537,0.9093424115604686,0.4177483968483539,1.611772329645021,0.02659699029147458,3.710293877388062,3.7232933418975307,3.3563528838961614,0.901447341289966,0.4344055708006778
112,2,0.48255025164874954,0.10406366898390772,0.719,-0.016700000000000048,2.8968947945128427,0.0577246415918382,6.8281759406142735,6.863482191404054,6.222169091018303,0.9065615554173153,0.42425602674969054,2.0369664085816344,0.08058035317266864,4.2890157496270795,4.317714138577622,3.8070228987856076,0.8817218501731913,0.47492630652119755,1.7399370830554184,0.029042060992968837,3.7741304532873,3.813428639965356,3.3933547516751803,0.8898435167010252,0.46101667777273525
113,2,0.5174497483512503,0.10333805901138504,0.7195,0.000500000000000056,2.607687789327279,0.05197393442141438,6.493773463446588,6.563807265205179,6.023581164697257,0.9176962274057516,0.4015674097665923,1.608278705861981,0.06428991352770635,3.924418252327663,3.9824776584393025,3.6432907961160628,0.9148301907973129,0.4098132773967387,1.663968521449051,0.02765391488602414,3.85039278273997,3.944661814081422,3.5765302110844073,0.9066760040916867,0.4321555268096461
114,2,0.5522642316338268,0.10260934145135084,0.7789,0.05940000000000001,2.286545496952322,0.04561000488769533,6.207587819608142,6.218465490268514,5.782821352853792,0.9299434662624604,0.36834686248492915,1.5287906568534748,0.06127262833427443,3.8456028977780834,3.8510770308052025,3.5346277488251205,0.9178283686748491,0.39754251738700874,1.5640330919781071,0.026388047011339042,3.886707387894829,3.9461432995015797,3.6229618376977726,0.9181019447913544,0.4024056703752118
115,2,0.5868240888334652,0.10187759621589751,0.7385,-0.04039999999999999,2.2756529063517634,0.0454692691231976,6.185652969732435,6.195685179722313,5.762631230754988,0.9301039455031294,0.3678921073469465,1.4920169865979254,0.059843807868866526,3.879521792395688,3.894790662759558,3.5976769519348157,0.9237151013877009,0.3845878606797496,1.4955071883248379,0.025726751074713786,3.894733609242845,3.9328722921155608,3.637436481365457,0.9248803955972891,0.38398189410843214
116,2,0.6209609477998338,0.10114290354913615,0.7546,0.016100000000000003,2.3941488103629958,0.04789919221803115,6.409396413972081,6.422430063405608,5.95950161041509,0.9279200476423652,0.37353732796802863,1.49444689470188,0.060109691904700016,3.9944297408605673,4.010399626117749,3.721549880023618,0.9279748222064964,0.3741327277369795,1.7003034007336555,0.029553110037057115,3.8407155557076313,3.8846302250742806,3.4927531864110235,0.8991211477134188,0.44270484915417896
117,2,0.6545084971874737,0.10040534401839686,0.7355,-0.019100000000000006,2.2706872150291715,0.04548084001090231,6.119390033109981,6.137284934835089,5.701775693485082,0.929038777574418,0.37106430587742234,1.4874037541772736,0.0598139858238328,3.917095576068867,3.9398372272267657,3.648280110868497,0.9259976746390879,0.3797210778476862,1.2934699337412197,0.02278398609373276,3.608005254870843,3.6393815416226336,3.401769344938231,0.9347108309566076,0.35850001382204816
118,2,0.687303296707956,0.09966499850539376,0.7289,-0.00660000000000005,2.3858278089193043,0.04785774574468689,6.256323537010866,6.28561574796973,5.815220638071213,0.9251632411589181,0.3813466159167338,1.6901329231090512,0.06861696612447327,4.156596649898779,4.184887175260323,3.828411054430168,0.9148182242671857,0.4066146093704351,1.5554773548971472,0.027544727214825326,3.817893299152048,3.878258414338113,3.5526578740698938,0.9160446505925294,0.4074177126015067
119,2,0.7191855733945386,0.09892194819735524,0.667,-0.061899999999999955,2.7218736766764784,0.05467822387374515,6.4108866432910165,6.422889857124085,5.817638513375027,0.9057665074113437,0.4245705513331631,1.933274343618628,0.07806156620015257,4.07329135240332,4.0816961528103155,3.5948148572400718,0.8807159383397468,0.47462216089157455,1.8144006895179874,0.032356269877078445,3.6937823533358523,3.7131033488598413,3.2396126800518337,0.872481150045716,0.49120400607236736
120,2,0.7499999999999999,0.09817627457812106,0.7043,0.0373,3.0371168987561403,0.061070205683570654,6.896227461530795,6.961030348465442,6.263534494532772,0.8997999119359632,0.4404026572061436,1.9607189032310393,0.07976897931453562,4.286049457930045,4.320306731369738,3.8497573197661668,0.8910842583960734,0.45746530050028206,1.2893507259382528,0.023287412196659644,3.392387309254645,3.4145576126025325,3.1617682375130256,0.9259671665352766,0.3800717926342972
121,2,0.7795964517353733,0.0974280594192065,0.7607,0.056400000000000006,2.2976702554962527,0.04621679655264614,6.028182866036601,6.043535753023005,5.58972592039039,0.9249098787236235,0.3811547039227297,1.5257064451033302,0.062061461930221426,3.742794310622274,3.747155214753555,3.4224833791607905,0.9133551142171948,0.4076383360884364,1.6386780946497315,0.02968007392222029,3.5604504974818934,3.5840698166198184,3.1875211654569617,0.889358000415057,0.46024459427498754
122,2,0.8078307376628293,0.09667738477083535,0.7952,0.034499999999999975,2.338175362023694,0.047096857585570855,6.204490017027082,6.231617373444756,5.776330247741579,0.9269391719004885,0.3768521434649748,1.4743366789617458,0.06101137273407001,3.7907075276227964,3.8060181429762006,3.5088610188476785,0.9219244068300333,0.3889344319545333,1.4111820596450844,0.025977548992019484,3.686955976930121,3.762972205223754,3.488341319278169,0.9270175619250276,0.3827499076406332
123,2,0.8345653031794288,0.09592433295294221,0.7235,-0.07169999999999999,2.214689577599396,0.04467178624774121,5.837514311726007,5.850819224815326,5.415462654134577,0.9255904935783604,0.3793891473894422,1.4438290663504827,0.06010185113895591,3.62338427786219,3.6326448973788596,3.333386647194322,0.9176197347556686,0.39847528046413755,1.782347057157194,0.03318577661863911,3.700171279024632,3.7842185238377204,3.338195599249929,0.8821360548345231,0.48169312249432467
124,2,0.8596699001693258,0.09516898654614492,0.7703,0.04679999999999995,2.600146520677879,0.052523428048470586,6.359233918388126,6.384217462595781,5.830735000827013,0.9133045725632715,0.40887731982297293,1.8242181768429386,0.07610475386810445,4.010858984837414,4.034966040527453,3.599052483278556,0.8919659910714108,0.45481982381808567,1.6650626327479603,0.03159241755063039,3.4815998086288027,3.5115935379549206,3.0917394418050526,0.8804377295914543,0.47824641666778195
125,2,0.8830222215594892,0.09441142838268907,0.73,-0.0403,2.395083845101602,0.048425760473214244,6.000329178994388,6.021749336047877,5.524946918312751,0.9174986552892317,0.3991587417380659,1.589484625927868,0.06574335205655168,3.661930554229259,3.6814385314589977,3.32062174312359,0.9019902722123104,0.43405646349358834,1.4004053830090377,0.026423766220661712,3.195262716696501,3.2208244143529536,2.9004443140196376,0.9005285420386139,0.43827550570141555
126,2,0.9045084971874735,0.0936517415373641,0.7749,0.04490000000000005,2.2945695389193737,0.04646161242293465,5.926864835557426,5.934624969671463,5.4730909211849115,0.9222302924202974,0.38714726969196483,1.4608963064307423,0.06125360712433701,3.502227398120641,3.507429779707807,3.1887059574425476,0.9091289513166501,0.4171334811710644,1.2632177042941959,0.024224637372318333,3.0424236896347683,3.0901664272023495,2.820179168683963,0.9126301884125972,0.4152011137034765
127,2,0.9240240480782128,0.09289000931839356,0.7757,0.0007999999999999119,2.267448570486977,0.04596650559613744,5.861369163622706,5.876732872441539,5.421684813673537,0.9225678504289496,0.38684623117741773,1.5863600115286207,0.06667290344584197,3.581323379256256,3.5946021338397025,3.2256203083206283,0.8973511360143401,0.44295357987417067,1.4714837030290864,0.02858247693647917,2.9645009730482847,3.0306033238606744,2.64939507660992,0.8742137434320719,0.4963680958134465
128,2,0.9414737964294633,0.09212631525829919,0.7812,0.00550000000000006,2.065231852841525,0.04193325253971048,5.782192839810361,5.8091971016215975,5.429695060685795,0.9346722043860644,0.3571710439372442,1.4392853939954748,0.06118109581862557,3.6151314188051877,3.6420673969467776,3.345610952110985,0.9186021529737977,0.39812809750389744,1.7902497530519912,0.03503191094893809,3.307549871146703,3.344841391115483,2.825415358465286,0.8447083218863864,0.541261605356029
129,2,0.9567727288213004,0.09136074310474071,0.7769,-0.0042999999999999705,2.047140823549567,0.04163428443956198,5.614796556182902,5.623153482399259,5.237276928525746,0.9313771969622873,0.36459750643953365,1.3294870938058625,0.05652572500829092,3.436328848275012,3.441223407200453,3.174032576953029,0.9223558605092739,0.3868916953257387,1.4206965557256808,0.028520023142175843,3.2870314771459945,3.3357754705618796,3.01811545356933,0.9047717630290498,0.432212640981223
130,2,0.9698463103929543,0.09059337681133195,0.6946,-0.08230000000000004,2.3929155821003865,0.0487416914840801,6.100984934367715,6.1430497817139935,5.657827818792649,0.9210128551512469,0.3922179136389524,1.6068256616646028,0.06866146845249863,3.798205165864513,3.8368339330289762,3.4841650363051735,0.9080833565174947,0.4230486747018237,1.2207005227372816,0.024978139110626785,3.331677004566474,3.355235207191228,3.125298753894674,0.9314693489136814,0.3663922166116827
131,2,0.9806308479691594,0.08982430052843446,0.7459,0.05130000000000001,2.515128609746317,0.05129046259040618,6.039299979110092,6.063065631298369,5.516782843879822,0.90989990532206,0.41646028818673253,1.7441647685660178,0.07512658336029097,3.720597135551822,3.7488646220314528,3.3184144844808676,0.8851785324492911,0.4687862472127962,1.4929191625623808,0.030307354694970392,3.1565066804761166,3.223767605487736,2.8572493913251775,0.886307495137477,0.47296562741226134
132,2,0.9890738003669028,0.08905359859392936,0.7496,0.0037000000000000366,2.2686777244943412,0.04631469545992235,5.735381748941523,5.775825711233834,5.3116159503180365,0.919628848908491,0.39555827733926,1.5924687795283425,0.06813529793938694,3.582396467302115,3.610345291029809,3.240159999340876,0.8974654051487297,0.44452611375189943,1.1899095421679142,0.02443880260546338,3.033081715238919,3.0587911983039353,2.817857137163131,0.921232262838209,0.39231041359338514
133,2,0.9951340343707853,0.08828135552396875,0.7705,0.02089999999999992,2.037614746433268,0.041656314681829586,5.527584109643006,5.535528386041057,5.146863197363681,0.9297871564244032,0.36862663796985,1.3289083885856474,0.057356441691956014,3.430702913998468,3.451592116377861,3.185512648154991,0.9229110916784407,0.38735746635572443,1.06607698289864,0.02201535393492495,2.811352507464205,2.8389741321653084,2.6312079185767256,0.9268164470980517,0.3792043082709057
134,2,0.998782025129912,0.08750765600370768,0.7033,-0.06719999999999993,2.321285260533257,0.04753787368754428,5.782272885688093,5.817629103455722,5.334458091046013,0.9169470923949584,0.40144858370118636,1.5839410632943036,0.06888470325113571,3.582951970830436,3.6097895613559787,3.243718721599502,0.8985894236951125,0.442077113003328,1.2109700395755874,0.025221722746639384,2.880594682890653,2.9133702383745574,2.649769930758446,0.9095204913731868,0.42038890329422846
135,2,1.0,0.0867325848780173,0.8079,0.10459999999999992,1.9353868309780933,0.03968154592001761,5.490709971832321,5.501529100916245,5.149864107882366,0.9360786816568304,0.35248389386923484,1.3610269666481936,0.05930510492903381,3.406627491024271,3.4183458481670024,3.1357126901123435,0.9173187352572258,0.3995232734527641,1.2828831993725915,0.027068647275572847,3.0786926130317998,3.096330022909322,2.818061457515301,0.9101295522973488,0.4166973974414576
136,3,1.0,0.08595622714218087,0.8144,0.006500000000000061,1.9744833088977733,0.04053639985517746,5.4734089583621355,5.506472628652442,5.140297323213067,0.9335009306077335,0.36074105259048983,1.3094562418209887,0.05746545412097449,3.3970183857877414,3.433746824660311,3.1742623471264233,0.9244310979276821,0.3854722268502931,0.9447036018457365,0.02025034032931955,2.975830408125262,3.063941360905229,2.9146648841957776,0.9512795908517817,0.3174588172989632
137,3,1.0,0.08517866793257281,0.7668,-0.047599999999999976,2.005744223439163,0.04124330716558902,5.370299925766727,5.3747683041435,4.986494213002374,0.9277598457887387,0.37348830627049184,1.2800217055474599,0.05618413493168356,3.1751198982636506,3.182202921816046,2.9134103604123096,0.9155325515035542,0.40314121877647957,1.5017835545665248,0.032167634893811935,2.9205628484602357,2.9650564463267095,2.5566010174889047,0.8622436246217761,0.5142103192055214
138,3,1.0,0.0843999925173228,0.7568,-0.010000000000000009,2.413002977801038,0.04970013908303976,5.91928829835553,5.961261564638456,5.451060084768676,0.9144138410405879,0.40765086209289847,1.744566682409287,0.07687748951646249,3.736669395437997,3.8008489807450863,3.376823980135315,0.8884393979456009,0.46687745095650773,1.769808475623895,0.03870750702014039,3.2348177301610184,3.320158936547217,2.809134043999164,0.8460842079206333,0.5471122713105074
139,3,1.0,0.083620286286965,0.8146,0.05779999999999996,2.168305929638398,0.04469163975663813,5.656829270149709,5.681969149051481,5.251973226633544,0.9243227284171865,0.3833076492303282,1.5260916364639987,0.06759185245440004,3.473240890203412,3.4977224166666363,3.1472378700057475,0.8997963517657002,0.4393854859789533,1.464802573499097,0.03213180634485828,2.8803181215717153,2.904145145021889,2.5076709366836316,0.8634798921748558,0.5085558301802413
140,3,1.0,0.08283963474507404,0.7125,-0.10209999999999997,2.022425108158533,0.04173559484326792,5.345806261345098,5.352853260279314,4.956090679679129,0.9258783005421893,0.3783199407697307,1.3287843548268268,0.05916485250106267,3.252354616970328,3.256369714338759,2.972923812152187,0.9129564739106631,0.4085607233274678,1.0910136276480447,0.02420620305141589,2.936281307182717,2.9721436160066865,2.7646568427184737,0.9301895197221365,0.37156304642174864
141,3,1.0,0.0820581234988886,0.825,0.11249999999999993,2.021301486026778,0.0417709940451207,5.48505112120222,5.497958718019926,5.112914077186186,0.9299658908729652,0.36851096577997744,1.360448158163788,0.06099550285653553,3.3255569205466173,3.3425334675632414,3.053147607332689,0.9134231973923902,0.4090888205095503,1.0304076812430487,0.02307101540725732,2.7398422574807877,2.7546682731765935,2.5546934123327922,0.9274051025341078,0.3760828487222769
142,3,1.0,0.08127583824992367,0.8003,-0.024699999999999944,1.931556540157601,0.03995696052594949,5.2711096967363815,5.290891272461004,4.925710088803686,0.9309792689261864,0.3664421063658622,1.3567264829209833,0.060337336320371845,3.2451518630705465,3.26363805682003,2.968270020803028,0.9094973061121865,0.4180779637342628,1.1857544343421917,0.026730650542887847,2.8909529413497683,2.9271019028420655,2.67617499571659,0.9142746253959119,0.41016040675797727
143,3,1.0,0.08049286478457239,0.7498,-0.05049999999999999,2.0736185781110335,0.04295431307289972,5.505312584964517,5.513283805642502,5.108463990748197,0.9265737391425419,0.376657736705862,1.3185642599871163,0.05948859862382063,3.3946773566720245,3.403979289319388,3.1382261302135794,0.9219286791962401,0.3884210843765642,1.1338697521167764,0.02579085715114613,2.7414920343491938,2.7531264369886363,2.5087935662756182,0.9112525790932186,0.4135958587185708
144,3,1.0,0.07970928896469852,0.8106,0.060799999999999965,2.0584956119736555,0.042690816556852855,5.490299851424437,5.512904413818067,5.114167666821387,0.9276721094606233,0.3749331853777689,1.2787796838275352,0.05794537873690455,3.259453233549176,3.275538451095956,3.015605197024511,0.9206441145624547,0.3923295081105025,0.9071376938747976,0.02082300648683829,2.8263359277202267,2.888377250247753,2.742229786494267,0.9494015320398504,0.3209589083087201
145,3,1.0,0.07892519671822079,0.7437,-0.06689999999999996,1.963998831963669,0.04077496753065326,5.3004880353429575,5.308976004735404,4.9323356453321505,0.92905593111227,0.37053169799987906,1.2929768475708432,0.05841497585373862,3.264099241952112,3.2696568644752575,3.003142844861315,0.9184886883667792,0.3961205685638319,1.1995488013687698,0.02763451427009815,2.87829198650917,2.91105260039373,2.652416265898973,0.9111536718849479,0.41675716257807405
146,3,1.0,0.07814067402968998,0.6974,-0.04630000000000001,2.4648314474596202,0.0512359559591637,5.79220809251672,5.8053600473091835,5.256121299405835,0.9053910966025399,0.4255426269377433,1.6968995467924743,0.07705774496182857,3.5568381289566937,3.5689703653618223,3.1397581675592896,0.8797378084255908,0.4770809031138608,1.2071572762640705,0.028154730027339182,2.795538806582658,2.8349922056446943,2.56514195901658,0.9048144661241675,0.43181560328247853
147,3,1.0,0.0773558069308596,0.7869,0.08950000000000002,2.237329287368069,0.046525088048874105,5.582775156605107,5.620158266867868,5.155631540387714,0.9173463264871655,0.4007557575950437,1.4248776132896592,0.06477904610022676,3.327427463461416,3.3484619260765647,3.0301685062336268,0.9049433958426738,0.42822199099342795,0.9496429052139918,0.022300057396459263,2.7037911393117007,2.7151322219465475,2.543643270794388,0.9368395580274118,0.3512264284791394
148,3,1.0,0.07657068149125178,0.8143,0.02739999999999998,1.7834704725710226,0.037113596504601616,4.9655453662491285,4.982007961817091,4.651842275319246,0.9337283904344819,0.3591691024903917,1.1656803954564863,0.05333639362855287,2.978882074628122,2.9849132882368403,2.747889532892941,0.9205927501217609,0.3913147168143632,1.286398733717444,0.030116897298714272,2.945119932839989,2.980653950637978,2.6887689880272068,0.9020735155960334,0.43678993149761663
149,3,1.0,0.07578538380871845,0.8316,0.017299999999999982,1.7710962030189144,0.036910852241398714,5.025820686982119,5.037761239962075,4.716169703245356,0.9361637994739227,0.3523994016751151,1.1109521926305035,0.05161127069754107,2.972586322764692,2.984077093063827,2.769566979613744,0.9281150899389667,0.37373252514909244,1.1234269692191539,0.0268659594093878,2.58273995447938,2.618093279358218,2.3648098969695464,0.9032565476617549,0.43497486739643926
150,3,1.0,0.075,0.825,-0.00660000000000005,1.6784524226137318,0.035036717544597355,4.884974170370241,4.892266382406585,4.59533109976587,0.9393051687233254,0.3435949432024364,1.0318637279718663,0.04806564734795613,2.9562917008930802,2.9663071337830034,2.7810493559836647,0.9375459891899073,0.3490398892843171,1.1138210300846667,0.027118089532980002,2.610415032049022,2.6287621174300133,2.38113331641161,0.9058002246089518,0.4266835029717029
151,3,1.0,0.07421461619128157,0.8088,-0.016199999999999992,1.8300383284844555,0.0382569947759374,5.148534827573504,5.157023146085142,4.82139476655457,0.9349181940776515,0.3554483731339445,1.1611526930806995,0.05422245637343288,3.048384320912779,3.0609528109171213,2.832164640656297,0.9252558976261137,0.3809075795052689,0.8346017271106286,0.02059153247935046,2.6168926729941955,2.6449374542614654,2.5098076305806485,0.9489100116665902,0.3189285276096915
152,3,1.0,0.07342931850874825,0.8206,0.011800000000000033,1.7967631949206913,0.03760992679527106,4.942045304674945,4.964334437753682,4.627770357980861,0.932203584590664,0.36356671866626494,1.1294950185903347,0.052916533006824126,3.0369373013545666,3.052826838782234,2.8361933497163903,0.9290383960486084,0.3719191101135165,0.7891719359724644,0.019579014090032973,2.703870946437309,2.71916291625496,2.6021250811585235,0.9569581379634178,0.29186745654865587
153,3,1.0,0.07264419306914037,0.7532,-0.06740000000000002,1.7707672414053612,0.03710599444152014,5.000208622974972,5.008385494831024,4.684902211354086,0.9354116643355842,0.3541386719884117,1.157838458348282,0.05402890966696331,3.0072264789069867,3.0146718553829532,2.783461252813464,0.9233048856854377,0.3850187095882158,1.0061370499185722,0.025081499129982372,2.6258446032927676,2.6538249728844705,2.4557027696955527,0.9253446609278166,0.38316701934946656
154,3,1.0,0.07185932597031003,0.7263,-0.026900000000000035,2.153482571218712,0.045177260185490606,5.264708859439859,5.276680708867819,4.817247360570512,0.912931372268707,0.4090411509379899,1.7140263966647742,0.07999047307665597,3.3966292300136285,3.4125657069413897,2.950884321126727,0.8647113563628762,0.5046256981831063,1.1036160863802236,0.027732267463423384,2.633084616121976,2.690426911648129,2.4536559291898934,0.9119950140874884,0.4191343034032976
155,3,1.0,0.07107480328177919,0.7835,0.05720000000000003,2.006429289037072,0.042119675273029004,5.201137217035734,5.238934443093824,4.839491256899856,0.9237548798266543,0.38576742072199915,1.368210256093138,0.06447932660937751,3.123473541167972,3.1489847581390267,2.8362132443368457,0.9006754437303084,0.4380412505692358,1.0492340541654916,0.026340225869490832,2.605305072738674,2.6248314530073276,2.4060024894571446,0.9166312323408553,0.4027298242898464
156,3,1.0,0.0702907110353015,0.7904,0.006900000000000017,1.8756342650452107,0.03941815466095011,4.996941323511114,5.027883898567718,4.664934365968625,0.9278126663381218,0.3753564718120987,1.1699426678268954,0.054952166342308824,2.9124144753637906,2.933985905178653,2.6906332865609994,0.9170573320791615,0.4017088493837257,0.9728173894499887,0.024507062456870402,2.3336585291946195,2.360557946645705,2.1507813723291433,0.911132630904211,0.4168636401940616
157,3,1.0,0.06950713521542763,0.7737,-0.016699999999999937,1.8147546960875116,0.038182364356215005,4.8636745567786095,4.887933259652142,4.5385633204080165,0.928523995585613,0.37312420370689653,1.1882794880205458,0.056152585096290994,2.8901203516008795,2.9050003026408717,2.6508524814895433,0.9125136679262001,0.41115225093042945,0.782526103573174,0.020043824440396693,2.2576554382193756,2.2759653552149364,2.137211185234604,0.9390350254399066,0.3466100673849311
158,3,1.0,0.06872416175007633,0.7936,0.019899999999999918,1.8247741265612338,0.03844454850636216,4.9121179338382674,4.929734858878653,4.579572596706315,0.9289693518624674,0.3714841848545314,1.2379319457341627,0.05911694312849565,2.9543189692124763,2.9611920364333124,2.6900154211908536,0.9084231580032598,0.4190244718444043,0.8156153029807462,0.020991140024934195,2.398098581382423,2.4269034695665663,2.2857454447606584,0.9418361601208975,0.340109163698588
159,3,1.0,0.06794187650111143,0.7524,-0.041200000000000014,1.8539487591523878,0.03909982409349345,4.951221718373289,4.972567524696183,4.614033142203078,0.9278975336760236,0.37444268598851954,1.2357928199415256,0.05950164140893889,3.0843317755173274,3.106198213882814,2.8497865470609236,0.9174516083114443,0.40066792741006246,0.972364967405969,0.025069494189779877,2.5849591501500493,2.626850042329509,2.440255876751022,0.9289665711511215,0.37616260487115477
160,3,1.0,0.06716036525492598,0.7409,-0.011499999999999955,2.0035026573121115,0.042303272933770744,5.125864856520422,5.144901225960288,4.738774702274981,0.9210623283424642,0.39086138893488975,1.3985268696185946,0.06696788282304061,3.210978096294835,3.2299862688243217,2.9115174959361605,0.9014024375391292,0.435545440572255,1.0540257950452396,0.027472944876024023,2.6973039687766143,2.7249368314024576,2.5128292791120117,0.9221605617252862,0.3907701198108948
161,3,1.0,0.06637971371303501,0.6905,-0.0504,1.862296951198044,0.03934711901950697,4.934243033909512,4.952854333097049,4.589402592528908,0.9266177205860056,0.377423028902268,1.2122411310602845,0.058482157100024725,3.0309824544102906,3.0426759208769063,2.790761192334264,0.9172061911641118,0.3999499005005421,1.0762107023204244,0.028235311293823534,2.5967642428845994,2.6506555091909627,2.4223433094044426,0.9138657592452646,0.4144429765887882
162,3,1.0,0.06560000748267719,0.8073,0.11680000000000001,1.9055041971682056,0.04029297523884807,5.058142328056522,5.080273522648517,4.7093771212552715,0.9269928282916773,0.37672016198491454,1.266548507633983,0.06115977849120842,3.1357932420908106,3.1474898983562904,2.8814141507682036,0.9154641456587234,0.40390051570795005,1.023757932149228,0.027334658720257445,2.614300641570439,2.664239033644616,2.4596929462736146,0.9232253244592746,0.39159915882292917
163,3,1.0,0.06482133206742717,0.7782,-0.029100000000000015,1.7229143973332262,0.036460549283710356,4.686469375552227,4.7015257720820225,4.374461177618433,0.9304343716659556,0.3676359022681563,1.1416135446533313,0.05530804267094957,2.8235450235749022,2.8399665172236723,2.6004093265060355,0.9156478820208677,0.404319228176475,0.9667042241749642,0.02558040767073039,2.2816239595235244,2.315616213291625,2.104177208130103,0.908689961683692,0.4236913011628975
164,3,1.0,0.06404377285781915,0.7911,0.012900000000000023,1.9270515911405006,0.0408351334122026,4.939791516218094,4.952612339908764,4.562328476178742,0.9211963632636727,0.39010787900940647,1.309813403095353,0.06425459655644052,3.0100226116842137,3.027840606987613,2.72987321726104,0.9015907940996208,0.435150685583211,0.7660072697234882,0.020626673171900613,2.438093913859269,2.483386508803773,2.3622957293555182,0.9512396564050823,0.31418283986894174
165,3,1.0,0.0632674151219827,0.791,-9.999999999998899e-05,1.781235391872226,0.037772985508335105,4.715970714208611,4.720013707481217,4.3710101707450875,0.9260587874600958,0.3777028102624967,1.2089354113531456,0.05957138647481475,2.8656662425359944,2.8748044593371014,2.608251507069382,0.9072796233489969,0.42186888110294674,0.7521918779370863,0.02031103878092877,2.2668254303668585,2.329856934385261,2.2050943607377134,0.9464505430328207,0.3318261158801951
166,3,1.0,0.062492343996292325,0.7961,0.005099999999999993,1.764612250665777,0.03746761079153399,4.634450054264374,4.651227837314208,4.303494405322359,0.9252383576650068,0.3807597945827629,1.1574945714529845,0.057256903326895585,2.8072566583399317,2.8181490959237543,2.569468954258112,0.9117576348159365,0.4123223175958082,1.045472503365247,0.028410107918507232,2.1717449800985262,2.2079462057248835,1.9447402322735892,0.880791491763323,0.481397453635563
167,3,1.0,0.06171864447603126,0.8094,0.013299999999999979,1.7145801395575115,0.03645118617077091,4.6224502718313545,4.645093475803785,4.317071733655182,0.9293831773553616,0.370924518108059,1.1783691225175301,0.05831929418417002,2.788197893163705,2.8131187186620705,2.5544242447130046,0.9080399727772236,0.4226275062493722,1.1473298712019069,0.031490677395843,2.4039506906595483,2.4539920115286225,2.169265122135569,0.8839739950026596,0.47726847129594213
168,3,1.0,0.060946401406070654,0.7985,-0.01090000000000002,1.6158536729467958,0.034386959098249334,4.506229894510182,4.516748280189149,4.2178231369456585,0.933818507319834,0.3585821653074884,0.9615510088734781,0.047945707070213055,2.7404161833667424,2.748562718143728,2.5748818843207424,0.9368103071920137,0.3508777297075232,0.8661415682355481,0.02425609392754388,2.525463209881392,2.5527597447915893,2.401329040237504,0.9406796096408797,0.3429634471991482
169,3,1.0,0.060175699471565536,0.7644,-0.03410000000000002,1.6921291921456068,0.036054336765094445,4.566899140305587,4.589087762703699,4.265726824386016,0.9295369896941845,0.3705203772099028,1.1611456216858653,0.058102581835330264,2.7663766985377203,2.784456235659532,2.530797771149252,0.9089019747332471,0.41973518006410176,0.7327378767344035,0.020614737922129867,2.1203444902866257,2.155869039675715,2.027527101779626,0.940468583418502,0.34557491959023734
170,3,1.0,0.05940662318866806,0.7945,0.030100000000000016,1.8334996894511177,0.039106690391613595,4.734918086918272,4.744075710871929,4.375446638386308,0.9222969667956945,0.3872294421558734,1.3188217045743853,0.06594761415472904,2.877437601716413,2.8851308615547415,2.5660650143018287,0.8894102685238429,0.4583319908614867,0.8486033681297299,0.0237816918273353,2.1959537820098425,2.2720447794402694,2.107619466204658,0.9276311300184329,0.3864395394301274
171,3,1.0,0.0586392568952593,0.809,0.014500000000000068,1.6996660008583975,0.036283349376168825,4.527138092841784,4.544726242525561,4.214934413222974,0.9274341705740854,0.37543939813673316,1.1734574476564155,0.05926004790126581,2.74850282695811,2.7611918315287944,2.4994355488282705,0.9052017032240759,0.42694423893139405,1.0162506793875952,0.02860842943215522,2.48943336532269,2.527898548023527,2.3146286858881835,0.9156335358861251,0.4082257004922342
172,3,1.0,0.057873684741700834,0.7969,-0.0121,1.5886818664981106,0.033945556458584526,4.382303079540155,4.396808930712824,4.099758372474038,0.9324395117186437,0.36252213451763693,1.0006273441452387,0.05091848861099146,2.631313135388702,2.6391854729863753,2.442139398041925,0.9253382996529295,0.38027680198442987,1.126787218263084,0.03222228183289541,2.3362210100487637,2.3827744705473397,2.099515370211293,0.8811221524163048,0.48231191031004583
173,3,1.0,0.057109990681606444,0.7669,-0.030000000000000027,1.7207228676498127,0.036810086009239434,4.472292375377339,4.49701269056026,4.154784709385895,0.9238988180102893,0.38475187291497925,1.1890964394654762,0.060275974310601735,2.7983766066498323,2.820660713080273,2.5577678908567245,0.9067974318908922,0.42492366346967203,0.7768175741745921,0.02252636603060405,2.188424425102564,2.209319116111997,2.0682470469225724,0.9361468118568195,0.3549665984641828
174,3,1.0,0.05634825846263591,0.707,-0.059900000000000064,2.0655210793211025,0.044235821670397565,4.904700143105844,4.934769089920636,4.481692593429891,0.9081868901594277,0.4211309599067835,1.4564495865722458,0.07415806439932597,2.978730098979727,3.007729125086256,2.631575408870285,0.8749376354809931,0.48894983371306716,1.0479395991100824,0.030613410502836624,2.1869709655427223,2.2336695642038555,1.972587688759445,0.8831152648411236,0.47917398795919725
175,3,1.0,0.05558857161731095,0.7898,0.08279999999999998,1.9034074260841052,0.04078851598961077,4.694773334095116,4.713226729867822,4.311791548765025,0.9148279503383757,0.40543116581601135,1.333246851151637,0.06791023001601676,2.8410100678299544,2.864213951281891,2.5349900311519384,0.885056100651068,0.46928621135440385,0.8173288330630218,0.024144368707677024,2.0685633457062607,2.0970120207055625,1.9311739481997843,0.9209169662031884,0.3951190737086008
176,3,1.0,0.0548310134538551,0.8012,0.011400000000000077,1.6752055384202638,0.03591895263918731,4.361096763645322,4.369756029894668,4.035895711978556,0.9235974924842293,0.38412482666860276,1.1256658349385993,0.05762173720896295,2.611808640972608,2.619275066482545,2.3650535697592603,0.9029420392014491,0.43099092991721405,0.9318926430811122,0.027466790851731676,2.1156971312678934,2.1510764228663755,1.938738376918843,0.9012875397218173,0.4404659954908802
177,3,1.0,0.054075667047057796,0.7809,-0.020299999999999985,1.686422542683091,0.036200637974031946,4.354968984490702,4.364082235578137,4.0250705328488,0.9223177556175391,0.3872409995774774,1.0876873252612462,0.055909853514888266,2.655455001669418,2.6659663850086153,2.4339911244352104,0.9129864270315414,0.4096048792306571,0.8398865329555422,0.025126888859884053,2.0592108333440673,2.1134437884433512,1.9393905063876442,0.9176447071800735,0.4078681596636725
178,3,1.0,0.05332261522916461,0.7642,-0.016700000000000048,1.6987953557726267,0.03650051997959231,4.272610958603831,4.29434751080808,3.9440480366730912,0.9184277766870637,0.3976012260961258,1.1255182182077137,0.05760277445349848,2.5881943506512015,2.599415368936466,2.343111013666934,0.9013992306376195,0.43486619075747857,0.8328363813398948,0.02500963066352574,2.12840666522938,2.1687890640581764,2.002505748028682,0.923328958640934,0.39129570252973217
179,3,1.0,0.0525719405807935,0.7871,0.02290000000000003,1.8287807518850592,0.03932989975703776,4.415711425834215,4.421786593094187,4.025885948631423,0.910465908716384,0.4141531398962663,1.2824787103527764,0.06632724557527672,2.623622666295433,2.630585239943524,2.296786252224821,0.8731084693055339,0.4888198012725824,1.2077672288549404,0.03621527489298889,2.066309868596699,2.0886785834065478,1.7040767019552383,0.8158635395092528,0.5845044091451665
180,3,1.0,0.051823725421878956,0.7625,-0.024600000000000066,1.801492568845655,0.038775771078966806,4.4051702840993165,4.422428914624393,4.038873860964839,0.9132704988448344,0.40894958711317764,1.2424110712677443,0.06448103572265272,2.7006535455939815,2.722215642265672,2.4221628417382983,0.8897762558304738,0.4600408939142501,0.7448062008972521,0.022756719479103613,2.0779292342593987,2.09361810572103,1.9566557557991977,0.934581025284617,0.3584367497301759
181,3,1.0,0.05107805180264475,0.7893,0.026800000000000046,1.660586570684565,0.03577040992019746,4.103658374148941,4.11041438401003,3.7600476839331862,0.9147612217785611,0.4046600421578598,1.3721174433524128,0.07131256843498525,2.6627773307354996,2.6787918325512297,2.300699791407516,0.8588572517844262,0.5152956003923216,1.5083738731094167,0.04655872757658127,2.319107468522159,2.366165655070231,1.8230600459118678,0.7704701663661655,0.6504113731609951
182,3,1.0,0.05033500149460625,0.7931,0.0038000000000000256,1.686747285377106,0.03636664277039698,4.189295315308575,4.225445802637276,3.8741806627653186,0.9168690935160692,0.4026327003525803,1.2995658328774304,0.06816242890306037,2.637685816397344,2.6882467862108004,2.3532529750651543,0.8753857670865723,0.4926916711606044,1.5235736747972766,0.04649954058341094,2.3340770509913575,2.432498645809952,1.8962526495014511,0.7795493135290332,0.6527520906604887
183,3,1.0,0.04959465598160315,0.7563,-0.036800000000000055,1.612636698848609,0.03480397807034303,4.050202781832237,4.058900268556634,3.7247918538599607,0.9176849903692056,0.3981619651446395,1.1920102529856944,0.06278351684779121,2.554321500511728,2.56425721149051,2.270358264431362,0.8853863232821659,0.4666641426096477,1.372552194811623,0.04294536806988251,2.0229839091959523,2.0591650785495204,1.5350117355743749,0.7454534614852928,0.6784790470019866
184,3,1.0,0.04885709645086388,0.7912,0.03490000000000004,1.659071031483072,0.0358433381311472,4.154246081571611,4.193586055114579,3.8514474306482556,0.9184138300800946,0.39936753839469746,1.0814024339790531,0.05718305268784111,2.4155129341357595,2.449671558701492,2.1980581592958064,0.8972868838224748,0.44769059966386204,0.724318749517939,0.02274751214517514,1.702812278151371,1.7459076728655176,1.5885707198415653,0.9098824322332469,0.42536617735942284
185,3,1.0,0.04812240378410249,0.8013,0.010099999999999998,1.5465562559956882,0.033441047970805646,4.05021440871716,4.0602388343788185,3.7541581181705777,0.9246150956400404,0.38184552715705117,0.9763387407588603,0.05186508762454218,2.3847223652429896,2.397597260583558,2.18980253585437,0.9133320978692592,0.40941400768025127,0.8085387164317003,0.025682333459153845,1.8558751650966943,1.9305938419706998,1.7531279009959255,0.9080770190411351,0.4356643871515863
186,3,1.0,0.04739065854864916,0.8076,0.006299999999999972,1.5477750380564126,0.03350177610914405,4.048044051418378,4.053619958611753,3.746495336527568,0.9242344804841137,0.3823513327415728,0.9720892179950525,0.051671892331099284,2.4243413787934704,2.4301146815004735,2.2272179591401433,0.9165073467911187,0.400970435310078,0.7651954114739332,0.02424862384064735,1.9087778183698223,1.9537349497211438,1.797653231495904,0.9201111091105181,0.4008823887776749
187,3,1.0,0.04666194098861497,0.8261,0.01849999999999996,1.3827126989217584,0.02996528913010526,3.8541465997950684,3.8582777889212343,3.6020012698296506,0.9335774837603805,0.35875975734687404,0.9113211343952818,0.048530247222366395,2.292713401415081,2.3016944698584387,2.113596765204462,0.9182785955663588,0.3974858496630268,0.7674247636273339,0.02447218343126664,1.9433293304213624,1.9629945735923942,1.8067671580886153,0.9204137303253602,0.39490206400627786
188,3,1.0,0.045936331016092284,0.7774,-0.048699999999999966,1.4164160050377288,0.030728659078769486,3.8330760953499476,3.836508783305474,3.565468469447743,0.9293523541410461,0.3695246245583378,0.9560959505563733,0.051326597149082505,2.349800485611219,2.352883064703775,2.149869576792391,0.9137171366665673,0.40688388499829514,0.7798677447856185,0.025100560604328106,1.7613677608892067,1.8161504973337883,1.640185736954084,0.9031111349868689,0.4427625860438771
189,3,1.0,0.04521390820239145,0.7768,-0.0005999999999999339,1.4917516300445164,0.03240153185955073,3.9582945832467917,3.9608954276311534,3.66924647326181,0.9263679236935153,0.37686725903581103,0.9818833774422075,0.05251235647994643,2.447282689991467,2.45038938261471,2.2450642055519676,0.9162071226232427,0.40121371407470346,1.0408109464659099,0.03363766003885997,2.067508738839276,2.110248037341982,1.83571775579325,0.8699061547785996,0.5034130820894297
190,3,1.0,0.044494751769314986,0.827,0.05019999999999991,1.3575456322524324,0.02951780803951625,3.749562514224736,3.7516555786522394,3.497426120237344,0.932235394991609,0.362054406908087,0.84226970982412,0.0453486405120667,2.2583337134946637,2.262983346364112,2.1003988457500986,0.9281547958029677,0.3729606943345622,0.8149123436318079,0.02674338559917817,1.7768528696154082,1.7966958722939161,1.6012603485104748,0.8912250388075302,0.45862679885712315
191,3,1.0,0.043778940580469924,0.75,-0.07699999999999996,1.3729742064808024,0.02988269096606103,3.746961964853441,3.7496895177744864,3.4892855101452,0.9305531814314479,0.36642331023354946,0.8648902633372696,0.04660315590354408,2.280724235366278,2.2859240048876304,2.1159899611822253,0.9256606766707633,0.3792173775004283,0.8324004980396309,0.027696282873747178,1.7554234072369244,1.782202687684899,1.575866987077336,0.8842243354062072,0.47418787661596007
192,3,1.0,0.04306655313261954,0.8368,0.08679999999999999,1.3789011848569237,0.03004631371076235,3.708357669000498,3.7151510288196987,3.449779519424183,0.928570465282047,0.3718360816119915,0.9116266072055624,0.049485418343816645,2.2906557293989938,2.3002381319585266,2.111878917299859,0.9181131674839726,0.397976263087229,0.5611101434808385,0.01888362970072071,1.7632684998985848,1.7937805160615796,1.703761575766984,0.9498160786737493,0.3182216114636603
193,3,1.0,0.042357667547075435,0.8294,-0.007399999999999962,1.3261892975360041,0.02892018961436263,3.623680275161874,3.6367013103986827,3.38626909806327,0.9311375362009154,0.36597856235447307,0.8955769688431664,0.04899963084325447,2.215497455678086,2.228792068725043,2.040944859411089,0.915717929927214,0.40423290333640294,0.5375947720110101,0.018014423718973174,1.7306135111989853,1.7402147713711134,1.6550950796249004,0.9510866743883876,0.31063826124791977
194,3,1.0,0.04165236156113045,0.7888,-0.04060000000000008,1.3847483849697761,0.030236547872873665,3.667350141477146,3.6729307610172817,3.4018954005897646,0.9262073319475129,0.37758826715466637,0.9304952052378883,0.05056442904992568,2.261497851961806,2.269392318519094,2.0698599810408917,0.9120767547109667,0.4114508463630428,0.8285521868859727,0.027924491978630055,1.8266311961952337,1.8761831265276445,1.6833198481722131,0.8972044489535655,0.4535957716104918
195,3,1.0,0.04095071251953399,0.7972,0.008400000000000074,1.3895034138679478,0.030372698288955096,3.6559739264901387,3.6654945065698024,3.3919213262016568,0.9253652733954968,0.38006381932868954,0.8441178097213311,0.04627661141647374,2.159344689473491,2.1728625150056984,2.0021979900640767,0.9214563628563613,0.39091387949144457,0.5149274962026482,0.017512603456601217,1.5949885080596808,1.6331035505638056,1.549799050325189,0.9489900685049292,0.3228408816744784
196,3,1.0,0.04025279736601039,0.7957,-0.0015000000000000568,1.3291253412567443,0.029084451907446997,3.4947375638363525,3.5022759525161495,3.240272012415766,0.9251903780134311,0.38032193175549794,0.8942531642733209,0.04935900529844426,2.139698392268144,2.1514390401687753,1.956783399105862,0.9095230506518823,0.4179342133006821,0.6357529733855256,0.021656970108768474,1.7428701770362982,1.7790582600672578,1.6615857669514238,0.9339692826521641,0.3647735681992136
197,3,1.0,0.03955869263482096,0.7861,-0.009599999999999942,1.2320275177312965,0.026984658395808627,3.389492582283725,3.4026674795882395,3.171790384721097,0.932148205414688,0.36348435284115543,0.8571223130865716,0.04767874046904234,2.0883030108305447,2.107449729969588,1.9252754575616409,0.9135570021826448,0.4104396290391226,0.6925279770690423,0.02386068931697625,1.7712355010466596,1.8303831352490778,1.6943162930615305,0.9256620979688871,0.3909858269325639
198,3,1.0,0.03886847444237134,0.7666,-0.019500000000000073,1.4206730576799729,0.031152233033936067,3.6420036358513848,3.653092233759952,3.3655268560817118,0.921281654204974,0.39008007671795325,1.0626102633394463,0.058853909069682034,2.355900098682826,2.3767298393766536,2.1259595641975504,0.8944893647462797,0.45104215748942295,0.8122242234627522,0.028022885919838383,1.8324818170982726,1.8934139309470828,1.7103531606752467,0.9033170891584866,0.44323726210222697
199,3,1.0,0.03818221847886444,0.7997,0.03310000000000002,1.3369156128119686,0.02934039174825748,3.5613033052994103,3.5700328021081322,3.310255414412126,0.9272338933293258,0.3754006604330966,0.8845511909961514,0.04906528264725363,2.2433018615282347,2.2603795403125506,2.0801165786351494,0.920251020475758,0.39430769713423974,0.7551142867372225,0.02618609393121428,1.727794032686013,1.739461518718728,1.5670128672119321,0.900860898817802,0.437039526964524
200,3,1.0,0.037499999999999985,0.7856,-0.014100000000000001,1.3271716507651632,0.0291522323128874,3.441387438245913,3.4485385001252027,3.1829284131163167,0.9229789410791723,0.3856501700493296,0.9808245933699666,0.05478550366803902,2.227325271511441,2.232801699266073,2.0058381049361222,0.8983503127910759,0.4403598369376866,0.7202487087062255,0.0252953615011869,1.869962802116104,1.9098611116238158,1.7688445820541063,0.9261639871551637,0.38516739899380414
201,3,1.0,0.03682189381872215,0.8282,0.04260000000000008,1.2533472080002888,0.02755407472307242,3.44522861990665,3.4519062264344393,3.2163298155930575,0.9317546899051442,0.36379217354645355,0.8318899277357981,0.046377892022640026,2.0824576111158986,2.0939791960406735,1.9216420522184556,0.9176987316072311,0.3994750833319601,0.7229166139640879,0.02556859834805897,1.7773487545115545,1.809336538610497,1.6586409936589743,0.9167122634536242,0.40673875182294067
202,3,1.0,0.036147974297015245,0.7956,-0.03260000000000007,1.201065834382498,0.026432722842656995,3.321285661177913,3.325260318928004,3.1007736320073027,0.9324904923554763,0.3616267785760208,0.7441092253638423,0.041899306473415436,2.0255827073374784,2.0322039760592285,1.8910722977307113,0.9305524051762785,0.3673556368092886,0.4756244691906859,0.01706968168077999,1.6957697111697974,1.714862773349787,1.647584863782033,0.9607677590222952,0.28047704004725066
203,3,1.0,0.03547831533774918,0.8203,0.024700000000000055,1.2423374209317646,0.027370947021649793,3.323529508707443,3.3317990409819713,3.091517853207371,0.9278824488454793,0.37380062902312644,0.7947590171203782,0.044842280940916024,2.07446064383412,2.0953658747666943,1.9387924873549616,0.9252763494446209,0.38311597739037634,0.6017152785515175,0.021627618078329167,1.7043054833895712,1.7283539373296584,1.6202300025776886,0.9374410921185371,0.35305600106080104
204,3,1.0,0.034812990376575266,0.8152,-0.005099999999999993,1.2167372190538777,0.0268356749374302,3.2108748444913138,3.2151768939460186,2.9760566334597005,0.9256276502432675,0.3789425866727112,0.8492655980237637,0.047947412056828856,2.016760711636901,2.0244374075240583,1.837687383368723,0.9077521372301969,0.4211037993369369,0.8546364273784005,0.03049806667656461,1.6919413136828414,1.7307906951895622,1.505069349378794,0.8695848397855835,0.5051217914397498
205,3,1.0,0.034152072373872994,0.7607,-0.05449999999999999,1.211467874143473,0.026746412013578528,3.2083331037766367,3.2120880609199394,2.9748706485720016,0.9261485339601807,0.3776004033737686,0.8509443712040409,0.048365616761390014,1.9988611941112768,2.0044714707471494,1.8148827894656006,0.9054171216460959,0.425714588742308,0.67961830581868,0.024737427438897182,1.602530271535249,1.6342223889005216,1.486203926011792,0.909425752642935,0.42409077562547076
206,3,1.0,0.0334956338067492,0.8069,0.04619999999999991,1.3302474083009401,0.029401501507173577,3.3270886667387853,3.3324574104445968,3.0554401083851905,0.9168729655205261,0.3998232513607308,1.0011026298157721,0.05677901283318903,2.191127058835943,2.1971197596427134,1.9557936447618207,0.8901625121608591,0.4568893555390701,0.6639074966432166,0.024380827532792953,1.4910370250127138,1.5093821005366168,1.3555298921482195,0.8980694097712569,0.44526560072346666
207,3,1.0,0.032843746661090224,0.8077,0.0008000000000000229,1.1684146599836918,0.02584886091144139,3.1160511885552244,3.1296353477655448,2.9033471458917757,0.9276950261840149,0.3749664525008763,0.8267512919800385,0.04731450864676057,2.021443242115341,2.030488270592557,1.8545524739875752,0.9133529608848031,0.40899060372077717,0.4857785909653767,0.017831978265469863,1.5719135865150347,1.6274944408190628,1.553305279702879,0.9544151062790439,0.3090364477619651
208,3,1.0,0.03219648242366763,0.8314,0.023700000000000054,1.079709604351373,0.023910615691892012,2.992384033319836,2.996463088597215,2.7951776769105825,0.9328256662154101,0.3608191971113789,0.7271927236163558,0.04186438873582209,1.8820276389882706,1.8904878145817958,1.7450315189200554,0.923058855740936,0.38638790873829876,0.6120361024065807,0.022548666069237697,1.5510493355580022,1.6663706779683232,1.5499042907564655,0.9301077552841628,0.3945948645059674
209,3,1.0,0.03155391207429908,0.827,-0.0044000000000000705,1.1446168475467258,0.025370326789143513,3.102843858359561,3.1064242521089227,2.887858033868613,0.9296405769134956,0.36889282857819083,0.7239787148867419,0.041954412475804365,1.9382751464711887,1.9433503797712632,1.8034593134940713,0.9280155201381352,0.37351699845339964,0.8185027112497981,0.030312494567858752,1.6712914887623407,1.7110832586108704,1.5026174129598315,0.8781673278597324,0.4897426431914236
210,3,1.0,0.030916106078064522,0.8106,-0.01639999999999997,1.1177531896424424,0.024800751785016357,3.013833060348776,3.0166412412710595,2.801919385376751,0.9288208843144252,0.3708742877460805,0.8085994946685557,0.04685692019805197,1.8788952437850868,1.8883678308132408,1.7064876351385856,0.9036839154391192,0.43035900875431965,0.6396263645685046,0.02409651592550097,1.6899006289369427,1.8573458686336106,1.7437349252641592,0.9388315632063556,0.3784993943524781
211,3,1.0,0.030283134377578798,0.8332,0.022600000000000064,1.1059915042265835,0.02456452249971814,3.0228946352865176,3.0300060903023893,2.8209430614356665,0.9310024393892031,0.36587166860407455,0.6989202123777764,0.040764290084502566,1.8927863557759728,1.9053730868366985,1.7725566546371725,0.93029373978404,0.3692546759146754,0.43756115231391446,0.01641909160098612,1.375448791641612,1.3880057033952076,1.31723208582447,0.9490105715000897,0.3181224593550159
212,3,1.0,0.02965506638532189,0.7842,-0.049000000000000044,1.0476243491948714,0.023291979766563938,2.8298075441882746,2.8347184353108656,2.6340295914430945,0.9292032530046452,0.37021045878064496,0.7095987369539668,0.04147901948645357,1.8220195070875884,1.829842695419104,1.6866516909071971,0.9217468228988336,0.38945726661742863,0.6076720272179409,0.02298763071033439,1.6309080117879948,1.6888482427835918,1.575735952701724,0.9330240058186436,0.37259736467401294
213,3,1.0,0.029031970976026777,0.8014,0.017199999999999993,1.0302598308778839,0.02292764864487783,2.81720134081026,2.8247944212816356,2.6302144885191763,0.9311171350040487,0.3657033013414544,0.6395814460814518,0.03748728662611908,1.7230720550427794,1.7294506883571268,1.6068401705101045,0.9291043574283724,0.3711867093483637,0.4747458629039617,0.01805629286544682,1.4254617453333471,1.480259168347519,1.4020640285468189,0.9471746965175072,0.3330470736644998
214,3,1.0,0.028413916479126725,0.8021,0.0007000000000000339,1.0372881458342436,0.02310706223779548,2.79346979189726,2.800674587352999,2.6015017753348344,0.9288839864089998,0.3713260651119271,0.7417620350814784,0.043721787362730934,1.782439691261684,1.7852512890530512,1.6238569299508288,0.9095957190498203,0.41614986398582093,0.6115782089562777,0.02326872455134518,1.5289394697901428,1.5432871485335276,1.416935981369614,0.918128543165816,0.4000015834768272
215,3,1.0,0.0278009706712622,0.8121,0.010000000000000009,1.0332416069832924,0.02303984475382736,2.8225936489651327,2.8264737851503137,2.6308488915615733,0.9307883573459936,0.3660610542938467,0.7178531294394842,0.042409334934628326,1.7621152598458973,1.774903528150439,1.6232589142909846,0.9145617711304694,0.40738148394575663,0.43114543326569993,0.01665216110592267,1.3020266027314467,1.3314521510116346,1.2597137885851242,0.9461202098986405,0.3311341199643884
216,3,1.0,0.027193200768848267,0.7867,-0.02540000000000009,1.1910331097856024,0.026585152510879666,2.8711201729375078,2.8772777704858115,2.6191921548994426,0.9103021549626775,0.41483220417312927,0.9039890502371041,0.05361868276997714,1.8789573827641755,1.8905415796762397,1.6604069840309248,0.8782705452663326,0.48111205636139864,0.5785501517365538,0.022417094008309452,1.3591231351303863,1.3730684395884283,1.2452297616413932,0.9068956256941175,0.42567898138313354
217,3,1.0,0.026590673420703724,0.7982,0.011500000000000066,1.1334588929739267,0.025320698168817216,2.849607784996099,2.8649233661145037,2.6311702460914588,0.9184085959199432,0.3977596141272046,0.8651944575642392,0.051539293418711975,1.8408767124476575,1.8649988020384038,1.6521679903411375,0.8858815290043903,0.46999044081222774,0.5506900051950347,0.021524644582647107,1.3625343607594862,1.3894759512174024,1.2756896579027377,0.9181084831191431,0.40416595797853955
218,3,1.0,0.02599345470074211,0.7814,-0.016800000000000037,1.108922085842872,0.024794328818858506,2.7315620545647077,2.7562225648621808,2.52330233214589,0.9154929519532696,0.4059662799861181,0.8754960222574484,0.05244449147314441,1.809232207985889,1.8497306509255227,1.6294201716547607,0.880895913596648,0.48390472952727626,0.5697802652300203,0.022293444285362597,1.3261975444577279,1.36834386865352,1.2440722676731824,0.9091810152205207,0.4296345349236785
219,3,1.0,0.025401610100726092,0.8131,0.03170000000000006,1.028154931555739,0.023007224206485922,2.7002524601528513,2.708682460347176,2.505964513639793,0.9251599441148962,0.3807625200710081,0.8063511568334284,0.04834076883915113,1.8240207552570575,1.8482488367971286,1.6630759378783544,0.8998117054196747,0.44207345476164284,0.4162187641415586,0.016472143072891625,1.4474272637381334,1.4645216796915794,1.4041317173549803,0.9587647194479791,0.2875576373120331
220,3,1.0,0.024815204523085634,0.7964,-0.016700000000000048,0.9387752651127571,0.021024182916875304,2.549340806862998,2.553214180215164,2.374363849065451,0.9299509095102076,0.36824235605749944,0.6654176276157784,0.03993673624865456,1.6976366388866848,1.7034211729288389,1.5680762153961958,0.9205452182445679,0.3919670513545003,0.47784955041444344,0.018964459571284953,1.4569817309370579,1.5174151421296873,1.4402113196512267,0.949121489343974,0.32797223209320164
221,3,1.0,0.024234302273800454,0.8283,0.03190000000000004,0.836104550584342,0.0187428043935104,2.482446963256047,2.4858940368243387,2.341067793269225,0.9417407816223232,0.3368066117665144,0.5427429405650336,0.03252050670927959,1.640817907866428,1.6490425474228443,1.5571677569570184,0.9442859793948861,0.3307758514598172,0.42637958999066466,0.017007566199722917,1.5214039014003058,1.545442988062056,1.4854611446115686,0.9611879286949931,0.28025404009955757
222,3,1.0,0.023658967055348343,0.8352,0.006900000000000017,0.8601663636196805,0.019298021033970915,2.484168584874057,2.4873762805156967,2.3339140266523812,0.9383035630493756,0.3462592550510373,0.5698814644888728,0.03425064551450029,1.6140089046857466,1.6215053177687915,1.5180627769739419,0.9362058578153862,0.35308446120365783,0.46748889027573753,0.01878886336449123,1.3265425262138366,1.3664982066724924,1.2840449443276896,0.939660907023375,0.35241153678655535
223,3,1.0,0.023089261959719498,0.8379,0.0026999999999999247,0.8933111405971377,0.020062116595363208,2.4514801554965584,2.454957648196427,2.286659643853998,0.9314456587607237,0.3643966436335249,0.5848649064494519,0.03520906388976884,1.542655881746625,1.547038642534498,1.4322226312269444,0.9257833591542021,0.3791285622217033,0.6327106703913166,0.025483573566274856,1.3304164217107384,1.389646945573254,1.2372534921487477,0.8903365679247103,0.4755734069921769
224,3,1.0,0.022525249461497584,0.8305,-0.007399999999999962,0.8883934150991298,0.019969872599181177,2.3989876919167283,2.4031201632231567,2.232877904520222,0.9291578251856539,0.3703201221467405,0.6650573993454999,0.04020666447926378,1.6199688809495343,1.630457190563371,1.4886535561128977,0.9130282995032357,0.4105371449824893,0.5821198032175405,0.02375873294082762,1.2905153455363574,1.3278830954160434,1.1934865745444452,0.89878889087786,0.4510754600718079
225,3,1.0,0.02196699141100894,0.8191,-0.011399999999999966,0.851919230393463,0.019167761057191503,2.355379773351843,2.3573053047291177,2.1979813414472655,0.9324126735038419,0.36169081522727525,0.5654240817218498,0.03443939973248747,1.503059321011829,1.5082499412082007,1.3982537386095364,0.9270703087112003,0.3761821465178219,0.5270431175298163,0.021576833515436704,1.090385516213574,1.096287300538063,0.9612864603096384,0.87685633121704,0.48335484073559926
226,3,1.0,0.02141454902753976,0.8025,-0.01660000000000006,0.8989606764798821,0.020243684272370423,2.321749218650301,2.327251733539742,2.1466183671162695,0.9223834002053876,0.38719111834243386,0.6559068602568842,0.04007699171412212,1.6126399297920146,1.6208207495763158,1.482176113884656,0.9144602290364918,0.40672864917928564,0.3580000047159285,0.014869587991099796,1.4265320572427476,1.5322109744004748,1.4898007957916573,0.9723209275240886,0.2509582612590451
227,3,1.0,0.02086798289262284,0.8256,0.02310000000000001,0.8797461635167988,0.01982637010656496,2.3582160848071654,2.361388288097638,2.1913925699468417,0.9280102645517282,0.3730557895794935,0.5743740712597548,0.03497521869070721,1.582788240571023,1.59521221461545,1.4882192438084136,0.9329286913510573,0.36288750228049316,0.4836137818694594,0.020045725786294762,1.4442346326166902,1.496686698676566,1.4163998485435674,0.9463569428364723,0.33485818089906855
228,3,1.0,0.02032735294339415,0.7808,-0.04479999999999995,0.9032525567467671,0.020373372939518433,2.281569067988229,2.2841929071898877,2.098016232857039,0.9184934539693097,0.39589095479069103,0.7006118123483258,0.04290242883740072,1.538968310824869,1.5428858682861704,1.3746417069985233,0.8909548886629367,0.4552477185009781,0.45436435167781436,0.0188436655543285,1.2900231503847335,1.3265245715364886,1.2462827591691956,0.9395097429108679,0.35221410681064586
229,3,1.0,0.01979271846601995,0.818,0.0371999999999999,0.9385411301073258,0.021185180987281865,2.326857054066168,2.342144478388829,2.1458754344543736,0.9162011371435677,0.4033514342736401,0.7282836802400761,0.04465148553298053,1.6230333299092776,1.639573277144871,1.468946368720116,0.8959321240451771,0.44871763679725835,0.3653826195495361,0.015248202169937627,1.475771958109399,1.5200119065022715,1.4754428703270013,0.9706784953561128,0.24758745247987038
230,3,1.0,0.01926413808919542,0.835,0.017000000000000015,0.87562266062669,0.019780097719391654,2.2533348086873985,2.255794246926733,2.078916231430021,0.9215894730923759,0.3885896837215919,0.6377472803073584,0.03917835005408368,1.5840384506435785,1.5899214700033824,1.4564095486160564,0.9160260906552561,0.4026084594400144,0.4585312302493221,0.019080119608578226,1.4459243271670248,1.4938900904765067,1.4217795523728944,0.9517296897788436,0.31711979778894417
231,3,1.0,0.01874166977771553,0.8058,-0.029200000000000004,0.7755994026082133,0.017533425447446377,2.1276440584125598,2.133160116822967,1.987163237130788,0.9315584055126531,0.3645343776096129,0.5248711597730332,0.03241316103243375,1.4645325999710348,1.4685144940345205,1.3715119817007646,0.9339451447515127,0.35838817093140435,0.3425902757247147,0.014415417583060669,1.4342056303179558,1.5079210805237702,1.4684881827668947,0.9738494949993148,0.2388710994313725
232,3,1.0,0.01822537082611828,0.8026,-0.0031999999999999806,0.8089727818523328,0.01830130342666101,2.096513593320674,2.100999482308334,1.9390105459414728,0.9228991069579482,0.3858657460794224,0.5916840786943989,0.036649747926213824,1.4659260002535486,1.4728999997000758,1.348830753663088,0.9157653295795696,0.40362479319696926,0.4398955936634163,0.018466997052722353,1.416305301008716,1.4676900448880006,1.4002163853347038,0.9540273099294302,0.3105937634704293
233,3,1.0,0.01771529785240183,0.8302,0.02760000000000007,0.7631406456223353,0.017277942277638153,2.0702011425949185,2.08067048545167,1.9356668317631793,0.9303091697112177,0.3686311585480856,0.5415225287328146,0.033787417106532554,1.441762677230468,1.453797404925412,1.3491776327587048,0.9280368971548172,0.3755975496418343,0.5123009240257679,0.0216070821035915,1.3233442187279363,1.3932099193623677,1.2956010696104718,0.9299395960397923,0.3871259773350707
234,3,1.0,0.017211506791815812,0.8456,0.01539999999999997,0.682168262988759,0.01545548641900157,1.9705146221517116,1.9720237522669408,1.8502767887492597,0.9382629324937254,0.3461878715946104,0.4140970993133399,0.025914684792975155,1.331949154926754,1.3335290711781789,1.2676053853965614,0.9505644929634915,0.3108955756919353,0.33203547066404004,0.014153156294436642,1.268929751063323,1.331179551998156,1.2891049905272722,0.9683930230090088,0.2616657623369653
235,3,1.0,0.016714052890727183,0.826,-0.019600000000000062,0.7165369982149842,0.016246585880825004,1.9039495435966804,1.9065698160346116,1.766800285084298,0.9266905781394285,0.37634243019980496,0.5990335759954979,0.037562779162181974,1.3916876874427437,1.3983220826132654,1.2635123281287297,0.9035917717664907,0.43043678650073786,0.6248540726336197,0.02686496930427637,1.3276469764967247,1.4038505137431891,1.2571211637014839,0.8954807875872267,0.4706477577966007
236,3,1.0,0.01622299070056202,0.8434,0.017400000000000082,0.6836563260363479,0.015513297973656878,1.8973124493060358,1.90410274937574,1.7771385352232276,0.9333207127639842,0.360328804191636,0.5346806632941011,0.03357836506654275,1.3066072496787693,1.3254152117973765,1.2127827904096464,0.9150210285914926,0.4092129929828209,0.6478407951065356,0.027660197329193878,1.2723631448716408,1.3399168209160097,1.1728938758597751,0.8753482735278654,0.509163439476936
237,3,1.0,0.015738374071823238,0.8249,-0.018500000000000072,0.6656590677483033,0.015116051284821545,1.853422244121489,1.858312395579818,1.7349994335039831,0.9336425014603857,0.3591513320073601,0.4652791673204887,0.029195160143927545,1.2993008262429735,1.3083492305015965,1.2228217568113564,0.9346294768274901,0.35809964707394093,0.5905663492994738,0.02557872174431893,1.2446663950981498,1.2846121876546528,1.1408155232357005,0.8880621982253762,0.47447762036903385
238,3,1.0,0.015260256148185282,0.831,0.006099999999999994,0.7292999441738536,0.016573792723821458,1.8514572964638891,1.8592501490811884,1.710243490975311,0.9198565840215132,0.3939058954083081,0.5289302323244879,0.03329997717383378,1.310319029555213,1.317246436006686,1.2063876031205234,0.9158404761205975,0.4036652299127739,0.5608310016023303,0.02419034781427999,1.2205858699738998,1.2695295064923282,1.1389356688331342,0.8971320973704496,0.4594768917112917
239,3,1.0,0.014788689360666423,0.8261,-0.0049000000000000155,0.6331802576054356,0.014398900874239064,1.77799226903828,1.781930829472192,1.665641104140552,0.9347394840426635,0.3561209284379646,0.4875790350280279,0.030746732435935654,1.2672534022826905,1.2731648657321541,1.1761018474163654,0.9237624121366472,0.3847525949819956,0.43710654366451207,0.019045004005388753,1.1832426088817,1.2106840344327996,1.1290234538463977,0.932550047523622,0.3694141339937275
240,3,1.0,0.014323725421878947,0.8385,0.012400000000000078,0.6087716720141647,0.013853594252888476,1.7456003913356035,1.7485900203521734,1.6391961929516676,0.9374388357892645,0.34874629671019836,0.4745370124915551,0.030047073184751947,1.2537465365068723,1.2636988316407092,1.171217039658508,0.9268165882039089,0.3784951732059712,0.4518912937604581,0.019892397592125213,1.0898041387117254,1.1282131298235176,1.0337598414650986,0.9162806336306385,0.4146536773980744
241,3,1.0,0.013865415320358426,0.8319,-0.00660000000000005,0.587860016461882,0.013387430023012853,1.6622641591532066,1.6659058149833812,1.5587375812905626,0.9356696922905646,0.35365017841770147,0.44033616164759987,0.027931006249073517,1.251796407467366,1.2640000666515985,1.184820759374067,0.937358146279785,0.35176340099784104,0.3294380051611144,0.014561098838295022,1.4057389004846077,1.4566538178293258,1.4189118675235795,0.9740899657531612,0.23435220085859862
242,3,1.0,0.013413809314972198,0.8401,0.008199999999999985,0.5536128574002822,0.012615125610755257,1.6307327164140182,1.6355646067897898,1.5390206141114926,0.9409720702701012,0.33948718378427895,0.3872997196223561,0.024627956719809788,1.229054200169879,1.2374490502639284,1.1752782963689725,0.9497589384535098,0.31512013023414576,0.3325776156690803,0.014706627644021409,1.3153210872106904,1.3814735015569664,1.34084339493375,0.970589297168983,0.25284899550599804
243,3,1.0,0.012968956929407856,0.8284,-0.011699999999999933,0.6527132436266754,0.014883465058228457,1.656742816811961,1.6649387828351152,1.5316613944662738,0.9199505773167875,0.39397378820852785,0.5387199783276333,0.034275078231353215,1.216083574857337,1.224439905190914,1.0995607956309401,0.898011238419657,0.44299585116165424,0.6639510858989093,0.029284216995158645,1.137887535170305,1.1989528663630686,0.9983271714313257,0.8326659032557922,0.5834944714457543
244,3,1.0,0.012530906946742542,0.83,0.0015999999999999348,0.650429041622487,0.014840634929748896,1.7176881283400725,1.7236151211434798,1.5961801928417059,0.926065322392141,0.37866538802421845,0.5391623840923333,0.03436742821298124,1.2318944257891589,1.2489989385700122,1.1266331744158988,0.9020289286280653,0.4376693106204638,0.5219521085635757,0.023405864709973422,1.069960416984098,1.1684515621549856,1.045392150521585,0.8946816319827234,0.48782375523274435
245,3,1.0,0.012099707404093205,0.8318,0.0018000000000000238,0.5402060289371723,0.012334406204393392,1.510476267514225,1.514348960818379,1.4147191495631029,0.9342094762613798,0.35763953433454715,0.3723400471844664,0.023817707047794984,1.0677857027628088,1.0697103564993815,1.002817622141448,0.9374664983362043,0.348702971224532,0.29811887183152475,0.013294067842921177,1.0346621093458812,1.0502238003673674,1.0070228962292727,0.9588650494085327,0.2881316220422888
246,3,1.0,0.011675405587348867,0.8331,0.0012999999999999678,0.5782538247887854,0.013210698296778279,1.5525690834680748,1.5544101986980756,1.4428491377821995,0.9282293303213552,0.3724496584056035,0.4556792283741825,0.029225636870125776,1.1983678494750956,1.204908691516022,1.115419841994981,0.9257297667855265,0.3802498778432494,0.48432648616705204,0.02162636574896427,1.2178496440695818,1.2621360539739417,1.1655107695470392,0.9234430518622223,0.39768988604259925
247,3,1.0,0.011258048025985219,0.8288,-0.0042999999999999705,0.5483240448833374,0.012534732044741927,1.4754038640683478,1.4780349925961802,1.3725626496910472,0.9286401584309787,0.3716433569391387,0.4281749694178211,0.027506355032777995,1.1325798206005404,1.1468452436525516,1.0639174045546678,0.9276904712672744,0.3780527973655624,0.29581853300409383,0.013352342956882276,1.3286024494300028,1.4242141664558345,1.3931537150046336,0.9781911652174511,0.2226539121096803
248,3,1.0,0.010847680487962004,0.8431,0.01429999999999998,0.5346708698848059,0.01222889939874887,1.4636997249631445,1.4665774198894272,1.3656414068078655,0.9311758031231847,0.3652872653906311,0.4365601848835303,0.028113332214368864,1.0860982064719498,1.0941817566567185,1.0033189615717648,0.9169582251466286,0.40195277211776265,0.4482133229303341,0.02022069384382926,1.076487370631841,1.1653942708077363,1.0757550201592618,0.9230824684024357,0.416366540990868
249,3,1.0,0.010444347974704237,0.8429,-0.00019999999999997797,0.47167956584513154,0.01079460061822891,1.3723360348344777,1.3749503039006248,1.2915133672108532,0.9393163982341269,0.3437055895001857,0.35740173025814254,0.023081896008385606,1.0941923365312216,1.1079334803437793,1.0487042389794767,0.9465407965233397,0.3266351977853982,0.42408002015971324,0.01937227609384221,1.2824052285155807,1.3658486509474244,1.298344558718281,0.9505771798490857,0.3306911191017191
250,3,1.0,0.010048094716167114,0.8447,0.0018000000000000238,0.4384274800075076,0.010038869833843483,1.308082971493018,1.311029016889136,1.2355478512381337,0.9424260144675461,0.33516794390121585,0.3059193365059556,0.019733752087932446,1.0326758464041723,1.0412890850634662,0.995337269236427,0.9558702607314485,0.2962394613674578,0.26240151690375413,0.011905650429076561,1.240147894890653,1.3095461112886624,1.282987377228131,0.9797191302913373,0.2115888903128693
251,3,1.0,0.009658964165985781,0.8232,-0.021499999999999964,0.4814534058439858,0.011029667431671842,1.3252112505941192,1.3267626285836889,1.2363259038216419,0.9318365449752021,0.3633031379926336,0.39460959302546966,0.02538821664033963,1.016320634916424,1.027875739076232,0.949111086169911,0.9233714252492153,0.3882727354619932,0.6403461171085829,0.029191021501427168,1.2063680715604226,1.2372196878515656,1.0586167021316109,0.8556416556625451,0.5308049277865112
252,3,1.0,0.009276998996710232,0.8416,0.018399999999999972,0.4508289877326253,0.010333569866593924,1.2615048755860732,1.2641297444113875,1.1810068925371022,0.9342449995803322,0.357373955866146,0.3399648330282903,0.021983295786772074,1.099978237925874,1.1128780127147657,1.0596798281715065,0.9521976497554417,0.30906505356808706,0.5093600504417505,0.02355706971893538,1.5136988137954126,1.5696698196927095,1.484727410360419,0.9458851738966866,0.33650026398884014
253,3,1.0,0.008902241095125588,0.8253,-0.01629999999999998,0.47448587658420394,0.010880436183107967,1.2317337829306743,1.2348459034122883,1.1400471838847408,0.9232303243136757,0.3852178799994069,0.4003925487801664,0.025829309907835437,0.9753353417767718,0.9832585802222921,0.8980441442923702,0.9133346632880063,0.4105178307706659,0.45077835875069855,0.020730744217276498,1.0960665052567358,1.1879317028786045,1.0990817203439935,0.9252061525765252,0.4112691671433852
254,3,1.0,0.008534731557658895,0.8313,0.006000000000000005,0.5068300795170653,0.011627860082582691,1.26130520968151,1.265698713358453,1.159791588479976,0.9163251698364622,0.40182984707170444,0.44814279057855966,0.029025164315058916,1.0608930119638078,1.0687650715136492,0.9702715362221824,0.9078436057496019,0.4224203435452999,0.31737493879850825,0.014645505249166035,1.2149363379191414,1.2592195502709156,1.2185675880813442,0.9677165414237531,0.26122762888307877
255,3,1.0,0.008174510685872416,0.8306,-0.0007000000000000339,0.4160864222801889,0.009549911854167432,1.180507277878449,1.1830055342484842,1.1074178165217146,0.9361053557752057,0.35246408902108545,0.3020216292486888,0.019646379170691883,0.9879754921325941,0.9993530539566942,0.9526224110207748,0.9532391052882655,0.30569749113589867,0.31413715432435874,0.014484035386981444,1.276350279354355,1.3178625134050965,1.2798748660558534,0.9711748024070505,0.2461214287376235
256,3,1.0,0.007821617982044048,0.8381,0.007499999999999951,0.44083083204123985,0.010122168485497707,1.165419459631029,1.168148321826701,1.0817757253136007,0.9260602486009357,0.3782593712488777,0.4220499896549295,0.027462056645771234,0.9657162353949361,0.9777407277125358,0.8819584822448905,0.9020371732987621,0.43703313063006477,0.6668076309708068,0.03105377556164088,1.0946837701328151,1.1626020841284601,0.9523712086023097,0.8191721153813782,0.6091326547116933
257,3,1.0,0.007476092144835487,0.838,-9.999999999998899e-05,0.36223621747085344,0.008321296155064058,1.0813249967108,1.083139258519738,1.0207720678746506,0.9424199703274343,0.33499291940231857,0.2906756218052275,0.018949223624609914,0.9514483969854586,0.9652078920907109,0.9203988204311766,0.9535757301336663,0.3055085517261847,0.20233461629466215,0.009328880351905282,1.1428583072968312,1.2670260697212719,1.250766092556182,0.987166817200007,0.1770426088718191
258,3,1.0,0.007137971065048549,0.8431,0.005099999999999993,0.43321980107661706,0.009955813885339929,1.1026132246419298,1.1048308348938285,1.0163522067037447,0.9199165832490669,0.3929027798639943,0.521077405284445,0.03403229387740197,0.9598413650635507,0.97972504750686,0.8296622717033912,0.8468317451050796,0.542878671675027,0.9357500553364915,0.0432986252208346,1.2693516970632523,1.3949188682399167,1.034490406782653,0.741613315538526,0.7371873827414614
259,3,1.0,0.006807291821469859,0.8346,-0.008499999999999952,0.38231299300455956,0.008789310324785549,1.0246544502468184,1.02532537968252,0.9513826489549547,0.9278836433850289,0.3731140707118074,0.3706796921465095,0.024136625003078296,0.9412858463935609,0.9541714596593905,0.8792268044239345,0.9214557777045554,0.3938014085378318,0.6667804193235274,0.031378667906406706,1.2926302193666905,1.3455581498630784,1.1687300489732237,0.8685838282739038,0.5158323001687279
260,3,1.0,0.006484090676804943,0.8397,0.005099999999999993,0.31854271406723117,0.007325792381969166,0.9830143544142254,0.9850311318927292,0.9321034799382196,0.9462680414447313,0.324046859170281,0.21640828114050906,0.014128727132436302,0.854719192157067,0.8667067580899208,0.839254479782494,0.9683257594899489,0.25319225673914775,0.20618668195075143,0.009605143651446584,1.0439287746778136,1.109068536317187,1.0897339520049971,0.982566826414179,0.1975102966333949
261,3,1.0,0.006168403073701431,0.8348,-0.0049000000000000155,0.32086627446036387,0.007382093100611242,0.944759488949015,0.9483786087855196,0.8924499115785008,0.9410270363661616,0.33962746943913447,0.23063770259847166,0.015081462432183262,0.8334779892776104,0.8493281116454362,0.8174132924460286,0.9624234512412667,0.2767172085712417,0.30764658138649187,0.014332521524538799,1.0705691817638783,1.1645392645140202,1.1231675830751795,0.9644737771412922,0.28736730575375885
262,3,1.0,0.005860263630862452,0.8464,0.011600000000000055,0.32042702791419164,0.007374548495756562,0.9250795802502606,0.9285462866468337,0.871507175931847,0.9385716021535487,0.3463777979268626,0.23467128509500462,0.015338737277813501,0.8473011634540781,0.8653811781788198,0.8329549501818411,0.9625295432641381,0.2769632513407062,0.348389567499334,0.016375681436855295,1.105914380775048,1.2502000502000026,1.2006767956171602,0.9603877358868128,0.3150239960304841
263,3,1.0,0.005559706139250394,0.8412,-0.0052000000000000934,0.30694086156026995,0.0070663816063462545,0.9022945133121476,0.9033203961968306,0.8495734640356247,0.9405006989906441,0.3401781314546065,0.30958707934750823,0.020189008828511535,0.8891347221154892,0.9097602019867996,0.8554644892597568,0.9403186547306994,0.34818916824091384,0.2765953256548897,0.0129742327822294,1.2261737988774009,1.307860371087628,1.2782776881691755,0.9773808553478448,0.22557595498135832
264,3,1.0,0.0052667635583811484,0.8375,-0.0036999999999999256,0.2607785624970314,0.006005408954240352,0.8535345277907704,0.8542781958438543,0.8135021853431433,0.9522684639510991,0.3055278421741327,0.18647869296877917,0.01219534714856591,0.8503284254624703,0.8675675986439758,0.847289354708618,0.9766263240270233,0.21930196308250957,0.1679033309071792,0.007906245053953749,1.1641599815285957,1.2351932581558103,1.2237282762713484,0.9907180663359679,0.14422702512649027
265,3,1.0,0.00498146801270987,0.8413,0.0038000000000000256,0.3324827760083929,0.007658836264577025,0.8356063865994258,0.8370637288226621,0.7681997951260667,0.9177315521800794,0.39789401007507974,0.2865281757778984,0.018767717953927225,0.7222718508155777,0.7276439364660056,0.6688552019956857,0.9192067280106218,0.39670406018780247,0.3428039278288383,0.016167834697881106,0.8347120702620421,0.8547608120410183,0.7830079289805623,0.9160550155673108,0.41068524110502136
266,3,1.0,0.004703850788108141,0.8402,-0.001100000000000101,0.2582751696464339,0.0059510919644037005,0.7726527602540516,0.7731320619722878,0.7287160929043188,0.9425506051907068,0.3342706878592032,0.2812216814719277,0.018374476577022014,0.739793749405341,0.7530718226069585,0.6985925751433051,0.9276573019621701,0.3801352494502401,0.3164206511293916,0.014896685886092031,1.0085706924008564,1.0730721033688695,1.025359329832194,0.9555362837344451,0.31373175277993326
267,3,1.0,0.00443394232843309,0.8472,0.007000000000000006,0.2507321156909843,0.005778868144614811,0.7510348278911304,0.7545026174823963,0.7116232375188376,0.9431686796440316,0.3338488527822711,0.2343060289814228,0.015381688576941091,0.8634646949131433,0.8863824887569148,0.8548535521599895,0.9644296486033447,0.27135565630160696,0.4362938065319443,0.0205289831525954,1.317971026303538,1.419563556064206,1.3508546750347394,0.9515985876532612,0.33103444447910246
268,3,1.0,0.004171772232188925,0.8409,-0.006299999999999972,0.26198128533345133,0.0060395791370761705,0.7184364342375756,0.7212514947648897,0.671989245526946,0.9316989294365318,0.36465478760340575,0.25411040791504463,0.016655654159360385,0.7199266982003885,0.737236895605754,0.692059373543615,0.9387204813928653,0.35296705699378594,0.5139382963424114,0.02421865340113854,1.0553941419539916,1.1755873548220082,1.057295149658628,0.8993760823658312,0.4869633778626903
269,3,1.0,0.003917369249281083,0.8461,0.005199999999999982,0.28259856634756203,0.006516291056828647,0.733477258596619,0.7372114471432473,0.6808955771073022,0.9236096098966267,0.3852860644763072,0.30338107403484976,0.019902012532515057,0.7193884831933103,0.7354943323647368,0.6700088501403451,0.9109639879700432,0.42172078247369826,0.21304411385322614,0.010175156994008967,0.9018958896918552,0.9725301057080958,0.9489083787399479,0.9757110583728933,0.23621807825958216
270,3,1.0,0.0036707612778634846,0.8487,0.0026000000000000467,0.2447721799416095,0.005645293717153662,0.6861217396602501,0.6872157679150753,0.6421464931963795,0.9344175776766149,0.35674744843796147,0.2575523428058736,0.016926348446069092,0.7897718464514543,0.8328323226268698,0.7920078801123188,0.9509811982491446,0.3261098049558099,0.38281114766988655,0.018328817654357243,1.2619201949462333,1.3675473139980874,1.3128750361577055,0.9600216553527899,0.3033560673669994
271,3,1.0,0.0034319753612792386,0.8366,-0.0121,0.21034442733065006,0.004852292559232039,0.6340859794256984,0.6352258597682622,0.599388972571961,0.943584023469424,0.33172855757063463,0.24805024718435242,0.01630840027456621,0.7069923096145716,0.7292278286532589,0.6857436213117009,0.9403695174087571,0.35085282231652715,0.3672477827257594,0.01744002078425381,1.0710500958127438,1.1212202253038976,1.0593695271552832,0.9448362625354441,0.34288571950229946
272,3,1.0,0.003201037685094957,0.8515,0.014900000000000024,0.2371688676036956,0.00547208296211959,0.6254960994488317,0.6291553104960848,0.5827412436642061,0.9262279661991862,0.3791692191409054,0.3466109803625714,0.022803371963272857,0.7258925763019775,0.7639854411646604,0.6808337187070468,0.8911605928892405,0.47749624624674253,0.5049025195829897,0.023922966572766668,1.1602867974659126,1.291786318483598,1.1890271466405669,0.920451880955313,0.4351532058157569
273,3,1.0,0.00297797357422927,0.8427,-0.00880000000000003,0.20797981807471871,0.004799510611835537,0.5860596832125853,0.587180286607703,0.5491130058252288,0.9351693480678668,0.35487822150577253,0.20356732669192068,0.013362479307561504,0.6281815043825575,0.632890936991391,0.5992589718673318,0.9468597776357214,0.3240581349048281,0.18516687953753383,0.008852150984256716,0.9694663661578283,0.9942587679664427,0.9768642386165959,0.9825050279562293,0.19099876592045567
274,3,1.0,0.002762807490175642,0.846,0.0032999999999999696,0.1766337707868477,0.004076846742967087,0.5530414949106747,0.5547969794083693,0.5259279557220773,0.9479647064461713,0.3193861082980346,0.19643746392449332,0.01292788193753695,0.7104624075326591,0.7242596583350533,0.6971114573147158,0.9625159282200716,0.2764924109168483,0.3165571196739359,0.0151911979312413,1.0991166833662156,1.12869916506535,1.083398953030587,0.9598651142511121,0.28801047647137024
275,3,1.0,0.0025555630283198767,0.8484,0.0024000000000000687,0.1952578210700034,0.0045073825712548515,0.5441733943807117,0.5454543296793595,0.5093081799235731,0.9337320325662563,0.3588154494252951,0.22070866119053964,0.01454210926365594,0.6419407165529314,0.6646162877018341,0.6268990742646412,0.9432496402283268,0.3438147098312949,0.31752697401129504,0.015186050371463821,1.0576910662584398,1.1495984735998939,1.1048770730065163,0.9610982428905499,0.3002076732429443
276,3,1.0,0.0023562629153526696,0.8515,0.0030999999999999917,0.1540078859716659,0.0035556555926467975,0.49489418145606096,0.49533285954554285,0.4707825615265537,0.9504367668207727,0.31119356772098045,0.20302721407734375,0.013345723395416722,0.5964090171303608,0.6136131805600792,0.5790518650440648,0.9436757282748256,0.34041607059231777,0.2624704367590165,0.012605335036429348,0.9653663855251869,1.0478874136693064,1.0144837526700192,0.9681228531199548,0.2718868615010093
277,3,1.0,0.0021649290067773026,0.847,-0.0045000000000000595,0.15161260493442377,0.003500797029523182,0.46794477818055424,0.4688509765230605,0.4436607587943,0.9462724426521024,0.32399678766353235,0.2441860562048724,0.016009247663942957,0.6321493313086355,0.6723452731778842,0.6264354531777007,0.9317168992901702,0.38627907064201733,0.5442253550544599,0.026141711083316952,1.1229523224691413,1.2221008729384792,1.094234402433272,0.895371590564567,0.4846379887774934
278,3,1.0,0.0019815822845129782,0.8473,0.000300000000000078,0.17000611058068818,0.003925950806654054,0.4614398051207795,0.4637778023176376,0.43149482196500966,0.9303912774796462,0.3684253258909685,0.2545096278249304,0.01673130460076038,0.6845397066118769,0.7184629786792595,0.6718734452093919,0.935153884260658,0.37179673489595444,0.31022040420480224,0.014771455113591377,1.0300594395188,1.1215531325243502,1.0777962701827701,0.9609854753442721,0.3011674785968895
279,3,1.0,0.0018062428545939507,0.8431,-0.0042000000000000925,0.15745289285905267,0.0036364535725012313,0.4200572089596517,0.4218176065212653,0.3913293847630715,0.9277217894965776,0.3748367829444315,0.28937887209532254,0.019070426326534873,0.5755310151036265,0.6332360610564853,0.5632475038393923,0.8894747764359395,0.5028032625543539,0.5892459772159564,0.02807112970691711,0.8745747782231871,1.0331718879604272,0.848665747532395,0.821417769319814,0.673751395407362
280,3,1.0,0.0016389299449645815,0.8484,0.005300000000000082,0.13688453779253335,0.003161706009994259,0.4086619523599874,0.4099791344356832,0.3864524835609183,0.9426150042802832,0.3349578716639437,0.1350853343055987,0.008891125883022532,0.5801122029985935,0.595720990471807,0.5802029387680154,0.9739508059108318,0.23286070109772578,0.16437939750117592,0.007933375377811008,1.0749404852205755,1.1395364538444561,1.1276181794004732,0.9895411205110866,0.15291953346370205
281,3,1.0,0.0014796619033708683,0.8476,-0.0008000000000000229,0.14584247789509394,0.00336886801771623,0.380323400694858,0.3818325665501144,0.35288254556604065,0.9241813728838288,0.3834696409125418,0.20108877690124088,0.013233263713142778,0.5959917151047793,0.6337890801620677,0.6010423343816406,0.9483317923810657,0.33740196684762325,0.446553233623737,0.021595258024370075,1.0196917225482438,1.097507678202254,1.0025533509192066,0.9134818560553627,0.43792964456726735
282,3,1.0,0.0013284561953483542,0.846,-0.0016000000000000458,0.14145582287197367,0.0032677760930005886,0.36687421666910375,0.3687311982179423,0.3405186545639843,0.9234875058299712,0.38557035748183266,0.23368853559411082,0.015374785249523853,0.6072561116746823,0.6596978355049146,0.616920499419221,0.9351561672883875,0.38482698008530186,0.6171023646399016,0.0295757970435891,1.1678359214120988,1.2774346501803961,1.1184917896745386,0.875576523242569,0.5284152964688114
283,3,1.0,0.0011853294023068588,0.8476,0.0016000000000000458,0.08960568478286578,0.002070134075542137,0.3249387255353278,0.3255130019815376,0.3129369561643755,0.9613654577832336,0.27576179058141753,0.10799446817126968,0.007104992045606583,0.4912164469315123,0.5164551055170072,0.5050376678758864,0.9778926812434332,0.21985108366358663,0.1654238047143916,0.008017220489613416,0.8799187941334091,0.9666994253601041,0.9524404130918301,0.985249797512849,0.1879989446950156
284,3,1.0,0.0010502972197121263,0.848,0.00039999999999995595,0.09640979441732227,0.002227454424334887,0.30720810903040247,0.307929430969005,0.29244775384758737,0.9497232951306432,0.31382568227644403,0.21151698863761223,0.013886256337149216,0.5957297899946736,0.6154281133127836,0.5779380274092528,0.939082916278027,0.35505524852048004,0.33227186754597177,0.016077709559559245,1.122073089637653,1.1871305577688187,1.1396816939006833,0.9600306271642823,0.2961231943039211
285,3,1.0,0.0009233744553646757,0.8419,-0.006099999999999994,0.08711516383864326,0.0020128048123850095,0.27557319897707366,0.2764058073659451,0.26231874137324107,0.9490348407403264,0.3161234988090798,0.1430880501707836,0.009427091873357041,0.49448316253364594,0.5171932126157658,0.49700564833701544,0.9609670742261884,0.28936890275014676,0.303655301800349,0.014717129965917243,0.886987846735772,0.928390349874743,0.8773267683782964,0.9449977248219609,0.34234437700340437
286,3,1.0,0.0008045750277758752,0.8491,0.007199999999999984,0.08267700236007404,0.0019103397110548375,0.26705255271539324,0.2683278651113906,0.2552731120295951,0.9513477548208564,0.3095907585207982,0.10614117788751433,0.006988020778876499,0.45225872102466935,0.4867089511544588,0.4749943667721076,0.9759310274558038,0.23469127946727786,0.26219073318908603,0.012649574260726106,0.967368148280661,1.0262057701741103,0.9921462936869965,0.9668102855421139,0.2710351107332687
287,3,1.0,0.0006939119646417303,0.848,-0.0010999999999999899,0.07254858576280133,0.0016763680707073151,0.22800868036402672,0.22952584810474166,0.21775862620512176,0.9487324761163717,0.3181834377839215,0.1876433543044021,0.012353480406927382,0.5360529840488255,0.5717011178069897,0.540029749412243,0.9446015279518148,0.3500462825281295,0.3747873183199715,0.018079366665467195,0.8730928710215176,0.9509100252880952,0.8739361241417709,0.9190523823502611,0.42926397724616716
288,3,1.0,0.0005913974014141677,0.8493,0.0013000000000000789,0.07278002457883907,0.0016817747830017696,0.21822492458021758,0.2193940268924759,0.20697055601846706,0.9433737050640056,0.3335092209051756,0.16667704661127958,0.01095298613130369,0.6441853396061248,0.6897903719891932,0.6693500743518024,0.9703673775868372,0.2587408256033755,0.48764193007474166,0.02363927736799242,1.2598050197486421,1.3578574471433473,1.2672734878992848,0.9332890507507747,0.38707730357514897
289,3,1.0,0.0004970425799702666,0.8499,0.0005999999999999339,0.06173604960165816,0.0014266121569025826,0.18950637139378035,0.19063653852047865,0.18036338687817155,0.9461113188372148,0.32577294973040866,0.09151021547390975,0.006010086250547572,0.4429557759641435,0.47178484516518765,0.4628248502696064,0.9810083028579605,0.20658995872607686,0.2880106591330253,0.01381517451906195,0.9142954417267204,0.9914963634155707,0.9487439432223626,0.9568809107418893,0.31500830693095666
290,3,1.0,0.0004108578473795032,0.8503,0.00039999999999995595,0.05940447104721026,0.001372763675726375,0.17251778279721394,0.17401014795849068,0.16355622516067356,0.9399234876789435,0.3443382478259488,0.08564495370727356,0.0056384973591718365,0.46043903365883593,0.5134577250748596,0.506264537024158,0.9859906907629972,0.18600715283998384,0.3247931198929579,0.015690691495632993,1.002431397131784,1.0971459137887594,1.047968856073543,0.9551772858129746,0.3240053342525735
291,3,1.0,0.0003328526547690002,0.8503,0.0,0.04867421664182321,0.0011248158672045262,0.15288922253296164,0.15409870881890295,0.14620955113264336,0.948804517917597,0.3183626408416686,0.08775443842720247,0.0057761184672428445,0.5188007169005895,0.587401913440427,0.5808099079021946,0.988777691411281,0.1691486452668446,0.4537451573310076,0.02197101168669681,1.1990253002123479,1.3218467914861391,1.2415290769401064,0.9392382573658689,0.3784283427969778
292,3,1.0,0.0002630355562871722,0.8514,0.001100000000000101,0.044815997608547806,0.0010356680913906234,0.12380078643009038,0.12438667308617295,0.11603262658298676,0.9328380903201853,0.3620009121174295,0.1031493089692895,0.006780729216708196,0.41074594406085935,0.4499849111349991,0.4380030044730833,0.973372647914585,0.2511267864254457,0.22152966329092966,0.010710359992191157,0.9604802186064108,0.9990257657834765,0.9741545689596991,0.9751045491761943,0.23064469106126267
293,3,1.0,0.00020141420816564278,0.8511,-0.000300000000000078,0.027120297995499105,0.0006267372011041893,0.10597170042551012,0.10674028835047666,0.10323749553914553,0.9671839671274836,0.25592019271751304,0.073245318082627,0.004812138546182812,0.40100075390124323,0.42645685895765695,0.4201197532477454,0.9851401013331087,0.18265631016909648,0.3599472590919682,0.017325542773312656,0.943874060613839,0.9619128769925196,0.8920285102743167,0.9273485485123136,0.3813509387660045
294,3,1.0,0.00014799536787963308,0.8517,0.0006000000000000449,0.02575822899924822,0.0005952640348218608,0.07970902075818384,0.08069396497277177,0.07647240710001864,0.9476843420176764,0.3231532485813858,0.1549603003067055,0.01020291147287399,0.30340596198783415,0.31539825774852825,0.27470598494110265,0.8709813012351192,0.5107358447785513,0.3087101610050895,0.014973869573075827,0.8310644932326889,0.8809234178806578,0.8250600948692233,0.936585494405596,0.37146354286448147
295,3,1.0,0.00010278489340696252,0.8511,-0.0006000000000000449,0.022016808860980883,0.0005088032282777908,0.06416136204821372,0.06468570627723023,0.06082352714760819,0.9402931597736678,0.34314746691998943,0.35165247811601524,0.023177650487028273,0.5168520221427667,0.5790437590010249,0.460034966704811,0.7944735774347526,0.6803736138210958,0.486137465945709,0.02347828666485101,1.1172552741628177,1.2041814659045458,1.1016912061905328,0.9148880275806062,0.435117629057497
296,3,1.0,0.00010000000000000002,0.8525,0.0014000000000000679,0.019437658291399217,0.0004492009911250847,0.05540366775017729,0.05623798875074479,0.052772052578593125,0.9383701969230583,0.3508370308450746,0.1220490536746526,0.008012156810521224,0.39058332480431873,0.45343943424326416,0.43670509570493243,0.963094655483021,0.31247891531416216,0.3392824642283114,0.01639370781593831,0.8892432929842482,0.9969038030971004,0.937392292883068,0.9403036581572397,0.3815406502417346
297,3,1.0,0.00010000000000000002,0.8531,0.0005999999999999339,0.02509709279951091,0.0005799909865024216,0.05910853913260023,0.059377754724988054,0.05381313452745337,0.9062844288520577,0.42459335263234527,0.09452499197282446,0.006200418301268854,0.43351949182031724,0.4807309355816727,0.4713462436052964,0.9804782857066999,0.21804092723932852,0.3778137980139901,0.018136906911090152,0.9687699903978362,1.0236386845480399,0.9513637733615544,0.9293941189625943,0.38999329227656676
298,3,1.0,0.00010000000000000002,0.8526,-0.0004999999999999449,0.015887764014478518,0.00036716521026611287,0.05251036965369774,0.05307060156031767,0.05063662091011671,0.9541369312078627,0.3025643148059559,0.05849677739235976,0.003844851365684346,0.3897824080726273,0.45763279834643233,0.4538787537316047,0.9917968191344848,0.1500754682121523,0.18053803048548406,0.008637993513293448,0.7800824437015434,0.9817874212976619,0.9650454663282609,0.9829474745691154,0.23143455149281275
299,3,1.0,0.00010000000000000002,0.8509,-0.0017000000000000348,0.021541288238272033,0.0004978191400511619,0.0574261386489879,0.05855971723110276,0.05445377842782372,0.9298845862408254,0.3751129493477041,0.20043094420924742,0.01318962442997829,0.3840240589273867,0.4337099008966575,0.3846188893936137,0.8868114114952128,0.5219228836054408,0.5047598536715343,0.024294970926138307,0.9853298562132076,1.1062551351713616,0.9843872201577853,0.8898374243526574,0.5122750016034361
300,3,1.0,0.00010000000000000002,0.8507,-0.00019999999999997797,0.01294023578861157,0.0002990497697494754,0.053837994188099064,0.05429881758277255,0.05273435390715184,0.9711878868589383,0.24035508721593532,0.09268852669992314,0.006085843527577577,0.4612869784230299,0.49616917552483003,0.4874347992932788,0.9823963747399014,0.2009346264591969,0.21724779314004733,0.010527745943798008,0.974784172010971,1.0461193886919766,1.023312809280983,0.9781988751403317,0.22286758379741342
