round,phase,gate,lr,acc,delta_acc,client,fedavg_weight,params_update_norm,params_update_relative,params_distance_to_fused,params_cos_to_fused,bn_mean_update_norm,bn_mean_update_relative,bn_mean_distance_to_fused,bn_mean_cos_to_fused,bn_var_update_norm,bn_var_update_relative,bn_var_distance_to_fused,bn_var_cos_to_fused,local_steps,a_ratio,a_prec
1,1,0.0,0.09999725846827562,0.1007,nan,1,0.125,11.600838925759929,0.2070656378796992,10.32931230921917,0.45740001181589857,33.89483217611221,nan,21.426065333620745,0.7752717147286675,54.324367964420695,1.64646517772749,29.984327636924156,0.86540970388337,95,0.043832236842105264,0.6435272045028143
1,1,0.0,0.09999725846827562,0.1007,nan,17,0.125,11.660836394257965,0.2081365444033754,9.849634914885396,0.5365428567050367,34.40547478269015,nan,21.973248631325212,0.7697259482656111,81.53183924490857,2.4710703358893467,46.09681624641639,0.8308693841491268,95,0.08992598684210526,0.2528577960676726
1,1,0.0,0.09999725846827562,0.1007,nan,2,0.125,11.291927131513438,0.2015518109803207,9.922468961184574,0.47878451276330686,33.46928122836494,nan,22.473075475337215,0.744041436744461,66.6886708922178,2.0212029792022332,32.7178720979028,0.8716557455796226,95,0.05464638157894737,0.28291948833709557
1,1,0.0,0.09999725846827562,0.1007,nan,5,0.125,11.314794554493972,0.20195997607565833,9.53841172481966,0.5384178786639441,35.668411891207796,nan,23.161610325845135,0.7604819127654695,67.40743696835196,2.0429873709886555,33.21897767448759,0.8702462322349398,95,0.05986842105263158,0.4182692307692308
1,1,0.0,0.09999725846827562,0.1007,nan,11,0.125,11.577869889786347,0.20665565907421898,9.905991715337208,0.5178470071689341,38.03405979481268,nan,24.722147828087266,0.7614496032138688,75.78772317520392,2.2969774298883476,34.51541672104379,0.8971577138052933,95,0.061060855263157895,0.6888888888888889
1,1,0.0,0.09999725846827562,0.1007,nan,0,0.125,11.630483782859237,0.2075947747192333,9.89414970101441,0.5262431213974054,37.250207507313874,nan,22.911831309701554,0.790938075852335,68.99688526279061,2.091160435244195,34.294296177273516,0.8677366456342522,95,0.08486842105263158,0.748062015503876
1,1,0.0,0.09999725846827562,0.1007,nan,18,0.125,11.028672271929675,0.19685292361764908,9.48089312472088,0.5111582195897594,34.36026132222855,nan,21.261389123912195,0.7855764299247461,65.46783094562181,1.9842017119078679,32.79306875305626,0.8665998198747035,95,0.06677631578947368,0.43596059113300495
1,1,0.0,0.09999725846827562,0.1007,nan,6,0.125,11.014420909184937,0.19659854826287698,9.362681052075958,0.5267257429183511,35.302911608368476,nan,22.895637560021694,0.7612097522550013,68.25000529498801,2.0685239664732262,31.49268701363704,0.8872897274905444,95,0.08256578947368422,0.4995019920318725
2,1,0.0,0.09998903417374227,0.244,0.14329999999999998,18,0.125,9.255698464499172,0.16564876196317357,8.423612771336984,0.4321031582647256,16.074777642781644,0.5924073371578001,15.610995320247087,0.3584401598344623,32.29163292996634,0.3649883108989107,26.49326836309132,0.5720901272100342,95,0.1001233552631579,0.5268993839835729
2,1,0.0,0.09998903417374227,0.244,0.14329999999999998,7,0.125,9.869143311961873,0.17662755301872063,8.484000692052783,0.5109662957566083,21.707204760301835,0.7999804199446626,18.437073175862803,0.5322747730532779,35.666909985572005,0.4031386476754115,29.18712896602864,0.576144048233475,95,0.04412006578947368,0.587138863000932
2,1,0.0,0.09998903417374227,0.244,0.14329999999999998,15,0.125,10.283562394365426,0.18404439013775242,8.65075443002234,0.5424208719318272,24.793780022021345,0.9137306609972028,21.36258534763935,0.520307099853873,47.79366670226819,0.540205870640205,41.75502668036235,0.49588527015073075,95,0.030592105263157896,0.31451612903225806
2,1,0.0,0.09998903417374227,0.244,0.14329999999999998,14,0.125,10.519275634523208,0.18826293793943663,9.222404166038679,0.4810599205418874,19.943348800168508,0.7349766459769574,17.607021165053702,0.47086197995330176,26.501997201451953,0.2995487783161695,22.151978536552864,0.5695949704742299,95,0.1691611842105263,0.43388429752066116
2,1,0.0,0.09998903417374227,0.244,0.14329999999999998,17,0.125,9.10431300936675,0.16293942421647614,8.14872072280017,0.4582922861134718,17.229046584065593,0.6349458658432676,15.92680397266587,0.41656128708789497,28.848319445855076,0.3260689668326977,22.480476363597386,0.6276835415000853,95,0.16361019736842106,0.2975622015581805
2,1,0.0,0.09998903417374227,0.244,0.14329999999999998,3,0.125,10.326518172310623,0.1848131674983243,8.584944069534135,0.5592159152301877,22.02042031467016,0.8115234220715423,17.98860967129633,0.5924647156886399,28.49042375845787,0.32202371638951277,21.14169257268836,0.670330616604141,95,0.16278782894736843,0.384187926244001
2,1,0.0,0.09998903417374227,0.244,0.14329999999999998,1,0.125,11.105101265715692,0.19874742929419908,9.260362034365386,0.5606512203463979,20.84537281685569,0.7682191366448139,17.49270898879706,0.5477447297082837,28.72639823883003,0.324690906593027,22.342811510062248,0.629574848324936,95,0.08141447368421052,0.6373737373737374
2,1,0.0,0.09998903417374227,0.244,0.14329999999999998,10,0.125,9.864311393911525,0.17654107642854025,8.377315217747467,0.5280390702037602,20.10614339735455,0.7409761512868157,17.865367643083147,0.4605150526920473,32.909183805815026,0.3719684116438621,26.238050466298596,0.604036627014323,95,0.1018092105263158,0.7580775444264943
3,1,0.0,0.09997532801828658,0.3258,0.08179999999999998,8,0.125,8.68824715818232,0.15542258454300167,8.128233521478549,0.39784399692037187,18.69769084884215,0.6183474712205084,18.798331817071766,0.315693043886412,24.93968268544505,0.3030106388017915,24.895444903037543,0.40594194817579876,95,0.2700657894736842,0.31729598051157126
3,1,0.0,0.09997532801828658,0.3258,0.08179999999999998,2,0.125,11.24622795092296,0.20118187048190242,9.06888250850283,0.6140283731122679,24.67421204093491,0.8159957688473345,18.589324385727867,0.6857983133455964,44.19673372836366,0.5369787855320172,32.41450028872421,0.7349014508116721,95,0.12845394736842106,0.3117797695262484
3,1,0.0,0.09997532801828658,0.3258,0.08179999999999998,6,0.125,8.601578489128054,0.15387218337484082,7.792567430683709,0.44614167705166413,18.266889783302208,0.6041005381832013,17.839144532834936,0.36655108713991713,23.507122284196907,0.28560540362782183,24.094261070273884,0.3988333018010073,95,0.1594983552631579,0.5014178912090745
3,1,0.0,0.09997532801828658,0.3258,0.08179999999999998,1,0.125,9.698793961296374,0.1735000854568354,8.597162781848828,0.4660682756112277,18.748430506637145,0.6200254719609085,17.32160138876728,0.4364188164696818,25.44266405142324,0.3091217311894824,24.772608659085805,0.42859944801755834,95,0.13367598684210527,0.6681021224238696
3,1,0.0,0.09997532801828658,0.3258,0.08179999999999998,17,0.125,10.324761655035623,0.18469791570154154,8.297898213549125,0.606584344478556,25.971345453782494,0.8588929999628869,19.905708099104665,0.6754105536857364,42.993614417834365,0.5223611997577198,31.680585807762295,0.7220537613150715,95,0.17023026315789475,0.34299516908212563
3,1,0.0,0.09997532801828658,0.3258,0.08179999999999998,4,0.125,10.35764253867976,0.18528611627007818,8.532235225993015,0.5734422668729752,23.435046654461498,0.7750155863561223,17.95285051023431,0.6580428534577181,40.83758687569726,0.49616602754734956,31.24999942102668,0.6667635477637408,95,0.16990131578947368,0.4724104549854792
3,1,0.0,0.09997532801828658,0.3258,0.08179999999999998,5,0.125,9.185830818367858,0.16432377451658234,8.207128947153548,0.45830889976478173,20.307122155705358,0.6715726414699998,18.38355825764749,0.4495729004291678,30.601648777020376,0.3718020498201674,27.913744228355934,0.4566534997713509,95,0.12561677631578946,0.45761047463175125
3,1,0.0,0.09997532801828658,0.3258,0.08179999999999998,11,0.125,9.558564404496494,0.17099154262301058,7.992738931089326,0.548840118448395,26.300038089067908,0.8697631261982945,20.56994162163752,0.6517437564141423,38.95540380177231,0.4732979941900221,29.610387070946054,0.6668586936704919,95,0.16611842105263158,0.7873762376237624
4,1,0.0,0.09995614150494292,0.324,-0.0017999999999999683,6,0.125,9.233510705264619,0.1648678643703705,7.688659010983853,0.5537701254161773,19.831492515683195,0.6039040217044667,16.650659840399907,0.5439253020465649,29.525453425233735,0.33008714336870915,22.39799177658233,0.6609090540582799,95,0.19473684210526315,0.49472128378378377
4,1,0.0,0.09995614150494292,0.324,-0.0017999999999999683,16,0.125,10.157072523110164,0.18135841378137574,7.820156400467275,0.6545725578330948,22.208047944077453,0.676274337749811,16.680858915107642,0.6819769846241822,53.09030817596893,0.5935362927023796,39.66817040857539,0.7292046232138163,95,0.1932154605263158,0.34369014683975313
4,1,0.0,0.09995614150494292,0.324,-0.0017999999999999683,14,0.125,9.40737573794248,0.1679722910116847,8.252331399646067,0.4844574472910469,19.11616654567798,0.5821210807697805,15.932917652606683,0.5539657442422614,27.025664388861372,0.30214013066219597,22.861928382038133,0.5902034931212266,95,0.26229440789473685,0.4743690233578931
4,1,0.0,0.09995614150494292,0.324,-0.0017999999999999683,19,0.125,8.74859890701188,0.15620957879104663,7.778894216369013,0.47260041976861134,17.36425693443423,0.5287723346249238,17.70941914466922,0.2959782229910564,24.671947781579473,0.27582617097434325,24.759351643247324,0.45791006029785664,95,0.1671875,0.5624692572552877
4,1,0.0,0.09995614150494292,0.324,-0.0017999999999999683,0,0.125,9.038271755677709,0.16138179826964505,8.009334677651651,0.4736613912555815,20.219029182159783,0.6157051986082259,17.515115235302865,0.50295596352405,34.91354737596635,0.3903246785822932,27.00043862806714,0.6342434713942902,95,0.20279605263157896,0.8098134630981346
4,1,0.0,0.09995614150494292,0.324,-0.0017999999999999683,10,0.125,10.434897177328665,0.18631907921758137,8.726519177113728,0.5511384851154105,22.02749752860595,0.6707762582715556,18.021016309375042,0.5785472049889485,40.987300338206865,0.45822770909493415,31.2094183652142,0.6559029308710022,95,0.17212171052631578,0.7606306736741519
4,1,0.0,0.09995614150494292,0.324,-0.0017999999999999683,8,0.125,9.908950811991627,0.1769281057520894,8.02237486514378,0.5910719438584113,25.21924523723983,0.7679706210249236,19.820930325188762,0.6498166533541452,44.7944507770555,0.5007906934676127,33.580632860138365,0.6848854254291658,95,0.2850328947368421,0.3263127524523947
4,1,0.0,0.09995614150494292,0.324,-0.0017999999999999683,12,0.125,9.639617998273119,0.1721190653751377,8.242214449962427,0.5188571577519658,19.62092323294308,0.5974918146255686,17.065333133885666,0.4997022012946552,28.41178073408952,0.31763656278072866,23.39524687352512,0.6017065251914828,95,0.1446546052631579,0.4829448550312678
5,1,0.0,0.0999314767377287,0.3015,-0.02250000000000002,7,0.125,10.599853416721823,0.18884321290671274,8.549520983706826,0.606868486218216,25.56910911364525,0.7422276905121518,20.555056586390823,0.6036444185362575,127.66837748868173,1.3581402827932108,94.91499459716027,0.7953976562275643,95,0.10834703947368421,0.5096774193548387
5,1,0.0,0.0999314767377287,0.3015,-0.02250000000000002,6,0.125,8.033196282172877,0.1431165636161172,7.66265719654807,0.382540540615684,18.065752433787015,0.524418025152789,17.253020568987576,0.41624977146065884,25.92645688666614,0.2758064775359457,50.310781382123274,0.12861433399801475,95,0.22767269736842105,0.5201372584432002
5,1,0.0,0.0999314767377287,0.3015,-0.02250000000000002,1,0.125,10.40865310112815,0.18543685618780512,8.89662301902546,0.5208117441244485,24.094682176847364,0.6994275876511419,20.314103939318187,0.5378066661818549,41.5944792302257,0.4424834003187924,46.66098362515432,0.44452566981492075,95,0.16348684210526315,0.6380784708249497
5,1,0.0,0.0999314767377287,0.3015,-0.02250000000000002,8,0.125,7.304144270970572,0.13012803266583517,7.388951295819321,0.3236039151750037,15.332360780522786,0.4450723207306975,16.874051927270656,0.2907722380607695,26.615406497898746,0.283135545534109,51.31907747421231,0.09855572131848175,95,0.3846217105263158,0.32627752833012613
5,1,0.0,0.0999314767377287,0.3015,-0.02250000000000002,11,0.125,9.556335143863611,0.17025226304862,8.225595230470109,0.5091661124219636,25.877302886913238,0.751174030861603,21.6017994674355,0.5537664626974693,48.688535065653106,0.5179501931769719,43.082112655513946,0.5917727419649275,95,0.2283717105263158,0.8026647461289161
5,1,0.0,0.0999314767377287,0.3015,-0.02250000000000002,2,0.125,12.510215370743644,0.22287754102705362,9.994936036525687,0.6534600446381331,30.01835549488129,0.87138173539446,23.028615645279846,0.6957720811753433,181.96008786602212,1.935697234135724,144.03197709690798,0.8573987184948744,95,0.12791940789473685,0.33686917389906784
5,1,0.0,0.0999314767377287,0.3015,-0.02250000000000002,18,0.125,9.59005116852419,0.1708529357346499,8.19754506259525,0.5189628452753796,25.008946911481726,0.7259671358023221,19.633699868814638,0.6307518188037542,68.32429664166278,0.7268360528101928,50.831664032681154,0.6683402115156187,95,0.12027138157894737,0.6126495726495726
5,1,0.0,0.0999314767377287,0.3015,-0.02250000000000002,10,0.125,9.34445656797884,0.1664775098097631,8.195479201254392,0.48297846889594864,21.701533207372005,0.6299585488680383,18.785541165331917,0.5073945779182949,35.39877227810678,0.3765732716120918,43.795927046095805,0.45626398107434574,95,0.2283717105263158,0.7572920417716961
6,1,0.0,0.09990133642141358,0.4436,0.1421,19,0.125,8.995007148499324,0.15999017926175035,7.676428145377079,0.5240427033636389,20.904421324503936,0.5819363131507067,16.064722360895864,0.6488307765372554,53.9059688578356,0.4516038244412683,22.990777639610663,0.9046739737265155,95,0.20995065789473685,0.5916568742655699
6,1,0.0,0.09990133642141358,0.4436,0.1421,0,0.125,9.155411341250623,0.16284321707805696,7.497760044303758,0.5875053189303523,23.46839708485816,0.653312151679149,17.725780876635113,0.6864637274703891,59.31443313533292,0.4969138931372461,34.20493941409121,0.817057348882014,95,0.25485197368421053,0.8473701193933527
6,1,0.0,0.09990133642141358,0.4436,0.1421,14,0.125,9.173920630671002,0.16317243355153893,7.576136032106739,0.5754610112326802,21.192173856535504,0.589946754817128,16.11188439825487,0.6621113428335762,55.820866958013745,0.46764611667306943,24.424396303794435,0.9002864489082634,95,0.3166940789473684,0.534536484030122
6,1,0.0,0.09990133642141358,0.4436,0.1421,9,0.125,8.334578768656778,0.1482434343024443,7.159217020289808,0.5120363056116447,18.40536517284688,0.5123677036840005,13.983003842828573,0.6512631123744275,53.66056866680603,0.44954795443028966,18.263800335642237,0.9416931669946025,95,0.24839638157894736,0.390663797384539
6,1,0.0,0.09990133642141358,0.4436,0.1421,2,0.125,7.781034707818551,0.1383977930416077,7.5106877347020085,0.3344650287129577,15.46306200123644,0.4304600041940581,14.234794978954104,0.47015536735151303,48.53630623558731,0.40661882134148314,20.948930406996602,0.9055039907172985,95,0.2503700657894737,0.361964197733618
6,1,0.0,0.09990133642141358,0.4436,0.1421,1,0.125,8.15771882757374,0.14509770543186543,7.881994561300725,0.3232038935260798,15.688852658572706,0.43674555406097176,15.614438232552041,0.36722506349451384,52.18454386354184,0.4371823767355037,23.504672056756206,0.8931029687918816,95,0.2462171052631579,0.7004008016032064
6,1,0.0,0.09990133642141358,0.4436,0.1421,18,0.125,8.145527347775348,0.1448808610196032,7.478198096352961,0.4108720504215717,17.24798749057944,0.48014867734089234,15.320169778863134,0.4888921161857863,50.08935945027634,0.4196297139415968,20.60054904693316,0.9124526217344366,95,0.21171875,0.6232278112254807
6,1,0.0,0.09990133642141358,0.4436,0.1421,4,0.125,9.459204457748873,0.16824664971180975,7.751439131655684,0.5909785123538565,20.14029491827044,0.5606645976259446,15.194933840741804,0.6642908598529974,55.80894027671719,0.4675461994468227,28.533461891974593,0.85942617166508,95,0.26776315789473687,0.4814189189189189
7,1,0.0,0.09986572386122292,0.3626,-0.08100000000000002,7,0.125,8.460342633413392,0.15011955592019496,7.70024031147956,0.41891442964213166,15.849862091279709,0.44365825592525715,14.343115156433667,0.4455762936173613,23.49772469572396,0.2496247855034827,17.10196787183835,0.6871597211145869,95,0.2587171052631579,0.5975842339478703
7,1,0.0,0.09986572386122292,0.3626,-0.08100000000000002,17,0.125,7.4884445605859336,0.13287428425515288,6.978334761394724,0.39284762589118805,15.2784156445115,0.4276627265971279,14.249684100491175,0.4082105238410704,22.301687372422016,0.2369188506034224,15.400846742451055,0.7246823783409521,95,0.28297697368421054,0.3716942749200814
7,1,0.0,0.09986572386122292,0.3626,-0.08100000000000002,3,0.125,7.623038263228969,0.1352625027642507,6.884954102151978,0.43954111258817413,15.449895272468273,0.4324626644279984,13.485379545269845,0.49723141672806404,22.23961103066883,0.23625939128573792,16.067088701920675,0.6956351468440627,95,0.3402138157894737,0.5022963500120861
7,1,0.0,0.09986572386122292,0.3626,-0.08100000000000002,18,0.125,8.473021564499346,0.15034452972877915,7.291033039035204,0.5103264335790791,17.31763872336276,0.48474323300124617,14.27459539792933,0.5675095071089569,22.45760054398422,0.23857517233296696,17.27470767107945,0.6493099669148054,95,0.2588815789473684,0.639294790343075
7,1,0.0,0.09986572386122292,0.3626,-0.08100000000000002,13,0.125,9.144330265923006,0.16225617072368098,7.779699707775076,0.532796604185445,20.596478641544998,0.576522227113705,16.49044284752801,0.6260242884261329,29.77013918861384,0.3162589018978033,21.281086731050415,0.7122862377400758,95,0.2488075657894737,0.4372830937035201
7,1,0.0,0.09986572386122292,0.3626,-0.08100000000000002,15,0.125,11.04509600539197,0.1959831864110206,9.299860971338981,0.5791292296586137,22.536386508634724,0.6308227715608539,18.374953205018365,0.6156800461725817,33.36817487700066,0.35448212983062866,25.497863929660117,0.6615887293051681,95,0.18388157894736842,0.38483899821109124
7,1,0.0,0.09986572386122292,0.3626,-0.08100000000000002,14,0.125,7.114313827245203,0.12623574229783416,7.093108344569389,0.29130202627967294,13.058459062226447,0.3655232543509779,13.478353135916587,0.3039773891914067,20.51745209128019,0.21796427712406657,15.806081727389524,0.6613287248356762,95,0.3919407894736842,0.539026437263953
7,1,0.0,0.09986572386122292,0.3626,-0.08100000000000002,5,0.125,9.06583823811639,0.1608634152682378,7.584477077111329,0.5586812723243437,19.2397452914421,0.5385454959348609,15.484039163891135,0.608100769027407,26.1241096271328,0.2775258177796765,18.806007872548005,0.6951378358008019,95,0.19724506578947368,0.5470085470085471
8,1,0.0,0.09982464296247523,0.498,0.13540000000000002,2,0.125,9.231505598197886,0.16356840443774398,8.097770365711483,0.48496336549355473,17.195635911566928,0.47631404608051664,14.50043778925304,0.5439935467404583,24.927901996357438,0.2725945617729978,19.85418736703275,0.6076952949094718,95,0.27874177631578945,0.3684909278654669
8,1,0.0,0.09982464296247523,0.498,0.13540000000000002,13,0.125,7.754307810315301,0.1373946798342419,7.169366734818057,0.39438513961243293,13.62621627486445,0.37744217428347765,12.760216532639292,0.39633300186402715,17.766483008418337,0.19428216023293468,16.601131844358143,0.46656316697787786,95,0.3209292763157895,0.44176809737347855
8,1,0.0,0.09982464296247523,0.498,0.13540000000000002,11,0.125,8.4714822004186,0.15010193212857065,7.332872985786669,0.5031326933302925,16.254637952985455,0.45024868000097834,13.240521813869927,0.5889921560192467,19.45693126053295,0.21276775122059374,16.277054683652445,0.5646234167613295,95,0.36944901315789475,0.8613244296048971
8,1,0.0,0.09982464296247523,0.498,0.13540000000000002,0,0.125,8.681197338893929,0.15381776918483006,7.641510035503402,0.4756423073232141,19.497555619763403,0.5400765434724282,16.28638337079337,0.5753046940426892,44.77966962007443,0.4896799746006504,38.78781157270089,0.5621458898272832,95,0.3582236842105263,0.8686868686868687
8,1,0.0,0.09982464296247523,0.498,0.13540000000000002,3,0.125,7.460724183127532,0.13219281921060502,6.953639913617633,0.38516714153883275,13.251507916924155,0.36706286321940285,12.7948271524314,0.3553026724600446,17.099947077675864,0.18699337716674438,16.427500024682256,0.44723172531097155,95,0.3673108552631579,0.4890854136348371
8,1,0.0,0.09982464296247523,0.498,0.13540000000000002,10,0.125,8.511036394557543,0.15080277299957554,7.973456902466627,0.3613391842579956,14.439653315102461,0.3999741405253833,13.485681864772603,0.39058705298499874,19.20356099208439,0.2099970664953355,16.89535157299261,0.5142349995371107,95,0.31981907894736844,0.7576497814348161
8,1,0.0,0.09982464296247523,0.498,0.13540000000000002,19,0.125,9.512702865060781,0.16855079737286793,7.909050785810807,0.5839009256968435,19.446137324233078,0.5386522718425468,16.0128405402346,0.5990266543200464,33.420339721995354,0.3654620778817749,26.374378853696697,0.6661286046415272,95,0.2793996710526316,0.6400294334069169
8,1,0.0,0.09982464296247523,0.498,0.13540000000000002,1,0.125,8.263132534989433,0.1464102892024114,7.569982116292805,0.40541108603896536,14.375790135171489,0.3982051492659192,13.34324938836325,0.4010292236159021,18.876390838209936,0.20641935647651227,16.617011698342196,0.51706922321227,95,0.2847450657894737,0.7087364620938628
9,1,0.0,0.09977809823015402,0.3973,-0.10070000000000001,15,0.125,9.16986358022494,0.16217773308755445,8.236390945953012,0.44196548025574506,15.342139665952555,0.41711986337494567,13.899612436685972,0.42502450033583855,19.53057100700774,0.2083356208648306,15.862277272166228,0.5834809095210464,95,0.24629934210526316,0.4008347245409015
9,1,0.0,0.09977809823015402,0.3973,-0.10070000000000001,17,0.125,7.8658943392607865,0.1391158005227651,7.326813983260523,0.37422113821894915,15.950009489970103,0.4336465398010926,13.454742155770608,0.5464874548596063,21.84106169822792,0.23298198232989234,18.466496987898637,0.5343846533108464,95,0.3234375,0.39753368929570304
9,1,0.0,0.09977809823015402,0.3973,-0.10070000000000001,11,0.125,7.127561979283645,0.126057692584878,6.64653482977023,0.38277506777524445,13.113644829075767,0.3565318696446654,11.967430171875508,0.42513784923666026,17.849385845532176,0.19040215879251948,13.973265789304948,0.6222515240659812,95,0.42388980263157894,0.8707925113978078
9,1,0.0,0.09977809823015402,0.3973,-0.10070000000000001,16,0.125,8.221768420489472,0.14540977112040276,7.380646907098671,0.4406174060678365,14.225173102280952,0.38675193878441205,12.805886919183063,0.4395074323495288,16.847435729283337,0.17971420197500543,14.46168443806756,0.5305636803727375,95,0.3416940789473684,0.3373044524669073
9,1,0.0,0.09977809823015402,0.3973,-0.10070000000000001,1,0.125,7.683969232586847,0.13589828249384722,7.046842774834153,0.40449312609052684,13.842107989515672,0.3763372201741418,11.95651515424689,0.5039551108226119,18.061039611771047,0.19265990224415402,14.784875344350013,0.5761226754437248,95,0.31504934210526314,0.7263116679718089
9,1,0.0,0.09977809823015402,0.3973,-0.10070000000000001,18,0.125,9.115831835509136,0.1612221304446022,7.707439477777216,0.5570101535009572,15.818333756921472,0.4300665591090298,13.215438200085403,0.5608234037578015,26.175423301786235,0.27921728775982574,22.44740675367912,0.5229292590083717,95,0.2850328947368421,0.6832083092902481
9,1,0.0,0.09977809823015402,0.3973,-0.10070000000000001,8,0.125,8.321416446692194,0.14717214095882192,7.169374652682146,0.5134572404269911,15.129800282600641,0.4113468110822835,12.834834576115693,0.5333316782228622,21.239345952054315,0.22656338742459012,18.241525647338527,0.5124615861143479,95,0.44000822368421055,0.3448275862068966
9,1,0.0,0.09977809823015402,0.3973,-0.10070000000000001,3,0.125,7.074355608829743,0.12511668746843996,6.2927934301374515,0.46001011965820526,12.693149442199081,0.34509950218205904,11.33990115730361,0.4601543556888312,17.89095163121859,0.19084554745558555,13.570264926670875,0.6521552261157918,95,0.3857319078947368,0.504423835412003
10,1,0.0,0.09972609476841367,0.4952,0.09789999999999999,16,0.125,7.924875029203558,0.14001935230809334,7.116991124265331,0.442238843613621,12.605642833057315,0.347013540236859,11.502175212672661,0.4093153426732873,16.075331352286124,0.17337779342218707,13.985310943152912,0.510919732993229,95,0.3929276315789474,0.3303683549602344
10,1,0.0,0.09972609476841367,0.4952,0.09789999999999999,4,0.125,9.741152494903204,0.17210995227615467,8.341652234651544,0.5746079312487335,15.987217154496832,0.4401029679159849,13.698582599970246,0.5665973674387373,21.559068399747105,0.23252172073296523,19.046936012483627,0.4686320123725283,95,0.34457236842105265,0.5137231503579952
10,1,0.0,0.09972609476841367,0.4952,0.09789999999999999,12,0.125,8.155494050892147,0.14409400659951974,7.023590841787816,0.5278312056767203,13.908289296616221,0.382873350560151,11.84857408083258,0.5503329235748722,17.935693647360946,0.19344241931495523,14.981554282022502,0.5504877662989947,95,0.30518092105263156,0.4752088385879817
10,1,0.0,0.09972609476841367,0.4952,0.09789999999999999,11,0.125,7.168961683332351,0.1266636215615648,6.2577564005302,0.4906984044239421,11.564458045166196,0.3183513590159723,9.765354735955192,0.5421743076057909,16.719570211266124,0.18032612371529141,12.105269825904022,0.6937175002642965,95,0.4434621710526316,0.8653685674547983
10,1,0.0,0.09972609476841367,0.4952,0.09789999999999999,8,0.125,6.5254672601162245,0.11529414607828425,6.413920633040555,0.27601865893587413,10.736904455060037,0.29557010899630853,10.21053318025553,0.3437376368890614,16.142992962305925,0.17410754638264203,12.620436521426592,0.6238084604353095,95,0.4861842105263158,0.34201623815967525
10,1,0.0,0.09972609476841367,0.4952,0.09789999999999999,18,0.125,6.5782738457398615,0.11622715055966427,6.515387964655117,0.2588112695320161,10.32432955665388,0.2842125703126539,10.293244367047016,0.26260591221333063,19.2153392851674,0.2072438229801841,14.40561620835216,0.6756685861316736,95,0.35028782894736843,0.6915130883906562
10,1,0.0,0.09972609476841367,0.4952,0.09789999999999999,1,0.125,7.489369389831271,0.13232469247727982,7.208151399376842,0.29762876329211324,12.487632201283798,0.3437648929715307,12.255880021559024,0.25558110541251366,17.37602539915998,0.18740621117746353,14.793253555547407,0.5289173082142327,95,0.3283717105263158,0.7114951164537942
10,1,0.0,0.09972609476841367,0.4952,0.09789999999999999,3,0.125,6.243561569295446,0.11031334170026771,5.76408385807364,0.39839868343751345,10.58781377558566,0.2914658768531411,9.519371431205135,0.44172648553801286,16.083646245408392,0.17346747230907825,11.85111718716008,0.676840626847947,95,0.42023026315789475,0.5063600782778865
11,1,0.0,0.09966863828001982,0.525,0.02980000000000005,6,0.125,8.214350788785833,0.14508151365759636,7.281586303040561,0.46582740241623066,14.449884109468009,0.3988697879500305,12.222008353649377,0.5447761510774825,14.901646316818361,0.1657326418339722,12.638097083718371,0.5305651910471649,95,0.3003700657894737,0.6004106776180698
11,1,0.0,0.09966863828001982,0.525,0.02980000000000005,17,0.125,8.188548235881617,0.14462579006752468,7.09648282700877,0.5075729177445969,15.746283375509675,0.43465516148155925,12.562083534184348,0.6553333631865158,20.040621543762338,0.22288712816207124,16.75585712376676,0.5700090769851179,95,0.3635690789473684,0.4003619090703461
11,1,0.0,0.09966863828001982,0.525,0.02980000000000005,5,0.125,8.408598857023286,0.14851231476283128,7.3006356036556985,0.5067849853408698,13.877369597428899,0.38306628805443427,11.795138707097928,0.5330051527052896,16.876262094147165,0.18769385889858564,14.005827056614319,0.5621560732070778,95,0.31155427631578947,0.6067045004619243
11,1,0.0,0.09966863828001982,0.525,0.02980000000000005,2,0.125,9.405206566851982,0.1661143576731694,7.996247637414694,0.5645236397743817,16.11140054341751,0.4447337341702419,13.211742711316226,0.6152033889608003,26.09766442045119,0.29025214920154635,22.580914153660252,0.5535817494219409,95,0.34239309210526314,0.3835715143509067
11,1,0.0,0.09966863828001982,0.525,0.02980000000000005,3,0.125,5.945258407689615,0.10500490069777677,6.0714800865674174,0.24776732623894213,9.302155831861135,0.2567736111946708,10.325386663220824,0.1653632085597344,14.032487326434135,0.15606605784804378,13.681719714338463,0.33811643891561455,95,0.4256167763157895,0.5237175152159211
11,1,0.0,0.09966863828001982,0.525,0.02980000000000005,9,0.125,8.232587857428106,0.1454036159869625,7.264877866418525,0.47451470052138495,13.936918383177895,0.38471005290157384,11.872781507207891,0.529691231907638,14.265496199475505,0.15865752829895083,12.463159427330371,0.4945651875524374,95,0.35855263157894735,0.42993119266055047
11,1,0.0,0.09966863828001982,0.525,0.02980000000000005,12,0.125,7.106426940014656,0.12551340984390094,6.810517802180242,0.3241279424747102,10.350591757473186,0.28571428726930187,10.72498649457092,0.24245705307341364,13.752603608900738,0.15295325628726786,12.489149830482601,0.44738787858393453,95,0.3499588815789474,0.5015861825872401
11,1,0.0,0.09966863828001982,0.525,0.02980000000000005,16,0.125,6.894095535224294,0.12176322161891245,6.789074913268566,0.27680278923886825,10.881383629806681,0.3003660893155576,10.798595700798817,0.3015384884591374,12.874754406016343,0.1431900217806432,12.0808083458443,0.41562298083678645,95,0.41258223684210527,0.35409607335060794
12,1,0.0,0.0996057350657239,0.4734,-0.051600000000000035,6,0.125,7.07860948675422,0.12499039822041316,6.6488572949733715,0.3579084033442164,11.1577786180527,0.30839643561580476,10.304088438411457,0.40205432490860554,15.26707556697975,0.16830168514087004,11.894620403663225,0.6270053220027864,95,0.3480263157894737,0.5949905482041588
12,1,0.0,0.0996057350657239,0.4734,-0.051600000000000035,4,0.125,8.69209901090822,0.15348055557770882,7.555971713863801,0.5135096054688597,14.586979761357725,0.40317815210315705,12.056133711157582,0.5963286800143788,18.858050382109568,0.20788799032638455,17.14431226087398,0.423211194254379,95,0.3822779605263158,0.5379154565989028
12,1,0.0,0.0996057350657239,0.4734,-0.051600000000000035,10,0.125,8.6220682228968,0.15224398841044015,7.921636984846138,0.3952107691095027,12.881816062900647,0.3560481251733521,11.881621144837546,0.3911738314396116,15.889331573505826,0.175161331182963,14.116877940770367,0.47376292515210966,95,0.3766858552631579,0.7743696103045519
12,1,0.0,0.0996057350657239,0.4734,-0.051600000000000035,1,0.125,7.236352274809565,0.12777573818475643,6.802722131593866,0.3541060136932523,11.761631447482372,0.3250866807450033,10.482014418414622,0.45537930283843053,14.905596353826828,0.16431679881145314,11.315680694549588,0.6512472360638135,95,0.3608963815789474,0.7353309786943147
12,1,0.0,0.0996057350657239,0.4734,-0.051600000000000035,14,0.125,7.652304642671245,0.13512040837698006,6.702125322086058,0.4864895787679785,12.379276322530359,0.34215813237185155,10.880747003004332,0.47695578517464143,15.485020821966987,0.17070427714494335,12.630941286675077,0.5791459830792361,95,0.44979440789473685,0.5799433220586891
12,1,0.0,0.0996057350657239,0.4734,-0.051600000000000035,5,0.125,6.913319467120901,0.12207179317312418,6.589854742414669,0.3324241084805856,10.604738395754403,0.2931106301569102,9.825500047636556,0.40359352638144835,15.196079393371319,0.16751903520870517,12.130535984025354,0.6025071420814841,95,0.37129934210526316,0.6209302325581395
12,1,0.0,0.0996057350657239,0.4734,-0.051600000000000035,3,0.125,7.117971396673621,0.12568543031742999,6.1839896687734965,0.49677066304289075,12.025277753908775,0.33237375677944114,10.03778951231204,0.5551571656307707,14.904835776168863,0.16430841433068244,11.476591491236336,0.6381027094150933,95,0.4354440789473684,0.5189801699716714
12,1,0.0,0.0996057350657239,0.4734,-0.051600000000000035,11,0.125,7.033959356140064,0.12420198947763679,6.101819060468514,0.498785022698257,10.908080077211965,0.30149487011519893,8.989260479694858,0.5674209392360369,16.56354954894975,0.1825937972712884,11.110716016370294,0.7684880536595537,95,0.49523026315789476,0.8913982065758884
13,1,0.0,0.09953739202357217,0.5654,0.09200000000000003,19,0.125,8.469665955538595,0.14949306134884088,7.410165177245871,0.5111334285090706,12.868972363820491,0.35808859010411204,11.023219009019316,0.5408948372431855,15.088217122201252,0.16899491645566922,12.601061753559424,0.5547621304319471,95,0.35933388157894736,0.689781439523973
13,1,0.0,0.09953739202357217,0.5654,0.09200000000000003,9,0.125,8.182253272164166,0.14442011016827733,7.114677059707191,0.5188351243681728,12.027528262780912,0.3346747911406622,10.436308996793302,0.5074862959186931,13.513929191084591,0.15136217328651377,11.266772798982627,0.5523688692057034,95,0.38355263157894737,0.44328902229845624
13,1,0.0,0.09953739202357217,0.5654,0.09200000000000003,16,0.125,7.237225584177225,0.12773998572438464,6.807145858328285,0.34515353006188576,10.494184289360128,0.2920083710051636,9.768919346007534,0.37589112994895413,13.727786971207298,0.1537574780062512,11.471345271661264,0.5496412037542394,95,0.4167351973684211,0.3598421312284164
13,1,0.0,0.09953739202357217,0.5654,0.09200000000000003,14,0.125,6.414412546229469,0.11321699974049078,6.114062071801243,0.3291464085592051,9.9648301836283,0.27727870495037854,9.155700967197474,0.40383571605293705,11.632822381395286,0.13029291867724183,10.464891398236041,0.4652169219807629,95,0.47339638157894737,0.6103535134196126
13,1,0.0,0.09953739202357217,0.5654,0.09200000000000003,3,0.125,5.339793298516008,0.09424953136943648,5.436819338083298,0.2424820384454271,8.263924279092295,0.22994975124406744,8.193365335635189,0.30933132472875235,13.967795503328565,0.15644568308084544,11.298332470431163,0.5922742559676198,95,0.47179276315789476,0.532595433153216
13,1,0.0,0.09953739202357217,0.5654,0.09200000000000003,17,0.125,7.973278941456262,0.14073162793003502,7.092442719278603,0.46726403168486763,12.140794266730085,0.3378265007344222,10.685332581729726,0.48144050597870164,15.964711237314566,0.17881205048534243,13.790035881163329,0.5063977868516454,95,0.41595394736842106,0.420719652036378
13,1,0.0,0.09953739202357217,0.5654,0.09200000000000003,6,0.125,6.988057558234649,0.1233420683585829,6.575933386593536,0.3465225691497679,11.236162347377052,0.31265445440421047,10.366590973102834,0.3883988771463176,13.145540428609005,0.1472360510526175,11.946325630149591,0.4340634044390196,95,0.35098684210526315,0.5931349578256795
13,1,0.0,0.09953739202357217,0.5654,0.09200000000000003,12,0.125,7.098190489294603,0.1252859595469605,6.464361590003936,0.4130600186938745,10.50250052385314,0.2922397763264579,9.132795979865675,0.4947353739425928,12.457806851536747,0.13953312117960617,10.051487740410348,0.5908043666122555,95,0.38569078947368424,0.5055437100213219
14,1,0.0,0.09946361664814941,0.5521,-0.013299999999999979,5,0.125,7.25175137463803,0.1280372080847099,6.462570798317305,0.46174834287365335,10.063511155494584,0.2782369362237338,8.599981023516658,0.532004629002608,13.360976102244946,0.1504646567568235,9.807645247833088,0.7170226438777006,95,0.39794407894736844,0.6230626162430254
14,1,0.0,0.09946361664814941,0.5521,-0.013299999999999979,19,0.125,7.058395265876737,0.1246233050076542,6.791732224643613,0.2890266973490495,10.505893125354666,0.290467955997313,9.954966182766963,0.32749117798995137,12.76085692152272,0.14370641350800997,10.43579548411869,0.5797398062253549,95,0.38248355263157896,0.7030746076112664
14,1,0.0,0.09946361664814941,0.5521,-0.013299999999999979,18,0.125,7.6771380256272375,0.13554785156038773,6.848264651727372,0.46524585954305026,10.89509900804832,0.3012287581356214,9.71562053361927,0.4585074968604428,12.919435059041724,0.14549224149305698,10.883378426759224,0.540084354627157,95,0.38108552631578946,0.7306862321968062
14,1,0.0,0.09946361664814941,0.5521,-0.013299999999999979,12,0.125,6.100067941854006,0.10770304000404515,5.762050020484593,0.34394845629940324,8.392740573137525,0.23204330849431484,8.042934711837109,0.3314621994013441,10.705072979046339,0.12055519888837414,8.99983959344211,0.54509663022447,95,0.3769736842105263,0.5321771378708552
14,1,0.0,0.09946361664814941,0.5521,-0.013299999999999979,8,0.125,7.719734772251104,0.13629994139764912,6.823617485361637,0.4862804478702527,11.330671611684798,0.3132715118888816,9.932330368345365,0.4979630750148083,13.512458325387206,0.15217057408916804,12.488236910507478,0.3921955345268999,95,0.5139391447368421,0.35098807904632373
14,1,0.0,0.09946361664814941,0.5521,-0.013299999999999979,16,0.125,6.670354143059164,0.11777203564927828,6.267476417384976,0.3476326479725042,9.491103350291269,0.2624109494950993,8.803814414121666,0.378860472472625,10.504712519489944,0.11829883920745779,9.4845826506905,0.458844398495123,95,0.44107730263157896,0.38062832105900996
14,1,0.0,0.09946361664814941,0.5521,-0.013299999999999979,2,0.125,7.484679582443129,0.1321497977021426,6.926133725043294,0.379363896371081,10.2690230512521,0.2839189491265448,9.378930069396924,0.4072382585106352,12.037183433829677,0.13555676320578006,10.800737109819156,0.45052615278766056,95,0.4097450657894737,0.389764174611139
14,1,0.0,0.09946361664814941,0.5521,-0.013299999999999979,9,0.125,6.711506663272795,0.1184986261681191,6.520569625200302,0.2720603351568377,9.698303289693914,0.268139633592961,9.049297596451506,0.36576623184045237,11.994994588567097,0.13508165344786843,9.94418341865145,0.5594692624339089,95,0.4127467105263158,0.4500896592946802
15,1,0.0,0.09938441702975688,0.5269,-0.0252,0,0.125,7.360651820528733,0.1300675960840556,6.705269134533826,0.4141350687301032,11.308910564875154,0.3192355084354109,10.072931101644865,0.4697581035341305,15.70899590388948,0.17816359555213873,13.266896997308718,0.5503362143427185,95,0.5046875,0.9089131497474336
15,1,0.0,0.09938441702975688,0.5269,-0.0252,14,0.125,7.166671091209451,0.12663982803247856,6.531760123971833,0.4122483761826262,11.431703534659206,0.3227017907016319,10.438168261377198,0.4129790713349815,14.495683425959358,0.16440281065418205,11.540925534668126,0.6283993841078989,95,0.48770559210526315,0.5974201163476941
15,1,0.0,0.09938441702975688,0.5269,-0.0252,3,0.125,6.0035452784494305,0.10608662403672943,5.599001978032625,0.37204881533287415,8.575002616414757,0.24206092217127406,7.937376940433485,0.3861809350419628,11.225239457731702,0.1273110665353249,9.190584702999223,0.5744436103770373,95,0.47393092105263157,0.5473711608537221
15,1,0.0,0.09938441702975688,0.5269,-0.0252,13,0.125,8.033006300188863,0.1419485453556729,7.199865984743795,0.4573052353275493,11.447187310419663,0.3231388771034593,10.638293840264376,0.36994138793948395,12.431530645075204,0.140992219457821,10.731130698957857,0.5056801169476889,95,0.3815789473684211,0.47747844827586206
15,1,0.0,0.09938441702975688,0.5269,-0.0252,6,0.125,6.579895095516014,0.1162711072913593,6.210401400208449,0.3403412473169035,9.76820317178218,0.2757433873188211,8.930689873681265,0.4051281544394762,10.903448625886528,0.12366147543682222,10.094073298659156,0.4221634587102056,95,0.37282072368421054,0.5857505238777986
15,1,0.0,0.09938441702975688,0.5269,-0.0252,10,0.125,7.862432251332735,0.13893438886111298,7.283785818594926,0.3773025293743856,10.98307296989465,0.31003754637670916,10.23243722880458,0.36334721700431916,10.923957908881594,0.12389408149407459,9.573440281681968,0.49492124460568193,95,0.4376233552631579,0.7754392558489148
15,1,0.0,0.09938441702975688,0.5269,-0.0252,9,0.125,7.4058662230477905,0.130866564543293,6.770654070699336,0.4064170319482549,9.677465612813792,0.27318198667768157,9.055357845726343,0.35681911132708155,11.354544776079063,0.12877758295570768,9.708351351035573,0.5224443210013783,95,0.4275904605263158,0.4426387152610828
15,1,0.0,0.09938441702975688,0.5269,-0.0252,5,0.125,6.27702175844775,0.11091913469016171,5.958392054703015,0.33303098597208924,8.555294218451289,0.24150458030189395,8.167995715178343,0.3274650795811644,11.575893786283025,0.131288013015727,9.386809138238453,0.5852936166860043,95,0.4291529605263158,0.6502826482705758
16,1,0.0,0.09929980185352526,0.6256,0.09870000000000001,12,0.125,6.612394315358727,0.11686986255358503,6.122603343698365,0.37815478737577346,8.803091613823195,0.25091128058859424,8.103228295830595,0.39307003913225425,10.081137536252319,0.11400156135079931,8.93283160466316,0.5058825803745766,95,0.41311677631578947,0.5230417039912412
16,1,0.0,0.09929980185352526,0.6256,0.09870000000000001,9,0.125,6.405610582344621,0.11321509163353521,5.952725888812425,0.37130092553334665,8.889506821110347,0.2533743414397049,8.235204984269927,0.3800495114954727,10.495356438654902,0.11868571544006724,8.230595210469058,0.6231457654208128,95,0.44679276315789473,0.4605190502484815
16,1,0.0,0.09929980185352526,0.6256,0.09870000000000001,3,0.125,5.475671727415978,0.09677901402299231,5.404162956445766,0.26661538331179674,7.402564315443972,0.2109925664196072,7.23933204342258,0.301174497056871,11.504596005675797,0.13009860272621357,8.533538029475467,0.6726719630044552,95,0.4941200657894737,0.5805109428309895
16,1,0.0,0.09929980185352526,0.6256,0.09870000000000001,1,0.125,7.245872122905235,0.12806617976756993,6.613850703114867,0.4114406587724122,9.608119113533013,0.27385668314967243,8.46284009847953,0.48039266762493443,12.078385313117955,0.13658724318961085,9.98185847923753,0.5637287547615087,95,0.38799342105263157,0.7660025434506147
16,1,0.0,0.09929980185352526,0.6256,0.09870000000000001,17,0.125,6.973190032070015,0.1232466972992127,6.383168236325373,0.4035003787318214,9.214004109358942,0.2626233682263999,8.628048530440049,0.35605371392687135,13.92238084292866,0.1574398869281134,10.826075082167504,0.6417996471511607,95,0.45657894736842103,0.42588256484149856
16,1,0.0,0.09929980185352526,0.6256,0.09870000000000001,5,0.125,6.292910803769006,0.11122319474962455,5.9560541242131935,0.3334028295669608,8.641555320846697,0.2463070710778557,7.682793481913484,0.45802421764270723,11.702155244251067,0.13233268212210172,8.446180831176319,0.6976120494118678,95,0.4381990131578947,0.6544055550342498
16,1,0.0,0.09929980185352526,0.6256,0.09870000000000001,15,0.125,9.311765494237049,0.16457953073290982,8.382136634466024,0.47755056247658395,12.324872515064603,0.3512913055442999,10.855154174851606,0.5159222537730813,12.781422532399832,0.14453747106792755,11.747784365833565,0.41828645819539123,95,0.353125,0.4112715416860736
16,1,0.0,0.09929980185352526,0.6256,0.09870000000000001,11,0.125,6.473974895161281,0.11442338736748675,6.057218118795019,0.3563557657797256,8.833360529768083,0.25177402436032037,8.161823953690662,0.38553683968436464,12.096124374678679,0.1367878436384737,8.702712427316662,0.7036890923410302,95,0.5337171052631579,0.8958397534668721
17,1,0.0,0.09920978039846208,0.5002,-0.12540000000000007,8,0.125,7.675310745580083,0.1357293322826481,6.580521887093381,0.5275830842874341,10.385360076354639,0.2995321073017629,8.905487205754639,0.5381174655843823,14.320213847130137,0.16273535619386667,11.890306223291876,0.6026304836781449,95,0.5457236842105263,0.34742314647377937
17,1,0.0,0.09920978039846208,0.5002,-0.12540000000000007,16,0.125,7.656525515759227,0.13539713639053663,6.628664886325285,0.509786084589218,9.842617455781646,0.2838784525736186,8.330342679896116,0.554088555342981,12.98994546407246,0.147618144854616,10.506562435897479,0.625907399884993,95,0.4667763157894737,0.36125792811839325
17,1,0.0,0.09920978039846208,0.5002,-0.12540000000000007,13,0.125,7.493920419279072,0.13252164614622092,6.704836411765545,0.4473974857862832,9.81810911138708,0.28317158868165826,8.991897149253552,0.40152562648926565,10.375523196147197,0.11790776876988601,9.249589424768322,0.4568087389072992,95,0.4365953947368421,0.45705405914484837
17,1,0.0,0.09920978039846208,0.5002,-0.12540000000000007,19,0.125,7.540880609867406,0.13335208487680794,6.977347890064636,0.38119931539075713,10.043813652828288,0.28968130586319224,9.12750700644726,0.418031185052279,11.376059705740808,0.12927789682885457,9.471301746042899,0.5614371541668318,95,0.4300575657894737,0.6984415336074195
17,1,0.0,0.09920978039846208,0.5002,-0.12540000000000007,12,0.125,6.063911789003584,0.10723353430560424,6.129578312737836,0.23970215662205843,7.728619487552922,0.2229070214821838,7.694599992832239,0.2641564810680626,10.352666814808288,0.11764802814043754,10.371057982035136,0.2547441442243596,95,0.43277138157894735,0.5454631828978622
17,1,0.0,0.09920978039846208,0.5002,-0.12540000000000007,10,0.125,7.948863831681519,0.14056681430144286,6.939035065168539,0.4980243443623639,9.749747431730883,0.28119991723112,8.867758579026114,0.41575720611594646,10.349797621148081,0.1176154225343155,9.211343579853883,0.4595065205965028,95,0.4405016447368421,0.790534864183702
17,1,0.0,0.09920978039846208,0.5002,-0.12540000000000007,18,0.125,6.986805412796548,0.12355388138698685,6.794024608339666,0.2863275010689892,8.663106716756173,0.2498592818710298,8.749959160812088,0.20589953068623232,10.930597945091007,0.12421565550592766,10.203021562951598,0.37610767808081114,95,0.4264802631578947,0.753470883146934
17,1,0.0,0.09920978039846208,0.5002,-0.12540000000000007,15,0.125,8.166756471524014,0.14442000324654924,7.304514819625913,0.4519156530557717,10.14482461278862,0.29259464016022635,9.09115858393871,0.447574216536644,10.05107679316073,0.11422074974073913,9.669999379943784,0.3358678432755921,95,0.3984375,0.42734778121775024
18,1,0.0,0.09911436253643445,0.453,-0.047199999999999964,0,0.125,8.240521765346584,0.14573032778485656,7.135992221162712,0.5016944457977579,12.953759233736648,0.37098937553765887,10.779803756255504,0.5808497041003883,18.471550078228482,0.20501026572176537,14.051176694598514,0.7183522011551655,95,0.49864309210526314,0.8992331161870207
18,1,0.0,0.09911436253643445,0.453,-0.047199999999999964,1,0.125,7.303042895976724,0.12915138936142284,6.989026577078659,0.34128920065107415,9.426761465363159,0.26997787177249644,9.554051537224911,0.25602327039690226,10.983749637963964,0.12190538543673178,11.004452027360598,0.3425625525927694,95,0.4069078947368421,0.76535974130962
18,1,0.0,0.09911436253643445,0.453,-0.047199999999999964,17,0.125,9.885605564784512,0.17482297606033423,7.881298679947997,0.6657634691949545,13.766972550540133,0.39427941012422935,10.824690288069007,0.6892246190349729,19.61871334506125,0.21774229119681357,14.954535860469827,0.735123774537077,95,0.434375,0.426069670579326
18,1,0.0,0.09911436253643445,0.453,-0.047199999999999964,9,0.125,9.019139028497644,0.15949986231301147,7.252978746010011,0.629628310884632,11.036586911927078,0.31608249100842956,9.205495242609102,0.5571712371187552,12.832890381613328,0.14242845110295962,10.148832998886677,0.6123867073434538,95,0.4359375,0.46255423504999055
18,1,0.0,0.09911436253643445,0.453,-0.047199999999999964,19,0.125,7.33053801955034,0.1296376296123397,6.746113962611288,0.40701951420592497,9.39557183237437,0.2690846158259428,9.177716642895948,0.3219551892039794,10.64408841996359,0.11813558613657942,10.597521299390145,0.3624387689036288,95,0.4446134868421053,0.7058170720429113
18,1,0.0,0.09911436253643445,0.453,-0.047199999999999964,14,0.125,8.514957252546582,0.15058360948767727,7.323508974303735,0.514639685418765,12.755814717060524,0.3653203406800768,10.48414916658017,0.5987479434960016,17.546371391288403,0.19474198137928045,13.752576144599368,0.6622322879978525,95,0.4699835526315789,0.595100612423447
18,1,0.0,0.09911436253643445,0.453,-0.047199999999999964,3,0.125,6.024873946521412,0.1065474832893764,5.86192172090097,0.3580640033086133,7.7457616439265164,0.2218348529946337,7.664976435116789,0.3563090715300975,10.036586079096322,0.11139309750945617,9.826286946087027,0.40531449581419954,95,0.48141447368421053,0.5679022890331398
18,1,0.0,0.09911436253643445,0.453,-0.047199999999999964,6,0.125,6.952863028413834,0.12295859862113269,6.880209633575205,0.2926628316377917,9.427561335720995,0.27000077967121605,9.0655638308902,0.34744188723552244,11.022272476123572,0.1223329390125828,12.302735104903487,0.16547283845123095,95,0.39017269736842103,0.6166087048161029
19,1,0.0,0.0990135587310861,0.5793,0.12630000000000002,13,0.125,7.737598282868172,0.1368839312865451,6.649808372051542,0.5387171662913154,10.406489058113882,0.29621373511963234,8.508049787058898,0.6097481942577484,11.818952621294905,0.1274103667993008,9.622212883649505,0.5846202225278051,95,0.4277138157894737,0.49202076523745436
19,1,0.0,0.0990135587310861,0.5793,0.12630000000000002,3,0.125,6.652908613499056,0.11769495549054267,5.735523698752404,0.5137385804935797,8.655653424048905,0.24637737245680225,7.391159569583059,0.521240542844522,11.836520049896105,0.12759974673790606,8.762909771007608,0.6725778351687267,95,0.4962582236842105,0.5437898748860718
19,1,0.0,0.0990135587310861,0.5793,0.12630000000000002,6,0.125,7.834834575475189,0.13860411441174653,6.745271179662419,0.5372947493900624,9.999713979205811,0.2846351551774379,8.649337215354187,0.5086231367343854,11.503235653457146,0.1240068829233696,10.496518549663575,0.46000371520173006,95,0.3821134868421053,0.6038954051436565
19,1,0.0,0.0990135587310861,0.5793,0.12630000000000002,17,0.125,5.502926634752698,0.09735090965037385,5.6558728447606725,0.20509444237162566,7.060196062003223,0.20096374815022727,6.807122820013006,0.3599434585765717,11.85819925625657,0.12783345235656873,8.248708740533022,0.7219906204101095,95,0.4764802631578947,0.43061788056610284
19,1,0.0,0.0990135587310861,0.5793,0.12630000000000002,12,0.125,6.764905563415956,0.119676265741641,6.159823688304578,0.41347489766608786,8.794132485920692,0.2503190861244798,7.9346380350456345,0.43408815468571665,11.623756475546033,0.12530611836675662,8.354575552298494,0.6960357822929031,95,0.42051809210526314,0.5240050845800333
19,1,0.0,0.0990135587310861,0.5793,0.12630000000000002,4,0.125,6.6256348456815894,0.11721246203154297,6.37386893784716,0.3019609824288913,8.910124738205257,0.25362072783113787,8.419288660064108,0.3510530750891006,10.493181416692158,0.11311832241238624,9.418169832778583,0.49969383552778524,95,0.42388980263157894,0.5701813948976623
19,1,0.0,0.0990135587310861,0.5793,0.12630000000000002,9,0.125,5.349119891709388,0.09462995272336942,5.504968110321105,0.2114862200047806,6.671737863606137,0.18990654593318107,6.529502241470261,0.3521839946396312,13.88051034337248,0.14963431793644114,8.481389613771148,0.8417801132201406,95,0.46398026315789476,0.48218716767103864
19,1,0.0,0.0990135587310861,0.5793,0.12630000000000002,5,0.125,7.483933520931082,0.1323964109251309,6.433997871287702,0.5326974473545315,10.171930178216485,0.2895371738383122,8.249154178132832,0.6181700746651912,11.906061659578727,0.12834941739666753,8.871075352386873,0.6672535496828953,95,0.43630756578947366,0.6725096597870135
20,1,0.0,0.09890738003669029,0.5442,-0.03510000000000002,10,0.125,7.780993625071449,0.1377865105216736,6.889303490685296,0.4782820314025918,9.432266737890348,0.27296702683693186,8.362848590290213,0.4655298838431826,8.778014024914471,0.0975036811496156,7.907066128966997,0.4391250337516184,95,0.4786595394736842,0.8007044068379006
20,1,0.0,0.09890738003669029,0.5442,-0.03510000000000002,15,0.125,8.113330921510785,0.14367156821469576,7.137254290776075,0.497776327280361,9.642410204316995,0.2790485169849213,8.328286953748538,0.5164986629541837,9.712582059146591,0.10788459685147671,8.81811938636273,0.42063596992051944,95,0.41747532894736844,0.4409534127843987
20,1,0.0,0.09890738003669029,0.5442,-0.03510000000000002,14,0.125,6.692222158862306,0.11850645089006755,6.555079253480912,0.26027099866540854,9.14447714149622,0.2646384805112926,8.793968945603723,0.3010914637329669,9.991753485781649,0.11098555359310976,9.522331331106265,0.32505166434029853,95,0.5184210526315789,0.6284105329949239
20,1,0.0,0.09890738003669029,0.5442,-0.03510000000000002,19,0.125,7.0477581705476435,0.12480231344637002,6.577885994692775,0.3614888806631599,9.325780786618504,0.2698853547080243,8.357381631118038,0.4445783385538397,9.694166628589498,0.1076800434907535,8.798940692294293,0.4212076554674251,95,0.4587171052631579,0.7011473646468268
20,1,0.0,0.09890738003669029,0.5442,-0.03510000000000002,8,0.125,6.902138831988489,0.12222367355905668,6.1489965830369036,0.4563774215766481,8.898385084077766,0.25751664870687063,7.819793528099917,0.4790418487218809,9.218840003380972,0.10240025063843956,8.015371939550308,0.4942125116287594,95,0.5540707236842105,0.3564378478664193
20,1,0.0,0.09890738003669029,0.5442,-0.03510000000000002,7,0.125,7.6737678095907755,0.13588774647368387,6.827057669818335,0.46656620068593435,9.753778763261316,0.28227149034465726,8.423934434343229,0.5179511880278527,10.130611368892612,0.11252794743316676,8.652320834121644,0.5280788195059251,95,0.4985608552631579,0.6011546391752577
20,1,0.0,0.09890738003669029,0.5442,-0.03510000000000002,13,0.125,6.426115681911172,0.11379421429753644,6.18438612037681,0.30473058823084537,7.7416086042824155,0.22403987740902528,7.334437106513149,0.35317856905193024,9.44220606662692,0.10488133728839966,7.790873240956782,0.5748458919290594,95,0.4588815789473684,0.4888888888888889
20,1,0.0,0.09890738003669029,0.5442,-0.03510000000000002,12,0.125,6.075588299057464,0.10758704497534545,5.7881397252276106,0.3327798687453998,7.403961931744457,0.21426848195496886,6.937689289185178,0.37880702531290456,8.667004170224487,0.09627061528238913,7.224131674466382,0.5541993332533202,95,0.44313322368421054,0.5582258513500974
21,1,0.0,0.09879583809693737,0.6223,0.07809999999999995,7,0.125,7.126950230291966,0.12629318901809505,6.614147737141559,0.37273923441762374,8.450302429280105,0.24750238300337354,7.9956812963491,0.3349370647916156,9.510607952531464,0.10559774161195604,8.142037059071926,0.5172633567135941,95,0.5270559210526315,0.5849586518957716
21,1,0.0,0.09879583809693737,0.6223,0.07809999999999995,16,0.125,7.123576453091379,0.1262334039672766,6.638682252564292,0.3634204527074251,8.039466506048637,0.23546933792905161,7.514166691949615,0.3641671524703138,9.637744919582556,0.10700936289452773,8.927991423772351,0.3992859657576747,95,0.4808799342105263,0.3891406584010261
21,1,0.0,0.09879583809693737,0.6223,0.07809999999999995,1,0.125,7.0557656294961735,0.12503176162587482,6.582264434265088,0.3613749890100786,8.062220613786726,0.23613578696273105,7.474725985878974,0.37981549759983907,10.443045284002654,0.11595073659287398,8.933547952593363,0.5186245384622138,95,0.42890625,0.7738471862716901
21,1,0.0,0.09879583809693737,0.6223,0.07809999999999995,18,0.125,7.706806293638546,0.1365685338774232,6.81788327562838,0.48261043207907783,9.412039677728856,0.27567087316171357,8.312351451100046,0.479943943106913,12.230059667916937,0.1357922319117091,10.405915648962972,0.5388976175630753,95,0.4313733552631579,0.7727576017538843
21,1,0.0,0.09879583809693737,0.6223,0.07809999999999995,11,0.125,7.516975270395738,0.13320463143314865,6.501673501023671,0.526666694652138,10.04121300956736,0.2940988407114463,8.292858060771152,0.6255422587322306,11.659005039015803,0.12945172461186163,9.492715257288758,0.6031903802982246,95,0.5635279605263158,0.8917183509668004
21,1,0.0,0.09879583809693737,0.6223,0.07809999999999995,17,0.125,7.264493469178283,0.12873052528473528,6.5134936432179265,0.4480282954889959,8.849702235435478,0.25920047364827387,7.777410817245472,0.4840692062050302,10.12687445218171,0.11244024326053359,8.592780144869122,0.5296995705838526,95,0.4993421052631579,0.4220191040843215
21,1,0.0,0.09879583809693737,0.6223,0.07809999999999995,8,0.125,5.712637030043773,0.10123083856550677,5.77643260130231,0.2182225946033324,6.768566997937681,0.19824574037763545,6.575503119416076,0.31650212108476444,7.72853503071403,0.08581111210614703,7.404817791457392,0.3934357927019735,95,0.5677220394736842,0.3582240892301007
21,1,0.0,0.09879583809693737,0.6223,0.07809999999999995,19,0.125,6.395093105054708,0.11332430790272319,6.077850800782077,0.3278417272511984,7.904640560170826,0.23152039726394397,7.599922196250215,0.3091724229016056,8.941653598949571,0.09928055399173179,7.556045193104154,0.5359991244405816,95,0.4951891447368421,0.7131943867807025
22,1,0.0,0.09867894514365803,0.5251,-0.09719999999999995,6,0.125,6.6325271763983045,0.11769977918410467,6.0761704038599085,0.40104355385256807,8.11931295115162,0.24089625491481445,7.145176663642522,0.4769565175176624,9.094931124776897,0.10012899413016042,7.7912312614437935,0.5159011334489595,95,0.4097450657894737,0.6246864024084295
22,1,0.0,0.09867894514365803,0.5251,-0.09719999999999995,19,0.125,6.669825241484701,0.11836166475319587,6.227412486672095,0.36130398772039884,8.071231487633765,0.2394697001604948,7.3453949188773,0.41496734376103206,8.579810500697517,0.09445786707739409,7.5030251287777885,0.4881115870667619,95,0.4720394736842105,0.6962543554006969
22,1,0.0,0.09867894514365803,0.5251,-0.09719999999999995,1,0.125,6.622231075854391,0.11751706621086752,6.038899255542013,0.4103864773886001,7.63506050486497,0.22652870910821446,6.898618935373577,0.4296078540067099,8.994283649414722,0.09902093401057355,7.892200675198907,0.4810450897411484,95,0.4516858552631579,0.7761492944924897
22,1,0.0,0.09867894514365803,0.5251,-0.09719999999999995,10,0.125,8.149125060942021,0.1446130855866891,6.993858705070172,0.5608246931865377,9.258724834463605,0.2747020777900568,7.872078099838463,0.5547163870529291,9.048028880702901,0.09961263238347466,7.836067250824136,0.5001668581292544,95,0.4949424342105263,0.7913101271080835
22,1,0.0,0.09867894514365803,0.5251,-0.09719999999999995,8,0.125,6.524098034804704,0.11577561277162432,5.870690764487815,0.43659378269402577,7.691577203575423,0.2282055333840377,6.737996096301314,0.48296039944501995,8.633117507270915,0.09504474089480468,7.374406234382491,0.5203003840906367,95,0.5694490131578948,0.3686186728283631
22,1,0.0,0.09867894514365803,0.5251,-0.09719999999999995,12,0.125,5.567829561997745,0.0988058235650884,5.500733548822876,0.2694475105497001,6.44710361687496,0.19128257842711283,6.058091677644735,0.37999053907380104,8.712151263696162,0.09591484869711991,6.6589226523121505,0.6561874883159764,95,0.46171875,0.562828390773889
22,1,0.0,0.09867894514365803,0.5251,-0.09719999999999995,13,0.125,7.065486768121585,0.1253830116814863,6.3101894564731325,0.4551142913538106,8.036305294314259,0.23843345618028136,7.249036856635322,0.4317001863729808,9.566686563851873,0.10532270004634109,8.00361527583845,0.5516053984753363,95,0.46229440789473686,0.4943520412701236
22,1,0.0,0.09867894514365803,0.5251,-0.09719999999999995,0,0.125,6.495373475157985,0.11526587127525921,6.264401899914873,0.2931697093519573,7.844264812950566,0.23273570403907462,7.334907686573754,0.36428148976117497,9.143993357447384,0.10066913587941377,8.223829276271822,0.4423049697779675,95,0.5994243421052632,0.9286596240910961
23,1,0.0,0.09855671399548181,0.5976,0.07250000000000001,15,0.125,7.352183968637923,0.1305977744017064,7.033653843931119,0.3025120632446338,8.169145159651467,0.24257873241208877,7.595733641348591,0.37552278708447573,8.72579057238698,0.09684827076132743,7.513416771991316,0.5102312363216295,95,0.44288651315789473,0.4372853031287717
23,1,0.0,0.09855671399548181,0.5976,0.07250000000000001,5,0.125,7.063439839977697,0.12546877589793642,6.22181017298296,0.48006745605734663,8.18411642717786,0.2430232968099761,6.917270183034381,0.542514041908681,10.277038831404472,0.11406570340093135,8.957037073362457,0.5010920880156008,95,0.47360197368421053,0.7050703247091509
23,1,0.0,0.09855671399548181,0.5976,0.07250000000000001,14,0.125,8.331579543176193,0.14799490195444295,7.326643458607783,0.5036495301293968,10.755488560124597,0.31937892281241587,9.290690312510478,0.542186801182137,15.130414587079803,0.16793372205124887,14.23441695756843,0.34781162500570617,95,0.5220394736842106,0.6114524259609325
23,1,0.0,0.09855671399548181,0.5976,0.07250000000000001,1,0.125,6.237614889970855,0.1107995427862037,5.97042984263372,0.3191339926260332,6.678549942762953,0.19831624335285833,6.416805357209571,0.34506333796103933,9.11693701286455,0.10118963743297084,8.257795916631537,0.42444773124024576,95,0.4699835526315789,0.7762904636920385
23,1,0.0,0.09855671399548181,0.5976,0.07250000000000001,6,0.125,6.73040726256281,0.11955307607334324,6.3136631317760195,0.35288739482830184,7.9575267415629956,0.23629482796288162,7.6612340141416215,0.3101113364654811,8.627107443940824,0.09575297856240937,8.143714006571226,0.3518120580677862,95,0.42705592105263157,0.6143847487001733
23,1,0.0,0.09855671399548181,0.5976,0.07250000000000001,13,0.125,5.961185850928804,0.10588929877804372,5.804964008159376,0.29170451432705696,6.924782501309435,0.20562799761397854,6.625820095722986,0.34503731985691516,7.872600116475138,0.08737863937381561,7.19028787388632,0.4192672913905704,95,0.4761924342105263,0.4808738450910975
23,1,0.0,0.09855671399548181,0.5976,0.07250000000000001,9,0.125,8.150146726879317,0.1447720878745886,7.207148873529137,0.48766430315662107,9.58995189199459,0.28476888687729124,8.258091098813225,0.528780063191827,9.215264570234853,0.10228098311912956,8.091846086109351,0.47987877688853586,95,0.4644736842105263,0.45883498583569404
23,1,0.0,0.09855671399548181,0.5976,0.07250000000000001,12,0.125,6.733098530201288,0.1196008814010396,6.154724457638369,0.40573921989539113,8.144609729905605,0.24185016493891742,7.182966312421405,0.471822955148755,7.998076663270985,0.08877131393750919,7.384238062189569,0.39991027182198635,95,0.45407072368421053,0.5468622656886716
24,1,0.0,0.09842915805643157,0.6123,0.014699999999999935,8,0.125,7.03930425332006,0.12507894775236839,6.341948074794366,0.4421359514087123,7.959349892193712,0.23725357122480598,7.01003775787938,0.4819760687408765,8.8847963634275,0.0985716628035019,8.634052889240406,0.3464980063317704,95,0.5872532894736842,0.35982355412407224
24,1,0.0,0.09842915805643157,0.6123,0.014699999999999935,5,0.125,6.079702260271575,0.1080281138585258,5.8160478526567205,0.3094547828985912,6.2046171815056645,0.1849482186778556,5.953971729593155,0.33041101789142724,9.98160522044547,0.11074012096410765,7.12569143622942,0.7260295648868057,95,0.4924342105263158,0.6938877755511023
24,1,0.0,0.09842915805643157,0.6123,0.014699999999999935,9,0.125,6.043567510519812,0.1073860480642942,5.853641565308497,0.28247921785984154,6.376914973400899,0.19008409874280724,6.056688672859059,0.34492053139994966,8.459595788114413,0.0938543090207926,6.320658393590016,0.66557227668995,95,0.4962171052631579,0.4797812396420285
24,1,0.0,0.09842915805643157,0.6123,0.014699999999999935,3,0.125,5.935472532076864,0.10546534600704445,5.449395676932524,0.39723423861591173,6.971643932400588,0.20781187442105398,6.0326075450238035,0.5043779784393972,8.49337120520682,0.09422902768495746,6.9667816626987165,0.5744839058016482,95,0.51171875,0.5693049417436722
24,1,0.0,0.09842915805643157,0.6123,0.014699999999999935,7,0.125,7.412948301671071,0.13171809882751012,6.496376298349843,0.511449216911623,8.287038779425773,0.24702137384681902,7.396031408031115,0.45834380017870896,9.005264872946452,0.09990819104939651,7.40145809853605,0.5700595656673992,95,0.5250411184210526,0.6028663168611481
24,1,0.0,0.09842915805643157,0.6123,0.014699999999999935,14,0.125,5.729753937198074,0.1018100038802428,5.274121024239094,0.3934573039059824,6.775824263150284,0.20197485048380248,5.907169495953423,0.4907517473830979,8.51106921008546,0.09442537678490677,6.989428642173881,0.5731227612872677,95,0.5295641447368421,0.6837487382560757
24,1,0.0,0.09842915805643157,0.6123,0.014699999999999935,12,0.125,5.689686415982071,0.10109805803838214,5.197107774320098,0.40841141834605343,6.268208493336299,0.18684375864469202,5.624288679187494,0.4447430855899602,8.473914297546285,0.09401316457874066,6.181920597418309,0.6863196328938905,95,0.47162828947368424,0.5666085440278988
24,1,0.0,0.09842915805643157,0.6123,0.014699999999999935,11,0.125,5.983881173463093,0.10632550231068134,5.341728673852753,0.45175893702284364,6.605807122950285,0.1969069524483813,5.622741100569226,0.5277089811037554,9.137688718147958,0.10137735681104268,6.919649366512448,0.6572367959501567,95,0.5881990131578947,0.8994058021670744
25,1,0.0,0.0982962913144534,0.6265,0.01419999999999999,10,0.125,8.629747812922426,0.15356848142231655,7.779956953872282,0.4463758957965185,8.66395935376602,0.26187256847368917,7.892409206586968,0.4141625508617465,10.538715666415092,0.11785294028576083,8.91560777073933,0.5569436285091041,95,0.5249177631578947,0.7883440388532038
25,1,0.0,0.0982962913144534,0.6265,0.01419999999999999,0,0.125,6.172343897931454,0.10983837532335036,5.877286251085571,0.3345413258313838,6.924218247738059,0.20928801061599744,6.481747440951279,0.3670947834834087,7.954184788855785,0.08895050351631768,7.825820161638828,0.2928894302649449,95,0.6386924342105263,0.9297624412541041
25,1,0.0,0.0982962913144534,0.6265,0.01419999999999999,11,0.125,5.249791412234692,0.09342132730154291,5.343237117207649,0.24439705172177648,5.556682584910306,0.16795355117530233,5.677724574204496,0.2567525390134503,6.894136358497566,0.07709613450993587,6.9610786935696165,0.2866142765930056,95,0.6122121710526316,0.9056350325743838
25,1,0.0,0.0982962913144534,0.6265,0.01419999999999999,19,0.125,7.917922935117347,0.14090138292849239,6.795675188579536,0.542285192522736,9.457640412432355,0.28586198126929807,7.978491541905545,0.58989349608861,10.168968331105592,0.1137181090588479,8.550152551734998,0.5621911965083501,95,0.4886513157894737,0.695304611242006
25,1,0.0,0.0982962913144534,0.6265,0.01419999999999999,1,0.125,7.706094501235771,0.13713184393170388,6.954177404320227,0.4346626116353035,8.852729006560155,0.2675782270310091,7.964609950965157,0.4426765848191261,11.31380688772502,0.1265206738419627,9.487372937480608,0.5867130329318372,95,0.45139802631578946,0.7767352887593368
25,1,0.0,0.0982962913144534,0.6265,0.01419999999999999,2,0.125,8.608774717132238,0.15319526003264847,7.538374349281644,0.5141853333189058,9.029624923231303,0.27292499588802654,8.153718367169722,0.43595551245003633,10.242590366093586,0.1145414136784807,8.607671068293115,0.5641830345384138,95,0.45267269736842103,0.42201834862385323
25,1,0.0,0.0982962913144534,0.6265,0.01419999999999999,14,0.125,5.728146245810725,0.10193376902820554,5.8190179724839135,0.22220260454241028,6.356620223515941,0.19213207227482462,6.193164971552014,0.30651273337955703,8.624596179912917,0.09644761759910293,8.712082447557625,0.22092369211910473,95,0.5622121710526315,0.6328530680903971
25,1,0.0,0.0982962913144534,0.6265,0.01419999999999999,4,0.125,6.959244983214611,0.12384147336470369,6.412788062927049,0.38945458295697327,7.911906631859324,0.23914139328324588,7.22947144520863,0.4063444677808136,9.158964165032264,0.10242337785626483,8.647063835778013,0.3470802925686329,95,0.46957236842105265,0.5700525394045534
26,1,0.0,0.09815812833988291,0.6566,0.030100000000000016,1,0.125,6.170873244736153,0.10994607486148038,5.771014645985488,0.3548620044456187,6.4365227335366315,0.1960878941932058,5.935665942880219,0.39109691900390214,9.817149465982983,0.10802465063731294,7.222554572414177,0.6900478302620886,95,0.4855263157894737,0.7817581300813008
26,1,0.0,0.09815812833988291,0.6566,0.030100000000000016,2,0.125,6.643872605888526,0.11837347583184574,6.243164281214297,0.34214830696043935,6.892477850991581,0.2099785122380256,6.282517518320899,0.411373348081432,7.790804467018538,0.08572742359169389,6.658216999927605,0.543296012126485,95,0.5005756578947368,0.4084113684902251
26,1,0.0,0.09815812833988291,0.6566,0.030100000000000016,9,0.125,6.000515534378381,0.10691082185377954,5.629891246119855,0.34833679738767515,6.2974292194971095,0.1918504269468256,5.523805100526406,0.4806939117115724,8.219982052169717,0.09044995112964857,5.380572981699973,0.7620168719763951,95,0.502672697368421,0.49644171779141105
26,1,0.0,0.09815812833988291,0.6566,0.030100000000000016,10,0.125,6.812405175361136,0.12137621041493561,6.301324502502193,0.38209868127853813,6.91664201052796,0.21071467046422887,6.154737402187039,0.45800813392554196,8.096808263312402,0.08909458768580054,5.652094057725538,0.7171853555721333,95,0.5480263157894737,0.8091236494597839
26,1,0.0,0.09815812833988291,0.6566,0.030100000000000016,12,0.125,6.2512845832877435,0.11137875881032772,5.614838709674029,0.4455497828175457,6.785498590617179,0.20671940188332064,5.977870968126906,0.4757510968636175,7.608763212030926,0.08372430211129318,5.968978239269963,0.6270662594007808,95,0.45990953947368424,0.5820295037997317
26,1,0.0,0.09815812833988291,0.6566,0.030100000000000016,13,0.125,6.336244943651587,0.11289249240529169,5.894267783522129,0.3669375910594837,6.947974358226197,0.21166920668426964,6.232398888060782,0.4428126645336348,8.790333567387584,0.09672590968415175,6.27556693766863,0.704991189082569,95,0.4821546052631579,0.4972710216612656
26,1,0.0,0.09815812833988291,0.6566,0.030100000000000016,11,0.125,5.91340422075153,0.1053587648548014,5.49217530909049,0.37137481510170034,6.340765969764313,0.19317067585339687,5.576859520862531,0.4762839090948612,8.720680858583775,0.09595947442098846,6.477927331082053,0.6708455032166085,95,0.5982319078947368,0.9004055261530002
26,1,0.0,0.09815812833988291,0.6566,0.030100000000000016,14,0.125,6.072981918209035,0.1082019510255515,5.665003808975847,0.3610684152501596,6.390315531705128,0.19468019732351396,6.010356036042069,0.3537445656926691,8.390734597948436,0.09232885540497743,7.574215242198978,0.4682379724807724,95,0.5815378289473684,0.6379834547125787
27,1,0.0,0.09801468428384717,0.6211,-0.035499999999999976,18,0.125,6.880998747919331,0.1227921749607237,6.400395949925103,0.3676031404977484,6.725513041155819,0.20738462539513858,6.129171619686898,0.41172019136307525,7.095956258916387,0.07942262634020278,6.1788111068944715,0.49210413265843334,95,0.51015625,0.7974530506971871
27,1,0.0,0.09801468428384717,0.6211,-0.035499999999999976,17,0.125,6.5799557771568224,0.11742003023424143,6.073277085827737,0.38530727546735066,6.89316719778749,0.21255432683742764,6.123749541718648,0.46419898211608884,9.193099161386773,0.10289523398425679,7.924787071996,0.5344449453555704,95,0.5247532894736842,0.44671681554615267
27,1,0.0,0.09801468428384717,0.6211,-0.035499999999999976,8,0.125,6.615236484197658,0.11804961830864798,6.035975640399408,0.4120631636260326,7.366745171380111,0.22715734523139927,6.433970708513356,0.5054712351782059,7.064055013926296,0.07906556654893764,6.400632479340139,0.42592224368075826,95,0.6040707236842106,0.3729494248179157
27,1,0.0,0.09801468428384717,0.6211,-0.035499999999999976,10,0.125,6.823895791641459,0.12177316646284145,6.3464475538454925,0.36778898915975183,6.748974740266013,0.2081080788553173,6.288515565998452,0.36512642290245095,6.321057668151841,0.07074944981822114,5.68922336622142,0.44429041613705617,95,0.5616776315789473,0.7934846266471449
27,1,0.0,0.09801468428384717,0.6211,-0.035499999999999976,19,0.125,6.529412377309887,0.11651807773802983,6.08861755831461,0.3612665100133665,7.191967491732551,0.22176798632311415,6.378286391211742,0.47107789946636364,7.064055559257069,0.07906557265263961,6.664407809272925,0.35321140780913757,95,0.5196957236842106,0.7133475749663739
27,1,0.0,0.09801468428384717,0.6211,-0.035499999999999976,3,0.125,5.710411375112824,0.10190291531190686,5.477036784031494,0.30569621997151686,6.23925021893121,0.19239046322289444,6.063445541836042,0.2821113305453977,6.19446684724251,0.06933256179068464,5.651154910240233,0.42563686187969824,95,0.5411595394736842,0.6169743940430058
27,1,0.0,0.09801468428384717,0.6211,-0.035499999999999976,13,0.125,6.115380386339015,0.10912963159276567,5.644923498110467,0.3847317433560713,6.025199582792305,0.18579010266755616,5.7746174536972825,0.31629175609137156,6.390795438160511,0.07153000097258289,5.629534409559996,0.47587256910158826,95,0.52421875,0.4843517138599106
27,1,0.0,0.09801468428384717,0.6211,-0.035499999999999976,2,0.125,7.0347613326443446,0.12553608509610575,6.578952148589436,0.35431588024764726,6.969874492757629,0.21491963540721412,6.464823242795525,0.3741231987176186,10.759229254287261,0.12042439575329754,9.859305429683099,0.41293584056126875,95,0.5029194078947369,0.42343226228435943
28,1,0.0,0.09786597487660337,0.6118,-0.009299999999999975,14,0.125,6.798503285018766,0.121543508824349,5.961213788416181,0.4929236898493157,7.05697518239539,0.21939187009708244,6.094883208204485,0.5125939474054324,8.028874196466905,0.08934815899599907,7.488604015516409,0.37141020702745664,95,0.5861430921052632,0.6302350052613118
28,1,0.0,0.09786597487660337,0.6118,-0.009299999999999975,12,0.125,6.412773574338024,0.11464744059750119,5.589130507981972,0.49874222503321924,6.594353995333633,0.20500959939997057,5.653279038040441,0.5196773289370001,6.706679499712752,0.07463430757692438,5.802142358336276,0.5037669965457232,95,0.49391447368421054,0.5525308025308026
28,1,0.0,0.09786597487660337,0.6118,-0.009299999999999975,8,0.125,5.918930447286177,0.10581852282630023,5.903954415301239,0.22636026335752618,6.099862105619017,0.18963651140853663,6.174931540847935,0.21711865072390601,7.571345677045988,0.0842566193980299,7.376275507065176,0.2961384034873763,95,0.5909128289473684,0.3591956022545404
28,1,0.0,0.09786597487660337,0.6118,-0.009299999999999975,5,0.125,6.847964901265415,0.12242778263267218,6.07324816222301,0.47054119408996437,7.040705016060373,0.21888605250147367,5.932969902176152,0.5549975177972529,6.937995461101313,0.07720847361698417,5.673551984613445,0.5773049110095964,95,0.5247121710526316,0.7185957213384531
28,1,0.0,0.09786597487660337,0.6118,-0.009299999999999975,15,0.125,7.748406926073151,0.13852586754927476,7.3640171416152835,0.31206185989469665,7.641744432848738,0.23757155985315181,7.124600221312233,0.3624729852650446,7.8934765610314175,0.08784140609857595,8.148572250560186,0.16392159511553853,95,0.4676809210526316,0.4402145243537893
28,1,0.0,0.09786597487660337,0.6118,-0.009299999999999975,17,0.125,6.104928909815461,0.10914379970327993,5.810301703634936,0.3239944546439487,6.156244179762694,0.1913893542862035,5.608935117888962,0.4170906618100251,8.372961521269852,0.09317728475543997,6.43898830371948,0.6835892354384943,95,0.5386101973684211,0.47247881517673107
28,1,0.0,0.09786597487660337,0.6118,-0.009299999999999975,9,0.125,6.366233406835744,0.1138153963927179,5.902849718266454,0.3760918436719842,6.590761833936664,0.20489792393191203,5.940246274803476,0.4334802410715069,7.23451025502046,0.08050819538412957,5.614646884166382,0.6446773499090199,95,0.5145148026315789,0.4902101814113322
28,1,0.0,0.09786597487660337,0.6118,-0.009299999999999975,11,0.125,6.172654997483356,0.11035460537461655,5.411981061495583,0.4848610301626232,6.013263184097996,0.1869442673734034,5.091059298628088,0.5337864789949532,8.100643969078218,0.09014683847427564,6.348963269973436,0.6508664238819055,95,0.6350328947368421,0.9002849002849003
29,1,0.0,0.09771201642581384,0.5518,-0.06000000000000005,0,0.125,6.407296493428623,0.11473037160357498,6.327968753575008,0.25309072586571,6.978583479532698,0.21853672014071696,6.657874798297567,0.3249075826796573,7.634791828226654,0.08453915586269471,7.649276912444996,0.22127567939613832,95,0.6625411184210527,0.9315459566809409
29,1,0.0,0.09771201642581384,0.5518,-0.06000000000000005,18,0.125,6.435745459512409,0.11523978465381822,6.051815728943531,0.3535512329969628,5.9478836276300795,0.18626000298960194,5.795158880534886,0.3122215703027627,7.13462020669351,0.0790008140686777,6.632877466273055,0.38189498938036787,95,0.5287828947368421,0.7992223950233281
29,1,0.0,0.09771201642581384,0.5518,-0.06000000000000005,5,0.125,5.860145802834802,0.10493297856590861,5.576211322868445,0.3426666957088724,5.447800538775828,0.17059973062106606,5.260618611486692,0.3470414986354991,6.801331959469911,0.07531035233597258,6.1335643627002545,0.43754212375704027,95,0.5533305921052631,0.7063981570929627
29,1,0.0,0.09771201642581384,0.5518,-0.06000000000000005,1,0.125,7.094775664105201,0.12704051532836375,6.235121221391817,0.48299891903940273,6.76664954053506,0.21189993660851683,5.621430897546532,0.5657596811447171,8.821021752840487,0.09767414090775707,7.590265407576503,0.5276837580226225,95,0.4772203947368421,0.7798552472858866
29,1,0.0,0.09771201642581384,0.5518,-0.06000000000000005,3,0.125,5.6557255182547035,0.10127258681765143,5.31270574488708,0.37078972355405515,5.852611920424778,0.1832765370074414,5.758920427481929,0.29812971606779415,7.749575715005576,0.08581014439954694,6.689228515370872,0.5090420751759219,95,0.5560855263157894,0.5985655131617864
29,1,0.0,0.09771201642581384,0.5518,-0.06000000000000005,6,0.125,7.376149244168656,0.13207884864620179,6.380114364980817,0.517099442837859,8.296909498561877,0.25982054874573024,6.899263910609616,0.5965965732257498,8.433211427699849,0.09337996259093428,7.4620838508844285,0.4699501178249466,95,0.43194901315789475,0.6304616849119467
29,1,0.0,0.09771201642581384,0.5518,-0.06000000000000005,15,0.125,8.39024819516802,0.1502375134762561,7.420633330238375,0.48813632634347137,8.241686573616814,0.25809122402969503,7.12624021455407,0.5215321975460986,9.07708158497258,0.10050946144377468,8.122223162382708,0.4523979126528814,95,0.4873766447368421,0.44402261030962625
29,1,0.0,0.09771201642581384,0.5518,-0.06000000000000005,16,0.125,7.600284817981195,0.1360922664269252,6.637703678195867,0.5019295407228425,7.7963576621610455,0.24414559738801211,6.5994090919342785,0.5531357106080048,8.946095317065327,0.09905906583802362,8.239258065833958,0.38961678175867764,95,0.5212582236842105,0.39567721069653705
30,1,0.0,0.09755282581475767,0.618,0.06620000000000004,19,0.125,7.70106549505278,0.1380290802795642,6.666158712774134,0.5130652886968328,8.186573100682155,0.25907272140970067,7.230826326655249,0.4734430659816117,9.587748426608508,0.10552203042144744,8.821558446501495,0.39180100148132124,95,0.5182154605263158,0.712846147742601
30,1,0.0,0.09755282581475767,0.618,0.06620000000000004,2,0.125,8.950946943465913,0.16043117345664243,7.43478969003689,0.6217832172236815,9.416184074219347,0.29798505472325376,7.675710211010938,0.6503047136366785,11.481308867854304,0.12636241270885257,9.973836685240164,0.5431382470628913,95,0.5053865131578947,0.4107070213977707
30,1,0.0,0.09755282581475767,0.618,0.06620000000000004,9,0.125,7.9918651704850125,0.1432411917427497,6.635925010611891,0.5949608569929611,8.211404608412632,0.2598585406047806,6.664978064130605,0.6227872949622058,7.191847062179087,0.07915292211626224,5.762668855249182,0.6056760705509181,95,0.5092105263157894,0.4775516795865633
30,1,0.0,0.09755282581475767,0.618,0.06620000000000004,12,0.125,6.4044394466733,0.11478916613530478,5.95554659350786,0.38139651900337973,6.393905204484037,0.20234185921131023,5.593869497037622,0.48573094653633,7.071624013507356,0.07782975638069807,6.244987241038799,0.47166679660708166,95,0.4981496710526316,0.6011555922410236
30,1,0.0,0.09755282581475767,0.618,0.06620000000000004,13,0.125,6.50365881358206,0.11656751199785259,6.1744554889577214,0.3413687169188246,5.842991282588087,0.1849076083651067,5.533840375652904,0.37591723383007614,6.5217495652544955,0.0717778799990146,6.306151315512621,0.33961895317514157,95,0.5287006578947369,0.4572250738839633
30,1,0.0,0.09755282581475767,0.618,0.06620000000000004,14,0.125,7.061341100389227,0.12656306043016335,6.6042663954638945,0.36191221646565064,8.061991562416068,0.25513020752030385,7.448329270540814,0.38388239821070125,10.475099258322711,0.11528814622803045,9.604046776755007,0.4025425917150968,95,0.5648026315789474,0.6321345369831101
30,1,0.0,0.09755282581475767,0.618,0.06620000000000004,15,0.125,6.6364978046381315,0.11894843497175973,6.579723806053877,0.2510474001350701,6.866248116945471,0.21728964777497323,6.924403695043319,0.22572411300273182,7.738235878557641,0.0851664358984789,8.075673312976498,0.14389110836320843,95,0.523108552631579,0.43829586542996385
30,1,0.0,0.09755282581475767,0.618,0.06620000000000004,5,0.125,5.686440523450743,0.1019202026032075,5.679096619580228,0.2740100838716307,5.4018678497731365,0.17094779309057678,5.408678088864589,0.3071012917619842,8.59375489909303,0.09458221321075407,7.5186883992394185,0.48800884236112196,95,0.5488075657894737,0.7134187457855697
31,1,0.0,0.0973884205004793,0.5537,-0.06430000000000002,17,0.125,5.844946929387364,0.10482532980037704,5.940799356424928,0.23921569576213136,5.2812687752784,0.1663554059458506,5.048673985312272,0.3704822444227714,7.776625458652578,0.08479922012813429,6.4778565993571515,0.5536274900763634,95,0.5428453947368421,0.46106650507498864
31,1,0.0,0.0973884205004793,0.5537,-0.06430000000000002,5,0.125,6.699125462731149,0.12014446743291492,5.968223642230605,0.45450284932618873,6.232980198870821,0.19633349396820743,5.673268414062937,0.42241288761297074,7.631898055520752,0.08322105862582177,5.850068575999207,0.6510075424880064,95,0.5410361842105263,0.6994984040127679
31,1,0.0,0.0973884205004793,0.5537,-0.06430000000000002,4,0.125,6.75198185658815,0.12109241255287165,6.431355196120473,0.332826874265393,6.775913419803562,0.21343542159448944,6.39660326775874,0.34950941175861056,8.102377034338948,0.08835133662398277,8.50770481972753,0.1563613361725716,95,0.49835526315789475,0.58003300330033
31,1,0.0,0.0973884205004793,0.5537,-0.06430000000000002,0,0.125,6.43984927854737,0.11549451734016075,5.885648336445356,0.4130471550037798,7.011178937195623,0.2208460822361179,5.951506558224213,0.5356059516650779,9.13886598215087,0.09965359811429124,7.4556336299953765,0.5951493963949445,95,0.6534539473684211,0.9270702240120815
31,1,0.0,0.0973884205004793,0.5537,-0.06430000000000002,1,0.125,6.681121655443249,0.11982158083370086,6.262188965032426,0.36471754686049274,6.493353151508013,0.20453501713931257,5.867917305941581,0.4315552649674068,9.575002025627391,0.10440938795568437,8.04400809105003,0.5560014047033361,95,0.490625,0.8000335232986926
31,1,0.0,0.0973884205004793,0.5537,-0.06430000000000002,3,0.125,7.557607865532488,0.13554079217095713,6.27360079018184,0.581158327691075,6.983332580529299,0.21996894604698405,5.973773556876008,0.5228512293852758,8.25493044703519,0.09001483584910401,7.150470248196791,0.49969976267510946,95,0.53359375,0.579332665485089
31,1,0.0,0.0973884205004793,0.5537,-0.06430000000000002,16,0.125,8.476319011268087,0.1520172803249925,7.332018894382448,0.524342052551565,8.474968133077663,0.26695417789676157,7.296161004585211,0.534007729595587,9.660919484570961,0.10534626392490046,8.845111284475989,0.4030913216246676,95,0.5323190789473684,0.3832844121736444
31,1,0.0,0.0973884205004793,0.5537,-0.06430000000000002,18,0.125,7.845739543502523,0.14070824681751465,6.51193509988669,0.5879162115077494,7.378695541493546,0.2324225379139675,6.498949229402949,0.47607790636896297,8.102816129165042,0.08835612467749172,7.099773875696842,0.4828522217210411,95,0.5240131578947368,0.7882140615191463
32,1,0.0,0.09721881851187407,0.5947,0.041000000000000036,1,0.125,6.393768672300096,0.11482574340705592,5.9182682655963506,0.3937677032061233,5.870249564541335,0.18472412095330043,5.417754869192901,0.40482757190770885,8.253358882974515,0.0887841403998876,6.953689033371612,0.5572188615408646,95,0.5060444078947368,0.7910132444950029
32,1,0.0,0.09721881851187407,0.5947,0.041000000000000036,6,0.125,6.9598629070561575,0.12499223435720933,6.505598117199591,0.3676083260376002,7.1515147606320975,0.22504277937722333,6.357800445636011,0.4584793741251344,7.99246625879921,0.08597763123161946,7.270634760361136,0.41548843138816377,95,0.4152960526315789,0.6044554455445544
32,1,0.0,0.09721881851187407,0.5947,0.041000000000000036,2,0.125,9.033842220212978,0.1622388456517053,7.4668968976425845,0.6231810903840634,8.60042099200828,0.27063674041619273,7.1432124517472175,0.6095799303816742,8.959253882677137,0.09637768887509812,8.25875942121496,0.38767701570025404,95,0.5063322368421053,0.41310703264576903
32,1,0.0,0.09721881851187407,0.5947,0.041000000000000036,17,0.125,7.003473696010251,0.12577544086949943,6.201428111813572,0.46471666885623936,6.565189211763671,0.20659237613348252,6.128972257328381,0.3724934287956316,7.726087072504854,0.08311210128061333,7.082147470299488,0.4017877625119483,95,0.5437088815789474,0.4567798532859412
32,1,0.0,0.09721881851187407,0.5947,0.041000000000000036,16,0.125,6.559557935910915,0.11780315413595743,6.462830647991538,0.27482807267509013,5.885643438873797,0.18520853305075302,5.441818862081156,0.401574513858699,8.143698078237591,0.08760448246641134,7.969017886454553,0.2605833834714086,95,0.5002055921052632,0.4548294286888615
32,1,0.0,0.09721881851187407,0.5947,0.041000000000000036,12,0.125,5.84546857103916,0.10497881744456218,5.708763617514264,0.3169163744784042,6.01524636882533,0.18928685834937084,5.496006979552864,0.41829618543847485,6.310787402311584,0.06788724962832854,5.618146621226331,0.46241533324661377,95,0.4833881578947368,0.6308268118407622
32,1,0.0,0.09721881851187407,0.5947,0.041000000000000036,9,0.125,7.1426689059363,0.1282752487727325,6.1503251817776885,0.5123036598569121,6.5548370426024185,0.20626661564796192,5.969119600171211,0.4171685060159547,6.374896527516314,0.0685768929182662,5.7829811381451135,0.4333289668335468,95,0.5110197368421052,0.4958963630511748
32,1,0.0,0.09721881851187407,0.5947,0.041000000000000036,19,0.125,8.131265454613958,0.14602946220296684,6.924720094690265,0.5452055241253423,7.949434795919047,0.25015160575485024,6.957899481256817,0.4945137857245865,10.415915644024556,0.11204748636826212,9.245633142541667,0.48706003544941295,95,0.4977796052631579,0.6901536428217413
33,1,0.0,0.09704403844771127,0.6525,0.05779999999999996,13,0.125,6.172913254617474,0.11097307911543865,5.728070828638235,0.37591842192768604,5.685837207836969,0.17951949382258614,5.017662331187964,0.4706450488544212,7.490304246931461,0.08057797051688059,6.127644892582123,0.5751426316913713,95,0.5098684210526315,0.5142741935483871
33,1,0.0,0.09704403844771127,0.6525,0.05779999999999996,9,0.125,5.480376706567411,0.09852305593074465,5.429236038030658,0.2586051654621114,5.313157214336232,0.1677528319669069,4.862914637628788,0.40991071340875573,6.91994079180736,0.07444220778204591,5.778529188051632,0.5551417996537504,95,0.5257401315789474,0.5025027373689973
33,1,0.0,0.09704403844771127,0.6525,0.05779999999999996,5,0.125,6.469060799997347,0.11629704911594048,5.671880019714022,0.48796877117556836,5.735930389431127,0.18110109074051253,4.918864664502486,0.519035465961241,7.47519476633424,0.08041542821660126,5.420911296462158,0.6981962248280852,95,0.5519736842105263,0.7196066746126341
33,1,0.0,0.09704403844771127,0.6525,0.05779999999999996,10,0.125,7.204303159393676,0.1295148127800059,6.5217352989897215,0.42997347520539203,6.336879542133818,0.20007491706772462,5.676093749043047,0.4463358444309158,6.379415359610654,0.06862743165235624,5.727101987433232,0.48344494407542365,95,0.5518092105263158,0.8244411326378539
33,1,0.0,0.09704403844771127,0.6525,0.05779999999999996,12,0.125,6.520646471791266,0.11722442661195948,5.847996629712853,0.44436734438029485,5.9183072398318535,0.18685929286134867,5.373040444110584,0.4195754045975615,6.750889741768055,0.07262361803230441,5.39372621806843,0.6028558986317234,95,0.48046875,0.6557980316645272
33,1,0.0,0.09704403844771127,0.6525,0.05779999999999996,17,0.125,5.569260391526047,0.10012095562512446,5.263148078243333,0.3489243578145449,5.200423715226541,0.1641934861824152,4.733792209093366,0.420805966232729,7.2167412403635405,0.07763507912675188,5.453342481424541,0.6571764475689533,95,0.5402549342105263,0.49318821828145215
33,1,0.0,0.09704403844771127,0.6525,0.05779999999999996,2,0.125,5.321009603505902,0.09565804594162582,5.357853326975734,0.2322512853856338,4.922848778686786,0.15542958558449255,4.765941402524925,0.32188774663246766,7.678698919018831,0.08260465192160622,5.9612288835332,0.6338454093477853,95,0.4915707236842105,0.49560853199498117
33,1,0.0,0.09704403844771127,0.6525,0.05779999999999996,18,0.125,8.12309644132126,0.1460323492106068,6.86586170109552,0.6038123451672537,6.745739659700678,0.21298389751631686,5.739804332878598,0.5520608851041593,8.4735431606401,0.09115529736342642,7.05588711986804,0.5552723734045764,95,0.5235608552631579,0.7714599858635043
34,1,0.0,0.0968640994745946,0.6652,0.012700000000000045,4,0.125,7.597051396482262,0.1367831283796418,6.616376179560261,0.5249320433445797,7.330252792478125,0.23512079325613677,6.293215038883776,0.5466019910766954,8.759026535096254,0.09640380651727821,8.625306338934156,0.21822827985650903,95,0.4975328947368421,0.582396694214876
34,1,0.0,0.0968640994745946,0.6652,0.012700000000000045,9,0.125,5.82366972081965,0.10485380728533113,5.505612086435824,0.3416662420554828,4.842357887508437,0.15532056805863453,4.761945164501408,0.30087331022153063,5.657623041148056,0.062269065497304,5.697444499252329,0.25777249914266415,95,0.543297697368421,0.510255051842882
34,1,0.0,0.0968640994745946,0.6652,0.012700000000000045,8,0.125,6.727572432015511,0.12112836357508577,6.175291281647421,0.39699294238667354,6.540614202926161,0.209792819335288,5.984952112578001,0.4033639808096869,7.805859170117034,0.08591303315749288,6.612879510098753,0.555846699511493,95,0.5974095394736842,0.3751806731364857
34,1,0.0,0.0968640994745946,0.6652,0.012700000000000045,3,0.125,6.177270923191043,0.11122031399101928,5.579392236378605,0.42932470403966816,6.022431073759367,0.1931718879935116,5.241616302505611,0.4962454350343953,6.292870184354571,0.06926073773838617,5.297028711296637,0.5427412537284184,95,0.5662417763157894,0.6739525088955051
34,1,0.0,0.0968640994745946,0.6652,0.012700000000000045,17,0.125,5.426417327308006,0.0977013711222714,5.369030077101836,0.2603692913421721,4.700344655249466,0.15076543677368615,4.605596089120678,0.3144078667062918,6.220044188022626,0.06845919852262038,5.649748707145437,0.4239027377863695,95,0.5526726973684211,0.511122684324083
34,1,0.0,0.0968640994745946,0.6652,0.012700000000000045,15,0.125,7.488232020287468,0.13482386103663851,6.891679316626276,0.39416391661739775,6.743665187131593,0.21630576095263715,6.229887296447253,0.3828826089870466,8.165450465418154,0.08987077543839644,6.84484448455885,0.5837515362260659,95,0.4928865131578947,0.4647534829398515
34,1,0.0,0.0968640994745946,0.6652,0.012700000000000045,6,0.125,6.72717444764967,0.12112119795993262,6.279824627690977,0.359444709863824,6.589248300978975,0.21135277750278916,5.850655977955889,0.46494085338566454,7.854465691785879,0.08644800741423998,7.270017901749589,0.3786994462299203,95,0.4427220394736842,0.6344385622736138
34,1,0.0,0.0968640994745946,0.6652,0.012700000000000045,0,0.125,6.50110933586141,0.11705094864949493,5.955746804580633,0.4009337335524508,6.350648552234972,0.20369959502960472,5.731391971532633,0.43111914857357314,7.885244347593273,0.0867867641890287,7.287210647452438,0.3820668750418138,95,0.6841282894736842,0.9287173939175382
35,1,0.0,0.09667902132486007,0.6484,-0.016800000000000037,17,0.125,5.8320855277573065,0.10519756178952752,5.5482926384264974,0.31620185777871146,5.45897326770521,0.17598490992452892,4.927229779577028,0.4305044335776335,5.998041112906791,0.06515833494876605,4.8335361550136104,0.5942280526621351,95,0.5620476973684211,0.4959397176091887
35,1,0.0,0.09667902132486007,0.6484,-0.016800000000000037,15,0.125,6.624397309730331,0.11948906475943157,6.009543408447613,0.43010363982909744,6.187399671299649,0.1994677241345908,5.380604156853268,0.5116916104881186,6.929892438529245,0.07528128670158159,6.101489373816611,0.47413176427861276,95,0.47713815789473685,0.5150810065494656
35,1,0.0,0.09667902132486007,0.6484,-0.016800000000000037,10,0.125,7.021192730114163,0.12664635190053447,6.258325524612057,0.48031307473869267,6.320186478712802,0.20374846946815295,5.528700724724814,0.5024728734047028,6.4565690060472525,0.07013944686217191,5.39094414907069,0.5523023214116964,95,0.584375,0.813537855333521
35,1,0.0,0.09667902132486007,0.6484,-0.016800000000000037,14,0.125,6.348785878083852,0.11451766122418884,6.061292454228572,0.302262788351706,5.62370533584473,0.18129549796948585,5.208932527874603,0.37868402726355055,7.444376809986575,0.08087026889931716,7.58668732172545,0.17520853675937,95,0.6020148026315789,0.6522778498736425
35,1,0.0,0.09667902132486007,0.6484,-0.016800000000000037,3,0.125,5.3554235339398355,0.09659966326614712,5.178097811932294,0.2880317000039653,4.830132363069309,0.15571250620826577,4.602204336091106,0.33701594981292987,6.145720537442199,0.06676261628458634,4.765983133262033,0.6408141308748564,95,0.5800164473684211,0.6656032893804055
35,1,0.0,0.09667902132486007,0.6484,-0.016800000000000037,9,0.125,5.3698544963338595,0.09685996501427863,5.253788376931773,0.26107693578188446,4.672609491187669,0.15063432629059842,4.451404542836332,0.34234552084228903,5.776123123886901,0.0627475801060559,4.640874106749294,0.5961721569454189,95,0.5469161184210526,0.5288324186151417
35,1,0.0,0.09667902132486007,0.6484,-0.016800000000000037,8,0.125,6.19809688892339,0.11179957449984941,5.801933323895556,0.3519931332266718,5.825346807740414,0.18779596143182636,5.429261300966318,0.36427855583425256,6.238889900706728,0.06777474015374257,5.6199027977067235,0.4418179481902757,95,0.6178042763157895,0.3638602329450915
35,1,0.0,0.09667902132486007,0.6484,-0.016800000000000037,1,0.125,6.439087121032647,0.11614649031792641,5.764824498859125,0.45832343874305104,5.765937976733759,0.1858807555385719,5.194724022170576,0.43499736056970656,8.099261195025077,0.08798445423246436,6.963121656447313,0.5251681514942718,95,0.501233552631579,0.8024610336341264
36,1,0.0,0.09648882429441258,0.6572,0.00880000000000003,16,0.125,7.364447761094415,0.1330896998011417,6.642286202036408,0.44856071923246543,6.34758423090205,0.20886345281860558,5.890220460991308,0.37346732152487505,6.978978376006593,0.07658066372714463,5.764470894525829,0.5860419907889842,95,0.5017680921052632,0.47832500204867656
36,1,0.0,0.09648882429441258,0.6572,0.00880000000000003,5,0.125,5.914885972809852,0.10689333728972794,5.71643518738833,0.2847102248073894,4.931956821209585,0.16228308177703704,4.742773000589608,0.308645596677014,5.804987965423533,0.0636984107657595,6.607797727628245,-0.0328990317360816,95,0.5844983552631579,0.7480830109039747
36,1,0.0,0.09648882429441258,0.6572,0.00880000000000003,1,0.125,5.470369362794982,0.09886006933771134,5.323337865281204,0.2804974227045931,4.698834573306719,0.15461233400045998,4.618214149067698,0.27223174759904634,5.637197901246835,0.06185724236127673,5.924516853302544,0.16441208179568534,95,0.5399671052631579,0.8052086506244289
36,1,0.0,0.09648882429441258,0.6572,0.00880000000000003,19,0.125,7.4274352289803405,0.1342280041878546,6.459931867564323,0.5375022687153538,7.483508562211398,0.24624036178862177,6.4793214467557965,0.5703152931545921,6.51407545604827,0.07147926173663324,5.915301941336338,0.42032789393061404,95,0.5302631578947369,0.7163461538461539
36,1,0.0,0.09648882429441258,0.6572,0.00880000000000003,9,0.125,5.667876299053234,0.10242939859470204,5.359803819757461,0.3369754733026451,5.06183280093172,0.16655657301026947,4.726348701189646,0.3653988853946952,5.808021667297426,0.06373169972161179,5.066284867772403,0.4894881503161833,95,0.55703125,0.5265372407175021
36,1,0.0,0.09648882429441258,0.6572,0.00880000000000003,8,0.125,5.823315892594164,0.10523849026222167,5.696285824877271,0.2590911930979244,5.306564972299885,0.17460933835663583,5.143677218653134,0.2814209283477887,6.205379094575325,0.06809192178827826,5.249857205275448,0.5362330395920586,95,0.5983141447368421,0.3902824548141021
36,1,0.0,0.09648882429441258,0.6572,0.00880000000000003,4,0.125,7.670367993534209,0.13861826531200044,6.793910730003502,0.4999598539234036,7.253647409105148,0.2386769183808271,6.485530599339859,0.48070633817020947,9.654544207573357,0.10593977564694618,8.22524672101732,0.5992837634160104,95,0.49954769736842103,0.5653140176146185
36,1,0.0,0.09648882429441258,0.6572,0.00880000000000003,10,0.125,5.949628956063132,0.10752120965183538,5.822359358137132,0.2548066589836465,5.084952259130776,0.16731730491883431,4.916206870853496,0.2930406213703348,6.667526002427946,0.07316308192605368,5.292894547638794,0.6377486309467931,95,0.6027549342105263,0.8317757009345794
37,1,0.0,0.09629352924049973,0.6794,0.022199999999999998,2,0.125,6.9554254863233815,0.12589784663489487,6.285391627091599,0.4397334285762739,5.793530108953759,0.189324865948943,5.232537289425621,0.4320439111946919,7.101117991928921,0.07907438165050189,6.221944164013947,0.4988798194809514,95,0.5451891447368421,0.43902255072026547
37,1,0.0,0.09629352924049973,0.6794,0.022199999999999998,16,0.125,6.1670989819911375,0.1116286104054509,5.946395457760164,0.2833381144305398,5.366731188996522,0.1753776443433838,5.008002830776715,0.36303317449664985,6.854084595033887,0.07632354535561142,6.9209375539272475,0.1661360823771289,95,0.5307154605263158,0.46749825675989776
37,1,0.0,0.09629352924049973,0.6794,0.022199999999999998,6,0.125,6.656359471947705,0.120484552036942,6.045256509028543,0.42422158035208063,5.896882735362569,0.1927022924527042,5.459292810888196,0.37803362621098147,6.106736081259001,0.06800145837278154,5.732000975948642,0.35338630973353274,95,0.4599506578947368,0.651528696585017
37,1,0.0,0.09629352924049973,0.6794,0.022199999999999998,7,0.125,7.0653538624711905,0.12788762366123113,6.507073815126262,0.3941322718250842,6.308102030415247,0.20614039261742859,5.522591451857882,0.507722603059356,6.743396573606939,0.07509098072840742,5.904055219403051,0.49437032593731156,95,0.5712582236842105,0.6611962858993737
37,1,0.0,0.09629352924049973,0.6794,0.022199999999999998,9,0.125,5.6565614643857245,0.10238754036318923,5.390130733125779,0.31899636312255963,5.031774020242982,0.1644316891346771,4.807675115956878,0.3193307524201541,6.000529583914028,0.06681879768268108,5.1399998497355535,0.5229524603264404,95,0.5479440789473684,0.5180849467206964
37,1,0.0,0.09629352924049973,0.6794,0.022199999999999998,3,0.125,5.821165342689765,0.10536698049477855,5.446731939361345,0.3563410028310865,5.150413836491071,0.16830868068990576,4.700386568929923,0.40938158465293023,5.308459197035409,0.05911225936529916,5.185726514031797,0.29368072236943327,95,0.5826891447368421,0.6327711523533978
37,1,0.0,0.09629352924049973,0.6794,0.022199999999999998,13,0.125,6.122668642793419,0.1108243915922022,5.5785925383330985,0.41298152860101195,5.368496538326482,0.17543533361382208,4.727932879113711,0.4780711664338099,5.590450396605555,0.06225236769221847,4.704741295421254,0.5453774416571874,95,0.4902549342105263,0.6297911599429674
37,1,0.0,0.09629352924049973,0.6794,0.022199999999999998,1,0.125,5.937540226526337,0.107473443615722,5.565237559490112,0.3516168513012653,5.183110237136289,0.16937715561844752,4.968907522573798,0.3086854661597115,6.647014174706864,0.07401771612363985,5.897052879875737,0.4669610961370098,95,0.534375,0.7942443828870421
38,1,0.0,0.09609315757942503,0.6807,0.0012999999999999678,14,0.125,6.489026221747326,0.11764819200256361,5.867998806337683,0.43673509747593575,5.584435052362918,0.1842775423505912,5.040123103418511,0.4336872407974738,7.451925397077731,0.08357530049224055,6.253016197821957,0.5864011216139434,95,0.5980263157894737,0.641914191419142
38,1,0.0,0.09609315757942503,0.6807,0.0012999999999999678,15,0.125,6.931269819434674,0.1256662147250262,6.443327257361311,0.37183507595209764,5.961413058431501,0.196717221535176,5.598444140157457,0.3438991379078506,6.839766284692944,0.07670977527017046,6.2319734839587,0.41227632871528086,95,0.5196546052631579,0.48868491849976264
38,1,0.0,0.09609315757942503,0.6807,0.0012999999999999678,6,0.125,5.6808190974665,0.10299512948039881,5.471348078268566,0.2887630084100382,4.943359927537225,0.16312307509342597,4.575380973835305,0.3818783174657292,5.545490857777668,0.06219413643049746,5.349200358001789,0.317260102653486,95,0.4928865131578947,0.6633019104029365
38,1,0.0,0.09609315757942503,0.6807,0.0012999999999999678,10,0.125,6.299265714173237,0.11420777122652168,5.830205912054892,0.37944555295129134,5.265209345635704,0.17374359788902374,4.8906885498305455,0.37192099720073724,5.390371031674836,0.060454426840284424,4.804770851007379,0.4562238434243351,95,0.6087171052631579,0.8159281275330992
38,1,0.0,0.09609315757942503,0.6807,0.0012999999999999678,11,0.125,6.252852373585463,0.11336628200790044,5.642146378299967,0.4385799498204918,5.294899565536521,0.17472332828321216,4.794271713939932,0.4250136798318178,6.1755611173944445,0.06926053987293478,5.613325301052081,0.4176738730422448,95,0.6508634868421053,0.9126287194390044
38,1,0.0,0.09609315757942503,0.6807,0.0012999999999999678,1,0.125,5.262837300058914,0.09541698122293302,5.133223835666596,0.2696953297740436,4.642286539025413,0.1531881284816562,4.316800206873884,0.37704551917238843,6.066734941065978,0.06804002572344534,6.0627315176463465,0.22708097117974232,95,0.5472861842105263,0.8105184072126221
38,1,0.0,0.09609315757942503,0.6807,0.0012999999999999678,9,0.125,5.128560204811725,0.09298249306656771,5.052639297188697,0.25170879586735784,4.469247981714544,0.14747812921151573,4.3721306441646455,0.2838158303332469,5.244535510350537,0.05881884316658038,4.789312517888792,0.4200619861052563,95,0.558922697368421,0.5523431177812109
38,1,0.0,0.09609315757942503,0.6807,0.0012999999999999678,0,0.125,6.579723277721699,0.11929255963041811,5.90767744354824,0.4551167615984893,6.255310724848294,0.20641538064384798,5.365282990547298,0.5579090866842785,8.265782197705477,0.09270291826157445,7.217972248502223,0.5240906492283729,95,0.6873766447368421,0.9339594424836992
39,1,0.0,0.09588773128419904,0.6998,0.019100000000000006,7,0.125,6.716732045430317,0.12203342336355134,6.10576822866693,0.43343055269765385,5.66730112283415,0.188084918333512,5.17431905714328,0.4155431371687739,7.763636969366386,0.08780687337023947,6.022188122731341,0.6675227413284832,95,0.593421052631579,0.635740022172949
39,1,0.0,0.09588773128419904,0.6998,0.019100000000000006,9,0.125,5.586275380798501,0.10149464113789768,5.378763466838795,0.28539683156061424,4.875411365915168,0.16180388666940185,4.604974681994117,0.3334315778100915,5.5981882602374835,0.06331560963102988,4.426854644261222,0.6122353818673333,95,0.5587993421052632,0.5245768947755702
39,1,0.0,0.09588773128419904,0.6998,0.019100000000000006,14,0.125,5.438705107281142,0.09881350013923734,5.124823060278154,0.3384578151238678,4.9596487819405475,0.1645995361629365,4.577801608851877,0.3847780300413145,6.6055784832016435,0.0747092111210607,4.816400089421762,0.7071849204501477,95,0.6345394736842105,0.6366640746500778
39,1,0.0,0.09588773128419904,0.6998,0.019100000000000006,6,0.125,5.906429960798565,0.10731139237029329,5.687320581858094,0.2805534217698587,5.180355639207537,0.17192429804252907,5.017277557358601,0.2681935703117083,5.42640014471206,0.06137268296328745,5.484010422040567,0.3053889005704069,95,0.4780016447368421,0.6760430107526881
39,1,0.0,0.09588773128419904,0.6998,0.019100000000000006,12,0.125,5.919613167072886,0.1075509123901008,5.36742589509787,0.4276993148577048,5.118738754010424,0.16987937285343505,4.551575770348414,0.4672454676369787,5.442375978895321,0.061553369934438815,4.568971183888293,0.5509196010487386,95,0.54375,0.6358136721113128
39,1,0.0,0.09588773128419904,0.6998,0.019100000000000006,10,0.125,5.9521273564817365,0.10814164875037476,5.768837731125487,0.26279791704635264,5.047461193890273,0.16751383169307646,4.94195977909936,0.24360268304893676,5.361799761954271,0.06064205147564009,5.433610925246858,0.3051537809179043,95,0.6310032894736842,0.8281636908640688
39,1,0.0,0.09588773128419904,0.6998,0.019100000000000006,0,0.125,5.5234285055202665,0.10035280321939341,5.127522537016672,0.3719154609777346,4.9308295446366905,0.16364309079727726,4.526152539172583,0.39687703865128393,7.725070585893219,0.08737068688144067,5.884338577496256,0.6901929681022235,95,0.7122944078947369,0.9379437741730647
39,1,0.0,0.09588773128419904,0.6998,0.019100000000000006,18,0.125,6.329460031082763,0.11499724425679608,5.743891436083033,0.43134202599518745,5.495065976192921,0.18236882300205803,4.97020135127273,0.4356379614911723,6.01504104920138,0.06803022215078185,5.204059062324554,0.5069030436666788,95,0.5729029605263158,0.8190626570013637
40,1,0.0,0.09567727288213003,0.6407,-0.05909999999999993,10,0.125,6.566085592242779,0.11952326552957498,5.956393147451329,0.4267362270990874,5.197907441968736,0.17429938082405808,4.7158346035114596,0.4206206769978342,5.542881845663303,0.06391844151713312,4.849237948487832,0.4984976116362259,95,0.6274259868421053,0.8099482272757061
40,1,0.0,0.09567727288213003,0.6407,-0.05909999999999993,0,0.125,5.042714132610084,0.09179314704239543,5.064758726161568,0.22226079864079618,4.149988357348842,0.13915992333233693,4.030588986804021,0.3142688489207295,6.28863077895597,0.0725181394552059,5.959035759095723,0.36556258965599386,95,0.7373355263157895,0.9418358242248495
40,1,0.0,0.09567727288213003,0.6407,-0.05909999999999993,18,0.125,5.767730198771714,0.10499070387769174,5.491776318968397,0.31784610564358495,4.554091372420979,0.15271055040728365,4.33798636670064,0.33451598803966465,5.8809130563613765,0.06781649108296955,4.974060043947844,0.535436072355368,95,0.5881990131578947,0.8199231038098567
40,1,0.0,0.09567727288213003,0.6407,-0.05909999999999993,7,0.125,6.283221242593728,0.11437425090023538,5.8804462353027285,0.352794022589189,5.74030482275168,0.192487378337775,5.0601815190745425,0.48460253406816534,5.841947137505432,0.06736715067216796,6.276577345564583,0.1604115241335908,95,0.6054276315789474,0.732749252920402
40,1,0.0,0.09567727288213003,0.6407,-0.05909999999999993,3,0.125,5.785495004061771,0.10531407881850477,5.469501419720975,0.3334895998404145,4.904383952786287,0.16445677339154857,4.8008112032419135,0.2672730235365827,9.59720245799224,0.11067135131505848,7.333019841851095,0.762589720872733,95,0.5767680921052631,0.6320667284522706
40,1,0.0,0.09567727288213003,0.6407,-0.05909999999999993,5,0.125,6.1398753834048945,0.11176490855315521,5.654363359666781,0.38984971868950535,4.628774526714718,0.15521487117419133,4.0768670849411945,0.47361947187854947,6.871569928900968,0.07924037582994639,4.927397530193521,0.7371789509162854,95,0.6035773026315789,0.743851761019143
40,1,0.0,0.09567727288213003,0.6407,-0.05909999999999993,8,0.125,6.356499856201942,0.11570815053783393,5.730226560634909,0.4386096942205447,5.805348369429121,0.19466845794318338,5.1692139550402345,0.4646121290944213,5.587180948572684,0.06442928221289684,5.946388692229945,0.19717468406072036,95,0.6308799342105263,0.37143974450889655
40,1,0.0,0.09567727288213003,0.6407,-0.05909999999999993,15,0.125,7.525490997781029,0.13698744040602365,6.72409236241126,0.4799354260891945,6.22747106399346,0.20882333182575488,5.425497569944451,0.5211888975375871,7.418837687802618,0.08555126305712697,5.885031594977874,0.6328123160560655,95,0.5427220394736842,0.4592014546556557
41,1,0.0,0.09546180545235344,0.6362,-0.0045000000000000595,10,0.125,5.58718160543772,0.10183428622086715,5.787633691053912,0.16505463043131471,4.387488039148086,0.1494001123596793,4.605482326352177,0.19376887384088567,5.594163395269474,0.063290277319783,5.398608850652871,0.2964880042433999,95,0.6368421052631579,0.8183109504132231
41,1,0.0,0.09546180545235344,0.6362,-0.0045000000000000595,9,0.125,7.002214176090099,0.12762525597767974,6.183441987207891,0.4786095205885848,5.681650388685718,0.19346815282096586,4.83136181295007,0.535125663424129,5.44121531074011,0.061559879760502055,4.680504193695826,0.5143509899859535,95,0.5483552631578947,0.4982753449310138
41,1,0.0,0.09546180545235344,0.6362,-0.0045000000000000595,11,0.125,6.949422055735474,0.12666304492494304,5.936086872725843,0.5426930099947823,5.916788326146942,0.2014749288995056,5.00422324533419,0.5487400674932039,5.298997014578914,0.05995087502324312,4.599689301646263,0.4980157819029993,95,0.6553042763157895,0.9066951120035138
41,1,0.0,0.09546180545235344,0.6362,-0.0045000000000000595,8,0.125,5.342209215446867,0.09736931797028099,5.512783916825888,0.187524542922911,4.292589850753985,0.14616869614103553,4.527883504986477,0.19266982249780273,4.960729602816348,0.05612384374331985,4.675573732045157,0.3591160379362625,95,0.5957648026315789,0.43101663330802675
41,1,0.0,0.09546180545235344,0.6362,-0.0045000000000000595,19,0.125,8.40172840303183,0.15313338197413096,7.24798324046633,0.5594033339011212,8.077667533292999,0.2750558921893794,6.878705593476264,0.6001151689701479,8.7728455208514,0.09925270083598535,8.14618328854233,0.38698891614060793,95,0.5553453947368421,0.7099067081297201
41,1,0.0,0.09546180545235344,0.6362,-0.0045000000000000595,0,0.125,5.813066147713929,0.10595135145258212,5.369094328706474,0.39015913369849825,5.024120047235149,0.1710783238308708,4.619501714282889,0.40369229037186727,6.412168103686055,0.07254487737103513,5.855298992344934,0.40864816857393804,95,0.730139802631579,0.9341668074562145
41,1,0.0,0.09546180545235344,0.6362,-0.0045000000000000595,3,0.125,5.482597223900312,0.09992808796281386,5.068708027706037,0.39343133734793806,4.552855874038623,0.15503111873345854,3.984630066312912,0.48737440996836,4.535765063513015,0.05131595351145326,4.518587323413063,0.275358331957094,95,0.6077302631578947,0.6530446549391069
41,1,0.0,0.09546180545235344,0.6362,-0.0045000000000000595,14,0.125,6.746026791134583,0.12295587858347713,5.887580101927435,0.49814086872452445,5.851887381283519,0.19926496083387701,5.125439300738345,0.4864336421955974,6.822986380790203,0.07719272207073477,6.022153545402516,0.48807676489718443,95,0.6175575657894737,0.6370597243491577
42,1,0.0,0.095241352623301,0.6278,-0.008399999999999963,1,0.125,7.352197397272793,0.13421201977442587,6.457752521834122,0.4906575382324452,6.147796939029203,0.20647094433116203,5.336859581007767,0.5040109813981778,8.862521608511345,0.10050211538737437,7.776777452618593,0.5176661310278687,95,0.5331003289473685,0.8111839568067875
42,1,0.0,0.095241352623301,0.6278,-0.008399999999999963,7,0.125,6.926610397418291,0.1264430647595077,6.226571347420172,0.439572132985275,5.861221082966027,0.1968464254651862,5.066388108588729,0.5077543424818892,5.594863221552945,0.06344645620148068,5.928521064823459,0.1355728761260232,95,0.6113486842105263,0.7158999192897498
42,1,0.0,0.095241352623301,0.6278,-0.008399999999999963,8,0.125,7.175722307778401,0.130990523271938,6.231122090268458,0.5105013501935546,6.018829600252829,0.20213963532907264,5.2036485246256134,0.5094612888574332,6.422188443387142,0.07282842880257565,6.018036176362775,0.35955932219239634,95,0.640625,0.37105263157894736
42,1,0.0,0.095241352623301,0.6278,-0.008399999999999963,19,0.125,5.991481594027412,0.10937258655133464,5.824673676036659,0.2920531880996613,5.025470482665258,0.1687781243516683,4.873276344657208,0.31341885200001224,5.668510980199406,0.0642816310946397,5.002252053229452,0.4715488256051524,95,0.558264802631579,0.761434779406349
42,1,0.0,0.095241352623301,0.6278,-0.008399999999999963,4,0.125,6.369515569892244,0.11627347627214053,6.191195747118296,0.28227086913727656,5.63628950664771,0.1892922014996052,5.179511363404962,0.39834590961381994,5.545583452572124,0.06288761739158519,5.219438319240126,0.3685946906115356,95,0.5257401315789474,0.6113718129203817
42,1,0.0,0.095241352623301,0.6278,-0.008399999999999963,14,0.125,5.2945766661265,0.09665080924989453,5.577587478761079,0.15989274991474672,4.589619518973857,0.15414026936825026,4.769423255712258,0.207574592847661,9.715214977028886,0.11017176597874749,9.801250069897891,0.11703474863199795,95,0.6410361842105263,0.65445798588839
42,1,0.0,0.095241352623301,0.6278,-0.008399999999999963,6,0.125,6.824057800976886,0.12457099980289785,6.255011753028406,0.39989331757414365,5.986706393451206,0.20106079214198394,5.411378124612386,0.42774594014041223,7.740628982479427,0.08777971118523177,6.38414121302657,0.6173959479759008,95,0.4769325657894737,0.650831968273127
42,1,0.0,0.095241352623301,0.6278,-0.008399999999999963,15,0.125,8.493378195827788,0.1550439114696449,7.243885967541676,0.5787661870024574,6.761888772717988,0.2270949372940461,5.6280414466511814,0.5948888266464788,7.8242267449863245,0.088727720379988,6.564223525817118,0.587779504321884,95,0.5220805921052631,0.47633299204536506
43,1,0.0,0.09501593857010969,0.6388,0.01100000000000001,4,0.125,6.720913673523234,0.12283947620792389,6.19005436798266,0.38953449749469626,5.899733884419585,0.198961902873389,5.301142759884242,0.4413984293745172,6.897794019670449,0.0781303173813985,6.494058875628837,0.33905515874383074,95,0.5229851973684211,0.5919490525984747
43,1,0.0,0.09501593857010969,0.6388,0.01100000000000001,18,0.125,6.530782364268055,0.11936440844568771,5.864705634631029,0.4416891585187148,5.38330629789621,0.181545962201497,4.626547374817682,0.5184784552492153,7.019728185160994,0.07951144807655187,6.1078577498614575,0.5137114584871865,95,0.5827713815789474,0.8330628660128413
43,1,0.0,0.09501593857010969,0.6388,0.01100000000000001,14,0.125,6.59991345408639,0.12062793112660253,5.709895493146018,0.5148042902580567,6.009616984314453,0.20266758707491642,5.226792661825387,0.5081013661243966,7.258250132220712,0.08221315174776346,6.500608391164103,0.4556932206053114,95,0.6297286184210527,0.6454456415279138
43,1,0.0,0.09501593857010969,0.6388,0.01100000000000001,1,0.125,5.395330021645747,0.0986115201031021,5.417635212958063,0.23530192925451335,4.392837661018312,0.14814351921164245,4.428538495057667,0.24946690206087424,7.481234325715867,0.0847388615267348,7.475957446258422,0.17510666267726827,95,0.5527960526315789,0.813671526331449
43,1,0.0,0.09501593857010969,0.6388,0.01100000000000001,16,0.125,6.91265056721591,0.12634388955632447,6.194921266238062,0.4489450618858232,5.699092825840261,0.19219550838991972,5.224563254201363,0.3995891382310985,6.250743276017988,0.07080126698945131,5.967468690599388,0.3140520217248079,95,0.531578947368421,0.5125309405940595
43,1,0.0,0.09501593857010969,0.6388,0.01100000000000001,3,0.125,5.9582019845588405,0.10889924294185185,5.23844086694439,0.4778372135319681,5.487095027845414,0.18504612061746212,4.8347442302796715,0.4757167457874079,5.40985308648078,0.0612766251685891,4.888973257638839,0.430799706854321,95,0.6057154605263158,0.6732061638721064
43,1,0.0,0.09501593857010969,0.6388,0.01100000000000001,6,0.125,5.9577928615307245,0.10889176531887979,5.519757822224994,0.38116685538663236,4.9385839537268845,0.16654820033974344,4.677055266989105,0.34501051339093913,5.791800449757015,0.0656028878303417,5.188525595945713,0.44438539626114204,95,0.4939967105263158,0.7041784584651241
43,1,0.0,0.09501593857010969,0.6388,0.01100000000000001,2,0.125,7.452087055803045,0.13620327756878028,6.963212790228507,0.35624625597360865,5.946023848351359,0.20052297994707338,5.406109887891766,0.41716362187937517,7.415514986381975,0.08399446805461744,6.683870022258322,0.4432029034294245,95,0.55703125,0.4182475824905883
44,1,0.0,0.09478558801197066,0.5934,-0.045399999999999996,3,0.125,4.88309959449246,0.08940547085823461,4.901919688538271,0.2692002355097247,3.9220397171616206,0.13299261427036488,3.858936183819826,0.3277669667555754,5.150170337472821,0.0588152119512548,4.475023788711699,0.49574331368380525,95,0.6225740131578947,0.6985668053629218
44,1,0.0,0.09478558801197066,0.5934,-0.045399999999999996,6,0.125,5.310359589458402,0.09722824413771086,5.208275219409471,0.2914518401647927,4.491968283085648,0.15231834664322574,4.179895599927713,0.39051888503697274,5.229128967078485,0.05971692359015887,5.1377212645298584,0.2913427074457883,95,0.5067023026315789,0.7096486245232492
44,1,0.0,0.09478558801197066,0.5934,-0.045399999999999996,8,0.125,6.792643841693144,0.12436762947121184,5.920798612075987,0.501029711506873,5.783232172615666,0.19610386967862134,4.928133391072998,0.5394001830881032,5.416151056108065,0.06185272553166101,4.677447023166642,0.5042014557398243,95,0.6478618421052632,0.38233054074638234
44,1,0.0,0.09478558801197066,0.5934,-0.045399999999999996,15,0.125,8.816802511820837,0.16142828233986467,7.581967309646928,0.5787053200323611,7.0140029733115705,0.23783812995037512,6.046063491843601,0.5497839371510713,9.32646300712629,0.10650869050456231,8.213563436597331,0.5327598340123221,95,0.5278371710526316,0.47986289631533846
44,1,0.0,0.09478558801197066,0.5934,-0.045399999999999996,18,0.125,5.910739007021774,0.10822068930130885,5.587505790961446,0.34473011458534775,4.55812071529156,0.15456151232584514,4.343875428456198,0.3477625879802725,6.155731689603266,0.07029877466474818,6.074962741541662,0.24870076375342234,95,0.601233552631579,0.853508411981945
44,1,0.0,0.09478558801197066,0.5934,-0.045399999999999996,12,0.125,5.934037584410514,0.10864726677355961,5.613926228342499,0.3427524680138183,4.703493886520345,0.15949097747172114,4.251238617796357,0.4333928601810374,6.301280853111115,0.07196095364915098,6.325852968700801,0.20474035626247664,95,0.5141858552631579,0.6241503398640543
44,1,0.0,0.09478558801197066,0.5934,-0.045399999999999996,13,0.125,7.344031301938672,0.13446307285806772,6.559159912975058,0.45907276065009506,6.230777798310549,0.2112797136421556,5.479316648213042,0.48844566503296993,6.405205445314993,0.07314777787376839,5.521837354141682,0.5155404528009122,95,0.5280427631578948,0.5184550693038468
44,1,0.0,0.09478558801197066,0.5934,-0.045399999999999996,5,0.125,6.454297901716903,0.11817279819833221,5.83112505218828,0.4288359987270338,5.129838873286351,0.1739479280535754,4.624903639225985,0.43348956664920535,8.057747082004035,0.09201988894026035,7.241774780423084,0.45465642038679055,95,0.5982319078947368,0.7634888995807272
45,1,0.0,0.09455032620941839,0.6328,0.03939999999999999,14,0.125,6.8363434923013084,0.12532204732869628,6.085614330206355,0.45800241265913044,5.929282635559336,0.2021372106165938,5.211354603164263,0.48243742317908667,6.8227491716412905,0.07751517495117981,5.713563426677808,0.5541873599963599,95,0.6198190789473684,0.6367254875945336
45,1,0.0,0.09455032620941839,0.6328,0.03939999999999999,12,0.125,6.013638790561404,0.11024044154263567,5.611049292731902,0.37213252342115055,4.948324120943456,0.16869501700519987,4.473663128986402,0.4315316341201198,6.753021813775181,0.07672298279990733,5.327588023170635,0.637695693328049,95,0.5504934210526315,0.6607409620555722
45,1,0.0,0.09455032620941839,0.6328,0.03939999999999999,17,0.125,7.710786587357079,0.14135210770647594,6.626346640445727,0.5409546484491438,6.344371027750473,0.21628813154818266,5.484018838260743,0.5214895699920631,7.291388219637351,0.08283951516661092,6.122522918520549,0.5571202160500208,95,0.5737664473684211,0.45671492045291673
45,1,0.0,0.09455032620941839,0.6328,0.03939999999999999,9,0.125,7.530930984402275,0.13805504219020745,6.44431066068305,0.545323281636937,6.397233835623231,0.21809029568599528,5.470676909293177,0.5435329535795841,5.589095204210841,0.06349928477130028,5.396650858956094,0.342220739505629,95,0.5484786184210526,0.5104580553264862
45,1,0.0,0.09455032620941839,0.6328,0.03939999999999999,2,0.125,7.560246135216427,0.13859243980955122,6.660288369067104,0.4870209542615317,5.869015869117471,0.20008263558446746,5.2210594050563435,0.45892712567650457,9.67194262095106,0.10988566419780016,8.194245105325855,0.5956543618787861,95,0.5774259868421052,0.4182154810225735
45,1,0.0,0.09455032620941839,0.6328,0.03939999999999999,16,0.125,6.588639551895691,0.12078120397025827,6.21425466809174,0.34271324197626335,5.127062786023344,0.1747884582204834,4.920561373174979,0.32032058506706135,5.817094626011251,0.0660896504179059,5.080821766952783,0.4897884568632789,95,0.5190789473684211,0.5472908745247148
45,1,0.0,0.09455032620941839,0.6328,0.03939999999999999,3,0.125,5.47140724617986,0.1003003957645642,5.237505624825958,0.3382904646580331,4.7198490314307335,0.16090599426364496,4.2574665190844625,0.43842079289471253,4.674921238362499,0.05311309687022852,4.724469435858383,0.32169575732434813,95,0.6061677631578948,0.704382037715371
45,1,0.0,0.09455032620941839,0.6328,0.03939999999999999,15,0.125,6.1018665544235935,0.1118578096592164,6.264554534367462,0.17165734895837553,5.177385699922885,0.17650403396058179,5.155146624193604,0.24391542708600872,5.651824716918737,0.06421197243280273,5.930260511607599,0.18873417046725147,95,0.5574835526315789,0.4936568815459507
46,1,0.0,0.09431017896156074,0.6512,0.018399999999999972,14,0.125,5.171025297175933,0.09493250818051413,4.981782119992561,0.3164769222213504,4.255929941436669,0.14570109981330454,4.032942839382906,0.3527226002375669,6.5727350988323705,0.07523806186537461,5.928129943060261,0.4440614119263872,95,0.6471217105263158,0.6477316050324057
46,1,0.0,0.09431017896156074,0.6512,0.018399999999999972,5,0.125,6.457095334458315,0.11854288471487398,5.686438381164611,0.48320569948892456,5.040269205176389,0.1725528325547175,4.303534881482923,0.5315130876621972,6.096277247212934,0.06978405150631498,4.332045907900951,0.7145040651024525,95,0.5988075657894737,0.737485408226327
46,1,0.0,0.09431017896156074,0.6512,0.018399999999999972,18,0.125,6.780489535545476,0.1244799321814575,5.8379504246839975,0.5347361892194425,5.296087748645175,0.18131074061451455,4.712895040699792,0.45961122507463176,5.485990771125789,0.06279810563248794,4.565357130700087,0.5623152978212058,95,0.585608552631579,0.8191265271731498
46,1,0.0,0.09431017896156074,0.6512,0.018399999999999972,3,0.125,5.668063226680419,0.10405740210328797,5.1843548738357415,0.40585385520822553,4.202513787864686,0.14387240610115967,3.9193840689194235,0.3823201851417768,5.617013286679218,0.06429791963422934,4.26689637482818,0.6504226429573094,95,0.6222861842105263,0.6131227699220299
46,1,0.0,0.09431017896156074,0.6512,0.018399999999999972,17,0.125,5.422727593314266,0.0995533964790603,5.2466238740247935,0.3002261523720458,3.969226262694094,0.1358858439495738,3.8319581231958146,0.3323867228246036,4.8326822712642485,0.055319686893462595,3.7944997903128326,0.6297898648378839,95,0.5634868421052631,0.5959573847051955
46,1,0.0,0.09431017896156074,0.6512,0.018399999999999972,15,0.125,7.0313728160642075,0.12908578454369715,6.46558439283158,0.3948841804067439,5.511317382099747,0.18867909365092747,5.112567547911344,0.37372156009440377,6.421184049244315,0.07350325784951002,5.849966346629731,0.4318443059903638,95,0.5499588815789473,0.48328971962616823
46,1,0.0,0.09431017896156074,0.6512,0.018399999999999972,13,0.125,6.53375162051464,0.1199501827041343,5.8620459181828695,0.4460229716624652,5.578015429317976,0.19096249092692094,4.7209879301850535,0.5617307463770899,5.822022383785021,0.0666446576206349,4.4695583943352375,0.6412358525074582,95,0.5710526315789474,0.5172811059907834
46,1,0.0,0.09431017896156074,0.6512,0.018399999999999972,0,0.125,5.6655384174190395,0.10401105027515224,5.30130210752351,0.361850092797158,4.704934018049702,0.16107268456290977,4.071972601790397,0.5033540270892345,7.509864511204497,0.08596537700035423,5.6396121701004045,0.6946633490874515,95,0.7341282894736842,0.9400694522235914
47,1,0.0,0.09406517260324962,0.6827,0.03149999999999997,1,0.125,6.269958950788514,0.1153023442933241,5.708137815041652,0.4138372066116141,4.653650987294753,0.1615405500847316,4.208628832564703,0.42687800826822,8.025975338740778,0.09146404661940226,6.962670094785662,0.5525152348889072,95,0.5623766447368421,0.8199897638370988
47,1,0.0,0.09406517260324962,0.6827,0.03149999999999997,5,0.125,5.498648564720145,0.10111821703037169,5.427009557583879,0.25888335158795034,4.175230616353379,0.14493331200336065,4.1181440505071825,0.2716541460751726,5.21542940802059,0.059435054106488035,5.513452108975351,0.11762567217887332,95,0.6272203947368421,0.7494427691097417
47,1,0.0,0.09406517260324962,0.6827,0.03149999999999997,18,0.125,5.087646120693014,0.09356002635024704,5.2813944320430295,0.17172666073349196,3.881281644033818,0.134729564705812,3.9618719154095348,0.22227462876836762,5.9445695573958455,0.06774433812492105,6.090727311702941,0.1515161147603992,95,0.6308388157894737,0.8696388997523139
47,1,0.0,0.09406517260324962,0.6827,0.03149999999999997,19,0.125,7.865125487040544,0.14463689697727591,6.863460647006947,0.5308225345734868,6.863516750569428,0.23825084314010453,5.979946785581645,0.5543741703339213,8.216578014975726,0.09363615546962348,7.518163892654544,0.41944391781628604,95,0.5569078947368421,0.7182516243354992
47,1,0.0,0.09406517260324962,0.6827,0.03149999999999997,2,0.125,7.183961221732587,0.13211052523301273,6.3366990603432285,0.49075004930584704,5.26085364960907,0.18261816255523367,4.760465363246561,0.427588910085015,6.695043997834968,0.07629674780847275,6.036299112217278,0.43714067981228744,95,0.5538651315789473,0.4340014847809948
47,1,0.0,0.09406517260324962,0.6827,0.03149999999999997,12,0.125,6.336766195646832,0.11653090607632803,5.912694093530166,0.3617688029066693,5.158886232187046,0.1790786034550682,4.624474284751074,0.44621820755506725,6.2800175026329885,0.07156710423204524,5.673785125036528,0.4297834653042331,95,0.5433388157894737,0.624110791584683
47,1,0.0,0.09406517260324962,0.6827,0.03149999999999997,10,0.125,6.634720146999538,0.12201017465720215,6.081976076258681,0.39997692553394554,5.129929125769185,0.17807342560387687,4.67535454760182,0.4118203884351369,4.975079088366716,0.0566960209156311,4.096081146750096,0.571683401946316,95,0.6419407894736842,0.8133487061234947
47,1,0.0,0.09406517260324962,0.6827,0.03149999999999997,9,0.125,6.248734694885224,0.11491203767716628,5.605529900906612,0.44345726608752856,4.628980544062738,0.16068417366513882,4.254662716555872,0.3963327052017519,4.726691716958093,0.05386539745127425,4.214526975293985,0.45833348008835717,95,0.58203125,0.5643235605793006
48,1,0.0,0.09381533400219319,0.6173,-0.06540000000000001,5,0.125,5.876227685526694,0.1082146553876763,5.517338391005371,0.35089295053016545,4.557856351000386,0.15770840141828169,4.271108172318273,0.3541683768093644,5.580825742199263,0.06397267033430479,4.629722571989627,0.5772821463652509,95,0.6143914473684211,0.7543166912059965
48,1,0.0,0.09381533400219319,0.6173,-0.06540000000000001,19,0.125,5.30389614689665,0.09767478805528966,5.2936019079086725,0.2365536880824117,4.162944926562512,0.14404389673588994,4.103498225711329,0.2578667807463108,4.6882844920487665,0.053741523584120654,4.499565659248262,0.33332925910157046,95,0.5803453947368421,0.8025364885928865
48,1,0.0,0.09381533400219319,0.6173,-0.06540000000000001,8,0.125,6.717207693048682,0.12370186360564042,5.739481984593704,0.5512562603178419,5.242567182670064,0.18140038343362228,4.529943207763759,0.5319988422059236,6.016494873211559,0.06896671941961083,5.820864797961847,0.27985365063860707,95,0.5933388157894737,0.4374913374913375
48,1,0.0,0.09381533400219319,0.6173,-0.06540000000000001,3,0.125,6.351137006816557,0.11696042755548354,5.619042852439999,0.47393606406772437,5.013378451286841,0.17347012287558633,4.470732230460116,0.4602272206947104,5.901551296296426,0.06764912810020514,5.335577679771383,0.42781338256927687,95,0.6125411184210526,0.6554339799959723
48,1,0.0,0.09381533400219319,0.6173,-0.06540000000000001,15,0.125,6.127046434274816,0.11283365007493089,5.735251809151566,0.3550196033769178,4.684851700591958,0.16210262362040234,4.38690837534825,0.35425221035500215,5.859819998186077,0.06717076473607976,5.695164819267634,0.27267364070492034,95,0.5498355263157895,0.5403828896201017
48,1,0.0,0.09381533400219319,0.6173,-0.06540000000000001,12,0.125,5.8096364876752915,0.10698833402761548,5.339855403179565,0.3950233580660405,4.287965777132324,0.1483697984249573,4.094511222350263,0.3202082967203738,6.152773038907372,0.07052886784899119,5.255642495287165,0.5413150932903577,95,0.5639802631578947,0.6744677748614757
48,1,0.0,0.09381533400219319,0.6173,-0.06540000000000001,0,0.125,6.446768957151016,0.1187215537580955,5.763887764404898,0.4535379143281421,5.2862202229101545,0.18291084156638057,4.684736918057362,0.4791335294783033,7.270267751319609,0.08333864262782252,6.148382837399425,0.5959639052915574,95,0.7240953947368421,0.9347529812606473
48,1,0.0,0.09381533400219319,0.6173,-0.06540000000000001,10,0.125,6.0518292327325005,0.11144847509878503,5.601525410162532,0.3795407241194902,4.757634935126381,0.16462102847665816,4.429480660921785,0.36620965998011573,5.028412782830607,0.05764039375543379,5.133377239053269,0.19496053404627778,95,0.6378700657894737,0.8246631857152066
49,1,0.0,0.09356069055600948,0.6645,0.04720000000000002,15,0.125,6.680773884870775,0.12322287618378998,6.439340545871763,0.27597070326484896,4.883574524563718,0.1703526706833427,4.748515756531001,0.2654724370178596,6.718389448538454,0.0768377847169429,6.740280316991603,0.16848305319099732,95,0.5365953947368421,0.5386206896551724
49,1,0.0,0.09356069055600948,0.6645,0.04720000000000002,14,0.125,6.046094186399654,0.11151658897084012,5.513596174773204,0.4112192947627751,4.790486723024112,0.16710550909697794,4.291823339993108,0.44677491027667243,6.725932387933947,0.07692405282596566,5.357131480483228,0.6924967437754554,95,0.6498355263157894,0.6468615540369527
49,1,0.0,0.09356069055600948,0.6645,0.04720000000000002,7,0.125,6.77785735016756,0.1250135226013929,6.269650575920408,0.38190428586484243,5.256249569980713,0.18335261344340384,4.832635540917195,0.39449332703452406,5.656314127015276,0.06469089809575587,4.538932039348778,0.6328528745578232,95,0.5990953947368421,0.6698009608785175
49,1,0.0,0.09356069055600948,0.6645,0.04720000000000002,18,0.125,5.836548090224505,0.10765163663017481,5.240137622798309,0.44259148204989573,4.903688804447345,0.17105431274487226,4.362539806217816,0.4623354642178701,5.766990519663817,0.06595669682575156,4.765368104715078,0.5901085890312582,95,0.6268914473684211,0.8685556867375049
49,1,0.0,0.09356069055600948,0.6645,0.04720000000000002,8,0.125,5.259403900909455,0.0970065574513668,5.228669991977048,0.2342070692003327,4.327852542852158,0.1509675413552587,4.307472481796101,0.23161792714446425,4.930062623569032,0.056384806717814345,4.407538814876272,0.4493937631342243,95,0.6113075657894737,0.4757516647608798
49,1,0.0,0.09356069055600948,0.6645,0.04720000000000002,6,0.125,6.5617378483604165,0.12102732772771335,6.006570447888507,0.40584528697873606,5.30022245497313,0.18488651005098738,4.763080107767891,0.4470300877220913,5.951036803610724,0.06806162224756411,5.953142098972032,0.1996950001820109,95,0.48601973684210525,0.687901861252115
49,1,0.0,0.09356069055600948,0.6645,0.04720000000000002,5,0.125,5.736986564832772,0.10581528387712064,5.249927733069878,0.4032275798487746,4.277249144669202,0.1492023539944926,3.962990130918405,0.38185923860318816,4.650668061028543,0.05318938921306686,4.6103325651079174,0.2734829009369806,95,0.6314967105263158,0.7651386899335851
49,1,0.0,0.09356069055600948,0.6645,0.04720000000000002,11,0.125,6.51848548769485,0.12022956381969975,5.870216613975077,0.44330202416200404,5.2017885801734955,0.18145286255088589,4.590961058501105,0.48444669734002066,5.302957144735167,0.06064957718980955,5.0933426197184,0.3111590428878663,95,0.6724095394736842,0.9247844432214273
50,1,0.0,0.09330127018922195,0.7238,0.05930000000000002,12,0.125,5.738112087012361,0.10599812536168507,5.478550759176281,0.31512628943073634,4.429271213597647,0.155795373122982,4.300444480080648,0.2757138866064913,5.119001413735123,0.05929846769444346,4.463691213749148,0.4896564838632833,95,0.5435032894736842,0.662581328491451
50,1,0.0,0.09330127018922195,0.7238,0.05930000000000002,18,0.125,4.994580556093376,0.09226312903717943,5.0518597785809956,0.21700555803613428,3.81372044273827,0.13414396425739533,3.6867941554524015,0.3078275520197527,5.989045808402346,0.06937705436790584,5.150735627534433,0.5227478117936154,95,0.6397615131578948,0.8764059386850055
50,1,0.0,0.09330127018922195,0.7238,0.05930000000000002,4,0.125,7.295245111722319,0.13476249577745428,6.488467079908067,0.4816294012863664,5.710102010644858,0.20084736978572315,5.132021680233847,0.46038825602074723,8.062372086614552,0.09339444787725813,7.851713567958983,0.23680750361286898,95,0.5259868421052631,0.6006879299562227
50,1,0.0,0.09330127018922195,0.7238,0.05930000000000002,5,0.125,5.165673121201707,0.0954236617855468,5.075439167758617,0.27012457387814814,3.822367032179847,0.13444809976035488,3.5961909743481457,0.35910880487204994,4.606412792171873,0.05336064557649073,3.8797006391292914,0.5391527151191431,95,0.6279605263157895,0.770364064955474
50,1,0.0,0.09330127018922195,0.7238,0.05930000000000002,13,0.125,6.924209808206371,0.12790849118163752,6.107467331456253,0.49313017973617057,5.6194483489859035,0.19765871405388105,5.030220747583274,0.4681786735429447,6.861278890682543,0.0794809947795725,6.282234644993251,0.40490457744574543,95,0.5349095394736842,0.5616111922515182
50,1,0.0,0.09330127018922195,0.7238,0.05930000000000002,9,0.125,6.483612656333581,0.11976949503969744,5.654307991693206,0.5081374216706135,4.8804191680585935,0.17166407036670378,4.362640516033618,0.45555561366484115,4.525442290937171,0.05242268399695574,3.6965503834271045,0.5780269048895204,95,0.5571546052631579,0.5533579335793358
50,1,0.0,0.09330127018922195,0.7238,0.05930000000000002,8,0.125,5.617671548725698,0.10377326968052225,5.551766100696462,0.24143910616232087,4.64992397200083,0.16355662258553566,4.532234689596898,0.26004175380275113,5.135478826966182,0.05948934190548552,5.195910091346828,0.21375456236016643,95,0.6289884868421053,0.42753481074720534
50,1,0.0,0.09330127018922195,0.7238,0.05930000000000002,17,0.125,6.746871915628992,0.12463259069664347,5.916502764394694,0.5021429015374352,4.887391494120156,0.17190931525867642,4.399176274623567,0.4407924135610974,7.122806593447684,0.08251052940560517,6.453138641285707,0.43245786319577173,95,0.5669407894736842,0.5287206266318538
51,1,0.0,0.09303710135019717,0.7074,-0.01639999999999997,5,0.125,5.593831844497352,0.1035344935112448,5.3519637548222585,0.3064453248740636,4.173306241512191,0.14733347136979874,4.001823005723067,0.3071114168637946,4.306702375688232,0.05017015422214862,4.140129600097098,0.33642752943415827,95,0.6303865131578947,0.7790098493248973
51,1,0.0,0.09303710135019717,0.7074,-0.01639999999999997,0,0.125,5.662202578810729,0.10479994616425772,5.3951088317506315,0.3147308506788925,4.177387031183644,0.14747753865684435,4.192056555519038,0.20384649583806674,5.197933924795625,0.060552395753110444,5.648887519981404,0.013124573502653959,95,0.7466694078947368,0.941461534225453
51,1,0.0,0.09303710135019717,0.7074,-0.01639999999999997,4,0.125,5.761736182076296,0.10664218266473224,5.383273779528267,0.35798881840719204,4.614322199212086,0.1629030002318498,4.142474816601653,0.4446634941072139,6.271844655560209,0.07306272553290385,5.144441704767577,0.6316882723404854,95,0.5476151315789474,0.6514491665415227
51,1,0.0,0.09303710135019717,0.7074,-0.01639999999999997,11,0.125,5.632380660872517,0.10424798156197818,5.21527850920963,0.37828797946663595,4.605253819199015,0.16258285216944876,4.123459955804903,0.450045794365983,4.024217081939873,0.04687939263322426,3.7420365173059515,0.40277574651049586,95,0.6856496710526315,0.9147826086956522
51,1,0.0,0.09303710135019717,0.7074,-0.01639999999999997,6,0.125,6.614349614274646,0.12242293945497723,5.993215942582115,0.43302999849470325,5.04480911239287,0.1781008140580434,4.608271687758815,0.4113079917032126,7.1040593871997775,0.08275746127038999,6.024204274976103,0.5979833012464051,95,0.48861019736842104,0.6761760498190693
51,1,0.0,0.09303710135019717,0.7074,-0.01639999999999997,1,0.125,6.2527889637292535,0.11573092584633843,5.767343410664533,0.38725351726934976,4.729615316825759,0.16697328270335945,4.34606603572637,0.39499948217419434,6.740320746608841,0.07852015344108226,6.599487703193369,0.23029889374475562,95,0.56640625,0.8226497277676951
51,1,0.0,0.09303710135019717,0.7074,-0.01639999999999997,2,0.125,6.582989259587889,0.12184250040548733,6.147310172298712,0.35809617643457936,4.955947230454023,0.17496365402692152,4.652167642761763,0.34495679490768616,5.295234870566676,0.06168588560902705,4.363402074626315,0.587962058739358,95,0.5733141447368421,0.4628846015921968
51,1,0.0,0.09303710135019717,0.7074,-0.01639999999999997,19,0.125,6.413349721968143,0.11870269497422122,5.835540601319114,0.4205369318730094,5.102064605280372,0.18012214918993344,4.596842625037697,0.44463277681469043,5.193572450302237,0.06050158754096082,4.688886307950328,0.4301042802555959,95,0.5763157894736842,0.7482163242009132
52,1,0.0,0.09276821300802535,0.6782,-0.029200000000000004,1,0.125,5.7898283961850705,0.10737101999056145,5.280963759446881,0.41268748631286273,4.330925523547391,0.1529621773842147,3.8833552417531325,0.4485673619439013,5.372764915230387,0.06329928156859309,4.5129329487082686,0.557079930015498,95,0.5783717105263158,0.8312953220531779
52,1,0.0,0.09276821300802535,0.6782,-0.029200000000000004,6,0.125,5.367292570819352,0.09953519145685842,5.007550731985177,0.36140720032231055,4.136728770318789,0.14610342212433175,3.960834373961384,0.302643483127392,5.25513544502393,0.06191342883302004,4.93351920997949,0.3549748220692015,95,0.5175986842105263,0.7413409596441055
52,1,0.0,0.09276821300802535,0.6782,-0.029200000000000004,14,0.125,5.7279296854190465,0.10622312280669537,5.599198221168076,0.24476522992123592,4.33307395552581,0.15303805696967376,4.238115701672774,0.2457227463805046,5.50845917855766,0.06489796483821603,5.655544080754725,0.14586987980644153,95,0.6606085526315789,0.6516245487364621
52,1,0.0,0.09276821300802535,0.6782,-0.029200000000000004,3,0.125,5.63856562463412,0.10456588709945086,5.304245570197087,0.3409219617365121,4.020855863252412,0.14201095457476415,3.7416277119783428,0.368055292594301,5.288352087993193,0.062304771031915535,4.482073680682997,0.5405656195126307,95,0.6223684210526316,0.6660940803382663
52,1,0.0,0.09276821300802535,0.6782,-0.029200000000000004,13,0.125,5.939993570330933,0.11015579819326696,5.382937004492552,0.42908663627674787,4.885293626632758,0.17254167642183343,4.364269827131029,0.46941138126607135,4.661494962530432,0.054919447773966006,3.8530605397112647,0.567213291537643,95,0.5733141447368421,0.5858136699419063
52,1,0.0,0.09276821300802535,0.6782,-0.029200000000000004,10,0.125,6.741903501079183,0.12502703120972955,6.007603720191328,0.4851873916997237,4.8782400676736435,0.17229255467387727,4.323423622313748,0.48807129864328985,5.426645570855889,0.0639340770315159,4.8295151889355195,0.4570340974621298,95,0.6462582236842105,0.8292294967232933
52,1,0.0,0.09276821300802535,0.6782,-0.029200000000000004,2,0.125,5.874221838516595,0.10893607673552837,5.584228939165159,0.31373762211819706,4.318067907314779,0.15250806452445348,4.160165434722507,0.2838549952559675,4.663315930147409,0.054940901521474586,4.2999223300097205,0.39911468775918263,95,0.5717105263157894,0.5132336018411968
52,1,0.0,0.09276821300802535,0.6782,-0.029200000000000004,19,0.125,5.1608307481773705,0.09570640501116921,4.934083384914874,0.3097319501862393,3.769709331308208,0.13314081350218948,3.5065083703152875,0.3720405501215151,5.024556315981051,0.05919685860457923,4.075728095716091,0.6014681981370782,95,0.5951480263157894,0.811938648611303
53,1,0.0,0.09249463464934321,0.6809,0.0026999999999999247,7,0.125,7.255816620352379,0.13482345451786587,6.431857715890197,0.4893527997572891,5.8142105958035755,0.20670240303630893,5.127197370334184,0.5079429228545603,6.533557847164739,0.07758302189266311,4.65431980426174,0.793103356403917,95,0.6087582236842105,0.641742654508612
53,1,0.0,0.09249463464934321,0.6809,0.0026999999999999247,8,0.125,6.0247948022501,0.11194930777635786,5.535961614945526,0.39459112414481184,4.949585787939057,0.17596391798050537,4.473630130244071,0.4316158072726836,5.325202711342312,0.0632343553392162,4.621626293905436,0.497287142339202,95,0.635485197368421,0.43196376577159495
53,1,0.0,0.09249463464934321,0.6809,0.0026999999999999247,6,0.125,5.269347246776121,0.09791201129199156,5.18510221185279,0.2623771899342201,4.113593929644035,0.14624336981991923,3.8915784081371245,0.34195979471105603,4.31337820519853,0.05121940044817601,4.087479435079597,0.4003384749241321,95,0.534375,0.7470760233918129
53,1,0.0,0.09249463464934321,0.6809,0.0026999999999999247,9,0.125,6.1252120283490035,0.11381520351547843,5.811608573177601,0.3231720104303524,4.568581483209733,0.16241874206073895,4.303697048168047,0.341691631000131,4.19985736909406,0.04987139225435731,4.271346495244756,0.3034918749237799,95,0.5798108552631579,0.539039784412453
53,1,0.0,0.09249463464934321,0.6809,0.0026999999999999247,16,0.125,7.0769773919033145,0.1315003657679132,6.405923683705251,0.4360020193116487,4.954937396224125,0.17615417429723235,4.584944979428258,0.37919555977182995,5.699929689156118,0.06768406742619437,4.5391020927339945,0.6194786293188106,95,0.5535361842105263,0.49517159411677314
53,1,0.0,0.09249463464934321,0.6809,0.0026999999999999247,11,0.125,6.216499494262131,0.11551145524737406,5.463414456305783,0.48790701934239994,4.521226563997625,0.1607352159077995,4.125559759456827,0.4091081199950319,6.087334919493483,0.07228432798402183,5.446541016906734,0.44667340412582535,95,0.6825246710526316,0.9118621603711067
53,1,0.0,0.09249463464934321,0.6809,0.0026999999999999247,14,0.125,6.014741629347375,0.11176250543962171,5.429813403654828,0.4314089361846063,4.398310768536877,0.1563654068212154,3.958749870728813,0.4359914900420778,7.65291855242213,0.09087492014063792,6.015553410596482,0.7090958809437709,95,0.6555098684210526,0.6551875548864634
53,1,0.0,0.09249463464934321,0.6809,0.0026999999999999247,13,0.125,5.318147900736545,0.09881879726715252,5.327145675706181,0.2216803041139326,4.073574142116693,0.14482061670243246,3.97529704700944,0.28008011100186325,4.721347783540346,0.05606385326675309,5.653965594475086,-0.07706198638097551,95,0.5705592105263158,0.6622946093975209
54,1,0.0,0.09221639627510075,0.5949,-0.08599999999999997,16,0.125,6.198679825789825,0.1154075636490651,5.8583518889453225,0.3393098292617719,4.734232764411491,0.16958055534773342,4.2780647376462415,0.42832742789938516,4.466175490316772,0.053699884759709875,4.193950392153404,0.37249046694418103,95,0.5529194078947368,0.5101509630400833
54,1,0.0,0.09221639627510075,0.5949,-0.08599999999999997,8,0.125,5.3067290068520645,0.09880114521781806,5.027699138699945,0.353287511948777,4.486952666079788,0.16072296458524268,4.102940206274041,0.4079194383058179,5.3336439180710435,0.06413005139872546,4.555371707690015,0.5291347992558724,95,0.6342105263157894,0.47497406639004147
54,1,0.0,0.09221639627510075,0.5949,-0.08599999999999997,12,0.125,5.6745488698077855,0.10564924762646988,5.412753916293189,0.3310143985982667,4.395584316750061,0.15745014379429728,3.9310158516847133,0.447898403663168,4.340379649660996,0.05218735526750515,3.847540192467757,0.4671760118063751,95,0.5766858552631579,0.7081639928698752
54,1,0.0,0.09221639627510075,0.5949,-0.08599999999999997,14,0.125,4.957653290069129,0.09230202296353443,5.3218628575215225,0.1277578508312157,3.8205522814360457,0.136852455268222,3.861323399090426,0.24928847312910643,7.741069910839405,0.09307618185407437,7.153974099234339,0.3939701815364968,95,0.6632401315789473,0.6791072535647861
54,1,0.0,0.09221639627510075,0.5949,-0.08599999999999997,2,0.125,7.460681312859676,0.13890361781502952,6.605111358517415,0.4810340328758221,5.208414983821972,0.18656579627380904,4.666660954019007,0.44714022032259515,5.075113498020473,0.06102156320929018,4.742094501859051,0.3667868528110195,95,0.5566200657894737,0.48378518135480536
54,1,0.0,0.09221639627510075,0.5949,-0.08599999999999997,10,0.125,7.580198486499124,0.14112879901676928,6.494113623087868,0.5538001581701351,5.255558854246419,0.1882544930755205,4.7050571513697745,0.44930220653136327,5.1341309408350675,0.06173117031828708,4.770559862967494,0.37659303838882097,95,0.6436266447368421,0.8135820609467833
54,1,0.0,0.09221639627510075,0.5949,-0.08599999999999997,19,0.125,6.7466826695175826,0.12561032856753246,6.211822299250324,0.390255353653491,5.347179202506912,0.19153634048614282,4.923206549341086,0.3902850690506531,5.362318134375982,0.06447482112720762,4.860281439559672,0.42253016171514735,95,0.5862253289473685,0.7555586729325945
54,1,0.0,0.09221639627510075,0.5949,-0.08599999999999997,15,0.125,7.879522900805088,0.14670164716614648,6.743991385527297,0.5641315109057057,5.428951826953563,0.1944654417272451,4.666140257353088,0.5342244166461929,6.477255670315179,0.0778804782322676,5.858701715260937,0.4335041646715506,95,0.5421463815789473,0.5185437997724687
55,1,0.0,0.0919335283972712,0.6955,0.10060000000000002,8,0.125,5.883711961849831,0.10969224765712433,5.6005214366493075,0.3274948890479957,4.147204530561328,0.1471822764163699,4.133082066250894,0.2565752702635739,4.060574740323924,0.04934520707963231,5.2703671429316605,-0.012933706284376423,95,0.6328947368421053,0.45367723492723494
55,1,0.0,0.0919335283972712,0.6955,0.10060000000000002,17,0.125,8.010654353423835,0.14934563196311268,6.944752761086985,0.5444976527038893,6.263020147354602,0.2222715459862964,5.345345349912528,0.575897801448419,9.880145635803096,0.1200662131727532,7.50700377830067,0.7986826196570854,95,0.5668996710526316,0.4510771016174657
55,1,0.0,0.0919335283972712,0.6955,0.10060000000000002,15,0.125,5.69893469164921,0.10624737574366624,5.626855162964013,0.2560929992671879,4.170355292789026,0.1480038857342459,4.200025940786922,0.23401060156090206,5.186347396104365,0.06302590214784869,4.347223772969559,0.5520513202699753,95,0.5428865131578947,0.6222828145118534
55,1,0.0,0.0919335283972712,0.6955,0.10060000000000002,19,0.125,5.5354662237933185,0.10319977182008097,5.427019727414722,0.27656839227405,4.344064189156645,0.15416873017650953,3.979991715513975,0.40682358431502047,4.732598647557783,0.05751182411923716,5.608917705895117,0.060003318340154294,95,0.5841694078947368,0.7672274231012881
55,1,0.0,0.0919335283972712,0.6955,0.10060000000000002,10,0.125,5.485680238567691,0.10227159303487979,5.502014008093987,0.2312136119880453,4.30381835351564,0.1527404249983416,4.052138476169597,0.3586139123327816,4.695762743489623,0.057064184208522495,3.993691444217722,0.5485882861068317,95,0.6584292763157895,0.8370698807219135
55,1,0.0,0.0919335283972712,0.6955,0.10060000000000002,18,0.125,7.638221454831662,0.14240222582546938,6.491333556249191,0.5776798956368713,5.408722395124494,0.19195293329573865,4.69684140383981,0.5125234589318428,6.316508595383414,0.07675992798857031,5.2619089308812255,0.5540452661750893,95,0.5911595394736842,0.8223551505877443
55,1,0.0,0.0919335283972712,0.6955,0.10060000000000002,5,0.125,6.535713642882318,0.1218477594042003,5.819999247945739,0.4589784996833985,4.869526330244475,0.17281712659052934,4.228960304163309,0.5015824724526531,5.42269366798847,0.06589804623444906,4.0812125006897855,0.6603848206963507,95,0.6372944078947368,0.7545002903413124
55,1,0.0,0.0919335283972712,0.6955,0.10060000000000002,0,0.125,6.44025349891811,0.1200680601563441,5.764591095808478,0.4479992016993458,4.999456934322964,0.17742830068225848,4.397298655024794,0.4803475139957614,8.303658116142346,0.10090830866638031,6.433789035544241,0.7008267891532911,95,0.7469572368421052,0.9382362655510293
56,1,0.0,0.09164606203550497,0.7064,0.01090000000000002,6,0.125,6.410577149006845,0.1196473546144891,5.753976163362054,0.4475477321977852,4.835014398693372,0.1723438928497345,4.290819046980275,0.4673044852663868,5.61277210701965,0.06666551382436232,4.998385410889439,0.4568944699200985,95,0.5109786184210526,0.6898688339905046
56,1,0.0,0.09164606203550497,0.7064,0.01090000000000002,11,0.125,5.615188779091373,0.10480218355742436,5.023674001783733,0.4474212235857214,3.94614585876464,0.14066020966476278,3.413509052353492,0.5023118877451643,5.854149003741245,0.06953245987855011,5.516610661064453,0.33958573029901923,95,0.7042763157894737,0.9232835123773937
56,1,0.0,0.09164606203550497,0.7064,0.01090000000000002,3,0.125,6.040379680391755,0.11273796926973305,5.3332650601139155,0.4769010275387134,4.739258261150242,0.16893066919668864,4.0597790884955804,0.5333588861925181,4.791340837208948,0.056908991266669054,3.9095612872598373,0.5869579407721757,95,0.6347861842105263,0.6566265060240963
56,1,0.0,0.09164606203550497,0.7064,0.01090000000000002,14,0.125,5.707744711389232,0.10652965242581358,5.212249897665413,0.40762419212455325,4.376574039490067,0.1560028047723381,3.880297889539152,0.4636672831335119,9.212415954320942,0.10942016377085177,7.931903834510062,0.6385607094090888,95,0.6665296052631579,0.6508945095619988
56,1,0.0,0.09164606203550497,0.7064,0.01090000000000002,7,0.125,5.97076895390735,0.11143875094928243,5.669981646695752,0.32234113068699766,4.126454307173051,0.14708729702168957,3.938767637517264,0.3258420024814552,6.589673192521917,0.07826862394157806,5.717987246878868,0.5264851397817533,95,0.6478207236842105,0.7687718184703268
56,1,0.0,0.09164606203550497,0.7064,0.01090000000000002,1,0.125,6.485452708382129,0.12104483605746974,5.94318328435517,0.4018814363537604,4.698450475446683,0.1674760773244018,4.338256790603399,0.38437509027779515,8.25233721156078,0.09801686046945694,8.964044559447716,-0.1783124093272668,95,0.5631578947368421,0.828490070093458
56,1,0.0,0.09164606203550497,0.7064,0.01090000000000002,8,0.125,5.212190125595281,0.09728059514451859,5.076623200964819,0.2841658436995463,4.252921107515962,0.15159520100916013,4.028949355961925,0.3374095619247746,3.789047915625606,0.04500429046181935,3.2726313804497917,0.513811750541546,95,0.6014802631578947,0.49863275909215204
56,1,0.0,0.09164606203550497,0.7064,0.01090000000000002,9,0.125,6.257094738749945,0.11678275070438113,5.779079539687767,0.3833661437268508,4.435245327155181,0.15809414045014808,4.095610740540938,0.38582127571683816,4.767086601962717,0.056620912395074614,4.643403305089185,0.29642032874081015,95,0.5650493421052631,0.5467180905253965
57,1,0.0,0.0913540287137281,0.7184,0.01200000000000001,1,0.125,5.707616739686491,0.10669397212114091,5.361891582374294,0.34437885310998917,4.040815381146016,0.14435938782924088,3.7080700260943833,0.40002591949913396,7.188678316650887,0.08619751129563989,6.416224377883592,0.4602114091771655,95,0.5873766447368421,0.8294014700735036
57,1,0.0,0.0913540287137281,0.7184,0.01200000000000001,5,0.125,5.884291246412929,0.10999659487156446,5.489766033979964,0.3600565315306205,4.142630798897843,0.1479967753344487,3.938358538788987,0.3280595974025715,4.697574661198538,0.056327356307330136,4.3413819415792165,0.4112723950627727,95,0.6449424342105263,0.7655722027414728
57,1,0.0,0.0913540287137281,0.7184,0.01200000000000001,3,0.125,4.917658646875425,0.09192707893694944,4.866484132745058,0.24288141131974145,3.6050475828759896,0.12879144753494412,3.336506103404672,0.3934022083618801,4.3652741157561765,0.05234282970068405,3.83559319635607,0.4912056732088538,95,0.6384457236842105,0.7128872286983964
57,1,0.0,0.0913540287137281,0.7184,0.01200000000000001,9,0.125,5.640290651689369,0.10543542795403818,5.0929886719256725,0.4326442314840087,4.214207983882632,0.15055389255765975,3.885107289141226,0.38930066230154614,4.0564762890776915,0.0486401178834736,3.5671524555373884,0.5000469413218269,95,0.5748766447368421,0.5880838280523568
57,1,0.0,0.0913540287137281,0.7184,0.01200000000000001,17,0.125,6.645294803432882,0.1242222333472894,5.91199033297271,0.4835285328016243,5.025457163145509,0.1795360221154197,4.3117037347083365,0.5472468774613783,6.905427388777573,0.08280112548180989,5.170213497253457,0.7646669586363645,95,0.5904605263157895,0.5196378830083566
57,1,0.0,0.0913540287137281,0.7184,0.01200000000000001,4,0.125,6.589832189809151,0.12318545620866517,6.016427127330662,0.41794481094722297,4.960736470175835,0.1772238552046076,4.526017347885025,0.4122980174051765,5.573949444811032,0.06683573100183805,5.997967456058282,0.07134368420022702,95,0.5505756578947368,0.6135175504107543
57,1,0.0,0.0913540287137281,0.7184,0.01200000000000001,11,0.125,4.841295160202801,0.0904995963133405,4.691167140952891,0.291267224572575,3.855613686389233,0.13774299961096878,3.534025862877606,0.40470499715584135,5.114580795124623,0.06132756487921559,3.885394310441261,0.667271665008203,95,0.7115953947368421,0.9284063330636774
57,1,0.0,0.0913540287137281,0.7184,0.01200000000000001,12,0.125,5.8959832581739064,0.11021515670459572,5.487328944859415,0.365810466053569,4.496275588028646,0.16063084555357485,4.0201911695739305,0.45059813771236995,4.740216779454302,0.0568386664965074,3.908878867208992,0.5657308091397111,95,0.5722861842105263,0.6758154907314269
58,1,0.0,0.0910574604566852,0.7291,0.010699999999999932,15,0.125,6.876698805909672,0.12880849807990175,6.164386497536554,0.4825646144067776,5.179786302975439,0.1877970747009287,4.45657032463877,0.5591577807590209,4.805382369299178,0.057127887942594185,4.278181141063088,0.45686129588332086,95,0.5821134868421053,0.4799745708836618
58,1,0.0,0.0910574604566852,0.7291,0.010699999999999932,4,0.125,5.399984067042508,0.10114792823751331,5.165226141331324,0.3002217460778531,3.9894955509267835,0.14464218216223435,3.8401081717093972,0.2996550628342144,6.3890245509915795,0.07595472130238844,5.0787318127596315,0.6814993812421011,95,0.5605263157894737,0.6783303990610329
58,1,0.0,0.0910574604566852,0.7291,0.010699999999999932,1,0.125,5.692661516914785,0.10663011435674626,5.299052268275621,0.3656248889189212,4.216958707489929,0.15288903114522426,3.8950073381153256,0.3837782226830135,6.427464888259025,0.07641171204966386,6.611006053299863,0.10594181504465691,95,0.5930509868421052,0.8248630659363516
58,1,0.0,0.0910574604566852,0.7291,0.010699999999999932,12,0.125,5.565273910972915,0.10424399760821781,5.235899295235251,0.3395595594975906,4.009069287603947,0.1453518428072741,3.883449313974775,0.2851572924730045,4.611334592282256,0.05482098730306216,3.8684586547584288,0.5451623219814742,95,0.579358552631579,0.679418026969482
58,1,0.0,0.0910574604566852,0.7291,0.010699999999999932,9,0.125,5.216517767566376,0.09771139289536786,5.040429136678025,0.2785679146273325,3.738133355105376,0.13552885541388063,3.54222053590163,0.33994164331266,4.153540371904046,0.04937858648817179,4.0627910922551145,0.3232899225045003,95,0.5852796052631579,0.6162709006603906
58,1,0.0,0.0910574604566852,0.7291,0.010699999999999932,3,0.125,5.172323476517965,0.09688358286408369,4.992581564580775,0.28195665441397066,4.011051330032964,0.14542370325639892,3.6695730688654287,0.4042916364511516,4.812497665310728,0.057212476806078424,4.065692072964821,0.5368712130971649,95,0.6314144736842106,0.674915342537119
58,1,0.0,0.0910574604566852,0.7291,0.010699999999999932,17,0.125,5.392070676620807,0.10099970131007202,5.138522161421999,0.3094340900703089,4.103438214494974,0.14877325971063562,3.8228216050362382,0.3667064936666768,4.517057178332579,0.05370018793149827,3.651296762609153,0.5925986645036043,95,0.6031661184210526,0.6264230690571955
58,1,0.0,0.0910574604566852,0.7291,0.010699999999999932,7,0.125,5.982576810764472,0.11206056210866458,5.436824557917984,0.42730895685969905,4.447673935135087,0.1612537864278564,3.8136251342030323,0.5370520294197139,5.233596723760178,0.06221863406372462,4.536672211213463,0.5008806200174877,95,0.6497532894736842,0.7760410074674092
59,1,0.0,0.09075638978642772,0.701,-0.028100000000000014,0,0.125,6.053229401699161,0.113596433208357,5.44430589255309,0.44453227143628077,4.503880070255016,0.16581214392922586,3.9048865934019257,0.5246496691140565,6.032700567373127,0.07314527483674177,5.280703256078202,0.4838112262774747,95,0.7584703947368421,0.9398785644584192
59,1,0.0,0.09075638978642772,0.701,-0.028100000000000014,18,0.125,6.425709476753673,0.12058648845977313,5.88280916592426,0.4074946089810088,4.495038059982541,0.1654866217889704,4.101828145411431,0.4121931386569854,5.354510461384689,0.06492235690138602,5.808147771393652,0.09463661252404154,95,0.6366776315789474,0.8571428571428571
59,1,0.0,0.09075638978642772,0.701,-0.028100000000000014,4,0.125,5.775376982551864,0.10838218446956206,5.491415891276447,0.316404455387196,4.087421591365656,0.1504800586682968,3.948050243372464,0.2829806900959806,4.437907174762144,0.05380872734734022,4.493177280710827,0.2972025238745993,95,0.5691200657894737,0.6761794668015317
59,1,0.0,0.09075638978642772,0.701,-0.028100000000000014,8,0.125,5.96351705680108,0.1119128686647236,5.44676556304015,0.40914003722387066,4.537125633037884,0.16703609260351837,4.10649209640272,0.43157443339582396,6.773171249863986,0.08212333217183802,5.018581583969636,0.7505663057921701,95,0.6240131578947369,0.44504480759093307
59,1,0.0,0.09075638978642772,0.701,-0.028100000000000014,12,0.125,5.46875511543216,0.10262804099720199,5.117791972516693,0.3555818075714152,3.837882554632758,0.1412931793488453,3.690605382578121,0.30048613950304587,3.7680434389020907,0.04568676496657091,4.040657341016108,0.27291507350917366,95,0.6017680921052632,0.7011957635804578
59,1,0.0,0.09075638978642772,0.701,-0.028100000000000014,19,0.125,6.017985942666571,0.11293504554660684,5.613888572097169,0.3603024893082294,4.718492297517216,0.1737131788059731,4.43499119406548,0.3414133681900926,5.507196165111662,0.06677364019284462,4.4839574546763235,0.5853440928957934,95,0.5956825657894737,0.76151031959688
59,1,0.0,0.09075638978642772,0.701,-0.028100000000000014,13,0.125,5.882017613079339,0.11038342950078636,5.469752752052874,0.36784063295631003,4.024515565401845,0.1481641481936788,3.75619883093037,0.3614628538798103,6.460877181513725,0.07833682972500587,4.82154004239769,0.7264942231376632,95,0.5788240131578948,0.6817503729487817
59,1,0.0,0.09075638978642772,0.701,-0.028100000000000014,15,0.125,5.939227987324174,0.1114570538466445,5.690400879003308,0.2959900253582359,4.341633676031727,0.15983897811412756,4.100514474660987,0.33136319909289846,6.145321034244334,0.07451077523072595,4.967379427223207,0.6074697072491518,95,0.5770148026315789,0.5595382313119076
60,1,0.0,0.09045084971874738,0.6861,-0.014899999999999913,7,0.125,5.867339982193267,0.11029946264022993,5.564802153932924,0.32501366963357003,4.101930581346521,0.1511437855639453,3.735127558458601,0.4140198704107559,5.59068704482188,0.06928141394065238,4.907933361529202,0.5150630859947057,95,0.6269736842105263,0.8180745015739769
60,1,0.0,0.09045084971874738,0.6861,-0.014899999999999913,17,0.125,6.582593737103741,0.12374543731656723,5.890903490138987,0.458305818909876,4.569379193025497,0.16836785879596441,4.10866299672564,0.44012332909951923,7.512576116129327,0.09309802024140972,6.7745931691938654,0.5067825960973804,95,0.6067845394736842,0.5223283865284272
60,1,0.0,0.09045084971874738,0.6861,-0.014899999999999913,8,0.125,5.454816142497182,0.10254447349986077,5.376336863817766,0.24691230651970184,4.442573914306708,0.16369546625421702,4.144769360740321,0.3623871265549909,3.54858655162217,0.04397511286468381,3.3184382305883404,0.37875236226316533,95,0.6365953947368421,0.4858545407570081
60,1,0.0,0.09045084971874738,0.6861,-0.014899999999999913,2,0.125,7.0009885741517754,0.1316107946740582,6.277465261599528,0.4609557168735841,4.841798818181566,0.17840570136581185,4.389204031546099,0.42569920685583157,5.592118383343032,0.06929915150238282,5.586971225640368,0.16550551900471222,95,0.5886513157894737,0.44062587314892426
60,1,0.0,0.09045084971874738,0.6861,-0.014899999999999913,5,0.125,5.893447052909989,0.11079024651842759,5.342295724991689,0.4231775623705754,4.3429308709997,0.16002392026584256,3.8649836636933967,0.45825318635471674,4.378284561483733,0.05425697103454776,3.6442585269292787,0.5773980250215287,95,0.6671875,0.7733267595217552
60,1,0.0,0.09045084971874738,0.6861,-0.014899999999999913,13,0.125,5.983268312868237,0.11247878625485508,5.57898544772326,0.36234458406485887,4.36081124764532,0.16068275828368173,4.188384621867097,0.30001752499551015,4.4656856775635445,0.05534007099229068,4.355682290909406,0.2634277577696579,95,0.5895970394736842,0.6074342701722575
60,1,0.0,0.09045084971874738,0.6861,-0.014899999999999913,6,0.125,5.984283489905334,0.1124978704534896,5.578594876176537,0.3628753755486176,4.393484039470072,0.16188665224127147,4.033762402715959,0.3964828478800673,5.2273060899791135,0.06477829184693244,5.539821281620949,-0.002869149045592718,95,0.5308799342105263,0.7028890093718535
60,1,0.0,0.09045084971874738,0.6861,-0.014899999999999913,18,0.125,5.802564154902828,0.10908174916804401,5.3280917079279435,0.39608096078332994,4.126257245930476,0.15204014987398107,3.6420743192355562,0.4714081250016126,5.384841359010153,0.06673051455167145,5.035664926208925,0.35463298564186296,95,0.6553453947368421,0.867674739616012
61,1,0.0,0.09014087375955572,0.6624,-0.023700000000000054,1,0.125,5.926749732579363,0.11158522140301043,5.693298540221947,0.31038060320650723,4.599486277172207,0.17122964595481777,4.274029851992311,0.3719133236207515,6.2978033685408565,0.07779587768416123,6.557402163256739,-0.006743775512678737,95,0.5843338815789474,0.8381535430300472
61,1,0.0,0.09014087375955572,0.6624,-0.023700000000000054,18,0.125,5.1987795982617735,0.09787944466570668,5.106281556565311,0.2901962883357355,3.4253383905580286,0.12751847587885237,3.4393724519435422,0.2708683212284154,4.463397379247648,0.05513571895659339,4.227295890071135,0.3287240806287987,95,0.6703125,0.877315666789351
61,1,0.0,0.09014087375955572,0.6624,-0.023700000000000054,13,0.125,5.807716636824608,0.10934413903183031,5.574494192233509,0.3148599217330642,4.154775177519689,0.15467394395748635,3.903108265316474,0.3574240852569396,4.342880196803177,0.053646987182095,4.307566271745884,0.225193526654213,95,0.58359375,0.6367223279081238
61,1,0.0,0.09014087375955572,0.6624,-0.023700000000000054,16,0.125,8.463008082842428,0.15933634340393396,7.204072880953361,0.5953598026177067,5.753393974709305,0.21418731440019287,4.99205059693085,0.5386390446693626,6.10993513044093,0.07547516780856106,5.671587774871973,0.3828462489316071,95,0.5482730263157894,0.4895755212239388
61,1,0.0,0.09014087375955572,0.6624,-0.023700000000000054,5,0.125,5.469398592191759,0.1029744936750387,5.343259902269603,0.2899585917016126,3.841485782411103,0.14301080834338836,3.7533496504127,0.2938103355901239,3.5058188880386085,0.043306886772469154,3.7284096241696885,0.12587911291552575,95,0.670641447368421,0.7879828326180257
61,1,0.0,0.09014087375955572,0.6624,-0.023700000000000054,4,0.125,7.316817095660702,0.1377565600748434,6.392544045795935,0.5073607983246997,5.4430210929805725,0.20263275472770237,4.704198010857681,0.536391907620329,5.111719884320245,0.06314435551651865,4.624331162928079,0.4346370497907882,95,0.5565789473684211,0.6091903073286052
61,1,0.0,0.09014087375955572,0.6624,-0.023700000000000054,14,0.125,6.112316147347199,0.11507895243791617,5.436903843290105,0.45748890657534574,4.5802048701717375,0.17051183785729457,4.037290368173885,0.4760268019291822,6.25984631723412,0.07732699957731833,5.545030661255284,0.5201915622995483,95,0.6801398026315789,0.6515930113052415
61,1,0.0,0.09014087375955572,0.6624,-0.023700000000000054,0,0.125,6.308489552305062,0.11877238540089011,5.578702481376402,0.4693348502514346,4.381322307433599,0.1631078390730705,3.9966812200127864,0.41046350285278443,7.421954249945465,0.09168235513519624,6.7348740847016995,0.487378081972743,95,0.7585526315789474,0.9441673894189072
62,1,0.0,0.08982649590120982,0.7213,0.05890000000000006,11,0.125,4.969332784441258,0.09368085780596869,4.897237474985474,0.2757300381812451,3.791773103891003,0.1402668360903488,3.497170494339225,0.3992098522921284,4.4530408980583935,0.05529936915964438,3.9812363123253385,0.4479808590858491,95,0.7168585526315789,0.9345531719628313
62,1,0.0,0.08982649590120982,0.7213,0.05890000000000006,2,0.125,7.560772029985653,0.1425341469708133,6.513487201425789,0.5598732360339818,4.883985154886248,0.18067039519984382,4.324982965381057,0.4721893557569951,4.5428987205168125,0.056415254014458203,4.12549577150382,0.4190525606376189,95,0.58203125,0.47530907806428824
62,1,0.0,0.08982649590120982,0.7213,0.05890000000000006,9,0.125,6.304497608277393,0.11885111535059152,5.630490343874031,0.4547036567618047,4.626548415804089,0.17114718906511592,4.023259992835864,0.5024878389371669,4.800628585041032,0.05961583070981356,4.124419564061184,0.5236562358222485,95,0.5868421052631579,0.5646020179372198
62,1,0.0,0.08982649590120982,0.7213,0.05890000000000006,19,0.125,6.291571624096043,0.1186074373079604,5.766606803810217,0.40003671060249746,4.885151493892811,0.18071354089389696,4.523965737993508,0.3774985267135597,6.920483380231679,0.08594090509554463,6.7232234850312835,0.24127346533895933,95,0.5863075657894737,0.7704607616242374
62,1,0.0,0.08982649590120982,0.7213,0.05890000000000006,18,0.125,5.990396688927252,0.11292974826998592,5.706070215513685,0.31779351752384666,4.51738498506833,0.16710897036728295,4.179753490955516,0.38121984539191545,4.562400228957984,0.056657430347248794,4.486845766408113,0.2548879053671338,95,0.6344572368421053,0.8362281270252755
62,1,0.0,0.08982649590120982,0.7213,0.05890000000000006,10,0.125,7.633803902282229,0.1439109290743062,6.852250318920878,0.46313894501048336,5.056313683965264,0.1870452432932629,4.553485924872332,0.43960313795981165,4.699050203470277,0.058354395984709276,4.185136871143872,0.45602962172323136,95,0.6516036184210526,0.8178204076481352
62,1,0.0,0.08982649590120982,0.7213,0.05890000000000006,14,0.125,5.1649198028756285,0.09736802476729824,5.179266204376122,0.2313186111005143,3.8953766385337953,0.14409938081651102,3.739970559974483,0.3234522960163151,6.686808089223586,0.08303904623622489,6.330261819278705,0.32331754083256886,95,0.6786184210526316,0.6659597673291323
62,1,0.0,0.08982649590120982,0.7213,0.05890000000000006,4,0.125,5.641507659934687,0.1063525627738872,5.303656780100275,0.3509115928117823,4.130296861776604,0.15278964670137987,3.6405644629859744,0.4725285082908323,3.902887094496563,0.04846737300820252,3.172559336254586,0.5879757373678928,95,0.5724917763157895,0.6942469295410472
63,1,0.0,0.08950775061878452,0.7281,0.006799999999999917,7,0.125,5.925344874850527,0.11187108021161363,5.355218527479512,0.43347806937521466,4.122949677180332,0.15479784745227052,3.6487437246997385,0.467423218142843,4.3576060717303635,0.05460890022280879,4.177115041975035,0.3226810292246146,95,0.6614720394736842,0.7796357307142413
63,1,0.0,0.08950775061878452,0.7281,0.006799999999999917,2,0.125,5.636219622773034,0.10641236768947031,5.5008169059328225,0.2536245784627214,4.042413303086994,0.15177407604408166,3.7651004893649818,0.36978190547163986,5.003016768209223,0.0626970953800989,4.374506105124785,0.4915460684235806,95,0.580797697368421,0.5395398230088495
63,1,0.0,0.08950775061878452,0.7281,0.006799999999999917,4,0.125,5.335331076044497,0.10073156303475844,5.12394384563454,0.2984101494041204,4.163024264589509,0.15630246437806355,3.9668210174011516,0.32012813230030246,7.265889393162738,0.09105509363851934,6.39647951037271,0.5376937114385719,95,0.5756578947368421,0.6657142857142857
63,1,0.0,0.08950775061878452,0.7281,0.006799999999999917,5,0.125,5.742236527227604,0.10841397702572407,5.3530227401703225,0.36217278977615064,4.248063167893284,0.15949528510395924,3.837093623197706,0.4293799087881201,5.339015605138551,0.06690778507045163,5.68907774313706,0.018659543913214196,95,0.6555098684210526,0.7850332455149919
63,1,0.0,0.08950775061878452,0.7281,0.006799999999999917,8,0.125,6.134137698899302,0.11581310877874561,5.549095180863413,0.43395440864326007,4.486484396231639,0.16844690853462507,4.023146262060102,0.44586809610204753,4.80348881736179,0.06019663944623743,4.181418950848363,0.49662288742417693,95,0.6084292763157895,0.4800297357572481
63,1,0.0,0.08950775061878452,0.7281,0.006799999999999917,0,0.125,5.4111715236007605,0.10216343796711257,4.961725525445753,0.3990227763959764,4.092068853516159,0.15363841418117705,3.7192177780899134,0.4172326373143329,5.2817319656283335,0.06618991463817306,4.640087564357486,0.4872433076752718,95,0.7627055921052631,0.94700522939242
63,1,0.0,0.08950775061878452,0.7281,0.006799999999999917,17,0.125,5.810042332144203,0.109694157133524,5.520944353785528,0.3164281745761238,4.121184137160933,0.15473155952348341,3.8612658223826437,0.35647997351709865,4.065311749962288,0.050945909307526696,4.286297428657905,0.144401257280288,95,0.5670641447368421,0.594735697193822
63,1,0.0,0.08950775061878452,0.7281,0.006799999999999917,16,0.125,6.958068745441931,0.1313690060545028,6.347396787043268,0.4254626825359753,5.01605704917537,0.1883299323801505,4.4867652986710835,0.46042044395063336,5.560256400407407,0.06968034328594316,4.722243594960317,0.5607486087120453,95,0.581702302631579,0.4614405881105535
64,1,0.0,0.089184672866292,0.7464,0.018299999999999983,7,0.125,4.886946750207408,0.0924176370999649,4.694817013300289,0.29811841264636685,3.427632045386775,0.12761189101019643,3.2004901900954135,0.36373299898025435,4.294428505288626,0.054315097877491274,3.850596175280459,0.4430545606700212,95,0.6548108552631579,0.874850863422292
64,1,0.0,0.089184672866292,0.7464,0.018299999999999983,12,0.125,5.477062162091912,0.10357738054925127,5.071616689085501,0.3778854071546278,4.007452489983701,0.1491988006905899,3.6860227793227667,0.39333986826995426,5.129175089560017,0.06487281059101448,4.344132102868135,0.5596706027527857,95,0.5786595394736842,0.725715909898387
64,1,0.0,0.089184672866292,0.7464,0.018299999999999983,9,0.125,5.790767335670402,0.10950989677462816,5.377186599462956,0.37226883406205363,3.8487043037920343,0.14328855245912564,3.464109393164963,0.43961920744771643,4.354347473553505,0.05507294135352475,3.6772165503843848,0.5430156151275645,95,0.57421875,0.606015037593985
64,1,0.0,0.089184672866292,0.7464,0.018299999999999983,8,0.125,4.962193896818548,0.09384064492955115,4.7509428952590635,0.30429316152718416,3.5323317769359766,0.1315098971422245,3.3021436737544994,0.3594799144308251,3.807067848724131,0.04815105492501468,3.6053183171357492,0.35876394406132484,95,0.5953125,0.5859925404061335
64,1,0.0,0.089184672866292,0.7464,0.018299999999999983,6,0.125,6.742314185069205,0.12750471356030754,6.07017705940641,0.4687127738066471,4.822338603744855,0.1795372840978066,4.408802279277631,0.4218503452815614,8.258029304319171,0.10444595116367904,8.216859807638993,0.1403325471503409,95,0.5274671052631579,0.7388525101340817
64,1,0.0,0.089184672866292,0.7464,0.018299999999999983,5,0.125,5.395993664139258,0.10204428444508158,4.972600275760143,0.38883463009314917,3.7149205900373325,0.13830773991199652,3.4801121961598955,0.352470543445775,4.789699589944203,0.060579190388480926,4.742235781285026,0.2300084536559451,95,0.6608141447368421,0.787380996826582
64,1,0.0,0.089184672866292,0.7464,0.018299999999999983,4,0.125,5.126734963732507,0.09695230081355477,4.937522627493791,0.28728286716261275,3.566249070714994,0.1327726493687694,3.477392365820089,0.26556856985189065,5.7875952882102215,0.07320038141683255,5.016043271539376,0.535324498897593,95,0.5879111842105263,0.692544411805847
64,1,0.0,0.089184672866292,0.7464,0.018299999999999983,18,0.125,5.320159749231906,0.10061018016975265,4.939275786432743,0.3715692756310614,3.963802052338732,0.14757368025247453,3.601983931838329,0.4204054419934788,4.363438988081209,0.05518792906395439,3.9131677713763646,0.44253043997779357,95,0.6732730263157894,0.8687553438377916
65,1,0.0,0.08885729807284856,0.7095,-0.03689999999999993,19,0.125,5.957407899518407,0.11288734343286205,5.466439697996301,0.40215833221919733,4.586862287202588,0.17131171615201574,4.036698379730514,0.4952048701314216,4.421734329294279,0.056442590177786266,4.284943523739758,0.3489494221537367,95,0.6032483552631579,0.796196578283689
65,1,0.0,0.08885729807284856,0.7095,-0.03689999999999993,14,0.125,5.528307642325065,0.1047562923250757,5.009707358833932,0.4269810503263443,4.192111893026979,0.15656844215693985,3.715533206140342,0.4703137810861086,5.718427364642362,0.07299462793719247,4.356740676614243,0.6857474360879091,95,0.6496299342105263,0.7002974871827331
65,1,0.0,0.08885729807284856,0.7095,-0.03689999999999993,3,0.125,5.245867569463281,0.09940431541798356,4.792531109588539,0.40711973657960204,3.579340906967205,0.13368245983239,3.233689426137576,0.4294687123536423,4.000882841856001,0.0510705017024975,3.9128818905770797,0.36218720501057705,95,0.6539473684210526,0.7251006036217303
65,1,0.0,0.08885729807284856,0.7095,-0.03689999999999993,7,0.125,5.657508479224438,0.10720452811703007,5.280859616633045,0.35877333234388126,3.7668475500515886,0.1406855226682441,3.4710719363478093,0.39062273307952033,5.118975031522942,0.06534273394048161,3.6896708908789795,0.724180700233807,95,0.6705180921052631,0.8306862083767708
65,1,0.0,0.08885729807284856,0.7095,-0.03689999999999993,12,0.125,5.2707023218195665,0.09987491089601701,4.951299782383055,0.3452188634777931,3.6955809590798654,0.13802383342639954,3.4795559833261644,0.34903284396960343,3.7803216500806425,0.04825508041541905,3.157925222127511,0.5652101504037935,95,0.5902138157894737,0.6995262644559008
65,1,0.0,0.08885729807284856,0.7095,-0.03689999999999993,4,0.125,5.490029802348657,0.1040309628294012,5.07284334614381,0.38256077058028387,3.8872342081089784,0.14518176513254427,3.5394004374677848,0.41349877597340706,5.668266826580786,0.07235433829469859,4.595146683158147,0.6012062525612467,95,0.5842516447368421,0.6693644872967838
65,1,0.0,0.08885729807284856,0.7095,-0.03689999999999993,11,0.125,5.002369665376699,0.09479025641993744,4.545891189064973,0.4174902729751011,3.6819893494479254,0.13751620929785047,3.405054436848171,0.3847579418886668,4.587307552283708,0.058556100595563695,3.4397205649758007,0.6682926453821056,95,0.7309210526315789,0.9412128712871287
65,1,0.0,0.08885729807284856,0.7095,-0.03689999999999993,5,0.125,4.980628731179958,0.09437828592091935,4.847422294877608,0.26877689847702213,3.7507015508077353,0.14008249631465794,3.462712005001912,0.38710919446036207,3.8161869488604236,0.04871289407175289,3.4369564676985527,0.48190755543523506,95,0.6908717105263158,0.7863944768479942
66,1,0.0,0.08852566213878946,0.675,-0.034499999999999975,3,0.125,5.040167741510289,0.09572160189682767,5.024354473337314,0.2629964259684914,3.6220109425478353,0.1374797647960593,3.438649590909059,0.35027903571538527,3.7570289501572107,0.049199129656403724,3.4472808709624334,0.45149216723317026,95,0.6523848684210526,0.6994831715618304
66,1,0.0,0.08852566213878946,0.675,-0.034499999999999975,11,0.125,4.6163065550465054,0.08767173652904416,4.9003637394344866,0.1674228381184623,3.1011002936849947,0.11770768938784698,3.123794436831486,0.28260145662118186,3.8206691285546315,0.050032511945938746,3.7355627143054564,0.3608184225831331,95,0.747327302631579,0.9290784044016506
66,1,0.0,0.08852566213878946,0.675,-0.034499999999999975,2,0.125,6.929102174065732,0.13159577097916497,6.21965292652536,0.4467989969809611,4.573347914628331,0.1735894246612557,4.1605926156611215,0.41544384143089397,4.770239422032247,0.062467346121150416,5.0513794317245955,0.1462549905727524,95,0.5915707236842105,0.48008618892055327
66,1,0.0,0.08852566213878946,0.675,-0.034499999999999975,15,0.125,7.944878205422181,0.15088713465522904,6.841679264065917,0.5594038931833164,5.3588373424640325,0.20340405070782439,4.631967772923196,0.5410102832582717,7.629311054880264,0.09990752500386825,5.911586321599617,0.7736026668891683,95,0.5538651315789473,0.5057906458797328
66,1,0.0,0.08852566213878946,0.675,-0.034499999999999975,10,0.125,7.520763750421672,0.14283245927490454,6.461638544760046,0.552353902401133,5.00739025501456,0.190064261378854,4.399564816017419,0.4947197379123856,6.115935691501817,0.08008953804942975,4.641801401022732,0.722988916595543,95,0.6544819078947368,0.8204435509203996
66,1,0.0,0.08852566213878946,0.675,-0.034499999999999975,6,0.125,6.271713041920587,0.11911080142542495,5.6320722091587125,0.44085838494367396,4.621183151578972,0.17540509480396152,4.122205864793293,0.4559474340576014,4.733394570037448,0.061984854590073114,3.9365702937785323,0.5559843802989679,95,0.514391447368421,0.7141486810551558
66,1,0.0,0.08852566213878946,0.675,-0.034499999999999975,9,0.125,5.892330314116546,0.11190565979128776,5.4918438031293535,0.3691404549685765,4.192677833621642,0.15914042546389745,3.8080647302142925,0.41876824677804386,4.662397481034274,0.061055131919996744,3.5923121958050617,0.6470214606575054,95,0.577796052631579,0.5929405066894392
66,1,0.0,0.08852566213878946,0.675,-0.034499999999999975,18,0.125,5.745382597298353,0.10911486560142933,5.425771855280643,0.3453529780470293,3.838122447956673,0.1456826552358186,3.622096102665258,0.35311944766535797,3.796544873134722,0.04971659945603934,4.403525504217029,0.06702020062062057,95,0.6680921052631579,0.8606597735105859
67,1,0.0,0.08818980143173213,0.7222,0.04719999999999991,13,0.125,6.018830143197854,0.11449408172089266,5.6391055675934005,0.3507691132569939,4.250034556534668,0.16136395888255636,3.8819727155518216,0.40710582439381804,4.240598738846475,0.05463527974523491,4.6488950081387115,0.09105289082724777,95,0.5930509868421052,0.6123552658947514
67,1,0.0,0.08818980143173213,0.7222,0.04719999999999991,10,0.125,5.068434876886042,0.09641504797191233,5.1202101381250245,0.2027164839422751,3.3944848732577326,0.12888072090464006,3.3143824630737857,0.29775963168212227,3.846915114074033,0.04956311510642465,3.4289221977043516,0.47248929152302205,95,0.6826480263157895,0.8477894229610891
67,1,0.0,0.08818980143173213,0.7222,0.04719999999999991,3,0.125,5.812827390434655,0.11057536405509273,5.280506753549971,0.41883624537351605,3.9283698438894463,0.1491510954870233,3.5625023568292935,0.42161524134316336,3.913921329458277,0.0504264137931529,3.741262493700192,0.37012249193557517,95,0.6361019736842105,0.6870071105365223
67,1,0.0,0.08818980143173213,0.7222,0.04719999999999991,9,0.125,5.611968776391836,0.10675450152476303,5.213341338751532,0.37185174985027086,3.7772978838031857,0.14341524340596556,3.392505758498992,0.43989063930673666,4.308070931041522,0.055504582011877426,3.577004641586411,0.5575628386762537,95,0.5951891447368421,0.5539896373056995
67,1,0.0,0.08818980143173213,0.7222,0.04719999999999991,11,0.125,6.335066759078299,0.12050973926236253,5.536800005085014,0.5076407020928693,4.476222097005734,0.16995177540376585,3.889333144986505,0.511979909820748,4.530197844810851,0.05836643403328188,3.6569293854713254,0.5958331263602807,95,0.7121299342105263,0.91529534037762
67,1,0.0,0.08818980143173213,0.7222,0.04719999999999991,2,0.125,5.782260774484322,0.1099939061070721,5.497257022921598,0.3192646438361048,4.076050823683886,0.15475819990800854,3.8177808189415656,0.35588570832950617,5.049056518267457,0.06505133645351284,4.435367600539158,0.47811540259592655,95,0.5574424342105263,0.5543999409898945
67,1,0.0,0.08818980143173213,0.7222,0.04719999999999991,0,0.125,6.229175380765187,0.11849540494262412,5.4770876723169435,0.49264406919817105,4.48708923946349,0.1703643756086343,3.9878786857012574,0.46641416581095246,6.266200701330595,0.08073285150061418,4.777730891838359,0.7488745110946413,95,0.7764802631578948,0.9410612158441009
67,1,0.0,0.08818980143173213,0.7222,0.04719999999999991,12,0.125,5.882511619358211,0.1119009425497854,5.331416593073598,0.4240909902114156,4.282437162064746,0.16259421069272198,3.904998335252933,0.41067368815981053,5.030684396356178,0.06481463261003405,4.217048219941147,0.5525404101576215,95,0.5935444078947368,0.6353307932109457
68,1,0.0,0.08784975278258783,0.6217,-0.10049999999999992,16,0.125,6.354877323265201,0.12107466906410523,5.836139999588904,0.3971705222487558,4.446076102667108,0.16927164148682108,3.9721802167719686,0.45391702575401316,3.757487626007935,0.04888505813619371,3.589761085834208,0.34901322414498587,95,0.567639802631579,0.5308946034045635
68,1,0.0,0.08784975278258783,0.6217,-0.10049999999999992,2,0.125,5.865696690625027,0.11175468062111085,5.634029466860443,0.2951458863104689,3.6169636284004056,0.1377055534902314,3.557076052945999,0.2733745823271405,5.151052441468949,0.06701538983677824,4.163258666151349,0.6394736153373807,95,0.6132401315789474,0.46895534397210675
68,1,0.0,0.08784975278258783,0.6217,-0.10049999999999992,18,0.125,6.0331840078645085,0.11494568974302821,5.3021393821261995,0.4888127352761028,4.214282517582329,0.16044676316099152,3.671214846708915,0.4989866221518023,4.045784618053197,0.052635813060594006,3.6776388859900435,0.42321622128530034,95,0.6542351973684211,0.8499151530387782
68,1,0.0,0.08784975278258783,0.6217,-0.10049999999999992,5,0.125,5.780172895653271,0.11012526046922169,5.154544054470064,0.45603901207451236,4.026262022104751,0.1532884201259807,3.7520520869900156,0.3679127268046639,5.171631233621068,0.06728312071199545,5.814395005478461,-0.14543032335615083,95,0.6698601973684211,0.789883985022405
68,1,0.0,0.08784975278258783,0.6217,-0.10049999999999992,12,0.125,5.167685881889531,0.09845600884952174,4.927233157859588,0.3250881198076533,3.7261155668226995,0.14186120160815868,3.423785602629727,0.3997791345591494,4.623535824756467,0.060152378419972716,3.603015575293168,0.669100570960698,95,0.5988486842105263,0.6848393298544356
68,1,0.0,0.08784975278258783,0.6217,-0.10049999999999992,8,0.125,5.875867961755769,0.11194846615361946,5.333362104005217,0.4205957102242929,4.481865528829322,0.17063422160791147,3.864745971473529,0.5252305487716515,3.8914640273357044,0.05062809625625383,3.1958448963422774,0.5734161500792662,95,0.6450246710526316,0.47459679989800474
68,1,0.0,0.08784975278258783,0.6217,-0.10049999999999992,14,0.125,5.390008165103826,0.10269174708591566,4.979238519099124,0.38530122182593535,3.7762557547756614,0.14377014597241827,3.502202007903059,0.38168741920803695,4.779411157946738,0.062180322483517285,4.229849663171854,0.4679806468410978,95,0.6752055921052632,0.6714572803117959
68,1,0.0,0.08784975278258783,0.6217,-0.10049999999999992,6,0.125,5.745018373862516,0.10945548796608617,5.221173470774326,0.41748863344404835,4.160623244040244,0.15840383966986857,3.678857064831117,0.47028485923122465,4.687764232209047,0.06098799246446934,3.7627753495935043,0.6292179320305067,95,0.5236430921052632,0.7115037298782881
69,1,0.0,0.08750555348152299,0.7054,0.0837,6,0.125,5.213657829384626,0.09957310023656493,5.062962144691553,0.3044476119643269,3.558073775456242,0.13610212009362924,3.316531510847209,0.3826484723637014,4.254175590357472,0.05625429314909909,4.009543749357184,0.36156882409817737,95,0.5342516447368421,0.7387054567844223
69,1,0.0,0.08750555348152299,0.7054,0.0837,3,0.125,5.66786504481019,0.10824778163487965,5.352911352272241,0.3459706042667201,4.218684423624553,0.1613715539070427,3.9232834593223416,0.37173259643485346,5.427476251854656,0.07176921442162426,4.735919429307178,0.5004657625399981,95,0.6491365131578948,0.6654209159434978
69,1,0.0,0.08750555348152299,0.7054,0.0837,18,0.125,4.728057294881759,0.09029885319555982,4.91170629264753,0.19928309170260886,3.2617898270470294,0.12476877624720083,3.289871829029861,0.26041283482778266,4.041105673642681,0.05343680306164344,4.60475968129693,-0.02081129103874649,95,0.6770970394736842,0.8875933685552924
69,1,0.0,0.08750555348152299,0.7054,0.0837,17,0.125,7.10264873154445,0.1356500133371165,6.286397444702305,0.48015660171652036,4.333571572447272,0.16576617456784656,3.866729525036238,0.4530472571552289,4.289043854432275,0.05671536710037418,3.8458560058790736,0.4455091658996842,95,0.59140625,0.5140095946603629
69,1,0.0,0.08750555348152299,0.7054,0.0837,15,0.125,7.465039534300702,0.14257113798865823,6.490647830077086,0.5263487124901466,5.219896438097032,0.1996695450203508,4.588062080649327,0.5021063224168744,6.2637626696920945,0.0828276910421636,5.164773041154917,0.6414214663846753,95,0.5682565789473685,0.5304630969609262
69,1,0.0,0.08750555348152299,0.7054,0.0837,8,0.125,5.185005385046941,0.09902588121962465,5.113734713658247,0.2755936262053505,3.763412474490354,0.14395665994847714,3.632580235553362,0.31065729153946575,3.255291752698508,0.04304574003884941,3.6344262520882737,0.13759787834896353,95,0.6359786184210526,0.4756578522014612
69,1,0.0,0.08750555348152299,0.7054,0.0837,4,0.125,7.46444264765553,0.14255973834263339,6.542776560660159,0.5084684028584951,5.2250325670682365,0.19986601032325635,4.649379905635556,0.474367106224026,4.9270901320332,0.06515245240174461,4.560453334580264,0.38176129420041743,95,0.5663240131578947,0.6059681986495317
69,1,0.0,0.08750555348152299,0.7054,0.0837,1,0.125,6.829255856102294,0.1304286165594193,5.925643302748569,0.5163591105096123,4.680233502433031,0.1790265583047636,4.063877457787895,0.5121014270930078,7.013216750318212,0.09273795653493971,5.853787914359576,0.6520043429885214,95,0.5811677631578948,0.8359275505872364
70,1,0.0,0.08715724127386971,0.6911,-0.01429999999999998,0,0.125,5.988453750924979,0.11457981827303697,5.33253558709596,0.4617988088855337,4.17867120726885,0.16150375138848821,3.5721963308183695,0.5329554629177634,5.770184246622291,0.07597982010943526,4.91295615001534,0.5892583112127487,95,0.7674342105263158,0.9423489069867124
70,1,0.0,0.08715724127386971,0.6911,-0.01429999999999998,11,0.125,5.813743140286094,0.11123700043558057,5.142120660444536,0.47314835163014524,4.01544939858748,0.1551953023378426,3.5640494820833184,0.46190063200043824,4.231358677131739,0.055717089327808486,3.813454705370182,0.43334483757354086,95,0.7105263157894737,0.9268518518518518
70,1,0.0,0.08715724127386971,0.6911,-0.01429999999999998,16,0.125,6.686109204996295,0.1279283784305463,5.89369720713849,0.4964981259043238,4.482160813687793,0.1732334873530727,3.9357981721823703,0.49028189492190133,4.844550169204877,0.063791385965325,4.1812232248107195,0.5249464377361109,95,0.5875,0.4805431131019037
70,1,0.0,0.08715724127386971,0.6911,-0.01429999999999998,5,0.125,5.517614519239167,0.10557103639941164,5.014828464601094,0.41706799331481087,3.6931064070477584,0.14273689156915267,3.2835680379273797,0.4577594963934021,3.9098518297763967,0.051483596707480095,3.1517187411345224,0.6066546592887316,95,0.6655427631578947,0.7883355986655134
70,1,0.0,0.08715724127386971,0.6911,-0.01429999999999998,19,0.125,6.0749954767331875,0.11623566060372341,5.62855954136251,0.3762663692226294,4.941886959988309,0.1910016948898973,4.477564306282629,0.43138789292650115,4.830765329808684,0.06360987189700504,4.968087853336169,0.11619346999138357,95,0.5726973684210527,0.7917863296955773
70,1,0.0,0.08715724127386971,0.6911,-0.01429999999999998,1,0.125,5.06303745850957,0.09687340606345998,5.071148261203223,0.22302071531920825,3.5684226245624964,0.13791791979323317,3.3928671344084353,0.34040314887761924,4.215090919297358,0.05550288103548859,4.189640772266452,0.23316169884865903,95,0.6085115131578948,0.8557334955064532
70,1,0.0,0.08715724127386971,0.6911,-0.01429999999999998,18,0.125,5.549702050879397,0.10618498178449537,5.068056041260378,0.40752624671294907,3.638674076810951,0.140633106635136,3.4970081192487115,0.31693861301177656,5.216808943473451,0.06869316266676083,4.894885030762679,0.34595516961835654,95,0.6495476973684211,0.8504779388491486
70,1,0.0,0.08715724127386971,0.6911,-0.01429999999999998,15,0.125,5.836327927433527,0.11166912547398274,5.679974557622833,0.26378088025537505,4.003214895745253,0.15472244433887974,3.820471162815069,0.31852615206359325,4.912513609824828,0.0646863053945174,4.7684002174197415,0.26504941490341494,95,0.5948601973684211,0.5373608903020668
71,1,0.0,0.08680485435598673,0.7188,0.027699999999999947,1,0.125,5.876946925317595,0.11265684186559559,5.334224318254569,0.4248177531582928,4.185194827472916,0.1615872052241102,3.810313171595848,0.42105373200521784,5.24721217063249,0.06917587505395568,6.1799953096657525,-0.27763848281852443,95,0.6044407894736842,0.8381632653061224
71,1,0.0,0.08680485435598673,0.7188,0.027699999999999947,10,0.125,6.066226084823109,0.11628518709515764,5.465593284597024,0.4444297236751106,3.677705959042358,0.1419934440463169,3.4142949235667803,0.37206536532566753,3.6409509842242263,0.047999959249201196,2.886139895339792,0.6102926154774125,95,0.6738486842105263,0.8343299975591897
71,1,0.0,0.08680485435598673,0.7188,0.027699999999999947,13,0.125,6.042029382939472,0.11582135373875438,5.426282462543328,0.45150877739062095,4.095526960864378,0.15812519674876502,3.7368973388714584,0.41422612708932594,3.882027502142013,0.051178157221690154,4.051965233139026,0.19085266580009794,95,0.5957648026315789,0.5811995306784458
71,1,0.0,0.08680485435598673,0.7188,0.027699999999999947,18,0.125,4.69932670447595,0.0900827099765424,4.668913313715603,0.23897995827153803,3.3314929144293544,0.12862642038378289,3.195203124251653,0.30828521051366703,4.823695055940552,0.06359249743238528,3.7074949905986068,0.6855398713593369,95,0.6877055921052632,0.8850822122571002
71,1,0.0,0.08680485435598673,0.7188,0.027699999999999947,4,0.125,5.889600440992538,0.11289940065207958,5.44200621263515,0.3831853194582055,4.227258834141759,0.16321126469047698,3.9499137311529635,0.35667998462560724,8.412540160852348,0.11090552623553618,7.213225527293261,0.6517147969877439,95,0.5546875,0.6595997034840623
71,1,0.0,0.08680485435598673,0.7188,0.027699999999999947,14,0.125,5.228790967914725,0.100232158756273,5.094074465788492,0.264865929101902,3.5172197747632956,0.1357971939160945,3.4381209210990287,0.25835532085113816,7.273409089536997,0.09588795383767926,5.887485294479222,0.7375505461966214,95,0.67109375,0.6883769376876417
71,1,0.0,0.08680485435598673,0.7188,0.027699999999999947,15,0.125,6.5245699793815115,0.12507130960153653,5.880681489218307,0.4517306449140216,4.08950163438932,0.1578925634531114,3.6560658602081006,0.46159417309846723,4.576704726866592,0.06033633557196329,5.223830998868364,-0.09567213055263389,95,0.5849917763157895,0.5266043438532368
71,1,0.0,0.08680485435598673,0.7188,0.027699999999999947,0,0.125,4.851893367060702,0.09300730306870195,4.763781416992436,0.258915129944525,3.4124210997936704,0.1317509963798721,3.152998190616164,0.3841374884675527,5.373254596158531,0.07083753743697992,5.104379822891845,0.3208685187134447,95,0.7852384868421053,0.9468502906215636
72,1,0.0,0.0864484313710706,0.7439,0.02510000000000001,10,0.125,5.016006879741872,0.09634532878829088,4.9650751776618165,0.23269331953684047,3.2997129105435867,0.12879087355199867,3.2464126880914197,0.2598808364820592,3.435511183294018,0.04624451449421044,3.453548487860591,0.19817382612436668,95,0.6863075657894737,0.8535138697501647
72,1,0.0,0.0864484313710706,0.7439,0.02510000000000001,17,0.125,5.474709783223689,0.10515589925034208,5.014374419131274,0.40186138781517344,3.6679558666353786,0.1431637397013205,3.2587542668278733,0.46284494165773143,3.051776511043512,0.04107916277039365,2.7353226183273773,0.4444430213095262,95,0.6009046052631579,0.5847132886273436
72,1,0.0,0.0864484313710706,0.7439,0.02510000000000001,19,0.125,5.5369949875738484,0.10635224698981544,5.053502517914908,0.40994628663572524,4.2769789307432955,0.16693447811590947,3.8643763332844188,0.4384085218223822,3.827081491407708,0.051515339656160224,3.6256053823053227,0.3246380532410017,95,0.5972861842105263,0.7671072559548396
72,1,0.0,0.0864484313710706,0.7439,0.02510000000000001,9,0.125,5.630831517457447,0.10815461918362168,5.081414523122683,0.4355992945514705,3.812065720973887,0.14878848177157847,3.5175088837274795,0.38545459817974775,7.0348521196793925,0.09469429830271021,6.454048618332857,0.487562705972212,95,0.5980263157894737,0.5498487348734874
72,1,0.0,0.0864484313710706,0.7439,0.02510000000000001,3,0.125,5.5114197613748495,0.10586100891218658,5.039428939377248,0.40575275690413887,3.566658345346149,0.1392100029341595,3.1651263085919825,0.46353769540520257,3.5883325066375735,0.048301602224488,3.552177036592859,0.22654755225075582,95,0.6540707236842105,0.6747972590683347
72,1,0.0,0.0864484313710706,0.7439,0.02510000000000001,12,0.125,6.037134767367088,0.11595871936506122,5.426821230501712,0.45028616024598733,4.1816454493442565,0.16321352339015038,3.790219675057221,0.42910392190599594,4.158584808697638,0.055977618817363295,3.6715652928858162,0.49079159671051137,95,0.5717516447368421,0.6678173318950018
72,1,0.0,0.0864484313710706,0.7439,0.02510000000000001,14,0.125,5.568901575506901,0.10696509517336511,5.142155341625958,0.3840052953210686,3.8940356921865145,0.1519878462265205,3.697270928400031,0.3195911569264179,4.547764756382525,0.06121626796485745,4.2218957833877,0.3762037810156143,95,0.6649671052631579,0.6847019539945585
72,1,0.0,0.0864484313710706,0.7439,0.02510000000000001,1,0.125,5.075504147703746,0.09748812703024361,4.864416315663949,0.3048563200220234,3.458022483124403,0.13496984387368283,3.2361403894202927,0.35906777469632084,4.6053613798304625,0.06199156099863005,4.734943459279866,0.06637327832324372,95,0.6219572368421052,0.8533650667724448
73,1,0.0,0.08608801140491812,0.7261,-0.017800000000000038,5,0.125,5.613392402868499,0.10807336648763945,5.115973230518617,0.41313785253859137,3.872426415066013,0.15190551683294115,3.4050934154868315,0.4819852223359316,4.018708189443756,0.054582105453005646,3.7105138168317953,0.38459559972896656,95,0.6667763157894737,0.7725703009373458
73,1,0.0,0.08608801140491812,0.7261,-0.017800000000000038,8,0.125,5.9098287204859,0.11378058745044628,5.260743253099513,0.46892996971527995,4.280627172304014,0.16791820251202574,3.821206099025087,0.4597780185971428,5.453799429676128,0.07407351854311359,5.049903516250583,0.3881894395977136,95,0.6035361842105263,0.4720670391061452
73,1,0.0,0.08608801140491812,0.7261,-0.017800000000000038,17,0.125,5.497829844086258,0.10584846684208102,5.188168639861035,0.3346607535594531,3.8514172475364363,0.15108138020392897,3.618459511951905,0.34806320618416425,3.818443666317255,0.05186211216050945,3.3909318921857845,0.4610861992261728,95,0.609703947368421,0.5742514162395468
73,1,0.0,0.08608801140491812,0.7261,-0.017800000000000038,6,0.125,5.5663921926293956,0.10716848213578636,5.215032472481671,0.35087750148986663,4.022606527948572,0.15779670370655038,3.5608594873798127,0.4719112338957683,3.668194567113985,0.049821428490450015,3.539300258373687,0.29964336983210027,95,0.515296052631579,0.7395467602936483
73,1,0.0,0.08608801140491812,0.7261,-0.017800000000000038,15,0.125,6.161713975472262,0.11863007694294334,5.579241472320485,0.43396562903663033,4.243157232969225,0.16644835134114094,3.9064486392029165,0.3908450306209862,3.898267824676061,0.05294628409433698,3.7636142554040877,0.29005203569464116,95,0.5817845394736842,0.5381299031733692
73,1,0.0,0.08608801140491812,0.7261,-0.017800000000000038,9,0.125,5.052134946116747,0.0972676043986652,4.947019218135568,0.258575558369643,3.398172906963858,0.13330174841069078,3.334597960752789,0.2722189682412889,3.3532050626289287,0.045543240192141884,2.8700367851007274,0.5181676175124386,95,0.5958470394736842,0.5971982609895797
73,1,0.0,0.08608801140491812,0.7261,-0.017800000000000038,3,0.125,4.938358529229336,0.095077092936534,4.744754518735089,0.30394247717042583,3.471677101571591,0.13618513248942643,3.3035208132183342,0.3313293276278095,3.6349054847845053,0.04936929608459027,3.4992324120366174,0.30567585988652607,95,0.6544819078947368,0.7057862662562041
73,1,0.0,0.08608801140491812,0.7261,-0.017800000000000038,7,0.125,5.964688602987626,0.11483679228373891,5.404401763482544,0.4297272108645675,3.929980731996818,0.1541632274572996,3.4892330143782972,0.4643695325693132,4.888693495986867,0.06639824822969086,4.283928674393619,0.515065522627289,95,0.63515625,0.7947821583478992
74,1,0.0,0.08572363398164018,0.7156,-0.010499999999999954,17,0.125,5.1648590255609035,0.09967024875428901,4.996355874627629,0.2844438947063957,3.331071575042049,0.13120038174360502,3.1159086122621287,0.3697463090364955,3.8011464303983105,0.0518268733620523,3.8831002135941564,0.16672730324866136,95,0.5952302631578947,0.620889748549323
74,1,0.0,0.08572363398164018,0.7156,-0.010499999999999954,12,0.125,5.350499339757323,0.10325269238018683,4.923937933461618,0.3913519078833767,3.6895816827099566,0.14532096184082993,3.193217164534314,0.5065592579127132,4.127431405540341,0.056275618075329346,3.6730977651586145,0.46010533783493535,95,0.5876644736842105,0.683109431849986
74,1,0.0,0.08572363398164018,0.7156,-0.010499999999999954,13,0.125,5.968012089969413,0.1151693098750661,5.5296450830287665,0.3766359093224554,3.919983074028312,0.15439574447885968,3.5665267703296823,0.41507314108316945,3.8695921838539067,0.052760099550905465,3.609317600739222,0.3656133972051494,95,0.5908305921052631,0.5960052891641728
74,1,0.0,0.08572363398164018,0.7156,-0.010499999999999954,16,0.125,6.7022130473781525,0.12933774926487482,5.95347603098803,0.4902212598517026,4.3910888647946065,0.17295111268327315,3.855936822240329,0.49694763256740665,5.082981722206722,0.069304104654245,4.784310135355554,0.33800674903200245,95,0.5863486842105263,0.5171809256661991
74,1,0.0,0.08572363398164018,0.7156,-0.010499999999999954,15,0.125,5.412814934484263,0.10445524424016352,5.337809041454015,0.23225864210554897,3.613995440374951,0.14234385863980004,3.5960819343540456,0.2314723743439073,4.483702480084613,0.061133209383916066,4.430849470606725,0.215781525081624,95,0.5807565789473684,0.5952279807419995
74,1,0.0,0.08572363398164018,0.7156,-0.010499999999999954,18,0.125,5.002708156880468,0.0965410989871571,4.808280064733226,0.3027990661485582,3.364939931038515,0.13253434924795338,3.132733697357942,0.3773793941903966,3.7173714620075686,0.050684640418071254,3.079804419920149,0.5752523157195262,95,0.6724506578947368,0.8843096490155313
74,1,0.0,0.08572363398164018,0.7156,-0.010499999999999954,4,0.125,5.827207831851075,0.11245210203592401,5.204285147261047,0.45927707084152214,3.9836724930719987,0.1569042694094459,3.631567108854423,0.41121335551806654,4.56460618999734,0.06223629404664708,3.9660841687286843,0.5197614363670872,95,0.5821546052631579,0.6476903517445967
74,1,0.0,0.08572363398164018,0.7156,-0.010499999999999954,11,0.125,5.595174983252323,0.1079743860664175,4.996777966990887,0.4560111202793556,3.894316358666319,0.15338481367844436,3.3277207332710845,0.5344156960330579,3.6066827899735596,0.0491754515738206,2.994049562703048,0.5685458515329793,95,0.7364720394736842,0.9259672826754508
75,1,0.0,0.08535533905932736,0.6985,-0.017100000000000004,10,0.125,6.048682078591335,0.11699114763186251,5.3878338056681185,0.4704427290469575,3.9891735435500615,0.15960186393640638,3.6930794718830473,0.37887461023022495,4.311548494463518,0.059215746601549955,4.1682571999994815,0.2667700547200534,95,0.6730263157894737,0.8294232649071359
75,1,0.0,0.08535533905932736,0.6985,-0.017100000000000004,15,0.125,6.197711825003497,0.11987362034864724,5.611453822015821,0.4348803159314794,3.896514702810856,0.15589469914883408,3.6327923422851836,0.36163997864467634,4.502710981659728,0.06184121385909528,4.562667029052926,0.12337240462774225,95,0.5858963815789474,0.5142817039792266
75,1,0.0,0.08535533905932736,0.6985,-0.017100000000000004,18,0.125,5.228523269652825,0.10112796966162217,4.950186389673697,0.3302188214900793,3.4043956966113598,0.13620563077150946,3.076104655060309,0.42865818754809637,4.018971575482948,0.05519743143750553,3.465767605812602,0.5323417693191291,95,0.6936266447368421,0.890568498429071
75,1,0.0,0.08535533905932736,0.6985,-0.017100000000000004,16,0.125,5.2857225455336865,0.10223429478204772,5.210675202796995,0.23499637817680644,3.452865858800387,0.13814486157864658,3.296736743862305,0.31262036044412395,3.7976412737814926,0.052157632841333464,3.617623414120154,0.3135373136919509,95,0.59921875,0.5716736430384959
75,1,0.0,0.08535533905932736,0.6985,-0.017100000000000004,9,0.125,5.6133083559424595,0.10857032623645034,5.239286022239692,0.359311224319834,3.7491701926436454,0.14999962885250503,3.4418358307369576,0.39702937886326917,3.2242802078264274,0.04428296701387318,2.802193253625931,0.4960702321563636,95,0.5955180921052632,0.5728785472623076
75,1,0.0,0.08535533905932736,0.6985,-0.017100000000000004,17,0.125,5.443033612745221,0.1052769414361692,5.089701068762262,0.3558636523219843,3.5436394439064562,0.14177659963690759,3.34255008928322,0.3376541675722406,3.026754724029151,0.04157010897437582,2.798924437135968,0.3925417368851727,95,0.6197368421052631,0.5764994692144374
75,1,0.0,0.08535533905932736,0.6985,-0.017100000000000004,0,0.125,5.104767078987886,0.09873432777660997,4.832013451367229,0.33252615721234796,3.6910716214429353,0.14767517739546882,3.4641885847528977,0.3470453405322432,4.953693774986937,0.06803510982144281,4.4469996080129,0.4743999166909188,95,0.7916940789473684,0.9512309130570271
75,1,0.0,0.08535533905932736,0.6985,-0.017100000000000004,7,0.125,6.035848472201497,0.11674292523890244,5.419382051080635,0.4519789641012262,3.932769330053885,0.1573452016203705,3.4857231622999847,0.4780298172172735,4.077850634884056,0.0560060892703261,3.7309250599460473,0.405946579763327,95,0.6716694078947368,0.7245179063360881
76,1,0.0,0.0849831670256683,0.7285,0.030000000000000027,16,0.125,6.331361406833107,0.12270139376447106,5.762559368671349,0.4291456661177816,3.882312957103482,0.15648869826724704,3.6872912594299807,0.31568251391044416,3.915548989228585,0.053939790639720146,3.2794273603886492,0.5716758479230322,95,0.5945723684210527,0.5368603042876902
76,1,0.0,0.0849831670256683,0.7285,0.030000000000000027,7,0.125,5.173379887741131,0.10025978330882104,4.992422627235631,0.282587746090365,3.624543953042316,0.1460985168612452,3.3057490024429903,0.4110875019732308,3.822671002709802,0.05266032276391433,3.1612781344532457,0.5890638363497607,95,0.6772203947368421,0.7587128111718275
76,1,0.0,0.0849831670256683,0.7285,0.030000000000000027,17,0.125,5.073754122320911,0.09832904211645753,4.887687990775113,0.2888193809291605,3.2892515446167145,0.13258351353380635,3.003087789821705,0.40817437077289065,3.1851220978785753,0.04387758130319406,2.899231382192294,0.42084594071928405,95,0.6056332236842106,0.6223776223776224
76,1,0.0,0.0849831670256683,0.7285,0.030000000000000027,12,0.125,5.555974840646782,0.10767444991087449,5.02638719700016,0.4318921500706995,3.6478193018867127,0.1470367021859783,3.2795042913722514,0.44229058909745617,3.2354064044511808,0.0445702874796335,3.1567997316554184,0.29330669934778514,95,0.6048108552631579,0.6796519137942756
76,1,0.0,0.0849831670256683,0.7285,0.030000000000000027,15,0.125,5.090106187764425,0.09864594413672154,5.120872803303603,0.18182723373344695,3.5841395256511954,0.14446989075187885,3.5131481739646153,0.24408734294085196,3.6731900044306767,0.050601103539746,3.6062042470129905,0.2570695545930242,95,0.5716282894736842,0.63034095813552
76,1,0.0,0.0849831670256683,0.7285,0.030000000000000027,14,0.125,6.3032510972812075,0.1221566176982294,5.548358797763737,0.5127589113215506,4.14427412929304,0.16704785804788738,3.6873070185609573,0.4787208182927001,4.793050557159729,0.06602807021186698,4.3833617912475304,0.4130425853185458,95,0.6574424342105263,0.6734004628181876
76,1,0.0,0.0849831670256683,0.7285,0.030000000000000027,9,0.125,5.50187697514681,0.10662603661237512,5.165315828288168,0.34496210453554826,3.502788370368689,0.1411907794248533,3.2413047461192805,0.37946379388593443,3.2846857186163048,0.04524914908914167,3.266390842664511,0.25204120827127896,95,0.5929276315789473,0.5502773925104022
76,1,0.0,0.0849831670256683,0.7285,0.030000000000000027,18,0.125,5.3001038947360914,0.1027156867524183,4.924307263354531,0.36994308843323814,3.4130849033929147,0.137575002198184,3.187489993863234,0.3604369922433232,3.772248805112877,0.051965717029327785,3.1727405021668638,0.5587182600094706,95,0.6845805921052631,0.8684005045348069
77,1,0.0,0.08460715869352033,0.7153,-0.01319999999999999,11,0.125,4.86457377161031,0.09448998073243726,4.622020146538385,0.32737844713985587,3.5668684183397596,0.14428306471142746,3.219599815817028,0.4306840826875033,3.0418807160169887,0.04234221549360113,3.2584957791793796,0.1702826246971414,95,0.7411184210526316,0.9338104749223258
77,1,0.0,0.08460715869352033,0.7153,-0.01319999999999999,7,0.125,5.413343504214603,0.10514934039986389,5.142371726700323,0.31905604116332476,3.481185428540541,0.14081711001057434,3.2238407201098718,0.38002434689411074,3.611490126266935,0.050271035407212616,2.996199509289988,0.5620606400602489,95,0.6780838815789474,0.7410102480140682
77,1,0.0,0.08460715869352033,0.7153,-0.01319999999999999,8,0.125,5.584058175251575,0.10846531970953485,5.019450764613895,0.4440515089826449,3.6092332201459114,0.14599675939359041,3.1915680451534705,0.4709091946228361,3.731930187846669,0.05194753081172315,2.9050048260406554,0.6500516257943094,95,0.6231496710526315,0.48201913559881227
77,1,0.0,0.08460715869352033,0.7153,-0.01319999999999999,14,0.125,4.911709869914281,0.09540555714871805,4.757135290272298,0.28472178255771396,3.4689807844892306,0.14032342108210671,3.4077599520646045,0.2543140895992727,4.63545111233347,0.06452431513010738,3.875293820478295,0.5822824160224793,95,0.6578125,0.7301537692211526
77,1,0.0,0.08460715869352033,0.7153,-0.01319999999999999,13,0.125,5.89903377324703,0.11458343808600392,5.309125938938735,0.44583860516259116,3.9233556522686146,0.15870329686164952,3.6068159951848537,0.3938647900160506,3.6998742919108256,0.05150132079224112,3.038100033141253,0.5782346370483282,95,0.6081825657894737,0.6224055168683659
77,1,0.0,0.08460715869352033,0.7153,-0.01319999999999999,1,0.125,6.149279828824088,0.11944424318014012,5.608101809089744,0.4179520716772179,4.13065535419564,0.1670887579439842,3.836426261068009,0.37087172346224206,5.373888655419689,0.07480318024578585,5.576926870911906,0.051901373629568766,95,0.6115542763157895,0.8467693135211457
77,1,0.0,0.08460715869352033,0.7153,-0.01319999999999999,0,0.125,4.879374721195258,0.09477747589784423,4.663754399694711,0.3143842791585795,3.4278930762406996,0.13866138599340377,3.123140383318852,0.41263615340563725,3.9760223847791014,0.05534523288084066,4.016362778324689,0.20326365662891616,95,0.789391447368421,0.9515053651422023
77,1,0.0,0.08460715869352033,0.7153,-0.01319999999999999,6,0.125,6.111045442553879,0.11870157453297665,5.521758063141779,0.43995208199920954,4.186782272087156,0.16935914271191013,3.7516578707591384,0.45547533437845894,4.981101782970124,0.06933568564327092,3.9473277096375394,0.6961701298303696,95,0.5206414473684211,0.7429316063812984
78,1,0.0,0.08422735529643444,0.6667,-0.04860000000000009,11,0.125,5.053676560348586,0.09837167970968336,4.692215220294211,0.37139901839902845,3.292486712699536,0.13358068035001244,3.1390440606563916,0.3256460819500532,4.423394035623194,0.0624239106033353,3.133381762447177,0.7131403506862841,95,0.7364720394736842,0.9284797052090894
78,1,0.0,0.08422735529643444,0.6667,-0.04860000000000009,13,0.125,5.295879811221858,0.10308625539236342,5.102248807103899,0.27890199408490246,3.6088771708086855,0.1464170731249494,3.366093837552392,0.3634366482558234,3.7508823613253592,0.05293327777750501,3.1539924419056358,0.5636544822960518,95,0.6153782894736842,0.616931711880262
78,1,0.0,0.08422735529643444,0.6667,-0.04860000000000009,0,0.125,4.930653012131061,0.09597698093197442,4.640036486522979,0.34082904757314886,3.520004924021204,0.14281140475753712,3.2512805626516075,0.3847615564353263,4.863407543596482,0.06863347811298509,4.663868190680018,0.350309270242099,95,0.7860608552631579,0.94847517915991
78,1,0.0,0.08422735529643444,0.6667,-0.04860000000000009,14,0.125,4.896101232976542,0.09530441779664119,4.561644787590666,0.36389503835975023,3.393448719054543,0.13767684676623052,3.0183210588881093,0.4575886324820409,4.849009935156327,0.06843029589251547,3.000969270517759,0.8319840136620602,95,0.6689144736842105,0.712441603147283
78,1,0.0,0.08422735529643444,0.6667,-0.04860000000000009,6,0.125,5.494794068927572,0.1069581948437806,5.154466975335166,0.34647599938168866,3.4212423451913367,0.13880447211834704,3.162403332082363,0.38442853044290465,3.9901476667608495,0.05630984245085329,3.6737496056014707,0.4512445789398268,95,0.5455180921052631,0.7220924097384488
78,1,0.0,0.08422735529643444,0.6667,-0.04860000000000009,5,0.125,5.6606276281573535,0.11018620628829291,5.068194688506158,0.46419104942265815,3.7043891330326066,0.15029212381117532,3.228133603980459,0.5011783477101487,3.316268502053536,0.04679991129926121,3.5593077005784055,0.31459640097668795,95,0.6697368421052632,0.762585952848723
78,1,0.0,0.08422735529643444,0.6667,-0.04860000000000009,8,0.125,4.978608723471979,0.09691045655510637,4.748309444168364,0.30873990347976055,3.6313093107196734,0.14732717566217712,3.1998741821835677,0.47819007874342256,5.3206335828525795,0.0750859526540687,3.486979089845959,0.8153284324693709,95,0.6397615131578948,0.47927244681534803
78,1,0.0,0.08422735529643444,0.6667,-0.04860000000000009,18,0.125,5.117834246616544,0.09962053275540156,4.626213832374148,0.43236612319664763,3.5424312781258025,0.1437212725567017,3.16049200116349,0.4531589683085074,4.453226334185937,0.06284491056932867,2.9155738066648795,0.7740546322559447,95,0.6855263157894737,0.8705614203454894
79,1,0.0,0.08384379848413304,0.7395,0.07280000000000009,17,0.125,6.559720196311641,0.12796474631685786,5.880936203612612,0.4515824859064701,4.259010202323524,0.1737335256598062,3.816444931098839,0.44683318907377073,4.115016315139507,0.059682929279760245,3.828503328382301,0.3747771412161456,95,0.6061266447368421,0.5499626890984329
79,1,0.0,0.08384379848413304,0.7395,0.07280000000000009,13,0.125,5.882695461888338,0.11475758262724976,5.425645887133602,0.38692278608598557,3.848006019716923,0.15696784482950057,3.428751170129863,0.45421012409225264,3.544276687822271,0.051405097503247225,2.809907761169366,0.6161973390751492,95,0.6134868421052632,0.5736595174262734
79,1,0.0,0.08384379848413304,0.7395,0.07280000000000009,4,0.125,6.788732778976578,0.13243224434528975,5.961865327075125,0.5010881365486748,4.751513086229696,0.19382370115925948,4.112048095604772,0.5313261700989006,3.843502636411822,0.05574497850508814,3.2190744620009477,0.5503258943108789,95,0.5518503289473684,0.6471946948811564
79,1,0.0,0.08384379848413304,0.7395,0.07280000000000009,10,0.125,6.576204153274236,0.12828630963173865,5.964078447343845,0.4259829941822893,4.037002521183467,0.16467738929578013,3.590431285010422,0.4590743563665359,3.9290552244860004,0.05698580689377426,3.0616184262758814,0.6513544869722983,95,0.6665707236842106,0.8346184689408427
79,1,0.0,0.08384379848413304,0.7395,0.07280000000000009,6,0.125,5.4334217137268315,0.1059933061810323,5.236433911710361,0.3007127011101724,3.4835077173928672,0.1420992316655254,3.2489558849942073,0.3763390427705602,4.337774264098479,0.0629137419658023,3.623429061694834,0.5666533464439926,95,0.5365131578947369,0.7383507050889025
79,1,0.0,0.08384379848413304,0.7395,0.07280000000000009,7,0.125,5.947221633398971,0.11601633679984373,5.477325931544629,0.38976327441543546,3.80700141800888,0.15529518529486788,3.439915328068388,0.4286511093040348,3.139048264345477,0.04552778925260076,3.4238535981643006,0.1367829426571916,95,0.6706825657894737,0.7298142357917969
79,1,0.0,0.08384379848413304,0.7395,0.07280000000000009,11,0.125,4.731076512226449,0.09229219960221915,4.744107796766017,0.24684674291410796,2.9192417156705104,0.11908169537605948,2.9625752268119205,0.2626108069525758,3.0876538424023456,0.04478238038534526,2.9377326179304157,0.38012976754013156,95,0.7452302631578948,0.9278856764511145
79,1,0.0,0.08384379848413304,0.7395,0.07280000000000009,16,0.125,6.704095038229302,0.1307811606558289,6.206904920292357,0.37858870179349857,4.456269510058321,0.18178012648346295,4.103647899880234,0.3900539096876191,4.172936952336541,0.06052299236309508,3.435612019425861,0.5840782602684506,95,0.5820723684210526,0.4846001695394179
80,1,0.0,0.08345653031794292,0.6917,-0.047800000000000065,4,0.125,5.105564729788957,0.0997301592057375,4.970867518341623,0.2788849889685281,3.11848589405154,0.12778041378967836,3.039110526212364,0.29449077545181196,2.994893968035493,0.0437994094009355,3.124482577724409,0.26058892109172144,95,0.5696134868421052,0.7223706056449867
80,1,0.0,0.08345653031794292,0.6917,-0.047800000000000065,17,0.125,5.1898036508792025,0.10137565024468806,4.880490619143627,0.3498696403420541,3.398897783096226,0.1392703317918802,3.2093683894806735,0.3444052803009361,2.746580796981499,0.04016790512909227,2.449064782612565,0.5008736053286353,95,0.6164884868421052,0.5880077369439072
80,1,0.0,0.08345653031794292,0.6917,-0.047800000000000065,18,0.125,6.231926134464356,0.12173207440153584,5.349341155017037,0.545624642618948,3.7337849542395776,0.1529923824136827,3.269961541006205,0.4900782162837204,3.592151081927257,0.05253411224122534,2.817215525188703,0.6253622379568825,95,0.6574424342105263,0.8454562511726812
80,1,0.0,0.08345653031794292,0.6917,-0.047800000000000065,14,0.125,5.748950952137581,0.11229782092026416,5.115950681700395,0.4617704768877471,3.9763239650090125,0.16293045371147946,3.50204216732858,0.48496690804279646,3.89171898682521,0.056915201338216856,3.101140242057753,0.6139498363160696,95,0.6668585526315789,0.6865211493402392
80,1,0.0,0.08345653031794292,0.6917,-0.047800000000000065,8,0.125,5.6759838973328876,0.110872510229365,5.297006057068737,0.36089853496482094,3.8050426735326464,0.15591217784208128,3.488326543928868,0.3994321523754395,5.558104740932521,0.08128558394375147,4.50224336748099,0.6631386147923007,95,0.6530016447368421,0.4463824696177823
80,1,0.0,0.08345653031794292,0.6917,-0.047800000000000065,7,0.125,5.400149256290113,0.10548446128246812,5.014720247979346,0.3733737475661362,3.430232768011525,0.14055428736346315,3.108351323065561,0.42331160240600524,4.276944407789448,0.06254900544098048,3.333000988629051,0.6571345646838662,95,0.6929276315789473,0.767861381438405
80,1,0.0,0.08345653031794292,0.6917,-0.047800000000000065,9,0.125,5.379173230338871,0.10507472357110087,5.11289263258213,0.3242456003145292,3.2989768013459524,0.13517605500881844,3.0746624685903057,0.3725810181788108,3.625513436413577,0.05302202648404042,3.2657327431078342,0.44498273135514127,95,0.5992598684210526,0.5908467133250995
80,1,0.0,0.08345653031794292,0.6917,-0.047800000000000065,5,0.125,6.129642414983594,0.11973410313531059,5.46630708308771,0.4627197964174423,4.157229042714092,0.1703430656235303,3.6508670895860065,0.49618764570283674,3.681446524551114,0.05384003081158646,3.7697507049488665,0.22132687754793448,95,0.6504934210526315,0.7752844500632111
81,1,0.0,0.08306559326618258,0.7359,0.04420000000000002,15,0.125,6.84902695061097,0.13404423780154437,6.115846745480485,0.4807173863618818,4.636660445555389,0.18914748861423153,4.144278324921157,0.47113389208787915,4.879476555732913,0.0723084836391373,4.519449641407137,0.3996492898346041,95,0.5711348684210527,0.5318214542836573
81,1,0.0,0.08306559326618258,0.7359,0.04420000000000002,5,0.125,5.068600886962214,0.0991990172490815,4.867334147330348,0.30313028747592363,3.162410074209706,0.12900705810331606,2.930240327185709,0.3871456195459531,2.8782403595693324,0.04265236108264553,2.6730298183143426,0.37821985559611676,95,0.6727384868421052,0.7942057331458957
81,1,0.0,0.08306559326618258,0.7359,0.04420000000000002,17,0.125,5.1772565926051834,0.10132554870394775,4.9010947514514,0.3321727860369986,3.355147627271568,0.13686957565261154,3.020066998939395,0.4359018453729369,2.993106768434728,0.04435455510925098,2.5950928759892182,0.5028261695268949,95,0.6192434210526315,0.6128818061088978
81,1,0.0,0.08306559326618258,0.7359,0.04420000000000002,6,0.125,6.416119610016759,0.1255716861636116,5.776780398584126,0.45079337119374097,4.013425767960726,0.16372331199648257,3.562937675084394,0.4694140890878932,4.103658200158857,0.06081170765707852,3.7804973114021774,0.39701921187532624,95,0.5248766447368421,0.7226008617312966
81,1,0.0,0.08306559326618258,0.7359,0.04420000000000002,0,0.125,5.243579157647662,0.10262356632663637,4.944933338902468,0.3395494476035314,3.4654362461554493,0.1413686791624696,3.3976590801533315,0.26287027343510344,4.033647168379288,0.059774221056175754,4.110923756788989,0.10161121910248484,95,0.7986842105263158,0.9476935749588138
81,1,0.0,0.08306559326618258,0.7359,0.04420000000000002,13,0.125,5.8524161123924205,0.11453928605334797,5.178982569932266,0.4795633505121038,4.163950172917904,0.1698637903660155,3.562701205455087,0.5501482433336573,3.414334094521307,0.05059668146620691,3.019424320455622,0.4763762246917914,95,0.6094161184210526,0.5965184535456447
81,1,0.0,0.08306559326618258,0.7359,0.04420000000000002,18,0.125,4.6737419837732865,0.09147112230885324,4.6492102063938034,0.2400865266979752,3.1197163048252,0.12726541250442489,2.9268997066918057,0.36613761414081725,3.7873364466375246,0.056124166672313014,3.4139426419460563,0.44447289247584904,95,0.6912006578947368,0.8860202260559191
81,1,0.0,0.08306559326618258,0.7359,0.04420000000000002,4,0.125,5.646485016632608,0.11050895050790258,5.303441851656748,0.34488512087504486,3.6867553063580654,0.1503971480165809,3.5774271099678367,0.2765460813917267,3.694279400930283,0.054745163455436646,3.736885395474533,0.14343809906521574,95,0.591077302631579,0.6984347826086956
82,1,0.0,0.08267103019950528,0.737,0.0010999999999999899,16,0.125,6.355213774353745,0.12458263849601411,5.7471053983904135,0.4381284764388197,3.9483869804254845,0.16216114704761145,3.6844538561035844,0.36046095979283516,3.790406131342229,0.056252296874749357,3.5311743225287087,0.3680588065236714,95,0.5779605263157894,0.5209163346613546
82,1,0.0,0.08267103019950528,0.737,0.0010999999999999899,4,0.125,5.195435782428594,0.10184725815574584,4.867088139215583,0.3550060153046227,3.616576288884004,0.1485336068369431,3.1266270067102226,0.5101566327622612,3.6781660804173244,0.05458657545939566,3.275436541250406,0.4552564321840052,95,0.5814144736842105,0.7404526166902404
82,1,0.0,0.08267103019950528,0.737,0.0010999999999999899,6,0.125,5.2394833428852525,0.10271073206800795,4.985545067032066,0.3207245524463808,3.259633152019384,0.13387387140784343,3.142683850609464,0.3095844099422716,4.687559354699909,0.06956668264601329,4.817503296133583,0.09066600977710479,95,0.5423108552631579,0.7648798240958374
82,1,0.0,0.08267103019950528,0.737,0.0010999999999999899,15,0.125,5.512460566805165,0.10806196398761686,5.333816810523644,0.2771374655092968,3.5190337726865306,0.1445275136168738,3.3836734463297766,0.30401874695076375,3.503162160764825,0.051989394022521195,3.246004760197556,0.38388541415896543,95,0.5879523026315789,0.5650045457724316
82,1,0.0,0.08267103019950528,0.737,0.0010999999999999899,9,0.125,5.685934637219714,0.11146261393744258,5.289909131601438,0.3668860820473713,3.425034302017012,0.14066693407864553,3.1378238938932013,0.4031575622538219,3.489165767361797,0.05178167768564304,3.1382796827407917,0.43777070527760303,95,0.6055509868421053,0.5870170435254974
82,1,0.0,0.08267103019950528,0.737,0.0010999999999999899,12,0.125,5.920257826740398,0.1160561024097099,5.357385729018757,0.43071084885688177,3.7596649292099524,0.1544102896848433,3.426282784306601,0.4117169193561512,4.033186215520464,0.05985532433334906,3.504933576264901,0.5058940797667991,95,0.5897203947368421,0.6842839213498815
82,1,0.0,0.08267103019950528,0.737,0.0010999999999999899,2,0.125,6.298131932357854,0.12346365072651397,5.808105286261801,0.38957842889989186,4.313203916705618,0.17714426120102877,3.790387863924362,0.49851652293364,3.996253822643229,0.05930722160861823,3.2076496171035123,0.6422057286245879,95,0.5659950657894737,0.47017798764983654
82,1,0.0,0.08267103019950528,0.737,0.0010999999999999899,3,0.125,5.749608674662429,0.11271082994873076,5.258712709105575,0.4054423222051206,3.799983152685283,0.1560661682494558,3.3573073436058114,0.47387111706270924,4.073856544587976,0.060458900664070454,3.5946725164341458,0.47748068505343744,95,0.6509046052631579,0.6765003158559697
83,1,0.0,0.08227288438619752,0.667,-0.06999999999999995,6,0.125,5.196002879459831,0.10204403338279247,4.933460893983324,0.3275219966294927,3.3402548509438277,0.13782741960159567,3.1299122016762464,0.35940319631645584,2.9061481810102925,0.04303516174835718,2.6604138685975562,0.4310266331191761,95,0.5557976973684211,0.7497225715765332
83,1,0.0,0.08227288438619752,0.667,-0.06999999999999995,10,0.125,6.0181064649996205,0.11818928342846928,5.377278068359352,0.4590588085685428,3.733890228248707,0.15406981748405127,3.327279212244558,0.4578075135200635,2.9134588669265082,0.043143420698451874,2.704063392767181,0.4106147845997086,95,0.6713815789473684,0.8472562469377756
83,1,0.0,0.08227288438619752,0.667,-0.06999999999999995,17,0.125,5.841523885518454,0.1147213872295224,5.389893754178925,0.3857111431681508,3.5174661258893334,0.14513960799439046,3.24159826745859,0.38954744532174046,4.008883137395356,0.05936480987975463,3.391175668833365,0.547308711607638,95,0.6094161184210526,0.5471965454422778
83,1,0.0,0.08227288438619752,0.667,-0.06999999999999995,18,0.125,5.7018690101179725,0.11197871231227564,5.258913978182704,0.38645027044455427,3.756313479066287,0.1549950579034741,3.4997438000136762,0.3645155050442463,5.585679117973753,0.08271450364683595,4.804528971160097,0.5793574559646011,95,0.6683388157894737,0.8751691891226775
83,1,0.0,0.08227288438619752,0.667,-0.06999999999999995,8,0.125,5.502929104384876,0.10807174173263114,4.978167594995101,0.4271991276430646,3.7416074119620135,0.15438824813238816,3.409042419366685,0.4124539776174023,3.2429948036335587,0.048023293111961844,3.323425860184575,0.21441545032405415,95,0.6384046052631579,0.4444802267164756
83,1,0.0,0.08227288438619752,0.667,-0.06999999999999995,7,0.125,5.738331408333156,0.11269479547600816,5.264518273759631,0.39825551142070975,3.9630834227622054,0.16352691222672222,3.569821961148804,0.4390906919186663,4.149819197788644,0.061451835653193634,3.2407573642134193,0.6808153763022359,95,0.6842927631578948,0.7558586708328326
83,1,0.0,0.08227288438619752,0.667,-0.06999999999999995,15,0.125,5.444490656798393,0.10692407206525528,5.004380336674366,0.3939557135596778,3.4671084440590025,0.14306172182895865,3.071711285587281,0.46526432086738906,3.935051775209799,0.058271491708809735,3.993835535128209,0.1813412087713905,95,0.5731085526315789,0.6172334624766824
83,1,0.0,0.08227288438619752,0.667,-0.06999999999999995,19,0.125,5.557001779571406,0.10913367222032262,5.269778053956443,0.32475972251793167,3.318348575845228,0.13692351091658334,3.0468157418510984,0.39908526593429283,3.2416428761726905,0.04800327334238138,2.8831570038752434,0.46146972829141164,95,0.5939144736842106,0.8098864580448629
84,1,0.0,0.08187119948743449,0.6985,0.03149999999999997,12,0.125,5.9456270241547875,0.11695794494560974,5.2742170583559504,0.46432672616177506,3.6739885319748895,0.15241756110929172,3.1415491579952777,0.5242325318504577,3.281929919889078,0.049229222269317724,2.801541798572242,0.5234408825551599,95,0.5829769736842105,0.6264635350543095
84,1,0.0,0.08187119948743449,0.6985,0.03149999999999997,0,0.125,5.753254245296315,0.11317373096996743,5.093724098355952,0.4664740881221226,3.9904808838420003,0.16554743126579946,3.4511944194982114,0.5119837960314315,4.561644237863985,0.06842504367276324,3.6866710588742717,0.6806144134680274,95,0.7811266447368421,0.9456229931041743
84,1,0.0,0.08187119948743449,0.6985,0.03149999999999997,18,0.125,5.171425332288138,0.10172842609313686,5.00563664629042,0.3043927829085037,3.292963087498867,0.13661049789660337,3.0360472665648386,0.3996768657894462,4.108393311733196,0.06162624201309196,3.5424647876681954,0.5287660016261909,95,0.6840871710526316,0.8711306124902326
84,1,0.0,0.08187119948743449,0.6985,0.03149999999999997,16,0.125,6.868788376161019,0.13511768724784545,6.191390678074192,0.4407453884508593,4.170024326055455,0.1729958958805303,3.7483329832702776,0.4407138273646761,3.766574332876068,0.05649892884773421,3.4214733522595897,0.41821070882437017,95,0.5980263157894737,0.5063256325632564
84,1,0.0,0.08187119948743449,0.6985,0.03149999999999997,7,0.125,5.520237577907979,0.10859000070147001,5.208364677598981,0.34614882528069957,3.459143873761335,0.14350460492086636,3.292385917571749,0.33644603950653457,3.257111780190237,0.048856948105832076,2.9215314986532572,0.44325699505589927,95,0.6833881578947368,0.7433212996389892
84,1,0.0,0.08187119948743449,0.6985,0.03149999999999997,9,0.125,5.982488513237007,0.11768305669466102,5.374832184174067,0.4400309747274755,3.6298765579729917,0.15058755009140984,3.1263247851638885,0.511579494743489,3.0617536425047547,0.045926559762084734,3.037222497248941,0.26863602840203205,95,0.5892680921052632,0.5398785848859117
84,1,0.0,0.08187119948743449,0.6985,0.03149999999999997,19,0.125,6.699290143581275,0.13178344430359382,5.973411670738325,0.46255872910340773,4.498930843083979,0.1866407749328588,4.141348678982037,0.3916068053489955,4.421887500748329,0.06632868097062067,4.577449621644884,0.07284415226919076,95,0.591077302631579,0.7241043478260869
84,1,0.0,0.08187119948743449,0.6985,0.03149999999999997,17,0.125,5.624160618140415,0.11063429731959054,5.268180139515448,0.35893450342278516,3.570558974227323,0.14812672546805394,3.377299016220654,0.344443782059125,4.085773075777246,0.06128693658889281,3.909862890549504,0.300647186006026,95,0.6131578947368421,0.5612258583690987
85,1,0.0,0.08146601955249189,0.7199,0.021399999999999975,7,0.125,5.170579546456324,0.10181116964462153,4.8512535702057535,0.3515916140160676,3.162387618479492,0.1314126544724072,2.990506942832569,0.3393510316993405,2.6824807665689794,0.04016034752164089,2.302070083673225,0.5137764950151611,95,0.6902138157894737,0.7554509710473013
85,1,0.0,0.08146601955249189,0.7199,0.021399999999999975,3,0.125,5.378995451704924,0.1059149779112297,5.040964237270009,0.35194775469528233,3.461391871340124,0.14383774187704576,3.226663679132516,0.3636655966851052,3.435782747566403,0.05143829207305399,3.335849661387226,0.277475681793741,95,0.6314555921052631,0.6613270821123918
85,1,0.0,0.08146601955249189,0.7199,0.021399999999999975,0,0.125,4.476866947041004,0.08815163873341265,4.397135038443591,0.27606701073966405,3.005149956257938,0.12487866146825258,2.8328308123193726,0.35088916113424845,3.9485148499821374,0.05911458175055835,3.4889172612902515,0.4833366204540161,95,0.8134868421052631,0.9540032349373231
85,1,0.0,0.08146601955249189,0.7199,0.021399999999999975,18,0.125,5.911415758050264,0.11639858688475711,5.261276558881539,0.46803243036989844,3.474443657635088,0.14438010735830592,3.146641054454223,0.42492700841344705,3.194038880966145,0.04781906101839512,2.946316264379742,0.3905790045475916,95,0.6633223684210526,0.8491817505578974
85,1,0.0,0.08146601955249189,0.7199,0.021399999999999975,12,0.125,5.04794901602099,0.09939651619512214,4.7993608673632675,0.3253354127533048,3.1782130037226053,0.1320702765395736,2.9702796911885594,0.3628468164047552,3.2191273596252277,0.048194669311395766,3.0453762853321016,0.34071252930315854,95,0.5924342105263158,0.7127984453081622
85,1,0.0,0.08146601955249189,0.7199,0.021399999999999975,14,0.125,5.420367367393121,0.10672961060159045,5.015069184912331,0.37972467924953834,3.4044633889792237,0.14147208532741365,3.0366595768708615,0.4548050627563148,4.450124320032945,0.06662435065121396,3.9258226482635834,0.5050529588061775,95,0.6569901315789474,0.7055326073350857
85,1,0.0,0.08146601955249189,0.7199,0.021399999999999975,2,0.125,6.599587656401144,0.12994901875765635,5.988262037610244,0.4344935025505825,4.31503258699416,0.17931068382581267,3.878827647138999,0.4600270903043206,4.851211771764675,0.07262916964147957,4.449264405534031,0.4163852440475712,95,0.5789884868421052,0.4422981322349265
85,1,0.0,0.08146601955249189,0.7199,0.021399999999999975,15,0.125,6.719698646203305,0.13231406125416184,6.126605933505516,0.42407856068741373,4.216881122678494,0.1752320109930759,3.946396553166599,0.3533465448913816,4.63950382102582,0.06945961667367148,4.666661698030394,0.13569055981278644,95,0.590625,0.5442077415761626
86,1,0.0,0.08105738901391553,0.7385,0.01860000000000006,13,0.125,6.248513835306531,0.1232541856201503,5.6872996383153405,0.42515001313125816,4.383665702000476,0.18316137884112346,3.846482051697246,0.5218166893860653,3.0067798707214672,0.04551433637543479,2.672883430223318,0.45808193315174195,95,0.6055921052631579,0.5886067354698533
86,1,0.0,0.08105738901391553,0.7385,0.01860000000000006,18,0.125,4.656811593674293,0.09185728569914291,4.5532621637074,0.2706900393176632,3.083760079574217,0.12884781518177107,2.947171330965586,0.321155263380293,2.94795569023784,0.044623900875446335,2.8033769920140896,0.3335627772352989,95,0.710608552631579,0.8950352968406434
86,1,0.0,0.08105738901391553,0.7385,0.01860000000000006,11,0.125,5.331598114667536,0.10516769283028062,4.760754794981297,0.45554217771392946,3.4000801470140334,0.1420645209358057,3.03152651548766,0.45529518882464703,2.6806866923030785,0.04057818698957771,2.337057311698952,0.4900404987384953,95,0.7359375,0.9354676500167617
86,1,0.0,0.08105738901391553,0.7385,0.01860000000000006,6,0.125,6.026089823422865,0.11886679188627004,5.510830147565677,0.41043593550846513,3.701177240622098,0.15464516977614512,3.3943091760802324,0.3994525281975811,3.671358666631279,0.055574222421486685,3.2255558220853793,0.49390809612119324,95,0.5329358552631579,0.7362857804181776
86,1,0.0,0.08105738901391553,0.7385,0.01860000000000006,7,0.125,5.128368877849238,0.1011589229469992,4.997416495617491,0.2634407195908451,3.0872975849941873,0.12899562170134304,2.9584557070827144,0.3155536732436778,3.9455119315271485,0.05972414508074017,3.5756787106914025,0.4321041366472784,95,0.6983552631578948,0.7519430051813472
86,1,0.0,0.08105738901391553,0.7385,0.01860000000000006,12,0.125,5.031606311142312,0.09925024647250877,4.78121208843862,0.3231321752835644,3.517142497492766,0.1469557017378187,3.3655699898157074,0.3040825426150928,3.2270514768115826,0.04884863965156295,3.0087581978574476,0.3654506759137148,95,0.6032072368421053,0.7439672801635991
86,1,0.0,0.08105738901391553,0.7385,0.01860000000000006,4,0.125,5.967659179572159,0.1177142263942347,5.344318018477708,0.459519467834035,3.8933337022135057,0.16267398512177061,3.4784163586365193,0.4613561255238215,3.558220906147872,0.053861629445343874,3.238097139793066,0.4161277403015337,95,0.5845805921052631,0.6729267778012239
86,1,0.0,0.08105738901391553,0.7385,0.01860000000000006,14,0.125,5.058679802445193,0.09978428083818079,4.681077834614032,0.38003982459438923,2.8612890447202513,0.11955237518563527,2.734472027424215,0.33174465327768743,2.98059783846042,0.045118012775251896,2.849714997052362,0.32141460082059975,95,0.6664884868421053,0.6964032327719168
87,1,0.0,0.08064535268264883,0.715,-0.023500000000000076,4,0.125,5.208371402967346,0.10287919189180453,4.984283441488141,0.3113761291227605,3.3080461183228964,0.1383758536815059,3.1536864299117506,0.3234624754360043,4.101215873939484,0.06194354853410459,3.423547303115569,0.6017703445410743,95,0.5876644736842105,0.7194234536803806
87,1,0.0,0.08064535268264883,0.715,-0.023500000000000076,8,0.125,5.653840323739848,0.1116783882309671,5.173325347009948,0.40363028692659964,3.5860638110829735,0.1500053576842319,3.2141583249396484,0.44524340363552656,3.9559653492655484,0.059749727676754405,3.348804219190096,0.5668475008145337,95,0.6408717105263158,0.4567560631335814
87,1,0.0,0.08064535268264883,0.715,-0.023500000000000076,12,0.125,4.876502684736486,0.09632390178205773,4.663361933877537,0.32093492025386955,3.100415641983487,0.1296906529962357,2.923629305592503,0.3526145313243964,2.7673880585129083,0.04179780869484785,2.6329992241056246,0.355053859129415,95,0.6041529605263158,0.754100592118696
87,1,0.0,0.08064535268264883,0.715,-0.023500000000000076,1,0.125,6.376135705844232,0.12594564366819366,5.761762462653532,0.43790481578457274,4.2157163733155505,0.17634377852397903,3.7522055908848446,0.47369715513666144,4.6434018535454795,0.07013256480989856,4.200142013912284,0.4452453967348113,95,0.6035361842105263,0.8637416541763183
87,1,0.0,0.08064535268264883,0.715,-0.023500000000000076,2,0.125,6.574132467825526,0.12985660648052774,5.892187750808361,0.46064907681443923,3.871020091298468,0.16192510339706256,3.4935077370813317,0.43477752326114993,3.4579175262585826,0.05222736103110333,3.0782135847150762,0.4566301460484456,95,0.5805921052631579,0.46628895184135977
87,1,0.0,0.08064535268264883,0.715,-0.023500000000000076,15,0.125,6.683160545743628,0.1320102010846569,5.820473481022891,0.5304997579186606,4.2934198350042845,0.179594121010328,3.729470305738151,0.5316997700294845,3.923235199765189,0.059255381203312966,3.649963568653257,0.36678210247339954,95,0.5966694078947369,0.546413065949969
87,1,0.0,0.08064535268264883,0.715,-0.023500000000000076,11,0.125,4.5689093811523165,0.09024811569544323,4.70927788671028,0.1773658028697222,3.119112600236,0.13047274836821637,3.1777081726051826,0.1924247129208644,2.6980854604348696,0.040751082801957224,2.7932271266550757,0.20704871710608255,95,0.7602796052631579,0.9418604651162791
87,1,0.0,0.08064535268264883,0.715,-0.023500000000000076,7,0.125,5.1838969920330165,0.10239575716256896,4.770923680714988,0.39258306230603274,3.160373326250605,0.13219868808657925,2.879670123917587,0.4145223324145257,3.597127140146436,0.05432994176309321,3.7162348908071734,0.12238348187391247,95,0.7090460526315789,0.75336348874971
88,1,0.0,0.08022995574311875,0.7246,0.009600000000000053,14,0.125,6.4040869428295775,0.12667767011473924,5.779968278178522,0.4464893526625376,4.378454439734802,0.18386772984539865,3.919323930629413,0.46612143903482045,4.511431762444717,0.06907733951170383,3.924399553893153,0.5582802663564093,95,0.6622121710526315,0.69009624340267
88,1,0.0,0.08022995574311875,0.7246,0.009600000000000053,1,0.125,5.8519823001272355,0.11575662384828095,5.463317184554988,0.3583601340588061,3.7943768173752837,0.1593401190286358,3.692791198629342,0.2597464614658648,4.5082921438918495,0.06902926685802456,4.931538470546371,-0.1824098276367379,95,0.6078947368421053,0.8426001082251082
88,1,0.0,0.08022995574311875,0.7246,0.009600000000000053,18,0.125,5.805438365805877,0.11483594972089346,5.214857249532598,0.4476549153109437,3.5636141966529884,0.14964953076526835,3.1087836702376577,0.4974391525775379,3.6932389837560717,0.056549480655456195,3.5675096596845988,0.2735796170589003,95,0.6779194078947368,0.8634681870564688
88,1,0.0,0.08022995574311875,0.7246,0.009600000000000053,0,0.125,5.726395532317749,0.11327242285516993,5.249771130050363,0.40082687090257496,3.9848440985249725,0.16733855479560467,3.566041016901266,0.4559317710005662,4.246237794840933,0.06501678962394591,3.805678749037197,0.469616680005493,95,0.7828947368421053,0.9460609243697479
88,1,0.0,0.08022995574311875,0.7246,0.009600000000000053,2,0.125,5.530684290189518,0.10940110686752162,5.330983680625979,0.2833803638562535,3.593205880831575,0.15089219661165507,3.3139919349793536,0.38679063452747997,3.76047720475535,0.057579006904483004,3.30790274657268,0.49568705629914356,95,0.5810855263157895,0.5392018114916501
88,1,0.0,0.08022995574311875,0.7246,0.009600000000000053,10,0.125,5.666987576888631,0.11209728868737617,5.286664629273046,0.36032912828021385,3.6048557802989936,0.151381419600608,3.271539679337527,0.4204329475240264,3.1185334876617405,0.04774980712311453,2.795128676268082,0.44368723286326733,95,0.6789884868421052,0.8619269666323502
88,1,0.0,0.08022995574311875,0.7246,0.009600000000000053,8,0.125,5.324732210908582,0.1053272193966767,5.005432208159433,0.34476026456797276,3.4902220817603804,0.1465675204943852,3.375993509952889,0.28473508162609307,3.996876975513963,0.0611986709235909,3.3552023697850846,0.608248614032489,95,0.6384457236842105,0.48277194564307335
88,1,0.0,0.08022995574311875,0.7246,0.009600000000000053,15,0.125,5.35205496852649,0.10586768415098827,5.160334749930083,0.28601402340989945,3.5988142425103153,0.15112771276106698,3.468026112391685,0.28960150419079356,3.708491469412323,0.056783020956086463,3.8281494143717696,0.08973475451129588,95,0.5965871710526316,0.6061065545523469
89,1,0.0,0.0798112437482808,0.7344,0.009800000000000031,15,0.125,5.637818985384299,0.11166291939439431,5.487148195305729,0.27582167386283,3.6624803581038123,0.15424942767902913,3.3713295334913096,0.39816619069553666,3.7661315162333966,0.0580807309970873,3.2119932347172857,0.5319393180306234,95,0.5951069078947369,0.5780418710702688
89,1,0.0,0.0798112437482808,0.7344,0.009800000000000031,17,0.125,6.1735107788251256,0.12227285733427731,5.432442712585086,0.4839834931823273,4.0043143874612905,0.1686461474519937,3.5623176723791987,0.4572837008258426,4.1054950502378595,0.06331434592629907,3.9142696498211906,0.31261305944122897,95,0.6063322368421052,0.5329580903295809
89,1,0.0,0.0798112437482808,0.7344,0.009800000000000031,19,0.125,6.26240041391484,0.12403340980745028,5.569863896625756,0.46368137270392334,4.290907628759407,0.1807163400877297,3.7177325017538942,0.5102391058182087,3.6743371421022717,0.05666509154637369,2.94812899904252,0.6243688317545424,95,0.5803453947368421,0.7764630862972934
89,1,0.0,0.0798112437482808,0.7344,0.009800000000000031,11,0.125,5.244149886781318,0.10386588991556081,5.070593536753381,0.3010245526394172,3.5836989424755337,0.15093146086849935,3.37135013046948,0.3611009418922084,3.6121407798141827,0.05570590831777929,4.072464572069582,-0.07785095964604506,95,0.7387335526315789,0.9320939552488033
89,1,0.0,0.0798112437482808,0.7344,0.009800000000000031,6,0.125,5.775399934625451,0.11438785442426062,5.538628516186727,0.3051733559891879,3.4144969893296957,0.1438053327031508,3.2870541700024103,0.3265413081357692,3.8319895111443114,0.0590963833899846,3.422488320793228,0.4506419798879482,95,0.5377878289473684,0.7428702500191147
89,1,0.0,0.0798112437482808,0.7344,0.009800000000000031,4,0.125,6.076168468835175,0.1203448907673743,5.359554419409607,0.47791768184554245,4.42851641671491,0.18651188701503954,3.7284237474492827,0.5671274547107594,4.466743914905142,0.06888547323327318,3.9381628170383403,0.48828047316194634,95,0.5707236842105263,0.663328530259366
89,1,0.0,0.0798112437482808,0.7344,0.009800000000000031,13,0.125,5.9521561091980555,0.11788869588882865,5.508247396693828,0.37984131203610494,3.8251892447680715,0.16110209313857796,3.4964191446552664,0.40823488635943295,3.6376274053244266,0.05609895933947182,3.050734432309898,0.5556933760556698,95,0.6042763157894737,0.5699510070767556
89,1,0.0,0.0798112437482808,0.7344,0.009800000000000031,9,0.125,6.388296762636422,0.1265269190662241,5.506531284251637,0.5288532285588021,3.9691377925875617,0.16716464609323176,3.463995728167643,0.49106689670870873,3.314530437924022,0.051116205028139204,2.8264941847224625,0.5234460762513089,95,0.6054276315789474,0.5491714208095626
90,1,0.0,0.07938926261462366,0.6926,-0.04180000000000006,12,0.125,6.264733402562868,0.12417763815989634,5.640527788391,0.4395055037577978,4.285100005996638,0.18069158268085497,3.8477128642722667,0.4422169044658536,3.8038918336249825,0.058889125050454086,3.565620764838635,0.3505669435356576,95,0.5727384868421053,0.6940196711896044
90,1,0.0,0.07938926261462366,0.6926,-0.04180000000000006,11,0.125,5.182019018672098,0.10271640328303776,4.7853430615017025,0.3895391256346859,3.3854598223131585,0.14275608329797534,2.958962904494823,0.4862711697588849,4.100864664720069,0.0634866454195546,3.2980354450167946,0.6691894163814048,95,0.7520559210526315,0.9322033898305084
90,1,0.0,0.07938926261462366,0.6926,-0.04180000000000006,6,0.125,5.7642435688447184,0.11425708105386945,5.2420452649591445,0.4159419579644789,3.750051614829353,0.15812997607294196,3.305627658490643,0.4724785282575217,2.954021070367137,0.04573203545820827,3.0044308605278838,0.21672292223130438,95,0.54375,0.6949485783424078
90,1,0.0,0.07938926261462366,0.6926,-0.04180000000000006,9,0.125,5.093265926646102,0.10095716651445197,5.151159735501456,0.2076971849921642,2.9775492468378943,0.1255555495013922,2.9360682392548756,0.3114802969420324,2.63291568877785,0.0407609122512781,2.593128237417487,0.3082451610426775,95,0.5976973684210526,0.5972757292239956
90,1,0.0,0.07938926261462366,0.6926,-0.04180000000000006,13,0.125,5.333945236540495,0.10572783851853325,5.126291272022293,0.30786449704817,3.6465492297302764,0.15376554823027233,3.3781867462549746,0.38570749676471394,2.822837198714643,0.04370114084809931,2.346367570747015,0.5568524201307379,95,0.6157483552631579,0.6389983305509181
90,1,0.0,0.07938926261462366,0.6926,-0.04180000000000006,1,0.125,5.813426903542474,0.11523197814000825,5.429536711959608,0.3603969377452357,3.7693424743403114,0.15894342171748496,3.44970494762175,0.40587133113363616,5.104109656197189,0.07901816480638121,5.300042962716368,0.010610781050486425,95,0.6080180921052631,0.8570365861905728
90,1,0.0,0.07938926261462366,0.6926,-0.04180000000000006,18,0.125,6.354457000824646,0.12595611200760978,5.44912748834716,0.5415272421842784,4.011540479265835,0.16915628507444175,3.406220952800299,0.5403107549469346,3.464399860382332,0.0536333538192149,2.7108156728919353,0.6669234359709465,95,0.6402138157894737,0.8511239563262685
90,1,0.0,0.07938926261462366,0.6926,-0.04180000000000006,5,0.125,6.507640936464003,0.1289924773418395,5.591634195818368,0.5416665812322228,4.069055457877444,0.17158154294442,3.3835080498501866,0.5771111132454044,3.7087482553525524,0.0574161804127793,2.9737579457921286,0.6464415648462598,95,0.6405427631578947,0.7797534985235589
91,2,0.0012179748700879012,0.07896405861713394,0.7297,0.03710000000000002,1,0.125,5.453135881807012,0.1081800986529459,5.075452636122135,0.36879219221279036,3.3227771629564105,0.1415850261382486,3.0771099643452207,0.3808361528808128,4.304563169905108,0.0667420862436713,3.510823914558032,0.591788359496758,95,0.6361842105263158,0.8614270941054809
91,2,0.0012179748700879012,0.07896405861713394,0.7297,0.03710000000000002,3,0.125,5.214551447149374,0.10344702611675083,4.996797517053121,0.3116789936568612,3.096866993873781,0.13195889244771805,2.8870591893057695,0.3730013410501877,2.480548689319523,0.03846081193828526,3.370943800467142,-0.11605713065708377,95,0.6456414473684211,0.7058973379187364
91,2,0.0012179748700879012,0.07896405861713394,0.7297,0.03710000000000002,9,0.125,5.833640558089973,0.1157286054773454,5.377868294725291,0.38749994647116376,3.3519591071665693,0.1428284818775688,3.216630885543395,0.30653724141196526,2.898016256582101,0.04493363049812739,2.2213019518802346,0.6442231584202818,95,0.5822368421052632,0.5838276836158192
91,2,0.0012179748700879012,0.07896405861713394,0.7297,0.03710000000000002,5,0.125,5.14442758204418,0.10205589873437358,5.092132104807749,0.24369920958275632,3.061260340944828,0.13044167698655365,3.002037123878408,0.2753817055420033,3.539619369115468,0.054881662059214666,2.9340024108989176,0.5594670324765457,95,0.6594572368421052,0.79105873550318
91,2,0.0012179748700879012,0.07896405861713394,0.7297,0.03710000000000002,4,0.125,6.160844808862208,0.12221973074827375,5.52862127186382,0.448388957070553,3.9307097013655774,0.16748930443308618,3.6590515600981006,0.36530401859581263,3.9373101526419307,0.06104784234854273,3.161635990183525,0.6030178279913664,95,0.5594161184210527,0.6851157662624036
91,2,0.0012179748700879012,0.07896405861713394,0.7297,0.03710000000000002,19,0.125,6.612230975154315,0.131174394827518,5.822458870230399,0.4986720105756048,4.335875341130373,0.18475359417720447,3.730356457081696,0.5578278182184243,3.7143529654745233,0.05759089974432918,3.4383384224306055,0.402981489689515,95,0.5875411184210526,0.7652040030792918
91,2,0.0012179748700879012,0.07896405861713394,0.7297,0.03710000000000002,15,0.125,6.36143341011182,0.12619903644359576,5.712606055016274,0.44959862498461656,3.829386684390056,0.16317188520713924,3.333219409571297,0.5106370777807935,3.3469462381178765,0.051894272580118486,2.831499744940472,0.5370562496283734,95,0.5977796052631579,0.5414775072224515
91,2,0.0012179748700879012,0.07896405861713394,0.7297,0.03710000000000002,8,0.125,5.7395498338348165,0.11386202007531851,5.342859924718575,0.3664872729180678,3.739798125865984,0.15935447652210033,3.4735910449118874,0.37077168883135453,5.555157399931576,0.08613250163815703,4.182494225470699,0.7788820202928797,95,0.6208881578947368,0.4793377483443709
92,2,0.004865965629214819,0.0785356783842216,0.762,0.032299999999999995,4,0.125,5.201442196276336,0.10326701324193725,4.878521038829614,0.3494071088479433,3.3217212829078937,0.14197292393221977,2.9835669390204322,0.4400034266070663,3.6883921414107625,0.05847870614845899,3.602636593216813,0.24869021635646363,95,0.5994654605263158,0.7304341861581727
92,2,0.004865965629214819,0.0785356783842216,0.762,0.032299999999999995,0,0.125,5.587626301822453,0.11093413279001303,5.036174504362409,0.43965592498175265,3.965882351052009,0.1695048637124478,3.465340110808179,0.49977693455393174,5.090086898299678,0.08070229102102364,4.290293063747508,0.6689612115495583,95,0.7899671052631579,0.9485738080366438
92,2,0.004865965629214819,0.0785356783842216,0.762,0.032299999999999995,18,0.125,5.885416841604099,0.11684632761108976,5.332598460983206,0.4317195999087598,3.864471532826688,0.16517048729866157,3.2996250521486004,0.5406332043752251,3.926653662313686,0.06225629403314571,3.296990046821881,0.595034400696369,95,0.6558799342105263,0.869036424048649
92,2,0.004865965629214819,0.0785356783842216,0.762,0.032299999999999995,2,0.125,5.993159916327387,0.11898540848603287,5.4859721593047235,0.4084133432538032,3.7653827337205676,0.16093535576898882,3.386004079861157,0.43874322967297874,3.2175685068293634,0.05101389331977099,2.8665540856073366,0.45489125639667055,95,0.5479029605263158,0.515422138836773
92,2,0.004865965629214819,0.0785356783842216,0.762,0.032299999999999995,17,0.125,5.509322722287897,0.10937952995496185,4.989952302534216,0.4278336221791778,3.592140649884235,0.15353085578372114,3.201451753384324,0.4545266991502071,2.7376622221205262,0.04340507692327131,2.6786536288099865,0.2946684479179645,95,0.5837171052631579,0.5850239504085658
92,2,0.004865965629214819,0.0785356783842216,0.762,0.032299999999999995,8,0.125,5.498568263861957,0.1091660159411992,5.169644598441862,0.34186755684181813,3.7399984084605546,0.1598504101723325,3.298148042112052,0.4765002758963097,3.6295599680448243,0.05754593402270938,3.1902003144759665,0.48904196199264766,95,0.6225328947368421,0.48163804491413476
92,2,0.004865965629214819,0.0785356783842216,0.762,0.032299999999999995,1,0.125,5.092969879557263,0.10111345433571096,4.989075394914004,0.2504265605400038,3.2641831857074544,0.13951370137821564,3.244705154093936,0.24632927511336525,3.4131621901969997,0.05411499133094283,3.535577257083793,0.11232042053594177,95,0.6325246710526315,0.867061041409348
92,2,0.004865965629214819,0.0785356783842216,0.762,0.032299999999999995,19,0.125,5.042667293102235,0.10011477018898068,4.837072170035389,0.30082276856356843,3.2992571016897254,0.14101278753917038,3.2836781042834335,0.24130319564083091,3.2684107556039192,0.05181998681851619,3.560394349125403,-0.009243116522084758,95,0.6223684210526316,0.834764799154334
93,2,0.010926199633097156,0.07810416889260653,0.7295,-0.03249999999999997,14,0.125,5.522986399097303,0.10978266367091952,5.078812268724127,0.3936204339538971,3.4663323972256523,0.14843467539185415,3.1961007337261713,0.3871167318687682,4.567568000449422,0.07213577993705539,3.469625962045202,0.7320018076968022,95,0.6582236842105263,0.6937156421789106
93,2,0.010926199633097156,0.07810416889260653,0.7295,-0.03249999999999997,6,0.125,5.912031777998935,0.11751587807674606,5.419298497239825,0.4039039315531809,3.714110565585695,0.15904498847641227,3.445364241277033,0.37356105773723974,3.075352537109519,0.04856916280698376,3.2849266622466384,0.174328326128469,95,0.5305098684210526,0.7232212060145714
93,2,0.010926199633097156,0.07810416889260653,0.7295,-0.03249999999999997,15,0.125,5.8805702313591555,0.11689050402297572,5.464933780288755,0.3699582696486336,3.765942050257565,0.1612645071839963,3.486829165000673,0.37822901075298443,3.496408996204546,0.05521892392085575,3.7174161637960697,0.13267483342363506,95,0.5931743421052632,0.5677942603632331
93,2,0.010926199633097156,0.07810416889260653,0.7295,-0.03249999999999997,7,0.125,5.480095789158785,0.10893010944295861,5.077296043294031,0.37631627381769706,3.334907789351281,0.14280683398116092,3.0765006041975798,0.38650167971505084,3.35406828190954,0.052970931457151316,3.1436544899388803,0.3823443188233003,95,0.6837993421052632,0.7725195429945881
93,2,0.010926199633097156,0.07810416889260653,0.7295,-0.03249999999999997,11,0.125,5.0209689240960556,0.09980385662116939,4.673379559332222,0.3677012020812937,3.1021590427976533,0.13284010815007793,2.8249079314006784,0.4139004498260619,3.7620888318701686,0.05941481594860502,3.024060843431728,0.6083790002242087,95,0.7480674342105263,0.9344802946188094
93,2,0.010926199633097156,0.07810416889260653,0.7295,-0.03249999999999997,13,0.125,5.662091405868434,0.11254771088809029,5.222614663245171,0.3871710037679582,3.535099405221415,0.15137940409637474,3.2077928050126063,0.4219649447122021,2.6441030267029064,0.04175842243539139,2.93370941648368,0.1732398214163692,95,0.5932154605263158,0.6436542593747834
93,2,0.010926199633097156,0.07810416889260653,0.7295,-0.03249999999999997,8,0.125,5.203585513037523,0.1034338013857932,4.786573232860021,0.3922456977379429,3.510491801270496,0.1503256616141046,3.2181979298967924,0.399707539355056,3.773538682976445,0.05959564389460016,3.158559663409237,0.5519467334643405,95,0.6144325657894737,0.5375761225992103
93,2,0.010926199633097156,0.07810416889260653,0.7295,-0.03249999999999997,0,0.125,4.667232470046493,0.09277249218228284,4.4677193581343655,0.3144571595911851,3.1655854239645977,0.1355561414731749,2.917513938525478,0.38998227263846713,5.182339555013767,0.08184489112428928,3.949103634347884,0.7751288016037589,95,0.7972450657894737,0.9571406467584713
94,2,0.019369152030840553,0.0776695774621672,0.7364,0.006900000000000017,7,0.125,5.7110158269802165,0.11367293645451655,5.209076352274423,0.41117887789737306,3.7206319067450013,0.15929261696152078,3.281504209213184,0.4761743018501656,3.0182127136134076,0.04808877305169437,3.1452307501542545,0.19720250011618348,95,0.68671875,0.6979821567570804
94,2,0.019369152030840553,0.0776695774621672,0.7364,0.006900000000000017,11,0.125,4.714056728587891,0.09382930938839679,4.544579595152758,0.3066084794201793,2.9642457031156964,0.12690920983348009,2.8482539951302037,0.3310542089013824,2.8511126817298424,0.04542639094922175,2.9945527795893025,0.2028883396354927,95,0.7619654605263158,0.9356753548108575
94,2,0.019369152030840553,0.0776695774621672,0.7364,0.006900000000000017,15,0.125,5.519524256474472,0.10986145881461219,5.329034058715801,0.2826637439152473,3.4789258303988873,0.1489443765545956,3.1731960129252164,0.41073643017464634,3.590600551157902,0.057208550691314024,3.0044510468913908,0.555352688883172,95,0.5881167763157895,0.5800181780046144
94,2,0.019369152030840553,0.0776695774621672,0.7364,0.006900000000000017,4,0.125,5.636326386877097,0.11218630636349917,4.994902144529529,0.4714108972713081,3.839300637586657,0.1643732197088662,3.3034613898023903,0.5259872226830208,3.9248330475617372,0.06253383164105294,3.2008083611950053,0.6072304027218514,95,0.5897203947368421,0.7239576070283085
94,2,0.019369152030840553,0.0776695774621672,0.7364,0.006900000000000017,9,0.125,6.164452927063285,0.12269821816015618,5.469002952136907,0.47862229453414357,3.6074082742563087,0.15444513697073828,3.1537410054575568,0.4904334299684446,2.849709232173342,0.045404029978138555,2.748709068479842,0.35124096021655843,95,0.6009868421052632,0.546455938697318
94,2,0.019369152030840553,0.0776695774621672,0.7364,0.006900000000000017,19,0.125,5.639067409157135,0.11224086409208875,5.1115886396561505,0.4241815085374493,3.6196185405567136,0.1549678990502825,3.231392618043058,0.4517082150434673,4.250072248293436,0.06771582363285543,3.2474384343563183,0.7277256183732661,95,0.6088815789473684,0.8005807671528903
94,2,0.019369152030840553,0.0776695774621672,0.7364,0.006900000000000017,12,0.125,5.345158246192381,0.10639085095655199,4.94003961872919,0.38256557341368636,3.4027469189849255,0.14568290418631022,2.9909078603955486,0.47792551362500807,3.103036876646159,0.04944026491540016,2.9413600230784915,0.3625008473933875,95,0.6052631578947368,0.7213315217391304
94,2,0.019369152030840553,0.0776695774621672,0.7364,0.006900000000000017,16,0.125,5.888846997056838,0.1172125153855105,5.567244771632032,0.3283384524832266,3.5510845244771856,0.15203373005807447,3.4825758119279016,0.2585139652758261,4.2894562412970485,0.0683433234418907,3.5744299907754913,0.5881465256330785,95,0.5842105263157895,0.5632038288288288
95,2,0.030153689607045786,0.07723195175075136,0.7592,0.02279999999999993,12,0.125,5.248734153796753,0.10456117238824912,4.901140770527625,0.35830725880032355,3.1892890099425726,0.13764652207148137,2.8957558970487747,0.4190959025399556,2.978645430570206,0.04811519521819497,2.4101591263169913,0.6145510897122546,95,0.6023848684210527,0.6916723549488054
95,2,0.030153689607045786,0.07723195175075136,0.7592,0.02279999999999993,19,0.125,4.955993737275169,0.09872942700735962,4.788539524721231,0.28259291732997593,3.1290160355638355,0.13504520081389923,2.90989240324864,0.3710041396445291,3.5849684055093882,0.05790936138683854,3.6466556678216153,0.13247397956589438,95,0.6224506578947369,0.8300964460298587
95,2,0.030153689607045786,0.07723195175075136,0.7592,0.02279999999999993,16,0.125,5.829840923727001,0.11613752648930466,5.432464203298896,0.36373656241835517,3.599920142018738,0.1553689508035131,3.382603014456382,0.34294912877993383,2.7682006538416664,0.044715800509773834,2.6653505290729336,0.311786194338721,95,0.5621299342105263,0.5562870309414089
95,2,0.030153689607045786,0.07723195175075136,0.7592,0.02279999999999993,11,0.125,4.8498675287714,0.09661526377159221,4.5326331794804915,0.35897911127336485,3.4025976118922454,0.14685270786861965,3.089178457526694,0.42054821164895134,4.105485462300311,0.06631747184700203,3.658133469425859,0.4844120623066295,95,0.7666529605263158,0.9315634218289085
95,2,0.030153689607045786,0.07723195175075136,0.7592,0.02279999999999993,1,0.125,6.009263047501336,0.11971183356307087,5.587134269006132,0.3705641731407131,3.47098026539844,0.14980403476179335,3.2828461036372247,0.32869449134125217,3.6955384766425436,0.05969544189956444,3.942489101319952,-0.02201283213605013,95,0.6305098684210526,0.8540498239206991
95,2,0.030153689607045786,0.07723195175075136,0.7592,0.02279999999999993,7,0.125,5.350510943097045,0.10658868989996237,5.048639550630024,0.3330916013119756,3.291246151357922,0.14204689026402273,2.9262342233982603,0.4618621705181297,3.328529226302504,0.05376700156028781,2.785833864953875,0.5795172215094317,95,0.6946546052631579,0.7400260447496152
95,2,0.030153689607045786,0.07723195175075136,0.7592,0.02279999999999993,17,0.125,5.773696877198903,0.1150190687515753,5.3606986048531144,0.37267232738634154,3.734452139805483,0.16117521719860756,3.5134230912353828,0.3391920608431984,3.865322392847061,0.06243802622640262,3.4774331350428884,0.4520639357929046,95,0.5730263157894737,0.5962256027554536
95,2,0.030153689607045786,0.07723195175075136,0.7592,0.02279999999999993,14,0.125,5.638100320724045,0.11231782031692852,5.0829032772444,0.4424313445570643,3.5541531242517856,0.15339369211683856,3.249607049985647,0.40661156993515435,4.972052531608035,0.08031546008738769,4.716553985890205,0.32248105550311384,95,0.6671875,0.6956736102551461
96,2,0.04322727117869957,0.07679133974894982,0.7766,0.01739999999999997,9,0.125,5.556830142952015,0.11082492894546533,5.149000093587938,0.3777339062351831,3.345333192343523,0.14637772890011752,3.1262274043912615,0.3573892959246213,3.0754984218755834,0.049684796258124664,2.7112385665749708,0.4722756585616999,95,0.5665707236842106,0.6022207707380797
96,2,0.04322727117869957,0.07679133974894982,0.7766,0.01739999999999997,16,0.125,5.7276766963482135,0.11423227749735984,5.426383978546377,0.3202648740992267,3.853386773008863,0.1686080195831415,3.5096687835279803,0.421116940503869,6.118765425009855,0.0988488926967073,5.476536962876725,0.546865704276314,95,0.5772203947368421,0.5665336942584414
96,2,0.04322727117869957,0.07679133974894982,0.7766,0.01739999999999997,17,0.125,5.224820285632987,0.10420335371282229,4.915604710595177,0.3397520181113394,3.2860677576487274,0.14378452241391243,3.030355056535671,0.38687236967359284,2.8098356537383586,0.045393003937770356,2.4913289401647205,0.463984544886964,95,0.6059210526315789,0.6431188925081434
96,2,0.04322727117869957,0.07679133974894982,0.7766,0.01739999999999997,11,0.125,4.427877443910245,0.0883091961561905,4.342367968365313,0.2591083318681348,2.7548261722005645,0.12053962203951209,2.539162993444445,0.3955095060602472,3.003254574578372,0.04851769410377661,3.1167665372699105,0.15264996575300968,95,0.7761513157894737,0.9432083068446705
96,2,0.04322727117869957,0.07679133974894982,0.7766,0.01739999999999997,18,0.125,5.226767599700155,0.10424219077236462,4.846764016782896,0.37448894082197937,3.1452205933473314,0.13762164211258818,2.92319403846163,0.37151150554672613,3.1429570358266585,0.050774592782218034,2.9268762487151827,0.37227522267772556,95,0.6828536184210526,0.8960077075931836
96,2,0.04322727117869957,0.07679133974894982,0.7766,0.01739999999999997,12,0.125,4.950328170784391,0.09872890724935246,4.659575794281129,0.3404370561386258,3.1533641402417785,0.1379779695188773,2.942117825945333,0.363285353780448,2.770757355731684,0.044761692518208045,2.2711211126457393,0.5768606175257953,95,0.6099095394736842,0.7342412189037956
96,2,0.04322727117869957,0.07679133974894982,0.7766,0.01739999999999997,7,0.125,5.116682223793656,0.10204665777083015,4.820756396482548,0.33691127379902513,2.95196678294777,0.12916566710468022,2.810633450997941,0.32654361723049385,2.927319190447945,0.0472909550287483,2.704781556844604,0.3926442837628741,95,0.6861430921052631,0.7499850182777013
96,2,0.04322727117869957,0.07679133974894982,0.7766,0.01739999999999997,10,0.125,6.520403048740062,0.13004234176366705,5.9004084097699065,0.4565072034721128,4.267345761108046,0.1867211261264394,3.845706316606706,0.460313377874612,3.325962144626087,0.053731047410912156,3.2858304969030323,0.24021915888721943,95,0.6578125,0.8485435679459933
97,2,0.058526203570536506,0.0763477897748339,0.7198,-0.05679999999999996,10,0.125,5.488562318600411,0.10958188788095202,5.134874377216447,0.35334521985613276,3.233755087823027,0.14220435451654576,2.9848931861494608,0.3855074106203965,2.9367830361891443,0.048009825261351086,2.6173334118576954,0.4562523915249347,95,0.6900904605263158,0.844664243579813
97,2,0.058526203570536506,0.0763477897748339,0.7198,-0.05679999999999996,5,0.125,5.568240742568662,0.11117270740981662,5.06527708855414,0.4197021106279629,3.37645827999878,0.14847972626848163,2.983756365512625,0.4752075128984275,3.6701330057549835,0.05999845481294371,3.7782807893563843,0.12844739796702037,95,0.6671052631578948,0.7692307692307693
97,2,0.058526203570536506,0.0763477897748339,0.7198,-0.05679999999999996,18,0.125,5.079878065815812,0.10142230266214511,4.777207963444691,0.3436915227879162,3.063045992118009,0.1346974233774972,2.837925804851267,0.38004117912100593,4.065228056511515,0.06645737401627026,3.7256071202853085,0.40178930046605543,95,0.6959703947368421,0.8830792863050928
97,2,0.058526203570536506,0.0763477897748339,0.7198,-0.05679999999999996,8,0.125,5.267188629467618,0.10516205161524513,4.877735345883573,0.37738271068333684,3.3975513580728456,0.14940729421065033,3.169341930644632,0.36149415441696087,3.0719716118153304,0.050219855697091496,2.566169780560147,0.5542583001494191,95,0.6050986842105263,0.5367627072574069
97,2,0.058526203570536506,0.0763477897748339,0.7198,-0.05679999999999996,11,0.125,4.602397708144896,0.09188916884997521,4.456906772541073,0.2889021906467931,2.7535568888900936,0.1210876425007214,2.768426364421974,0.22979598845465912,2.8090064558050023,0.04592096434750708,3.3430933104380234,-0.12942574460371947,95,0.7730674342105263,0.9368650603691293
97,2,0.058526203570536506,0.0763477897748339,0.7198,-0.05679999999999996,1,0.125,5.7066283983788555,0.11393568607395747,5.217227646440212,0.4094309157470901,3.497294177697764,0.153793483918038,3.174956200399977,0.42141954978019036,4.741198727311749,0.07750798054286945,4.262652931824955,0.4625751772626106,95,0.6233963815789474,0.8598377415737748
97,2,0.058526203570536506,0.0763477897748339,0.7198,-0.05679999999999996,3,0.125,5.477996976693946,0.10937094555306873,4.9777635963085665,0.4212342640199123,3.474068069111445,0.1527721159758936,3.0789239220481424,0.4717994211109732,2.9474459599457394,0.048184140183502616,2.437401887414689,0.5656508811728838,95,0.6479029605263158,0.6847750206257537
97,2,0.058526203570536506,0.0763477897748339,0.7198,-0.05679999999999996,19,0.125,5.6163508834326725,0.11213325040014221,5.240750648000065,0.3595713203159096,3.839431790072386,0.16883898272738623,3.4894439282244645,0.4245127349106146,4.94117114972326,0.0807770817800939,4.123643233761052,0.6551998076333484,95,0.601891447368421,0.7999726738625496
98,2,0.07597595192178702,0.07590135046865652,0.7341,0.01429999999999998,18,0.125,4.730900952287186,0.09455581576367274,4.607841920532567,0.27408422861275555,3.0807682299242316,0.1349153713821484,2.7589351037622505,0.44528918597414174,3.7312725110752867,0.06149663478230979,3.286427088038536,0.48992847550234586,95,0.6858963815789474,0.8807025957676399
98,2,0.07597595192178702,0.07590135046865652,0.7341,0.01429999999999998,3,0.125,4.983929652331841,0.09961306286853489,4.8151481077042115,0.28515844545214314,2.9000535732064807,0.12700137616872967,2.8412243507103194,0.27193128548141243,2.6468637351223467,0.04362404835192564,2.661474656570334,0.24594107229497067,95,0.6514391447368421,0.6686864861453008
98,2,0.07597595192178702,0.07590135046865652,0.7341,0.01429999999999998,5,0.125,5.111298452540937,0.10215876419013808,4.865951366408214,0.3163864885707236,3.125425929070719,0.13687105568416705,3.0565575441538395,0.26297273519329495,2.8024319042596724,0.04618803124322985,2.551782394280834,0.4186574512844968,95,0.6763569078947368,0.7788315399112408
98,2,0.07597595192178702,0.07590135046865652,0.7341,0.01429999999999998,13,0.125,5.932115724063888,0.1185643172728426,5.395972428235747,0.42343274355264754,3.833203465598131,0.1678665938324186,3.5141002156221908,0.40378694069025706,2.402003463972767,0.039588405652849885,2.420136635299183,0.2694988459201628,95,0.603125,0.5829697300245432
98,2,0.07597595192178702,0.07590135046865652,0.7341,0.01429999999999998,15,0.125,5.916747307992337,0.11825715101988216,5.469056180281196,0.38381914900324976,3.5298762311809133,0.15458305432944033,3.296050653924011,0.358269196715834,2.943241514322555,0.048508772260717495,3.0531723356297227,0.14846986894870065,95,0.5988075657894737,0.5354665934216851
98,2,0.07597595192178702,0.07590135046865652,0.7341,0.01429999999999998,2,0.125,6.58685422503989,0.13165047859730228,5.94455371968181,0.4553531445252616,4.089517024643868,0.17909127431082844,3.6498713034322416,0.476354697481496,3.4445443557695667,0.056770950288265745,3.147173732849105,0.4066388158101305,95,0.5778371710526315,0.4550629758770369
98,2,0.07597595192178702,0.07590135046865652,0.7341,0.01429999999999998,0,0.125,5.369394193209243,0.1073172854845276,4.947422892948934,0.38875505728348764,3.6467830599557782,0.1597027280744718,3.283944748851399,0.4420826596377143,4.51174060795985,0.07435985004490199,3.702949735375923,0.6923961846921679,95,0.7923930921052632,0.9546987701727985
98,2,0.07597595192178702,0.07590135046865652,0.7341,0.01429999999999998,16,0.125,5.656756956847188,0.11306076242685355,5.289734714596465,0.35435732262827213,3.495207325742605,0.15306480696269928,3.2775909761528026,0.3485959618209459,3.21223525730738,0.05294216862133258,2.790493535833986,0.5014943138596722,95,0.5913240131578947,0.5190181489465266
99,2,0.09549150281252627,0.07545207078751857,0.768,0.03390000000000004,17,0.125,5.57576066996939,0.11158141223797673,5.0962948030697275,0.40915636739906125,3.548644999222435,0.15565938807890337,3.1002369236747653,0.5007066921112983,2.9396127394420044,0.04862721062624868,3.0589968746331704,0.1217364750205785,95,0.5903782894736842,0.5865022983702466
99,2,0.09549150281252627,0.07545207078751857,0.768,0.03390000000000004,0,0.125,4.746292610278216,0.0949822030923762,4.509198635875728,0.32557955999435767,3.1435208327840725,0.13788883626050816,2.961059412579828,0.3464387092877773,3.9697109522076537,0.06566714316082661,3.911841130549122,0.20579901109566034,95,0.8011924342105263,0.9545291249679241
99,2,0.09549150281252627,0.07545207078751857,0.768,0.03390000000000004,4,0.125,5.878648413797231,0.11764276318295382,5.280742914540601,0.4547133832457721,3.6035826128249155,0.15806919670099748,3.0869796468812174,0.5416130743706896,4.283480646762161,0.070857536038268,3.533940624139845,0.6847633580425411,95,0.5595394736842105,0.6948853615520282
99,2,0.09549150281252627,0.07545207078751857,0.768,0.03390000000000004,14,0.125,5.3531771891076145,0.107127099973613,4.819145774819713,0.441010851979485,3.496964039633309,0.15339243081867118,3.05118223924167,0.5015382435013613,3.7230177616820717,0.06158633293205278,3.1829445335845894,0.563807159082548,95,0.6549753289473684,0.7193169690501601
99,2,0.09549150281252627,0.07545207078751857,0.768,0.03390000000000004,18,0.125,5.090455066243508,0.10186953831871198,4.762413423044982,0.35491170742338035,3.060865993357841,0.13426322656168893,2.983435481829879,0.2780866345727163,3.016751358192104,0.04990324124451679,2.6715728229067826,0.46650302143921507,95,0.6906661184210526,0.8881943204143598
99,2,0.09549150281252627,0.07545207078751857,0.768,0.03390000000000004,10,0.125,5.383606532430692,0.10773604811583694,5.112506642907403,0.31749674988577603,3.4761629479916287,0.15248000221647892,3.2849605962951594,0.3322400260064342,3.000638054303637,0.04963669422233387,3.036859299573214,0.18418874145413086,95,0.7002878289473684,0.8533262873583466
99,2,0.09549150281252627,0.07545207078751857,0.768,0.03390000000000004,1,0.125,5.631564136512825,0.1126981441017074,5.23333097587606,0.3697648429300716,3.700163166647803,0.1623056503084128,3.4365292461130106,0.37072440586949545,4.683369697527456,0.07747251931065162,4.9240715285418934,-0.05708752709505496,95,0.6268092105263158,0.8618472841773812
99,2,0.09549150281252627,0.07545207078751857,0.768,0.03390000000000004,16,0.125,5.277354622030761,0.1056097484202167,5.112978476790156,0.26959808944257724,3.248933613974938,0.14251271073075267,3.1500476022602606,0.2806653356815218,4.303548332553204,0.07118949662975993,3.773992146177055,0.5376034577634283,95,0.5826891447368421,0.5587467362924282
100,2,0.11697777844051102,0.07500000000000001,0.7782,0.010199999999999987,3,0.125,4.989193683202456,0.0999594984891642,4.720017853247959,0.32861961266163664,3.1381456532851235,0.13790485662386187,2.9037786130579093,0.3792128607194827,2.9151329239012007,0.048779623215941786,3.252324827712363,-0.0686596940117408,95,0.6612253289473684,0.7054909520552205
100,2,0.11697777844051102,0.07500000000000001,0.7782,0.010199999999999987,4,0.125,5.074354367048286,0.10166570991103856,4.724853668475701,0.3649011484168121,3.102274923245682,0.13632852829827763,2.9763857539435423,0.2945978587960981,3.1697980984551988,0.05304099708301801,2.7477060166093263,0.5118276134554643,95,0.5836759868421053,0.7654103557590701
100,2,0.11697777844051102,0.07500000000000001,0.7782,0.010199999999999987,11,0.125,4.638883584262366,0.09294096522924387,4.411638322169473,0.32205951287092366,2.891015556713963,0.1270447996665277,2.6887503711104266,0.36944767701348646,2.394651496795677,0.04007028180068782,2.3080657105364457,0.32990520295767056,95,0.7687088815789473,0.9411607381652848
100,2,0.11697777844051102,0.07500000000000001,0.7782,0.010199999999999987,14,0.125,5.118884596069763,0.10255788200200804,4.907154105891156,0.29523684994316524,3.436904690808325,0.15103373169426854,3.3183998794620253,0.27027201831048536,4.029078041726563,0.0674195358886171,3.623227273526811,0.4627509882013036,95,0.657483552631579,0.717010631644778
100,2,0.11697777844051102,0.07500000000000001,0.7782,0.010199999999999987,7,0.125,5.2886326533756085,0.1059588184569165,4.858119173685447,0.39675102230163956,3.056566859813745,0.13431990134766522,2.7447769591480826,0.4438513204191325,2.9971787560248537,0.05015251593881436,2.7859888141828604,0.3717421830821523,95,0.7,0.7260338345864662
100,2,0.11697777844051102,0.07500000000000001,0.7782,0.010199999999999987,2,0.125,5.982582531080974,0.11986224377102858,5.426197760740346,0.437217115039496,3.388998095798147,0.14892849094188343,3.1395860548419092,0.3777181394778563,3.198815033452717,0.05352654446387849,2.691252997568629,0.5684058679856742,95,0.5740131578947368,0.5638252148997135
100,2,0.11697777844051102,0.07500000000000001,0.7782,0.010199999999999987,10,0.125,5.370284727919506,0.10759473418604266,5.089599428322281,0.32099556596362644,3.17489136251187,0.13951963564380693,2.982020299953512,0.34428474993211605,2.708602838241631,0.04532370541588903,2.5211342164463426,0.37593022506007584,95,0.703125,0.845906432748538
100,2,0.11697777844051102,0.07500000000000001,0.7782,0.010199999999999987,19,0.125,5.621541778149529,0.11262871970106056,5.118905051089859,0.4211618815837125,3.6589775932139745,0.16079265787229238,3.318368656238298,0.43660580278376954,3.703110102787818,0.06196503564557844,3.1968661530432603,0.5451363990561877,95,0.6150082236842105,0.8243631744333757
101,2,0.14033009983067443,0.07454518768075703,0.7446,-0.03359999999999996,11,0.125,4.530749644065613,0.090884223891672,4.291200207722579,0.33533134648239005,2.9819551134234343,0.1314571036482824,2.698547653070862,0.42586406148469574,2.431464888060668,0.04110038561546327,2.097063917624711,0.5071745459103036,95,0.7787006578947369,0.9413348822473334
101,2,0.14033009983067443,0.07454518768075703,0.7446,-0.03359999999999996,9,0.125,5.482744348834953,0.10998068842602751,5.096367210665194,0.3689226607531426,3.3632296817230634,0.14826528772113948,3.015640335317253,0.4458566420169908,3.042366522031238,0.05142679125372578,2.9626459232179143,0.27571401445136157,95,0.5433388157894737,0.6127591947934009
101,2,0.14033009983067443,0.07454518768075703,0.7446,-0.03359999999999996,15,0.125,6.138294506794989,0.12313064638194719,5.714466438834407,0.36840511185762803,3.9121851792000446,0.17246555130165928,3.6195022118428817,0.38205437555270516,3.972804250140207,0.0671544908821401,3.719191916317945,0.3522371534968922,95,0.6027138157894737,0.536021285304953
101,2,0.14033009983067443,0.07454518768075703,0.7446,-0.03359999999999996,3,0.125,5.016736609698055,0.1006328420371979,4.644360743916354,0.37828829762506816,3.031705354594649,0.13365030319737392,2.7619868224265405,0.41298578128191893,3.557416517800179,0.06013296403923138,3.16390801960472,0.46766536730606534,95,0.6659128289473685,0.7157764742204384
101,2,0.14033009983067443,0.07454518768075703,0.7446,-0.03359999999999996,14,0.125,4.883185185968655,0.09795387752827335,4.6364356924576855,0.3234354223793815,3.189729917831682,0.14061668954400683,3.104540247063431,0.27086373495461485,4.172102020840535,0.07052333049331742,4.121854454200547,0.1953990471261056,95,0.6844161184210527,0.7119255031541003
101,2,0.14033009983067443,0.07454518768075703,0.7446,-0.03359999999999996,18,0.125,5.36464713627202,0.10761172647695792,4.854365181517579,0.4306142012391154,3.422054178862125,0.15085851857919552,3.129859442923845,0.40474017511960425,3.4107619231660418,0.05765398092853959,2.901884409046395,0.5511277550875089,95,0.6804276315789474,0.881012811215857
101,2,0.14033009983067443,0.07454518768075703,0.7446,-0.03359999999999996,19,0.125,4.859560000624495,0.09747996994057134,4.738620216610605,0.2626633622135449,3.105815629888054,0.13691739534667968,2.956092095710184,0.323392362236995,4.620729097880524,0.07810672022451293,4.558423448913807,0.18921447694196777,95,0.6342105263157894,0.8392116182572614
101,2,0.14033009983067443,0.07454518768075703,0.7446,-0.03359999999999996,5,0.125,5.878552903230668,0.11792037966962919,5.2290901246623545,0.47969671088430915,3.5191503162812987,0.15513892405649546,3.056853171391132,0.5145008970378161,3.0818280863460603,0.05209383173549158,2.548416484611804,0.5841119175340245,95,0.6577713815789473,0.7577045696068013
102,2,0.16543469682057088,0.07408768370508577,0.7646,0.019999999999999907,18,0.125,4.683709382820495,0.09406373746606057,4.661339366695259,0.22257610795302138,2.7675511043490415,0.12252037936443241,2.649753131871474,0.3210188032505727,3.0124815393616116,0.05110365067188949,3.5120906007734454,-0.20585443599303918,95,0.7062088815789473,0.8960116448326055
102,2,0.16543469682057088,0.07408768370508577,0.7646,0.019999999999999907,9,0.125,5.491906498953182,0.11029489852647471,5.151673681847831,0.34677279250617876,3.2828264037888277,0.1453317829425909,3.063956391671358,0.3601829071014478,3.7051879600071107,0.06285470257919654,3.2099059766057945,0.5325199713296614,95,0.5928865131578948,0.6006657881961301
102,2,0.16543469682057088,0.07408768370508577,0.7646,0.019999999999999907,6,0.125,5.999035809707642,0.12047966330353817,5.477839087467258,0.416851009081424,3.512683363152249,0.15550762461594106,3.1717058138352328,0.4358110448782563,3.643966146233775,0.06181613748138849,2.9759090682726685,0.6476639769093657,95,0.5292351973684211,0.7571284282495533
102,2,0.16543469682057088,0.07408768370508577,0.7646,0.019999999999999907,3,0.125,4.692233526423177,0.09423492930151191,4.588285668861184,0.2628520252733385,2.7301712680661647,0.12086556196476035,2.660365876941928,0.2878671122123556,2.496550716821038,0.04235141495476659,2.7968037980586535,0.011164019807367295,95,0.6719572368421053,0.7391996083710685
102,2,0.16543469682057088,0.07408768370508577,0.7646,0.019999999999999907,8,0.125,5.84549369443026,0.11739605071339536,5.305382477138262,0.4295722732071289,3.657709150239137,0.16192796295173134,3.446224832833265,0.3353880137575891,3.155835103163676,0.05353549642808409,3.0485558687044665,0.28602484847627374,95,0.6027138157894737,0.4786464729158139
102,2,0.16543469682057088,0.07408768370508577,0.7646,0.019999999999999907,4,0.125,5.454868589835237,0.1095510598561377,5.0161210489075705,0.39417771750260633,3.354589371550747,0.1485087526544387,3.053454827689816,0.41555941024839044,4.30829954371511,0.07308587023525297,3.72921367630485,0.5686813565044652,95,0.5901315789473685,0.7153706800445931
102,2,0.16543469682057088,0.07408768370508577,0.7646,0.019999999999999907,10,0.125,5.411933620272561,0.10868878951121189,4.9576675864312385,0.4027397000038768,3.3361382805705846,0.14769191691000574,2.998193203495749,0.44261362787816483,2.9293724289913716,0.049693790100623615,2.6981980043473426,0.39227571352364393,95,0.7075246710526316,0.8543615970244668
102,2,0.16543469682057088,0.07408768370508577,0.7646,0.019999999999999907,19,0.125,5.500457591541283,0.11046663158301435,5.001659931054321,0.42050063599319204,3.542251506440381,0.15681661584904638,3.1228576619054693,0.4892071472025458,3.2259571368700684,0.054725044602275834,2.595476498693691,0.641136303969508,95,0.6140213815789474,0.7580526351034621
103,2,0.19216926233717088,0.07362753824345271,0.7543,-0.010299999999999976,18,0.125,5.037604568025695,0.1012701729010574,4.62698954050276,0.3963027312906929,3.0484603977651643,0.13486663116077072,2.731337748826738,0.4482871019794987,3.451970110477996,0.05901090289181146,2.7233250513405585,0.6621743652938122,95,0.6922286184210527,0.8804276804276804
103,2,0.19216926233717088,0.07362753824345271,0.7543,-0.010299999999999976,1,0.125,5.413706981687055,0.10883090061314102,5.03248382572283,0.3694591257431614,3.2731308719704404,0.14480625510982115,3.1069885529582573,0.3174966775834817,4.705744464512018,0.08044398437463474,4.300048632978904,0.42307094138097207,95,0.6409128289473685,0.8634759735677167
103,2,0.19216926233717088,0.07362753824345271,0.7543,-0.010299999999999976,8,0.125,5.202885397688841,0.10459278744358329,4.898350576107866,0.33773891222307917,3.6219863726172705,0.16023993637680883,3.3371844026768525,0.3947369396440058,2.736336659117331,0.04677725811713859,2.9931337667011553,0.07459701185442318,95,0.6122944078947369,0.49076623463837216
103,2,0.19216926233717088,0.07362753824345271,0.7543,-0.010299999999999976,10,0.125,4.994957082929202,0.10041283721081092,4.699932042765868,0.3402082380526473,2.958071609634339,0.13086774983731775,2.8952548524316457,0.25217803229210434,3.078341354634012,0.05262377625888571,2.605058055124526,0.5375825603833682,95,0.7138980263157895,0.8386706600622048
103,2,0.19216926233717088,0.07362753824345271,0.7543,-0.010299999999999976,9,0.125,5.230517710183324,0.10514827547885577,4.964601029386459,0.3172404317120627,3.0877805761200405,0.13660619123353743,2.9451804562590347,0.30915992271373305,2.4539997321413614,0.04195075138407642,2.2193380235324374,0.4480080420500111,95,0.6199424342105263,0.5677522053458911
103,2,0.19216926233717088,0.07362753824345271,0.7543,-0.010299999999999976,0,0.125,5.037720492882848,0.10127250332024153,4.692326294235451,0.3639530331218352,3.3171128931977982,0.14675205930623578,2.9881574834475666,0.4427860315317437,4.881385147232873,0.08344653507472079,4.004795150764953,0.7032434899030257,95,0.8018503289473684,0.9562586534023896
103,2,0.19216926233717088,0.07362753824345271,0.7543,-0.010299999999999976,14,0.125,5.287121299358423,0.10628616853599768,4.894724976684173,0.3789634396910306,3.3100706788688585,0.14644050540737177,2.992136442337255,0.4347109927206728,4.432177236801506,0.07576739431384429,4.557907121054523,0.07287709004738271,95,0.6758634868421053,0.7158848938370749
103,2,0.19216926233717088,0.07362753824345271,0.7543,-0.010299999999999976,15,0.125,5.3655096188885,0.10786199660369084,4.991488215952317,0.3673521940023134,3.066339233704652,0.13565760695104256,2.90442722886586,0.3260246064646046,3.1817893163739397,0.0543922033973656,3.285883993293846,0.1515991719641749,95,0.5728207236842106,0.6120163663771445
104,2,0.22040354826462666,0.07316480175599309,0.7157,-0.03859999999999997,12,0.125,5.560545181499501,0.11193607643626148,5.162565766172114,0.3717927489745922,3.53655998149393,0.15669464217050288,3.3339993185303953,0.333620646110106,3.2607857298765723,0.05544982337888004,2.838694311104964,0.500395218652817,95,0.5934621710526315,0.6852352248319823
104,2,0.22040354826462666,0.07316480175599309,0.7157,-0.03859999999999997,3,0.125,5.042895581051953,0.10151557568470183,4.655338218555151,0.38456193308573505,2.9847883678703035,0.13224725374530433,2.688734826721924,0.4355081720387539,2.857254720556554,0.04858775851221885,2.9251344595617716,0.1822280395292561,95,0.6618009868421053,0.709040074557316
104,2,0.22040354826462666,0.07316480175599309,0.7157,-0.03859999999999997,6,0.125,5.8425449582840105,0.11761284868409479,5.206842508074676,0.4725645183694998,3.512087309143948,0.15561032954555015,3.095942407555651,0.49714069058119054,2.9576888936259,0.05029564661626484,2.3592574247568083,0.6285587282097104,95,0.5264802631578948,0.7236019993751952
104,2,0.22040354826462666,0.07316480175599309,0.7157,-0.03859999999999997,10,0.125,4.879087180343947,0.09821804476569068,4.650409360550304,0.31601885299425897,2.9715470521559504,0.13166056972507437,2.774216205920444,0.3608808151300927,2.901219557983125,0.04933538275745768,2.4666214905072765,0.5312189253902585,95,0.709375,0.8639578019939718
104,2,0.22040354826462666,0.07316480175599309,0.7157,-0.03859999999999997,13,0.125,5.710973065758963,0.11496425201994975,5.23443885451368,0.4037806669106869,3.4554658831768603,0.15310159955722163,3.20303138991909,0.37632739586438085,2.8149704033722567,0.04786871159721208,3.235860703099587,-0.10159212577947745,95,0.6199013157894737,0.5886840010612895
104,2,0.22040354826462666,0.07316480175599309,0.7157,-0.03859999999999997,5,0.125,5.2056372219485665,0.10479163228709662,4.8011362617398285,0.38651496755098835,2.9477307912173987,0.1306053407723254,2.687001245225463,0.41121357306203155,2.6717570867306257,0.04543336203084157,2.211229494182602,0.5650552133361134,95,0.6774259868421053,0.7948406676783004
104,2,0.22040354826462666,0.07316480175599309,0.7157,-0.03859999999999997,14,0.125,4.796137150160776,0.09654822631877542,4.653212768777285,0.2780109166749748,3.0115035948968947,0.13343092741727386,2.991245364457992,0.2159907312547022,4.768337566692703,0.08108581728060901,4.2336942208276325,0.5179639591560348,95,0.6805509868421052,0.7119207298652649
104,2,0.22040354826462666,0.07316480175599309,0.7157,-0.03859999999999997,1,0.125,5.242662463130292,0.10553696571964881,4.872427098210946,0.3692530304689929,3.2937932192834958,0.14593835608048542,3.0926732103778525,0.34463638434660304,3.666336247300322,0.062346230081203144,3.3748444655881777,0.39172194412693895,95,0.6383634868421053,0.8668599033816425
105,2,0.24999999999999997,0.07269952498697733,0.7339,0.018199999999999994,2,0.125,6.211727208707223,0.12515632483683395,5.550477059192266,0.45772722101139235,3.948837361841616,0.17633990139964884,3.351193507826983,0.5483233263600954,3.085628675708256,0.05311498821156707,2.556193979067533,0.5630179252010217,95,0.5720394736842105,0.47865152386428983
105,2,0.24999999999999997,0.07269952498697733,0.7339,0.018199999999999994,16,0.125,5.451234487827091,0.10983361815436675,5.28011124993078,0.28357886062174925,3.445235768699616,0.15385098956511573,3.3364440137848432,0.29858569280743985,2.965990867862365,0.05105558268315117,2.5340403047840314,0.5197137938544044,95,0.60390625,0.5596105399332744
105,2,0.24999999999999997,0.07269952498697733,0.7339,0.018199999999999994,19,0.125,5.517936060457791,0.11117754769454258,5.032903283359162,0.41000020996629416,3.5279720112768556,0.15754567220746282,3.242769746660661,0.39762510489479264,3.9796045436374357,0.06850359218076785,3.2149682058693547,0.638922651548465,95,0.6136924342105263,0.795108877721943
105,2,0.24999999999999997,0.07269952498697733,0.7339,0.018199999999999994,3,0.125,4.705289391183068,0.0948040227311877,4.64913527292863,0.2676882568248297,2.7850292662398135,0.12436870430511365,2.6535592152277596,0.36680267572190134,2.98115577841045,0.051316626421606226,2.8383630511657816,0.35108265669533645,95,0.6638157894736842,0.6756689791873142
105,2,0.24999999999999997,0.07269952498697733,0.7339,0.018199999999999994,4,0.125,6.013259569278958,0.12115752071757625,5.196657676293927,0.5228139084327533,3.994041919625069,0.17835856323145222,3.362831265619772,0.5641690575593732,3.704018160587843,0.06375973962255696,3.0710458777708296,0.5815738490916917,95,0.5685444078947368,0.6744051493454835
105,2,0.24999999999999997,0.07269952498697733,0.7339,0.018199999999999994,7,0.125,6.380992692892736,0.1285667524378224,5.555534420614765,0.5166078699236052,3.895157068140925,0.1739427457736016,3.2600045619146254,0.5705132708898254,3.2698186614329754,0.05628557351156646,2.7611478039722352,0.539218622333569,95,0.6772615131578947,0.702386011778277
105,2,0.24999999999999997,0.07269952498697733,0.7339,0.018199999999999994,18,0.125,4.914631440872071,0.09902192874872165,4.801066333682505,0.2819713438078826,3.0816522029258753,0.1376147447507248,2.892406367957663,0.3737746118815957,3.069759714208131,0.05284182517362782,2.6572145980417523,0.5007779614386844,95,0.6970805921052632,0.8840323246623016
105,2,0.24999999999999997,0.07269952498697733,0.7339,0.018199999999999994,9,0.125,5.689178090280594,0.11462779951503131,5.07867081484615,0.4535590653624563,3.4964820589101224,0.15613945194904233,3.153540653041345,0.4325488698129243,2.849681512423138,0.049053472030082555,3.1691699447193287,0.05771127003366612,95,0.6041529605263158,0.5724494657319812
106,2,0.2808144266054613,0.07223175895924637,0.7433,0.009399999999999964,19,0.125,4.738880769311235,0.09555282781719862,4.496665232017772,0.3330450117966954,3.1896431281812134,0.14350099576460357,2.998224730369361,0.3516787504921431,3.2291807092049067,0.056522743050684755,3.4705913877166044,0.01335527072439935,95,0.6402138157894737,0.840976236351959
106,2,0.2808144266054613,0.07223175895924637,0.7433,0.009399999999999964,17,0.125,5.279975772000727,0.10646324319619756,4.827620780528776,0.40512148186051183,3.1812173931818255,0.14312192471688095,2.9112016387893744,0.4045622714685315,4.761594210994682,0.08334571222121169,4.018015463391006,0.6592090899247672,95,0.5911184210526316,0.6377295492487479
106,2,0.2808144266054613,0.07223175895924637,0.7433,0.009399999999999964,18,0.125,5.177728800175358,0.1044015776322675,4.789474381677417,0.3805448226680082,3.2496823982200382,0.1462021427861715,3.0404531289958516,0.35971373421807157,2.7924626834092523,0.04887854379999372,2.9579923121778315,0.10602028984587185,95,0.6838404605263158,0.8564728519030725
106,2,0.2808144266054613,0.07223175895924637,0.7433,0.009399999999999964,7,0.125,4.81733398707065,0.09713472598539417,4.675533400578451,0.2832114974535914,2.812753879947513,0.12654487238620277,2.708872767930954,0.3208690038873306,2.633461609041189,0.04609543016201411,2.846978956950128,0.08091783965132414,95,0.7014802631578947,0.791559202813599
106,2,0.2808144266054613,0.07223175895924637,0.7433,0.009399999999999964,2,0.125,5.228887311838232,0.10543311665894303,4.866803094658951,0.36697902323104825,3.108861732523101,0.1398666673302487,2.8395839519391926,0.4089842963414384,2.705377150063493,0.04735422117205811,2.8628189737908607,0.11999755983775756,95,0.5606085526315789,0.5416605544961126
106,2,0.2808144266054613,0.07223175895924637,0.7433,0.009399999999999964,3,0.125,4.946737997209501,0.09974397481472268,4.664813796032176,0.3419993740098594,3.094099645550572,0.1392025258902847,2.786973607360838,0.43464598149500333,3.0386755323329715,0.05318818975936123,2.549941881422313,0.5580895387779593,95,0.6519736842105263,0.6869323915237134
106,2,0.2808144266054613,0.07223175895924637,0.7433,0.009399999999999964,10,0.125,5.939323229704317,0.1197580520687187,5.178460568192906,0.5172996799268375,3.730494117534338,0.16783370397472247,3.1168638355924934,0.590921826726288,2.6413531594500905,0.04623356181713095,2.3206789836253825,0.477990786362405,95,0.6840049342105263,0.8447249774571686
106,2,0.2808144266054613,0.07223175895924637,0.7433,0.009399999999999964,1,0.125,5.890249134881979,0.1187685423593353,5.182796997031766,0.49611073357641405,3.6068471873281673,0.16227086923278708,3.131413520043332,0.5118764577255568,4.632938873399005,0.08109376250273029,3.721810545041334,0.7664305500987643,95,0.6277549342105263,0.8589768782340997
107,2,0.31269670329204396,0.07176155496861637,0.729,-0.01429999999999998,15,0.125,5.3959924736888905,0.10889601423888509,5.216767321087601,0.2817288011580627,3.0293190663197294,0.1365498736455381,3.0882212093322763,0.21281442292424962,2.9443352435483665,0.05109044320881558,3.523526714840142,-0.06273230202964654,95,0.5926398026315789,0.5662249358218275
107,2,0.31269670329204396,0.07176155496861637,0.729,-0.01429999999999998,18,0.125,4.618169247274718,0.09319883720390156,4.223133031598237,0.40891588473427304,2.8587954219884746,0.12886333367492417,2.576469143959454,0.4427447617989123,3.2329101119466968,0.05609782745886052,2.588068322900772,0.6020615847110731,95,0.7135279605263158,0.9162680804471849
107,2,0.31269670329204396,0.07176155496861637,0.729,-0.01429999999999998,6,0.125,5.392331452653413,0.10882213151930159,4.995105768008072,0.3774084923086175,3.3722165037772265,0.15200635106938507,3.152778314458502,0.3653567161454072,3.972724760118624,0.06893517617799827,3.530425826293863,0.45883097948706314,95,0.5461759868421052,0.7532183994579538
107,2,0.31269670329204396,0.07176155496861637,0.729,-0.01429999999999998,5,0.125,5.31291473068834,0.10721943015748855,4.905517697273473,0.3846536204885068,3.376009715242998,0.15217733422930396,3.016677808412809,0.4489471645885307,2.497501425896827,0.043336931500348605,2.299972376237517,0.46008803310240487,95,0.6750411184210526,0.7857708472924407
107,2,0.31269670329204396,0.07176155496861637,0.729,-0.01429999999999998,0,0.125,5.640464657027808,0.11382968427043098,4.9275179200249895,0.5006977197774081,3.6697462420133844,0.16541782977878863,2.99056549741013,0.6118587967289381,4.641696522012199,0.0805432510003936,3.4812460371478844,0.7666048145718694,95,0.7949424342105263,0.9531371230538458
107,2,0.31269670329204396,0.07176155496861637,0.729,-0.01429999999999998,4,0.125,5.378495123233557,0.10854290186268784,5.061633062712619,0.343165880934605,3.211855013756099,0.14477788133060712,3.036515638176481,0.34928649962266484,2.9936947784867365,0.05194693552643061,2.687260360031938,0.45911997084067185,95,0.5919407894736842,0.7008891358710753
107,2,0.31269670329204396,0.07176155496861637,0.729,-0.01429999999999998,14,0.125,5.5208463091961635,0.11141567769569578,4.862020561610176,0.4824475198397484,3.7241137169228455,0.16786850323601976,3.1182223828736553,0.5696736024208913,4.139772846584223,0.07183381375448109,2.917466845276438,0.8046269456485011,95,0.6525904605263158,0.7277424232877575
107,2,0.31269670329204396,0.07176155496861637,0.729,-0.01429999999999998,8,0.125,5.570307122228551,0.11241384168990158,5.008057334324624,0.44105638218777377,3.819349552747104,0.1721613628073057,3.261383756571141,0.5387434577599225,2.782056570078371,0.04827456503424706,2.652893240995484,0.38793912607441494,95,0.6319078947368421,0.4555570015616866
108,2,0.3454915028125263,0.07128896457825364,0.7812,0.052200000000000024,11,0.125,4.508171131343363,0.09107395538411102,4.323481287339131,0.31045587731057367,2.792250863733049,0.12473269280912512,2.4981524416215026,0.4489568102707071,3.643763606980143,0.06393664874918473,2.937123857932757,0.6644552558912555,95,0.7673108552631579,0.9383741492953218
108,2,0.3454915028125263,0.07128896457825364,0.7812,0.052200000000000024,5,0.125,4.825071832695697,0.09747597507131746,4.466229942303224,0.3795522444948715,2.789104149585865,0.12459212588006557,2.4773575230172837,0.46063418498576236,2.745218206760329,0.048169988823991906,2.096545585584415,0.6737135490884021,95,0.6841282894736842,0.8112152902993148
108,2,0.3454915028125263,0.07128896457825364,0.7812,0.052200000000000024,9,0.125,5.909140342731637,0.11937629878128116,5.226085655885945,0.4932120897367142,3.9552728418186995,0.17668607028211977,3.4542383122625746,0.5146970721748256,3.0240567917271655,0.05306273341109747,2.909795450953422,0.3032204616066763,95,0.6002055921052631,0.5701856545865589
108,2,0.3454915028125263,0.07128896457825364,0.7812,0.052200000000000024,12,0.125,5.070469924528277,0.10243350090957166,4.7116129810506076,0.3699964831543336,3.1112049772838417,0.13898069823817505,2.8149791171667835,0.426198516035258,3.3373936061336873,0.058560813968387436,3.5928841689639794,-0.0030705529075315324,95,0.6092105263157894,0.7182775377969762
108,2,0.3454915028125263,0.07128896457825364,0.7812,0.052200000000000024,17,0.125,5.675665310794097,0.11465964228744321,4.983465826688535,0.5033281692119522,3.2420172646988896,0.14482421648136973,2.787338873171962,0.5193019737875607,2.2711141467830385,0.03985094620134144,2.0117181348351894,0.47593105364045585,95,0.6032894736842105,0.6086423118865867
108,2,0.3454915028125263,0.07128896457825364,0.7812,0.052200000000000024,1,0.125,5.5641188427337855,0.11240618345471413,4.9924859426566215,0.4521880629581241,3.681179591820086,0.16444204536402046,3.179957788374243,0.5260760543882629,4.02441131176938,0.07061582479443398,3.382776647733566,0.6112421462346008,95,0.6414884868421052,0.8628934042689571
108,2,0.3454915028125263,0.07128896457825364,0.7812,0.052200000000000024,18,0.125,4.277935702026707,0.08642274525776018,4.17725031943136,0.2809476659793242,2.6968902017588112,0.12047283481763893,2.6474727060420697,0.2911012577524753,2.79582896510673,0.04905804925500476,2.5356221064465965,0.42403510977683945,95,0.7313322368421052,0.9076239739120656
108,2,0.3454915028125263,0.07128896457825364,0.7812,0.052200000000000024,8,0.125,4.769619713988159,0.0963557328183088,4.688554570415671,0.2474893681189311,2.806861675132208,0.12538537265018598,2.790205142898213,0.25761553640385565,2.2652565829072446,0.03974816428559501,2.265460935688592,0.29129974043190987,95,0.6006578947368421,0.5344331872946331
109,2,0.37903905220016615,0.07081403961302006,0.7473,-0.03390000000000004,7,0.125,5.245424592493624,0.10608435353885093,4.739982103688879,0.43312689887832617,2.880985064568443,0.13032172768364686,2.479392957421738,0.5136921384021914,2.8528614017077976,0.05001481345621091,1.9791564121859788,0.7220290225313706,95,0.7058388157894737,0.76465105440988
109,2,0.37903905220016615,0.07081403961302006,0.7473,-0.03390000000000004,11,0.125,4.5636741539988686,0.09229651744145646,4.136570898187829,0.4223956514890359,2.8517958100800174,0.12900134802548327,2.473097568516938,0.5003896572365372,2.2876956402662847,0.04010663491188573,2.9384490304308444,0.030047779134658625,95,0.7760279605263158,0.9425634504318339
109,2,0.37903905220016615,0.07081403961302006,0.7473,-0.03390000000000004,18,0.125,4.3644032306571665,0.08826642860707579,4.113023415530105,0.3477693121423941,2.6421256200035406,0.11951689017439124,2.4805427841558987,0.3651890799615974,2.8079112463312423,0.04922677179577823,2.487683896906607,0.4986077991077878,95,0.7171052631578947,0.9143922018348624
109,2,0.37903905220016615,0.07081403961302006,0.7473,-0.03390000000000004,14,0.125,4.922241395633756,0.09954824194121957,4.426901776151482,0.4397055801543673,3.148566167610822,0.1424257930857361,2.784362936994525,0.47103685137705137,4.79294965787082,0.08402738489150478,3.253657890105574,0.8747088024929895,95,0.6700657894736842,0.7198699067255768
109,2,0.37903905220016615,0.07081403961302006,0.7473,-0.03390000000000004,4,0.125,5.021477877966298,0.10155521733283658,4.649905305943668,0.3775883833491439,2.902848508597352,0.13131072336918642,2.6759555513597193,0.3910525344104877,3.28752030655649,0.05763501681767618,2.906874564136926,0.47847187187364904,95,0.5925986842105263,0.7323064113238967
109,2,0.37903905220016615,0.07081403961302006,0.7473,-0.03390000000000004,0,0.125,4.671782679498396,0.09448292253363293,4.134509538485022,0.4688355782007855,3.1439877137116925,0.14221868613832683,2.619210557431822,0.5785040089461302,3.6483436045170996,0.06396077450339886,2.786435591875788,0.6594226878896563,95,0.8010690789473685,0.9537521815008726
109,2,0.37903905220016615,0.07081403961302006,0.7473,-0.03390000000000004,12,0.125,4.920730442146571,0.09951768416251379,4.5103308019567345,0.3998712778670743,2.6743048218383243,0.1209725204829843,2.4531947323851915,0.40527656695363096,3.4285178742676172,0.06010690943840777,2.392243089437717,0.7387082919466651,95,0.6150493421052632,0.700828987832598
109,2,0.37903905220016615,0.07081403961302006,0.7473,-0.03390000000000004,10,0.125,5.2012417628318355,0.10519079252400089,4.98704376455873,0.2943645799582795,3.3154057495388387,0.1499728029020239,3.215448431877709,0.2705169047282847,3.040681405031846,0.05330757153551116,2.961700049634882,0.3554873288788607,95,0.6987664473684211,0.8631281628810168
110,2,0.41317591116653485,0.07033683215379001,0.7687,0.021400000000000086,3,0.125,4.782780636430835,0.09684787856829064,4.406386291429583,0.388869185876468,2.747743954495025,0.12505226052761556,2.4428853386938565,0.4581369883708853,2.829489093078642,0.05076584309590215,2.497162435814785,0.475339824519726,95,0.6837582236842106,0.7389500270611582
110,2,0.41317591116653485,0.07033683215379001,0.7687,0.021400000000000086,4,0.125,4.7206182755944655,0.095589135332621,4.485189190549493,0.32121484115192356,2.7996957530652575,0.1274166328844558,2.64245279609858,0.3424812480459479,3.2233790037905177,0.05783289751684748,3.12932714120796,0.25881491706569715,95,0.6013569078947368,0.7595213675213676
110,2,0.41317591116653485,0.07033683215379001,0.7687,0.021400000000000086,18,0.125,4.4917374962747,0.09095446366205945,4.318943474274917,0.2993904601372815,2.6570196313201855,0.1209233162425078,2.4954268283781946,0.3572760926595246,2.3916912922773492,0.04291100650452755,2.1969880139504303,0.4027036781413655,95,0.716077302631579,0.8938271604938272
110,2,0.41317591116653485,0.07033683215379001,0.7687,0.021400000000000086,16,0.125,5.731067463071644,0.11605000687308244,5.227440506847009,0.42015500245816617,3.696786311472407,0.16824401858146545,3.354469955274908,0.4333658431868747,2.864046704456963,0.0513858653752926,2.6112852988685997,0.41087459687540734,95,0.5874177631578947,0.5510989780204396
110,2,0.41317591116653485,0.07033683215379001,0.7687,0.021400000000000086,13,0.125,6.183210000195095,0.12520556905742058,5.45973060614253,0.5143869803972999,3.6540901517468556,0.1663008785444202,3.150273252902819,0.5530366269196507,3.975488135867323,0.07132701356889513,3.6529228410796954,0.41395371304560497,95,0.609375,0.5967611336032389
110,2,0.41317591116653485,0.07033683215379001,0.7687,0.021400000000000086,17,0.125,5.163484972338582,0.10455686840018262,4.796032631459273,0.37054782256670116,3.0747823603285456,0.13993606797332983,2.7448422723760797,0.4547535361143829,3.2572661466479733,0.05844089045150065,3.0925238995582385,0.3160996412734756,95,0.6157072368421053,0.6433150794710832
110,2,0.41317591116653485,0.07033683215379001,0.7687,0.021400000000000086,14,0.125,4.18014864295576,0.08464501279584011,4.154728767884797,0.23830545074315332,2.752695987909275,0.12527763195338001,2.7275495168016533,0.24065527273988896,3.4417679837246613,0.061751166972747,3.3552261644674557,0.2412208012647504,95,0.6920230263157895,0.7252525252525253
110,2,0.41317591116653485,0.07033683215379001,0.7687,0.021400000000000086,8,0.125,4.946150471522834,0.10015600059048708,4.600459930445742,0.36749624907511313,2.8939268585914073,0.13170517393966735,2.7948194965225452,0.28968140146504956,2.8516183838311946,0.05116288018111861,2.515248024513928,0.4770064030865933,95,0.6174342105263158,0.538359083644113
111,2,0.44773576836617324,0.06985739453173902,0.7465,-0.022199999999999998,13,0.125,4.986483909718451,0.10113568788298682,4.661600657355502,0.35711106788725305,3.0315793020976094,0.13810804312355582,2.8438608387241064,0.3566677646548843,2.5503013463680797,0.04603116197521437,2.066408472219653,0.5860743746026533,95,0.6327302631578947,0.6304263062126332
111,2,0.44773576836617324,0.06985739453173902,0.7465,-0.022199999999999998,17,0.125,4.934155019401314,0.1000743552056543,4.578345011091366,0.37375388874134197,2.948263083531685,0.13431245054293864,2.6279000977874194,0.45333908362861597,3.2199343767572675,0.05811757150077699,3.3709169026200003,0.12739783677699779,95,0.6128289473684211,0.6264090177133655
111,2,0.44773576836617324,0.06985739453173902,0.7465,-0.022199999999999998,2,0.125,5.8750828813643725,0.11915822036812608,5.16145480093967,0.5077504362961797,3.4936616330983243,0.15915888169219347,3.1340538006436076,0.4463952956612334,3.4996879530792224,0.06316692859073825,2.7041370220981538,0.6863244466457474,95,0.579358552631579,0.48403122782114977
111,2,0.44773576836617324,0.06985739453173902,0.7465,-0.022199999999999998,19,0.125,5.053186352360867,0.10248854443326437,4.6040607856738935,0.4127572147232839,3.433484272463461,0.1564174137345943,2.946680128475058,0.5328216270244157,3.2433137056374526,0.05853955209381091,2.3463382017059096,0.7486864251282136,95,0.6208881578947368,0.81158940397351
111,2,0.44773576836617324,0.06985739453173902,0.7465,-0.022199999999999998,10,0.125,5.24492594865419,0.10637740005109517,4.736558494538592,0.4332976430008637,3.28551352385304,0.14967638917489604,2.861802509853873,0.4998363716779875,3.1403505219115195,0.056681138383477506,2.3138949156899664,0.7191111054470432,95,0.7126644736842105,0.8387375951996308
111,2,0.44773576836617324,0.06985739453173902,0.7465,-0.022199999999999998,6,0.125,5.2573536649377814,0.10662945854720421,4.8937868968784715,0.36553539045559186,2.966447109170285,0.1351408505110074,2.748077225527255,0.3827509471523859,2.7876501464842414,0.050315142406910755,2.1377238668498966,0.6526886926666423,95,0.5502878289473684,0.7496077112754987
111,2,0.44773576836617324,0.06985739453173902,0.7465,-0.022199999999999998,0,0.125,4.412014784096845,0.0894843256728239,4.33581807834581,0.26176383451432966,2.9973893185693914,0.13655046825944403,2.788773386273278,0.3737160564535121,3.4362332520727628,0.06202161545969323,3.914411633475425,-0.12689405835357667,95,0.8025904605263158,0.9586556688354936
111,2,0.44773576836617324,0.06985739453173902,0.7465,-0.022199999999999998,12,0.125,4.943957880402768,0.10027317648103656,4.637227654281107,0.3501471090076849,2.8138409232645296,0.12818865180407918,2.649836076801936,0.3568070791804085,2.6420570026380035,0.047687287625588146,2.1517435394551083,0.580525699444585,95,0.6143914473684211,0.7299558292062642
112,2,0.48255025164874954,0.06937577932260515,0.7332,-0.01330000000000009,2,0.125,4.660074980496065,0.09463272053724414,4.685377834392267,0.2180536457040931,2.668514890567591,0.1228800761416618,2.5728490840898495,0.3439768781653512,2.7062226111027265,0.049524970966347406,2.8238530085029314,0.16846719439772614,95,0.5726151315789474,0.6190578773517162
112,2,0.48255025164874954,0.06937577932260515,0.7332,-0.01330000000000009,11,0.125,5.442711910261634,0.11052582572688378,4.694648674184453,0.5219735394471451,3.5421977138768357,0.16311152181632585,2.891604963786449,0.6053910213388352,2.6450150632307947,0.04840484802492998,1.952520865012961,0.6966843769964856,95,0.7621710526315789,0.9286253776435045
112,2,0.48255025164874954,0.06937577932260515,0.7332,-0.01330000000000009,13,0.125,4.776204465616662,0.09699097639311487,4.6131875882203,0.2990884913869357,2.766445802279423,0.1273896098640735,2.808378320486549,0.243333060423615,2.25360184604383,0.041241827459844164,2.298439091382217,0.27394862492864447,95,0.6126233552631579,0.6721927646150748
112,2,0.48255025164874954,0.06937577932260515,0.7332,-0.01330000000000009,7,0.125,5.289524819286294,0.10741503647330838,4.838441476441427,0.4040863306186587,3.197222614027854,0.1472260693175377,2.822313144582908,0.46986363694445865,2.8713349837844233,0.0525465943278911,2.1111921713186286,0.7178132932409343,95,0.7023026315789473,0.769496487119438
112,2,0.48255025164874954,0.06937577932260515,0.7332,-0.01330000000000009,17,0.125,4.525678709206299,0.09190351878932329,4.40540535970642,0.29210885810829407,2.604851434239303,0.11994849408877042,2.4389335185065018,0.39525174247202394,2.4077236223938026,0.044062318452602535,2.1535594263039193,0.4612280445933452,95,0.6096628289473685,0.6819316112497471
112,2,0.48255025164874954,0.06937577932260515,0.7332,-0.01330000000000009,5,0.125,5.47948917855427,0.11127266627494935,4.913351963976458,0.44608861928087595,3.2836235153639195,0.15120466781530578,2.7045383572749855,0.5802592311447944,2.8633267763169776,0.05240004088447126,2.319043553493389,0.5977010791461382,95,0.6755345394736842,0.8024225454988131
112,2,0.48255025164874954,0.06937577932260515,0.7332,-0.01330000000000009,3,0.125,5.806421671212552,0.11791172494713027,5.022548742904351,0.5256547729406171,3.3723284295551355,0.15528936175817443,2.834754703772579,0.5520755094969804,2.9825086752452434,0.05458111795474649,2.818976660912822,0.3468026776777222,95,0.6549342105263158,0.6785534907081868
112,2,0.48255025164874954,0.06937577932260515,0.7332,-0.01330000000000009,18,0.125,5.43750099913854,0.11042000710848815,4.661680917061931,0.5332783360695525,3.319563698100029,0.15285964542355102,2.706209836522022,0.5968690237036356,2.958974973275345,0.05415044166743435,2.124359219264306,0.7521945194548706,95,0.6841694078947368,0.8913396237754673
113,2,0.5174497483512503,0.06889203934092336,0.7533,0.020100000000000007,15,0.125,6.402256519382041,0.1301284487978855,5.676418636772374,0.5032061016076471,4.23650576008502,0.19730164253452434,3.631174362310732,0.5781056723806177,3.4136887694363907,0.062348077653286434,3.2090548179000193,0.3410278152020522,95,0.5741776315789474,0.5602979089086222
113,2,0.5174497483512503,0.06889203934092336,0.7533,0.020100000000000007,11,0.125,3.9763494937437227,0.08082090899242379,3.998202841129113,0.23423159069943505,2.54161307625813,0.11836746201494382,2.443466565974075,0.33508334542195817,2.194348719461803,0.0400778845407112,2.2963897177123154,0.1774234450693773,95,0.7855674342105263,0.9440984035592777
113,2,0.5174497483512503,0.06889203934092336,0.7533,0.020100000000000007,3,0.125,4.365663001659988,0.08873386323407871,4.217606478797059,0.29812905127195605,2.3810042240855527,0.11088762081236792,2.2751231121257187,0.35827142492476843,2.127254080870753,0.038852458903070354,2.142629140742909,0.26187206094316595,95,0.6688733552631579,0.7441445872010819
113,2,0.5174497483512503,0.06889203934092336,0.7533,0.020100000000000007,1,0.125,5.679845381117169,0.11544515072444368,5.099717013054094,0.4538522451469029,3.497971144989093,0.16290676598321643,3.053685903831219,0.5022633657279151,3.7898283444646297,0.06921794219463029,3.401049216192638,0.4695739597259346,95,0.6291529605263158,0.871380955493105
113,2,0.5174497483512503,0.06889203934092336,0.7533,0.020100000000000007,13,0.125,5.087209904297174,0.10339959536943505,4.62316595498468,0.41873776044778366,3.2241317874271815,0.150153577837786,2.8644590592846155,0.4613349831461861,2.867510959991622,0.05237261158835088,2.9392285307405746,0.1419998283242452,95,0.6338815789473684,0.6451738453554748
113,2,0.5174497483512503,0.06889203934092336,0.7533,0.020100000000000007,0,0.125,4.389160118318886,0.08921145161761015,4.213900790412526,0.31036132703372066,2.729226360144061,0.1271049478507349,2.5629646005964233,0.36555385517286393,3.907048014745116,0.07135885825311064,3.7573601805577397,0.27522183054762295,95,0.8144325657894737,0.9568334427222699
113,2,0.5174497483512503,0.06889203934092336,0.7533,0.020100000000000007,4,0.125,5.062462406749493,0.10289659248947235,4.567072865168336,0.4341588059357796,2.9739164930862274,0.13850060452523727,2.6895946593030335,0.4272870700066836,4.4506552921926374,0.08128737577077101,3.6895056990947537,0.7262740541000895,95,0.598889802631579,0.7314795743220048
113,2,0.5174497483512503,0.06889203934092336,0.7533,0.020100000000000007,7,0.125,5.041024689505261,0.10246086223056844,4.672191350131846,0.37565078191840606,2.933256397237533,0.1366069912149139,2.7619777938917616,0.352308522524917,2.5267740011033464,0.04614934526064217,2.4459522633965287,0.29952718130099837,95,0.6952302631578947,0.7304826117814053
114,2,0.5522642316338268,0.06840622763423392,0.7942,0.04090000000000005,18,0.125,4.65129698530532,0.09464401246788888,4.311356656842717,0.3754307602227625,2.7154543088306915,0.12635339554600203,2.409401395865149,0.46275253566607094,2.448769659642849,0.04532140160492532,2.4389302457233426,0.24614311448571746,95,0.715625,0.906688117674098
114,2,0.5522642316338268,0.06840622763423392,0.7942,0.04090000000000005,7,0.125,4.56243578097167,0.09283587573582563,4.293814357014403,0.3395765957173689,2.7455916178271287,0.1277557212312236,2.511206433386221,0.4045923330441643,3.7755420668641686,0.06987707382555428,3.1650896720260415,0.6361437177581964,95,0.7131167763157895,0.7938072997751254
114,2,0.5522642316338268,0.06840622763423392,0.7942,0.04090000000000005,15,0.125,4.960282923354917,0.10093121989961316,4.707160103146733,0.316387619247481,2.9463004078179167,0.13709494562870056,2.8550273258568155,0.2737058161368505,3.1505296179739055,0.05830945247223971,3.1073014392759943,0.22163729351168635,95,0.6064555921052631,0.5810563428029019
114,2,0.5522642316338268,0.06840622763423392,0.7942,0.04090000000000005,17,0.125,4.836801961906337,0.09841864465623314,4.358591433246726,0.4433812961083762,3.137929891093814,0.14601169882903772,2.668701401870245,0.5600896676138278,3.0318490527356814,0.056112933277924965,3.294173538103727,-0.04308400520015555,95,0.5983552631578948,0.6678119846069269
114,2,0.5522642316338268,0.06840622763423392,0.7942,0.04090000000000005,0,0.125,4.131844016971048,0.08407424808457169,4.018908601796675,0.2708635909903115,2.6074082546941937,0.12132588108144365,2.6048977212255044,0.22346571006266344,3.5209567723744195,0.06516525361459947,3.2344082761817416,0.4014430059616132,95,0.8101973684210526,0.9561002842062526
114,2,0.5522642316338268,0.06840622763423392,0.7942,0.04090000000000005,9,0.125,5.2592545888733415,0.10701465815957924,4.7618197272889775,0.4407110682516243,3.2201850567542336,0.1498391318477389,2.8165786191496154,0.5070108070937965,2.040377633927579,0.037762953248296205,1.9605399173344267,0.35252333586278845,95,0.5746299342105263,0.6353488372093024
114,2,0.5522642316338268,0.06840622763423392,0.7942,0.04090000000000005,1,0.125,4.7459294700416335,0.09656958249567824,4.464027546027176,0.33995237062077027,2.8555564745775546,0.13287251991789684,2.7083520982646316,0.3263339800883348,2.7164600721640966,0.050275769053856,2.5595224390375035,0.34519423482288325,95,0.6358141447368421,0.8844338097393779
114,2,0.5522642316338268,0.06840622763423392,0.7942,0.04090000000000005,4,0.125,4.523365316498408,0.09204087478481865,4.270604550201947,0.3323250785951914,2.819437809557609,0.13119187445352004,2.5727336925289204,0.4090793809789585,4.491811436942279,0.08313366235391408,3.913184756764162,0.5945996137490003,95,0.6217105263157895,0.7978835978835979
115,2,0.5868240888334652,0.06791839747726501,0.7796,-0.014600000000000057,19,0.125,5.111613195845054,0.1041658177266539,4.621675803899487,0.4396909295204775,3.3600260336619137,0.15870813578593018,2.9327159316836817,0.5210253317396225,2.80111244072766,0.05254004519171291,2.4605383258159574,0.4909231306845608,95,0.6203125,0.823545008617261
115,2,0.5868240888334652,0.06791839747726501,0.7796,-0.014600000000000057,15,0.125,5.206066720797267,0.10609061686282673,4.862667418020979,0.358326490100054,3.0871325390299784,0.14581823036042357,2.8218591471818706,0.407417153135986,2.6700075181035685,0.050080929856187,2.62611910490355,0.23963702288266195,95,0.5866365131578948,0.5927665241466321
115,2,0.5868240888334652,0.06791839747726501,0.7796,-0.014600000000000057,13,0.125,4.6752142309409255,0.09527276316782028,4.338062324274969,0.37291261339012655,2.847952010333748,0.13452072985138688,2.6025091924156882,0.40618034657789004,2.2431140453088987,0.042073753126482885,1.8932134016554276,0.5405970667264982,95,0.6196546052631579,0.6884538818845388
115,2,0.5868240888334652,0.06791839747726501,0.7796,-0.014600000000000057,0,0.125,4.226956976202837,0.08613805721439405,4.079152824489598,0.287599275804863,2.6264956190079696,0.12406041476064668,2.56118624659301,0.27325689706073675,3.6430370260004987,0.06833189814094974,3.576846609931052,0.20739768700795969,95,0.8136101973684211,0.9575478849749836
115,2,0.5868240888334652,0.06791839747726501,0.7796,-0.014600000000000057,5,0.125,5.058494153991258,0.1030833437170683,4.683833796833707,0.3798674019654179,2.8937068395884435,0.1366819225271181,2.667726548658818,0.38745444217848435,2.3744669462622383,0.044537519754272475,2.4601275898598245,0.14107774293875366,95,0.6829769736842105,0.7993979530403371
115,2,0.5868240888334652,0.06791839747726501,0.7796,-0.014600000000000057,1,0.125,4.576033268235267,0.09325162704360232,4.3178830605032275,0.333688749339204,2.830172406733104,0.13368092453017763,2.5817631501975105,0.4097567585331836,3.190234333530261,0.05983874607057608,3.067380588087586,0.2798241059803354,95,0.6563733552631579,0.8811000438514064
115,2,0.5868240888334652,0.06791839747726501,0.7796,-0.014600000000000057,14,0.125,4.930180619956195,0.10046853628034293,4.582956801185854,0.3692515366339668,2.8773168602774177,0.1359077549950922,2.735873802795453,0.3189620742751222,3.7414928358761212,0.07017861897408707,3.4399596873702962,0.41459728942182306,95,0.6673930921052632,0.7262645554802538
115,2,0.5868240888334652,0.06791839747726501,0.7796,-0.014600000000000057,4,0.125,4.44339601867487,0.09054870977812858,4.23471475867437,0.3118423233427091,2.530010996037577,0.11950304095156622,2.3186632964196923,0.40284473024329104,2.721205076893195,0.051041234774119384,2.2085472357030995,0.6327378950564594,95,0.6141036184210527,0.7646468028121861
116,2,0.6209609477998338,0.06742860236609076,0.7637,-0.015899999999999914,16,0.125,5.613746804200385,0.11454831872022408,5.188575729042405,0.38745732304968167,3.586093948454651,0.16848315820585302,3.2462646328603126,0.4392430616830925,2.57991546145596,0.04892564969101502,2.4054666319962363,0.3628704389159692,95,0.5943667763157895,0.5564164648910411
116,2,0.6209609477998338,0.06742860236609076,0.7637,-0.015899999999999914,1,0.125,4.458589775150047,0.09097737757329558,4.315373930442978,0.28037605012213906,2.490886061240898,0.11702770656905209,2.510940448173965,0.21894406354980173,3.420587136857491,0.06486819064258646,3.371265251438793,0.1821810611350312,95,0.6636513157894737,0.8794919454770755
116,2,0.6209609477998338,0.06742860236609076,0.7637,-0.015899999999999914,5,0.125,4.590063969842837,0.09366010418752156,4.282143360322179,0.361462998073329,2.744101357624806,0.12892435887487816,2.5705093629935036,0.3572225215770712,2.35381834363398,0.04463793230338264,2.1751912113332907,0.3826327844965461,95,0.7122532894736842,0.7986953007735828
116,2,0.6209609477998338,0.06742860236609076,0.7637,-0.015899999999999914,10,0.125,4.893100852588237,0.0998435618031608,4.472853824498069,0.407303821662599,3.0520724892856768,0.14339356956602975,2.7119363321573697,0.4657691526547217,2.47500393903568,0.04693610217631119,2.2955009185111948,0.3750887405442406,95,0.7103207236842105,0.8639652677279306
116,2,0.6209609477998338,0.06742860236609076,0.7637,-0.015899999999999914,18,0.125,4.480819008827491,0.0914309643546383,4.19698226069628,0.353639742766483,2.860492666980016,0.13439269731490444,2.6374715392318326,0.38781040583734927,3.0375964186343665,0.05760513493605564,2.932764170324986,0.2612111183718545,95,0.7115542763157895,0.918405085235481
116,2,0.6209609477998338,0.06742860236609076,0.7637,-0.015899999999999914,9,0.125,4.831094675729013,0.0985783278057567,4.6189410082002125,0.3017019781485358,2.955639380403186,0.13886291449294325,2.804789047484212,0.32394389753027275,2.220127246727322,0.042102607455811326,2.09616545005893,0.33344170192658734,95,0.6124177631578948,0.6082315026185041
116,2,0.6209609477998338,0.06742860236609076,0.7637,-0.015899999999999914,8,0.125,5.231688409576052,0.1067524297562937,4.7322689156449975,0.43606892175799544,3.29529165413272,0.15482058001768806,2.9500132789420035,0.4566566083088181,3.039086475621107,0.05763339245349839,2.858301241400821,0.3458879481164536,95,0.6366776315789474,0.4482045982950142
116,2,0.6209609477998338,0.06742860236609076,0.7637,-0.015899999999999914,2,0.125,5.123514045668836,0.1045451354221549,4.71111261441219,0.39546959545203364,3.10820576653942,0.14603084342669673,2.820074903544497,0.4228288055879357,2.4000177753135867,0.04551406070528183,2.240703301021748,0.35827418347552625,95,0.5669407894736842,0.5862344067304903
117,2,0.6545084971874737,0.06693689601226459,0.7293,-0.0344000000000001,10,0.125,4.4892467003455,0.09173000153928541,4.278451396462136,0.31037482120214255,2.5639504933189534,0.12038278195750808,2.5423960269781016,0.23380644019559552,2.7226986982026244,0.05181145056457981,2.5569650557028987,0.34689836178398137,95,0.7167351973684211,0.886122425563651
117,2,0.6545084971874737,0.06693689601226459,0.7293,-0.0344000000000001,3,0.125,4.762193127239635,0.09730719028171174,4.3219587454508295,0.4255339140277075,2.9494634826626958,0.13848341465649586,2.6003297110734476,0.4852098963262605,2.2331220464550037,0.04249507761947965,2.024504645752065,0.42569873021454796,95,0.66640625,0.7030295551304991
117,2,0.6545084971874737,0.06693689601226459,0.7293,-0.0344000000000001,19,0.125,4.975670970465098,0.1016692412436622,4.547132260952674,0.4121117754929686,3.2480714997233826,0.1525036790501534,2.9174064365096575,0.45476510220552147,2.8081246542041938,0.053437059266427396,2.906238349691838,0.09857778923780039,95,0.6296052631578948,0.8059691745036572
117,2,0.6545084971874737,0.06693689601226459,0.7293,-0.0344000000000001,8,0.125,4.582409174316883,0.0936336157648393,4.2978170541558445,0.3476827744873659,3.0201832837010074,0.14180385567540688,2.9045194783745965,0.285155099561096,2.5554003889858907,0.048627856256754746,2.522862299993137,0.24043436754347192,95,0.6430921052631579,0.5256393861892583
117,2,0.6545084971874737,0.06693689601226459,0.7293,-0.0344000000000001,14,0.125,4.94553047541852,0.10105337229246275,4.497762263975454,0.42340317273920525,3.184172263019507,0.1495034776424358,2.7295985285720175,0.5567177919617047,3.6554845242438687,0.0695618490002131,2.95150337121644,0.7387978579040495,95,0.6548930921052631,0.7578953977522446
117,2,0.6545084971874737,0.06693689601226459,0.7293,-0.0344000000000001,15,0.125,4.934840082047535,0.10083493257064917,4.667607102325401,0.32516950086334756,2.8780701399824733,0.13513134946354996,2.7980311593769653,0.2627173292312999,2.3811081566059222,0.0453111714587981,2.52379657820256,0.08906543268695909,95,0.6249177631578947,0.563889985524411
117,2,0.6545084971874737,0.06693689601226459,0.7293,-0.0344000000000001,0,0.125,4.553441723866921,0.09304171595363944,4.199352517437066,0.38687175911978183,3.060154854277809,0.14368060363828092,2.778457001087267,0.4241042851164309,3.8153393665438338,0.07260379824887615,3.355099964103308,0.5431566806211486,95,0.8180509868421053,0.95848203066097
117,2,0.6545084971874737,0.06693689601226459,0.7293,-0.0344000000000001,5,0.125,4.15882764238033,0.08497845885988184,4.069489753257321,0.25625425568543536,2.52377370765818,0.11849639872173287,2.5040170700241977,0.2355933575592516,2.3191239552455407,0.044131646384397316,2.1795724145262994,0.3576900431435026,95,0.7081414473684211,0.8244106375566136
118,2,0.687303296707956,0.06644333233692916,0.7329,0.0036000000000000476,8,0.125,4.40012828135223,0.0900431589510848,4.305526611482496,0.2618533399674999,2.849708028711815,0.13454602145691782,2.736019579291353,0.3159481057640198,2.4301969732929734,0.0466636909765945,2.425642005805495,0.24351043290441757,95,0.6262746710526316,0.5558400630293481
118,2,0.687303296707956,0.06644333233692916,0.7329,0.0036000000000000476,1,0.125,4.860429831687907,0.0994626583411273,4.455003748578796,0.40020174240876893,3.0599211474243697,0.14447101675322901,2.692385232140931,0.477426356225262,3.4244411877565577,0.06575477918420147,2.845690766988858,0.6250093712259295,95,0.6524259868421053,0.87256570240121
118,2,0.687303296707956,0.06644333233692916,0.7329,0.0036000000000000476,2,0.125,5.44294221120498,0.11138305052653681,4.810853674962691,0.490795919345697,3.6867068394514515,0.17406405587116494,3.1124224068683084,0.5802971421228663,2.4428013059078197,0.04690571443747818,2.138249064236591,0.4835805610995569,95,0.5705180921052632,0.5106306306306306
118,2,0.687303296707956,0.06644333233692916,0.7329,0.0036000000000000476,0,0.125,3.9000188494334367,0.07980904071820416,3.988936778628277,0.19043315702225172,2.6504003364744757,0.1251359146087381,2.6576743685544475,0.2433898114961213,3.800922876698969,0.07298383320090118,4.102001390800705,-0.11557782608259744,95,0.8194901315789473,0.9582538886101355
118,2,0.687303296707956,0.06644333233692916,0.7329,0.0036000000000000476,13,0.125,4.889525113140797,0.10005805713067897,4.495841001526357,0.3933254160960149,3.1060593458273797,0.14664938414026307,2.87389433841702,0.3817784331620648,2.361217788345988,0.04533917966925718,2.033065313297441,0.5088033941281428,95,0.6370065789473685,0.5926284533953008
118,2,0.687303296707956,0.06644333233692916,0.7329,0.0036000000000000476,15,0.125,4.980754120519494,0.10192494543190486,4.599353669359754,0.38391016815506884,3.1410384276193706,0.14830088536140953,2.946600059747622,0.35283485682644367,3.0005531470249753,0.05761544695773999,2.529441925753166,0.5668390062559144,95,0.6111430921052632,0.5712843974971406
118,2,0.687303296707956,0.06644333233692916,0.7329,0.0036000000000000476,12,0.125,4.907328608483441,0.10042238354539203,4.572149772884875,0.3635796863186219,2.8407037513490736,0.1341208938006649,2.6521908797073737,0.37036987913579816,2.9056806208164536,0.055793741847489406,2.509104111534527,0.5176920791966445,95,0.601891447368421,0.7388304413171198
118,2,0.687303296707956,0.06644333233692916,0.7329,0.0036000000000000476,17,0.125,5.484872783892861,0.11224110760579191,4.821908724102599,0.5042624721250619,3.5064561280493995,0.165553704691473,2.9310255111218853,0.588479436812185,3.2411986545397498,0.06223622779196145,2.918397469868489,0.44303357762483037,95,0.603125,0.5788791928006545
119,2,0.7191855733945386,0.0659479654649035,0.6835,-0.0494,19,0.125,4.82205100391837,0.09879682590783495,4.665315479962129,0.289223631010669,3.0123638125500087,0.14298901496813549,2.8321413243625355,0.3556590203801893,2.947150891659281,0.05688813867556668,2.673439448844971,0.4220395333382567,95,0.631578947368421,0.8300130208333333
119,2,0.7191855733945386,0.0659479654649035,0.6835,-0.0494,11,0.125,5.25734729503231,0.10771541508421734,4.507128017996246,0.5333361780100507,3.235439702533382,0.15357784279795234,2.7598194204506163,0.5326727880728164,2.930933305068398,0.056575094536029685,3.140503237685728,0.06568737821919479,95,0.7604029605263158,0.9365165197642351
119,2,0.7191855733945386,0.0659479654649035,0.6835,-0.0494,12,0.125,5.1564114357227835,0.10564738583443177,4.608857005009477,0.4511610140625743,3.260036812228977,0.15474540312774496,2.8124767757720193,0.5137871313749843,3.2746049611046404,0.06320890513689921,2.5961815220902262,0.6590357529453864,95,0.5853618421052632,0.7303315538072492
119,2,0.7191855733945386,0.0659479654649035,0.6835,-0.0494,3,0.125,5.380205852089308,0.11023260859025548,4.5815649703480466,0.5494386907887123,3.129169679043779,0.14853348330986121,2.6074211761133763,0.5671712516137232,2.818613300409996,0.05440700873522089,2.1521349483556906,0.6767502220350067,95,0.6785361842105263,0.6753120833838323
119,2,0.7191855733945386,0.0659479654649035,0.6835,-0.0494,8,0.125,4.912302554903759,0.10064594918823369,4.497927657948115,0.4024467989542949,3.209164404445492,0.1523306232636023,2.854093642629322,0.45809670037488254,2.5569824204963907,0.049356811332550404,1.9716320056580465,0.6491528029732859,95,0.6567023026315789,0.48431532152025547
119,2,0.7191855733945386,0.0659479654649035,0.6835,-0.0494,5,0.125,4.7447951512674775,0.09721396562317407,4.3322143321399675,0.4088017548841019,2.971979643652286,0.1410720843148941,2.6129929977522868,0.4766033346767419,2.330098537175925,0.04497732677540954,2.102277542513842,0.4489498445713063,95,0.7076891447368421,0.7941432804601708
119,2,0.7191855733945386,0.0659479654649035,0.6835,-0.0494,18,0.125,4.670747686069535,0.09569684054047939,4.1268338770575825,0.46903497352417395,2.6007481433680355,0.12345069797050916,2.265332648361864,0.4926578692619199,3.0084469748460996,0.058071322098739685,2.533709943002958,0.5492807597568179,95,0.6928865131578947,0.9165034716040591
119,2,0.7191855733945386,0.0659479654649035,0.6835,-0.0494,15,0.125,4.656871288690606,0.09541253329964765,4.680213789270116,0.21110995402740917,2.862337921239356,0.1358676791159207,2.896398800919463,0.21600846486690428,3.2418817526324735,0.0625772569824927,3.1727219448953763,0.2573647160394674,95,0.6212993421052632,0.5798146922567836
120,2,0.7499999999999999,0.06545084971874737,0.7487,0.06520000000000004,15,0.125,5.307812457381873,0.10885313877124494,4.779085862930995,0.4354295298758982,3.236668777297324,0.15380491052344486,2.8693751422485656,0.46560835160175745,2.901847577529285,0.056678182560043026,2.3270627838152453,0.6257694208556475,95,0.5901315789473685,0.606814381270903
120,2,0.7499999999999999,0.06545084971874737,0.7487,0.06520000000000004,6,0.125,5.334565574698232,0.10940179432665192,4.975174552443384,0.3645089880140255,3.1368207595638355,0.1490601817636902,2.853104799421438,0.4157327590778938,2.8886524542401406,0.05642045861462438,2.9216550342649854,0.19476808504943316,95,0.5402138157894737,0.7686101385294566
120,2,0.7499999999999999,0.06545084971874737,0.7487,0.06520000000000004,8,0.125,4.269126658448387,0.08755166847272612,4.254852830113848,0.26641261173366215,2.768496929837765,0.13155761428689863,2.721314451530093,0.2766878951757847,1.911567419950332,0.037336270878852516,1.994723928534625,0.2670336264895681,95,0.6211759868421053,0.5799298338518567
120,2,0.7499999999999999,0.06545084971874737,0.7487,0.06520000000000004,9,0.125,6.0181865616598795,0.12342156061609186,5.1603559492982765,0.5433204187755932,3.397212675927895,0.16143387773107448,2.900098134810686,0.5412229729457807,3.3996020027135203,0.06640020117987754,2.614099098187478,0.7322696249790837,95,0.5712171052631579,0.5979700547077454
120,2,0.7499999999999999,0.06545084971874737,0.7487,0.06520000000000004,11,0.125,3.8761588747791054,0.0794926466003745,4.071296536329711,0.1962347956803332,2.425464597034725,0.11525688632131556,2.418861934865584,0.28085312928181083,2.415610739076852,0.0471811226487538,2.375179188055146,0.2954569374094814,95,0.7857319078947368,0.9415981998011408
120,2,0.7499999999999999,0.06545084971874737,0.7487,0.06520000000000004,7,0.125,5.324199867598381,0.10918921338818398,4.814694686269633,0.42700791486635575,3.0683556846725,0.14580675503324922,2.7788319192041087,0.4242131974121254,2.426412951230216,0.04739210883466573,2.4270506798413494,0.2623497663392657,95,0.6881167763157895,0.7340304750522856
120,2,0.7499999999999999,0.06545084971874737,0.7487,0.06520000000000004,17,0.125,5.693310462295255,0.11675896968780541,4.874890028663573,0.5371333291819941,3.3166582497760295,0.1576059709667312,2.851137266579511,0.5251694272733992,2.5600655960046854,0.05000257985279194,2.0074515690042345,0.6355998176735567,95,0.6136513157894737,0.5835566872152238
120,2,0.7499999999999999,0.06545084971874737,0.7487,0.06520000000000004,13,0.125,5.744124681660897,0.11780107268533466,4.958356962596622,0.52298789303003,3.460829512739586,0.16445691856930847,3.0939321599290195,0.45295938930949026,2.585277304559139,0.050495008824997495,1.89592297505467,0.715076735555769,95,0.6304276315789473,0.6070962692408035
121,2,0.7795964517353733,0.06495203961280434,0.7759,0.027200000000000002,18,0.125,4.792408336111511,0.09838135390640465,4.220630416742736,0.49195028306090943,2.736191927391363,0.13077765025051583,2.4144535797605933,0.475180088457271,3.0684219360904916,0.05943431222127598,2.112834679521388,0.7396756447243846,95,0.7176809210526316,0.9123983041136702
121,2,0.7795964517353733,0.06495203961280434,0.7759,0.027200000000000002,13,0.125,4.057739388763194,0.08329964119663884,3.8661980640111757,0.3207499635430323,2.389107682004046,0.1141885865973672,2.27543143717463,0.3331958325656204,2.504582100077481,0.048512922153556806,1.8304958120432147,0.6839239069602885,95,0.6278371710526316,0.7668478616805292
121,2,0.7795964517353733,0.06495203961280434,0.7759,0.027200000000000002,14,0.125,4.926014250995704,0.10112409406424266,4.428956453088388,0.44891666365088984,3.3008306484841,0.1577648379714314,2.9276620047315265,0.4843114971605211,4.797746040016339,0.09293074487142894,3.637508167941741,0.7496154110514475,95,0.6771381578947369,0.7198202574690309
121,2,0.7795964517353733,0.06495203961280434,0.7759,0.027200000000000002,10,0.125,4.58274529022949,0.09407726859660606,4.2578029155432775,0.3698868042984342,2.633053681231681,0.12584810662139553,2.394117689289497,0.41631893976121476,2.3127694090549076,0.044797574133080865,2.3900030045943668,0.35087507661195094,95,0.7126233552631579,0.8906006577808551
121,2,0.7795964517353733,0.06495203961280434,0.7759,0.027200000000000002,5,0.125,4.715649606103768,0.09680560592070082,4.23096813864812,0.44961886960428193,2.836866368422445,0.1355894350915307,2.4340098282900207,0.5318428736279218,2.6761010826694704,0.05183518779223762,2.08179089866746,0.6303948357915012,95,0.6982730263157895,0.7881874926392651
121,2,0.7795964517353733,0.06495203961280434,0.7759,0.027200000000000002,15,0.125,4.383196187814532,0.08998080821812328,4.227272429987263,0.285324115330594,2.593272131323452,0.12394672771290578,2.492994679971911,0.30347748496488036,2.8275225955150463,0.054768172127158794,3.289426481248023,0.04806696512510085,95,0.6138980263157895,0.6541862022772941
121,2,0.7795964517353733,0.06495203961280434,0.7759,0.027200000000000002,9,0.125,4.484844935088949,0.09206751299751219,4.304780792972125,0.29440978740268514,2.410135328982615,0.11519361341388015,2.3191838317327687,0.31170675542379517,2.6352845404955603,0.051044584947555864,1.8177208034473087,0.7248009459959014,95,0.5732730263157895,0.7039162243580548
121,2,0.7795964517353733,0.06495203961280434,0.7759,0.027200000000000002,7,0.125,4.460136798650533,0.09156028995956715,4.200711171859277,0.33929592666018077,2.7237219176726457,0.13018163995120552,2.4903701114319405,0.4050137052466948,3.1678125046375785,0.0613594744727244,2.0996920258079252,0.7749491373321653,95,0.7194901315789474,0.763630129157618
122,2,0.8078307376628293,0.06445158984722359,0.7895,0.013599999999999945,16,0.125,5.477434480231398,0.11259975345524563,5.061131097554059,0.3867740500936851,3.2894311805189758,0.15866238918300216,2.9887943261701504,0.4221056748031175,2.3227310410180526,0.04634298169022143,2.2204363651766563,0.3194869008327426,95,0.5877055921052632,0.5953263835443924
122,2,0.8078307376628293,0.06445158984722359,0.7895,0.013599999999999945,4,0.125,5.00324733086313,0.10285187672514239,4.5026983104681575,0.44401632513214373,2.9053385310228195,0.14013606834139242,2.5467899272060954,0.4876757683211442,2.769163375226065,0.05525017116880038,2.557176251618267,0.3838559410839804,95,0.6001233552631579,0.7599862966769442
122,2,0.8078307376628293,0.06445158984722359,0.7895,0.013599999999999945,7,0.125,4.415467397091918,0.09076887037108317,4.242562699614847,0.298057504922553,2.73544489249291,0.13194142035611495,2.480337720724327,0.4218667328314192,2.2673054643218116,0.04523713411654882,2.599210448901879,-0.11577338244282488,95,0.7119243421052631,0.7737668938431327
122,2,0.8078307376628293,0.06445158984722359,0.7895,0.013599999999999945,1,0.125,4.678283518342442,0.09617158774975326,4.294967231408097,0.3966020615885231,2.843818456391801,0.13716870970459188,2.6225057132155833,0.3879007618619986,3.9204233412644065,0.07822003663519345,3.2970721704773283,0.6862921383646433,95,0.6572368421052631,0.8741866866866866
122,2,0.8078307376628293,0.06445158984722359,0.7895,0.013599999999999945,6,0.125,5.087379069103511,0.10458137490861093,4.672912326658121,0.39776765211610726,3.030337732906656,0.14616527853867917,2.8106508870926024,0.37422754086309173,3.34366732944555,0.06671263744715347,2.8923792594952875,0.5613130231162112,95,0.5369243421052632,0.7740082707918517
122,2,0.8078307376628293,0.06445158984722359,0.7895,0.013599999999999945,2,0.125,5.157889368083016,0.1060308568348306,4.651690558763974,0.4418686049965248,3.194291783195987,0.15407343648683577,2.781771144450003,0.5108434328693959,2.1657188193375863,0.04321028385048808,1.7812542332557857,0.5774189571879651,95,0.5923930921052631,0.5398764489484279
122,2,0.8078307376628293,0.06445158984722359,0.7895,0.013599999999999945,17,0.125,4.465063483532029,0.09178841832289467,4.1632131236516345,0.3636097020592044,2.506285439540092,0.12088814569735538,2.3137827102172115,0.392780297817744,1.88594287419556,0.03762821202464359,1.8573067466344622,0.30191455400462874,95,0.6128289473684211,0.6861916264090178
122,2,0.8078307376628293,0.06445158984722359,0.7895,0.013599999999999945,5,0.125,4.0434831484209095,0.08312198114935744,4.012850502253474,0.23962997841435715,2.429548458211216,0.11718681494192369,2.3837219291365894,0.28259834498522973,1.8067740462804596,0.036048640615937697,1.8992579562280052,0.19486794171772226,95,0.7128700657894737,0.8255176789525293
123,2,0.8345653031794288,0.06394955530196146,0.7465,-0.04299999999999993,15,0.125,4.6415426828737605,0.0955447734266771,4.345544835227969,0.3515024916850927,2.7384582339361367,0.1326157157594921,2.519664582155002,0.39170441403780754,2.276912362819789,0.04548104475565545,2.3947322312898085,0.31674374807553096,95,0.6201480263157895,0.6163638774698316
123,2,0.8345653031794288,0.06394955530196146,0.7465,-0.04299999999999993,7,0.125,4.172145141854687,0.08588236487678107,3.891449748976155,0.362620322396221,2.394002393696582,0.11593470261318346,2.1476848188835884,0.4418069012318417,2.72455544406645,0.05442266031591594,1.8733078826663336,0.731297256812418,95,0.7270559210526316,0.7872978169890283
123,2,0.8345653031794288,0.06394955530196146,0.7465,-0.04299999999999993,19,0.125,4.2118024109291055,0.08669869794690813,4.008734781775836,0.31703722314913296,2.459706279935704,0.11911655428205381,2.365913656336566,0.3022297235536314,2.617676380840042,0.052287764156793315,2.2745541101686007,0.5179938464157157,95,0.6532072368421052,0.8631499433463427
123,2,0.8345653031794288,0.06394955530196146,0.7465,-0.04299999999999993,10,0.125,4.487905721149809,0.09238220233753448,4.169208965951471,0.3701194900767793,2.6915297776936695,0.13034310457376755,2.446246698908805,0.4177767169749434,2.884501719834224,0.05761756752687489,2.080624890314386,0.698390622763708,95,0.7177220394736842,0.8688627900315096
123,2,0.8345653031794288,0.06394955530196146,0.7465,-0.04299999999999993,16,0.125,5.035159989325754,0.10364726842269209,4.592697781277819,0.41901053447507086,2.989338022777343,0.14476510783509997,2.710235926673742,0.42833164940898605,3.084912523485662,0.06162074871172287,2.3398996402259518,0.6576540560922335,95,0.5775904605263158,0.6803587954723429
123,2,0.8345653031794288,0.06394955530196146,0.7465,-0.04299999999999993,0,0.125,4.3914183420173565,0.09039603838136544,4.025520175006432,0.40008735134320367,2.7611318383082053,0.13371373370089684,2.4551257197009213,0.4646633099691405,4.239369880920355,0.08468089261509132,3.218157385390803,0.7186406570713147,95,0.8175575657894737,0.9607705074686919
123,2,0.8345653031794288,0.06394955530196146,0.7465,-0.04299999999999993,12,0.125,4.7741413574870775,0.09827427764288375,4.326566137859657,0.43022739148743405,2.7307943746926293,0.13224457693164265,2.5147245811707477,0.3898584530717564,2.958974343337521,0.05910514903327502,2.2517282258347273,0.6513553230410668,95,0.6101151315789474,0.7495619355708316
123,2,0.8345653031794288,0.06394955530196146,0.7465,-0.04299999999999993,5,0.125,4.2196641902301595,0.08686053033182216,4.0240180149875675,0.3124450223979872,2.427682687642361,0.11756574311373169,2.2831389752059654,0.3505911324173449,2.08615620389074,0.04167071391317864,2.0158310038905007,0.4602141521420408,95,0.6942434210526316,0.8195925136223644
124,2,0.8596699001693258,0.0634459910307633,0.7768,0.030299999999999994,13,0.125,4.72789090161471,0.09745052961742723,4.2892183945631155,0.4211585260644753,3.0180691700596554,0.14687965178521767,2.612821880240036,0.5057027404316637,2.72608469774051,0.05583076917733143,2.8152533476487056,0.11257874319083089,95,0.6360608552631579,0.6211778395500679
124,2,0.8596699001693258,0.0634459910307633,0.7768,0.030299999999999994,9,0.125,5.427507815493252,0.11187092133236487,4.796295860846142,0.48831051772199935,3.1712827627371682,0.1543360611228441,2.7054874449833295,0.5361621161644732,2.49693180172708,0.05113767125038629,2.041097160374666,0.6007645300226157,95,0.5926398026315789,0.5603274821341844
124,2,0.8596699001693258,0.0634459910307633,0.7768,0.030299999999999994,4,0.125,4.852147841385811,0.10001169374775837,4.430472424481323,0.40812691164252557,3.109090049964807,0.1513093432178327,2.745383915173188,0.4721398772190707,2.836602548155015,0.05809419723647473,2.2978127523894685,0.6433566648250227,95,0.5913651315789473,0.6935753024614101
124,2,0.8596699001693258,0.0634459910307633,0.7768,0.030299999999999994,17,0.125,5.020137938665091,0.10347427871238982,4.446801508324625,0.4740239586838299,2.9658049905667494,0.14433612343904448,2.499455731948776,0.5489979166309493,2.9907706552605937,0.06125159143242608,3.1117152748490033,0.06463850473779784,95,0.6071134868421053,0.6094818828310193
124,2,0.8596699001693258,0.0634459910307633,0.7768,0.030299999999999994,6,0.125,5.072760031875556,0.10455891686492969,4.616905701234069,0.4165336404725855,3.2185033559017837,0.15663413445725116,2.7412115438942517,0.5410197260719615,3.060927061684481,0.0626884089079101,2.5168529129434694,0.6370261679450626,95,0.5383634868421052,0.7705644237378751
124,2,0.8596699001693258,0.0634459910307633,0.7768,0.030299999999999994,8,0.125,4.422399111703618,0.09115378179897729,4.346928859667543,0.2537205447455204,2.713787870895835,0.1320712664409374,2.731160191764606,0.2277156888355418,2.0471296311227505,0.04192563129312177,2.0202788987763913,0.287134638389629,95,0.6345394736842105,0.5594867807153966
124,2,0.8596699001693258,0.0634459910307633,0.7768,0.030299999999999994,5,0.125,4.110640495924294,0.08472786316999302,4.003347572738877,0.2863635706045985,2.291374472018452,0.11151377440198126,2.261399008918438,0.3082351343131444,1.9658521051665325,0.04026105102724548,2.211621273145176,0.029979450393107013,95,0.7127055921052632,0.8010154041423874
124,2,0.8596699001693258,0.0634459910307633,0.7768,0.030299999999999994,19,0.125,4.440144791839184,0.09151955291417829,4.085622056492549,0.39300530094841424,2.861317428881169,0.13925105221916878,2.6605904919188528,0.3766594786325369,3.453048445495998,0.07071913461765122,2.9012708201258026,0.6282537772611095,95,0.6370888157894737,0.8263844068671744
125,2,0.8830222215594892,0.06294095225512607,0.7635,-0.01330000000000009,3,0.125,4.863167898646553,0.10036804880496074,4.416795503917211,0.4246927396750577,2.8403968030843116,0.1378011517341461,2.5782355876452834,0.41979863999778316,2.4605331647968276,0.05068857342682548,2.1125187783784374,0.527843033261969,95,0.6603618421052632,0.7110211706102118
125,2,0.8830222215594892,0.06294095225512607,0.7635,-0.01330000000000009,10,0.125,4.600691231588859,0.0949509479607267,4.1881604641009185,0.41616553471007794,2.8121720954124627,0.13643183698899605,2.4173291649877418,0.5230157498574446,2.048806313389894,0.042206734190547886,1.7919055456400557,0.48483064423927663,95,0.7194901315789474,0.8865013144359355
125,2,0.8830222215594892,0.06294095225512607,0.7635,-0.01330000000000009,11,0.125,4.179050404703381,0.08624895206566757,3.945604621908542,0.3374711433641692,2.877578069836705,0.1396049917384197,2.562739349990156,0.45826531030682804,2.5622502526415865,0.05278401117574428,2.439286827101223,0.31441621117829743,95,0.7770559210526315,0.9459202031961054
125,2,0.8830222215594892,0.06294095225512607,0.7635,-0.01330000000000009,17,0.125,3.970486694120129,0.08194452887505774,3.889551123488287,0.2625939940555927,2.420737150181831,0.11744146697336963,2.175519686138175,0.4401858691035629,1.7757578348115193,0.03658175906177503,1.6674393726618237,0.3848334284640266,95,0.6216282894736842,0.7493716100013229
125,2,0.8830222215594892,0.06294095225512607,0.7635,-0.01330000000000009,6,0.125,4.3430603465243705,0.0896338563478679,4.068155377700453,0.3526412643091533,2.5268788672722904,0.122590906251087,2.4177885838788056,0.3211952837957055,2.1000637582547346,0.04326267068222995,2.014354304959946,0.3205188048920696,95,0.5863075657894737,0.8086121046356687
125,2,0.8830222215594892,0.06294095225512607,0.7635,-0.01330000000000009,1,0.125,4.420423616559672,0.09123051116720397,4.086785655766889,0.3811819710879615,2.609356624000883,0.12659229431676405,2.3767512421580435,0.41378430402462973,3.059839235117593,0.06303466580437111,2.7460492408691537,0.46247760465542104,95,0.6659128289473685,0.8846557579499845
125,2,0.8830222215594892,0.06294095225512607,0.7635,-0.01330000000000009,15,0.125,4.77509730588583,0.0985504118784318,4.3683477327011495,0.40667220493002765,2.7393719103187064,0.13289995392903584,2.5244441931926622,0.3896565192205789,2.6314140546571663,0.05420883019753325,2.2098697895283914,0.5798037203445162,95,0.6172697368421053,0.6155075939248601
125,2,0.8830222215594892,0.06294095225512607,0.7635,-0.01330000000000009,12,0.125,4.866922618530416,0.10044554025012704,4.399049130618052,0.4359313325806367,2.908899555437163,0.14112454590250015,2.6282304911039183,0.4297517954333234,3.1855141898298047,0.06562365109462585,3.1761298354721395,0.16485916309662554,95,0.6213815789473685,0.7191635786130227
126,2,0.9045084971874735,0.06243449435824273,0.7988,0.0353,17,0.125,4.261302446635154,0.08805969619453644,3.8851464975725367,0.4119254328978281,2.415516117817617,0.1188231777428223,2.104150996253266,0.49539753086314253,1.8536975783668839,0.03838906186311152,1.713737404717879,0.38989076838983916,95,0.6060444078947368,0.6673451387475405
126,2,0.9045084971874735,0.06243449435824273,0.7988,0.0353,13,0.125,4.402123558129644,0.09096976053549248,4.066942371755597,0.38297920118435475,2.594240169882471,0.1276149053776627,2.405749270799577,0.37508952916607496,2.0024213407629774,0.04146904954921958,1.9297845904915516,0.2999266006886616,95,0.6102796052631579,0.6808381619727799
126,2,0.9045084971874735,0.06243449435824273,0.7988,0.0353,4,0.125,4.657498765898938,0.09624708208058441,4.208649310252108,0.4373325280507347,2.8059459481824316,0.13802905792194234,2.471861287493933,0.4874846808791575,2.6377764893340587,0.0546269067898974,2.2460473954824702,0.5804282810498389,95,0.5972861842105263,0.7392950571389233
126,2,0.9045084971874735,0.06243449435824273,0.7988,0.0353,9,0.125,4.641904739495302,0.09592483195993452,4.1615980212960455,0.4552904059991241,2.8136801501156654,0.1384095159301637,2.493835107496656,0.4749218124460954,2.0414212172787276,0.04227671563763075,1.8944821258440412,0.37617266396556576,95,0.6223684210526316,0.5941464059196617
126,2,0.9045084971874735,0.06243449435824273,0.7988,0.0353,1,0.125,4.144155148101188,0.08563885053805,3.95332596097362,0.31080979510747286,2.464823292111142,0.12124867807041656,2.397898733220003,0.2743794082619171,3.0773439413296715,0.06373010803728558,3.212257855546829,-0.015545132450773599,95,0.6669819078947369,0.885765365883731
126,2,0.9045084971874735,0.06243449435824273,0.7988,0.0353,12,0.125,4.35189879548612,0.0899318672164384,4.1206220076311135,0.32525487721485774,2.678021495819489,0.13173624545480447,2.4847668431648,0.3732835302400231,2.255139732908863,0.046702709075592624,2.0483095498466057,0.41955436760467113,95,0.6041118421052631,0.7595289953716308
126,2,0.9045084971874735,0.06243449435824273,0.7988,0.0353,18,0.125,4.366040347002377,0.09022410198405605,4.11555298043279,0.335829031331595,2.580000875021878,0.1269144512379978,2.3617363842474206,0.4025424698281241,2.8448483126864064,0.05891525087015668,2.595000641536143,0.4268463421807076,95,0.7063733552631579,0.9261889516269864
126,2,0.9045084971874735,0.06243449435824273,0.7988,0.0353,6,0.125,4.2294819920046285,0.08740212738719942,4.061139192114302,0.2936611452848788,2.3956954169175413,0.11784816513633849,2.3036077033999667,0.3038418071314599,2.1163007682944763,0.0438274301391613,1.7426297831316695,0.5961683157218352,95,0.5777138157894737,0.7784341637010677
127,2,0.9240240480782128,0.06192667287892905,0.8003,0.0015000000000000568,8,0.125,4.565242958504899,0.09448400084201151,4.107475073123762,0.4463903807706067,2.7369837983811505,0.13465070345109317,2.301678035348734,0.5641413882516193,2.616546857500221,0.05462652708086138,2.0299544178962154,0.6513424813566466,95,0.5997532894736842,0.6465103523927054
127,2,0.9240240480782128,0.06192667287892905,0.8003,0.0015000000000000568,7,0.125,4.365997847271404,0.09036034840364984,3.967997831288136,0.4203087881952225,2.5361956188376564,0.12477257788959475,2.1913768303295234,0.5085331920924542,2.721688367270479,0.05682160167481489,1.979473767332231,0.7356758783341526,95,0.6758223684210526,0.8487466536870285
127,2,0.9240240480782128,0.06192667287892905,0.8003,0.0015000000000000568,14,0.125,4.6512172701545325,0.09626335782435176,4.205304610447817,0.43674682298430767,2.9606592269686063,0.14565480724660693,2.5909527026260997,0.5000333456315591,3.198647055228496,0.06677922831142807,2.395467862341219,0.7484424749444859,95,0.6656661184210526,0.7056643399839397
127,2,0.9240240480782128,0.06192667287892905,0.8003,0.0015000000000000568,13,0.125,4.048065546604313,0.08378030084934181,3.8987245914302364,0.2899247006954924,2.559464040204788,0.12591730856251065,2.447433437052398,0.31527851462595746,1.9169915445596226,0.04002167598202841,2.105642565986617,0.17970540484032044,95,0.6340049342105263,0.7702834165639795
127,2,0.9240240480782128,0.06192667287892905,0.8003,0.0015000000000000568,12,0.125,4.2221361650849225,0.08738293243162186,3.928158708507918,0.3669019248066824,2.4952635585905227,0.12275885361792059,2.243530151256895,0.4377528524056172,2.2579599818475913,0.047140188505448266,1.8644052982067247,0.5641143038412197,95,0.6298108552631579,0.7812234771822159
127,2,0.9240240480782128,0.06192667287892905,0.8003,0.0015000000000000568,18,0.125,4.186958098381224,0.08665487381255964,3.8557160923000167,0.3898648798184623,2.6781504603424087,0.1317562945189036,2.418637300400045,0.42973870278784776,2.6827300888977574,0.05600825661949859,1.9691163757851533,0.7216815247760872,95,0.7060855263157895,0.9266829722804566
127,2,0.9240240480782128,0.06192667287892905,0.8003,0.0015000000000000568,19,0.125,4.584449740526108,0.09488151169196167,4.308380747029402,0.34190359860581476,2.8384771313025485,0.13964384542056532,2.679177364732121,0.3348796936868811,2.370796278582497,0.04949590974989111,2.5768472087110808,0.10241314392178333,95,0.6322779605263158,0.857774598426221
127,2,0.9240240480782128,0.06192667287892905,0.8003,0.0015000000000000568,9,0.125,4.080697856866014,0.0844556715269307,3.980819735424647,0.2585684624015941,2.1701461313935293,0.10676413333416232,2.1752070705087347,0.25055271055027734,1.7088160663544645,0.035675526642050696,1.912708580622509,0.20627310386373687,95,0.6182565789473684,0.6757116254322958
128,2,0.9414737964294633,0.061417543505532794,0.7851,-0.015199999999999991,9,0.125,4.194112793029029,0.08693272347256523,3.9958929926015196,0.308733317439994,2.4204880145220677,0.11911058027782521,2.281954867508886,0.3400831129847015,2.1488612426883043,0.04524248941302763,1.6104619116067607,0.6724531842801873,95,0.61953125,0.6886573305900312
128,2,0.9414737964294633,0.061417543505532794,0.7851,-0.015199999999999991,12,0.125,3.9955788850143716,0.08281764737016474,3.7940291677128104,0.3196913599841449,2.3427102595998535,0.11528318949302901,2.213061406116639,0.33819994319211305,1.8330452704131095,0.038593246317065635,1.880463849560983,0.2848350215581047,95,0.6514802631578948,0.7903938399394093
128,2,0.9414737964294633,0.061417543505532794,0.7851,-0.015199999999999991,16,0.125,4.782055412193319,0.09911919905197657,4.405112763662262,0.3968525834671383,2.786489113216238,0.137121247129399,2.6127360935441124,0.3476444394850401,2.068622751387288,0.04355313459518837,2.0930389303062142,0.26750021691256576,95,0.5915707236842105,0.6860360047264892
128,2,0.9414737964294633,0.061417543505532794,0.7851,-0.015199999999999991,15,0.125,5.136189506230679,0.10645945020600511,4.6205008605388045,0.46956718417403315,3.0389882141974054,0.1495465573383547,2.6740842428147644,0.5102975515669916,2.7779522766836515,0.05848747884275858,2.708665485383918,0.27194308608128503,95,0.5894325657894737,0.6004185559818626
128,2,0.9414737964294633,0.061417543505532794,0.7851,-0.015199999999999991,8,0.125,4.104254215814218,0.08507019587015145,3.859175232776719,0.34170426301439,2.391723115699588,0.11769507903600022,2.244566434217412,0.3507143445994832,2.4196353260535863,0.05094341293317555,1.9124037373750395,0.627250080711097,95,0.6142269736842105,0.7074574909626457
128,2,0.9414737964294633,0.061417543505532794,0.7851,-0.015199999999999991,19,0.125,4.256480586506465,0.0882254407673837,3.9694175732962216,0.3610280473480534,2.78050024080581,0.13682653876326117,2.5142959287372504,0.43445492159016574,3.337492385367398,0.07026813128340606,2.513044112606903,0.7848141628277453,95,0.6481496710526315,0.8456512085262957
128,2,0.9414737964294633,0.061417543505532794,0.7851,-0.015199999999999991,17,0.125,4.309069002066734,0.08931545775389862,4.0594708497513725,0.3358903702378108,2.520454098295268,0.12402984373828843,2.3585951836963925,0.35444535999895205,1.8764730871328015,0.0395075829429678,1.744446942475747,0.4244740744118261,95,0.6249588815789474,0.693335087834726
128,2,0.9414737964294633,0.061417543505532794,0.7851,-0.015199999999999991,18,0.125,3.7888079992146237,0.07853184078258725,3.7181570982810217,0.24720989369961213,2.2009941985300374,0.10830943784979005,2.056809229791036,0.36534082734755924,2.5947640975771478,0.054630603820223694,2.2342687797204177,0.5111154451692044,95,0.7404194078947368,0.9359693452546232
129,2,0.9567727288213004,0.060907162069827145,0.7677,-0.01739999999999997,4,0.125,4.57953666397387,0.09507555210231607,4.221945271279528,0.3895011448386384,2.8621893164941703,0.14168041545019158,2.5173437589569274,0.497639756458664,3.6950659384416538,0.07914326092449592,3.3101439331431126,0.5386303439820228,95,0.6043174342105263,0.730965503163911
129,2,0.9567727288213004,0.060907162069827145,0.7677,-0.01739999999999997,17,0.125,4.1203708515981425,0.08554283158463624,3.8382205111604613,0.3644387632691568,2.3511534264439504,0.11638377389156845,2.1524607454830926,0.40314065417098754,1.7379397273071282,0.03722429304396221,1.8163960385297402,0.15637454782080368,95,0.6280427631578948,0.6847584129893938
129,2,0.9567727288213004,0.060907162069827145,0.7677,-0.01739999999999997,18,0.125,3.998545874425583,0.08301362878216705,3.7859845228858955,0.3293186421791,2.5098992337836035,0.12424180473713356,2.273245433065779,0.42452028354223587,2.9832266872367863,0.06389663730993489,2.959075878699735,0.17287513242858457,95,0.7372944078947369,0.9316267915899838
129,2,0.9567727288213004,0.060907162069827145,0.7677,-0.01739999999999997,8,0.125,4.087042085808196,0.0848508945960549,3.9165527447390134,0.2999785645623141,2.4234722912072604,0.11996360935021738,2.309215413596625,0.318609895568499,2.7827051603045634,0.0596017403334365,2.576895488713482,0.38449883554998376,95,0.6288651315789474,0.6221394010723159
129,2,0.9567727288213004,0.060907162069827145,0.7677,-0.01739999999999997,2,0.125,5.022518561429003,0.10427227909943802,4.547029984489178,0.44252545424251394,2.9099208888553187,0.1440431623737605,2.6127482623212037,0.4529984710711246,2.485990019845963,0.05324650766024985,2.1194390497773092,0.5663231688560549,95,0.5821546052631579,0.5379290860291002
129,2,0.9567727288213004,0.060907162069827145,0.7677,-0.01739999999999997,10,0.125,4.266145320266005,0.08856924868924179,3.968694152327621,0.366940574348239,2.4815218722249237,0.12283710507179532,2.3628468664983244,0.31798806525122675,2.194522760341881,0.04700367742279872,2.0921340847038103,0.31275191539757613,95,0.7176809210526316,0.8615790076773232
129,2,0.9567727288213004,0.060907162069827145,0.7677,-0.01739999999999997,1,0.125,4.408421353518773,0.09152303493553346,4.119927451006192,0.35587251840971257,2.585086229132127,0.12796361470827777,2.4690037681968686,0.3075110143119586,3.4650605210549057,0.07421685932150747,3.5662454416544906,0.006321483581986362,95,0.66484375,0.8777908343125734
129,2,0.9567727288213004,0.060907162069827145,0.7677,-0.01739999999999997,7,0.125,4.285362701315726,0.08896821986194496,3.974824357435164,0.37373681231964845,2.4464535257760627,0.12110119687543895,2.255607767585501,0.3879503737926252,2.420736118494448,0.05184885830106622,2.223650393164743,0.39720355323481493,95,0.7215049342105263,0.7600729469424973
130,2,0.9698463103929543,0.06039558454088799,0.7343,-0.033400000000000096,7,0.125,4.0793858322089624,0.08482324394198844,4.069045664957601,0.22711546559373724,2.295182786473797,0.11393110740488108,2.2751919451167986,0.2756222256958569,2.465001924865177,0.053133403948959775,2.580243723019154,0.008737154380129971,95,0.7264802631578947,0.775413176364048
130,2,0.9698463103929543,0.06039558454088799,0.7343,-0.033400000000000096,11,0.125,4.635333738169784,0.09638314702201091,4.169002083718641,0.44002241048875496,2.7982376021195763,0.13890236135887907,2.5089620488839306,0.4431832644036386,2.3168188074234464,0.04993929957199128,2.183193647873209,0.3347242919466606,95,0.7799753289473684,0.939691074911698
130,2,0.9698463103929543,0.06039558454088799,0.7343,-0.033400000000000096,16,0.125,5.50792510826816,0.11452706223177896,4.776365015058447,0.5420767365895333,3.158302961161696,0.15677572871574652,2.6724520964334464,0.5655338353221833,2.3800684340310108,0.05130265264943133,2.283897427476993,0.2849099792805967,95,0.6079769736842106,0.586838901663736
130,2,0.9698463103929543,0.06039558454088799,0.7343,-0.033400000000000096,15,0.125,4.478759556680557,0.0931274780223747,4.269498187667316,0.3147980886054023,2.5740706546257126,0.12777488657906624,2.4434046192330205,0.33799284189118833,3.110642679985273,0.06705026571757028,2.8060646551493424,0.49538244713779084,95,0.6179276315789474,0.6636278945967528
130,2,0.9698463103929543,0.06039558454088799,0.7343,-0.033400000000000096,2,0.125,4.374714212995425,0.09096404854268436,4.316036035323914,0.23871891099544976,2.4806328343557205,0.12313670508014797,2.4256316402157285,0.28529130770710737,2.389284618820961,0.05150130858733267,2.2598197852567923,0.32472718910236426,95,0.5894736842105263,0.6464146205357143
130,2,0.9698463103929543,0.06039558454088799,0.7343,-0.033400000000000096,1,0.125,4.228450501071166,0.08792276658831379,4.0437671266656485,0.3136024966498415,2.722436635808322,0.13513965971912456,2.4343280136664642,0.4478670755957256,3.2157023829548903,0.0693148398667153,3.155887841225089,0.19750715115498724,95,0.6785773026315789,0.8819002605586863
130,2,0.9698463103929543,0.06039558454088799,0.7343,-0.033400000000000096,3,0.125,4.709896733256555,0.09793354587650359,4.134137235568675,0.4910214830591311,2.771400084959332,0.13757016765819272,2.3783996407985586,0.5216602194556077,2.244374129530129,0.04837774609179737,2.1005466192140667,0.35223294313648423,95,0.6805098684210527,0.7101510574018127
130,2,0.9698463103929543,0.06039558454088799,0.7343,-0.033400000000000096,6,0.125,5.217566021647567,0.10848958486429618,4.668415705285189,0.46111587783384067,3.1692115027108416,0.15731722032425396,2.7643430830757976,0.5064226040814669,2.6611208386172027,0.057360770005474127,2.4573068840413472,0.397271663463345,95,0.5354029605263158,0.7307426464941249
131,2,0.9806308479691594,0.059882867018956294,0.782,0.047700000000000076,5,0.125,4.4328441646724395,0.09229398270015407,4.078159810550084,0.3919582063119745,2.520723190560124,0.1260085299256979,2.2320343798742264,0.4646940410561246,1.9588088476773757,0.04230101977408665,1.8261406138914273,0.4250080030785917,95,0.7044819078947369,0.8044709041031927
131,2,0.9806308479691594,0.059882867018956294,0.782,0.047700000000000076,11,0.125,3.7879124608625614,0.0788661893234816,3.5857333286713144,0.34179043831349704,2.2923888903637315,0.11459431768410422,2.0747897939713007,0.43279808662206903,2.303850903729713,0.04975229857205,1.5919446479877268,0.7496574432682155,95,0.7874588815789474,0.9492454702104329
131,2,0.9806308479691594,0.059882867018956294,0.782,0.047700000000000076,9,0.125,4.402026470406525,0.09165234323894662,3.91586162678849,0.4621947813135966,2.6100994234865995,0.13047636192071332,2.2072204227434167,0.541371710020763,1.9856279247714135,0.042880185174438416,1.7703958361609007,0.48001982123109976,95,0.6272615131578947,0.6216322517207473
131,2,0.9806308479691594,0.059882867018956294,0.782,0.047700000000000076,3,0.125,3.8651238468139963,0.08047376812718701,3.773048953813949,0.2759129681781669,2.2763046582653046,0.11379028237816642,2.1913515176191307,0.3293112283691129,2.098123342624406,0.04530955489100677,1.659575133052814,0.6118792021534999,95,0.6745888157894737,0.7508228696818238
131,2,0.9806308479691594,0.059882867018956294,0.782,0.047700000000000076,2,0.125,4.587963877639731,0.09552365096125658,4.139259693546948,0.4353825559094369,2.643348458613785,0.13213844923498666,2.264875629279854,0.5211926406404375,2.314900629386768,0.04999092045905625,1.774650491639126,0.650107433682891,95,0.5886924342105263,0.5892994342390165
131,2,0.9806308479691594,0.059882867018956294,0.782,0.047700000000000076,17,0.125,4.913792980524452,0.10230757217926567,4.288009699566454,0.5151774693183074,2.967292299898025,0.14833209055648386,2.510206929218625,0.5568109322091502,1.8564374221264015,0.040090280476238416,2.197742503249004,0.048336408677804844,95,0.6191611842105263,0.5939035728516403
131,2,0.9806308479691594,0.059882867018956294,0.782,0.047700000000000076,8,0.125,4.286670513837303,0.08925057582632066,4.128114204272117,0.2914366151588546,2.611206297474468,0.13053169348768054,2.471945542153017,0.34050717207036324,2.532480722591494,0.05468962285465449,2.0157362513993147,0.6161643038715549,95,0.6469572368421053,0.5566925130291089
131,2,0.9806308479691594,0.059882867018956294,0.782,0.047700000000000076,4,0.125,4.461775811239282,0.0928963537261891,4.044908810087706,0.42367646804064574,2.557926171229265,0.12786827117794183,2.2756254936992346,0.4566807160256064,3.0854914329987055,0.0666320423633038,2.3528312623066423,0.7143343007389977,95,0.6023848684210527,0.7602047781569966
132,2,0.9890738003669028,0.05936906572928624,0.7898,0.007799999999999918,13,0.125,4.241058721254694,0.08843216367475457,3.8438931786640818,0.42888576049565835,2.653797936940686,0.13342578410832678,2.3689650380811487,0.45946722571442955,2.1823498741677296,0.047993116479811845,2.224715405604134,0.17454826222447475,95,0.6373766447368421,0.6912457260821883
132,2,0.9890738003669028,0.05936906572928624,0.7898,0.007799999999999918,6,0.125,4.959473087858205,0.10341213472193252,4.396565210409463,0.5042922065198512,2.974313731495342,0.14954045154862866,2.5353879948550873,0.57896330321105,2.579020930503658,0.05671650242092288,2.047223760560032,0.6839495159549536,95,0.5620888157894737,0.783467446964155
132,2,0.9890738003669028,0.05936906572928624,0.7898,0.007799999999999918,2,0.125,4.1726844591339844,0.08700646213737752,3.9804397990316693,0.3051999493288828,2.247553536762225,0.11300091419682397,2.188407887186055,0.2779659651416609,2.276386328246116,0.05006111783346904,2.446407714584676,0.025888160925641533,95,0.5868421052631579,0.6220571748878924
132,2,0.9890738003669028,0.05936906572928624,0.7898,0.007799999999999918,11,0.125,3.6815753546090404,0.07676613217074514,3.551012724264898,0.2897511214330621,2.0982278849707012,0.10549322421770695,2.101658426532373,0.23061362019704507,1.5833346361283553,0.03481988132045427,1.7295922960204408,0.14230126705451507,95,0.7909128289473685,0.9478034832336886
132,2,0.9890738003669028,0.05936906572928624,0.7898,0.007799999999999918,8,0.125,4.24344175637959,0.08848185337868424,3.891969993976677,0.4011424209775088,2.5042459409954665,0.12590671415722138,2.2110285738834237,0.47714144813185483,3.196723481593823,0.07030069936168745,2.6728047095169085,0.6522978674365996,95,0.6339638157894737,0.5841873135296407
132,2,0.9890738003669028,0.05936906572928624,0.7898,0.007799999999999918,5,0.125,4.150825855040198,0.08655067885731213,3.8921234672276444,0.34784538972403317,2.5340900131547976,0.12740719340374407,2.2813119170467484,0.43830891619518114,1.9250056971427392,0.042333735640123236,2.0487230983313807,0.11512282922189472,95,0.6967927631578947,0.8199575120972501
132,2,0.9890738003669028,0.05936906572928624,0.7898,0.007799999999999918,17,0.125,3.8019926112105527,0.07927700486667884,3.6982711123485217,0.2660537008839481,2.236755485471469,0.11245801737704124,2.1541584302330414,0.3021318015799685,1.5820653647448366,0.03479196815672431,1.5192854063347132,0.36674110003740107,95,0.6126233552631579,0.751996778307269
132,2,0.9890738003669028,0.05936906572928624,0.7898,0.007799999999999918,4,0.125,4.0610441996153295,0.08467860243268448,3.8776947748988135,0.30445212988317455,2.3858644871664163,0.11995481477514806,2.242885183783294,0.3470607926057443,3.586982514550898,0.07888307538109199,3.050335084546304,0.6522291042376857,95,0.6258634868421052,0.7676893765192826
133,2,0.9951340343707853,0.05885423701597918,0.7902,0.00040000000000006697,6,0.125,3.9071201403124856,0.0816044366485985,3.744213831144822,0.2966582339810356,2.135324392874562,0.10740090051067167,2.086279021903617,0.2765467894938186,2.1156908280680957,0.04719801228453699,2.151811822780538,0.17976748727762587,95,0.5861430921052632,0.8234303753069099
133,2,0.9951340343707853,0.05885423701597918,0.7902,0.00040000000000006697,5,0.125,3.918495988737475,0.08184203356622154,3.66034586240602,0.35740630745238866,2.2397421157773856,0.11265282265723604,2.142469600980867,0.3142680023119193,1.6876485588677326,0.037649006346619496,1.4234671743612526,0.5373217186518989,95,0.7152549342105263,0.8271342339752803
133,2,0.9951340343707853,0.05885423701597918,0.7902,0.00040000000000006697,2,0.125,4.195319464423554,0.08762379173418583,3.8982546429363207,0.3701181089020897,2.429103274383177,0.12217716426260113,2.2568038049368133,0.37090183751781247,3.0082214027430867,0.06710908268715407,2.549362179796961,0.6113334059469275,95,0.5888157894736842,0.6308659217877095
133,2,0.9951340343707853,0.05885423701597918,0.7902,0.00040000000000006697,18,0.125,3.898846835172549,0.08143163970841727,3.6466987046127683,0.35450847077354647,2.1859056790101437,0.10994499905517256,2.063563716224934,0.34415566008104087,2.113285077652405,0.047144343461017535,1.8624846535870687,0.4738247974789775,95,0.7207648026315789,0.9344514804039021
133,2,0.9951340343707853,0.05885423701597918,0.7902,0.00040000000000006697,13,0.125,4.005394765253767,0.08365700864976153,3.7890086431806367,0.3267428829275829,2.528144422287362,0.1271586595838813,2.237404949595996,0.4746300895977149,1.7224844657239167,0.03842614520733031,1.6890673338378006,0.30477641258488486,95,0.641858552631579,0.7025624599615631
133,2,0.9951340343707853,0.05885423701597918,0.7902,0.00040000000000006697,0,0.125,4.328001889924989,0.09039500792344493,4.004983102405866,0.3813492679053567,2.809869897280675,0.14132867038507202,2.5095695559087376,0.46603901369770656,3.159385493573883,0.07048133562759322,2.921003167285056,0.39416352477192657,95,0.8016036184210527,0.9595280841241344
133,2,0.9951340343707853,0.05885423701597918,0.7902,0.00040000000000006697,15,0.125,4.699548240080654,0.09815515593641876,4.328957631793041,0.3985283944121532,2.869328285065875,0.14431926254631575,2.6064147281308157,0.42794569222721046,2.3019099288863547,0.051352291960675346,2.298863945944978,0.20462917158965988,95,0.6060032894736842,0.6167051160265979
133,2,0.9951340343707853,0.05885423701597918,0.7902,0.00040000000000006697,17,0.125,4.019338611981863,0.08394824099381473,3.7535265118637544,0.3577142321047132,2.346352282418566,0.11801501864912539,2.0998755246343666,0.447568866092546,1.7193961290381319,0.038357248868176846,1.3692440797433483,0.6088389905696949,95,0.6253700657894737,0.7556052337431783
134,2,0.998782025129912,0.05833843733580512,0.7235,-0.06669999999999998,1,0.125,4.300523933547338,0.08996534459838086,4.0039375265426305,0.36537486696537275,2.6362630338581248,0.13355513768810445,2.4346236286101335,0.3837254510410443,2.7628956601719423,0.062381656947746514,2.423611453336838,0.5488334164443172,95,0.6639802631578947,0.883453059202378
134,2,0.998782025129912,0.05833843733580512,0.7235,-0.06669999999999998,16,0.125,5.0313540175147144,0.10525403531675909,4.450018972367977,0.49606541369683804,2.8611248826216724,0.14494681400671017,2.57006572294928,0.44732015742700154,2.0964139314608095,0.04733359155688353,2.0223269488148694,0.27954457091072055,95,0.5758223684210526,0.6931590974007427
134,2,0.998782025129912,0.05833843733580512,0.7235,-0.06669999999999998,13,0.125,3.9170588660448695,0.08194339948834763,3.709894042442651,0.3327866363475787,2.3895826829681677,0.1210581190655571,2.1584697874004863,0.429092952570083,2.034972655639245,0.04594634822157271,1.6465129655872106,0.6415634435157467,95,0.65078125,0.6707525115309282
134,2,0.998782025129912,0.05833843733580512,0.7235,-0.06669999999999998,6,0.125,4.335452870045468,0.09069604482399667,4.051384850625753,0.35679638190305163,2.530638298028509,0.12820410633963197,2.282461430320702,0.4323979549972361,2.316734650521148,0.05230807239343005,2.129562974027052,0.39847337631033225,95,0.5791940789473684,0.8001561834445549
134,2,0.998782025129912,0.05833843733580512,0.7235,-0.06669999999999998,3,0.125,4.533597881047389,0.09484116399335649,3.9996039645199577,0.4866378896941122,2.650412635511055,0.13427196752363998,2.2859560017224076,0.5224537469756161,2.061269363419687,0.04654008479558166,1.9893552228235885,0.2800138956927577,95,0.6796875,0.736660617059891
134,2,0.998782025129912,0.05833843733580512,0.7235,-0.06669999999999998,8,0.125,4.309741885427456,0.09015818068770405,3.9636981400991704,0.3927379196716737,2.4561196240079997,0.12442893229921043,2.2968919214170094,0.359899424960708,1.772522449418542,0.04002065259493934,1.642592833746956,0.38063051281265475,95,0.6311677631578947,0.5585667752442997
134,2,0.998782025129912,0.05833843733580512,0.7235,-0.06669999999999998,17,0.125,3.7966170146169067,0.07942380121724911,3.783892586445387,0.2248436051305743,2.1366237116111733,0.10824302064209576,2.069745866536345,0.30679424824735746,1.57477351752041,0.03555580572819777,1.5127455051033776,0.32599114836796217,95,0.6085115131578948,0.7775525373336036
134,2,0.998782025129912,0.05833843733580512,0.7235,-0.06669999999999998,11,0.125,4.018400287902893,0.08406342395058251,3.7219550544153246,0.37831867328290786,2.4464004463483744,0.12393655119236513,2.2375483513852488,0.40481808170481165,2.124878461554866,0.04797627400671435,2.2090377609141574,0.07416204512949952,95,0.782483552631579,0.9489753021544929
135,2,1.0,0.057821723252011556,0.7958,0.07229999999999992,11,0.125,3.5501892854720176,0.07437436676080633,3.3762672065329595,0.31978174124019254,2.2303178750159676,0.11398038202631919,2.0568616375667927,0.3869209067521115,1.9732958938171339,0.044534672515955345,1.7256514431285155,0.48610832536016624,95,0.788733552631579,0.9512563861953915
135,2,1.0,0.057821723252011556,0.7958,0.07229999999999992,8,0.125,3.9612412524456615,0.08298566246679964,3.749531913681762,0.3244774755377526,2.595459364174369,0.1326409357053035,2.389338698121009,0.39354940219236323,2.365684026490821,0.053390352519407124,1.8323455559907806,0.6787143945342271,95,0.6418174342105263,0.6067012620923826
135,2,1.0,0.057821723252011556,0.7958,0.07229999999999992,1,0.125,4.1356583103903,0.08663959672038991,3.912260382834547,0.32482502686612086,2.378848954197009,0.12157106196368703,2.3806992685025494,0.18614450378168257,2.6568936425989573,0.05996256752654723,3.078363017941118,-0.25194293933179907,95,0.66640625,0.8827667057444314
135,2,1.0,0.057821723252011556,0.7958,0.07229999999999992,14,0.125,4.339593030400951,0.09091190854426999,3.994119213586532,0.39695061638446694,2.6989050017768315,0.1379275244131129,2.4278352364359606,0.45340773951249064,2.958077144451841,0.06675987991353069,2.3498200664966564,0.706248449518748,95,0.6691200657894737,0.7392613531616788
135,2,1.0,0.057821723252011556,0.7958,0.07229999999999992,4,0.125,4.522723952371442,0.094748393097816,4.152208550166448,0.4068675795690832,2.6929094375824705,0.1376211211398433,2.3911887001031915,0.4843324011236177,2.8453487478484463,0.06421574943532368,2.319239249000865,0.6464077359162309,95,0.5942434210526316,0.7589261001937448
135,2,1.0,0.057821723252011556,0.7958,0.07229999999999992,5,0.125,4.05104290894799,0.08486695408236603,3.772005863753207,0.3649478137473012,2.3262999318933364,0.11888554448459707,2.2406384751863078,0.2863644676338077,2.053008527186999,0.04633368098378543,2.1347329952644203,0.16777857855253406,95,0.7060855263157895,0.804216165851386
135,2,1.0,0.057821723252011556,0.7958,0.07229999999999992,16,0.125,4.085321471906601,0.08558506971184807,3.884872138735384,0.3116325494520958,2.5913616486098703,0.132431521975221,2.4299119081976985,0.34745944633964726,2.2678291830826676,0.051181898420385896,1.8375047405494662,0.60623492482258,95,0.6014802631578947,0.6566858080393765
135,2,1.0,0.057821723252011556,0.7958,0.07229999999999992,13,0.125,4.059493406202209,0.08504398700415092,3.838288929762691,0.3265245878398318,2.4910722531170113,0.12730623300205934,2.3829838771664313,0.2978217830322018,1.7612153052087693,0.039748294765787166,1.6828540909001843,0.3653909815834596,95,0.6603618421052632,0.6336239103362391
136,3,1.0,0.057304151428120606,0.8053,0.009500000000000064,11,0.125,3.319241833328265,0.06964527082257702,3.3005740884271115,0.24238106757010447,1.9605583652228018,0.10020886972444627,1.9731187071915233,0.21248857638684865,1.7433714287802624,0.03983910256602152,1.8058805160673947,0.1775393091487965,95,0.7905427631578947,0.9492874232809737
136,3,1.0,0.057304151428120606,0.8053,0.009500000000000064,15,0.125,5.191690720023002,0.10893352288841883,4.721898652645901,0.4406860978998567,3.1495412279310906,0.16098065336894596,2.8371531145212274,0.4751448649643141,2.9995909178521316,0.06854592673692361,2.7581618878986793,0.4109233843939999,95,0.6009868421052632,0.5682129173508483
136,3,1.0,0.057304151428120606,0.8053,0.009500000000000064,12,0.125,4.258966680933103,0.08936284332753625,3.8797137663352643,0.41653074598183093,2.3324514818087327,0.11921722445258658,2.1054679885610903,0.4334857920693166,1.8828693625916861,0.043026875636703106,1.6587161487252826,0.4733039676249667,95,0.6477796052631579,0.7932588548939952
136,3,1.0,0.057304151428120606,0.8053,0.009500000000000064,2,0.125,4.724268992397664,0.09912594801335127,4.250876814284053,0.45599218126592206,2.7765335679849725,0.14191533163978984,2.457573998427561,0.4983117344936092,2.07011213334525,0.04730570218258514,1.7444345471452185,0.5545485697141186,95,0.6037828947368421,0.6322527921547262
136,3,1.0,0.057304151428120606,0.8053,0.009500000000000064,14,0.125,4.007582504935835,0.08408822945576397,3.883824156111055,0.27039457410197537,2.29858342403985,0.11748614628170219,2.3416744429424097,0.14439527594224172,2.7552714700078447,0.06296279776001235,2.884144409143025,0.0073970464059334275,95,0.6675986842105263,0.7555432372505543
136,3,1.0,0.057304151428120606,0.8053,0.009500000000000064,17,0.125,4.121646199457409,0.08648154615122546,3.7739110259183777,0.40333438415215556,2.3790257775831165,0.12159774911359694,2.1526704325718407,0.42935972575097175,1.7763490080318785,0.040592698237314255,1.437358019852631,0.596967362909689,95,0.6248355263157894,0.7237430902869176
136,3,1.0,0.057304151428120606,0.8053,0.009500000000000064,1,0.125,4.013192323273579,0.08420593625057315,3.7850283485974283,0.3354546249086218,2.4432834226154663,0.12488211243277551,2.2715256830463493,0.36834083279939556,3.033008580678655,0.06930957909171416,2.685054017544327,0.5195923242182966,95,0.6812088815789473,0.8900826945131889
136,3,1.0,0.057304151428120606,0.8053,0.009500000000000064,3,0.125,3.8926575353475066,0.0816768412432848,3.7533890343663887,0.28579318073153304,2.192705629328025,0.11207447666492787,2.1498049441737055,0.25046501490397205,1.9555454762117295,0.044687652621349716,1.8116199867821736,0.3820173308431327,95,0.6816611842105263,0.7455060924116299
137,3,1.0,0.05678577862171523,0.7939,-0.011399999999999966,9,0.125,4.297166137664731,0.09029051084755965,3.8962724066340226,0.42974223191090877,2.341559117589395,0.1201294894987056,2.1340356071815205,0.4115797505282541,1.833704388448362,0.042060735661394205,1.61219171390257,0.5285124291888007,95,0.6071957236842105,0.6289700006771857
137,3,1.0,0.05678577862171523,0.7939,-0.011399999999999966,1,0.125,3.796290320937468,0.07976628815877385,3.5385771792899696,0.36338275396185576,2.405232840088694,0.12339615559347313,2.1437130249578265,0.4569871435294314,2.8748440818863417,0.06594195757924919,2.4720760244717273,0.5112446059959763,95,0.6816611842105263,0.890939799734588
137,3,1.0,0.05678577862171523,0.7939,-0.011399999999999966,15,0.125,4.049871209549755,0.08509443867483096,3.7985361907881083,0.347437048610267,2.3455510076884254,0.12033428625832154,2.1126087984128636,0.43516065259696535,2.1663331663663112,0.04969043387748344,1.9363107332361338,0.4773465518016033,95,0.6292763157894737,0.6881207527443806
137,3,1.0,0.05678577862171523,0.7939,-0.011399999999999966,17,0.125,3.8864833170927775,0.08166139098627598,3.6255627543476177,0.36096297966977126,2.3108602831364964,0.11855454087437681,2.092044978814046,0.4248278676331614,1.6122734393862073,0.036981646210320886,1.7918645840764342,0.2940807530430556,95,0.6142269736842105,0.7587361092515732
137,3,1.0,0.05678577862171523,0.7939,-0.011399999999999966,13,0.125,3.8371928161727533,0.08062571669176996,3.562218627490557,0.3721131116306488,2.2966428037654465,0.11782513860305559,2.017239826654084,0.48213716749482377,1.7845339557552853,0.040932885073868545,1.4225842213310944,0.6232842597810879,95,0.6327302631578947,0.7254354042110736
137,3,1.0,0.05678577862171523,0.7939,-0.011399999999999966,6,0.125,4.261464210301387,0.08954035477804576,3.9646170136594088,0.36708224660019906,2.4585521720473134,0.1261316082585312,2.268317462118545,0.38574873477438587,3.9133210586883136,0.08976210322915505,3.0386566650637103,0.7369278107153575,95,0.5787417763157895,0.7936767317939609
137,3,1.0,0.05678577862171523,0.7939,-0.011399999999999966,2,0.125,3.9090371432385287,0.08213528387731826,3.6863877371760028,0.33583128159597514,2.32409487084454,0.11923351765234938,2.177171106229281,0.35492947716881945,2.1161089320753246,0.04853841163463074,1.6625529980544713,0.619725367573997,95,0.6192845394736842,0.6557333510391077
137,3,1.0,0.05678577862171523,0.7939,-0.011399999999999966,4,0.125,4.273263332464655,0.08978827369333656,3.9645746538255358,0.37399020470625627,2.4772483350569727,0.1270907813586523,2.366978694095582,0.30633473647991655,3.1038590587666146,0.07119500625260285,2.532541429376013,0.5972625187161401,95,0.6041529605263158,0.7403525488327776
138,3,1.0,0.05626666167821521,0.7848,-0.009099999999999997,12,0.125,4.782255725229709,0.10063756636347396,4.205246817183727,0.4947646211021745,2.879698375757927,0.14866961794845437,2.398989764178458,0.5745967434636204,2.613320214039785,0.061398302638231414,1.7992410112170332,0.7443911047312892,95,0.6268503289473685,0.7599212856674319
138,3,1.0,0.05626666167821521,0.7848,-0.009099999999999997,0,0.125,4.607067220286729,0.0969509076389512,4.0005699593985184,0.515759400743116,3.2388031016461243,0.16720904653955854,2.600140666496884,0.6632969409978805,3.8681217205250498,0.09087906899521567,2.6826001956114425,0.8609245682624075,95,0.8076069078947369,0.960032584898936
138,3,1.0,0.05626666167821521,0.7848,-0.009099999999999997,2,0.125,3.9646224186936987,0.08343132920777438,3.832670835005786,0.2926721515172999,2.2394103573415425,0.11561359518013832,2.1384307384980406,0.3512656160414544,1.9314927303740068,0.0453791979130353,1.7434679441325664,0.5088058174595387,95,0.6097450657894737,0.6616090093735248
138,3,1.0,0.05626666167821521,0.7848,-0.009099999999999997,9,0.125,3.7280671342422953,0.07845327083837067,3.637212899991387,0.28325739118375887,2.006918902835929,0.10361080488494541,2.0829345480818016,0.236537248923298,1.6398196165924595,0.03852652290781219,1.82552935772741,0.3292886597832378,95,0.6178865131578948,0.6964796699274639
138,3,1.0,0.05626666167821521,0.7848,-0.009099999999999997,14,0.125,4.571724320524228,0.09620715330528778,3.997281971351589,0.500833059225666,2.978446386031144,0.15376766192558627,2.4507962069084606,0.6010585523093577,3.7122254626443176,0.08721638519163674,2.8196177292656093,0.7240772445485905,95,0.6638980263157894,0.7402452619843924
138,3,1.0,0.05626666167821521,0.7848,-0.009099999999999997,13,0.125,3.738746628951011,0.07867800962676433,3.7008875432990918,0.2523850954443462,2.1167175052303078,0.10927935559381964,2.179517954056653,0.23230853727666992,1.951946044907754,0.04585973557885647,2.220080546903085,0.19587473408559813,95,0.6516036184210526,0.7347762983530006
138,3,1.0,0.05626666167821521,0.7848,-0.009099999999999997,5,0.125,4.8021377825911316,0.10105596345098153,4.334222563537773,0.4377012611901475,2.8881817285370213,0.14910758632292276,2.4715372332964463,0.529247070318043,2.803158677680154,0.06585843706046905,2.0335974140928954,0.7093663958872559,95,0.6908717105263158,0.7962742530651113
138,3,1.0,0.05626666167821521,0.7848,-0.009099999999999997,19,0.125,4.361700338517407,0.09178741842669819,4.1031221816543955,0.34316520742947815,2.535365849010522,0.13089283075792468,2.4493213219255896,0.3081106167897527,1.9417306885695214,0.045619732254104074,2.332734619541068,0.10246974729051055,95,0.6349917763157895,0.8516479958557275
139,3,1.0,0.05574685752464335,0.8139,0.029099999999999904,11,0.125,3.4587814782174027,0.0728723525631614,3.3671390442887024,0.2799906434849621,1.9750240822874767,0.10288917200105797,1.9546355271713645,0.2753630016021905,2.0786475693357063,0.048460089542558996,2.0486043955813624,0.24023318181875183,95,0.7907483552631579,0.9476886277364671
139,3,1.0,0.05574685752464335,0.8139,0.029099999999999904,2,0.125,3.949762303893138,0.08321672616864113,3.734404152399074,0.3305013075798112,2.1919358819664287,0.11418922432263681,2.0308458871185,0.38389022709320275,2.431712348115917,0.056691187034223094,2.237938295873573,0.3934860099712179,95,0.5978618421052632,0.661554332874828
139,3,1.0,0.05574685752464335,0.8139,0.029099999999999904,9,0.125,4.1819594395893365,0.08810883966097147,3.8945150006738154,0.36434202435183904,2.430693043753395,0.1266273140177922,2.2470319074051557,0.3826755600994356,1.9362226626242358,0.04513969803697338,1.847239552795224,0.3222545641221186,95,0.6229029605263158,0.6545646577331837
139,3,1.0,0.05574685752464335,0.8139,0.029099999999999904,18,0.125,3.774379419683878,0.07952162040606829,3.604230199377031,0.3112169615428589,2.1518235975169513,0.11209956892496814,2.0249241613766227,0.3564258159603004,2.0617383248112415,0.04806587961691275,1.9674160303388224,0.3149617408135688,95,0.737047697368421,0.9269177126917713
139,3,1.0,0.05574685752464335,0.8139,0.029099999999999904,16,0.125,4.5332880897442225,0.09551091042515901,4.197434017032538,0.38020947383751813,2.6997031661858837,0.14064143617721672,2.458761451792918,0.4150407353768865,2.114472037767584,0.04929527534973177,1.9007637734621654,0.43956348889188074,95,0.5801398026315789,0.6283932241831455
139,3,1.0,0.05574685752464335,0.8139,0.029099999999999904,6,0.125,4.1487390799351065,0.08740892676498656,3.844287363656314,0.3760937659961476,2.490304790667637,0.12973279679977393,2.180096603482181,0.49094392187815783,2.352646964596367,0.05484791373402692,1.9090115860222485,0.6521917472102468,95,0.5768503289473684,0.7985601254544159
139,3,1.0,0.05574685752464335,0.8139,0.029099999999999904,1,0.125,4.541649072107518,0.09568706623563433,4.090292386154506,0.448986961118502,2.774340807046841,0.14452969512917943,2.353764366241177,0.5672309072432983,3.4631695296238068,0.08073783549573305,3.2763261103123242,0.3362417275020736,95,0.6722861842105263,0.8812844036697248
139,3,1.0,0.05574685752464335,0.8139,0.029099999999999904,7,0.125,4.685470515585591,0.09871721052236691,4.290970705718108,0.41040915427000185,2.680711731089005,0.13965207455385537,2.460067489019519,0.397889528375278,2.3887731306333286,0.0556901331014688,2.373397727128693,0.19659138366969475,95,0.7162006578947369,0.7247674819152601
140,3,1.0,0.05522642316338268,0.7731,-0.04079999999999995,14,0.125,3.903219026447241,0.08235422682396912,3.542203301970111,0.4243770181928979,2.333573469858012,0.12130808691218342,2.1240762662378523,0.41584581631886464,3.3725547366909656,0.07911709206753714,2.5298264405231463,0.7934381509646815,95,0.6777138157894737,0.7559155442300691
140,3,1.0,0.05522642316338268,0.7731,-0.04079999999999995,16,0.125,4.041349880710924,0.08526865709968291,3.7193682412389557,0.3933966186492939,2.226227402594212,0.11572782718369479,2.066132503547967,0.37307862303053546,2.6005570379845433,0.06100672240029472,1.9645352891850767,0.6964617026441787,95,0.6334292763157895,0.7872119441739694
140,3,1.0,0.05522642316338268,0.7731,-0.04079999999999995,8,0.125,4.16939643971372,0.08797031829079044,3.8380273338424735,0.3943708952379918,2.527748576882792,0.13140205269616098,2.234251422154453,0.48791564731854065,1.9543361882302397,0.04584696415834622,1.5325982348332683,0.62055384588241,95,0.6450246710526316,0.5643526486899981
140,3,1.0,0.05522642316338268,0.7731,-0.04079999999999995,0,0.125,3.7390106507730834,0.07888958553045346,3.450463004054599,0.38525129360314486,2.3844294689427894,0.1239517765309883,2.1109223622455455,0.4772694188453402,3.1648486824461153,0.07424449538648274,2.6457478673209716,0.5871657012572529,95,0.8280838815789474,0.9599284969462237
140,3,1.0,0.05522642316338268,0.7731,-0.04079999999999995,11,0.125,3.4809721793749397,0.0734452180330508,3.218012166602335,0.382155898440899,2.0744761758122983,0.10783921718479429,1.9651320114942357,0.3332845636493835,2.0478983239597754,0.04804184746921341,1.7616059138615983,0.5147229740706907,95,0.8038240131578948,0.9475676505192081
140,3,1.0,0.05522642316338268,0.7731,-0.04079999999999995,1,0.125,3.6491425102903534,0.0769934528319255,3.5889799281735293,0.23659297241523014,2.073631395282221,0.10779530225720019,2.1532895765555455,0.1206039013655731,2.3588070758309985,0.05533548634741691,2.668623500756285,-0.021979270614823913,95,0.6844572368421052,0.8908446473627298
140,3,1.0,0.05522642316338268,0.7731,-0.04079999999999995,19,0.125,4.078467625570769,0.08605180638202392,3.7985977551786556,0.36441326348808706,2.6791830270142656,0.1392741954314678,2.443939627643371,0.41961376410983753,2.795243900160397,0.06557390057876362,2.607821108010541,0.3654552638681023,95,0.6629111842105263,0.8626100980027291
140,3,1.0,0.05522642316338268,0.7731,-0.04079999999999995,13,0.125,3.8099163605053072,0.08038562888923907,3.5635383725500134,0.3542522929721884,2.2150107429371753,0.11514474225317277,2.059593120437469,0.36912303669900576,2.1642410712660873,0.050771143379486766,2.4752002221775755,-0.0017829704904436861,95,0.6643503289473685,0.7867797239586557
141,3,1.0,0.05470541566592573,0.8058,0.03269999999999995,4,0.125,4.127891545077636,0.0872274911719111,3.7686541177681208,0.413708086331605,2.429101818273133,0.12684661230095187,2.168384561860622,0.4611499011440286,2.184573248922947,0.052271379875490444,1.9046031770770955,0.5056441197665382,95,0.6126233552631579,0.7678367675682932
141,3,1.0,0.05470541566592573,0.8058,0.03269999999999995,6,0.125,4.1405123948542775,0.08749418545165466,3.8180020100521146,0.3895723138157526,2.401168520118416,0.12538794794416622,2.2116027164927705,0.3900732041605806,2.4643816985959304,0.058966496998452356,2.0579421978593846,0.6176530946545493,95,0.5842516447368421,0.7789429234991907
141,3,1.0,0.05470541566592573,0.8058,0.03269999999999995,11,0.125,3.1808687399497604,0.06721571943037989,3.1688684872281705,0.23247968254477333,1.823722870078925,0.09523399394173485,1.8706377119062807,0.1883398039759677,1.8209334384215803,0.04357038773346008,2.0983886683055837,-0.13173809286540059,95,0.8004111842105263,0.9518134182677489
141,3,1.0,0.05470541566592573,0.8058,0.03269999999999995,19,0.125,3.890520340481109,0.08221154188465335,3.5819695993728518,0.3910690472501886,2.2735691714755863,0.11872476693405218,2.0565017165376873,0.42827332458092304,2.447031462929714,0.0585513492070541,2.039162456484392,0.6199965223149322,95,0.6694901315789473,0.8639602014494534
141,3,1.0,0.05470541566592573,0.8058,0.03269999999999995,12,0.125,4.123445742747608,0.08713354582977705,3.8137042099426948,0.3819777322096863,2.241916753287878,0.11707189178981549,2.064215383149909,0.3902021009739853,1.7098979803085879,0.0409135866335039,1.8259553189615436,0.09820197883110997,95,0.6379934210526316,0.7784867233823151
141,3,1.0,0.05470541566592573,0.8058,0.03269999999999995,13,0.125,3.7918223210861433,0.08012592976974069,3.58608041474066,0.3283850539225715,2.168354233292181,0.11323048984298034,2.0815319483351753,0.2999929511090094,2.6227932796428783,0.06275689035498756,2.4058555517124334,0.40877280355764456,95,0.6613075657894737,0.6776720761052043
141,3,1.0,0.05470541566592573,0.8058,0.03269999999999995,16,0.125,3.855844728291757,0.08147880299771866,3.6958005073751528,0.2947926886319388,2.2826773761556836,0.11920039331542608,2.136564917721423,0.3535976603061072,1.9463295882079117,0.04657080430618742,1.9956269347439397,0.1531253214957826,95,0.6372944078947368,0.7975998451513001
141,3,1.0,0.05470541566592573,0.8058,0.03269999999999995,17,0.125,4.305236113656498,0.0909750028546116,3.9049260631314833,0.43331780508994966,2.5597544879348972,0.13366923637129732,2.2207116275398198,0.5309737915427375,2.0603812705918263,0.0492997761171659,1.7156371927365879,0.5819919000163833,95,0.6275082236842106,0.6770853810366293
142,3,1.0,0.05418389216661578,0.8035,-0.0022999999999999687,13,0.125,3.640348818614914,0.07704052280152993,3.439471878393304,0.33297001282352556,1.9241533069804444,0.10072019899427573,1.756591000156339,0.4141502474636296,2.3381867033807913,0.056198324783826005,1.961701147778624,0.5593171603853835,95,0.6542763157894737,0.7738185017596783
142,3,1.0,0.05418389216661578,0.8035,-0.0022999999999999687,2,0.125,4.110762216239474,0.08699585837281429,3.812610144894125,0.37488748586008996,2.3989717686869305,0.12557466863333097,2.183990355362358,0.4145788531272575,1.7560227283200953,0.042206011808733346,1.6174992292331691,0.4186106841631483,95,0.6029605263157894,0.640480087288598
142,3,1.0,0.05418389216661578,0.8035,-0.0022999999999999687,1,0.125,3.9118558781345096,0.08278641333343074,3.6346570915310576,0.3697576490938393,2.3450353858257635,0.12275135762422362,2.158759073854435,0.39064741126568653,2.4334336707944826,0.058487585945755295,2.6048272899222553,0.030088147174564716,95,0.6859786184210527,0.8883294371515914
142,3,1.0,0.05418389216661578,0.8035,-0.0022999999999999687,14,0.125,3.899579795016339,0.08252661519086188,3.662356412263628,0.3441837170377254,2.3901931414593167,0.12511514959290201,2.1790221762636315,0.4115307306761723,2.7224276402195318,0.06543355691156102,2.3028866463979862,0.5697941604931233,95,0.6928042763157894,0.7540506855006232
142,3,1.0,0.05418389216661578,0.8035,-0.0022999999999999687,15,0.125,4.57691831280814,0.09686109689147766,4.173553253488514,0.4259336679127394,2.4175950698976334,0.12654950914997146,2.2017465155219718,0.41400940963617583,2.264111969010926,0.05441793830982279,2.15690891995718,0.32612769653820545,95,0.6254523026315789,0.6045624876733943
142,3,1.0,0.05418389216661578,0.8035,-0.0022999999999999687,11,0.125,3.3224798890678695,0.07031347829704628,3.232922296147727,0.2768882453852627,1.9992537687659662,0.10465134804989339,1.897171181933145,0.33983248150157974,2.090132718704691,0.0502363464804709,1.8289808775298417,0.48403316893725856,95,0.8005756578947368,0.9533127889060092
142,3,1.0,0.05418389216661578,0.8035,-0.0022999999999999687,12,0.125,3.8865444746770264,0.082250749348366,3.655293537951928,0.3408540757714665,2.289663882781383,0.11985292495515833,2.0927500890152446,0.40571913272132804,3.055214373334112,0.07343208709064392,2.529056026111395,0.6428204809252521,95,0.6483963815789474,0.777221130065318
142,3,1.0,0.05418389216661578,0.8035,-0.0022999999999999687,5,0.125,3.962966647956751,0.0838680680385401,3.591304299149925,0.4281789957174703,2.3200070316287067,0.12144124329701196,2.0238201515584633,0.49836399469988046,2.134353231772665,0.051299186651406856,2.0581807948452657,0.3099327187531741,95,0.7206003289473685,0.821283880171184
143,3,1.0,0.053661909856381584,0.7517,-0.05179999999999996,11,0.125,3.4550799906654786,0.07322490737242676,3.3306789293003876,0.30269678955774976,1.9743607348948733,0.1042125037823303,1.9629116457793774,0.25684554006231125,1.7048407997073256,0.041544312684218494,1.8069602000624632,0.17127342771178877,95,0.8046052631578947,0.9477207686017989
143,3,1.0,0.053661909856381584,0.7517,-0.05179999999999996,8,0.125,4.09357330503649,0.08675675437135137,3.712325881802572,0.42396749545821616,2.4816790503485953,0.1309902404611756,2.219530680354166,0.45156399701086336,1.91568283853347,0.04668220449762137,1.3928874750616949,0.7212378216772654,95,0.6626233552631579,0.5316785603475024
143,3,1.0,0.053661909856381584,0.7517,-0.05179999999999996,15,0.125,3.981456270516924,0.0843806127220273,3.814801024764541,0.2996613450799738,2.3216333766416124,0.12254256416689263,2.280149520761873,0.25088197386098804,2.212099688960616,0.053905421070764514,2.070999924181924,0.3591432897005954,95,0.6018503289473685,0.7408621985379518
143,3,1.0,0.053661909856381584,0.7517,-0.05179999999999996,3,0.125,4.25568927711725,0.09019254372247378,3.854138722472717,0.42914312834424073,2.3296911526204713,0.12296787702630721,2.1329426481977443,0.40241780335960775,2.0115660016642467,0.04901872771488644,1.8472706315240686,0.4026360760525445,95,0.6873355263157894,0.7142857142857143
143,3,1.0,0.053661909856381584,0.7517,-0.05179999999999996,2,0.125,3.965402385904837,0.08404037625373609,3.8174654521881997,0.28880666704369345,2.447258508507324,0.1291734241198527,2.193516089181535,0.44633320094198764,2.267602142293148,0.055257929338037214,1.8829445424955853,0.578663359098867,95,0.6260279605263158,0.6388177339901477
143,3,1.0,0.053661909856381584,0.7517,-0.05179999999999996,16,0.125,4.5105842448429945,0.09559463584533093,4.024497995044286,0.4688917412829554,2.418983455799704,0.12768098457465715,2.096770931299352,0.5108220881855171,1.9029537630292115,0.04637201677040324,1.6738778080208334,0.47644719595649104,95,0.6136924342105263,0.6607705192629816
143,3,1.0,0.053661909856381584,0.7517,-0.05179999999999996,7,0.125,4.259505405016842,0.09027342046417698,3.876019106258771,0.4183800293876561,2.375129248359851,0.12536623191678478,2.1170300312467893,0.45594149986259536,1.8939473369476933,0.046152544206535626,1.6556086760391635,0.4860496398983964,95,0.7205592105263158,0.7562771056836338
143,3,1.0,0.053661909856381584,0.7517,-0.05179999999999996,19,0.125,3.9908733819584565,0.08458019337280386,3.689876167700083,0.38104192367826945,2.5820770573217606,0.13628953936664465,2.305463494467091,0.45792961956144024,2.5709826904888153,0.06265084037038354,2.266163704029627,0.48560241013038974,95,0.6627467105263158,0.860838813748604
144,3,1.0,0.053139525976465665,0.8069,0.055199999999999916,8,0.125,3.6883640639821516,0.07827866417129192,3.563292866998497,0.28604414267677425,2.1153532298293256,0.11217209002911083,2.092697795650063,0.24326772381848885,1.8822991285306585,0.04657999493868867,1.8903350813400432,0.16672060372042666,95,0.6249177631578947,0.6677194367679958
144,3,1.0,0.053139525976465665,0.8069,0.055199999999999916,10,0.125,4.569450583458813,0.09697808607421061,4.188281885890866,0.4071774942269409,2.619377542943419,0.13889928614474797,2.466698056501181,0.3368397759495967,2.0731922215246947,0.05130389836653218,1.9378073843428676,0.3569222045918583,95,0.7213815789473684,0.8613201094391245
144,3,1.0,0.053139525976465665,0.8069,0.055199999999999916,12,0.125,3.809987983074312,0.08085990554352586,3.5765113267556248,0.348015609540409,2.095980688848616,0.11114481081146634,1.9704279153149857,0.35245033972387935,1.8231911106744667,0.04511728843745018,1.6225111015614173,0.4663858284853294,95,0.6615131578947369,0.7599453008453506
144,3,1.0,0.053139525976465665,0.8069,0.055199999999999916,3,0.125,3.6771429778692495,0.07804051749806991,3.5236303728182183,0.3047974538415734,2.071403118263489,0.10984152140263595,1.8819939094335325,0.41872203488824,1.6001159595396905,0.03959699718654987,1.4836495812279022,0.3770355942171102,95,0.6900082236842106,0.7668792086288064
144,3,1.0,0.053139525976465665,0.8069,0.055199999999999916,4,0.125,4.021637213356692,0.08535176663207025,3.739100441380978,0.36826780957513205,2.2376566088032117,0.1186575438264561,2.0817046388680995,0.3694717524779932,1.923948631119347,0.047610667264024346,1.7933805039901511,0.36233220465908006,95,0.6122944078947369,0.7735544960042979
144,3,1.0,0.053139525976465665,0.8069,0.055199999999999916,18,0.125,4.429812352579628,0.09401452445424849,4.032215603610159,0.42197995053033194,2.5147236686266643,0.1333497430962324,2.202296422072665,0.5005126443171702,2.157899291017725,0.05340008744107982,2.036013807677863,0.3319404895094968,95,0.6988486842105263,0.9076253236055543
144,3,1.0,0.053139525976465665,0.8069,0.055199999999999916,9,0.125,4.494931463558511,0.09539655641503753,4.094993520713613,0.4210974676066183,2.6849353977482644,0.14237566138439425,2.350354606172401,0.5112007109981793,1.7907443909716039,0.04431435121210269,1.556011665017328,0.5138976590189659,95,0.6072779605263158,0.6261087412824159
144,3,1.0,0.053139525976465665,0.8069,0.055199999999999916,13,0.125,4.0243907915638015,0.08541020620582289,3.747761977527596,0.3645008934541683,2.395093059975935,0.1270060198756478,2.199076069966388,0.3963283821540803,1.8684435871730205,0.046237121143270526,1.7934136624377146,0.28931252435009935,95,0.6634046052631579,0.6533407710425189
145,3,1.0,0.05261679781214722,0.7721,-0.03479999999999994,15,0.125,4.246318857599639,0.0902254174593471,3.987733032742226,0.34399033606969065,2.539623006187404,0.1344625236395028,2.397345570783238,0.33048498979365426,2.2104689337362897,0.0545894354032763,2.1671816604975223,0.2483832425502164,95,0.6287417763157894,0.612320973121444
145,3,1.0,0.05261679781214722,0.7721,-0.03479999999999994,2,0.125,4.0520252135719375,0.08609708284059296,3.6937745102449115,0.417633232919808,2.3942074249127185,0.12676337066007962,2.1046568278993574,0.49232065208111264,1.977631520161157,0.048839314804955326,1.620471124655098,0.5911029478794982,95,0.6164473684210526,0.6524813233724653
145,3,1.0,0.05261679781214722,0.7721,-0.03479999999999994,19,0.125,3.828162180375483,0.081340460386837,3.4767412935197717,0.42258530068838573,2.3584211490299207,0.12486863551429735,2.026577566623595,0.5363516292110379,2.2388408791751564,0.05529010504814771,1.8741049541344164,0.5764869355933516,95,0.6591282894736842,0.8587024329382408
145,3,1.0,0.05261679781214722,0.7721,-0.03479999999999994,0,0.125,3.5618607843238137,0.07568211125326514,3.3433166719562313,0.3476574808852355,2.3387406761339453,0.1238266359554792,2.182317383692757,0.36002707715077287,3.066852260682697,0.07573855973309192,2.879990438078662,0.3490892412022045,95,0.8195723684210526,0.964780252859723
145,3,1.0,0.05261679781214722,0.7721,-0.03479999999999994,9,0.125,3.8647542756475786,0.08211796607643643,3.586058706487333,0.37306213497973967,2.112336643251425,0.11183947977151991,1.9451656977488503,0.3908783493680429,1.955239336639985,0.048286320534277574,1.7854448352467513,0.40977712956373635,95,0.622327302631579,0.6621737694086555
145,3,1.0,0.05261679781214722,0.7721,-0.03479999999999994,13,0.125,3.4887798555814014,0.0741292939719392,3.30515411076361,0.32805562619964673,1.9569442342845655,0.10361209507182255,1.7913336153803636,0.40528931023616227,1.709993551349295,0.04222976450233062,1.6185088501583142,0.3591366903057675,95,0.66015625,0.7995017128620368
145,3,1.0,0.05261679781214722,0.7721,-0.03479999999999994,16,0.125,4.175572705564275,0.08872220931245788,3.846632505556626,0.3935863743005893,2.343276949785568,0.12406681286426861,2.23704033782549,0.3060956992151436,2.1403252189665785,0.05285717591393131,1.8417298459270657,0.5207710888590406,95,0.6170641447368421,0.730725661358033
145,3,1.0,0.05261679781214722,0.7721,-0.03479999999999994,11,0.125,3.2528162073317817,0.06911555869145034,3.157916344914756,0.28138713164647333,1.9082777252524963,0.10103540490748177,1.8275013838626868,0.3211004662658043,1.7518475785555627,0.043263385775931425,1.7427366080415907,0.26248511094399124,95,0.8081003289473684,0.9490663003103852
146,3,1.0,0.052093782686459984,0.7379,-0.03420000000000001,12,0.125,4.050822839371747,0.08619999766960598,3.6869977057571917,0.41420720220779744,2.103081882047484,0.11254927880486094,1.9062718165110983,0.4251143069254287,2.242199820123006,0.05583070690260217,1.6460355773405095,0.7297978758963002,95,0.6502467105263158,0.7501580877703301
146,3,1.0,0.052093782686459984,0.7379,-0.03420000000000001,10,0.125,4.223400834137762,0.08987239296719025,3.972104184382932,0.34369749787340087,2.487759977823446,0.13313584874357443,2.311991208258278,0.37039850295503857,1.8135585418503215,0.04515755219140158,1.9802572134560188,0.11761724817647372,95,0.7254934210526316,0.8570618907277261
146,3,1.0,0.052093782686459984,0.7379,-0.03420000000000001,8,0.125,4.457874595969469,0.09486190707949133,3.8942475567644075,0.5035011835616572,2.753679533037985,0.1473668943414605,2.3547348035317524,0.5525216092608377,2.2223759081148455,0.05533709210027386,1.8015694376407994,0.6007258039984258,95,0.6544407894736842,0.5182206584568987
146,3,1.0,0.052093782686459984,0.7379,-0.03420000000000001,5,0.125,4.456740135559616,0.09483776618551416,4.011701384488461,0.44055511093842814,2.481477431158551,0.1327996297393465,2.2086221296316424,0.45961965540754995,1.8453664481703584,0.04594956808534719,1.6087681372511475,0.49448266205072905,95,0.6824013157894737,0.7933839479392625
146,3,1.0,0.052093782686459984,0.7379,-0.03420000000000001,13,0.125,3.5074316398187007,0.07463683581520565,3.48351523155223,0.25229181086435665,1.9394581680594998,0.10379273386863071,2.0179104682301516,0.17616370692411928,1.5496306299449554,0.03858575526199324,1.564419540076536,0.3201544544237473,95,0.6542763157894737,0.7789718451483157
146,3,1.0,0.052093782686459984,0.7379,-0.03420000000000001,18,0.125,4.286154095197652,0.09120775893396298,3.7289885011845207,0.5067850408469773,2.538332657448494,0.13584231427286092,2.2037631480186315,0.5100539734434185,2.094072710705637,0.052142346411271336,1.7731240734283271,0.533395572747925,95,0.69921875,0.8962069979417818
146,3,1.0,0.052093782686459984,0.7379,-0.03420000000000001,3,0.125,4.0817859672634595,0.08685888147122967,3.7047870800596407,0.41989221978027186,2.2410388570773296,0.1199322334003296,2.0313600162325933,0.42287501019898566,2.1023796496048024,0.05234918893564174,1.6829333293823947,0.6107946183594005,95,0.6759868421052632,0.7440389294403893
146,3,1.0,0.052093782686459984,0.7379,-0.03420000000000001,4,0.125,4.0109652477529965,0.08535184300056958,3.834760243761024,0.31135186926736297,2.4930950467055415,0.1334213621894273,2.326679976269986,0.36123056742290643,2.4186109127825683,0.06022333771108359,2.056999557959349,0.5370550902842383,95,0.6118832236842106,0.7377192392984342
147,3,1.0,0.05157053795390641,0.795,0.05710000000000004,4,0.125,4.221210569075618,0.08992361348523656,3.789197016713077,0.44686975557771036,2.5030332862610134,0.13409142361349113,2.0932262094557212,0.5739985406974226,2.7046868553043,0.06822997339724729,2.2015124975412204,0.7122489453481811,95,0.612047697368421,0.7289217332885455
147,3,1.0,0.05157053795390641,0.795,0.05710000000000004,11,0.125,3.6019220142721124,0.07673103194335529,3.3664620146364275,0.36319155969240535,2.039710494652047,0.10927049411948973,1.8536541750658806,0.4235197537231123,1.7948362129124646,0.04527756210271358,1.9938966768130204,-0.03266491580157227,95,0.7895148026315789,0.944325816363731
147,3,1.0,0.05157053795390641,0.795,0.05710000000000004,12,0.125,3.5168146250133607,0.07491800607051485,3.360887234459253,0.32063866061379304,2.0531815327108425,0.10999215878163002,1.8847295850873493,0.4060494533260946,2.0187463946489896,0.050926048068212555,1.738370553551957,0.5224587452664375,95,0.6486430921052632,0.7803486529318542
147,3,1.0,0.05157053795390641,0.795,0.05710000000000004,3,0.125,3.5981097535123343,0.07664982010673697,3.450944748477558,0.31029967892076454,2.029118352901992,0.10870305645328819,1.9298244063516246,0.3450436777615301,2.1656297507725415,0.054631411393787195,2.3398716160619983,-0.03584898247318926,95,0.6995065789473685,0.7530566658829062
147,3,1.0,0.05157053795390641,0.795,0.05710000000000004,15,0.125,4.269664956479635,0.09095582771224132,4.04047284594835,0.3260227852114626,2.4966277989409287,0.13374827159933178,2.41398012553006,0.28295615413767516,2.272308815004666,0.057322558319105536,2.184406967717969,0.2848136369365114,95,0.6101973684210527,0.6266172506738544
147,3,1.0,0.05157053795390641,0.795,0.05710000000000004,14,0.125,3.963213804873878,0.08442755946829623,3.6620246197732107,0.3826565675960366,2.4270876867855713,0.13002289859357252,2.1644985061264603,0.4539293540446688,2.1423139034879215,0.05404323253055057,2.021327101962658,0.3342942314717414,95,0.6696134868421053,0.7614983113294442
147,3,1.0,0.05157053795390641,0.795,0.05710000000000004,6,0.125,4.356891954921971,0.09281400720010412,3.9981029937800456,0.399198385163816,2.4474244277717894,0.13111236974262555,2.2359168944522283,0.40671475638100885,1.9774169108570334,0.049883446935250764,1.6645232083589834,0.5602078845249485,95,0.5663651315789474,0.7861187745026862
147,3,1.0,0.05157053795390641,0.795,0.05710000000000004,9,0.125,4.864925225123532,0.10363653942863733,4.273341609260661,0.5147832242975294,2.6588273871407164,0.1424375582383124,2.268738510816334,0.5475414501087539,2.003365262356876,0.050538034851432094,1.6611339530046867,0.5881746619667917,95,0.6266858552631579,0.5963519454104061
148,3,1.0,0.051047120994167854,0.8167,0.02169999999999994,9,0.125,3.525036897792982,0.07518738229056504,3.2833801741829243,0.3638989550912966,1.9608886211606256,0.10495261432662485,1.7894442048496528,0.4091984699048305,1.4585089015188903,0.03718704275106946,1.3598670781725992,0.3876101107688166,95,0.617516447368421,0.7136769210280997
148,3,1.0,0.051047120994167854,0.8167,0.02169999999999994,14,0.125,3.5334038644355052,0.07536584576138933,3.3656833067081946,0.3097199961606113,2.2229518786479763,0.11897902240276,2.0992119570070717,0.3317109059376302,2.779228602593144,0.07086092704130657,2.7315820808305675,0.1998029711009521,95,0.6805098684210527,0.7890030211480362
148,3,1.0,0.051047120994167854,0.8167,0.02169999999999994,1,0.125,3.9291865497401166,0.08380770464877163,3.6092839307668885,0.4017287293792696,2.2895316541388695,0.1225425707979325,2.133627718182899,0.36270097268512025,2.9742249073730034,0.0758326731270505,2.8008300935000903,0.34815386710826823,95,0.6717516447368421,0.8904939707412621
148,3,1.0,0.051047120994167854,0.8167,0.02169999999999994,13,0.125,3.699046850339627,0.07889893289381665,3.3758113036540287,0.41371006127699655,2.226229918947904,0.11915447290802215,1.9723132090691684,0.47468051783703724,1.9209347809003467,0.04897733825619181,1.613093564344362,0.5683407925515741,95,0.64609375,0.7513523833768218
148,3,1.0,0.051047120994167854,0.8167,0.02169999999999994,3,0.125,3.4060313914391402,0.07264905070416075,3.2651900398284184,0.2966555337422234,1.9704899399999332,0.10546650558097481,1.8670175555682724,0.33218566565556784,1.7851364233606482,0.04551493955427455,1.817756422070995,0.17267492283536548,95,0.7057565789473684,0.805231880680494
148,3,1.0,0.051047120994167854,0.8167,0.02169999999999994,11,0.125,3.0659282702539765,0.06539481078208403,2.971109246369271,0.28334977195739985,1.8180241477564585,0.09730608110879775,1.7048733376768426,0.36055400958382927,1.6515513108416815,0.042108971112823176,1.5769664233567524,0.32765974837119755,95,0.8126233552631579,0.9540555583666447
148,3,1.0,0.051047120994167854,0.8167,0.02169999999999994,2,0.125,4.259406920492669,0.09085115014332781,3.8786932669938556,0.43280006636376067,2.523728998491099,0.13507751199391482,2.2124641468663317,0.5159429022834409,1.8877564895558279,0.04813140407138761,1.5729292505896948,0.5788800641403915,95,0.6057565789473685,0.6011403746945425
148,3,1.0,0.051047120994167854,0.8167,0.02169999999999994,4,0.125,3.5086842513921574,0.07483858801917145,3.3154490147322084,0.3296696021708462,1.924262236971612,0.10299226087641558,1.8363133470371156,0.31944134178807665,2.0649127221367745,0.05264828867027172,1.836378041781464,0.4669117208307172,95,0.6323601973684211,0.798296378178035
149,3,1.0,0.05052358920581229,0.8113,-0.00539999999999996,4,0.125,3.601892160389579,0.07694963542458019,3.395358675078552,0.3350063625177185,2.0506115772012032,0.11094964366300114,1.9637230286789344,0.3009223130176662,1.8660502215645072,0.04790629254728018,1.6371279863681645,0.48062440543253654,95,0.6297286184210527,0.7691152464903689
149,3,1.0,0.05052358920581229,0.8113,-0.00539999999999996,1,0.125,3.6206881926937546,0.07735118765569378,3.42895092824779,0.32341839526743726,2.2593873154964226,0.12224558777395249,2.0915890426253254,0.37913105166586597,2.637263803964225,0.06770532210603511,2.3860818943813453,0.44291712875190875,95,0.684827302631579,0.8885019513659562
149,3,1.0,0.05052358920581229,0.8113,-0.00539999999999996,2,0.125,3.7890235516934894,0.08094744871163122,3.5355301390323186,0.3598921911084027,2.051758868348217,0.1110117185802376,1.9189118839023138,0.3554663941315673,2.0622923172039886,0.052944330181612605,1.6352768616667233,0.6571110605351771,95,0.6169407894736842,0.675486536923487
149,3,1.0,0.05052358920581229,0.8113,-0.00539999999999996,11,0.125,3.008714225125193,0.06427717777510887,2.9336603080948724,0.27438269223182676,1.817014043983116,0.0983107005500023,1.7546183705925127,0.29606504091420666,1.6478863759507543,0.042305467397756834,1.7698483823656614,0.10800280006891108,95,0.8071134868421053,0.9524173416883183
149,3,1.0,0.05052358920581229,0.8113,-0.00539999999999996,16,0.125,4.249977467171424,0.09079511603871836,3.9102886689835876,0.40299949753997705,2.5210770157587064,0.13640447545272283,2.2477619407649114,0.4826366140634884,1.9511702730755613,0.05009154246295999,1.6579604895363818,0.5371300730969512,95,0.6018092105263158,0.6917873735993441
149,3,1.0,0.05052358920581229,0.8113,-0.00539999999999996,17,0.125,3.8286832465323686,0.08179472534374775,3.562424503551611,0.3672446788396124,2.1476161090792028,0.11619813555937956,2.0593115467773586,0.29396765845769507,1.508406142908656,0.03872465227742456,1.5044304386554426,0.28567080318636046,95,0.6131990131578947,0.6794742841815865
149,3,1.0,0.05052358920581229,0.8113,-0.00539999999999996,18,0.125,3.8002751259321865,0.08118782363044241,3.542970670137098,0.3621111437029353,2.1478269026317287,0.11620954067861289,2.0486728533568916,0.30698639850085346,2.259553532969166,0.05800853124194407,2.1496583236853932,0.31406692152158927,95,0.7200657894736842,0.9290772042028324
149,3,1.0,0.05052358920581229,0.8113,-0.00539999999999996,19,0.125,3.733365856298872,0.0797583960752733,3.4526135529327275,0.38168165255596986,2.3197131204646904,0.1255095538216075,2.057552748594984,0.48232566019932144,2.0994022014736076,0.05389703603683099,1.854594274138839,0.4738451104182038,95,0.6722861842105263,0.8732721712538226
150,3,1.0,0.049999999999999996,0.8183,0.007000000000000006,11,0.125,3.0452936944290196,0.06515165631315172,2.957396025232165,0.27259708335491467,1.828158029366585,0.09975924220722172,1.7245857341450794,0.3447979400120577,1.7473302093528575,0.045547193690678944,1.8425720548076818,0.10734145453399663,95,0.8089638157894737,0.9511538070549964
150,3,1.0,0.049999999999999996,0.8183,0.007000000000000006,3,0.125,3.4978766714586382,0.07483431208673395,3.284664657186672,0.34389419400199955,2.0172606201527623,0.1100782249500799,1.7999036119171343,0.45522239364803346,1.5614985033698179,0.04070316783856849,1.4336043390814774,0.4096958752617333,95,0.6985608552631579,0.8010477367708517
150,3,1.0,0.049999999999999996,0.8183,0.007000000000000006,4,0.125,3.515033695140546,0.0752013730740946,3.3421526525061376,0.31212248102198653,2.0920291127022668,0.11415820492877966,1.9414522666089145,0.37267104481061486,1.924266359800896,0.050159341453135727,1.6319835704913448,0.5452136956492382,95,0.6576480263157894,0.80180067525322
150,3,1.0,0.049999999999999996,0.8183,0.007000000000000006,18,0.125,3.5357742636450507,0.07564510117605629,3.325390856004409,0.3399047428300674,2.1028336259450042,0.11474778746825347,1.9917443144328177,0.3255321279595274,2.1844991935214613,0.056942761792748965,2.0779129397780745,0.31319997320400195,95,0.7240542763157894,0.9376455221761599
150,3,1.0,0.049999999999999996,0.8183,0.007000000000000006,2,0.125,3.571807693693454,0.07641600798697973,3.36898589980733,0.3324158227077467,1.9725017933451303,0.10763581758009957,1.8534797800125162,0.3472034026589443,2.124869418810175,0.055388408251575774,1.7184550759363744,0.6471289928020203,95,0.6211348684210526,0.6788031245862571
150,3,1.0,0.049999999999999996,0.8183,0.007000000000000006,1,0.125,3.5223656989489323,0.07535823551172569,3.3341723065170714,0.32355652475533997,2.019976799469256,0.11022644189082556,1.9360576290347764,0.30094734870046574,2.3702437822809794,0.06178451678327167,2.2218753550259813,0.34839344411679146,95,0.6844983552631579,0.8879678020063675
150,3,1.0,0.049999999999999996,0.8183,0.007000000000000006,9,0.125,3.5386380826437276,0.07570637032441009,3.2932983019427797,0.36631410893604716,2.0948278990342883,0.11431092958337592,1.9236549787225383,0.3961410644160441,1.6803115256775267,0.04380023541689899,1.2864278417126995,0.6722988031073515,95,0.6226973684210526,0.782554146856841
150,3,1.0,0.049999999999999996,0.8183,0.007000000000000006,10,0.125,4.343368146448399,0.09292293522840465,3.962177593212143,0.43765374130156764,2.6553414490319533,0.14489712951600456,2.3756873581320628,0.48141311023754296,1.9424006378326693,0.0506320428747289,1.8917527593807348,0.2687087808102899,95,0.71875,0.8833524027459955
151,3,1.0,0.049476410794187714,0.8053,-0.013000000000000012,0,0.125,3.705094249242776,0.07938279850455886,3.442879811042539,0.36959615793711004,2.3307780090180166,0.12752672081329058,2.1474660543176807,0.3906030765356183,3.2700682433165467,0.08638719615608943,2.8308113496630947,0.5695401138763281,95,0.81171875,0.9620586596423687
151,3,1.0,0.049476410794187714,0.8053,-0.013000000000000012,16,0.125,3.9860035626218346,0.0854013680528453,3.711553269340936,0.36587287481413894,2.2846928160835893,0.12500520503176346,2.152566632600094,0.3359642170680438,1.707528528735079,0.04510872280890103,1.4370787382473267,0.5408958267740596,95,0.6254523026315789,0.7442640194596016
151,3,1.0,0.049476410794187714,0.8053,-0.013000000000000012,7,0.125,4.055665639767663,0.08689389975689212,3.73053125208591,0.398163100213492,2.193388212171821,0.12000954406063141,1.905050925250423,0.5152093433864581,2.1974078032695954,0.05805013376217682,1.780374519309044,0.6091123488690234,95,0.7079769736842105,0.7991055871762109
151,3,1.0,0.049476410794187714,0.8053,-0.013000000000000012,1,0.125,3.5009068758534605,0.07500802042104537,3.3828577864232416,0.277912325459151,2.131380666975529,0.11661684905751672,2.075133158763096,0.2602605879946795,2.496844206668785,0.0659605103635179,2.4883820368283205,0.20377404257249537,95,0.6923930921052631,0.8864540649682285
151,3,1.0,0.049476410794187714,0.8053,-0.013000000000000012,9,0.125,3.5529327162067466,0.07612269025775446,3.338479790726466,0.34376148116913946,1.98048199016582,0.1083605443583342,1.9170206310414786,0.28339019636339535,2.0579393694812325,0.054365719232944136,1.5707896956924066,0.6775409592164311,95,0.617516447368421,0.7187375149820215
151,3,1.0,0.049476410794187714,0.8053,-0.013000000000000012,4,0.125,3.5778120078458744,0.0766557368315437,3.3446125068644594,0.35560926259515935,2.051837859177356,0.1122647256877512,1.864106486628143,0.4182577585024341,2.123526203913441,0.05609836280787019,1.6935975577357854,0.6260084004090685,95,0.6522615131578947,0.8070982790140578
151,3,1.0,0.049476410794187714,0.8053,-0.013000000000000012,6,0.125,4.015342606039708,0.08602996619780032,3.7448525942559576,0.3619402368702719,2.397367804943268,0.13117013013031573,2.2032001940360777,0.39812879425046993,1.6628730683601447,0.043929034885649185,1.5971245067011839,0.35910204084093766,95,0.586266447368421,0.8037592930284753
151,3,1.0,0.049476410794187714,0.8053,-0.013000000000000012,17,0.125,3.811279013769977,0.08165784016333436,3.5643637767882645,0.3540922178723383,2.2394455718538877,0.12252953696722606,2.07829337896408,0.3725268934694979,1.5390439593985867,0.04065777302511792,1.9050825263145523,-0.10385431502161377,95,0.6256578947368421,0.6761961093585699
152,3,1.0,0.04895287900583217,0.8112,0.005900000000000016,5,0.125,4.067192098927342,0.0872718843448607,3.632455339983436,0.4740311194606928,2.2318476386907977,0.12230745080201902,1.992404652333832,0.46444297945852064,1.5968795263701825,0.042932261111187545,1.4212758577249462,0.45726455246860936,95,0.7056332236842106,0.8021094341821572
152,3,1.0,0.04895287900583217,0.8112,0.005900000000000016,0,0.125,3.1704963384097384,0.0680310108377898,3.0664738548066075,0.2856703757716311,2.11753702736071,0.11604311661135505,2.081867948901754,0.2305135021329354,2.6223058096685707,0.07050094629867333,2.6001217929655356,0.1612502954901117,95,0.8287006578947368,0.9604545003473256
152,3,1.0,0.04895287900583217,0.8112,0.005900000000000016,18,0.125,3.7704621640462843,0.08090479375048543,3.4092101922317304,0.4356172502839488,2.017522228718902,0.11056220704911791,1.8487965376146767,0.40048703218362,2.11329665204074,0.056816185674973166,1.9258737862904085,0.42525251809700426,95,0.7367598684210527,0.9163969192990289
152,3,1.0,0.04895287900583217,0.8112,0.005900000000000016,15,0.125,4.313640570332169,0.09256005907825532,3.955843044218867,0.4128292219373211,2.5733553334481,0.14102240914009864,2.3980404708045033,0.3682028203928202,2.22222393671988,0.05974470629957375,2.0228607079814713,0.43422385916510026,95,0.6228618421052632,0.6287958806443095
152,3,1.0,0.04895287900583217,0.8112,0.005900000000000016,19,0.125,3.5828552378996714,0.07687921306417358,3.3804626237552986,0.33320470225427556,2.0852198096596832,0.11427210122235426,1.9452504896477976,0.36056165330515516,2.118696535063592,0.05696136205432967,2.1499231180821328,0.11230821180048481,95,0.6648848684210527,0.8813234384662956
152,3,1.0,0.04895287900583217,0.8112,0.005900000000000016,11,0.125,3.0783144185061704,0.06605301480100728,2.9133126201176527,0.33604644147577445,1.8609810757509684,0.1019835975449548,1.7234024619117587,0.3797217679878246,1.674108051478835,0.045008557507029714,1.5248909934283035,0.4128290238664972,95,0.8085115131578947,0.9542287545135534
152,3,1.0,0.04895287900583217,0.8112,0.005900000000000016,1,0.125,3.527365268705007,0.07568853555102298,3.3175864503890877,0.3413033255950433,2.176569663679576,0.11927816327722804,1.9668312503740495,0.43458607642982605,2.925130768462665,0.07864242471782792,2.715613414309675,0.4150042784938179,95,0.6847861842105263,0.8859132941035187
152,3,1.0,0.04895287900583217,0.8112,0.005900000000000016,4,0.125,3.3137934539213094,0.07110581256529516,3.229062304061255,0.26252563565380926,1.8521358228615232,0.10149886896677916,1.7620947300094583,0.3239034799603979,1.7155464999986534,0.04612263421883981,1.7569289557429912,0.13419924867280247,95,0.66328125,0.823321554770318
153,3,1.0,0.048429462046093594,0.7839,-0.02729999999999999,9,0.125,3.7489632569136626,0.08054693469194797,3.5006385846113286,0.3581297941667724,2.100417310804578,0.11568498920776357,1.9426603104554836,0.3804391018805886,1.7849522320071143,0.04793373956023649,1.4066121641583238,0.6520708722476338,95,0.6234375,0.6636987204854241
153,3,1.0,0.048429462046093594,0.7839,-0.02729999999999999,6,0.125,3.906117082890745,0.08392340388892451,3.5846814754823146,0.403820336230029,2.0791931817000857,0.11451602476733205,1.9602342167600455,0.3353561909387789,2.3631547160283084,0.06346099389521034,1.96937502970753,0.6277235743136779,95,0.5788651315789474,0.8048018184401193
153,3,1.0,0.048429462046093594,0.7839,-0.02729999999999999,1,0.125,3.4686782057832257,0.07452497604327389,3.238924250611008,0.3581996605934693,2.1540924775797445,0.11864126416187329,1.9617663370322211,0.4171612489628156,2.5130721700767507,0.06748693031470278,2.2129206499170277,0.5169529983824908,95,0.6951480263157894,0.8898024370046137
153,3,1.0,0.048429462046093594,0.7839,-0.02729999999999999,10,0.125,3.9562563766306003,0.0850006527552389,3.570991875289111,0.4467710549290886,2.5063569614126426,0.13804298628673858,2.2188093968829317,0.5049850731657207,1.8216100993677198,0.048918162916440876,1.4946123632430734,0.595643557513027,95,0.7266036184210526,0.8772565219851735
153,3,1.0,0.048429462046093594,0.7839,-0.02729999999999999,18,0.125,3.282700037353327,0.07052921231872263,3.2524237723850624,0.2203864799395143,1.8515260379662006,0.10197676843463307,1.9086853669395585,0.133477572122971,1.8845689107905335,0.05060888114163939,2.167187101807941,-0.1823675315304927,95,0.7435032894736842,0.9347417321092799
153,3,1.0,0.048429462046093594,0.7839,-0.02729999999999999,0,0.125,3.1449336947453963,0.0675692855762224,3.1439035366388324,0.20652733706420545,2.0505460715025565,0.11293822371942253,2.1878015904743857,0.004741772371824058,2.4122203983337136,0.06477862110942882,2.859161353544273,-0.4641595944499075,95,0.8259046052631579,0.9626605595937469
153,3,1.0,0.048429462046093594,0.7839,-0.02729999999999999,15,0.125,4.014768816689931,0.0862577996956454,3.6799033190757258,0.4091443129715962,2.3710156956646826,0.13058877574158728,2.0885896455609645,0.5067300933262865,2.1205082524031105,0.05694487980315755,1.7387986974635632,0.6291615423530864,95,0.636389802631579,0.6227305033275182
153,3,1.0,0.048429462046093594,0.7839,-0.02729999999999999,19,0.125,3.6104315903691617,0.07757056487094506,3.3270727302756917,0.3895883157434762,2.1932786614854685,0.1207995273026825,1.9411047254130611,0.48377838412531743,2.0188513779141295,0.054214950083535204,1.610592345426607,0.6635780210234079,95,0.6639391447368421,0.8551433702855019
154,3,1.0,0.047906217313540014,0.7599,-0.02400000000000002,17,0.125,4.093921318202499,0.08807851458911001,3.6618583683273433,0.4573261743212477,2.342482705743526,0.1292321735112773,1.9388783632640618,0.5697683476499196,1.775019824140969,0.04824753006607158,1.9700403752158309,0.1006708584549015,95,0.5975740131578947,0.6450836028349274
154,3,1.0,0.047906217313540014,0.7599,-0.02400000000000002,9,0.125,3.7182593284830876,0.07999634899033319,3.401538941978423,0.4039064194544805,2.436314845290228,0.13440878860820066,2.110169741289888,0.5022351434330331,1.6889142213749864,0.04590705893340719,1.4915753346778593,0.4880409665014371,95,0.6476151315789473,0.6056507936507937
154,3,1.0,0.047906217313540014,0.7599,-0.02400000000000002,4,0.125,3.978131040540115,0.08558734906157094,3.562709470746034,0.4520857822345119,2.509323059779616,0.13843657084945585,2.067722916462588,0.5848299181801971,2.3965748727242664,0.06514226864103613,1.9824507087806258,0.5791509470106786,95,0.6258223684210527,0.7861366622864652
154,3,1.0,0.047906217313540014,0.7599,-0.02400000000000002,1,0.125,3.3336088860228634,0.07172080166671833,3.3222819332043074,0.22953036153756146,2.120056692482475,0.11696117698750576,2.1560359158036646,0.22740907542706124,2.363815947202774,0.06425183506810671,2.643906273888766,-0.059599637471621676,95,0.6953947368421053,0.8903145695364238
154,3,1.0,0.047906217313540014,0.7599,-0.02400000000000002,0,0.125,3.4201147575941486,0.07358192895252082,3.166404666370669,0.3814125146448106,2.2509103448811385,0.12418022789870593,1.973474762817773,0.48104444279110253,2.9400800602825705,0.07991550245011532,2.254815939808374,0.7544663697699627,95,0.8185444078947368,0.9586075249912092
154,3,1.0,0.047906217313540014,0.7599,-0.02400000000000002,13,0.125,3.7814870652068238,0.08135665972876799,3.6557761656027283,0.2791702122960671,2.1761071248424004,0.12005341719161042,2.1907135877805906,0.24030269627356488,1.6759687980784843,0.04555518415926585,1.9144028030201066,0.07096549259327627,95,0.6558799342105263,0.6426556328756817
154,3,1.0,0.047906217313540014,0.7599,-0.02400000000000002,14,0.125,3.9726600316461878,0.08546964324867747,3.510306849806923,0.4805409848791674,2.611291043003448,0.1440620314209543,2.1876551636727566,0.5640370181869216,3.093094867976859,0.08407465968001115,2.240427832966013,0.8689657446731074,95,0.6826069078947369,0.7277874826817662
154,3,1.0,0.047906217313540014,0.7599,-0.02400000000000002,11,0.125,3.528972994053835,0.07592395534309372,3.134518232381792,0.46133872173032403,2.2122976979574247,0.12205001098195342,1.8355994036164145,0.5616969688726458,2.080945303749264,0.056563013969200285,1.7435405557362484,0.5475038080343103,95,0.8011924342105263,0.9471901462663588
155,3,1.0,0.04738320218785281,0.8013,0.04139999999999999,3,0.125,3.859523550414258,0.08314301574220306,3.494423158524112,0.42961451667425865,2.1703648316812556,0.120667460669505,1.990511380107863,0.39921817683483035,1.542347339079641,0.04232724651157593,1.3207672188770865,0.5195689285382928,95,0.6713815789473684,0.7524497795198433
155,3,1.0,0.04738320218785281,0.8013,0.04139999999999999,19,0.125,3.889839252238709,0.08379608569788599,3.611020295695813,0.37193911780993905,2.3605007369395605,0.13123859439537008,2.1305235571492607,0.4328975913445173,2.1367235777619467,0.05863894812240885,2.251463173584171,0.0017170426131053965,95,0.6597861842105263,0.8557896048859529
155,3,1.0,0.04738320218785281,0.8013,0.04139999999999999,8,0.125,4.415038124738144,0.09511007758150099,3.903966340650887,0.5018985750154676,2.6155181609309537,0.145416996353571,2.2569791484228423,0.5398444777410223,1.6328350573484478,0.044810536663144086,1.453041293118708,0.45660684944117946,95,0.6173930921052632,0.5415917415917416
155,3,1.0,0.04738320218785281,0.8013,0.04139999999999999,14,0.125,3.2909744303502437,0.07089515980293194,3.1644800818000283,0.30170632155934823,2.0457667820975423,0.11374008605111281,1.9511061629540989,0.3247330116866451,2.4523951954244287,0.06730204886434743,2.3686530503564716,0.2608239153597374,95,0.6804276315789474,0.7520546289581822
155,3,1.0,0.04738320218785281,0.8013,0.04139999999999999,18,0.125,3.8489074684375835,0.08291432091514017,3.458665301361197,0.4462284594666233,2.1870790529509105,0.12159673422215243,1.882312514401284,0.5190216894743533,1.7643653480490598,0.0484201743220298,1.5421436999613758,0.4940673647422134,95,0.7104851973684211,0.9115689565368367
155,3,1.0,0.04738320218785281,0.8013,0.04139999999999999,0,0.125,3.109627913054298,0.06698853864998881,2.9862829843260554,0.31189577777469524,2.107714064014715,0.11718421723827949,1.829296896881113,0.5012222236669819,2.351257757077021,0.06452649424314612,2.0747988437266307,0.5164901037824556,95,0.8275904605263158,0.9594077607194316
155,3,1.0,0.04738320218785281,0.8013,0.04139999999999999,17,0.125,3.4831251182999927,0.07503452764572341,3.39486548825026,0.26364477939574743,1.9352260089532813,0.10759426475828018,1.9821024487337175,0.1846483712525976,2.218525025408679,0.060883857522397264,2.0706766702381527,0.3611295738360695,95,0.6384868421052632,0.7082689335394127
155,3,1.0,0.04738320218785281,0.8013,0.04139999999999999,13,0.125,3.5902805837812486,0.07734290287313066,3.3417989834994324,0.36639091654081946,1.9195590255782202,0.10672321530492375,1.7440724025628052,0.42137591179037326,1.784435409017123,0.04897096492319523,1.6722308517701232,0.35222200031683515,95,0.6604440789473685,0.8035736520981198
156,3,1.0,0.04686047402353434,0.8034,0.0020999999999999908,3,0.125,3.306366226796007,0.0713173217464468,3.164563187347032,0.30240583432488266,1.805075549818648,0.10111001042711472,1.6772085835613675,0.3749003321857916,1.4657346171335832,0.04008337243918456,1.534516975823368,0.11037894467314982,95,0.7034128289473685,0.7626117963406792
156,3,1.0,0.04686047402353434,0.8034,0.0020999999999999908,0,0.125,2.8550979394469076,0.06158360096802277,2.7679172611859104,0.29202378517739147,1.8496271766760226,0.10360553780631314,1.7165996114282773,0.37584866161721103,2.382488492525469,0.06515379555183576,2.369051449726122,0.15596060653242988,95,0.8328125,0.9620815641354794
156,3,1.0,0.04686047402353434,0.8034,0.0020999999999999908,2,0.125,4.209082137915314,0.09078863153577961,3.8388033240083237,0.42798785877151124,2.383398172122456,0.13350433673509066,2.1761534177635804,0.4167293295594874,1.9648103508271035,0.05373157196668026,1.6720594659134687,0.5845961847967349,95,0.60234375,0.6084374360024575
156,3,1.0,0.04686047402353434,0.8034,0.0020999999999999908,18,0.125,3.1218982867500564,0.06733840394673597,3.020159622251264,0.28383270902309204,1.750316825529464,0.09804273981652385,1.6581254645451011,0.33920639088336646,1.444184903902471,0.039494053492014215,1.4150705927324527,0.26771860114836044,95,0.7576891447368421,0.9412818147283877
156,3,1.0,0.04686047402353434,0.8034,0.0020999999999999908,12,0.125,3.766962787625884,0.08125225056884848,3.420631111104503,0.4275935765473301,2.119509811474041,0.11872281975125244,1.9126379603655832,0.4354990658532085,1.5667657100450358,0.04284626476482753,1.4177365545579594,0.4259246132971684,95,0.6536184210526316,0.7971816809260192
156,3,1.0,0.04686047402353434,0.8034,0.0020999999999999908,16,0.125,3.8749626129296297,0.08358177420943172,3.5943000367442584,0.3762624781989371,2.1771278191743075,0.12195025106843406,2.0052349857526446,0.39045063863427415,1.6568243227737425,0.045309093214919355,1.4689316323781862,0.46956185689045044,95,0.6124177631578948,0.7359339331274338
156,3,1.0,0.04686047402353434,0.8034,0.0020999999999999908,17,0.125,3.654296730090424,0.07882207770716089,3.424666675983411,0.3489095395926779,2.050643195741227,0.1148653057344433,1.9215822969946097,0.3508217301125061,1.709842589944144,0.04675898115795463,1.6931580468485652,0.214105072516448,95,0.6412006578947368,0.7336796203668078
156,3,1.0,0.04686047402353434,0.8034,0.0020999999999999908,4,0.125,3.629024199466245,0.07827695684811495,3.339763741343132,0.3931351157070815,2.1010245111828905,0.11768737893251532,1.9168301201040616,0.4109694003785953,2.359845141898365,0.06453456895662017,2.084508342073288,0.539045486305182,95,0.6484375,0.8012682308180089
157,3,1.0,0.046338090143618435,0.7908,-0.012600000000000056,4,0.125,3.4579724583335523,0.07469111218284326,3.2615437378174446,0.3338252797831069,1.9057464537560058,0.10681462579457877,1.8335812987705131,0.2943039584322493,1.9434380968731324,0.053571894444988485,1.7659422573380255,0.4175199181898176,95,0.6592927631578948,0.7901958338530622
157,3,1.0,0.046338090143618435,0.7908,-0.012600000000000056,8,0.125,3.750841476798642,0.08101699041832146,3.456500801680594,0.39210290656238816,2.3458940019385652,0.13148432703466864,2.1613479584627746,0.39415985204209764,1.852734634970339,0.05107160575832049,1.4728789155546242,0.6398960543674008,95,0.6450246710526316,0.5855166698540193
157,3,1.0,0.046338090143618435,0.7908,-0.012600000000000056,9,0.125,3.7138057645956732,0.08021703074014155,3.48957321396072,0.34221621796700114,2.217043006975691,0.12426239529076172,2.04759348324745,0.3851952066225666,1.8837772111003794,0.051927310714611465,1.419473518189988,0.7181581841186856,95,0.6238486842105263,0.6995122594252571
157,3,1.0,0.046338090143618435,0.7908,-0.012600000000000056,6,0.125,3.9409207159763473,0.085122641908644,3.6054665765342713,0.4142597259791703,2.33354932096173,0.13079242361987006,2.0713765571945015,0.4858678848518092,2.1668063675094547,0.05972915843818777,1.7110026290246707,0.6910966481784783,95,0.5815789473684211,0.8150452488687783
157,3,1.0,0.046338090143618435,0.7908,-0.012600000000000056,3,0.125,3.2734494073651477,0.07070547260176821,3.0459826764242752,0.3668172512061759,1.8012970586022692,0.10096037218396449,1.6161614141637424,0.44177321440065315,1.4081133224597817,0.038815385166508794,1.370191986727353,0.3333102308292015,95,0.7157894736842105,0.8008961397058824
157,3,1.0,0.046338090143618435,0.7908,-0.012600000000000056,12,0.125,3.357206587396507,0.07251460121838411,3.1910188924985676,0.3166076577929763,1.832163865956036,0.10269041684466314,1.7635926974852263,0.2978965523520438,1.3984882467857789,0.03855006488753396,1.4887132468752278,0.17378649663222615,95,0.6752467105263158,0.8044087200097431
157,3,1.0,0.046338090143618435,0.7908,-0.012600000000000056,11,0.125,2.968073769773182,0.06410945534595677,2.8348107619068865,0.31623734433820966,1.7275272015810235,0.09682566703621834,1.6387400434422141,0.3355451578051141,1.3329188333350672,0.03674260948061721,1.4946068298047308,0.09106485987236623,95,0.8168996710526316,0.9541953994060502
157,3,1.0,0.046338090143618435,0.7908,-0.012600000000000056,16,0.125,3.671308671654185,0.07929910696411846,3.395252953872838,0.3822506590030558,2.069197013675392,0.11597581843869684,1.9148492454070911,0.3790186993896502,1.5990596852191654,0.044078922197535696,1.3929276519023839,0.4913251519682887,95,0.6099095394736842,0.777523090406526
158,3,1.0,0.04581610783338423,0.7954,0.0046000000000000485,9,0.125,3.6817140428093453,0.07964396421963192,3.4483625713120705,0.35035058692624604,2.09419410289168,0.1172187578954706,1.993073612023405,0.31242014749042357,1.5951165269056102,0.04466837101509647,1.4426287118849663,0.42826468351931374,95,0.65078125,0.6672142541227017
158,3,1.0,0.04581610783338423,0.7954,0.0046000000000000485,8,0.125,3.588504682018068,0.07762763081908063,3.3922409162750338,0.3277699399929995,2.1910528116600503,0.1226402503528843,2.0493964334515993,0.35372955220085855,1.8004422502093456,0.050418148810494494,1.7245995669148624,0.29230779304152915,95,0.6456825657894737,0.6110297395402152
158,3,1.0,0.04581610783338423,0.7954,0.0046000000000000485,5,0.125,3.8105987741484624,0.08243203814712165,3.4568903854395128,0.4305956155249175,2.150080623919442,0.12034690564878904,1.939251748773839,0.43884868222975726,1.6388242529577766,0.04589232731583881,1.429336051306125,0.5045636395867334,95,0.7229029605263158,0.8037085490017633
158,3,1.0,0.04581610783338423,0.7954,0.0046000000000000485,11,0.125,2.886045789300876,0.06243182520604066,2.833818877532567,0.2638807026246711,1.6793757219626453,0.09400004321302043,1.6636893627776501,0.2510934907165308,1.6632840424750934,0.046577279753282484,1.6176966497842162,0.2597090147473674,95,0.8211759868421052,0.9525311701967853
158,3,1.0,0.04581610783338423,0.7954,0.0046000000000000485,19,0.125,3.6257429541039166,0.07843318051009986,3.3254671240787306,0.4009611506932195,2.1269140562128284,0.11905019858256204,1.9184353271656638,0.43793767146714135,2.1994157979287765,0.06159068583467856,2.078843183440882,0.32975592881111615,95,0.6712993421052632,0.857895381599902
158,3,1.0,0.04581610783338423,0.7954,0.0046000000000000485,0,0.125,3.189562986253155,0.06899760204069802,3.0326527877031215,0.3209900800047536,1.9645858863940153,0.10996417049599051,1.884488169360534,0.29858208131247915,2.67646534215859,0.07494960079468947,2.659652924130919,0.1434865027791968,95,0.8346217105263158,0.9623608237264755
158,3,1.0,0.04581610783338423,0.7954,0.0046000000000000485,6,0.125,3.723179628880883,0.08054096045970592,3.451496256588057,0.3761186467479356,2.1847631603255575,0.12228819840315967,2.0023990572941535,0.4028054868947924,1.6939010991672538,0.04743465538988799,1.6295652115162382,0.28538695601479075,95,0.584703947368421,0.7782700421940928
158,3,1.0,0.04581610783338423,0.7954,0.0046000000000000485,13,0.125,3.7122810675778384,0.0803051994482932,3.3682002134711997,0.4279968344981965,2.112637872600962,0.11825111481656349,1.8688578635735784,0.47971559771183236,1.792500320288235,0.05019574933916543,1.5608917786404912,0.521137988855832,95,0.6486019736842106,0.7324077596044123
159,3,1.0,0.04529458433407429,0.773,-0.022399999999999975,19,0.125,3.2650027067793728,0.07071904464550972,3.070632717742987,0.34607856996889536,2.019197130681502,0.1140134446560544,1.8371674265396127,0.4150287970034938,2.0236754367483263,0.05688382001887886,1.5632361335085325,0.6754830156731951,95,0.669202302631579,0.8730568356374808
159,3,1.0,0.04529458433407429,0.773,-0.022399999999999975,9,0.125,3.431503307549672,0.07432540104911398,3.2305515622821246,0.34092867811974104,1.990294202930748,0.11238144830293144,1.8663547718829876,0.3552995927109485,1.641947231506045,0.046153760183778904,1.260541739110437,0.6485059192378109,95,0.644860197368421,0.6927246062615571
159,3,1.0,0.04529458433407429,0.773,-0.022399999999999975,0,0.125,2.9192021663347627,0.0632291017406029,2.9304589808352146,0.2216024714899042,2.041211630373875,0.11525648769735465,2.0817021213864835,0.16182244941039883,2.2965453691062314,0.06455396506237038,2.468295232348306,-0.0015395633924806676,95,0.83359375,0.9591575001233167
159,3,1.0,0.04529458433407429,0.773,-0.022399999999999975,4,0.125,3.5060404422669533,0.07593985452165622,3.2449268225943784,0.3787117586467721,1.955683299673993,0.11042715258657994,1.80105870941277,0.39232951670666555,1.959241438354347,0.05507263434098714,1.4626258427934458,0.7112344810349581,95,0.6481907894736842,0.8041106318193352
159,3,1.0,0.04529458433407429,0.773,-0.022399999999999975,17,0.125,3.807506769447838,0.08246953077789812,3.5405134848567035,0.36819725367597805,2.2097108290257186,0.1247707514451431,2.0392925714002113,0.3850994863592218,1.5384869082217894,0.043245577230166005,1.5899293510708803,0.2348113579917775,95,0.6155427631578947,0.6327321309285238
159,3,1.0,0.04529458433407429,0.773,-0.022399999999999975,15,0.125,4.211299546807517,0.09121556930042089,3.7726271460509753,0.4690937559018497,2.5125453295398366,0.14187022332912747,2.1743559111055286,0.5389033384487616,2.138437267784708,0.06010967888100941,1.7258240150728503,0.6244137726696052,95,0.6011513157894737,0.610328317373461
159,3,1.0,0.04529458433407429,0.773,-0.022399999999999975,16,0.125,3.9183141725071926,0.08486958810946989,3.6716183579083053,0.34928306698143413,2.3896516672641956,0.1349310644181228,2.23819903380773,0.35042687091491315,1.528552175862655,0.042966320232136326,1.3756886756343016,0.45591514997980154,95,0.6360608552631579,0.6449027086430926
159,3,1.0,0.04529458433407429,0.773,-0.022399999999999975,10,0.125,3.9487113862145202,0.085527983249175,3.5735514110943694,0.43614152088484465,2.36834226852268,0.1337278347199657,2.0868738744345854,0.4900388290602005,1.8633345352469566,0.05237677169628611,1.5789683941662964,0.5332938392669927,95,0.7325657894736842,0.8740458015267175
160,3,1.0,0.04477357683661734,0.7634,-0.009600000000000053,19,0.125,3.0799237221304123,0.06679393159807309,3.0300690790538476,0.2657223680416571,1.7384511188590035,0.09899763041269379,1.7745689675536038,0.23960695801321466,1.7713635755795154,0.05065266336548286,1.9622315622021576,-0.028661012677317254,95,0.6772203947368421,0.8869459623557984
160,3,1.0,0.04477357683661734,0.7634,-0.009600000000000053,16,0.125,3.9193253233468166,0.08499793214915802,3.561592800229028,0.42146897481714307,2.2541597237779016,0.1283651112216539,1.9938033621734979,0.46828271023325263,1.9028254851798603,0.054411855404977796,1.5937346123791682,0.5661297133144019,95,0.6151315789473685,0.6608288770053476
160,3,1.0,0.04477357683661734,0.7634,-0.009600000000000053,8,0.125,4.040702385762331,0.08763022175630096,3.5752489773493346,0.484364920179334,2.5209473436447802,0.1435575672555043,2.115547909718455,0.5777961362781873,2.094697990833936,0.05989850623825351,1.6448492943566908,0.6948818056437018,95,0.6383634868421053,0.5385507246376812
160,3,1.0,0.04477357683661734,0.7634,-0.009600000000000053,0,0.125,3.1283418460245627,0.06784396956890176,3.0047935160721693,0.3125149102979088,2.17586659050478,0.12390663977684767,1.947200017927338,0.44626067888460325,2.7346344464778105,0.07819767774087673,2.4894721289383797,0.43992839764758124,95,0.8394325657894737,0.9623316189076659
160,3,1.0,0.04477357683661734,0.7634,-0.009600000000000053,6,0.125,3.9640564938989358,0.08596801161076667,3.581294670087308,0.4355000154732012,2.2932347087157505,0.13059027066116555,1.9439823058601349,0.544809606571866,1.594085332864893,0.04558333978107394,1.5736201041297588,0.27491583866521246,95,0.5799342105263158,0.7846710153148043
160,3,1.0,0.04477357683661734,0.7634,-0.009600000000000053,5,0.125,3.8417654949377207,0.08331590157278645,3.465658665267353,0.43658308764021136,2.164575203555915,0.12326364180015212,1.873049075637691,0.5046864945110335,1.8822983493138814,0.05382487590669112,1.4849697247558913,0.658235206225883,95,0.7087582236842105,0.8099437257063294
160,3,1.0,0.04477357683661734,0.7634,-0.009600000000000053,7,0.125,3.8272941412657104,0.08300206308375038,3.5422434201144224,0.37876014614979364,2.208911773115264,0.1257884268110093,1.9581419373872082,0.46355807423196954,1.8391124293304628,0.052589961800289714,1.6248757161456582,0.46992472359299864,95,0.7102796052631579,0.799814750492069
160,3,1.0,0.04477357683661734,0.7634,-0.009600000000000053,1,0.125,3.5271051243206704,0.07649190034165154,3.3568380174778603,0.31847123233545055,2.020341051114215,0.11505010092953899,2.0349938447938007,0.2234832085122819,2.477163524917805,0.0708352208765862,2.560671318299157,0.05362935861510163,95,0.6789884868421052,0.8904499485254043
161,3,1.0,0.04425314247535667,0.7405,-0.02289999999999992,0,0.125,2.886192508235194,0.06266437424956832,2.881082961791849,0.23066658599445447,1.9236949003144965,0.10928314184013128,1.8657168995077555,0.2784066529623555,2.4488944898384384,0.07004906750406042,2.5528630523424445,-0.004256462001937394,95,0.8381167763157895,0.9601628808320659
161,3,1.0,0.04425314247535667,0.7405,-0.02289999999999992,4,0.125,3.592615587878893,0.07800207612323629,3.3135967460513385,0.3870564559289784,2.0127325150967588,0.11434127776582624,1.866089198192491,0.3752219291274094,2.051459469979123,0.05868069183490717,1.7241049233405072,0.5970486588089563,95,0.6587993421052631,0.8040194732243165
161,3,1.0,0.04425314247535667,0.7405,-0.02289999999999992,10,0.125,3.809543802269733,0.08271197359996081,3.406527894354265,0.46340203250753254,2.2643375433785033,0.12863470235665345,2.009607957731349,0.47799288140231816,1.737866024362018,0.04971055100931663,1.4574723860610972,0.567161233630252,95,0.7289884868421053,0.8909695978340572
161,3,1.0,0.04425314247535667,0.7405,-0.02289999999999992,1,0.125,3.548745483539821,0.07704957810765789,3.3153463089440462,0.35687118291714554,2.293100772236235,0.1302687120005558,2.1038712238408865,0.4015725519455103,2.5822543352850698,0.07386374096377263,2.3864881691280253,0.40261202748571084,95,0.691735197368421,0.8886643285977531
161,3,1.0,0.04425314247535667,0.7405,-0.02289999999999992,16,0.125,3.4238386989066076,0.07433762958855097,3.269605181373912,0.30633039723487526,1.9364054314433206,0.11000521412715954,1.8489593565510014,0.3127478976914831,1.9761112255733375,0.056525403283034306,1.8824701686944858,0.3084657240649098,95,0.62734375,0.7329094841712
161,3,1.0,0.04425314247535667,0.7405,-0.02289999999999992,12,0.125,3.5142631554658643,0.07630090541681785,3.2553455922341215,0.3767525682479341,2.0210387567237826,0.11481314686613735,1.834756952735621,0.4202103731186938,1.5995727641036,0.045754760360354196,1.5428810371055681,0.3005244723246916,95,0.6563733552631579,0.7774854350685961
161,3,1.0,0.04425314247535667,0.7405,-0.02289999999999992,15,0.125,4.179870152678188,0.0907524175240087,3.750435029823278,0.4677967538093944,2.4414977791982224,0.13869899434825372,2.140421725122789,0.5182517044864544,2.225767931550956,0.06366667438411033,1.974374170409783,0.4933840294338125,95,0.6137335526315789,0.60176872571352
161,3,1.0,0.04425314247535667,0.7405,-0.02289999999999992,8,0.125,3.2443671772950853,0.07044098355218498,3.078274842341547,0.32537033210266264,1.8477240817083715,0.10496731725480503,1.8708645618892321,0.1857376971981313,1.2902220688311328,0.036905980706724156,1.3427431049753698,0.20005246804150953,95,0.641858552631579,0.6631646380525305
162,3,1.0,0.04373333832178479,0.8148,0.07429999999999992,16,0.125,3.5026133159983655,0.07612569743879888,3.377565106323023,0.283979572616576,1.8401170951968278,0.10524284001289867,1.8651473159941996,0.18386308570182788,1.4772195307301255,0.04261841916870427,1.1697079276289493,0.6126533763113752,95,0.6683388157894737,0.6482711947828227
162,3,1.0,0.04373333832178479,0.8148,0.07429999999999992,2,0.125,4.181309996811125,0.09087647165080821,3.7833395887085914,0.4418578486123489,2.4078749765442047,0.13771493215783517,2.163494530020771,0.45711567908639966,1.745576958565222,0.05036064644677083,1.663423203634661,0.33500231929796614,95,0.6080180921052631,0.5021302495435179
162,3,1.0,0.04373333832178479,0.8148,0.07429999999999992,0,0.125,3.0251950765761486,0.0657495031041238,2.829988075270716,0.3632975471458605,2.081368164901233,0.11904084656265336,1.911090208224806,0.3964322582012532,2.5255038576119153,0.07286187311826695,2.2271942175353314,0.5017663329566162,95,0.8350328947368421,0.9603604490841048
162,3,1.0,0.04373333832178479,0.8148,0.07429999999999992,11,0.125,3.8664177557990604,0.08403261270822406,3.4276754340620323,0.48076045513399723,2.496592818170528,0.14278902099541,2.1486759592263387,0.5668135855480246,1.7226829629830274,0.0497001448220149,1.536804891594842,0.45289917604083385,95,0.7843338815789473,0.9440629095674967
162,3,1.0,0.04373333832178479,0.8148,0.07429999999999992,8,0.125,3.2706140818339997,0.07108343273165534,3.225611748190979,0.23998446220035552,1.9314711619164375,0.11046770393780622,1.9015033024672658,0.24289413554203765,2.4019686418762722,0.06929782898210815,1.8943649727106893,0.7181286137217531,95,0.6558388157894737,0.6152978056426333
162,3,1.0,0.04373333832178479,0.8148,0.07429999999999992,9,0.125,4.003340037501099,0.08700847765508256,3.5985567776344034,0.452960668778951,2.2891288820161697,0.13092342075826646,2.089591657340827,0.41382130728931954,1.5103024709860542,0.04357287623201124,1.358122585294815,0.4493266764360678,95,0.6335115131578948,0.595184007269423
162,3,1.0,0.04373333832178479,0.8148,0.07429999999999992,5,0.125,3.7197192110638047,0.08084427074075082,3.388857522039393,0.41549947592751185,2.083651347168635,0.11917142987537604,1.8875371604384819,0.4259288960943685,1.5618118654585733,0.04505894442911322,1.380808054145475,0.4714195425183356,95,0.7128289473684211,0.794877711121366
162,3,1.0,0.04373333832178479,0.8148,0.07429999999999992,15,0.125,3.448191272817859,0.07494289031183528,3.364704961284553,0.25723321603745347,2.0581680769274064,0.11771395103340257,2.0703353762061516,0.17739824445212693,2.0652463971291772,0.05958324731599258,2.2303091938223796,-0.00412721419225068,95,0.6049342105263158,0.6927678085916259
163,3,1.0,0.04321422137828479,0.8132,-0.0015999999999999348,17,0.125,3.652566490435606,0.07948001270104839,3.340598811766278,0.41201083003863187,2.0687050360724273,0.11869121583125165,1.863187650833108,0.45193703982345734,1.4841764111826936,0.04317660947933122,1.2207050066093457,0.5861084533420777,95,0.6436266447368421,0.711812432121638
163,3,1.0,0.04321422137828479,0.8132,-0.0015999999999999348,7,0.125,3.530376934201083,0.07682116240855251,3.243627154867197,0.39842690090714517,1.866143475538982,0.10706931832476317,1.7204554726969028,0.3881495061654601,1.7722404916937946,0.05155676578389024,1.5497157519810303,0.5021936895194171,95,0.6978207236842106,0.8493901361145484
163,3,1.0,0.04321422137828479,0.8132,-0.0015999999999999348,9,0.125,3.3072420066206147,0.07196573625147026,3.118611211091782,0.3345575640983439,1.8589419945327628,0.10665613591281496,1.7679523292448884,0.3132802416963822,1.6078438769460583,0.046774255846927404,1.5270847379424708,0.32453507223920885,95,0.6371299342105263,0.7249435301710229
163,3,1.0,0.04321422137828479,0.8132,-0.0015999999999999348,6,0.125,3.5084270665800954,0.07634353229233952,3.2937445104121683,0.3444448904627895,2.0067640409680303,0.11513737326281258,1.8364720450099936,0.40944012794540346,1.9156071221265607,0.05572748630466072,1.7816941549019072,0.36807510740529714,95,0.6027138157894737,0.8209851275753854
163,3,1.0,0.04321422137828479,0.8132,-0.0015999999999999348,12,0.125,3.5004101786100725,0.0761690844460515,3.2257026878341635,0.39071619640869,1.8973528416219678,0.10885994460599707,1.8417592974859918,0.25946474628227956,1.5341378653013689,0.04463005273395254,1.3140068999323526,0.5247051779840083,95,0.6668585526315789,0.792267850536441
163,3,1.0,0.04321422137828479,0.8132,-0.0015999999999999348,15,0.125,3.638495722946212,0.07917383216150203,3.3524100020301755,0.39308810992789733,2.178035966378171,0.12496403908042185,2.0314053845518925,0.3646344120776949,2.0829365419497403,0.06059531533069364,1.80705851713637,0.5487407544979057,95,0.6020148026315789,0.6877262482070897
163,3,1.0,0.04321422137828479,0.8132,-0.0015999999999999348,8,0.125,3.3324214346511822,0.07251364174885547,3.1477703866999263,0.33011332685265365,2.138307289895098,0.12268462039437514,1.994868073927814,0.3630031662249895,1.393348136754322,0.04053429761860687,1.5165180312102435,0.041979837091696094,95,0.6321546052631579,0.6390009106283335
163,3,1.0,0.04321422137828479,0.8132,-0.0015999999999999348,0,0.125,2.693806035573596,0.058617341664330976,2.69351956812983,0.22606323865766406,1.801864225211619,0.10338131919436952,1.8172261213388816,0.1653834928765599,2.328188250247918,0.06773000441047164,2.340383920243549,0.12321807311321537,95,0.8305098684210527,0.9629171205069809
164,3,1.0,0.04269584857187944,0.8178,0.0045999999999999375,11,0.125,3.1139745780416836,0.06785085147848825,2.830565238390626,0.41697359962192243,1.8552982670198055,0.1069621043798141,1.6298682705203393,0.48241053620239555,1.4606670237313182,0.0423951930934087,1.486536103572638,0.17959127935902633,95,0.8083470394736842,0.9543211760516812
164,3,1.0,0.04269584857187944,0.8178,0.0045999999999999375,1,0.125,3.4212330099905275,0.0745457507813544,3.1845119470845766,0.365527399394098,2.0804427134590155,0.11994218645537677,1.9325316296864745,0.3703206151190818,2.481135685091115,0.07201382981295641,2.3397969269506613,0.3431044122315496,95,0.6881578947368421,0.8939412045889101
164,3,1.0,0.04269584857187944,0.8178,0.0045999999999999375,13,0.125,3.4063330781812238,0.07422109396900867,3.131899594204403,0.3939150769190208,1.9244300239112562,0.11094770514710267,1.7953134204508574,0.36216516134100457,1.6431214288833924,0.04769084885306667,1.4167255034273474,0.5234632269961661,95,0.6428865131578947,0.7520307003517749
164,3,1.0,0.04269584857187944,0.8178,0.0045999999999999375,2,0.125,3.461608425377568,0.0754254966637152,3.2914315073584,0.3138777259351169,1.7988576069947293,0.10370817379830974,1.7004703226859055,0.3384173500714788,1.7136156484899356,0.049736911373567776,1.4998084264722051,0.49935077928678545,95,0.6167763157894737,0.6732666666666667
164,3,1.0,0.04269584857187944,0.8178,0.0045999999999999375,4,0.125,3.343811089993768,0.07285879314466646,3.0992909698095925,0.37538121616226033,1.9632550537057587,0.11318605515434958,1.743448729509589,0.4654950419948471,2.0155072029752623,0.05849917583065119,1.7880394031400868,0.49326114090362394,95,0.6386513157894737,0.7821916044295648
164,3,1.0,0.04269584857187944,0.8178,0.0045999999999999375,14,0.125,3.6917942992533015,0.08044105062838837,3.3215514334726923,0.44945941749496526,2.3092222004341134,0.13313183676702098,2.055417010275887,0.4780472555450755,1.9627583334410261,0.05696816398946491,1.9724660115829065,0.1487163975153441,95,0.6731907894736842,0.7861592963596384
164,3,1.0,0.04269584857187944,0.8178,0.0045999999999999375,7,0.125,3.269681532534581,0.0712435732810244,3.1384741536646676,0.2949746993950842,1.7149780666666603,0.09887233025369548,1.6616076093081713,0.29291989770722776,1.4766057144553721,0.04285780631046911,1.5256449836715908,0.1402806276417785,95,0.7388157894736842,0.7995881567230633
164,3,1.0,0.04269584857187944,0.8178,0.0045999999999999375,5,0.125,3.4232120683665697,0.07458887277627595,3.1862193439446713,0.36562452456387723,1.8252362398712134,0.10522896112037387,1.6979613518978105,0.37052454941834684,1.6462855102313994,0.04778268486875855,1.4371719431003773,0.4998177559374713,95,0.7254111842105263,0.816800816233987
165,3,1.0,0.04217827674798847,0.8073,-0.010499999999999954,13,0.125,3.1468181952892555,0.06865412021378044,2.990003299446748,0.3168302313838057,1.696165714016864,0.09859288879607037,1.5489049047297072,0.40912587903981823,1.3571133024622406,0.0398501020457071,1.3277748679866928,0.3180288894951592,95,0.6673108552631579,0.7984472241049972
165,3,1.0,0.04217827674798847,0.8073,-0.010499999999999954,1,0.125,3.2091852465680906,0.07001478192670871,3.044904902180246,0.31930240559711803,1.8766119592310373,0.10908167325919774,1.8590040730014934,0.22429655613949154,2.5491172335976975,0.07485195355541452,2.373596088030476,0.3721190026439299,95,0.6976973684210527,0.8904408297972655
165,3,1.0,0.04217827674798847,0.8073,-0.010499999999999954,2,0.125,3.2547261466966266,0.07100834756604203,3.010238737276854,0.3807662520274482,1.8141256947377071,0.10544953916076524,1.6048137280967976,0.4693528904931094,1.4767234319145892,0.04336231864230844,1.3545076492982904,0.4114127050647168,95,0.6239309210526316,0.727033082904969
165,3,1.0,0.04217827674798847,0.8073,-0.010499999999999954,18,0.125,3.2798688927381203,0.07155688675773136,3.0477374243709954,0.36969072833064076,1.8181519081649145,0.10568357054662425,1.6705816680229981,0.3951449790886674,1.6482998921035628,0.04840046795140936,1.7032703484840104,0.1567997356420612,95,0.7361842105263158,0.9371648793565683
165,3,1.0,0.04217827674798847,0.8073,-0.010499999999999954,0,0.125,2.948361825927562,0.0643243983824575,2.7759124299216222,0.3417360495466647,1.9036534778711682,0.11065351345036009,1.7262791417505812,0.4223017987875411,2.499810604213339,0.07340411997443669,2.3421223716919966,0.3529850685505983,95,0.8374177631578947,0.9619954826671904
165,3,1.0,0.04217827674798847,0.8073,-0.010499999999999954,9,0.125,3.2480246676022673,0.07086214142294707,3.0503978073174403,0.3439552278902322,1.8015806966698902,0.10472033706145027,1.6960645836321286,0.34517040088115225,1.3176913694957586,0.03869252143051227,1.2427564582236754,0.3840482584764208,95,0.6293585526315789,0.7560433816803868
165,3,1.0,0.04217827674798847,0.8073,-0.010499999999999954,12,0.125,3.349145524202808,0.0730682947544508,3.06649222812036,0.40582336264158825,2.00135255714462,0.11633246001712823,1.777668554725834,0.4683751351088024,1.9439863507844335,0.057082967438068316,1.488755629691078,0.7245539630478874,95,0.6731496710526316,0.802577728910879
165,3,1.0,0.04217827674798847,0.8073,-0.010499999999999954,8,0.125,3.494049566610894,0.07622966567884673,3.193611099225644,0.4128429671814798,2.04000195982343,0.11857903075538602,1.799343204510446,0.4850497323595035,1.7097467930923536,0.05020478692046898,1.389725082710352,0.6040361487249766,95,0.6398026315789473,0.6713367609254499
166,3,1.0,0.04166156266419488,0.8039,-0.0034000000000000696,17,0.125,3.402096328300032,0.0743176945840579,3.195722699118568,0.3433180887025367,1.9375515296496193,0.11250345682944236,1.7938718175281356,0.37805236378952284,1.2062835207263802,0.03594369437668818,1.3080317969445876,0.11621855688015191,95,0.62734375,0.7272727272727273
166,3,1.0,0.04166156266419488,0.8039,-0.0034000000000000696,4,0.125,3.38197550227898,0.07387816164356685,3.120800961904209,0.3861982380107262,1.7573928483829835,0.10204258695828311,1.6040982193552311,0.40893744892910694,1.7223982391619672,0.051322392157114156,1.5253444660940312,0.47240847015173726,95,0.6541940789473685,0.8018856065367693
166,3,1.0,0.04166156266419488,0.8039,-0.0034000000000000696,18,0.125,3.0780657972186862,0.06723935237355193,2.939337969714582,0.3092610371862347,1.6403482664576898,0.09524642186628493,1.5164548711279366,0.3878441138857684,1.856780696932283,0.05532659341551804,1.609592006054953,0.5260290981737058,95,0.7576891447368421,0.9410647419547403
166,3,1.0,0.04166156266419488,0.8039,-0.0034000000000000696,3,0.125,3.4581037071359333,0.07554115767067192,3.123767960848809,0.43725781683042975,1.924210575260187,0.11172881756785509,1.7041480230839057,0.47120080715363366,1.3664393814393223,0.04071586709660979,1.18468272696138,0.49847275619063425,95,0.7001233552631579,0.7730663064544547
166,3,1.0,0.04166156266419488,0.8039,-0.0034000000000000696,6,0.125,3.6599398090310857,0.07995020207423705,3.3743316037871853,0.3916833330467814,1.9961689748740947,0.11590706448443801,1.8086041791807113,0.42599870059983463,1.6923376152883562,0.050426674144954775,1.7243530078652538,0.14789543924164694,95,0.5977384868421053,0.8087638439843159
166,3,1.0,0.04166156266419488,0.8039,-0.0034000000000000696,9,0.125,3.1772066376482027,0.06940505198604033,2.9953587256006418,0.3367478145555288,1.7213091750220362,0.09994739726856933,1.5672323511838866,0.4141884029448724,1.5059845165380572,0.044873900926602164,1.6692662628994077,-0.038021359288980705,95,0.6325657894736842,0.7738559542381696
166,3,1.0,0.04166156266419488,0.8039,-0.0034000000000000696,16,0.125,3.6857369319245215,0.08051373188507568,3.344341962280453,0.43244997192674867,2.1599591354947396,0.1254175001980133,1.956429025373403,0.4318663931322173,1.5902744411624932,0.04738549230431612,1.305193090346821,0.5993370332855786,95,0.6607730263157895,0.810329807093964
166,3,1.0,0.04166156266419488,0.8039,-0.0034000000000000696,0,0.125,2.617903793491333,0.05718726214679289,2.567228948625641,0.27400388898371764,1.703389663408041,0.09890690519885165,1.6323575287494685,0.3133954042339028,2.4908435154832445,0.07421979702315216,2.13733366630765,0.6273296810851544,95,0.8410361842105263,0.9637234770704997
167,3,1.0,0.04114576298402084,0.8183,0.01440000000000008,4,0.125,3.1359389240598543,0.0685933349789939,2.9613934888560722,0.3328873744077106,1.6359354767941239,0.09571690323841192,1.573741138582784,0.31555860807515596,1.7022366130990572,0.05100644926437548,1.3971691809729692,0.576291659941587,95,0.6543585526315789,0.8223576724896318
167,3,1.0,0.04114576298402084,0.8183,0.01440000000000008,0,0.125,2.6405782573700294,0.05775816217477242,2.7108485871569066,0.1687416553752295,1.6745233592477766,0.09797464057792456,1.8230760746289416,0.03113248279096464,1.9452169004137219,0.058287200719130856,2.470378309827904,-0.48128622080680306,95,0.8465049342105263,0.9638121144411522
167,3,1.0,0.04114576298402084,0.8183,0.01440000000000008,12,0.125,3.295857507678645,0.07209128224173231,3.0909127856576775,0.3475750115519606,1.8291071336709057,0.10701917832930508,1.7332966617004575,0.33222079099229473,1.256532387755814,0.03765120253666045,1.2397816180270091,0.3583166625664269,95,0.6730674342105263,0.7839819170383041
167,3,1.0,0.04114576298402084,0.8183,0.01440000000000008,17,0.125,3.40264017689295,0.07442697167215187,3.125332513172624,0.3978731114928442,1.8697810117837124,0.10939896513072818,1.6542948188913718,0.46928009649955055,1.5519678557203276,0.046503740480956256,1.4754946823925257,0.36189505296318647,95,0.64375,0.703308635666837
167,3,1.0,0.04114576298402084,0.8183,0.01440000000000008,10,0.125,4.087254851384851,0.08940175429265088,3.6358007780195587,0.5016116639534463,2.59909633583087,0.15207045510838446,2.2545683499388676,0.5642358730398137,1.868813940370234,0.05599783408518718,1.4268995498565218,0.6854788646592535,95,0.7263569078947368,0.8679875459949051
167,3,1.0,0.04114576298402084,0.8183,0.01440000000000008,6,0.125,3.3330217516711462,0.07290418692487531,3.1156812644732867,0.355244669099508,1.9755624378445638,0.11558812764129946,1.77063990849027,0.44686088292078063,1.7453533956057392,0.05229841652817808,1.2130254582534636,0.773809557585216,95,0.6029605263157894,0.8036006546644845
167,3,1.0,0.04114576298402084,0.8183,0.01440000000000008,9,0.125,3.0312998297039937,0.06630453260596876,2.8472125591019535,0.34683129291343273,1.7063845297549076,0.0998388049155486,1.5810272485141705,0.38288281420495696,1.5113547745627984,0.0452867950530465,1.1300289028185562,0.6730525108846299,95,0.6400904605263158,0.7637952078113959
167,3,1.0,0.04114576298402084,0.8183,0.01440000000000008,1,0.125,3.314839768301953,0.07250648693580442,3.0293383324320264,0.40853882148030074,2.0313262255650475,0.11885080954358856,1.7193376387062744,0.5624523749725092,2.6624259412772187,0.07977791844500234,2.05632833349884,0.7907693663805596,95,0.6962171052631579,0.8860737065910702
168,3,1.0,0.04063093427071377,0.8132,-0.005099999999999993,4,0.125,3.086259246429677,0.06759047350035181,2.9209944434068644,0.3263975659081258,1.641427192448008,0.09637266706874396,1.5334214187781798,0.36053740741199364,1.6634882909762445,0.05025561388028241,1.7246972308868105,0.09982951107293359,95,0.6584703947368421,0.8210315973523167
168,3,1.0,0.04063093427071377,0.8132,-0.005099999999999993,3,0.125,3.4638503588607104,0.07585988965787734,3.1186669865449392,0.4506359958622599,1.9737651065146837,0.11588513237578077,1.6834901005783103,0.5686192645815976,1.4987687810027084,0.04527927582206786,1.3813321239346075,0.39049142273412774,95,0.7005756578947369,0.7716868177016082
168,3,1.0,0.04063093427071377,0.8132,-0.005099999999999993,15,0.125,3.5750639133168285,0.07829551680554556,3.331452849808911,0.36524833003975055,1.9564522887090046,0.11486864962583913,1.9164238385091903,0.2315987259557906,1.7216872913801673,0.05201386280116989,1.6840304544782314,0.2462296293876124,95,0.6323190789473684,0.6355833008193523
168,3,1.0,0.04063093427071377,0.8132,-0.005099999999999993,18,0.125,3.3217513801875596,0.07274785774949322,3.0570074526231927,0.39391372595105245,1.841283437535639,0.1081067722779518,1.6929651451290633,0.3940833373195453,2.039370148013845,0.06161137368596109,1.6791565660020984,0.6641724435522424,95,0.7573601973684211,0.9401161843748304
168,3,1.0,0.04063093427071377,0.8132,-0.005099999999999993,9,0.125,2.975172302819117,0.06515761918747102,2.857567640910759,0.29396038821945075,1.5885876329710085,0.09327031242458739,1.4705344588810725,0.3810037769309946,1.4014019762676593,0.042337729091582725,1.2504666831808717,0.4516292955770155,95,0.637952302631579,0.7765388333870448
168,3,1.0,0.04063093427071377,0.8132,-0.005099999999999993,13,0.125,3.2776934638098685,0.07178296945216305,2.9968226373855527,0.4089235518931779,1.7348190492499742,0.10185595768554224,1.538850479528668,0.4681971534038678,1.3109639921810168,0.03960550883309078,1.0777474580844055,0.5746932568696379,95,0.6559621710526315,0.7907603585532502
168,3,1.0,0.04063093427071377,0.8132,-0.005099999999999993,0,0.125,2.8209817092249385,0.061780775442932305,2.6787702073894955,0.3247789880397662,2.012304835072681,0.1181479049473137,1.89315361804934,0.33900204908099457,2.7354508750301743,0.08264065560889497,2.583860600815905,0.34543213475490264,95,0.8391036184210526,0.9577595922967609
168,3,1.0,0.04063093427071377,0.8132,-0.005099999999999993,1,0.125,3.0101957801870394,0.06592464918395148,2.871531364283567,0.3091735459895828,1.8125800693840626,0.1064215192522005,1.7795257853061341,0.23520246541894316,2.3874867565831615,0.07212831808555518,2.382027916857287,0.14467166358181907,95,0.6952713815789474,0.8926015731267373
169,3,1.0,0.04011713298104369,0.7982,-0.015000000000000013,11,0.125,2.821575739018828,0.06186839884648813,2.7178625409376167,0.2961420089658044,1.7193818157621237,0.1014022976388724,1.6412243458974047,0.3231581936319183,1.5132840510104584,0.04570194478875246,1.3081002831643054,0.5070306315893532,95,0.8173519736842105,0.9573397726129389
169,3,1.0,0.04011713298104369,0.7982,-0.015000000000000013,13,0.125,3.130766407709412,0.06864799059929125,2.9632532291092977,0.32693055728724174,1.7224603051867893,0.10158385469505174,1.7031729952004309,0.24849622985460157,1.0920119386448517,0.03297931362937535,1.1655265492405695,0.1922227511244134,95,0.6744654605263158,0.7399865878193014
169,3,1.0,0.04011713298104369,0.7982,-0.015000000000000013,6,0.125,3.3834158988370016,0.07418780981069384,3.111090865973965,0.39559364120817503,1.9259728134621672,0.11358621260543017,1.7100160390030845,0.4646153407379635,1.7805077172483619,0.05377223485260266,1.5438343869614877,0.5182992275347487,95,0.6119243421052631,0.8240155893025131
169,3,1.0,0.04011713298104369,0.7982,-0.015000000000000013,15,0.125,3.582278027122404,0.07854823909071774,3.34046568046365,0.3625106956495431,2.2182344660143474,0.13082264188998008,2.0906714540870324,0.3344687716482144,1.6123655940923978,0.04869425757265551,1.7530582347201205,-0.012534191482111932,95,0.6243009868421052,0.6374892972403345
169,3,1.0,0.04011713298104369,0.7982,-0.015000000000000013,2,0.125,3.7379118995448968,0.08196080688392061,3.379884267131434,0.44592619903414876,2.1612410241878015,0.12746139548235919,1.8838853047600288,0.5151715433355912,1.7175047879365004,0.05186951447765537,1.4538413675267716,0.5588280145636355,95,0.6210526315789474,0.6150026483050848
169,3,1.0,0.04011713298104369,0.7982,-0.015000000000000013,5,0.125,3.4049787029957614,0.07466061518305886,3.119188539589396,0.40495259798272215,2.0122364408669924,0.11867369808499224,1.7939149976622117,0.459455200031749,1.3534641164189856,0.04087530181847573,1.3338483283531999,0.2759893421448049,95,0.7212582236842106,0.8176272732455391
169,3,1.0,0.04011713298104369,0.7982,-0.015000000000000013,0,0.125,2.6003136276283283,0.05701680745809472,2.5576452889233385,0.26393974648142143,1.883487837021537,0.11108061775342012,1.7912614638424642,0.32128120548077166,2.4831670892951023,0.07499290377139355,2.1538368385811184,0.5947280215201015,95,0.8362253289473685,0.9600727737621084
169,3,1.0,0.04011713298104369,0.7982,-0.015000000000000013,12,0.125,3.315394982362704,0.0726963222237617,3.0635914550779364,0.38308592341257125,1.7824012318155054,0.10511893202751772,1.5446027318352735,0.5042031812777341,1.2883008744932105,0.03890733890843293,1.1090952976839377,0.5088722326686996,95,0.6743832236842106,0.8058045241143833
170,3,1.0,0.03960441545911203,0.8122,0.014000000000000012,9,0.125,3.2281012773578017,0.07087024624329658,3.0121300460105167,0.3603972953310629,1.916734536577107,0.1123164085999789,1.7309286872620087,0.42992607900880153,1.3300863212323746,0.04045221580940501,1.345343428476551,0.34847099907318535,95,0.6516036184210526,0.6723670095286174
170,3,1.0,0.03960441545911203,0.8122,0.014000000000000012,8,0.125,3.466743879055071,0.07610944368268714,3.2173966718509517,0.3727034670349445,2.165846211788706,0.12691380232673696,2.0446811565293963,0.3313721132562396,2.0780130729425967,0.06319908109689742,1.4956222848039156,0.7499224732108416,95,0.6581003289473685,0.5932521087160263
170,3,1.0,0.03960441545911203,0.8122,0.014000000000000012,1,0.125,3.2033713158396924,0.07032732075497045,3.00867480042004,0.3457702395471001,1.9985948219785146,0.11711324044486987,1.8289789621062338,0.403254548503657,2.4766928614305863,0.07532421958251194,2.267361272394628,0.4025214993518239,95,0.6972861842105263,0.8933246845146834
170,3,1.0,0.03960441545911203,0.8122,0.014000000000000012,17,0.125,3.3199593633319,0.07288691319798106,3.066718883046334,0.38319064667467573,1.8837182255284304,0.11038172572582912,1.6373409078896815,0.5013873502864367,1.0257431420273955,0.031196157936474393,1.1525455609109478,0.33346449029318975,95,0.6099506578947368,0.6922610219765404
170,3,1.0,0.03960441545911203,0.8122,0.014000000000000012,7,0.125,3.8270155510168413,0.08401890497669995,3.4367815296347177,0.4607245650004263,2.0193564282260645,0.11832982469584076,1.8320592139422576,0.42178019951459544,1.4088628294101562,0.042848063551502225,1.5006546040342013,0.2461317395161959,95,0.7166118421052632,0.7723204039476704
170,3,1.0,0.03960441545911203,0.8122,0.014000000000000012,18,0.125,2.960508932194727,0.0649954815549809,2.814017922551388,0.3245982441247747,1.6281669663476428,0.0954069866074714,1.625624602393086,0.24517935724496936,1.9927107223750986,0.06060476143574281,1.6613401243988961,0.5566661645820314,95,0.7612253289473684,0.947928482687841
170,3,1.0,0.03960441545911203,0.8122,0.014000000000000012,13,0.125,3.059043562467446,0.06715872641966356,2.894634936894319,0.33167087279154855,1.7363798395667684,0.10174802186943403,1.5654842525758847,0.4331061036063058,1.7057111166491763,0.05187617758166462,1.1343560225829366,0.7749017137004643,95,0.6647615131578948,0.7688501268015092
170,3,1.0,0.03960441545911203,0.8122,0.014000000000000012,3,0.125,3.393873421868744,0.0745096341349261,3.1190777401366274,0.39533274547867286,2.0670714041307927,0.12112581685217973,1.8180269212699507,0.4876305517724909,2.035862070863557,0.06191713314700485,1.3982376265764018,0.7929236247279448,95,0.6971217105263158,0.7735637607644213
171,3,1.0,0.039092837930172875,0.804,-0.008199999999999985,9,0.125,3.1602228168829742,0.06946534097918734,2.93604626383573,0.3699217466593432,1.8747190638209559,0.1109657168284263,1.6723813009006017,0.4564610223071363,1.2537172988596492,0.03886483982440032,1.1284560383804765,0.4429196801888737,95,0.6529605263157895,0.7389168765743073
171,3,1.0,0.039092837930172875,0.804,-0.008199999999999985,12,0.125,3.314398947322231,0.07285431007801124,3.019640602026109,0.4171952596811745,1.8762443023689552,0.11105599658931385,1.7016996380722025,0.42229882381417394,1.5090084026835515,0.04677878331687266,1.2825790512519246,0.5367728535888886,95,0.6693667763157894,0.7877633761287548
171,3,1.0,0.039092837930172875,0.804,-0.008199999999999985,18,0.125,2.9803617893148973,0.06551178822900285,2.839721751889063,0.313697165804563,1.891978362472153,0.11198730480059026,1.7765825463590352,0.3464555391505154,1.7593990844143683,0.054540815274030804,1.9028207029640816,-0.041686307428455645,95,0.7498355263157894,0.9408861592454486
171,3,1.0,0.039092837930172875,0.804,-0.008199999999999985,11,0.125,2.89092290214485,0.06354581837368917,2.704698936691057,0.35642335992542423,1.6844142643267281,0.09970146454695288,1.53473552089535,0.4127739383572302,1.5464267364256776,0.04793873983075855,1.48957555535897,0.2969970289607684,95,0.8145970394736842,0.9514411185704912
171,3,1.0,0.039092837930172875,0.804,-0.008199999999999985,15,0.125,3.5750303619559336,0.07858328905718193,3.3384627095677804,0.35912230981644216,2.036505837523704,0.12054197049957285,1.9178533986170316,0.33718599601294275,1.9350196734392693,0.05998499800049385,1.7729365473242027,0.40633052095113,95,0.6141036184210527,0.6717107465684633
171,3,1.0,0.039092837930172875,0.804,-0.008199999999999985,1,0.125,2.976952558102697,0.0654368493964094,2.8608289086121563,0.29387928946526154,1.8022032392671778,0.10667346280044737,1.7580297514252852,0.2632847102502463,2.1682074579409223,0.06721374558330764,2.0339726850770194,0.3496342525082942,95,0.7056743421052631,0.889698170376413
171,3,1.0,0.039092837930172875,0.804,-0.008199999999999985,0,0.125,2.75018442636163,0.06045222441666075,2.5747924223086955,0.35787763381153936,1.9349818055454742,0.11453270372398718,1.7661308691535362,0.4096292185168779,2.458475712017875,0.07621196967343564,2.3494348484528325,0.2959911443509656,95,0.8444078947368421,0.9630892091936112
171,3,1.0,0.039092837930172875,0.804,-0.008199999999999985,19,0.125,3.674959102630513,0.08077983798642076,3.2990478616245533,0.46396490887261166,2.134016791434211,0.12631370083939747,1.9315211601602262,0.4346408663935013,1.995476820083405,0.06185915042919673,1.6780723898539034,0.6101278481143281,95,0.6561266447368421,0.8475277307764617
172,3,1.0,0.038582456494467225,0.8106,0.006599999999999939,0,0.125,2.4692230606145933,0.05433524402571607,2.4111097144321527,0.2812601874153995,1.7342541904646265,0.10337055152864229,1.517281343957858,0.4941809467989,2.46362711422514,0.07717565487406931,1.9928189736992552,0.7631763605442087,95,0.8420230263157895,0.9615196796562164
172,3,1.0,0.038582456494467225,0.8106,0.006599999999999939,14,0.125,3.37358894902618,0.07423581194895032,3.0610716302757752,0.43037864134643455,2.0637259496863014,0.12300877852622684,1.8466840288302133,0.46581901343636867,2.023575707323632,0.0633905916598414,1.6610291322911572,0.6527400378282423,95,0.6857319078947368,0.7538526113809438
172,3,1.0,0.038582456494467225,0.8106,0.006599999999999939,13,0.125,3.0717480854377834,0.06759380489757998,2.8604201758943075,0.3645623130306206,1.6431626223433682,0.09794102125097252,1.6041297934520113,0.26512246470205814,1.4431693949345217,0.04520876658045572,1.609254976653889,-0.021651628500358268,95,0.6762746710526316,0.7974706633428589
172,3,1.0,0.038582456494467225,0.8106,0.006599999999999939,15,0.125,3.3890400200665622,0.07457581270822919,3.2122106436994984,0.3192599977401757,1.9258066655665471,0.11478807331226108,1.985174195491424,0.09050233253182773,1.8695495534243596,0.05856556386798369,2.17114673497431,-0.29602844515573007,95,0.6474917763157895,0.6469168730551851
172,3,1.0,0.038582456494467225,0.8106,0.006599999999999939,11,0.125,2.6258429152160465,0.05778166332852462,2.482783421351233,0.3391673840727581,1.582383516273464,0.09431827105068001,1.451423466759715,0.3998003037072909,1.5177182075228952,0.04754408485909122,1.2333734671617582,0.6026747205784502,95,0.8189967105263158,0.955718445627071
172,3,1.0,0.038582456494467225,0.8106,0.006599999999999939,4,0.125,3.3272707221447937,0.07321657954318614,3.1021574328323402,0.3620948543147387,1.8181490331453414,0.10837111961491042,1.64669150521678,0.4267563497516606,1.745871103958443,0.05469120915081551,1.6696760658861824,0.3045339002782635,95,0.6512746710526316,0.780289159669171
172,3,1.0,0.038582456494467225,0.8106,0.006599999999999939,5,0.125,3.232206242024869,0.07112468602093454,2.973527515483369,0.3941717128546829,1.863038561624962,0.11104676851477319,1.70878296410549,0.39962937603707666,1.285728880807981,0.04027678044048034,1.3397770461650431,0.18402590172807912,95,0.7171052631578947,0.8205275229357798
172,3,1.0,0.038582456494467225,0.8106,0.006599999999999939,16,0.125,3.351351659541981,0.073746480478713,3.0543293220412737,0.4190625814184444,1.9905027475285766,0.11864429560708253,1.7834804358843708,0.45829114243491076,1.9504388976007805,0.06109950582417649,1.64260243968491,0.5907793885051479,95,0.6327713815789474,0.7783481707713301
173,3,1.0,0.03807332712107097,0.8034,-0.007199999999999984,0,0.125,2.4652580792394896,0.054315141387912,2.437148026605757,0.26092810838755665,1.5445311993665611,0.09234782990976052,1.4878479200055597,0.31407476306229604,1.8496027156707435,0.05830897136970408,1.8379460004712251,0.16835919112177822,95,0.8485197368421052,0.961038961038961
173,3,1.0,0.03807332712107097,0.8034,-0.007199999999999984,15,0.125,3.320361369128323,0.0731549766500719,3.121962561610177,0.3406772396089552,2.075226061008117,0.12407818203016932,1.9623199684418335,0.32659893458388317,2.087857360832105,0.0658199807155002,2.1525805551038117,0.009337260139210761,95,0.6210526315789474,0.6773040254237288
173,3,1.0,0.03807332712107097,0.8034,-0.007199999999999984,7,0.125,3.440254427032242,0.07579648848460134,3.12850289736991,0.42452943693638334,1.9455762545320812,0.11632639412119564,1.7400019063495964,0.4536054986444677,1.2666909319083262,0.03993259993464155,1.2171989936937129,0.3038736351665033,95,0.7074424342105263,0.7722755013077593
173,3,1.0,0.03807332712107097,0.8034,-0.007199999999999984,18,0.125,2.934416357806342,0.06465174608186319,2.8133914123806187,0.30054670083069185,1.7402836817878005,0.10405191005942913,1.5994959939801894,0.39504665958282914,1.410853815492965,0.04447735399468429,1.4480160459993439,0.12345402362204938,95,0.7506167763157895,0.9305943577102164
173,3,1.0,0.03807332712107097,0.8034,-0.007199999999999984,17,0.125,3.3773785182932516,0.07441119178815761,3.0244560176005653,0.4592309719016407,2.0107470143360175,0.12022296690906294,1.7325477780590157,0.5346361890837233,1.393164166097808,0.043919685447064184,1.4461332511309435,0.09587850345280942,95,0.6475740131578948,0.704044701250873
173,3,1.0,0.03807332712107097,0.8034,-0.007199999999999984,4,0.125,3.1198075787937816,0.06873632873258378,2.915034688258495,0.35676547921648427,1.7232309965184,0.10303232659008314,1.6160502216519697,0.35474449813196446,2.4676008875665962,0.07779144585262945,2.165261368659394,0.6321476403592303,95,0.6587582236842106,0.792085387928344
173,3,1.0,0.03807332712107097,0.8034,-0.007199999999999984,2,0.125,3.7265624703395885,0.08210449411845056,3.322348907925446,0.4839318797877167,2.140083659244347,0.1279560308251508,1.8513613114573098,0.5375270487134491,1.4352695122663774,0.045247062079599165,1.258413512743572,0.4946394972679652,95,0.6260690789473684,0.6081702351241298
173,3,1.0,0.03807332712107097,0.8034,-0.007199999999999984,14,0.125,2.9596444101964603,0.06520757642029722,2.887660590294279,0.25826972689194755,1.7705327554518127,0.10586050823523654,1.7880723530915827,0.184200837019098,1.9376736477265812,0.06108541920481915,1.7033091006825118,0.5452633336989008,95,0.6944490131578948,0.7904553259518029
174,3,1.0,0.037565505641757264,0.7925,-0.01090000000000002,14,0.125,3.0094774313189268,0.0663888864410517,2.8872016979649384,0.3097157043979093,1.7770995781116363,0.10609086517461264,1.7445841208045563,0.2810302057002083,1.8081858162237896,0.057475291509871164,2.1527642443059016,-0.2641238192955549,95,0.69140625,0.7589057389235802
174,3,1.0,0.037565505641757264,0.7925,-0.01090000000000002,6,0.125,3.6131985327277834,0.07970693668671636,3.175524209184934,0.49449947563145724,2.072502024968769,0.12372606218201522,1.7711999719148521,0.5314650968692098,1.7513795562451044,0.05566963839470682,1.343242908897932,0.6835877350848545,95,0.6032483552631579,0.8153500102242519
174,3,1.0,0.037565505641757264,0.7925,-0.01090000000000002,8,0.125,3.6069371238426555,0.07956881039305827,3.2422145235254454,0.4455300202532918,2.243433146109421,0.13393045970167922,1.966642330492086,0.4928219747958951,1.5605932765892654,0.04960527435594699,1.3914473701745815,0.45527411964507963,95,0.6645970394736842,0.509311390212213
174,3,1.0,0.037565505641757264,0.7925,-0.01090000000000002,1,0.125,3.25439544310036,0.07179176266876934,2.980266545243212,0.401720599603586,2.20948905229982,0.1319040351140062,1.9218513907898565,0.5064032639302515,2.723206254296477,0.08656028152795944,2.30576512555174,0.6353518545927401,95,0.6943667763157895,0.8932314798365607
174,3,1.0,0.037565505641757264,0.7925,-0.01090000000000002,9,0.125,3.057852659721557,0.06745604099471608,2.981859824727312,0.27226843580046833,1.9065704408077684,0.11382013145069368,1.808523169937691,0.3375138401808495,1.439086942438587,0.045743054050408585,1.1815775029351414,0.5714459503927,95,0.6674342105263158,0.7174716609167078
174,3,1.0,0.037565505641757264,0.7925,-0.01090000000000002,16,0.125,3.788242575093822,0.08356839746056526,3.3471102348426824,0.48933411384406056,2.2387541489650973,0.13365112878443353,1.932719383567573,0.522533513737009,1.4104982361401361,0.04483432873376768,1.283300570638355,0.4329263846140913,95,0.6157072368421053,0.7137705355950313
174,3,1.0,0.037565505641757264,0.7925,-0.01090000000000002,2,0.125,3.121312185766199,0.06885595422361653,3.0001508705697852,0.3011331480766102,1.8321574536196141,0.1093777590095233,1.731836177805825,0.34910905715245716,1.5182816245617996,0.04826034923114895,1.1461534444557935,0.6745638484011649,95,0.612952302631579,0.6740457503186422
174,3,1.0,0.037565505641757264,0.7925,-0.01090000000000002,12,0.125,3.2566063324879115,0.07184053475224017,2.9980597030969687,0.39072089691064377,1.7881729487161437,0.10675193306428017,1.677086995531269,0.3665349839466367,1.3591706043437057,0.04320282019435657,1.195488414378734,0.4846810535001766,95,0.6683388157894737,0.7745170419589025
175,3,1.0,0.03705904774487397,0.813,0.020499999999999963,3,0.125,3.0130255807864326,0.06654592432552264,2.8513559653471137,0.3311097217002782,1.7002686384995707,0.10191974993638758,1.546718714575742,0.41692049598890607,1.252789138544462,0.0402673828597075,1.2224342720038606,0.25306323039784434,95,0.7002878289473684,0.7701837825142387
175,3,1.0,0.03705904774487397,0.813,0.020499999999999963,18,0.125,3.1003023736808406,0.0684735265644023,2.929042443296093,0.3330049023671719,1.81790703866553,0.10897138639920663,1.7684440338286462,0.2754506251603137,1.8910983304873383,0.06078403632039849,1.8069015610756014,0.29876618169368885,95,0.7491776315789473,0.9340834248079034
175,3,1.0,0.03705904774487397,0.813,0.020499999999999963,10,0.125,3.4868714669452827,0.07701132252305694,3.1997004512800924,0.4008515419844399,2.05400339165242,0.12312378603327363,1.832668854650133,0.45922663701619276,1.5932895793177195,0.051211811726999526,1.416459666527751,0.5001120957099561,95,0.7216282894736842,0.8692877492877493
175,3,1.0,0.03705904774487397,0.813,0.020499999999999963,19,0.125,3.1779568475491042,0.07018860949450705,2.958449751726777,0.36558394125314203,1.9275257261512997,0.1155422946450729,1.7322741757841618,0.4403852089294418,1.8407436842703544,0.05916552786147282,1.865372651129498,0.07733492046784199,95,0.6740953947368421,0.8584238135903379
175,3,1.0,0.03705904774487397,0.813,0.020499999999999963,7,0.125,3.581106729046683,0.07909261007022698,3.2186073741784655,0.45290332256187066,1.883566641804372,0.11290724111140005,1.6863045724622592,0.4470913980137473,1.4478812572260193,0.04653807023570837,1.436149729089367,0.1890223001618275,95,0.7256990131578948,0.791942886282509
175,3,1.0,0.03705904774487397,0.813,0.020499999999999963,12,0.125,2.9292562732814638,0.06469578868990947,2.7815149490245537,0.3259139176429101,1.6227777998590256,0.09727469166866884,1.5551822229478125,0.3235164904162837,1.1526889728636804,0.03704994460791096,1.0630955720296718,0.3873983567120152,95,0.6666940789473684,0.7936968052300482
175,3,1.0,0.03705904774487397,0.813,0.020499999999999963,15,0.125,3.4388688746812983,0.0759511334252285,3.17449480413005,0.38588762451895847,1.9372443281800422,0.1161248599327411,1.759011203599055,0.4195150006474617,1.8724464553444504,0.06018452426021034,1.744916669940522,0.38581021404722765,95,0.6404605263157894,0.6597329224447869
175,3,1.0,0.03705904774487397,0.813,0.020499999999999963,9,0.125,3.168205817808474,0.06997324747058208,2.9214206165256913,0.3869538414346976,1.868052979922363,0.11197730068680495,1.5986081578565892,0.5305467143705392,1.1689534133490826,0.03757271929670299,1.0355692646795294,0.46779011833023043,95,0.6263157894736842,0.7147452731092437
176,3,1.0,0.036554008969236725,0.8147,0.0017000000000000348,8,0.125,3.20864128521831,0.07093236960360964,2.9470792733885074,0.3975073342712096,1.8542046432667816,0.11218679205455433,1.6252617793432214,0.4952349574448214,1.6960846693628266,0.05437917352168679,1.3526849343660976,0.6783566871510355,95,0.6225328947368421,0.6551519154557464
176,3,1.0,0.036554008969236725,0.8147,0.0017000000000000348,18,0.125,2.8193723089089326,0.06232692934140319,2.641689960575762,0.35340893144484814,1.68205454176664,0.10177102284089258,1.5132035432613762,0.43711915959205494,1.8414150992520215,0.05903869837187884,1.8826538521147094,0.10276386036162789,95,0.7669407894736842,0.9398992065194081
176,3,1.0,0.036554008969236725,0.8147,0.0017000000000000348,17,0.125,3.05922321057782,0.06762923374212057,2.8830512591279946,0.3366124978517125,1.6948484778414634,0.10254510710996048,1.5785426946027743,0.3671155459846772,1.1109006624997775,0.035617243043725266,1.0438458532355017,0.38518688735868467,95,0.6308799342105263,0.7265854135436355
176,3,1.0,0.036554008969236725,0.8147,0.0017000000000000348,1,0.125,2.8988722853234283,0.06408440897506924,2.7704155068717347,0.3072911423163424,1.7282082425739695,0.10456350621311496,1.753038074806602,0.16759920380414886,1.9817183153339393,0.06353704274747865,1.9440892980205158,0.2172343713247321,95,0.705797697368421,0.8892513836294786
176,3,1.0,0.036554008969236725,0.8147,0.0017000000000000348,2,0.125,3.2457248687071507,0.07175216409493365,3.0131667429950335,0.37219581071975033,1.6788893370518376,0.10157951530452701,1.524633147789654,0.41870994689116897,1.4132867179823283,0.045312221176981686,1.2241066245694339,0.5036030164264218,95,0.6104029605263158,0.6459413944088919
176,3,1.0,0.036554008969236725,0.8147,0.0017000000000000348,6,0.125,3.369447416314913,0.07448725745536733,3.020096683652449,0.4590705080210735,1.9059570241265673,0.11531801794751502,1.6613766947966555,0.5101371211839374,1.3866175318664409,0.04445716463076408,1.3517844043995866,0.2802418733158803,95,0.6019325657894737,0.8085934831614181
176,3,1.0,0.036554008969236725,0.8147,0.0017000000000000348,12,0.125,2.8432666734740666,0.06285515414066184,2.6943081079070947,0.3281223736594718,1.5249019882833905,0.09226266522648935,1.4466040658530877,0.33891335503342557,1.2512861674398212,0.04011822573106491,1.070761099925481,0.5177647834555271,95,0.6981496710526316,0.8008716649979386
176,3,1.0,0.036554008969236725,0.8147,0.0017000000000000348,16,0.125,3.248810389245543,0.07182037467498728,2.985230703585125,0.39703177088924296,1.8023635433561247,0.10905019830441158,1.591145670141786,0.477948973519018,1.5650416899408892,0.050177727069451936,1.2366566944952087,0.6702226079972116,95,0.65390625,0.7779664214299189
177,3,1.0,0.03605044469803853,0.7921,-0.022599999999999953,12,0.125,2.768926083489969,0.06128403795098056,2.6578187282201378,0.30266331189306955,1.4242595524756065,0.08650194524224972,1.4095908931668908,0.2517102509635361,1.148376360413678,0.0371855736290711,1.0252180515695903,0.47881029000249087,95,0.698889802631579,0.8262046243454727
177,3,1.0,0.03605044469803853,0.7921,-0.022599999999999953,4,0.125,3.2890064877938725,0.07279486426915706,2.9292734076891302,0.4701850862934564,1.8059893371109288,0.10968618077745491,1.5712856037104415,0.5167656978781605,1.7300540272897376,0.05602087750298074,1.4266542666333863,0.588795708024574,95,0.6486430921052632,0.7556893819334389
177,3,1.0,0.03605044469803853,0.7921,-0.022599999999999953,0,0.125,2.635869025165289,0.05833911505808129,2.434537205553094,0.386673543582926,1.7804717371294259,0.10813637756042407,1.60194002307058,0.4430290049354094,2.3820332187448527,0.07713261496485514,2.0587333926734943,0.5639524506850809,95,0.8426398026315789,0.961011076953106
177,3,1.0,0.03605044469803853,0.7921,-0.022599999999999953,13,0.125,3.2402656723166445,0.07171609441564646,2.980827864132261,0.39391079312251376,1.867763614215915,0.11343802160325595,1.6888750785015383,0.43558775019285695,1.3546449693211442,0.04386475722105276,1.4139532097012535,0.18930364440789801,95,0.6570723684210527,0.6984981226533167
177,3,1.0,0.03605044469803853,0.7921,-0.022599999999999953,7,0.125,3.2570064401206853,0.07208661418341804,2.98175206123001,0.4056308517808336,1.7598518649142427,0.10688403626198613,1.6545163031770656,0.3420265567899631,1.4155573362347178,0.045837160505259815,1.1904397426764217,0.5415139624162751,95,0.7249588815789474,0.8196358686404628
177,3,1.0,0.03605044469803853,0.7921,-0.022599999999999953,16,0.125,3.1251610053701926,0.06916850789120217,2.931097533357137,0.34756198591049936,1.7954715740780862,0.10904738782686069,1.7095942717687638,0.3102444134141829,1.5230692069663037,0.049318502269947835,1.1363752504647204,0.7003247830312226,95,0.6462993421052632,0.7348899351062476
177,3,1.0,0.03605044469803853,0.7921,-0.022599999999999953,9,0.125,3.204518420143247,0.07092490826882214,2.9105715137732524,0.423134033884797,1.8595914439350762,0.11294168747306546,1.6560080362393585,0.47020753943612165,1.1516750416579697,0.037292388222715515,1.0453257456921468,0.45735496656802777,95,0.6483552631578947,0.7410578386605784
177,3,1.0,0.03605044469803853,0.7921,-0.022599999999999953,6,0.125,2.955404747422734,0.06541132960590967,2.87373942444625,0.2649487887543597,1.6476915654793651,0.10007201659660545,1.6584196555356463,0.18179861741268244,1.4018807843080858,0.04539430009277589,1.4062520908599163,0.25654957796114913,95,0.6230263157894737,0.8204857444561774
178,3,1.0,0.03554841015277641,0.776,-0.016100000000000003,18,0.125,3.076108117372949,0.06815756869561349,2.7078043915829184,0.48467667952357707,1.692207529014192,0.10291244827147461,1.4555665660719965,0.5205633735714851,1.777184433468183,0.05825790098320661,1.438027245472626,0.6660297827109499,95,0.7519325657894737,0.9226773117515175
178,3,1.0,0.03554841015277641,0.776,-0.016100000000000003,13,0.125,3.050147781723128,0.0675823635035655,2.8810832833392594,0.33304535360583826,1.769725574900148,0.10762674705017797,1.6961300658834275,0.3013437373856261,1.3218117153444402,0.04333032328034822,1.36435738118642,0.1679127497325692,95,0.6767680921052631,0.7025943252931527
178,3,1.0,0.03554841015277641,0.776,-0.016100000000000003,5,0.125,3.5450872558505275,0.07854877623057277,3.084798206645432,0.5300789661343367,1.9737656289121306,0.12003554511057292,1.726199643703854,0.5078206976280785,1.5556881568743166,0.050997029288099315,1.23799772743788,0.6567265518774443,95,0.7211348684210527,0.8124643630972745
178,3,1.0,0.03554841015277641,0.776,-0.016100000000000003,19,0.125,2.8973683104035484,0.06419721678101249,2.8179534853474664,0.2707830796477752,1.7162507008560248,0.10437464580696025,1.7334214517100117,0.18076997897239847,1.87007573262232,0.061302971605259195,2.0803201354081216,-0.1870619760037467,95,0.6918174342105263,0.872332838038633
178,3,1.0,0.03554841015277641,0.776,-0.016100000000000003,17,0.125,3.213440989561763,0.07120046391035283,2.9189853583528125,0.4214114100253148,1.901641114279217,0.11564925663590281,1.748056393514615,0.3944343159781331,1.5670880813591783,0.05137073032854735,1.3860366275018796,0.47220430407414365,95,0.6473684210526316,0.6909298780487805
178,3,1.0,0.03554841015277641,0.776,-0.016100000000000003,12,0.125,2.8596272438113135,0.06336098500997098,2.7055168437722985,0.3338516913917944,1.5918025270083176,0.09680626779540358,1.446050008243213,0.41870829382267827,1.2431982735248666,0.04075329524475138,1.2606243463303881,0.22389749734911926,95,0.7010690789473685,0.800117302052786
178,3,1.0,0.03554841015277641,0.776,-0.016100000000000003,14,0.125,3.2546590217224645,0.07211373508005743,2.927548720376848,0.4441085254786245,2.0473015858787442,0.12450767115756473,1.8221317872852156,0.4740840544012474,1.8208555890540898,0.05968948557849871,1.6637448043636178,0.412006405437148,95,0.6772203947368421,0.7599271402550091
178,3,1.0,0.03554841015277641,0.776,-0.016100000000000003,0,0.125,2.303952511881317,0.051048856414738136,2.3168762158552982,0.24659571109010495,1.6019816648096936,0.09742531715812719,1.5252432032260201,0.32621150783156083,2.0287285207233077,0.06650377026511448,1.7460841062994037,0.5741885100170069,95,0.8480674342105263,0.9643636363636363
179,3,1.0,0.035047960387195674,0.8003,0.02429999999999999,7,0.125,3.097752616359894,0.06871238053450525,2.8737889570621427,0.3750342061912274,1.6290762727581989,0.09994889658366209,1.573530143868231,0.3306571538989941,1.1894416928783065,0.038899809150168094,1.7102293917703895,-0.3980587985870772,95,0.7189967105263158,0.8087041061420565
179,3,1.0,0.035047960387195674,0.8003,0.02429999999999999,6,0.125,3.04390360975069,0.06751793608016253,2.861043771140724,0.34841486993482235,1.7161335430883662,0.10529013091049542,1.5238343491566821,0.4623225471983047,1.6342742837123265,0.053447729397813705,1.1311941159484566,0.7627004917516949,95,0.600328947368421,0.8251369863013699
179,3,1.0,0.035047960387195674,0.8003,0.02429999999999999,19,0.125,3.3443066885504065,0.07418128632808464,2.9322783154578715,0.49408771645320493,2.117406745966518,0.12990949006938743,1.6921886301234381,0.6441239979004755,2.4013222243566936,0.07853346388883437,1.8310193782878457,0.7714827223469306,95,0.6677220394736842,0.8522076482542028
179,3,1.0,0.035047960387195674,0.8003,0.02429999999999999,4,0.125,3.4514184958969896,0.07655717239053772,2.9868298327255354,0.524858388293368,2.0258237371908425,0.12429058761158997,1.751217486586226,0.5086383414531139,1.7737853747051389,0.05801033624642648,1.3359973691816194,0.692744756663896,95,0.6472861842105263,0.7433617075339856
179,3,1.0,0.035047960387195674,0.8003,0.02429999999999999,9,0.125,2.9278455393770098,0.06494360969480141,2.687829934294624,0.3981991450776431,1.77412841952885,0.1088482969734742,1.544602432225959,0.4919456853427483,1.3277359250669798,0.043422619533323895,0.854448446602709,0.7787479067716186,95,0.6434621710526316,0.75985685986325
179,3,1.0,0.035047960387195674,0.8003,0.02429999999999999,17,0.125,2.9667880369262045,0.06580740743527709,2.7903096998715813,0.3490254355812098,1.7822336825045262,0.10934558006849322,1.5769589587561461,0.4665328336917986,1.1008962386556782,0.036003995684911,0.8644259961886012,0.6333252517898276,95,0.6335526315789474,0.7698598130841121
179,3,1.0,0.035047960387195674,0.8003,0.02429999999999999,13,0.125,2.983327073001569,0.06617426582625467,2.794021104120139,0.35732118806398894,1.7097260513250958,0.10489701136028341,1.4982686903839253,0.4825681730916094,1.4636296631725862,0.04786692353633808,1.1965211547864996,0.5759249177653278,95,0.6814967105263158,0.6793170025340896
179,3,1.0,0.035047960387195674,0.8003,0.02429999999999999,3,0.125,3.128785710707635,0.06940073691800848,2.87839384755345,0.39225275948694377,1.687708269049516,0.103546151931254,1.526043967531603,0.4350169805795632,1.249267925505204,0.04085638175502462,1.3167057049225706,0.25546731488688845,95,0.7011924342105263,0.7761684161144666
180,3,1.0,0.03454915028125263,0.7753,-0.025000000000000022,1,0.125,2.968988537456799,0.06592485577842006,2.7732643112628366,0.3623740524429523,1.7013891976823141,0.10480052736366721,1.624247289238824,0.32719997243083915,2.1126984246875584,0.06960574254427279,1.9897358937068772,0.35131823828957487,95,0.6977796052631579,0.8875073659398939
180,3,1.0,0.03454915028125263,0.7753,-0.025000000000000022,10,0.125,3.4953946066568693,0.07761343044116564,3.108473168009395,0.4703855652994098,2.2050524284703874,0.1358246882506546,1.9130765379469716,0.5247412170351466,1.2749817549969842,0.0420060197659728,1.192364846380274,0.3583260916875293,95,0.7328125,0.878128156211424
180,3,1.0,0.03454915028125263,0.7753,-0.025000000000000022,15,0.125,3.44825091019464,0.07656662903020557,3.099322909659728,0.44566394429806977,1.9497323877467123,0.12009773115535607,1.7130944760046067,0.4841878532420386,1.6018558141350578,0.05277533323679197,1.370775306692341,0.5714967580179238,95,0.6231907894736842,0.6532726313011349
180,3,1.0,0.03454915028125263,0.7753,-0.025000000000000022,2,0.125,3.181489979653899,0.07064334045857652,2.916491600216474,0.3995797085005299,1.7919697414397442,0.11038002014967874,1.522612605099033,0.5360400930810532,1.2634173072369355,0.041625013199182895,1.0945678751526535,0.5076029293289593,95,0.6016036184210526,0.6735014694826055
180,3,1.0,0.03454915028125263,0.7753,-0.025000000000000022,11,0.125,2.9620088020028312,0.06576987436055022,2.7975240133217105,0.3395624993532516,1.8214147518351322,0.11219374544067563,1.7419153366352553,0.3149562240904926,1.6596918846093454,0.054680821774182736,1.7416283808902642,-0.0007401049275954864,95,0.7973684210526316,0.9487933168316832
180,3,1.0,0.03454915028125263,0.7753,-0.025000000000000022,19,0.125,2.6475372592118815,0.05878719630593268,2.6250756503076556,0.2555799888099452,1.461736886980887,0.0900386559590266,1.5220726760262713,0.19126077634484642,1.691796284894959,0.05573854520252731,1.5065337093149485,0.488150690236219,95,0.6903782894736842,0.88868374032162
180,3,1.0,0.03454915028125263,0.7753,-0.025000000000000022,12,0.125,3.099243711266051,0.06881710458283058,2.790585423475596,0.43606121547481846,1.8578149411987381,0.11443588912340256,1.603935429554887,0.5122790921463964,1.4415696623243945,0.04749448648366618,1.3400473540328803,0.36864732267011957,95,0.7074424342105263,0.7829700668410345
180,3,1.0,0.03454915028125263,0.7753,-0.025000000000000022,18,0.125,3.3539446506543773,0.07447260728483379,3.0043813864745283,0.4508559017702659,1.9578106425283248,0.12059532768555876,1.752113328772574,0.44858714092586405,1.6054729629008822,0.05289450515588664,1.6576935263890424,0.06326657909247274,95,0.7559621710526315,0.9265705738373674
181,3,1.0,0.034052034535096504,0.8005,0.0252,14,0.125,3.342925721104538,0.07430027477352877,2.9258019494126577,0.5089990912612458,2.201641809351261,0.13573896339238534,1.7381508231364842,0.6717468030586917,2.6145586717719245,0.08695536654592177,1.7115231663425816,0.831965450089086,95,0.6640213815789474,0.7958387516254877
181,3,1.0,0.034052034535096504,0.8005,0.0252,11,0.125,2.743202801287002,0.06097076001670583,2.4725146613447637,0.4331862870845128,1.7553881158956033,0.1082258531750866,1.4314663270508232,0.5849860623897577,1.7850058589773656,0.05936598035828461,0.9123655912690115,0.8753003404775896,95,0.8079769736842105,0.9525699745547074
181,3,1.0,0.034052034535096504,0.8005,0.0252,8,0.125,3.0542854551109406,0.06788492101958932,2.830473375542429,0.3758306707612468,1.7724382668563605,0.10927705496788813,1.5902927014855501,0.4444727031413437,1.436219315388466,0.04776598756733929,1.3209930756117536,0.5283662672230669,95,0.6476973684210526,0.6004316912138141
181,3,1.0,0.034052034535096504,0.8005,0.0252,18,0.125,2.688401672902144,0.05975274345379249,2.480029155945127,0.3888752891416946,1.637520503421969,0.10095890018266461,1.319668415062925,0.5949764806062168,2.09363732384626,0.06963048979348177,1.171567791676785,0.8700974547308786,95,0.7561677631578947,0.9435562805872757
181,3,1.0,0.034052034535096504,0.8005,0.0252,17,0.125,3.0969105231659917,0.06883231098064542,2.8836640835037928,0.3649073019910512,1.7109333469861185,0.10548506027044986,1.6924556021594706,0.27749739980544924,1.1688668951565424,0.03887434250723785,1.360442503881213,0.3783461337958783,95,0.6305098684210526,0.7586409286552759
181,3,1.0,0.034052034535096504,0.8005,0.0252,10,0.125,2.789590757469954,0.06200178438820665,2.7902819849179865,0.2094759736037124,1.6336840507866277,0.10072236938023646,1.8568949667214378,-0.0029205910998892667,1.2082880175848956,0.04018541583958192,1.9992986523659684,-0.3044484589751463,95,0.7398026315789473,0.901622943530458
181,3,1.0,0.034052034535096504,0.8005,0.0252,7,0.125,3.2607302883420384,0.07247338906056564,2.963888189877369,0.42146417500601085,1.8648149063392916,0.1149723997927486,1.6035177181802611,0.5121703412553809,1.758309794594855,0.05847811882785603,1.0175177320979012,0.821810463031247,95,0.7306743421052632,0.7646032639279685
181,3,1.0,0.034052034535096504,0.8005,0.0252,0,0.125,2.631572058359473,0.058489641510145636,2.3401926537922235,0.45753386471737684,1.9602768555592958,0.12085796481767792,1.5091212934454579,0.6786811025760485,2.5893262453971584,0.08611618289785554,1.5770360402262167,0.8874682371489998,95,0.8401315789473685,0.9621182458888019
182,3,1.0,0.03355666766307084,0.7979,-0.0025999999999999357,8,0.125,2.87127705940282,0.06388905140869298,2.7216706614238957,0.3305466312480833,1.675856617062302,0.1036435981399476,1.7241884697535177,0.21873658292533452,1.6322840644303884,0.05397915742217392,1.4009283962105537,0.5671528812078244,95,0.6647615131578948,0.6573266530586999
182,3,1.0,0.03355666766307084,0.7979,-0.0025999999999999357,15,0.125,3.5544241167519783,0.07908981976497112,3.110303891203925,0.515465786465716,2.2801767719542085,0.14101786670433228,1.7395737107491418,0.7220902147612102,2.526270736169826,0.08354303563352455,1.447216350991773,0.9041949702119569,95,0.637952302631579,0.6386077989042862
182,3,1.0,0.03355666766307084,0.7979,-0.0025999999999999357,4,0.125,2.9447397346075057,0.06552367618912028,2.7464291555509814,0.363526381718816,1.6054853190841458,0.09929147490101577,1.4775806567539207,0.4188681029359526,2.122005125488978,0.07017408992435484,1.5234716295132344,0.7005250846443144,95,0.655921052631579,0.8252256770310933
182,3,1.0,0.03355666766307084,0.7979,-0.0025999999999999357,1,0.125,3.2260499669387293,0.07178313618666539,2.789485864527336,0.52490169237843,2.33616015433689,0.14448016719418974,1.7534083744357165,0.7540353411888198,2.85831758784347,0.09452372806850437,1.8531455485398607,0.8585639316371401,95,0.7026726973684211,0.8915091579378548
182,3,1.0,0.03355666766307084,0.7979,-0.0025999999999999357,3,0.125,2.883489606105341,0.0641607939148901,2.685783959143155,0.36727550118302155,1.5728484226871358,0.09727304125921868,1.4513739469579099,0.41816929244259415,1.1964514650825424,0.039566300614604484,1.3267665780096718,0.4474312496210599,95,0.7115542763157895,0.8057208899162092
182,3,1.0,0.03355666766307084,0.7979,-0.0025999999999999357,17,0.125,2.9012492966692496,0.06455596643219362,2.7004645016858486,0.3684194852046919,1.6522211611786446,0.10218185990618725,1.42905566149997,0.5042239196857522,1.5495834300817264,0.051244271590902946,1.1982925599663048,0.6618555970812419,95,0.6441200657894737,0.7701883179061603
182,3,1.0,0.03355666766307084,0.7979,-0.0025999999999999357,11,0.125,2.2932053432370068,0.051026324187339295,2.3531186990812842,0.21161865233521554,1.2451327911199521,0.07700541998630307,1.416829208024043,0.16567263685060837,0.7931859434764228,0.026230427559133546,1.5423858992766302,-0.003793230698651527,95,0.8236842105263158,0.95502196485623
182,3,1.0,0.03355666766307084,0.7979,-0.0025999999999999357,6,0.125,3.160734619100926,0.07032979834101215,2.815681244036903,0.4615330527212791,1.9201648570880847,0.11875287705659895,1.5495561331130858,0.6044751010740718,2.0904582314879705,0.06913084335069226,1.1085513097367352,0.8849268747332047,95,0.608141447368421,0.8154834347532116
183,3,1.0,0.03306310398773543,0.7787,-0.019200000000000106,18,0.125,2.7375031075146237,0.06097729716399193,2.4787831231146,0.4244906253932338,1.661765121405897,0.10302452104299457,1.3550725547931173,0.587480222278018,1.7672745399945493,0.05967181630794286,1.090058299849356,0.8283384151003274,95,0.760485197368421,0.9463638821303055
183,3,1.0,0.03306310398773543,0.7787,-0.019200000000000106,9,0.125,2.9919336457657253,0.06664468307341559,2.8474741959101606,0.31382017154264064,1.6620227744193061,0.10304049476753592,1.7158595887033727,0.17591805377841283,1.0272262957290739,0.034684174664578675,1.3154067478528992,0.1645311433685078,95,0.6511924342105263,0.7057523520868851
183,3,1.0,0.03306310398773543,0.7787,-0.019200000000000106,10,0.125,2.8748300185966635,0.06403622478408337,2.7761142434199777,0.2827797757650466,1.6609138091727826,0.10297174220322662,1.6986310694928555,0.19654350711664015,1.4536323760782135,0.049081725652475705,1.6596790519708169,0.12773962827801372,95,0.7413240131578948,0.9026013644683565
183,3,1.0,0.03306310398773543,0.7787,-0.019200000000000106,3,0.125,2.7560453204363538,0.06139032099739056,2.548476559724758,0.38187651986441246,1.5367416065780863,0.09527343301717918,1.366802978037371,0.4616992054927086,1.4784039686498778,0.049918135552658,1.013184187432337,0.7298264179754169,95,0.7008634868421053,0.7710178938105016
183,3,1.0,0.03306310398773543,0.7787,-0.019200000000000106,14,0.125,3.03197422928955,0.06753657852129641,2.6963290381868843,0.4666120075341476,2.0308705974936823,0.12590796852811137,1.6729491668164531,0.6025053122549757,2.3603571816901363,0.07969718172219124,1.5190588688486926,0.8994732778550375,95,0.6817023026315789,0.7736896073345799
183,3,1.0,0.03306310398773543,0.7787,-0.019200000000000106,8,0.125,2.948364404104754,0.06567418751902591,2.745227879174396,0.365270826598868,1.7559318619525461,0.10886258035596821,1.5407021999304917,0.48009098106967046,1.3385268812212217,0.04519520220085484,0.9888037382290009,0.6781460963234602,95,0.6582236842105263,0.631559220389805
183,3,1.0,0.03306310398773543,0.7787,-0.019200000000000106,16,0.125,3.347066815212714,0.07455519858907465,2.975642213912589,0.47877075438229466,2.1069046394730737,0.13062185417716296,1.7716178047476503,0.5733564603147977,1.4240308936026413,0.048082235089605616,1.045035253980425,0.679875500846274,95,0.6534128289473684,0.6496759171858285
183,3,1.0,0.03306310398773543,0.7787,-0.019200000000000106,11,0.125,2.5360296794660107,0.05648951957607086,2.3290575287608424,0.39864272236671566,1.6281289884169006,0.1009391803132541,1.3620283078061246,0.5504620425812243,1.591000713835862,0.05371995136766489,1.09364598125291,0.7330823867360702,95,0.8128700657894737,0.9502250999038899
184,3,1.0,0.03257139763390925,0.8051,0.02640000000000009,18,0.125,2.4798577925904794,0.055300943162416655,2.4020507060644607,0.29260192244213606,1.3899279052535187,0.08607516089070892,1.3064132655858698,0.363811055285581,1.205258511250652,0.0408183519084615,1.349388507837911,-0.01006078284702188,95,0.7793585526315789,0.9367943442017516
184,3,1.0,0.03257139763390925,0.8051,0.02640000000000009,2,0.125,3.7207778606183455,0.08297351791898203,3.26892726978417,0.5318166777369868,2.098341131519709,0.12994562510507154,1.8326805537006787,0.527868676077569,1.5302086714192826,0.051823401751843745,1.2491964465976149,0.6234233835276348,95,0.6171875,0.607128580946036
184,3,1.0,0.03257139763390925,0.8051,0.02640000000000009,11,0.125,2.2559142535698555,0.050306991912480975,2.241515947052588,0.25865169473987937,1.337490968385024,0.08282785737193513,1.269448867741443,0.35180906823715236,1.1547449224646806,0.039107613984623445,1.11958666974303,0.3157526318768586,95,0.8342516447368421,0.9575139238010745
184,3,1.0,0.03257139763390925,0.8051,0.02640000000000009,4,0.125,3.040668087643628,0.06780703861042842,2.767146013795145,0.41792680313431757,1.611126898805783,0.09977352530724407,1.4159519401600626,0.48063749801634803,1.7822979533222592,0.06036088057901223,1.4680524986027843,0.6486136828945036,95,0.6478618421052632,0.8019167301345519
184,3,1.0,0.03257139763390925,0.8051,0.02640000000000009,9,0.125,3.009932082873906,0.06712162428631324,2.702757886074928,0.4471027980671716,1.7745641068866813,0.10989483010867954,1.554798963254058,0.4947080866002228,1.3692183977986518,0.04637116260053706,1.122735858990316,0.5943031106368091,95,0.6420641447368421,0.7339737431956452
184,3,1.0,0.03257139763390925,0.8051,0.02640000000000009,7,0.125,2.9838345663219297,0.06653964846341193,2.719063378337073,0.41400581931950764,1.7097310273717508,0.105879860893949,1.4927513084372757,0.49764783961244263,1.183149033279688,0.04006957275120442,1.0109992567554347,0.5197321478730867,95,0.7388569078947368,0.8161834270131894
184,3,1.0,0.03257139763390925,0.8051,0.02640000000000009,16,0.125,2.744763943595581,0.06120836254907618,2.6918334398714805,0.24923023242859216,1.4050525181096747,0.08701179471184646,1.3987671351378272,0.251332678768561,1.095170615818789,0.037090017767151984,0.9439656279463433,0.5082179409561147,95,0.644860197368421,0.7637569342600268
184,3,1.0,0.03257139763390925,0.8051,0.02640000000000009,5,0.125,2.913523369406648,0.06497170552897787,2.7204821892781528,0.35861225194173013,1.667629277839955,0.1032725926672789,1.5998876935712685,0.30153656765995707,1.139875266367384,0.03860402504526184,1.1329584395016903,0.2724955986203819,95,0.7278782894736842,0.820811207773133
185,3,1.0,0.032081602522735,0.8168,0.011699999999999933,6,0.125,3.088221737941473,0.06893874239427956,2.7909291512552183,0.4432869644380693,1.8649069227630002,0.11643898932410099,1.5804031664094953,0.577814633724007,1.5393469503204236,0.05264645650881214,1.344121737007566,0.5000990852130579,95,0.6089226973684211,0.8009993922614627
185,3,1.0,0.032081602522735,0.8168,0.011699999999999933,9,0.125,2.5315448958357027,0.056511978815971364,2.4819322049258647,0.24866979526032382,1.4026454885300454,0.08757682277380022,1.392583902663382,0.24785540511771645,1.1133607048917429,0.03807750807347404,0.9891987846047392,0.4645435363822355,95,0.6681743421052632,0.749476923076923
185,3,1.0,0.032081602522735,0.8168,0.011699999999999933,18,0.125,2.5367563458867615,0.056628314637378434,2.388817698569715,0.34148373384482233,1.456553319639984,0.09094266012175524,1.4096029369075025,0.2947081913637508,1.2799562677633651,0.04377516190872949,1.2686688336606662,0.2522037646391069,95,0.7768092105263158,0.9464852847766251
185,3,1.0,0.032081602522735,0.8168,0.011699999999999933,16,0.125,2.936612255125846,0.06555434581680993,2.7244667267241205,0.37431720496321785,1.6357083032104616,0.10212854021298023,1.5004359160451857,0.3981961913408203,1.069753287409351,0.03658611199316188,1.0830078995556496,0.2569344261974122,95,0.6418174342105263,0.7409187007495676
185,3,1.0,0.032081602522735,0.8168,0.011699999999999933,12,0.125,2.8920132202469304,0.06455875623890595,2.6599197833652175,0.39502991758139083,1.6137709845729473,0.10075884225140666,1.4615360921111114,0.424481605508993,1.0645982656228816,0.036409807599778146,1.0543368199586323,0.29770064887849423,95,0.6825657894736842,0.766566265060241
185,3,1.0,0.032081602522735,0.8168,0.011699999999999933,7,0.125,2.6720725685189834,0.05964899482338991,2.5722771881001716,0.2862885107476709,1.4037721085785497,0.08764716542640066,1.402429831928811,0.2343537497489473,0.9927243107845672,0.033951681420540905,1.0077822381324308,0.27553096143058753,95,0.7630345394736842,0.8353720967828852
185,3,1.0,0.032081602522735,0.8168,0.011699999999999933,5,0.125,2.7706451115611586,0.06184944146504305,2.570217887903854,0.3735031106877471,1.5235752582509496,0.09512730156372093,1.3586887667991412,0.45317223125376727,1.3402880875348953,0.04583854113914807,1.184114060464392,0.46905179322645507,95,0.7272615131578948,0.844575111663934
185,3,1.0,0.032081602522735,0.8168,0.011699999999999933,1,0.125,2.949660260971277,0.06584561800840352,2.6998332881542666,0.4078499098703777,2.000900667201838,0.12493001585393855,1.7649854471645543,0.5033790955066167,2.5341593473314843,0.0866695515510105,2.185468834133867,0.6613430302492618,95,0.6905016447368421,0.8931697731197523
186,3,1.0,0.03159377236576611,0.8166,-0.00019999999999997797,16,0.125,2.743170492446024,0.06130105006972534,2.638030956320723,0.28881481212837523,1.489115546763087,0.0932349555216974,1.4194577842213516,0.31500966965487603,1.0247562607184975,0.03526244775723065,0.9506147589516114,0.39537327048337423,95,0.6744243421052631,0.8242897207657602
186,3,1.0,0.03159377236576611,0.8166,-0.00019999999999997797,2,0.125,3.0953050489718645,0.06917012643239179,2.7762874823699053,0.4588080821161183,1.7206379027252054,0.1077307927368339,1.4753441236601552,0.5536492726575171,1.3035837932448344,0.04485706227765698,1.0661726348953877,0.6073836428704517,95,0.6403371710526315,0.7197071855133885
186,3,1.0,0.03159377236576611,0.8166,-0.00019999999999997797,9,0.125,2.6704004000805455,0.05967487222625595,2.4605188835556073,0.38860695687738883,1.4651841761120008,0.09173658940559758,1.4021156377818966,0.3077973251536299,1.0882161289746901,0.0374461380403188,0.9685822224936202,0.4573519347598521,95,0.6508634868421053,0.8119906500726515
186,3,1.0,0.03159377236576611,0.8166,-0.00019999999999997797,17,0.125,2.964226185106808,0.0662409348203496,2.677678170048975,0.4375441012946411,1.6079016690081682,0.10067226879680825,1.434221127746405,0.4602484876369036,1.0377244088297641,0.035708689134629934,1.1117162551718776,0.11693403574046424,95,0.6534950657894737,0.7731705782419933
186,3,1.0,0.03159377236576611,0.8166,-0.00019999999999997797,0,0.125,2.4869213913680834,0.055574705674159106,2.3325264675322646,0.35301072793260024,1.7883778811368622,0.11197205788780233,1.656146109186469,0.37990510254647375,2.1101009849762216,0.07260977912253495,2.025053703266776,0.2823667529777351,95,0.8382401315789474,0.9627195133915433
186,3,1.0,0.03159377236576611,0.8166,-0.00019999999999997797,15,0.125,3.003985745285934,0.0671294332917361,2.8053504595376797,0.3577722091630232,1.7976439143657474,0.11255221313353567,1.7363088223362968,0.2674921966708351,1.7660325398370575,0.06077018756627099,1.7824150109333894,0.12179404497809927,95,0.6150082236842105,0.7061576519355486
186,3,1.0,0.03159377236576611,0.8166,-0.00019999999999997797,6,0.125,2.735662594198472,0.06113327265754517,2.597648528360671,0.3195040049383743,1.4304130084103162,0.08955953317839546,1.4110609366425173,0.24210091873333986,1.444489854726399,0.0497057202679844,1.30232462704901,0.43744522111815737,95,0.6467105263157895,0.8420651068158698
186,3,1.0,0.03159377236576611,0.8166,-0.00019999999999997797,14,0.125,2.8172308801673474,0.06295606187026417,2.6518750961516653,0.3389401250597017,1.735549777428878,0.108664439543332,1.595056971971404,0.3974359948818139,1.96911065185738,0.0677582212970752,1.7436389850748537,0.5316134285114982,95,0.6980674342105263,0.7751074983801614
187,3,1.0,0.03110796065907664,0.8105,-0.006099999999999994,19,0.125,2.775816706306984,0.062099799402334496,2.584321922627558,0.3650683960395948,1.643736514807113,0.10288803801545467,1.4859262797575032,0.4291147248408923,1.893853974759722,0.06570493737826459,1.840749508626307,0.24103661602779558,95,0.6733141447368421,0.8802442748091603
187,3,1.0,0.03110796065907664,0.8105,-0.006099999999999994,18,0.125,2.649475269971705,0.059273323924037565,2.4605426894053117,0.37087166645892944,1.4901817179165142,0.09327642956263076,1.4751922221546647,0.23957482472149802,1.5340081393719012,0.05322052812860963,1.5920399146911401,0.07527693068180703,95,0.774671052631579,0.9376326963906582
187,3,1.0,0.03110796065907664,0.8105,-0.006099999999999994,5,0.125,2.940314020518553,0.06577988756937772,2.655969421578758,0.4414906920952403,1.7324139169991006,0.1084387110373481,1.534949606777918,0.47483616155742914,1.563825910746514,0.05425501908041436,1.4072267485867664,0.4451956428972159,95,0.729235197368421,0.8108260501832535
187,3,1.0,0.03110796065907664,0.8105,-0.006099999999999994,2,0.125,2.6276781200877957,0.058785684148594954,2.492482668087223,0.32152706166782496,1.5904350913927274,0.0995516888931133,1.5471814413885316,0.26894791690726083,1.490792286639412,0.05172120720134714,1.3636086908994223,0.4054231075279112,95,0.6378289473684211,0.7258251676121712
187,3,1.0,0.03110796065907664,0.8105,-0.006099999999999994,11,0.125,2.4589081833287905,0.0550100100581315,2.324494524807784,0.33349416145793803,1.551813253377913,0.0971341936911154,1.5222296734408658,0.2532801466499842,1.4893410882977556,0.05167085965743258,1.5651236608579226,0.0473467659410139,95,0.8160361842105263,0.9528368436964627
187,3,1.0,0.03110796065907664,0.8105,-0.006099999999999994,15,0.125,2.9355228270251925,0.0656727003209692,2.7035626971283406,0.3935695368093922,1.7713131010412277,0.11087356643566976,1.5649234409666368,0.4833883928153439,1.641648778882901,0.05695498789830962,1.3378141479333574,0.6647837082929333,95,0.6620065789473685,0.6880124223602484
187,3,1.0,0.03110796065907664,0.8105,-0.006099999999999994,9,0.125,2.47886393460296,0.055456454575967665,2.410523949739956,0.26800364401372256,1.467952071290534,0.09188498713464992,1.3055448986663774,0.45755590344123315,1.0235798015458015,0.0355118439217343,0.8926585119497471,0.49207854931830086,95,0.6565378289473685,0.7952652345462516
187,3,1.0,0.03110796065907664,0.8105,-0.006099999999999994,13,0.125,2.806519798017564,0.06278668043159207,2.562826128871208,0.41173785866719087,1.7412917074106413,0.10899440742124392,1.500618378338855,0.5325277794983039,1.3548678221870336,0.04700547486715238,1.0609264101429006,0.6761397517458202,95,0.6814967105263158,0.7184747194400869
188,3,1.0,0.03062422067739485,0.7754,-0.03510000000000002,7,0.125,2.853481046597329,0.06390552432576616,2.58893580742988,0.42532534686370294,1.7022935575828588,0.10706889221036543,1.4358608110299729,0.5640755455805135,1.3720731400675088,0.04774241425891269,1.217517876170807,0.46749510924932275,95,0.7418174342105263,0.7913086857712988
188,3,1.0,0.03062422067739485,0.7754,-0.03510000000000002,8,0.125,2.970590797857571,0.06652827174750571,2.6710426240922773,0.44938251458361866,1.9131960571240116,0.1203339938079606,1.6513989979637782,0.5399314518695332,1.5993672368700924,0.055651299442409846,1.3294117050673944,0.6289432397641112,95,0.6636513157894737,0.601734820322181
188,3,1.0,0.03062422067739485,0.7754,-0.03510000000000002,0,0.125,2.475372189023784,0.0554375357879528,2.3017603959671624,0.37075802506710587,1.7732563630235196,0.11153222870883622,1.5336579004627198,0.5229993634363178,2.218162604864382,0.07718279360082339,1.8953506555008783,0.6796062473097887,95,0.8390625,0.9636381456434382
188,3,1.0,0.03062422067739485,0.7754,-0.03510000000000002,15,0.125,2.831465403044674,0.06341246997508831,2.690910081425957,0.31502804570150833,1.6345314751772075,0.10280687108908335,1.6811578904169273,0.13317426600494828,1.5293891719058237,0.05321635507319288,1.74786489949045,-0.26197093438397817,95,0.6480674342105263,0.646786371423133
188,3,1.0,0.03062422067739485,0.7754,-0.03510000000000002,12,0.125,2.8145604176065007,0.06303387206590151,2.5363632734854,0.439619714998748,1.64006126837414,0.10315467762874309,1.4151930328692939,0.5173508075162107,1.121639311333762,0.03902836305661026,0.9139335953142173,0.5906567813517563,95,0.6756578947368421,0.7883398247322297
188,3,1.0,0.03062422067739485,0.7754,-0.03510000000000002,6,0.125,2.699490323293347,0.060456804059766917,2.5573299182845375,0.3252419992233596,1.6090616621157137,0.10120490023208766,1.5710500236108178,0.2636025285268807,1.2592253353170508,0.04381578200785049,1.4285133295226862,-0.12467421770954791,95,0.6384046052631579,0.8445188715702693
188,3,1.0,0.03062422067739485,0.7754,-0.03510000000000002,3,0.125,2.780311106545989,0.06226683694445635,2.5566922702657235,0.3935737330519205,1.599167071950197,0.1005825617387189,1.4638944152818845,0.40277814615527824,1.2995088270902964,0.045217479261350516,1.0251294100937922,0.6642923344516007,95,0.7046463815789473,0.7780825115247709
188,3,1.0,0.03062422067739485,0.7754,-0.03510000000000002,9,0.125,2.5268934514820915,0.05659138725483034,2.4573837565248224,0.2705578139727165,1.4327412537463913,0.09011490302561953,1.4566567203431697,0.196657110869695,0.8734879452825249,0.03039373202203559,0.936302376769028,0.18507049034721126,95,0.6453536184210527,0.7980248486779229
189,3,1.0,0.030142605468260968,0.7951,0.01970000000000005,1,0.125,2.8264304675872998,0.06337359728589038,2.5437823537981608,0.44123217541367027,1.7917976016617712,0.11298931505245585,1.5663600890882623,0.5149808241448385,2.225485269305294,0.07750241060518019,1.758699618568742,0.6738558915072547,95,0.6974095394736842,0.8888626849831968
189,3,1.0,0.030142605468260968,0.7951,0.01970000000000005,14,0.125,2.8009650103790316,0.0628026164504073,2.652740971884472,0.32504392205952326,1.7505248612587883,0.1103866892513353,1.7031466230801073,0.25173802474090734,1.8150567936877295,0.06320925994716653,2.084409158907634,-0.08911679142556503,95,0.6893914473684211,0.761779792437075
189,3,1.0,0.030142605468260968,0.7951,0.01970000000000005,5,0.125,2.8014189944442895,0.06281279558046403,2.595352964268644,0.37643700584686757,1.5116246465955558,0.09532183393751582,1.3932461105131626,0.38838712627856464,1.1741534568423906,0.0408898340423961,1.3349183506721736,0.1768130251336291,95,0.7449424342105263,0.8180714246288017
189,3,1.0,0.030142605468260968,0.7951,0.01970000000000005,8,0.125,2.7070755436487683,0.06069744764396224,2.6051924406855838,0.2894909624990155,1.6357313413716186,0.10314790225190937,1.6176921889243712,0.21728878729796552,1.174612270559552,0.04090581220661457,1.2134997398640928,0.3276620100213495,95,0.6527549342105263,0.6823937007874016
189,3,1.0,0.030142605468260968,0.7951,0.01970000000000005,2,0.125,3.2753628799694927,0.07343946030185847,2.9628383196854258,0.443299439021785,1.770847990078876,0.11166824940242316,1.594210383064344,0.4464561423354042,1.4804467603771678,0.051556482662173116,1.076549632041801,0.6940561499715594,95,0.6176398026315789,0.5760601824112909
189,3,1.0,0.030142605468260968,0.7951,0.01970000000000005,4,0.125,2.803666563832871,0.06286319008297787,2.6291494704077154,0.34838310006063933,1.5415504212767364,0.09720892921016537,1.4724296492656086,0.30941925845360163,1.8201798657997756,0.06338767067127421,1.3838488467200574,0.6790763980432943,95,0.6583059210526315,0.8169893816364772
189,3,1.0,0.030142605468260968,0.7951,0.01970000000000005,15,0.125,2.8643472798977583,0.0642237596448388,2.6724484427625317,0.35995215886277904,1.8010100062851788,0.11357024187556329,1.6367212999016938,0.42562115316067484,1.9394872815804898,0.0675425453197891,1.4199389612456537,0.7395550334812891,95,0.67890625,0.6839076978983708
189,3,1.0,0.030142605468260968,0.7951,0.01970000000000005,6,0.125,2.616628950908108,0.05866947419477973,2.4298672521103404,0.372265203003939,1.4427234703575833,0.09097698120291181,1.3196498901784113,0.4047401227672837,1.6118434609158736,0.0561323660336661,0.9753633152399159,0.8549345980538939,95,0.6478618421052632,0.8321274435135821
190,3,1.0,0.029663167846209985,0.8165,0.021399999999999975,2,0.125,2.6250499380767303,0.05891755073165015,2.4548017225671437,0.3543242411799085,1.5146030921111107,0.09555193031694209,1.414547020996299,0.35799520169626453,1.199818042835313,0.042669845223132996,0.9861704848401547,0.602748807023695,95,0.6307565789473685,0.6844198174706649
190,3,1.0,0.029663167846209985,0.8165,0.021399999999999975,10,0.125,2.795002003332824,0.06273201508961618,2.569768359230803,0.40006533393088073,1.666503772434341,0.1051349050889734,1.506427356362619,0.43792790353491456,1.2940754653818403,0.04602197820297002,1.049059713738421,0.6438649741526636,95,0.7418174342105263,0.8910814256415941
190,3,1.0,0.029663167846209985,0.8165,0.021399999999999975,1,0.125,2.435628419185048,0.05466610705925144,2.315806556783843,0.3154522245492643,1.6799849785800733,0.10598539541012406,1.5147433640684824,0.4448039665110873,1.8280359828097896,0.06501153480279684,1.7104618468744452,0.3669457507261516,95,0.6980263157894737,0.896265315739868
190,3,1.0,0.029663167846209985,0.8165,0.021399999999999975,9,0.125,2.622919091139477,0.05886972524813992,2.440418336956778,0.36697520936317257,1.5527620162806608,0.09795926652416993,1.4428844582413816,0.36948403989162676,1.003938106035132,0.0357036501108896,0.8483389671697402,0.5373327081742321,95,0.6571546052631579,0.7016643724189714
190,3,1.0,0.029663167846209985,0.8165,0.021399999999999975,8,0.125,2.7330832597448524,0.06134228887387143,2.6098964083322866,0.29892084768428956,1.7116413811239337,0.10798250632697812,1.6905283243906832,0.2039151929348462,1.322013718832526,0.04701556298664964,1.4344802637505087,-0.056915145943796736,95,0.6687088815789474,0.6500030744635061
190,3,1.0,0.029663167846209985,0.8165,0.021399999999999975,19,0.125,2.628670075798493,0.05899880238510775,2.406930078221288,0.4062734416594241,1.638334217145218,0.10335776928483754,1.4488365290438918,0.48654979037380425,1.4486549828307242,0.05151938184979601,1.192488146510416,0.6478412190934115,95,0.6647615131578948,0.8689923919094452
190,3,1.0,0.029663167846209985,0.8165,0.021399999999999975,11,0.125,2.5041589394841326,0.056204230333716056,2.363001001546877,0.3325560001657314,1.6059048062601367,0.10131189150652686,1.543743324158176,0.28474072556838226,1.4503084202975398,0.05157818403335746,1.5770465897270503,-0.10407323540831874,95,0.8201891447368421,0.9536772446984509
190,3,1.0,0.029663167846209985,0.8165,0.021399999999999975,6,0.125,2.4868970650477036,0.05581679870886216,2.3539680330426953,0.32527716580641935,1.370098479584497,0.08643555207993874,1.3284277224546661,0.28063521778225914,1.020552276922988,0.03629450978709536,0.9356832703180428,0.4055615429436908,95,0.6346217105263158,0.8358818193598548
191,3,1.0,0.029185960386979952,0.7867,-0.02980000000000005,12,0.125,2.6833453296745824,0.06029202550704546,2.463223594511644,0.39818770231434253,1.5483141290743074,0.09855596714862547,1.3831852620833174,0.45731896722054094,1.3088032054675929,0.046881170648260355,1.12554059983637,0.5375933009068038,95,0.6854029605263158,0.7740716299718039
191,3,1.0,0.029185960386979952,0.7867,-0.02980000000000005,9,0.125,2.529482871894012,0.05683489342400944,2.4593077031055053,0.2636834052051181,1.4588686556744332,0.09286242927252165,1.404572066539811,0.290028118102329,0.8676356771215484,0.031078603773072287,0.8488183145323694,0.3165782635228609,95,0.6518503289473684,0.7864757459155995
191,3,1.0,0.029185960386979952,0.7867,-0.02980000000000005,16,0.125,2.8529168341494926,0.0641021238048703,2.5687999239716413,0.4477869207238732,1.6605387565133378,0.1056994831105708,1.4968164382104714,0.4435696221038576,1.4063112177670956,0.05037389571577918,1.164213945881783,0.6301788861852302,95,0.6518914473684211,0.7792985997224675
191,3,1.0,0.029185960386979952,0.7867,-0.02980000000000005,3,0.125,2.8237309617259743,0.06344634709765926,2.574075767961335,0.41739291559154046,1.6350022682971819,0.10407399042374282,1.4789808093819572,0.4340122200664181,1.7026580505188964,0.06098900299796611,1.4190268668173778,0.6806535294902973,95,0.6900493421052631,0.7509831962817304
191,3,1.0,0.029185960386979952,0.7867,-0.02980000000000005,10,0.125,2.615650933757482,0.058771001656636755,2.4677904285535566,0.3337371418445289,1.602133918015183,0.10198179737984228,1.5492233760995313,0.27019080300636605,1.1927136827670575,0.042722858152185364,1.2833091886591275,0.0072881753085657554,95,0.7493009868421052,0.8972178016791966
191,3,1.0,0.029185960386979952,0.7867,-0.02980000000000005,15,0.125,2.711717114148299,0.060929510490529554,2.520894617746993,0.36860604524869633,1.519150887616173,0.09669961809572769,1.42294308507315,0.35134587643188164,1.4087525668570602,0.050461344541408944,1.5415909850448357,-0.11714408843113304,95,0.6327302631578947,0.736482973745776
191,3,1.0,0.029185960386979952,0.7867,-0.02980000000000005,8,0.125,2.716478472637551,0.06103649334670818,2.506192470673435,0.38679484099130107,1.7321578172037129,0.11025830335258208,1.6038912779276777,0.380659068096405,1.3657176244488896,0.048919838170972826,1.0749212231329672,0.7152503025906085,95,0.67265625,0.6691118038999939
191,3,1.0,0.029185960386979952,0.7867,-0.02980000000000005,6,0.125,2.3684288968050033,0.053216175301264074,2.2861073201205926,0.28877763419568614,1.3104568068008617,0.08341546174352579,1.2561227657078944,0.3122715350824491,1.059346229173837,0.03794565228601091,1.1576825331431457,0.014371937722051423,95,0.6588815789473684,0.8530953569645532
192,3,1.0,0.028711035421746363,0.8217,0.03500000000000003,1,0.125,2.547846948701534,0.05730891155030725,2.3715199330360597,0.3656292888091692,1.5615508434590046,0.0992449734030817,1.385041356721009,0.47031413405461664,2.0325313270552035,0.07285502151612898,2.0553973146511284,0.06507755388212502,95,0.6945723684210526,0.8934406819796353
192,3,1.0,0.028711035421746363,0.8217,0.03500000000000003,19,0.125,2.7341896473379292,0.061500331776565796,2.5492528833437342,0.3617893031791736,1.6154110806253938,0.10266808180038589,1.5184591141399895,0.34224497378313656,1.6834506332238222,0.06034240676750534,1.8103129106482225,-0.1446355470222103,95,0.68125,0.8638338966682761
192,3,1.0,0.028711035421746363,0.8217,0.03500000000000003,12,0.125,2.4821352539474026,0.05583085349646516,2.343398082242249,0.3334080285362011,1.375397286158142,0.08741391140430012,1.3074885763043178,0.32772208950544984,1.0144584449137124,0.036362731952814774,0.9876999023980377,0.2861189166357011,95,0.7080592105263158,0.8124274099883856
192,3,1.0,0.028711035421746363,0.8217,0.03500000000000003,3,0.125,2.494805677360516,0.056115850275827085,2.337262689937533,0.35104434705144133,1.4689500974716798,0.09335969684541268,1.3622539939832667,0.3753645682134852,1.3032815865357277,0.04671544628352796,1.1602858458861025,0.4689481561422358,95,0.7063322368421052,0.78577249970893
192,3,1.0,0.028711035421746363,0.8217,0.03500000000000003,7,0.125,2.8044820549590526,0.06308142414676099,2.5473934721228937,0.4274399397790097,1.6667806297746304,0.1059328935485268,1.4775401511705042,0.47836128111899745,1.4337868279245356,0.051393338349833596,1.1931779553300126,0.6359156362621349,95,0.7267680921052632,0.8333239038189533
192,3,1.0,0.028711035421746363,0.8217,0.03500000000000003,10,0.125,2.5144462616646273,0.05655762740425872,2.4324025722636513,0.2740348041020318,1.4993634813438006,0.09529263132918543,1.499390357665326,0.19857298160103512,1.2142545541929592,0.043524318909246976,1.2150305653832107,0.18996996454933357,95,0.75390625,0.8795745841287156
192,3,1.0,0.028711035421746363,0.8217,0.03500000000000003,11,0.125,2.457416406082406,0.05527485060679294,2.271969717112943,0.3811435257350709,1.569773985517607,0.09976759840649689,1.4245423028587971,0.4222699167803633,1.6967385446578427,0.06081870499747288,1.572685233646662,0.39395473461648817,95,0.8135690789473684,0.9516324674011928
192,3,1.0,0.028711035421746363,0.8217,0.03500000000000003,5,0.125,2.796705149050803,0.06290649762181487,2.5517707040126023,0.4162511053964446,1.5800621215222732,0.10042146490621882,1.4130448884131388,0.4540713394009435,1.5219529370750273,0.054553606382926494,1.2200504666524967,0.7372562072070489,95,0.7274259868421052,0.8287829970041264
193,3,1.0,0.028238445031383626,0.8218,9.999999999998899e-05,2,0.125,2.731463286569416,0.06149499082153175,2.512858486958267,0.39520228487910447,1.5376830221885631,0.09855647495566383,1.4284667213896063,0.3702434308053977,1.220951008709602,0.043561715623162606,1.127668789566323,0.38784607878564326,95,0.6462171052631579,0.7270297785696106
193,3,1.0,0.028238445031383626,0.8218,9.999999999998899e-05,15,0.125,2.766103345494329,0.062274862224570175,2.562415327374587,0.3785353981900357,1.6851923482876188,0.108010958743042,1.5421312230911908,0.4113080315965101,1.568636591773074,0.055966619986763326,1.4695169340963818,0.3669871118821278,95,0.6233552631578947,0.7355540897097625
193,3,1.0,0.028238445031383626,0.8218,9.999999999998899e-05,17,0.125,2.7245073330030656,0.06133838747166394,2.456598868650804,0.44327475030508257,1.5205868338455837,0.09746070942144859,1.3200273091977746,0.5196767456566939,0.9972204382095188,0.03557934170413616,0.9936281111683327,0.2103514386855048,95,0.6441200657894737,0.7546121927864666
193,3,1.0,0.028238445031383626,0.8218,9.999999999998899e-05,3,0.125,2.3548502005270766,0.0530160856195768,2.290911126871158,0.26699620660517187,1.3021560566430799,0.08346057603097609,1.2945815455855922,0.2271760432841675,1.2962963361613158,0.04624992481793978,1.1835559322456943,0.42338626228511156,95,0.7222039473684211,0.8182646322022319
193,3,1.0,0.028238445031383626,0.8218,9.999999999998899e-05,11,0.125,2.1679658439496645,0.04880865151313132,2.1044376696783162,0.2837388987993836,1.3113530275990994,0.08405004799926565,1.2498003401586655,0.32015505658888466,1.3052678309281842,0.046570014404631765,1.3151811398227087,0.12911819489128262,95,0.8217516447368421,0.9546159619714786
193,3,1.0,0.028238445031383626,0.8218,9.999999999998899e-05,4,0.125,2.6675430633788104,0.06005591838085714,2.4641404207988327,0.38425425446844924,1.551410325169478,0.09943631467095299,1.4120057293585042,0.4186245055682552,1.6119666822102607,0.057512573152849446,1.5260843756413889,0.33269467546218695,95,0.6548519736842106,0.8041567248524425
193,3,1.0,0.028238445031383626,0.8218,9.999999999998899e-05,13,0.125,2.6580229074702286,0.05984158568120256,2.406256925858098,0.43179226864270365,1.491487914590707,0.09559563914012473,1.340551226382734,0.4440880096667708,1.061266023485423,0.037864392908325405,0.9939843827824523,0.35144015243798965,95,0.6651726973684211,0.766025839154355
193,3,1.0,0.028238445031383626,0.8218,9.999999999998899e-05,5,0.125,2.495927047362427,0.056192229133541625,2.3737654790981826,0.315230606185927,1.4358892555920946,0.09203209075980498,1.3998078012767579,0.25775264775345247,1.327939697564785,0.047378912878055096,1.2888292806881279,0.24718212047719193,95,0.7514802631578947,0.8404464871963231
194,3,1.0,0.027768241040753643,0.7931,-0.028699999999999948,3,0.125,2.4041512667077285,0.05418550551835533,2.263984287155657,0.3410680379218282,1.2522671064520645,0.08010402540099729,1.1721217493806975,0.37015508997980046,1.232188473498274,0.04428524028905694,1.0645343560776088,0.5115297878117324,95,0.7201480263157894,0.7888546305812493
194,3,1.0,0.027768241040753643,0.7931,-0.028699999999999948,9,0.125,2.442733769289071,0.055055089905778766,2.3288685431861773,0.3118731692111422,1.4038940457109297,0.08980317674921051,1.3933145253848978,0.23352121273504584,1.270357888576637,0.04565706104115264,0.9748086652856964,0.6441164970428095,95,0.6512335526315789,0.7847581765374416
194,3,1.0,0.027768241040753643,0.7931,-0.028699999999999948,6,0.125,2.6493102007814056,0.05971097347000992,2.4445231406893075,0.38640308197278833,1.5430916487109503,0.09870725820996427,1.4499239606060819,0.3455318041807659,1.451326780156693,0.052161139776538,1.3434236296589377,0.39546781975501843,95,0.6501233552631579,0.8431471760166972
194,3,1.0,0.027768241040753643,0.7931,-0.028699999999999948,4,0.125,2.55714516995433,0.057633729473080084,2.369052594304043,0.37644586940207364,1.4013421429111008,0.08963993866234778,1.2954068836301662,0.3844976497924125,1.2711060574580002,0.045683950465457916,1.1002903957809442,0.5064959353355142,95,0.6707236842105263,0.805787150564002
194,3,1.0,0.027768241040753643,0.7931,-0.028699999999999948,12,0.125,2.63664603665093,0.0594255446183067,2.3851764579460286,0.43191298444445686,1.612785046317945,0.1031653499888097,1.3513347435255223,0.5840243943703621,1.2299518072302562,0.04420485380171675,0.8296266976649251,0.7535882588270563,95,0.7009868421052632,0.8023228531206007
194,3,1.0,0.027768241040753643,0.7931,-0.028699999999999948,16,0.125,2.866593299844931,0.06460816722249577,2.5530304283640315,0.47705706724881836,1.8003910012212883,0.11516597836875113,1.5127683711700615,0.6046037776275414,1.4098314816035808,0.05066978572899237,1.0586509621015234,0.6777265671381765,95,0.6501644736842105,0.7969896281305338
194,3,1.0,0.027768241040753643,0.7931,-0.028699999999999948,0,0.125,2.3295380783097475,0.05250385037973448,2.162102913223222,0.3739747904188679,1.7147155465560229,0.10968555908648427,1.5505623110893954,0.43449718881407734,2.3208304435827687,0.08341137421325301,2.0619627731809302,0.48953779449241924,95,0.8367598684210527,0.9614742014742015
194,3,1.0,0.027768241040753643,0.7931,-0.028699999999999948,15,0.125,2.479912679673074,0.05589303969773906,2.397043554184445,0.27779488092867083,1.4483508476341374,0.092646954064893,1.4843402036188773,0.14948527359989328,1.5386924473496657,0.05530108926305623,1.5992874549470768,0.15734512750199414,95,0.6291529605263158,0.7309979739886282
195,3,1.0,0.02730047501302266,0.8137,0.02059999999999995,12,0.125,2.3617717758951473,0.05328266800402532,2.2538275565653803,0.3119766427181148,1.291092892891906,0.08311076156648457,1.2142364356448347,0.34951363424098353,0.8809589628786841,0.03217604646773197,0.7771395704223718,0.4710925206489705,95,0.7173519736842106,0.8197867706064428
195,3,1.0,0.02730047501302266,0.8137,0.02059999999999995,7,0.125,2.5589211735366284,0.05773044996540607,2.379824507652027,0.3675442063136436,1.3699513947469237,0.08818707341146913,1.2988625072746725,0.3275400936326802,1.3434478698621968,0.04906793949449186,1.3150803378183948,0.22010808218192301,95,0.7492598684210526,0.846284710789156
195,3,1.0,0.02730047501302266,0.8137,0.02059999999999995,19,0.125,2.55077637864291,0.05754669961039202,2.3978795933548005,0.34228103734821036,1.6298791467124507,0.1049192493354891,1.5449798745505552,0.3193047959284781,1.7329744817945878,0.06329496583065591,1.6644808614145303,0.2825855036786251,95,0.6837582236842106,0.8679415478982501
195,3,1.0,0.02730047501302266,0.8137,0.02059999999999995,4,0.125,2.387327039428319,0.05385920661647328,2.2711100345631245,0.3181710354875874,1.2938557887979045,0.08328861583563954,1.201565778893071,0.374981904347414,1.07359436459197,0.039211840299266505,1.0759224611146965,0.18303757241780866,95,0.6712993421052632,0.8255543305157418
195,3,1.0,0.02730047501302266,0.8137,0.02059999999999995,17,0.125,3.0099567745879585,0.06790602257326543,2.680116539920781,0.48631425568990844,1.759208275477579,0.11324447708910487,1.537164486222326,0.5319815683685203,1.234535512340757,0.04509003674965917,1.075511249082934,0.5312112494594081,95,0.6390625,0.6797709432505469
195,3,1.0,0.02730047501302266,0.8137,0.02059999999999995,6,0.125,2.4215870333533136,0.054632127988790705,2.3234928984594156,0.29713610046692346,1.4158157995388283,0.09113947569951104,1.3667369153169824,0.2831964314905458,1.1666913608616964,0.0426121045615117,1.150534193037204,0.2133053314300093,95,0.6443256578947368,0.8484365028717294
195,3,1.0,0.02730047501302266,0.8137,0.02059999999999995,14,0.125,2.7369592109481764,0.06174707076522585,2.5183768216440034,0.39454091237053224,1.7407600096256308,0.11205691774850461,1.6113711879445336,0.38370585708134786,1.8363962246837584,0.06707232998176454,1.837566498108903,0.10748082537781067,95,0.6971217105263158,0.7419488026424442
195,3,1.0,0.02730047501302266,0.8137,0.02059999999999995,5,0.125,2.574095309774743,0.05807278552537645,2.367574990521662,0.39324712129586437,1.4560043058668093,0.09372650672224135,1.3515253638670215,0.37211246228126443,1.274236349020705,0.0465400656609352,1.0885249246491493,0.5838131328533592,95,0.7511513157894737,0.81782351653164
196,3,1.0,0.026835198244006927,0.8091,-0.0045999999999999375,1,0.125,2.5621119021425547,0.057864577396863286,2.38252525396096,0.3684257049288694,1.6432673106879128,0.1060611862316279,1.5212970248128135,0.3799128753820308,2.1081896303358034,0.0769342624276332,1.9146711873913607,0.5367131821470604,95,0.6968338815789473,0.8941995633445448
196,3,1.0,0.026835198244006927,0.8091,-0.0045999999999999375,4,0.125,2.4148908876836206,0.05453963215209086,2.281014518371636,0.3304735566965516,1.2323841212515632,0.07954160649507806,1.1774257229627538,0.3238436923426605,1.4105362247593156,0.05147476418524589,1.2684491114641494,0.46887635448025666,95,0.6891447368421053,0.814618138424821
196,3,1.0,0.026835198244006927,0.8091,-0.0045999999999999375,5,0.125,2.4227383923312265,0.05471686583953203,2.3151708438520315,0.3017640259848087,1.4840456484166304,0.09578456339343949,1.3872728401863574,0.35596488192930553,1.156237310036056,0.042194622039178474,1.0810501369004568,0.3548925185298662,95,0.7398026315789473,0.8358159181858604
196,3,1.0,0.026835198244006927,0.8091,-0.0045999999999999375,16,0.125,2.7786234639206286,0.06275443018328777,2.4862221352546507,0.4716183036609555,1.5942693692117116,0.10289871852958478,1.396770265403075,0.5056571814991203,1.2564806327075306,0.04585280628505996,1.1202831771659614,0.472814764568361,95,0.6829358552631579,0.8259979529170931
196,3,1.0,0.026835198244006927,0.8091,-0.0045999999999999375,7,0.125,2.3485781995447046,0.05304197872329271,2.204989414730007,0.3458339957290721,1.3444742774582739,0.0867762267268865,1.2219735372603548,0.41704842827791155,1.1779887105194065,0.04298839691069612,1.1507176807693624,0.2433030490380453,95,0.7454769736842105,0.8810810810810811
196,3,1.0,0.026835198244006927,0.8091,-0.0045999999999999375,19,0.125,2.536129094116889,0.05727776297836279,2.348620687255278,0.3783983474154918,1.5483477752922328,0.09993480712389381,1.4163996028306753,0.40619176620271935,1.5308906024487197,0.05586686209913052,1.4945079087003743,0.22316020421855426,95,0.6673930921052632,0.8626701990019099
196,3,1.0,0.026835198244006927,0.8091,-0.0045999999999999375,11,0.125,2.154926550876236,0.048668410651173694,2.0100167715508386,0.36378032910958163,1.285973533639665,0.083000420901213,1.2164640539076401,0.3390145510352966,1.3902433259596716,0.05073421448364218,1.5116578617795364,-0.14729577973012292,95,0.8272615131578948,0.9568069983597595
196,3,1.0,0.026835198244006927,0.8091,-0.0045999999999999375,12,0.125,2.3253769741484374,0.05251798556689634,2.1971420310120195,0.33140649781776127,1.303058722064121,0.08410314797398007,1.1955565437928215,0.3990950397040426,0.8264217626312413,0.030158647897367625,0.8502868756910931,0.19878516399212884,95,0.7247121710526315,0.8051631205673759
197,3,1.0,0.026372461756547307,0.801,-0.008099999999999996,12,0.125,2.2713897615007066,0.0513457303305677,2.1418276458101912,0.33548826130024695,1.2853909932193988,0.08387397996976109,1.1150816616838533,0.49952098094554925,0.9529091870587001,0.035104449044666294,0.8301442456041074,0.49199713499316033,95,0.7274259868421052,0.8339268554632299
197,3,1.0,0.026372461756547307,0.801,-0.008099999999999996,0,0.125,2.160633633196103,0.0488420410066233,2.024069905919746,0.35260272612552074,1.5792404292852027,0.10304816264625512,1.3554873156852867,0.5410722996774021,2.0358604407125296,0.07499954882756564,1.755185271023963,0.6463419004183378,95,0.8376644736842105,0.9623993716866287
197,3,1.0,0.026372461756547307,0.801,-0.008099999999999996,6,0.125,2.4811987755001432,0.05608855220831527,2.299978328847277,0.37645962287031554,1.3850396322637444,0.09037622558942744,1.3344449724084402,0.29574709209881883,1.2675623415314794,0.04669603172425774,1.3472788880016244,0.03198009137749241,95,0.6579358552631579,0.8480719955002812
197,3,1.0,0.026372461756547307,0.801,-0.008099999999999996,14,0.125,2.63804049387671,0.059634025870671355,2.394377613911716,0.4337049642926525,1.6706405392332155,0.10901217751134534,1.3746456724844442,0.637020629662304,1.7500236032314536,0.06446953732939244,1.3753600494073819,0.8131400883067057,95,0.6934210526315789,0.7966081593927894
197,3,1.0,0.026372461756547307,0.801,-0.008099999999999996,11,0.125,2.0034561674209184,0.045288977631712884,1.9023449903727168,0.32881001709785085,1.2113385113960378,0.07904192776935834,1.0794428509752598,0.45458058914734933,1.1099726550826214,0.040890547641367805,0.849841246032057,0.6850506633098221,95,0.8321134868421053,0.9552799327963631
197,3,1.0,0.026372461756547307,0.801,-0.008099999999999996,1,0.125,2.3792169115107566,0.05378320885608142,2.30327324169217,0.2672313910601949,1.4907753003295903,0.09727566035458947,1.6571387276991598,-0.10540482411714551,2.0813721555705724,0.0766761657569301,2.4042326396361386,-0.5775015363150867,95,0.7032894736842106,0.8916043030869972
197,3,1.0,0.026372461756547307,0.801,-0.008099999999999996,8,0.125,2.5673690901806903,0.058036468772473884,2.3328184528685703,0.4281611364981535,1.522206821732832,0.09932662135439525,1.3148644417662496,0.5228285363197338,1.089724137979452,0.04014460768556541,0.8730210218112736,0.6200869299421902,95,0.6520970394736842,0.7563528595750048
197,3,1.0,0.026372461756547307,0.801,-0.008099999999999996,16,0.125,2.427272596237629,0.05486952802096421,2.2717564128789793,0.3521875193809803,1.371302442159917,0.08947985023462318,1.2762415982704909,0.37001239834788335,0.8208280014127008,0.030238678712888115,0.6442048568460471,0.6198367943676357,95,0.6980263157894737,0.840951932139491
198,3,1.0,0.025912316294914226,0.7971,-0.0039000000000000146,5,0.125,2.40565238838559,0.05443551858828975,2.2279895798686415,0.37863271627820166,1.4486267747615307,0.09421429710059122,1.2188376260188232,0.5406325256484704,1.0705104275645,0.03944496203618204,0.9099595882111445,0.5350196068879878,95,0.7314555921052631,0.840688065658553
198,3,1.0,0.025912316294914226,0.7971,-0.0039000000000000146,8,0.125,2.4252466744552863,0.054878901484638726,2.3232431146871693,0.30508431077676024,1.4269893137082863,0.09280706218012082,1.447633736760285,0.24008104549811327,1.0182473119411264,0.03751922963921073,1.1194438303369412,0.17269810710757144,95,0.6557565789473684,0.7259844494607475
198,3,1.0,0.025912316294914226,0.7971,-0.0039000000000000146,15,0.125,2.9727764068818683,0.06726849903042148,2.6037400443112966,0.5159358601122956,1.9626813603009237,0.12764685011681054,1.5340127302731565,0.6948563312316459,2.0611875566268916,0.07594831664140878,1.5662873568818678,0.8102717312144834,95,0.6397203947368421,0.640506491836997
198,3,1.0,0.025912316294914226,0.7971,-0.0039000000000000146,14,0.125,2.3159453571612065,0.05240561236023645,2.3017631898092215,0.228237619762393,1.4275103848135813,0.09284095106632678,1.6434216472215617,-0.03715248062391177,1.4433678556713587,0.05318359242957666,1.8564346571778032,-0.4683318312569466,95,0.7088404605263158,0.7770172283775161
198,3,1.0,0.025912316294914226,0.7971,-0.0039000000000000146,1,0.125,2.4529448785301784,0.05550566124014641,2.240847853972672,0.4067721691358643,1.8425372457355664,0.11983304085844487,1.4771872526545953,0.6384213563719017,2.3088191839654137,0.08507276782639031,1.8380078812098388,0.7739230142427198,95,0.7009046052631579,0.8863663029449724
198,3,1.0,0.025912316294914226,0.7971,-0.0039000000000000146,9,0.125,2.6338756572389315,0.059599794214280584,2.450796124796382,0.3664482835824634,1.6647651728831778,0.10827128376565608,1.464420472405776,0.4759374827248416,1.1410240620845131,0.04204316898966596,0.8830721240034773,0.6348661570837768,95,0.6344572368421053,0.7734283862605315
198,3,1.0,0.025912316294914226,0.7971,-0.0039000000000000146,10,0.125,2.848787024250085,0.06446284582150857,2.5122765063688184,0.4934309634826089,1.9734291683503309,0.12834585499397336,1.5496640890124789,0.6890930436623319,1.543850883230967,0.05688607780973945,1.1777025844046929,0.6974643389102523,95,0.7465460526315789,0.8649482264816039
198,3,1.0,0.025912316294914226,0.7971,-0.0039000000000000146,18,0.125,2.4302258229411122,0.05499157051831234,2.282403524473863,0.3485243373359425,1.4456615620118372,0.09402144864587998,1.4680607254050404,0.23429653509817872,1.4120185434944355,0.05202846829735082,1.5408452181686312,0.038217290628257385,95,0.7572368421052632,0.9325586446568201
199,3,1.0,0.02545481231924296,0.8056,0.008499999999999952,2,0.125,2.626030122470674,0.0594775220261683,2.3956966963607846,0.41575639000496684,1.3838734314783754,0.09024518251809811,1.2222441438984153,0.47167247704924553,1.5024323580784118,0.055824849590247305,1.2499609687542754,0.6051062827969651,95,0.63359375,0.6908949315335193
199,3,1.0,0.02545481231924296,0.8056,0.008499999999999952,4,0.125,2.6556100994684657,0.060147485298243965,2.3661435669500093,0.4729865068237827,1.5791364842186584,0.10297868070713624,1.3206324624052848,0.591637015902372,1.5888883106896703,0.05903723417764925,1.3405603671784387,0.5909369314263255,95,0.6627467105263158,0.7881250775530463
199,3,1.0,0.02545481231924296,0.8056,0.008499999999999952,11,0.125,2.274349967524359,0.051512242426745375,2.1053968705328048,0.3786875737987638,1.4512586276604362,0.09463950730976022,1.2530432594803471,0.5175983203971216,1.2174875085016146,0.045237349072430204,1.134079719523536,0.3718086098698845,95,0.81875,0.9522398553635998
199,3,1.0,0.02545481231924296,0.8056,0.008499999999999952,8,0.125,2.481467264934187,0.05620328671952883,2.3046806399476902,0.3707458599747123,1.5220843386524547,0.09925819502357855,1.4012361159497109,0.39056930596463424,1.1288257418341459,0.04194300456367148,1.013898845497315,0.44164412367190137,95,0.6520970394736842,0.7050255375496564
199,3,1.0,0.02545481231924296,0.8056,0.008499999999999952,18,0.125,2.2066500778053206,0.049978893038450906,2.116112358365682,0.30291219341059855,1.3586589828581814,0.08860089737896387,1.247900117355036,0.39679692877864614,1.887214360356611,0.07012193077777429,1.6814730761966363,0.5008024631907969,95,0.764391447368421,0.9479289940828403
199,3,1.0,0.02545481231924296,0.8056,0.008499999999999952,15,0.125,2.3724424729951967,0.05373396071733934,2.291197888690261,0.2788343996748695,1.381827513632408,0.09011176408168149,1.4465881711622037,0.09736735742580219,1.4136846261670846,0.05252731092983004,1.5746583430434171,-0.11818463688506432,95,0.6784128289473684,0.7136190072125583
199,3,1.0,0.02545481231924296,0.8056,0.008499999999999952,7,0.125,2.491350454201294,0.05642713320258825,2.2626053569240545,0.4228597257599641,1.4186990403791775,0.09251623083802961,1.2022134053470033,0.5484267223727726,1.3234913336904655,0.049176060566055814,1.2794985216025243,0.2855850279466131,95,0.7264391447368421,0.8639270957151752
199,3,1.0,0.02545481231924296,0.8056,0.008499999999999952,10,0.125,2.3279365311227025,0.05272593605099387,2.2222145701805394,0.30844119335344633,1.4791371301664566,0.0964575207853852,1.4832819691935302,0.1900175214289188,1.3300062143832074,0.04941812952364662,1.2702324833528855,0.31233867178324776,95,0.7525493421052631,0.9008851491640258
200,3,1.0,0.02499999999999999,0.8103,0.0047000000000000375,1,0.125,2.4112412675566146,0.05466237896127566,2.169812685432173,0.44200366758732734,1.6271669578442491,0.1066526694615493,1.3593401785666368,0.5941954864564988,2.0512745681944895,0.07702147314053757,1.6624345883773686,0.7896193239463932,95,0.7033305921052632,0.890207541654487
200,3,1.0,0.02499999999999999,0.8103,0.0047000000000000375,13,0.125,2.474615422158503,0.05609905894092334,2.237880594476903,0.43285972242671045,1.5148600209348357,0.09929151050813277,1.3053315660608615,0.5232052946826906,1.2051721558514341,0.045251930809700344,0.9483880415948055,0.6513061010385176,95,0.6552631578947369,0.7317394578313253
200,3,1.0,0.02499999999999999,0.8103,0.0047000000000000375,2,0.125,2.3881559009402586,0.05413903810964783,2.259875146415522,0.326752732995789,1.2798731689974576,0.08388929567905921,1.2150693064103872,0.3395649429920115,1.1412275972510437,0.0428509338007731,0.950572889425339,0.5612210725263654,95,0.6319078947368421,0.6927381572097866
200,3,1.0,0.02499999999999999,0.8103,0.0047000000000000375,5,0.125,2.4408841971956123,0.0553343785140584,2.257749422013022,0.38031185688776303,1.405040875761725,0.09209341388121074,1.2913266222506534,0.39534557306557355,1.0572083707373812,0.03969617105055446,1.1114918505178628,0.14808063926949316,95,0.7412828947368421,0.8421344575105392
200,3,1.0,0.02499999999999999,0.8103,0.0047000000000000375,19,0.125,2.357858794975511,0.053452208504515396,2.166705100894289,0.39474935713772935,1.4925890648359228,0.09783176053720362,1.2826848936311503,0.5263358133474476,1.7462788638652265,0.06556946236966725,1.4673709148358878,0.6336766588263614,95,0.6743009868421053,0.8638331605585706
200,3,1.0,0.02499999999999999,0.8103,0.0047000000000000375,15,0.125,2.4046698064050807,0.05451340519219346,2.257901231268065,0.345016464189962,1.5684819803649404,0.10280616220838379,1.3959070188702694,0.46313540135077813,1.590489233845913,0.059719856963274295,1.2504229690349447,0.7368529728504316,95,0.6518503289473684,0.743518576925503
200,3,1.0,0.02499999999999999,0.8103,0.0047000000000000375,11,0.125,2.034326879916764,0.04611780178837236,1.969821067338513,0.29055714134872257,1.2769044135594934,0.08369470858342591,1.3154373217810935,0.16950754755863534,1.2261498834220645,0.04603960472994642,1.4681754583368078,-0.28062293213283696,95,0.8336759868421053,0.9514180024660912
200,3,1.0,0.02499999999999999,0.8103,0.0047000000000000375,14,0.125,2.516910874412499,0.057057888764613804,2.3329001811581622,0.3759287592089071,1.6491054397184304,0.108090627407128,1.642423573774829,0.19289122180795473,1.787395042406964,0.06711329696416592,2.0987192791891727,-0.4848524965360761,95,0.6949424342105263,0.8050411218271109
201,3,1.0,0.02454792921248144,0.8219,0.011599999999999944,9,0.125,2.346626305487242,0.05324855326826819,2.21482952503813,0.33130199850898634,1.329376258392802,0.08708980798576879,1.2934073920715694,0.2587696227333283,0.935457270225678,0.03525995955330619,0.910105406820527,0.3036771496654308,95,0.6619654605263158,0.7622212559786322
201,3,1.0,0.02454792921248144,0.8219,0.011599999999999944,6,0.125,2.314357595552599,0.052516326702907005,2.1551263883730205,0.36453495336731645,1.217906204751485,0.07978720610274558,1.1098574860675123,0.4117856806405152,1.123809393747198,0.04235946956678433,0.9364934711213383,0.5750345947625091,95,0.6560444078947368,0.8507051081165778
201,3,1.0,0.02454792921248144,0.8219,0.011599999999999944,10,0.125,2.3878038566036275,0.05418293511634963,2.2169567578216656,0.3721537742290291,1.5063576114092596,0.0986841718492391,1.3653228931043522,0.4350520312906235,1.1650309288041716,0.04391322269383356,0.9782318844421538,0.5679166903856901,95,0.7554276315789473,0.901208360548661
201,3,1.0,0.02454792921248144,0.8219,0.011599999999999944,4,0.125,2.327893945159833,0.052823487255668745,2.180926748890312,0.34979177419100843,1.4284135818872217,0.09357791955847068,1.3856039807458669,0.259159720314261,1.3118092210286434,0.04944570056520621,1.1038329075444233,0.5874340467775464,95,0.6790707236842105,0.8287617317590069
201,3,1.0,0.02454792921248144,0.8219,0.011599999999999944,1,0.125,2.118561889023731,0.0480734215482084,2.0392533524320124,0.29018095257675425,1.4154771222964075,0.09273042903449988,1.3167720443645015,0.3671770602728079,1.7943480248984451,0.06763391637034424,1.7656544051089307,0.19126421426305817,95,0.7061266447368421,0.8961742269842194
201,3,1.0,0.02454792921248144,0.8219,0.011599999999999944,5,0.125,2.2888694566355885,0.05193796170305261,2.1909302892648723,0.2971294268464021,1.3493094646553794,0.08839566785425129,1.2616298072459997,0.3549087516896236,1.1452522017866555,0.04316770802753004,1.1571124916175923,0.17895962401396284,95,0.7439555921052632,0.8346874481843807
201,3,1.0,0.02454792921248144,0.8219,0.011599999999999944,8,0.125,2.5688557176591025,0.058291279783409776,2.3271445460856506,0.43847701587636206,1.6323251071493496,0.10693652700241127,1.5144934571998625,0.380474406679464,1.4470382794537258,0.054542856023038905,1.3402785827527022,0.3813854328132136,95,0.6640625,0.6646439628482972
201,3,1.0,0.02454792921248144,0.8219,0.011599999999999944,3,0.125,2.3850683810439537,0.05412086297656635,2.198743828015137,0.3895084514634518,1.3013127827906688,0.0852513196825717,1.2011629210303267,0.38470775464696344,1.3058116487021048,0.04921963555466782,1.288077709647338,0.2169033409984272,95,0.7134046052631579,0.7889913544668588
202,3,1.0,0.024098649531343497,0.8101,-0.011799999999999922,3,0.125,2.181332360963628,0.04954854258357077,2.036651858681748,0.3585093716611569,1.2738452241179679,0.08370257460424507,1.1484703974101185,0.4334286489803341,1.4333734765049269,0.0545805905434828,1.1928713476143336,0.6641590263163446,95,0.7166529605263158,0.8190372367892593
202,3,1.0,0.024098649531343497,0.8101,-0.011799999999999922,16,0.125,2.4172069420646998,0.05490638806150857,2.2174265250593996,0.4033258912119614,1.5053352014975938,0.09891345480766196,1.344406466005922,0.4660383471421909,1.3079010450667246,0.04980279918827894,1.106265723794991,0.5984772229826458,95,0.6663651315789474,0.8215475749722325
202,3,1.0,0.024098649531343497,0.8101,-0.011799999999999922,19,0.125,2.3218779437615695,0.05274100830718943,2.1313230826055722,0.399532456284563,1.4134551429240085,0.09287614563399604,1.287130921785709,0.4161765863704974,1.3821110377337569,0.05262859810976486,1.4470980296046805,-0.0006422043197727652,95,0.6908305921052632,0.872805190167252
202,3,1.0,0.024098649531343497,0.8101,-0.011799999999999922,13,0.125,2.3789341672688735,0.05403702938618746,2.1894134792347972,0.39437288692771544,1.2855408858494695,0.0844710800553723,1.1724753195448023,0.410141326873292,1.1526993295534567,0.04389296380697198,0.9274292196941315,0.6606177584999103,95,0.6577302631578947,0.7303075768942235
202,3,1.0,0.024098649531343497,0.8101,-0.011799999999999922,9,0.125,2.2592019999909185,0.0513173363695881,2.0967566022341653,0.3724837989776692,1.265033872826959,0.08312359312766061,1.194874598046465,0.3364743457058028,0.8293500718459675,0.031580336479371994,0.7465841622874145,0.4417458817755541,95,0.6584292763157895,0.7966652095172673
202,3,1.0,0.024098649531343497,0.8101,-0.011799999999999922,1,0.125,2.079358783863258,0.0472322325073178,2.0185640934845024,0.26995897579473715,1.345126142525033,0.08838634330538983,1.3312248117149057,0.21935821447334228,1.6902910720594198,0.06436360544938732,1.853102336372605,-0.27223244434142035,95,0.7141447368421052,0.8956126209120221
202,3,1.0,0.024098649531343497,0.8101,-0.011799999999999922,4,0.125,2.313371376531414,0.052547783278218074,2.139444644478713,0.38142317997767916,1.3225967982343805,0.08690597183986992,1.1877988808267614,0.44275859840468496,1.1480828443361402,0.04371717536555978,1.102817256054915,0.2900550265457869,95,0.6784128289473684,0.8264743317776835
202,3,1.0,0.024098649531343497,0.8101,-0.011799999999999922,18,0.125,2.2220846507731364,0.050474222962746194,2.1363273859118457,0.286895242993131,1.4578441015779002,0.09579288155527312,1.380340193183032,0.32332579979418635,1.8929893143737895,0.07208203330436672,1.7824521848010375,0.36380339579613974,95,0.7709292763157894,0.9480505626966772
203,3,1.0,0.02365221022516612,0.8236,0.013499999999999956,13,0.125,2.2289671757196414,0.05067934973200435,2.1025931162320504,0.3346808119831831,1.1874054233116982,0.07857497395476364,1.1684213590578492,0.24867987335537559,1.0594202903177141,0.0406452449772006,1.031242109926683,0.31772952226334705,95,0.6890213815789473,0.8081398818404248
203,3,1.0,0.02365221022516612,0.8236,0.013499999999999956,19,0.125,2.147124264895636,0.048818512324474615,2.0893364905054526,0.26369710000107566,1.257589696069541,0.08321932481902096,1.3338594137632473,0.042598439226607956,1.4387662043619314,0.05519906063312252,1.729428386707095,-0.36357516509821836,95,0.6916118421052632,0.8966706302021403
203,3,1.0,0.02365221022516612,0.8236,0.013499999999999956,18,0.125,2.231050304869654,0.0507267132068372,2.039019837372398,0.4069702411492512,1.4942372776542485,0.09887916365285038,1.2835890197660027,0.5583007524867939,1.7051128209608355,0.0654175957881028,1.3658906796151047,0.7031788410738526,95,0.7534128289473684,0.939638705452164
203,3,1.0,0.02365221022516612,0.8236,0.013499999999999956,17,0.125,2.4997444723997195,0.056835930890946657,2.2641587430881396,0.43509261694696433,1.3927691515488247,0.0921646454188542,1.2712887341668495,0.41172098233086707,0.9793183125876813,0.037572088329408754,0.7503725548744915,0.6457462809106325,95,0.6150493421052632,0.7275036769621607
203,3,1.0,0.02365221022516612,0.8236,0.013499999999999956,11,0.125,1.9464767431718175,0.04425645056014276,1.8406327512306222,0.3385121745046456,1.2425624441796597,0.08222491642010535,1.1263124928698387,0.4227669702237218,1.311436121361235,0.050313971623756344,0.9720277298716486,0.7358055397585822,95,0.8288240131578948,0.9552016669147194
203,3,1.0,0.02365221022516612,0.8236,0.013499999999999956,7,0.125,2.3729910545699298,0.05395397692504816,2.1614165613833056,0.41753017374782614,1.3432865985931892,0.08889020331730113,1.2080374971335854,0.44280004376374843,1.3743685595952,0.0527284093992165,0.9953974715391944,0.7806699218007565,95,0.7275904605263158,0.8300649901102006
203,3,1.0,0.02365221022516612,0.8236,0.013499999999999956,15,0.125,2.5441644522536455,0.057845894482437814,2.346253266959374,0.3914245031498593,1.5346068644290252,0.10155056734287712,1.4409161447733696,0.34451977242600273,1.4584923762484108,0.055955866120157204,1.632141043900664,-0.12752463836191577,95,0.6087171052631579,0.7151445555255337
203,3,1.0,0.02365221022516612,0.8236,0.013499999999999956,14,0.125,2.254691662735975,0.0512642395807103,2.1171206593329432,0.34510406800610366,1.53837631488934,0.101800005711549,1.418006241484673,0.3936446918318482,1.6735505648381306,0.06420669238756875,1.383934195817732,0.6345157297913998,95,0.6882401315789474,0.7968096546779783
204,3,1.0,0.023208660251050176,0.7969,-0.026699999999999946,18,0.125,2.0269763676023356,0.04613383614395486,1.9991073931122956,0.2554410318466044,1.2401920073177621,0.08190579793600156,1.2373436185413773,0.24231693483420105,1.1619560253409067,0.04404611408651143,1.46473099408663,-0.09925018506309424,95,0.7805098684210526,0.9483194605415657
204,3,1.0,0.023208660251050176,0.7969,-0.026699999999999946,1,0.125,2.1978622461279973,0.05002318643201175,2.1040453154247927,0.3082182011750519,1.468493452431017,0.09698347294245907,1.4863058166209002,0.17014366899826314,2.0733238713582125,0.07859321504816709,1.9483369890098527,0.34368055709893824,95,0.7099917763157895,0.8921063299936295
204,3,1.0,0.023208660251050176,0.7969,-0.026699999999999946,8,0.125,2.4391412669639414,0.055514679569342244,2.1868168685381986,0.4492627228722518,1.526538569471178,0.10081693711527313,1.3196589884303767,0.5203450478896671,1.4776305841672792,0.05601234803086074,1.193483206485469,0.5928830389075694,95,0.6502055921052632,0.693922721811168
204,3,1.0,0.023208660251050176,0.7969,-0.026699999999999946,10,0.125,2.349572877495697,0.05347610947575318,2.10168926130407,0.45150088101387637,1.5247016013912926,0.10069561853276478,1.297238356751481,0.5505149689827635,1.4527171358844997,0.055067957226544575,1.0157282990890109,0.7434175638247337,95,0.7578536184210526,0.9148716835765829
204,3,1.0,0.023208660251050176,0.7969,-0.026699999999999946,4,0.125,2.265288618782664,0.051557805817590056,2.127614269152018,0.3477062778144744,1.3076198288055567,0.08635892252433722,1.268308204621966,0.2909740591308358,1.5205795424300508,0.057640408537697765,0.982359259837403,0.8228463825088526,95,0.6771792763157894,0.8394559475377983
204,3,1.0,0.023208660251050176,0.7969,-0.026699999999999946,12,0.125,2.3382344428085604,0.0532180475188671,2.1101597330511295,0.4328762293556937,1.3241514681039077,0.08745071887517007,1.1192331683809125,0.5433853293133666,0.8475561707065021,0.03212820018615819,0.853278512068479,0.4551195329469658,95,0.6965871710526316,0.8129390236703855
204,3,1.0,0.023208660251050176,0.7969,-0.026699999999999946,16,0.125,2.5580535417276375,0.05822111437891154,2.312581519246776,0.43445326441389176,1.5372951202959915,0.10152733024242362,1.3286033861705107,0.5218220971464466,1.4817642553348427,0.05616904255963105,1.1551909702801353,0.6352088487826142,95,0.6719983552631579,0.8116624854677844
204,3,1.0,0.023208660251050176,0.7969,-0.026699999999999946,2,0.125,2.45950135241804,0.05597807364794582,2.23335500958074,0.4219374669293266,1.3598227451637905,0.0898065511928648,1.2076318461744187,0.4604988484793622,1.41155840648355,0.05350775868949736,0.9056279200165863,0.8074129736917284,95,0.6466694078947368,0.6969542824442042
205,3,1.0,0.022768048249248662,0.8056,0.00869999999999993,8,0.125,2.206296832899637,0.050256742295929885,2.1416064673986313,0.2671948649986627,1.3478076795357767,0.08938984934923909,1.4181731219048634,0.10210317450694928,1.0478336299164175,0.0407077439254393,1.1112198026137174,0.07319595505448508,95,0.660485197368421,0.7117599452157132
205,3,1.0,0.022768048249248662,0.8056,0.00869999999999993,6,0.125,2.281051977603949,0.05195957302417872,2.1189509042438686,0.37024223322627753,1.3781260199693541,0.09140063466010026,1.2013879279391557,0.49338652069920175,0.9747767774993321,0.03786952652595523,0.8160159150991048,0.5539929311958562,95,0.6605674342105263,0.851291627762216
205,3,1.0,0.022768048249248662,0.8056,0.00869999999999993,5,0.125,2.233005382639627,0.05086513037923988,2.0274639701424544,0.42116038011199913,1.3543031444911076,0.08982064421903109,1.161301411214611,0.5202974832368672,1.070040727661335,0.04157047711372169,0.9797432074392446,0.402666842026689,95,0.7354851973684211,0.8389892100408117
205,3,1.0,0.022768048249248662,0.8056,0.00869999999999993,15,0.125,2.2943674028965577,0.052262882119996,2.1094022861884025,0.39415933844425477,1.4571232190331607,0.09663991904061196,1.214633342442102,0.5764751746462483,1.3891273616134978,0.053966812384990986,1.1247675085117739,0.6898941893933068,95,0.6567023026315789,0.7171748794690377
205,3,1.0,0.022768048249248662,0.8056,0.00869999999999993,1,0.125,2.1845467910730596,0.04976130295580837,2.03111599845814,0.36864456512761384,1.5646902867272219,0.10377402587358635,1.314437644784699,0.5755453589931512,1.8675459381917343,0.0725531035179388,1.6009557989988195,0.6663735338738578,95,0.7152960526315789,0.8892274085996781
205,3,1.0,0.022768048249248662,0.8056,0.00869999999999993,17,0.125,2.6466272986359294,0.060286931530472605,2.377013156573018,0.46213246868066915,1.6266990818647211,0.10788659841626398,1.3669186267542588,0.5829075448457521,0.8447950346589511,0.03281980932709934,0.745860783583527,0.47393146053107815,95,0.6303453947368421,0.686692759295499
205,3,1.0,0.022768048249248662,0.8056,0.00869999999999993,18,0.125,2.080662464940997,0.04739494511621349,1.9744581359786495,0.32572131685511513,1.1798641262646772,0.0782514286724477,1.2026487030236757,0.21580321839731334,1.463780785393231,0.056867055678981364,1.5223080032995242,0.023902855443802336,95,0.7790707236842105,0.9453211590225366
205,3,1.0,0.022768048249248662,0.8056,0.00869999999999993,2,0.125,2.3177765942673605,0.05279611485665019,2.179604573631339,0.3409843446861512,1.2391383122267474,0.0821826353526717,1.2232903035491782,0.26825788669459394,0.85590266937652,0.03325133465401234,0.9921595312379059,-0.058146319337293494,95,0.6288651315789474,0.693474565188963
206,3,1.0,0.022330422537832798,0.818,0.012399999999999967,12,0.125,2.2264924948752864,0.05076644784746631,2.0259299218558167,0.4180287959497214,1.288411516616737,0.08545045026587626,1.1191418658451435,0.5070457123812868,1.1050154167214026,0.04295309660305859,0.7989611264898695,0.7191779507733879,95,0.6961348684210527,0.810100413467218
206,3,1.0,0.022330422537832798,0.818,0.012399999999999967,11,0.125,2.088017663075691,0.047609071236980764,1.936502406630246,0.37432423956008887,1.4575832842185865,0.09667031560192355,1.249384904685545,0.552241743468745,1.4260239319564394,0.0554310308984959,1.052213546568934,0.7673168706564699,95,0.8235608552631579,0.9512207299415847
206,3,1.0,0.022330422537832798,0.818,0.012399999999999967,2,0.125,2.1438239258209673,0.048881514658075144,2.0356166199238555,0.3194995418746267,1.2604752085244069,0.08359764929780951,1.1392618367943967,0.4283552271484944,1.1874658200995931,0.04615802939193519,1.0424102784478047,0.47896412619852613,95,0.6579769736842105,0.7409073865766779
206,3,1.0,0.022330422537832798,0.818,0.012399999999999967,7,0.125,2.409199845665134,0.05493237394718176,2.1615711203702936,0.45736794259180863,1.3834905944336524,0.09175631598155547,1.1814452935696635,0.5499607950325052,1.338133396695742,0.052014634534770725,0.9629896517676503,0.7765941039001237,95,0.7263569078947368,0.8125106142088876
206,3,1.0,0.022330422537832798,0.818,0.012399999999999967,17,0.125,2.1208360770774908,0.04835736673166297,1.9713302357226021,0.36911807499768956,1.1543828838291916,0.07656135941834204,1.1243676755301293,0.28043485091694126,0.795302706367523,0.03091424197196588,0.6638978239503098,0.5708119003744708,95,0.6548930921052631,0.8484962642054373
206,3,1.0,0.022330422537832798,0.818,0.012399999999999967,15,0.125,2.180346816127467,0.04971427623721872,2.117257377966833,0.2631866147081298,1.2598160928633677,0.08355393521322807,1.3737490265832473,-0.027238789442079792,1.1635081230834046,0.045226768833257755,1.541463295641924,-0.5192271881009868,95,0.6696134868421053,0.7760515812097022
206,3,1.0,0.022330422537832798,0.818,0.012399999999999967,9,0.125,2.236819585172889,0.051001916726079656,2.0298150552253387,0.4244191554553292,1.2607807653252356,0.08361791453595423,1.1672817281701422,0.37903122384703264,1.0282018942078375,0.03996727522625311,0.941590493917065,0.42359877375116456,95,0.6391858552631579,0.7608877452557092
206,3,1.0,0.022330422537832798,0.818,0.012399999999999967,8,0.125,2.252455728122124,0.051358437773150294,2.138392462173767,0.3173246940024079,1.469539586144955,0.09746328537124521,1.3480525223383462,0.4014183920846175,1.3513879977137313,0.0525298546388032,1.1085114681086157,0.5975644170983485,95,0.6553865131578948,0.7218144174665914
207,3,1.0,0.021895831107393484,0.8253,0.007300000000000084,2,0.125,2.1725803281221747,0.04958195717734962,2.0668816165638755,0.30909759835448336,1.261590595614838,0.08401753930641044,1.1708080960950125,0.37284913845783324,1.037302841814877,0.040356218438527366,0.9816986306945036,0.3260098437388615,95,0.6607730263157895,0.7355320472930927
207,3,1.0,0.021895831107393484,0.8253,0.007300000000000084,15,0.125,2.1593197903825514,0.04927932928099795,2.0747696551409818,0.28221559150993036,1.3862903427511313,0.0923221081125983,1.4386693240996766,0.043323030601298614,1.6156497042992275,0.06285677601419123,1.6943081082652518,-0.18506288838184953,95,0.6638980263157894,0.8081258516041124
207,3,1.0,0.021895831107393484,0.8253,0.007300000000000084,11,0.125,1.9024681423446026,0.04341754030633819,1.7887405236386134,0.342719698018725,1.2475412154614078,0.08308189952487238,1.1422331379857265,0.4045559235326539,0.9786903897373131,0.03807590373783552,0.8934163637124025,0.4283111161429666,95,0.8371299342105263,0.9545655484061103
207,3,1.0,0.021895831107393484,0.8253,0.007300000000000084,0,0.125,1.899934932004516,0.04335972816241992,1.775327123879432,0.357033126882995,1.4155510566657983,0.09427076973864748,1.2762269717276826,0.45350684877364733,1.9638900787978257,0.07640505146072482,1.8634066725790135,0.4092993645774785,95,0.8299342105263158,0.9636345620293302
207,3,1.0,0.021895831107393484,0.8253,0.007300000000000084,8,0.125,2.1778174672828015,0.04970147754961519,2.0430894198462766,0.34653446032467555,1.2898525035825128,0.08589968393542223,1.1639079864219248,0.44077717593981525,0.8688199312819973,0.033801398701672536,0.7661370931486091,0.49869248510347125,95,0.6672286184210526,0.7602760830714241
207,3,1.0,0.021895831107393484,0.8253,0.007300000000000084,9,0.125,2.0222754439477986,0.046151745537202,1.9426374506471136,0.28693745359264666,1.14598219181649,0.07631842229964061,1.1556086815668591,0.1745584951230931,0.9256909004405277,0.03601396109102922,0.9520279763111963,0.06658621620371936,95,0.6586759868421053,0.808415007178975
207,3,1.0,0.021895831107393484,0.8253,0.007300000000000084,6,0.125,2.378377636836182,0.05427859978972712,2.1562940060592193,0.44443294353608354,1.3998083326312543,0.09322235915286814,1.2801811419715847,0.41534379654595655,1.316341897008032,0.05121221980120844,1.3242995992690998,0.08376994824924526,95,0.6272203947368421,0.8342074210043268
207,3,1.0,0.021895831107393484,0.8253,0.007300000000000084,18,0.125,2.0061813195140266,0.04578445040056053,1.8425463480495172,0.3971895082391892,1.2271298544050857,0.08172257397519903,1.0942097915729476,0.4628669407563819,1.3866973286723014,0.053949394572283496,1.316234693482255,0.3402863093270973,95,0.7794407894736842,0.946824224519941
208,3,1.0,0.021464321615778423,0.8218,-0.0035000000000000586,15,0.125,2.2148857426406936,0.05059496055937711,2.052897599313687,0.3797178573007565,1.4874274317201772,0.09953194825922898,1.3163377075573957,0.49247313866334913,1.611358492136678,0.06285691823002798,1.3301960157954726,0.7061945298261788,95,0.655921052631579,0.7660481444332999
208,3,1.0,0.021464321615778423,0.8218,-0.0035000000000000586,11,0.125,1.6779067641219056,0.0383286708287921,1.6401862531575353,0.26511915847672735,1.0507055364137583,0.07030848487517577,1.1052149549051766,0.12188021834636685,0.9898524574747667,0.038612807319357303,1.1458738703593891,-0.14148593149268332,95,0.8268092105263158,0.9568828327034016
208,3,1.0,0.021464321615778423,0.8218,-0.0035000000000000586,1,0.125,2.1212831385674744,0.04845678251697694,1.9522630732592714,0.39554307325608046,1.5722529068863342,0.10520808722591354,1.3532595649007415,0.5695286462610726,2.2635075253690724,0.08829637112379372,2.00167052174489,0.643714145240818,95,0.7145559210526315,0.8965933939463689
208,3,1.0,0.021464321615778423,0.8218,-0.0035000000000000586,9,0.125,2.029648949974371,0.046363569278703505,1.920030448358381,0.32529347132198183,1.2651605084843431,0.0846588462634814,1.1049100436725208,0.49907963422688223,1.0454517133285663,0.040781659189321105,0.9175256739209451,0.4816723046736513,95,0.6594983552631579,0.8136417482386682
208,3,1.0,0.021464321615778423,0.8218,-0.0035000000000000586,18,0.125,1.869801001048793,0.04271213908720991,1.7867428579833284,0.30473045008732974,1.032270881984249,0.06907492078208066,1.0697469796563908,0.16204344490900197,1.3065837672359788,0.05096806788719715,1.3833426418408046,-0.0003435381866389928,95,0.7865131578947369,0.9454203262233375
208,3,1.0,0.021464321615778423,0.8218,-0.0035000000000000586,5,0.125,2.0463226274951385,0.04674444854497988,1.8793469847601678,0.3987409851845741,1.227207026774313,0.08211917011037212,1.060486718970254,0.5158341972617372,0.897178748443732,0.034997731109399265,0.7901968332181694,0.47460536066092995,95,0.7442434210526315,0.8698895027624309
208,3,1.0,0.021464321615778423,0.8218,-0.0035000000000000586,7,0.125,2.1982408021048916,0.050214737736272004,2.022969981837666,0.39803994259095843,1.25670362712364,0.08409294983043358,1.163876365243651,0.3775155874101303,0.9142828279769789,0.035664938148594866,0.9882926790539623,0.07861827862625291,95,0.749671052631579,0.8767003071522598
208,3,1.0,0.021464321615778423,0.8218,-0.0035000000000000586,12,0.125,2.018258309660122,0.046103371207827676,1.9042090590180965,0.3321208909288781,1.1322856756606003,0.07576746057061994,1.1134180950466102,0.25602082466269166,1.0891776943599676,0.04248735064633141,1.1102843833589355,0.16144353768698397,95,0.7154605263157895,0.8304597701149425
209,3,1.0,0.02103594138286605,0.8176,-0.0041999999999999815,9,0.125,2.0424789497179665,0.046696957695112486,1.9328775935365679,0.3298276666162543,1.2395235570410568,0.08366181906292934,1.243650193602258,0.20955336588850798,1.027082597492994,0.04037625310698389,0.9822219602264751,0.38237749517109126,95,0.6603207236842106,0.7932623451024348
209,3,1.0,0.02103594138286605,0.8176,-0.0041999999999999815,16,0.125,2.4165263203792273,0.05524875904716503,2.1536612765503578,0.4747668576115654,1.5100445845804904,0.10192067435467446,1.2608087857218158,0.6029340342430648,0.9939447427918466,0.0390735512482416,0.734011111703873,0.6747312290979273,95,0.66015625,0.8221737776393647
209,3,1.0,0.02103594138286605,0.8176,-0.0041999999999999815,1,0.125,1.9248890141101191,0.04400851273013066,1.865377432681868,0.2824446013901063,1.2528462442569506,0.08456103573449374,1.3192233388638663,0.08839572091058258,1.8701682218540672,0.07351929208277029,1.9792603889580742,-0.0011328755327017518,95,0.7044407894736842,0.8966845668923652
209,3,1.0,0.02103594138286605,0.8176,-0.0041999999999999815,14,0.125,2.2072139504936077,0.05046327477915718,2.018877687551888,0.4061671486802314,1.5256178366724014,0.10297179322315732,1.3145763638043935,0.541278159594523,1.9315508180427927,0.07593233972482877,1.678838995246731,0.5328534579854427,95,0.6962993421052631,0.775717491437345
209,3,1.0,0.02103594138286605,0.8176,-0.0041999999999999815,4,0.125,2.250023239498679,0.05144201855416828,2.029509438472354,0.4390654765137866,1.2895010888153833,0.08703505968975271,1.122970776411634,0.4980783665537636,1.5885925650538448,0.06245010444831759,1.124391844453063,0.8169686495165792,95,0.66484375,0.8212010637639928
209,3,1.0,0.02103594138286605,0.8176,-0.0041999999999999815,6,0.125,2.1698591356648427,0.04960923601023451,2.0099017426730743,0.37685587421708977,1.305739870699808,0.08813109858639154,1.2194285651964072,0.36119050153587406,1.2978194872199078,0.051019351541027824,0.9498272964455465,0.7153746101194686,95,0.6693256578947369,0.8556333701928984
209,3,1.0,0.02103594138286605,0.8176,-0.0041999999999999815,8,0.125,2.1599111984894113,0.049381797484369216,2.0195098579430857,0.3551677759208136,1.309997859698073,0.0884184921604154,1.1672535109061133,0.4561685021193593,1.0767923223196767,0.04233042158026907,0.9511503373872866,0.4830949270190167,95,0.6652549342105263,0.7876259348538228
209,3,1.0,0.02103594138286605,0.8176,-0.0041999999999999815,7,0.125,2.020464128595773,0.0461936354108116,1.9270000718992708,0.3129823277834451,1.1621260247900713,0.07843786159772669,1.0549089783387144,0.4216076478545724,1.1836923435339746,0.046532831711865015,1.1796430469305033,0.2790972148321204,95,0.7650904605263158,0.897511689149245
210,3,1.0,0.02061073738537635,0.8127,-0.0049000000000000155,9,0.125,1.9331742110725938,0.04423970505070001,1.8763068312905462,0.2757624748328776,1.1327133065275732,0.07642872585167448,1.069432261738445,0.3624070331634236,0.9556026750260119,0.038183438754812934,0.8498891318226205,0.4576673150933723,95,0.673108552631579,0.8176542455711667
210,3,1.0,0.02061073738537635,0.8127,-0.0049000000000000155,3,0.125,2.003649588007633,0.045852498078397794,1.8995625750850005,0.3257381098240899,1.1355102384756106,0.07661744610758607,1.1330858366632106,0.26011437140646765,1.1590619059630283,0.04631314923660228,1.1664136403933203,0.16226643949178934,95,0.7084703947368421,0.806210098665119
210,3,1.0,0.02061073738537635,0.8127,-0.0049000000000000155,5,0.125,2.158456605983787,0.04939517766506764,1.96196291527858,0.42020186352292305,1.3243456018243973,0.08935892811659471,1.10555096613072,0.5647719082579948,1.2124469747251074,0.048446280041665,1.0740632681115687,0.4848366540765723,95,0.7504523026315789,0.8414881376362939
210,3,1.0,0.02061073738537635,0.8127,-0.0049000000000000155,6,0.125,2.043122546453856,0.04675581658385755,1.9366824077117597,0.32479514890866085,1.234319677867713,0.08328451668169945,1.094875258336464,0.4618068487873042,1.2662227865623232,0.05059502394060896,1.2514584155113606,0.19990567298889336,95,0.6624177631578947,0.84252017380509
210,3,1.0,0.02061073738537635,0.8127,-0.0049000000000000155,10,0.125,2.3139423928968563,0.052953390532387894,2.0753200109527485,0.45674592735895536,1.6171747991889265,0.10911729267165494,1.3212067490752273,0.6423025636220923,1.2209261928539143,0.048785087910846806,1.0680168948115567,0.5144414678426509,95,0.7501233552631579,0.882311023406238
210,3,1.0,0.02061073738537635,0.8127,-0.0049000000000000155,12,0.125,2.0811961199479523,0.04762711087899013,1.92419990497594,0.38102573978040155,1.2327703078554848,0.08317997445091167,1.2157150255419482,0.26489355492837247,0.7878854389956519,0.031481886972407724,0.8708671363313062,0.05531342193098003,95,0.7183799342105263,0.82857306393452
210,3,1.0,0.02061073738537635,0.8127,-0.0049000000000000155,7,0.125,2.0256231528943673,0.046355351894641385,1.9181891586592286,0.32762861228230106,1.1675511522256776,0.07877937551984676,1.1992267761744686,0.1936902650369313,1.3052620023036055,0.0521549311512628,1.2972292330379407,0.17898863973993143,95,0.7661184210526316,0.8917990553885788
210,3,1.0,0.02061073738537635,0.8127,-0.0049000000000000155,15,0.125,2.3148322748541763,0.0529737550267497,2.0696710910484986,0.46406989447826064,1.656391288668465,0.1117633870593735,1.3705669370603484,0.6247644368801434,1.4980343687351636,0.05985762186114325,1.2699173078627255,0.644453021655838,95,0.6263980263157894,0.7534462386766444
211,3,1.0,0.020188756251719203,0.8245,0.011800000000000033,15,0.125,2.0314833966024795,0.04653039145569238,1.941511772566278,0.302534874063046,1.2758620353368417,0.08657568905650215,1.2247276881724527,0.29186483776104577,1.3382496581465804,0.05346970682347114,1.283388205311346,0.28804331494812496,95,0.6885690789473684,0.7312193956765795
211,3,1.0,0.020188756251719203,0.8245,0.011800000000000033,5,0.125,1.9802811504364766,0.04535762255120645,1.9055046913502611,0.28804526790012486,1.0988300347175517,0.07456289534200014,1.1305560249871955,0.149161895338253,0.9634660671130755,0.038495244761912926,0.9958032678770302,0.06032897174100764,95,0.7511513157894737,0.8468359973724545
211,3,1.0,0.020188756251719203,0.8245,0.011800000000000033,17,0.125,2.2557460424166393,0.0516670461367368,2.0176625460341,0.46571128119550104,1.2707065591001068,0.08622585584942509,1.0940443307916101,0.5325366649262081,0.8291094176665026,0.033127030683202316,0.8014243879000451,0.2768654540939591,95,0.6401726973684211,0.7566959984584751
211,3,1.0,0.020188756251719203,0.8245,0.011800000000000033,13,0.125,2.177421383241848,0.049873048185224186,1.9756755992220967,0.4279936351968124,1.3164774173694933,0.0893317117206937,1.146056087809905,0.5155414929994036,0.8542237426641746,0.03413047244499936,0.7755589403189177,0.422364633922673,95,0.6638157894736842,0.7645564915758176
211,3,1.0,0.020188756251719203,0.8245,0.011800000000000033,2,0.125,2.116236062313958,0.04847162056889306,1.9563599940592922,0.3820756072194292,1.1561489461024461,0.07845236309922962,1.0865889324192792,0.3476351719916526,1.0027891883629472,0.04006639835931153,0.841315716571731,0.6269601812082026,95,0.6425164473684211,0.7339690259823372
211,3,1.0,0.020188756251719203,0.8245,0.011800000000000033,12,0.125,1.9575506084431338,0.044836987719182146,1.887362289906277,0.28440611952579475,1.1093847749499361,0.07527910437018853,1.0955173358377635,0.24360294212657232,0.7929436753315594,0.0316820300228765,0.7996665266521807,0.17821196035562273,95,0.7263980263157894,0.8180686063625042
211,3,1.0,0.020188756251719203,0.8245,0.011800000000000033,4,0.125,2.1607231786708194,0.04949058185712295,1.9758751827296352,0.4089154834549652,1.457806077854103,0.09892179734594486,1.2494723187737995,0.5695060680286473,1.3065449219775127,0.052202945470269387,1.1943073542251736,0.46053956805475577,95,0.66015625,0.8009965742759265
211,3,1.0,0.020188756251719203,0.8245,0.011800000000000033,3,0.125,2.013944401282996,0.04612866712000743,1.9133560261796714,0.3174963276427053,1.1597468524662538,0.0786965048747353,1.084092287956284,0.3590041987921758,1.0682620561155405,0.04268236393965888,1.0777735055117175,0.11792817801590127,95,0.7274671052631579,0.8046009495817319
212,3,1.0,0.019770044256881256,0.7996,-0.024900000000000033,15,0.125,1.9849473856669895,0.04550438407321402,1.940114465267598,0.24854646348769996,1.2207663149563368,0.08293461628085716,1.3265989462546097,-0.030451626027881176,1.2019061351486777,0.04819687762544639,1.5048021056505092,-0.4513937374450962,95,0.6683388157894737,0.7915590008613265
212,3,1.0,0.019770044256881256,0.7996,-0.024900000000000033,19,0.125,2.1090332470356907,0.048349019016461964,1.9405582025226968,0.39331923457376305,1.3208261107243515,0.08973233068818666,1.2805952900401185,0.2649444942171405,1.3671666776477227,0.05482388609991105,1.4910095342883727,-0.06471106658779649,95,0.6798519736842106,0.8939760493528487
212,3,1.0,0.019770044256881256,0.7996,-0.024900000000000033,11,0.125,1.8883739570614178,0.04329046423923394,1.7059829170242682,0.42989900663747305,1.3055790557043774,0.08869649881602373,1.0988846502090386,0.5788752411973,1.4404122509358854,0.057761060500754385,1.1141462498573107,0.7420253631017314,95,0.8236019736842105,0.9532201697453819
212,3,1.0,0.019770044256881256,0.7996,-0.024900000000000033,17,0.125,1.9813817898533324,0.04542264374975452,1.9315073081540153,0.25542177052808,1.0421958710394779,0.07080316158399594,1.1201958288135776,0.06450215982826046,0.7046333238059356,0.02825605518195077,0.8279769071535075,0.10256454427766613,95,0.6495476973684211,0.8204089384060265
212,3,1.0,0.019770044256881256,0.7996,-0.024900000000000033,0,0.125,1.9883936815625547,0.04558338947819056,1.809880670174385,0.41577553330506867,1.6150974668735334,0.10972410282809271,1.4159649103895984,0.5362069668808129,2.1307273533829862,0.08544294974539554,1.826690998192084,0.6707437380502813,95,0.8391036184210526,0.9640319498211398
212,3,1.0,0.019770044256881256,0.7996,-0.024900000000000033,16,0.125,2.3298045227619837,0.05341014103688617,2.071894026962943,0.4851513780491174,1.482379922804252,0.10070773462045807,1.238512061368301,0.6260492965312361,1.290935925528631,0.051767004931129006,0.9127764446719204,0.827860124838012,95,0.6684210526315789,0.8084399606299213
212,3,1.0,0.019770044256881256,0.7996,-0.024900000000000033,3,0.125,1.978698364741266,0.04536112695197293,1.8316103713001286,0.37835239760920747,1.1653836222211074,0.07917210881786155,1.0712724961652909,0.39422349217565256,1.0911751826600473,0.043756525745735374,0.8917904645378144,0.5882178317010224,95,0.7232319078947368,0.8072659048268804
212,3,1.0,0.019770044256881256,0.7996,-0.024900000000000033,4,0.125,1.9541779614673815,0.044799003312695714,1.8344704707514727,0.3467697194230059,1.1563348673163147,0.078557367891073,1.05302706223655,0.4131865591895526,1.2650880489145429,0.050730495581842144,1.18214684088693,0.3591333467656507,95,0.6863898026315789,0.8341819924519259
213,3,1.0,0.01935464731735119,0.8117,0.0121,8,0.125,2.0870014020955807,0.047882125386340325,1.9070728606138037,0.4132600015535651,1.2455332045372722,0.08487689129030733,1.11980135937241,0.4446303905438155,0.7931159392727628,0.03198975773901192,0.7314418283867158,0.3949662125598739,95,0.6675575657894737,0.7695103172158916
213,3,1.0,0.01935464731735119,0.8117,0.0121,12,0.125,1.9065591246478262,0.04374223370007949,1.7684201534232904,0.3737394430584721,1.100397178164495,0.07498659315303213,0.9868909516146869,0.44319236468561507,0.8756609187851718,0.035319149781737634,0.7175049636153673,0.5967594704970406,95,0.7307154605263158,0.8305103820831692
213,3,1.0,0.01935464731735119,0.8117,0.0121,16,0.125,1.9546933265755329,0.04484657789925427,1.848276340259615,0.32711044873591283,1.1250479439121661,0.07666642019976688,1.0275533237389591,0.40719427115864726,0.9433452223049132,0.03804914720722833,0.8216246701115705,0.5017750956851212,95,0.7060855263157895,0.8536571162357326
213,3,1.0,0.01935464731735119,0.8117,0.0121,0,0.125,1.6657206006943093,0.03821666941908564,1.5978494692990366,0.30571153961324343,1.3317058816415457,0.09074913052096792,1.2088431765279333,0.42795983886911837,1.8695964130133815,0.07540881901435981,1.681130779087001,0.5752353918826179,95,0.8416529605263158,0.9649714201963946
213,3,1.0,0.01935464731735119,0.8117,0.0121,13,0.125,2.047282115640856,0.046970844803408546,1.9086554536115625,0.3621896189174233,1.1818568230674125,0.080537662686775,1.1288370164504786,0.30681974425364705,1.0485511404788173,0.04229255181990005,1.0988904217737714,0.04329534661715086,95,0.6785773026315789,0.8212446221899049
213,3,1.0,0.01935464731735119,0.8117,0.0121,19,0.125,1.9229280986272417,0.04411778747965104,1.824555328593574,0.31919306162215855,1.2165583773228714,0.08290240096706798,1.1619481091416575,0.3046980920931097,1.4923739701914573,0.060193824633265225,1.5699893984038478,-0.08464977338572513,95,0.6816611842105263,0.8923271806007962
213,3,1.0,0.01935464731735119,0.8117,0.0121,9,0.125,1.9904333369260843,0.04566656185096406,1.873400102382166,0.33819212752169214,1.1964292013580782,0.08153069776886866,1.1933479664496767,0.19786868343883993,0.8874679259505971,0.03579537687558606,0.9119277596563446,0.1468515629038543,95,0.6518914473684211,0.7958874731928851
213,3,1.0,0.01935464731735119,0.8117,0.0121,7,0.125,2.0259664669292126,0.04648179934168664,1.8343681862351986,0.43307002714267695,1.1635509799173511,0.07929021054871464,0.9982118232404398,0.5323553596235895,1.108356226005136,0.04470474668677167,0.9642662112687658,0.5272790803806721,95,0.7504523026315789,0.8300915018355158
214,3,1.0,0.018942610986084487,0.8132,0.0015000000000000568,2,0.125,2.008689078446269,0.04612520728832439,1.8684670774603223,0.3676042295653848,1.129821692536462,0.0772953103651798,1.0446806667913382,0.38155838802418834,1.1893656293989048,0.04816169850897452,0.9874272605417335,0.600978616392082,95,0.6560032894736842,0.7402532280305879
214,3,1.0,0.018942610986084487,0.8132,0.0015000000000000568,5,0.125,2.0644072634726314,0.04740465509418297,1.881216997971731,0.4197789927373555,1.2503915631830747,0.08554394431678783,1.0789744207035097,0.5319118303807575,1.0163595788427895,0.04115606034258234,1.024604015308257,0.20175339938342085,95,0.7372532894736842,0.8182375906302287
214,3,1.0,0.018942610986084487,0.8132,0.0015000000000000568,19,0.125,1.868043851718877,0.04289559335427926,1.753407347843074,0.3460509075895555,1.2847953892838546,0.08789763820828977,1.1698099290507928,0.41812005159925636,1.7084788887611744,0.06918246426126232,1.4656837342154294,0.6348105290859649,95,0.6964226973684211,0.8951408159650469
214,3,1.0,0.018942610986084487,0.8132,0.0015000000000000568,13,0.125,1.9627647104868726,0.04507065334344461,1.8106140512268927,0.3873106394146745,1.2328073292263966,0.08434094137376238,1.131951297941844,0.3969801909924451,1.2243427064218673,0.04957804634740706,0.9734698706704047,0.6857870187350901,95,0.6844983552631579,0.7944975070583288
214,3,1.0,0.018942610986084487,0.8132,0.0015000000000000568,0,0.125,1.5434029814897505,0.03544091677229524,1.5798993296404722,0.17350070467650355,1.1404868772202408,0.07802495537525563,1.235619297218753,-0.015963613654848646,1.5702394913893647,0.06358465311411471,1.7715812806298652,-0.3360091491506005,95,0.8469983552631579,0.9629108209136366
214,3,1.0,0.018942610986084487,0.8132,0.0015000000000000568,3,0.125,1.9730883485383308,0.045307713399280365,1.8256623843857473,0.38017479920797725,1.1947650666353173,0.0817383284894499,1.0603032997110444,0.4688115922271647,0.8813713650137179,0.03568990132806095,0.9587685438973085,0.0735046269698285,95,0.7155016447368421,0.7844951439572438
214,3,1.0,0.018942610986084487,0.8132,0.0015000000000000568,16,0.125,1.8764498925957294,0.043088619931702016,1.7662803499330322,0.33922545050177805,1.0885186270608997,0.07446961380964665,1.0434867186436116,0.30656319778535335,0.6566202641500372,0.026588919685580432,0.712429232557744,0.21095053341043338,95,0.7070723684210526,0.8508955571063038
214,3,1.0,0.018942610986084487,0.8132,0.0015000000000000568,6,0.125,2.0831349461925885,0.04783469588882709,1.880698725194935,0.4433577798973544,1.2717071260338317,0.08700222136797359,1.104778896966046,0.5207702703309834,1.3694652306342663,0.055454580093813766,1.060719094948215,0.7753538662151954,95,0.6580180921052632,0.8493407486096357
215,3,1.0,0.018533980447508137,0.8175,0.0042999999999999705,18,0.125,1.9351146864315243,0.04447358185802579,1.762989260706688,0.41808923125885955,1.2560930814907434,0.08596253398734172,1.0964830562007308,0.5226423701692826,1.4476648933560217,0.05928553886818963,1.3551571609619575,0.3970515574792761,95,0.7651726973684211,0.9406738674834757
215,3,1.0,0.018533980447508137,0.8175,0.0042999999999999705,6,0.125,1.834366164234913,0.04215813891275585,1.757034444798174,0.2961158410714455,1.0249734483122521,0.07014552996510086,1.043282437213392,0.1614598953747255,1.0590994499837043,0.04337280118862805,1.0785710341984232,0.08169686552760294,95,0.6648848684210527,0.8511440940012368
215,3,1.0,0.018533980447508137,0.8175,0.0042999999999999705,9,0.125,1.9642490022964831,0.045143158390405475,1.8665962550208268,0.3128865454676212,1.1617875670315247,0.07950860066715086,1.1428361322560459,0.22581605194628004,0.8826793367609946,0.036147951344166734,0.9832481962060807,-0.17042908326642967,95,0.6712171052631579,0.7805684881156579
215,3,1.0,0.018533980447508137,0.8175,0.0042999999999999705,3,0.125,1.7702881534606334,0.04068547236877723,1.6644616177429343,0.34272905993249075,1.0318401834146216,0.0706154648435885,0.956908837055977,0.37552175472467536,1.0121100557896954,0.0414484666491453,0.904742342008542,0.4821864958397119,95,0.7267680921052632,0.8146534653465346
215,3,1.0,0.018533980447508137,0.8175,0.0042999999999999705,16,0.125,1.8414616374904518,0.04232120992496214,1.7479833304386523,0.3182348842103164,1.073801934097188,0.0734871775155009,1.0118223309052101,0.3389964924386985,0.7621824972561587,0.031213301001574555,0.6741126171406957,0.47144310143766854,95,0.7008634868421053,0.8422411264300381
215,3,1.0,0.018533980447508137,0.8175,0.0042999999999999705,4,0.125,2.028245615096698,0.0466139542134971,1.8810403097089625,0.37658142065176115,1.232879078229547,0.08437385033504857,1.13452582206146,0.3950454885174512,1.4435521928524027,0.05911711338057883,1.4147774212921036,0.1991809174806458,95,0.6719572368421053,0.8101211602007098
215,3,1.0,0.018533980447508137,0.8175,0.0042999999999999705,8,0.125,2.07739714600581,0.047743574410512246,1.8965294679887004,0.4187792985012847,1.4407379400187694,0.09859897006098498,1.267229782144857,0.5334549442835284,1.0732771604263434,0.04395341429002092,0.9303415185081483,0.5765346082514992,95,0.6544819078947368,0.6575359678331344
215,3,1.0,0.018533980447508137,0.8175,0.0042999999999999705,5,0.125,1.835158772360776,0.04217635495060316,1.7339697975492716,0.3296727522147183,1.1051292860138284,0.07563110983512769,1.0798380346027063,0.24984461895390553,0.946840503979635,0.03877551342046394,0.9316009403201102,0.2117764579164884,95,0.7438322368421053,0.8364842454394693
216,3,1.0,0.018128800512565515,0.8128,-0.0047000000000000375,7,0.125,1.9214719976887056,0.04419997627638194,1.7948171771538506,0.36165805148316577,1.1678131549617758,0.07993267562366503,1.0877204713818016,0.3790417455585098,0.9467698419060306,0.03889190308538141,1.1287226775089048,-0.1480155040407496,95,0.7598273026315789,0.8810000541154824
216,3,1.0,0.018128800512565515,0.8128,-0.0047000000000000375,2,0.125,2.1318170090363435,0.049038581534540444,1.866959499214609,0.4973134163445974,1.2661400585160778,0.08666280402947381,1.0462620188049103,0.5781921056008074,1.0077420874968597,0.04139655264376051,0.6685846731878116,0.818690376290418,95,0.6582236842105263,0.702023988005997
216,3,1.0,0.018128800512565515,0.8128,-0.0047000000000000375,17,0.125,2.1168473426817385,0.04869423152655969,1.865210427707981,0.48409377617453214,1.2937022520925903,0.08854933859133199,1.0650473014759418,0.5869581381869516,0.8030713491732082,0.032988981799222605,0.7212770630779035,0.4635543200213128,95,0.6505756578947368,0.763746681835419
216,3,1.0,0.018128800512565515,0.8128,-0.0047000000000000375,18,0.125,1.7135115107850483,0.03941622267569291,1.767486492119987,0.1669686602389155,0.9866668549595018,0.06753385276661063,1.1340245510548217,0.007325231250480143,1.1921551160943287,0.04897196677129067,1.5111329500033666,-0.5322362853027299,95,0.7850740131578947,0.9408683810820719
216,3,1.0,0.018128800512565515,0.8128,-0.0047000000000000375,19,0.125,2.0194831795780748,0.04645454564795813,1.8105008550117565,0.44545417703442625,1.3658524508184282,0.093487764234537,1.1088488944392063,0.6184417951882026,1.4026367907970878,0.05761824227718175,1.0619324786646798,0.7853922569150975,95,0.6918585526315789,0.8688339474622608
216,3,1.0,0.018128800512565515,0.8128,-0.0047000000000000375,9,0.125,1.8553649908176524,0.04267930455235063,1.672087586204563,0.43336753051538324,1.1090557129533454,0.07591093675852105,0.9545123679792801,0.5091935156517742,0.891657000995077,0.03662794919437693,0.5993745861264651,0.7734241720136421,95,0.6746710526315789,0.8331911262798635
216,3,1.0,0.018128800512565515,0.8128,-0.0047000000000000375,4,0.125,1.9088720533850057,0.043910137423680905,1.7622956805806915,0.3859700898442172,1.1739253669713243,0.08035103489443236,1.1461536747588459,0.2896569332128028,1.2451564752747795,0.051149184119584884,0.994570246154253,0.6566150007830199,95,0.6892269736842105,0.8312850495167641
216,3,1.0,0.018128800512565515,0.8128,-0.0047000000000000375,10,0.125,2.16922546420203,0.04989909515787107,1.9606732695549713,0.4321319204552443,1.5266035725703113,0.10449060935281633,1.3039628286126337,0.5499610216893481,1.207520226968336,0.0496031427726354,0.908868076171842,0.7369057865308849,95,0.7416529605263158,0.88584576149027
217,3,1.0,0.01772711561380248,0.8043,-0.008499999999999952,7,0.125,1.815051504058151,0.0417826653935487,1.711903081148701,0.33819895574115844,1.0350328903482116,0.07142547813212302,0.9238593660125134,0.45611859045052394,1.2266254448603013,0.050733119989608264,0.9930192584774824,0.6536755976826809,95,0.7729851973684211,0.9052077238150965
217,3,1.0,0.01772711561380248,0.8043,-0.008499999999999952,2,0.125,1.7449463570334471,0.040168837965539314,1.7098872005606995,0.25625707621117166,1.0130757844333114,0.06991026368532241,1.0175792929178484,0.2599416850021101,0.9191368264430689,0.038015417907880315,0.9316233400983106,0.21633297538119745,95,0.6481907894736842,0.7610378076630296
217,3,1.0,0.01772711561380248,0.8043,-0.008499999999999952,6,0.125,1.9768534135941747,0.04550736137659135,1.8221587265533041,0.3883120686253473,1.1347061156123335,0.07830372116946809,1.0874973297048587,0.3245451916691591,0.9565438020090147,0.039562567111239295,1.05652307729933,0.0005299951544459771,95,0.6678865131578947,0.855014467770732
217,3,1.0,0.01772711561380248,0.8043,-0.008499999999999952,11,0.125,1.8872813611513968,0.043445403857775906,1.6377180864455223,0.5130269189224371,1.3591691797313195,0.09379345277819624,1.061190227035941,0.6880946758320727,1.2712405245275489,0.05257839574154098,1.0066066494357355,0.7045341254335864,95,0.8232319078947369,0.9514509764747016
217,3,1.0,0.01772711561380248,0.8043,-0.008499999999999952,16,0.125,2.151976326199493,0.04953870816965583,1.9020123024989057,0.4925814982555624,1.3855339305628185,0.0956128296806448,1.1174637683635256,0.6416453150421498,0.9712232080111538,0.04016970604611401,0.6890504095726261,0.7682160391732622,95,0.7062911184210526,0.8416487163066891
217,3,1.0,0.01772711561380248,0.8043,-0.008499999999999952,18,0.125,2.03519107876575,0.04685030020684215,1.8271296394928385,0.45005411129009093,1.2693163657458941,0.08759289600336118,1.0352231548973687,0.6050863673441156,1.560762521878375,0.06455299996386195,1.3257326418370634,0.6277787380753935,95,0.7800986842105263,0.9378557874762808
217,3,1.0,0.01772711561380248,0.8043,-0.008499999999999952,9,0.125,1.7076988278712233,0.03931139615507717,1.6704811715530885,0.26369848640297255,1.0016259606763394,0.06912013503917365,1.102860266863169,0.07563861909367765,0.721395141249024,0.02983683928477067,0.9396050113450599,-0.24803261932420567,95,0.6869654605263158,0.8425210989405638
217,3,1.0,0.01772711561380248,0.8043,-0.008499999999999952,4,0.125,1.8007933416020876,0.04145444108162335,1.7026519683376447,0.33326052474307355,1.1724769692828696,0.08091020962798352,1.0215999384326202,0.4915152607728705,1.0380666610316902,0.042934345355383215,1.0701463976956938,0.14380184640340396,95,0.6972039473684211,0.8356334041047417
218,3,1.0,0.017328969800494743,0.8022,-0.0020999999999999908,11,0.125,1.4968377911842636,0.03448357197831319,1.555708597455839,0.16356540371744113,0.9448626396669653,0.06551411499854813,1.1189594506396392,-0.07625370245573172,0.8066870652387054,0.03344112648007146,0.9767965572722361,-0.17755714124319613,95,0.8305098684210527,0.9562332904247945
218,3,1.0,0.017328969800494743,0.8022,-0.0020999999999999908,10,0.125,2.1607991463104432,0.04977965770995241,1.9008031866087862,0.502670047750806,1.6197239156537735,0.11230709567841751,1.3134343734521954,0.6857334269541951,1.3176973819406879,0.05462500480145706,1.0849907433402153,0.6597557249066232,95,0.7523026315789474,0.8844556187144731
218,3,1.0,0.017328969800494743,0.8022,-0.0020999999999999908,15,0.125,2.219311742906692,0.05112764835279179,1.9471563388074407,0.5133239292469547,1.5807737285917194,0.10960639937900854,1.3354692893692781,0.5937459650871083,1.635525424614451,0.06780053250230322,1.3739550540572298,0.695258824727288,95,0.6369654605263158,0.746046091278807
218,3,1.0,0.017328969800494743,0.8022,-0.0020999999999999908,5,0.125,1.8694336556162352,0.04306729186141176,1.7133718187451246,0.4000559854687725,1.2834917782445479,0.08899370599438913,1.116766966224884,0.5003356779588206,0.9506802669287083,0.039410349339199555,0.893660487884341,0.3538614399591201,95,0.7468338815789474,0.8454550459725816
218,3,1.0,0.017328969800494743,0.8022,-0.0020999999999999908,2,0.125,1.8627732549056226,0.042913852117532035,1.7419750899307307,0.3562760567754771,1.0639914617735209,0.07377417209412909,0.940765361790187,0.46819832047565857,0.9120941512241925,0.03781076601717423,0.7972985836839357,0.48604866368563915,95,0.6493421052631579,0.7460739614994935
218,3,1.0,0.017328969800494743,0.8022,-0.0020999999999999908,8,0.125,1.9545562110158552,0.04502831247659705,1.767847459982002,0.42996124642993,1.112235780813268,0.0771192973355194,1.0173951649529385,0.4097887174445837,1.0913447850170657,0.04524158197370214,0.9632587860406292,0.4782215326805543,95,0.6672697368421052,0.8015775203352231
218,3,1.0,0.017328969800494743,0.8022,-0.0020999999999999908,16,0.125,1.7565589913028896,0.040466928859955426,1.6863453894906741,0.3027362233050391,1.0201099508204559,0.0707315516811742,1.0200496795026746,0.2607155183199296,0.6913075967312857,0.028658082886310228,0.7476808105250121,0.1702715841376077,95,0.7178865131578948,0.8627641903889112
218,3,1.0,0.017328969800494743,0.8022,-0.0020999999999999908,12,0.125,1.7924558699129296,0.04129390731055074,1.6852482708565866,0.3464702561574077,1.083983140314859,0.07516033879390767,1.0086026877222964,0.38209305911902636,0.6808012560446907,0.028222543650734188,0.7340197203362351,0.18294556511760168,95,0.7134868421052631,0.8372521899492854
219,3,1.0,0.0169344067338174,0.8114,0.009199999999999986,13,0.125,1.9076964568594206,0.04398259881484461,1.7355086942098912,0.4232939260590179,1.196652291172704,0.08302021122388324,1.0191677822355405,0.5528376100105632,0.7801535783577876,0.0325454965594558,0.8019119737341399,0.10578329585016104,95,0.691735197368421,0.8245259466206979
219,3,1.0,0.0169344067338174,0.8114,0.009199999999999986,8,0.125,1.7843438072615951,0.04113866099627736,1.6927649618888871,0.31942449531032313,1.120966939172319,0.07776938443319682,1.0694822978262195,0.31267838569721,0.9817113160645663,0.040953836713295694,0.8936244676295021,0.4400562783208129,95,0.6704769736842106,0.8007481908499938
219,3,1.0,0.0169344067338174,0.8114,0.009199999999999986,10,0.125,1.7440059589058374,0.04020865801026455,1.6762383494509263,0.28860297713656086,1.149891759415586,0.07977610326365642,1.161129140275144,0.17101198598455486,1.0159976216261757,0.04238415103940657,1.0690562188342887,-0.05009203610323059,95,0.7688733552631579,0.9021338039467351
219,3,1.0,0.0169344067338174,0.8114,0.009199999999999986,7,0.125,1.902281975015197,0.04385776607120321,1.7449791092234783,0.4028328001997383,1.1472927952728826,0.07959579478668097,1.009667774426722,0.4834247720857854,1.0405605962336413,0.04340883929022512,0.9485631863289977,0.4451207488487102,95,0.7495888157894737,0.8534284147010422
219,3,1.0,0.0169344067338174,0.8114,0.009199999999999986,11,0.125,1.6542840789375048,0.03814008916778878,1.5521193775908053,0.3487921677225823,1.2032956047401735,0.0834811047513233,1.1112190790014265,0.3837538277069597,1.137887051899719,0.04746898579970083,1.0541552819488371,0.40789364261712113,95,0.8203536184210526,0.953987268808581
219,3,1.0,0.0169344067338174,0.8114,0.009199999999999986,18,0.125,1.6605879964985106,0.038285428158198194,1.5749257869265718,0.3241171688742992,1.0267774502246028,0.07123479512501452,0.9686075016915952,0.344922061842341,1.5331877626993866,0.06395965927755913,1.459208618036168,0.34592688227712354,95,0.771875,0.9494459833795014
219,3,1.0,0.0169344067338174,0.8114,0.009199999999999986,6,0.125,1.7891094530697782,0.04124853460165168,1.6635928805118014,0.36798240515395736,1.141440104716433,0.07918975235496649,1.0422164745652187,0.40800624552595066,1.027999558203897,0.042884833208190906,1.0092499135408077,0.2039589549848086,95,0.6776315789473685,0.8564320388349514
219,3,1.0,0.0169344067338174,0.8114,0.009199999999999986,19,0.125,1.9048606643236252,0.04391721864129785,1.7425275658118518,0.40970301339854137,1.304907004335685,0.09053060435902202,1.1828650753310217,0.43077929949702914,1.527337899328435,0.06371562180404866,1.5252951109906299,0.10064041847025262,95,0.6888569078947369,0.873873336118904
220,3,1.0,0.016543469682057086,0.8192,0.007800000000000029,10,0.125,1.6874934908731156,0.03893490700428579,1.592485585766789,0.3321304749919782,1.21447760073321,0.08468596875876468,1.0671356741866964,0.5154573116317662,1.1194762003009457,0.046771213485245086,0.9474746996143928,0.6312185759635537,95,0.7662828947368421,0.9109250912212922
220,3,1.0,0.016543469682057086,0.8192,0.007800000000000029,17,0.125,1.8599345699321042,0.04291357561142013,1.7035749737568375,0.40947406446393503,1.1037573073872728,0.07696540207429516,1.0050554432338117,0.4184393367188541,0.8767085013244502,0.03662848792028982,0.8255869046918001,0.3383135945695204,95,0.6493421052631579,0.7981889564336373
220,3,1.0,0.016543469682057086,0.8192,0.007800000000000029,0,0.125,1.5572925404160156,0.03593082910689852,1.530964188411712,0.23876771001272581,1.2734955960248253,0.08880131522744655,1.3516823052496072,-0.053533723848748174,1.8679267864984317,0.07804114324417064,1.9851311214154992,-0.28156902151650437,95,0.8362253289473685,0.9654324629984757
220,3,1.0,0.016543469682057086,0.8192,0.007800000000000029,6,0.125,1.7200590808066814,0.03968628069696122,1.6200725851903863,0.33648186605247965,1.0448833058250464,0.0728600963412029,0.9793926103031669,0.3492845096814318,0.9483447981250078,0.039621420266730545,0.8270115874204301,0.5195015978509308,95,0.6822368421052631,0.8577025072324012
220,3,1.0,0.016543469682057086,0.8192,0.007800000000000029,8,0.125,1.7069683803677134,0.0393842438553563,1.636449881665012,0.29194630166461555,0.9738300141907807,0.06790552424212584,0.9983474153743471,0.13656722212331285,0.9690255202360297,0.04048545155977957,1.0113233064447178,0.03692647626965326,95,0.6769736842105263,0.8166909620991254
220,3,1.0,0.016543469682057086,0.8192,0.007800000000000029,2,0.125,1.776731323363292,0.04099385818131898,1.6393403609077473,0.38815168302814496,1.0268415255346426,0.07160203638101656,0.9336962767192818,0.4179067191729302,1.0358478884047793,0.043277260127366844,0.8912402893876553,0.5688838282308009,95,0.6681743421052632,0.7752615384615384
220,3,1.0,0.016543469682057086,0.8192,0.007800000000000029,5,0.125,1.7422844533353676,0.04019907841571999,1.6148323854091233,0.37633299504318135,1.0976709965185587,0.07654100138401246,0.9794870426049004,0.46437787485488824,0.9844845453884911,0.041131322696196015,0.9957226466200552,0.13176303358122526,95,0.7348684210526316,0.8639771709937332
220,3,1.0,0.016543469682057086,0.8192,0.007800000000000029,15,0.125,1.8571761353479026,0.042849931280586166,1.69845841986678,0.4132369349758031,1.2738856552563722,0.08882851420079682,1.1213939411841574,0.5206900562426705,1.5284030313151389,0.06385599305274994,1.3628884290813257,0.5852664790641486,95,0.6525082236842106,0.8113932825004726
221,3,1.0,0.01615620151586697,0.8138,-0.005400000000000071,10,0.125,1.6143170557032003,0.03727598436358683,1.5441614971773363,0.29529821094201236,1.031925131717701,0.07176678970250105,0.9944613720618041,0.2737964091398868,1.078255692868582,0.04530286350665823,1.1040169481783861,0.06741348503474301,95,0.7697779605263158,0.9123444260456173
221,3,1.0,0.01615620151586697,0.8138,-0.005400000000000071,0,0.125,1.5220898396114093,0.0351463777582492,1.4467725878303537,0.31439429517119755,1.3123243477908517,0.09126757610080444,1.2466900900265097,0.3169207719545976,1.8390996849707488,0.07726968895634907,1.7121584346101488,0.46936857006613764,95,0.8330180921052631,0.9641147144478996
221,3,1.0,0.01615620151586697,0.8138,-0.005400000000000071,6,0.125,1.6420695389877726,0.03791681333167068,1.5683834947434299,0.2985717273552654,1.003341993139012,0.06977893221908105,0.965472917047774,0.27963395025982496,1.1116607294303227,0.04670637458645172,1.0966240050185727,0.19080901283093182,95,0.6687088815789474,0.8521183053557154
221,3,1.0,0.01615620151586697,0.8138,-0.005400000000000071,5,0.125,1.6640456408892248,0.03842426063141706,1.5763969965758446,0.3204619903624399,0.9707605270399988,0.06751300501772017,0.9402927373742924,0.2646428162266849,0.8481124987065274,0.035633407754124914,0.7838670972461141,0.381808185841078,95,0.7375822368421052,0.8508752369271937
221,3,1.0,0.01615620151586697,0.8138,-0.005400000000000071,19,0.125,1.7489767211051463,0.040385393115848475,1.6332643598480603,0.36049959489279104,1.1688362222055568,0.0812884779887691,1.076379037145742,0.40495039934851856,1.3917596581280607,0.058474718235439434,1.4136730860177935,0.04633702565551069,95,0.686266447368421,0.8789694427801078
221,3,1.0,0.01615620151586697,0.8138,-0.005400000000000071,18,0.125,1.6352134017420592,0.037758499161685964,1.5275462379036022,0.3574147892930587,1.0955424847076145,0.07619115446805064,1.0196794549686805,0.36972324123724387,1.4168073336422031,0.05952709517393482,1.292150995314675,0.4847905618816864,95,0.7668174342105263,0.9472357767172502
221,3,1.0,0.01615620151586697,0.8138,-0.005400000000000071,7,0.125,1.72131454473636,0.03974664941296634,1.5930602155093634,0.3840364335321957,1.0278274923716633,0.07148181319385234,0.9305980129659783,0.4363016712873812,1.1568263876696872,0.04860400764690215,1.0545276692022807,0.4435017152734527,95,0.7671463815789473,0.892265637562309
221,3,1.0,0.01615620151586697,0.8138,-0.005400000000000071,15,0.125,1.7731631465671942,0.04094387870834668,1.6821458035425563,0.3163090708480434,1.1528421470002181,0.08017614590530016,1.1452261963186618,0.17166134492558158,1.1180496265168325,0.04697480380466269,1.2092959075805727,-0.15273433435263659,95,0.6620065789473685,0.7796273291925466
222,3,1.0,0.015772644703565566,0.8269,0.0131,8,0.125,1.729681536173457,0.039968297576283646,1.62301264075231,0.3459200573864377,1.0384771500207006,0.0727558595188982,0.9471612376203089,0.4100414077701304,0.922830923933783,0.03896870568262645,0.7815675076824876,0.5682093564141633,95,0.6837582236842106,0.8072042816765891
222,3,1.0,0.015772644703565566,0.8269,0.0131,2,0.125,1.7261000062514826,0.039885538033150335,1.615957682335933,0.3515500650835459,1.0384870708118654,0.07275655457096389,0.9737412710768094,0.3521861059530168,0.8624503215954259,0.03641899277158406,0.8612719428971459,0.200273252597352,95,0.6677631578947368,0.7594827586206897
222,3,1.0,0.015772644703565566,0.8269,0.0131,11,0.125,1.5523605187767169,0.03587088482045276,1.4272143028954176,0.39338839560355476,1.1368565682664147,0.07964833580813904,0.9566227146971793,0.5774988467537588,1.0690719174748176,0.04514407550198934,0.9422019276954942,0.5103234909812158,95,0.8212582236842105,0.9535873429129325
222,3,1.0,0.015772644703565566,0.8269,0.0131,14,0.125,1.9252576657784937,0.04448753697578894,1.7480666559326732,0.43408856493981274,1.4516812518363078,0.1017049987308005,1.2480559872826484,0.5920687214151032,1.6022423395098058,0.06765845025483845,1.4093138421900724,0.6400448084622643,95,0.6987664473684211,0.8238790161233377
222,3,1.0,0.015772644703565566,0.8269,0.0131,9,0.125,1.8173049910744097,0.04199304042454871,1.6305346663632347,0.45678931015957147,1.1235597591554576,0.07871675943623033,1.016570035828318,0.4289146927012098,0.7743380012987661,0.032698242862145364,0.8065743703559721,0.12226073982611235,95,0.6659539473684211,0.7371573227957521
222,3,1.0,0.015772644703565566,0.8269,0.0131,15,0.125,1.7054348363580951,0.039408021425329794,1.6563983314493351,0.2593302471612731,1.0965191597633035,0.07682229112689569,1.185800334129773,-0.025066355884222,1.2626930686504536,0.05332018388588662,1.3537639294415111,-0.1435276252498182,95,0.6806332236842105,0.7941762822449103
222,3,1.0,0.015772644703565566,0.8269,0.0131,7,0.125,1.6804101283053867,0.038829767592301674,1.5806867723170877,0.34044399095650585,0.9769866545632812,0.0684478265023236,0.8739248761444169,0.4472203741741548,1.0137756797495945,0.042809061841973126,0.9091133954005979,0.45982512964441885,95,0.7630756578947369,0.8537557926500701
222,3,1.0,0.015772644703565566,0.8269,0.0131,6,0.125,1.6127205195445578,0.03726564242290187,1.5596914351990072,0.27593443224338526,0.9562923598533928,0.06699798121807704,0.9621655077940109,0.20821587096570487,0.859790953106911,0.036306694683989824,0.8990690891638797,0.07906522327151623,95,0.6847039473684211,0.86109776603411
223,3,1.0,0.015392841306479665,0.8303,0.0034000000000000696,12,0.125,1.677992450896952,0.038805300648069974,1.5817973159328904,0.33517509192206685,0.9119259219588086,0.06386026815070225,0.8931991263503044,0.2677684521969175,0.5472369309985504,0.023151077816613543,0.7806283872756874,-0.10347944970451771,95,0.7146381578947368,0.8401611047180667
223,3,1.0,0.015392841306479665,0.8303,0.0034000000000000696,1,0.125,1.7543783645685516,0.04057180343759055,1.592234582244128,0.426767569117826,1.3309221694244766,0.09320170046772785,1.1376015926704155,0.5949055903720681,1.927299996072957,0.0815351992118423,1.534932347868159,0.8312099586016183,95,0.6991776315789474,0.9006704304869443
223,3,1.0,0.015392841306479665,0.8303,0.0034000000000000696,11,0.125,1.4035975428207397,0.032459636280804685,1.393515282575814,0.23534346763354644,0.9041464132010603,0.06331548539654672,0.9505462553415515,0.10635765533190442,0.9059850050598116,0.038328058953463195,1.284172092867034,-0.6313255485066536,95,0.8296052631578947,0.9553429817605076
223,3,1.0,0.015392841306479665,0.8303,0.0034000000000000696,2,0.125,1.6475111567172867,0.038100389380947224,1.545772763202519,0.3469563646155251,0.9179186679917223,0.06427992764212112,0.9284326245743375,0.19442413003674175,0.9585603769304823,0.0405522811440129,0.8555026465226243,0.4562370015538821,95,0.6970805921052632,0.7701881672860261
223,3,1.0,0.015392841306479665,0.8303,0.0034000000000000696,4,0.125,1.7314428249680227,0.040041395503247056,1.5916341815466681,0.39576485605483686,1.0405236377675064,0.07286569766790617,1.001578838053525,0.2889437095244079,1.250069669874931,0.05288469868189431,1.0523582162625595,0.5631880155748947,95,0.6803042763157895,0.8450287095799335
223,3,1.0,0.015392841306479665,0.8303,0.0034000000000000696,17,0.125,1.7777192018081227,0.04111158429654201,1.6181945114369647,0.4207523328487923,1.1729172706893032,0.08213694733440427,1.0187201926014726,0.5284088601413854,0.9078899629993376,0.0384086489630133,0.7994735271875238,0.47967769513937,95,0.6663240131578947,0.7949398333847578
223,3,1.0,0.015392841306479665,0.8303,0.0034000000000000696,6,0.125,1.6710292944687313,0.03864427049652656,1.566701970870343,0.34835382742193394,0.9941548908304381,0.06961859114103743,0.9214157590470501,0.37671365498996967,1.115707283841425,0.04720044405929136,0.767198132891744,0.8101064372244355,95,0.6772203947368421,0.8500303582270795
223,3,1.0,0.015392841306479665,0.8303,0.0034000000000000696,13,0.125,1.7178134117031667,0.03972620130847174,1.5749971911742195,0.40159025642783,1.090279982201176,0.07635003057392521,0.9163321966392088,0.5810340243981555,0.9506716614128784,0.040218545870540176,0.7641457332491444,0.599005735727856,95,0.7037828947368421,0.8228558074316429
224,3,1.0,0.015016832974331722,0.8221,-0.008199999999999985,7,0.125,1.6208779064923617,0.037512293779517744,1.4927726488247932,0.3896444370733497,1.0310370601814023,0.07240081663196926,0.9084458135747954,0.4781571770913687,1.2911845586362989,0.055106429188054085,1.0042081578121576,0.7215492280154449,95,0.7870888157894737,0.9140633162678926
224,3,1.0,0.015016832974331722,0.8221,-0.008199999999999985,16,0.125,1.8761563053803758,0.04342025159441268,1.7022914346411862,0.4309732745700723,1.169279258573622,0.08210837074727376,1.014431327603659,0.5237485512655271,1.1645936210162553,0.04970365814874111,0.8001931805498205,0.851809710954958,95,0.7012746710526315,0.849545587804163
224,3,1.0,0.015016832974331722,0.8221,-0.008199999999999985,10,0.125,1.6633281132197404,0.03849472719993786,1.5580702161132791,0.3512016415769756,1.1450322083884168,0.08040571009410932,1.0810631079375577,0.3314802510962771,0.7824107937227551,0.03339248809309613,0.8984549838740572,0.040186464404073106,95,0.7650082236842105,0.9158828271969901
224,3,1.0,0.015016832974331722,0.8221,-0.008199999999999985,9,0.125,1.5336853286535803,0.035494378930915754,1.46490752369762,0.31222706611216766,0.9182609864102289,0.06448152822526196,0.9266471508371011,0.20881986947262665,0.7019019201719113,0.029956452160304854,0.7994028377433008,0.11791631226265527,95,0.6801398026315789,0.8672994377607158
224,3,1.0,0.015016832974331722,0.8221,-0.008199999999999985,19,0.125,1.6110234621816149,0.037284230451281875,1.5218321096380318,0.3332507318359007,1.050096921556024,0.07373922587224618,1.0186045491496212,0.273932849964293,1.1124269521488632,0.047477238366464766,1.3216595761920327,-0.26957541189981565,95,0.6938733552631579,0.9024592592592593
224,3,1.0,0.015016832974331722,0.8221,-0.008199999999999985,17,0.125,1.6237417173196595,0.03757857151249951,1.571416152396014,0.27584673269070176,0.9333014055273953,0.0655376867947496,0.9725300608230084,0.1298813671995111,0.7407021635063719,0.03161240664604308,0.935706264485696,-0.14524088166335233,95,0.6564144736842106,0.803244800801804
224,3,1.0,0.015016832974331722,0.8221,-0.008199999999999985,14,0.125,1.8034141881028676,0.04173676657525841,1.6506346872518487,0.40683623569450666,1.3594233761693106,0.09546054781574008,1.2595828871968937,0.3834081364757257,1.8142219328680464,0.07742912646089711,1.447827076743736,0.8253145569310396,95,0.6787417763157895,0.7911794996062277
224,3,1.0,0.015016832974331722,0.8221,-0.008199999999999985,8,0.125,1.8520465815420435,0.04286227554949037,1.669754214839571,0.4450717775893051,1.2704296445898982,0.08921128763847534,1.0748937282621671,0.5948356782490045,0.9402879658427779,0.0401305234480348,0.6909415103100174,0.7082584935428935,95,0.6899259868421053,0.7291256928303236
225,3,1.0,0.014644660940672627,0.8203,-0.0018000000000000238,9,0.125,1.532800213515729,0.03550057813054333,1.45316832620514,0.3227937734620654,0.9479001898838145,0.06671221996521869,0.9250638925847916,0.25592161318477313,0.8854731063450934,0.03795955061871954,0.6459558071356174,0.7135117119110381,95,0.6794819078947368,0.8534947049924357
225,3,1.0,0.014644660940672627,0.8203,-0.0018000000000000238,12,0.125,1.5954847331112771,0.036952389440233296,1.4757071440369738,0.38056622403638374,0.941304665588499,0.06624803389133578,0.8831933229891061,0.3486721884532977,0.7079276133889636,0.030348311972735038,0.785606519661256,0.13784820577556117,95,0.7189555921052632,0.8457535030025737
225,3,1.0,0.014644660940672627,0.8203,-0.0018000000000000238,16,0.125,1.6645274419219918,0.03855146024989689,1.5860808833549198,0.30618873190629964,1.0421274781391383,0.07334383756367673,0.9918864858355212,0.3099603560698321,0.6232242844342666,0.026717145447190914,0.8079878884659669,-0.10691235533766817,95,0.7185032894736842,0.853496623554996
225,3,1.0,0.014644660940672627,0.8203,-0.0018000000000000238,6,0.125,1.618999822650184,0.037497013107467746,1.4862243949669103,0.3987573002988651,1.0696566342674518,0.07528131066336459,0.944747267915435,0.4910761139149248,1.1355813142102287,0.04868149700939147,0.8186270053518255,0.802470989291489,95,0.6813733552631579,0.8602981111580472
225,3,1.0,0.014644660940672627,0.8203,-0.0018000000000000238,2,0.125,1.6890480644343329,0.039119372667727456,1.534617102430064,0.42598172014337876,1.0049655785599039,0.07072842209534654,0.8987787551660115,0.4560618512349176,0.882412929242895,0.037828363181426704,0.6429024727524952,0.7141370199834494,95,0.6830180921052632,0.7395099632773463
225,3,1.0,0.014644660940672627,0.8203,-0.0018000000000000238,10,0.125,1.5530629401766147,0.0359698751104235,1.4593097179278363,0.34342129820413553,1.1359441520611668,0.0799465565565474,1.0509138324502052,0.38416819518930867,1.0130354864624225,0.04342805168375466,0.719377658661386,0.7786845396240281,95,0.771875,0.9118900490091626
225,3,1.0,0.014644660940672627,0.8203,-0.0018000000000000238,5,0.125,1.6821748639496479,0.03896018519589524,1.5849413041883826,0.33517273295399996,1.1200891627191896,0.07883069905613077,1.0313009303976415,0.3957317732279119,0.9877791845371362,0.04234533345718785,1.1290600590869464,-0.10624796453899285,95,0.7428453947368421,0.8551976087678512
225,3,1.0,0.014644660940672627,0.8203,-0.0018000000000000238,4,0.125,1.6092997144538423,0.037272352746735474,1.51076616693803,0.3448508877698931,1.0304013624522785,0.07251856585533867,1.0256165715235674,0.19216658617491245,0.9882511843315147,0.04236556772512704,0.7236478688772824,0.7357820235606919,95,0.6908305921052632,0.8550086304386644
226,3,1.0,0.014276366018359842,0.8197,-0.0006000000000000449,9,0.125,1.51087146488892,0.035017420906549725,1.4139201742390084,0.35317173947323305,0.9682454198656966,0.06824092686799618,0.8788616709846048,0.4199872158476613,0.6218740877187574,0.02697607230800606,0.6768401253712911,0.0337101349471483,95,0.6807154605263158,0.8338266384778013
226,3,1.0,0.014276366018359842,0.8197,-0.0006000000000000449,17,0.125,1.7860820935976656,0.0413959690805063,1.600349112661934,0.46907773602226394,1.095515540307939,0.07721079215564694,0.9498851220008933,0.5264069958563659,0.6875989299037473,0.029827128703873145,0.6214900476732739,0.4279064146897767,95,0.6487253289473685,0.7777143943715535
226,3,1.0,0.014276366018359842,0.8197,-0.0006000000000000449,4,0.125,1.5709091427997983,0.036408912298447615,1.453133281670779,0.3803757152518611,1.0349025620304362,0.07293885269379,0.9205034001262246,0.4654469512653395,1.003493038016947,0.04353019572407136,1.1213272389800069,-0.28774289447746715,95,0.6972039473684211,0.8449516395376268
226,3,1.0,0.014276366018359842,0.8197,-0.0006000000000000449,0,0.125,1.5076801669369064,0.03494345629326471,1.4013019286223842,0.3690433783040524,1.3297377344569339,0.09371852799807437,1.2653828266012084,0.3076497162554718,1.8974640846200324,0.08230947286503348,1.7181070332421045,0.6674983341471057,95,0.8368832236842105,0.9627573330712917
226,3,1.0,0.014276366018359842,0.8197,-0.0006000000000000449,11,0.125,1.4432251537770435,0.03344958445981787,1.3254181951324615,0.3957242247660958,1.0932490878254806,0.0770510549496329,0.9823833778809425,0.4481263518547474,1.3463288739856836,0.05840195913005993,1.1627614916852966,0.6992670188296152,95,0.8243832236842106,0.9547608359519179
226,3,1.0,0.014276366018359842,0.8197,-0.0006000000000000449,12,0.125,1.5427443404854566,0.03575613755201107,1.4559367121277313,0.33259986393013186,0.9798513783324077,0.06905890271039128,0.9195991605245363,0.3488059009257533,0.8014259907262128,0.03476479548239844,0.6672645545869883,0.6057034706548972,95,0.7201480263157894,0.8229416466826539
226,3,1.0,0.014276366018359842,0.8197,-0.0006000000000000449,10,0.125,1.4718098490447955,0.03411209105216385,1.4651469892006987,0.20457032523386187,1.016340866562864,0.07163064376559872,1.0981338082490284,-0.02585848785194896,0.9272850085685815,0.04022439258248831,0.9571307195578163,0.050865051334679494,95,0.7704769736842105,0.9091151670402391
226,3,1.0,0.014276366018359842,0.8197,-0.0006000000000000449,1,0.125,1.68468990768221,0.03904600554400011,1.5633397025679805,0.3745464796735734,1.289609317021086,0.09089031900954339,1.2120077948772936,0.34415536508719907,1.8716219762662312,0.08118847651334318,1.962042545097321,-0.24327449489011566,95,0.6953947368421053,0.9012535477767266
227,3,1.0,0.01391198859508189,0.8223,0.0026000000000000467,15,0.125,1.7049659963518737,0.039542984660517734,1.5810446315226456,0.3758441720170249,1.2384750531661048,0.087588749860014,1.132860041291659,0.4222657583546561,1.2749509342359095,0.05508218985668243,1.2058767874551357,0.32922597398886055,95,0.6559621710526315,0.8161474330846863
227,3,1.0,0.01391198859508189,0.8223,0.0026000000000000467,9,0.125,1.412146616915453,0.03275167489004005,1.3938273419445955,0.23743866746728853,0.8836393995328058,0.06249368538693641,0.8482445340089985,0.3034712213774132,0.6806140901915911,0.029404829259201532,0.7073887840341797,0.17937948337692658,95,0.6776726973684211,0.8414537952794127
227,3,1.0,0.01391198859508189,0.8223,0.0026000000000000467,4,0.125,1.5148542672696126,0.03513375585304018,1.4868346017672454,0.23987646549502153,0.9554529239961222,0.06757255783955722,1.013444202638122,0.03324912399345329,1.0548034152611636,0.04557107291012173,1.1938468696387134,-0.25708147052523406,95,0.6958059210526316,0.8415080959697435
227,3,1.0,0.01391198859508189,0.8223,0.0026000000000000467,3,0.125,1.6504643089052482,0.03827893634794983,1.4761598783140957,0.45993200261120515,1.019423454324255,0.07209674971972405,0.8679009915581265,0.5599439986994924,0.9178850526084467,0.03965573684189656,0.7885143791737749,0.5341178923688716,95,0.715625,0.8226844403585383
227,3,1.0,0.01391198859508189,0.8223,0.0026000000000000467,1,0.125,1.6167035274320076,0.03749592831917978,1.5017123900504308,0.3705427589282639,1.2665237018058881,0.08957243621957436,1.155807562924833,0.4317858611000336,1.729710076374595,0.07472932194130441,1.6631835702185196,0.28752680972080147,95,0.6976151315789474,0.8979134740068372
227,3,1.0,0.01391198859508189,0.8223,0.0026000000000000467,5,0.125,1.6384845079328316,0.038001090873552135,1.4818263195438182,0.43386363108810216,1.0857018439740498,0.07678416048130504,0.9349515905604455,0.5488919951392724,1.02872767493635,0.04444451278874285,0.8611565184440582,0.6096825249225898,95,0.7454358552631579,0.8686634673727177
227,3,1.0,0.01391198859508189,0.8223,0.0026000000000000467,18,0.125,1.621878169090068,0.03761594289785536,1.497834552350139,0.38439045729329685,1.0876220646875872,0.07691996437281184,1.0375366660641587,0.3024650893210939,1.303607662936177,0.05632025739995269,1.1725301380022974,0.4897484337769282,95,0.7791940789473685,0.9478627968337731
227,3,1.0,0.01391198859508189,0.8223,0.0026000000000000467,14,0.125,1.6731053280825845,0.03880404563220744,1.5519571301514277,0.3745354317166198,1.2973539718285931,0.09175284736490344,1.3205400021761122,0.08001860021640635,1.6360670329958962,0.07068362594184674,1.6138303545525339,0.17009985175199252,95,0.6806743421052631,0.804035278482542
228,3,1.0,0.013551568628929435,0.8105,-0.011800000000000033,7,0.125,1.5038138273094885,0.03490192022093151,1.400199185956697,0.36627735914099246,0.9335204254406305,0.06621725558463128,0.7785611191514163,0.5537007403859553,0.9272726308507562,0.04004608066268102,0.8618081428607685,0.371176156284202,95,0.7799753289473684,0.9168116400442827
228,3,1.0,0.013551568628929435,0.8105,-0.011800000000000033,12,0.125,1.5255196050714885,0.03540568824728221,1.3990944999134354,0.39862516783318536,0.9973250186698097,0.07074309662912236,0.8695465723818152,0.4899535922921649,0.7441542744427675,0.03213775658672525,0.6049211798455102,0.5872920733725965,95,0.7143092105263158,0.837151738429657
228,3,1.0,0.013551568628929435,0.8105,-0.011800000000000033,10,0.125,1.6299558342040152,0.03782954209884559,1.4766245590037455,0.42750934041944544,1.2259636480762959,0.08696108409606283,1.1513185526242569,0.3459688401052713,1.0421392349748435,0.0450068194369734,1.03401082639807,0.20395610795943908,95,0.7649671052631579,0.9105568694904321
228,3,1.0,0.013551568628929435,0.8105,-0.011800000000000033,4,0.125,1.5859391235445892,0.03680796103879397,1.4978176460145949,0.33201164372702324,1.0198214273518909,0.07233883080144597,0.930894828241501,0.4117793920446623,1.2503813111378117,0.05400016044795013,1.0353333800444955,0.6684543678946858,95,0.6892680921052632,0.8058820020282765
228,3,1.0,0.013551568628929435,0.8105,-0.011800000000000033,15,0.125,1.6283883232621017,0.03779316183631137,1.5161367543094546,0.3648738552260962,1.1247025683596599,0.07977834806411445,1.1479811596274394,0.1608886585618857,1.280072767711635,0.0552824440238785,1.4215629417996811,-0.24337831002254207,95,0.6598684210526315,0.799414257228315
228,3,1.0,0.013551568628929435,0.8105,-0.011800000000000033,18,0.125,1.410702447348424,0.032740904079142104,1.3574350833680973,0.29992607907098656,1.025045894876127,0.07270941712384235,0.9228653029118961,0.4360139566565938,1.2675894310049736,0.054743326732952194,1.3196872090199472,0.010570270197216142,95,0.7846628289473684,0.9483833778755961
228,3,1.0,0.013551568628929435,0.8105,-0.011800000000000033,8,0.125,1.6005135201483565,0.03714621728986395,1.441639995903256,0.43900403485290596,1.089746167038801,0.07729879121939978,0.8975466134933385,0.5873339921479152,0.9792318585838323,0.042290041452357645,0.7640120786998138,0.6975215850564648,95,0.6888980263157894,0.8383669571445624
228,3,1.0,0.013551568628929435,0.8105,-0.011800000000000033,16,0.125,1.6755203007436699,0.03888704492745141,1.5239266521189503,0.42019497619563456,1.1118618133827736,0.07886751683746746,0.908103385700256,0.6037837165754142,1.0574590219222109,0.04566843437460667,0.7935759241076061,0.7865805839577565,95,0.7230263157894737,0.8548680618744313
229,3,1.0,0.013195145644013303,0.8235,0.013000000000000012,19,0.125,1.6918602306432016,0.03928954142180579,1.5229099625675557,0.4480120242402202,1.224079442481215,0.08698193392953793,1.0755349241371663,0.5007310984399913,1.3252467405946269,0.05776885678325671,1.313874797908954,0.13883519327881408,95,0.6822779605263158,0.878864581450009
229,3,1.0,0.013195145644013303,0.8235,0.013000000000000012,7,0.125,1.3924251017018592,0.03233585299731223,1.3070801855470482,0.35099831618789995,0.8140689870258665,0.05784697658187855,0.7768471679832976,0.34797608737470637,0.9199696429953865,0.040102414835820166,0.8129630090647981,0.543428603057248,95,0.7838815789473684,0.9154951741502309
229,3,1.0,0.013195145644013303,0.8235,0.013000000000000012,18,0.125,1.4406246331519692,0.03345517565359382,1.4000770317135445,0.2704118184100152,0.9808012292257283,0.06969481290004681,1.0016376126724456,0.16916964419640595,1.2722954026175564,0.05546065396609174,1.2437593842898367,0.21137748261132874,95,0.7821546052631579,0.9460624540006308
229,3,1.0,0.013195145644013303,0.8235,0.013000000000000012,17,0.125,1.6440835937701515,0.03818003951413068,1.4566229330772547,0.48099362769792525,1.077861342496882,0.07659181326354611,0.8699353020270281,0.6373295943284075,0.7353403019558533,0.032054233592443415,0.6900723363297762,0.345623156465823,95,0.6593338815789473,0.8031181789834736
229,3,1.0,0.013195145644013303,0.8235,0.013000000000000012,15,0.125,1.5473972701801642,0.03593472323633938,1.4692445554412334,0.31883310646894775,1.1755541572036003,0.0835337727959976,1.1001763796488964,0.3525196348842561,1.3297950832730396,0.057967123678576524,1.3201540873745177,0.13153667840029967,95,0.6796463815789474,0.8143263355314901
229,3,1.0,0.013195145644013303,0.8235,0.013000000000000012,13,0.125,1.6567611644258053,0.038474446775665416,1.4729290703180888,0.4742354097159482,1.0876315214530747,0.07728607299126829,0.862462565562795,0.66820971333658,0.850884831450024,0.037090937454429575,0.8007189275721577,0.3424781029681349,95,0.7027549342105263,0.8472880463401791
229,3,1.0,0.013195145644013303,0.8235,0.013000000000000012,4,0.125,1.4881932867857444,0.034559847631499004,1.3916653376063424,0.3559446255890455,0.9448781446781743,0.06714215229794827,0.870068408669086,0.39439370795271134,1.1515322629091873,0.05019646556342571,1.1686570608521973,0.036657926571338324,95,0.6916940789473685,0.8354535727024135
229,3,1.0,0.013195145644013303,0.8235,0.013000000000000012,0,0.125,1.310985386347083,0.03044460393792918,1.256597481726442,0.3132150699947215,1.1222627500562024,0.07974693552495322,1.1414623238987733,0.14560329661742108,1.7354072847541508,0.07564817314593092,1.7170005882377852,0.14530440729131855,95,0.8401315789473685,0.9680892717306187
230,3,1.0,0.01284275872613028,0.8224,-0.0010999999999999899,14,0.125,1.6516202934626127,0.0383787426721636,1.4982053206189052,0.4280091547538038,1.2733783125654667,0.09082002554636505,1.263519992587723,0.1889818541196154,1.437872254446314,0.0625826697526909,1.545239810472408,-0.298962939922946,95,0.6881167763157895,0.800956080071706
230,3,1.0,0.01284275872613028,0.8224,-0.0010999999999999899,19,0.125,1.4481250772520422,0.03365011916900454,1.3837218292329396,0.3085930942140286,0.9906322159418031,0.07065397790357081,0.9088134128600498,0.3988740318782486,1.3969950982294164,0.06080351200064404,1.2601127165364743,0.5640689386933296,95,0.6831003289473684,0.8880996809727322
230,3,1.0,0.01284275872613028,0.8224,-0.0010999999999999899,18,0.125,1.4581526186972114,0.03388312940403367,1.3477732802466513,0.38194834214324963,0.9609801727685071,0.0685391316776483,0.9384698678714668,0.27229685261348335,1.2822836886704145,0.05581075534990728,1.387058092335086,-0.27884823043716866,95,0.7790707236842105,0.9420488731725339
230,3,1.0,0.01284275872613028,0.8224,-0.0010999999999999899,10,0.125,1.519191883130801,0.035301500340663185,1.3912079629593408,0.4023125494478753,1.1813001750080148,0.08425281867413432,1.0438053092767885,0.48546322998389696,1.0194359032815068,0.04437043713154474,0.8970383784515626,0.5474271892694379,95,0.7712171052631579,0.9122414160801877
230,3,1.0,0.01284275872613028,0.8224,-0.0010999999999999899,5,0.125,1.5581271147867937,0.03620623930670826,1.424829253986374,0.4062032769628967,1.0693463269502574,0.07626803423082565,0.9160220025676177,0.5345871723605626,0.8561447276704401,0.037263270493343506,0.7888196735344386,0.39432118876632477,95,0.7382401315789474,0.8472763729531023
230,3,1.0,0.01284275872613028,0.8224,-0.0010999999999999899,1,0.125,1.527202496064657,0.035487643156691576,1.4036665645780808,0.39430703573130876,1.2266331214465729,0.08748605997643596,1.0728269555868064,0.5136225818196675,1.7584161169609267,0.07653418083232344,1.6103649734112417,0.584869044661726,95,0.7050575657894737,0.8963667113780837
230,3,1.0,0.01284275872613028,0.8224,-0.0010999999999999899,9,0.125,1.4083697050426462,0.03272632257610743,1.3792762294357008,0.2551504686184827,0.8963067776338575,0.06392648880448246,0.8846538118313867,0.26285978893097134,0.7596280887127153,0.03306243212063498,0.747552066939069,0.22750032042388776,95,0.7015625,0.8692415894971282
230,3,1.0,0.01284275872613028,0.8224,-0.0010999999999999899,8,0.125,1.6357221573742011,0.03800931728043207,1.4788217965492854,0.4350449951247773,1.0917185067455637,0.07786366525460525,0.987378947849897,0.42870502914590297,0.7697413856474951,0.033502608304731354,0.7665822956470111,0.19363710680622961,95,0.6771381578947369,0.7512752003886325
231,3,1.0,0.01249444651847702,0.8197,-0.0027000000000000357,13,0.125,1.5256963973694158,0.03547570512257655,1.393294642315597,0.41483333298018943,0.9422826261158928,0.067257675466239,0.8537331453166697,0.43128161075089344,0.8124301267505224,0.035511358779164,0.8054454570227875,0.2008210009977064,95,0.6894325657894737,0.8226277807598259
231,3,1.0,0.01249444651847702,0.8197,-0.0027000000000000357,0,0.125,1.3947851196799679,0.03243173786110959,1.2910033225344923,0.3786524640658824,1.2228327030402104,0.08728260801071679,1.1458269012278874,0.3614438451069524,1.8354428358024628,0.08022729206451788,1.6839109775200918,0.584490823670236,95,0.8374588815789473,0.9624883389797221
231,3,1.0,0.01249444651847702,0.8197,-0.0027000000000000357,18,0.125,1.3179793806005822,0.03064584011893769,1.2789287691829858,0.26988752157426465,0.9192628367027164,0.06561458295583739,0.8830692389925637,0.2866174969941543,1.362569731326412,0.05955798658562017,1.190111251488038,0.6683142836358767,95,0.7899259868421052,0.946072562594347
231,3,1.0,0.01249444651847702,0.8197,-0.0027000000000000357,16,0.125,1.587250685309331,0.03690697399871185,1.4341167918907431,0.44542536934310845,0.9825438779166187,0.07013141857942753,0.904837114439103,0.39442208341555707,0.9580395343609914,0.041875952785492276,0.8576034943205901,0.4814427223734475,95,0.7162828947368421,0.859414466130884
231,3,1.0,0.01249444651847702,0.8197,-0.0027000000000000357,1,0.125,1.3951229261765883,0.03243959258481691,1.3467729714481873,0.27668255256776986,1.0723813318079218,0.07654378165508009,1.0782556599960404,0.13506846284593835,1.7447322025542318,0.07626232604922847,1.8741841808014723,-0.3856885794972625,95,0.7014391447368421,0.9038630634855501
231,3,1.0,0.01249444651847702,0.8197,-0.0027000000000000357,3,0.125,1.441925865409249,0.033527861046321134,1.3202866008890342,0.40488670106169633,0.8987790821455408,0.06415250599702146,0.8254115770189687,0.3970035696032893,0.9758268592693876,0.04265343758787157,0.8475918518374496,0.5645826845937197,95,0.7216694078947369,0.8351091105919891
231,3,1.0,0.01249444651847702,0.8197,-0.0027000000000000357,9,0.125,1.5286139399578964,0.035543544229183835,1.4149288994566016,0.3810624237354471,1.0297353132890372,0.0734998201153312,0.9328505343984806,0.4406800675446431,0.6576662137547212,0.028746620914945346,0.7250748393537957,-0.028841890830260276,95,0.6753700657894737,0.821917808219178
231,3,1.0,0.01249444651847702,0.8197,-0.0027000000000000357,10,0.125,1.3673555557113564,0.031793941819466515,1.3368094846967957,0.24676530348551734,0.990999173944468,0.07073493555029241,0.9888271105500085,0.17219403989956994,1.013736750149223,0.04431048068854696,1.0992704735015741,-0.1691683943479515,95,0.7694901315789474,0.9138612803248904
232,3,1.0,0.012150247217412187,0.8181,-0.0015999999999999348,1,0.125,1.3984911049714244,0.032536780975119355,1.339686438795751,0.29883928499812257,1.089470609185073,0.07794594105695406,1.1469371535871429,0.0022966751805525124,1.7818313709803268,0.07791012500365752,1.8728692333804415,-0.2520674331470013,95,0.6971628289473685,0.8980241816573282
232,3,1.0,0.012150247217412187,0.8181,-0.0015999999999999348,18,0.125,1.3265338684161276,0.030862650308823566,1.224168677181901,0.3855986902069349,0.9186232018783073,0.06572269994572515,0.7815697774297788,0.5478157966290124,1.0904909296472436,0.047681439460473776,0.9422631017844331,0.619314583704359,95,0.7841282894736842,0.940954378605139
232,3,1.0,0.012150247217412187,0.8181,-0.0015999999999999348,8,0.125,1.480553066696204,0.03444600447002484,1.3420681848195153,0.42745385309894574,0.9430679024881213,0.06747159080778584,0.8004766648473306,0.5565222988394761,0.7402226732646036,0.032366048742792926,0.6170960273196583,0.5908525091995757,95,0.6968338815789473,0.8448102909069451
232,3,1.0,0.012150247217412187,0.8181,-0.0015999999999999348,7,0.125,1.3610627794539452,0.03166598728519268,1.291161631671991,0.3238035360393161,0.8411335705858716,0.060178720895419945,0.7629705433357487,0.42104951616907993,0.8240699286581412,0.0360322487296806,0.7237484881679653,0.5052464165981602,95,0.7884868421052632,0.9198998748435544
232,3,1.0,0.012150247217412187,0.8181,-0.0015999999999999348,14,0.125,1.5171562314055984,0.0352976002713225,1.4063926458903404,0.3758057918286424,1.2592523720972322,0.09009294086853761,1.1298549972802543,0.48336108068694517,1.40924571770364,0.061618911764222094,1.27896193162476,0.540799280177031,95,0.6862253289473684,0.8158667385703158
232,3,1.0,0.012150247217412187,0.8181,-0.0015999999999999348,5,0.125,1.4785613128766226,0.034399665056385594,1.3242095873731048,0.454415168219631,0.91178651062559,0.06523357033643032,0.8510445688734471,0.360619174678537,0.6881778463355229,0.03009040187863006,0.654593965019518,0.3210481519946863,95,0.7548930921052631,0.8475407157252574
232,3,1.0,0.012150247217412187,0.8181,-0.0015999999999999348,11,0.125,1.2650081065477694,0.029431214505533973,1.1726981598042086,0.37768467281176826,0.9385586754697034,0.06714897912792332,0.8119302490521174,0.5194225717171749,0.9820958686602441,0.042941892896855974,0.8948446357944454,0.4392738109896146,95,0.8249177631578948,0.9569335061309939
232,3,1.0,0.012150247217412187,0.8181,-0.0015999999999999348,15,0.125,1.5345649519266098,0.03570262517611857,1.4308356734237138,0.3616567967811781,1.1276128461156276,0.08067481921713979,1.1598651656019576,0.06945743187129996,1.3101703632042878,0.05728686700424046,1.3895409443008975,-0.18248108744409416,95,0.6486019736842106,0.794091543045518
233,3,1.0,0.011810198568267887,0.8299,0.011799999999999922,1,0.125,1.3707601061662127,0.031911141390259995,1.2815354602724578,0.354908466458636,1.2145569868414237,0.08693849407260065,1.072875821406249,0.5276162201891339,1.9256407777005344,0.0843787174095076,1.7398281783796106,0.5553278987593582,95,0.7035773026315789,0.8972590731108644
233,3,1.0,0.011810198568267887,0.8299,0.011799999999999922,9,0.125,1.5202610546110307,0.03539150668710507,1.3641202782964215,0.4629738447805285,1.010330636306656,0.07231988699380912,0.8590411211550663,0.5753415057010233,0.966591870224878,0.04235461941423229,0.7136715823891802,0.7660319777575416,95,0.6841694078947368,0.8218041949636397
233,3,1.0,0.011810198568267887,0.8299,0.011799999999999922,3,0.125,1.411031227690459,0.0328486485785154,1.3489525220000282,0.2977056151902028,0.8689646735979671,0.06220085260994,0.832312484174516,0.30295097660124626,0.8014056831754222,0.03511640616157978,0.8930889296827915,-0.006056936590999095,95,0.7249588815789474,0.8174805739889967
233,3,1.0,0.011810198568267887,0.8299,0.011799999999999922,11,0.125,1.1579623554728204,0.026957233642756043,1.1663865424233677,0.19509669855215858,0.8374944004846363,0.05994819737665892,0.9297736479599766,-0.07397934772300051,0.8239555956532308,0.03610450981757229,1.0250084861982645,-0.34315683694637406,95,0.8288651315789474,0.9542117273539041
233,3,1.0,0.011810198568267887,0.8299,0.011799999999999922,14,0.125,1.4166784179999627,0.032980114534968054,1.3518709811859402,0.30232375301245556,1.1348262441370267,0.0812313343616045,1.197687964354832,-0.03367723804113506,1.3025040586667143,0.057073792351974705,1.4185695564960565,-0.16194516562738612,95,0.6996710526315789,0.8402092148566056
233,3,1.0,0.011810198568267887,0.8299,0.011799999999999922,2,0.125,1.6186961476774488,0.037683064603384976,1.4459509066121319,0.4844739705091132,1.0540350083322614,0.07544826411358185,0.9325979075762905,0.49459827649424754,1.1528237920506774,0.050515025491181496,0.8587121037466109,0.8279270333118218,95,0.6815789473684211,0.7433638996138996
233,3,1.0,0.011810198568267887,0.8299,0.011799999999999922,10,0.125,1.4982913040766286,0.034880053360984535,1.3815187510161333,0.3923255844785819,1.160394581854976,0.08306152660554275,1.019239407901109,0.5318307726138399,1.1259681744695764,0.04933825223576702,0.8392588449278745,0.8155468779212772,95,0.7807976973684211,0.9042076991942704
233,3,1.0,0.011810198568267887,0.8299,0.011799999999999922,5,0.125,1.3301111016075173,0.0309648371273837,1.3112128585199168,0.22298234866349748,0.8740286023884518,0.0625633307381014,0.8434033668510875,0.28508898189679893,0.605816550057678,0.026545980990473828,0.7567086833235934,-0.11451024613660304,95,0.7597450657894737,0.8616117335065216
234,3,1.0,0.011474337861210545,0.8294,-0.0004999999999999449,2,0.125,1.3431652349941876,0.03128797427318908,1.2543210173133923,0.3578196633636348,0.7972497321969595,0.05735857885636742,0.741823444050423,0.3669473222103185,0.8942154019371611,0.039435207395568085,0.9308135423783623,-0.06076174656698064,95,0.6756578947368421,0.7819498539435248
234,3,1.0,0.011474337861210545,0.8294,-0.0004999999999999449,19,0.125,1.4066650417281368,0.032767152164100526,1.3079829067785091,0.36998124408268585,0.9554735701295601,0.06874208156386295,0.8991199342460445,0.3426232795758766,1.2551587796341754,0.05535293474258472,1.2801711257890505,-0.036873177439457595,95,0.6958059210526316,0.8906157664578656
234,3,1.0,0.011474337861210545,0.8294,-0.0004999999999999449,5,0.125,1.3342801633297894,0.031081003539873205,1.2792838531488717,0.29020400903978555,0.8183770213942098,0.05887859351990622,0.7855788263808969,0.28504662208934045,0.8185914884192478,0.036100166747439114,0.7614133255413504,0.39119194269254093,95,0.7443667763157895,0.874330221510247
234,3,1.0,0.011474337861210545,0.8294,-0.0004999999999999449,17,0.125,1.428962749508223,0.033286559671976836,1.3128700259326704,0.4020712936159051,0.8637454489780736,0.06214265047228355,0.7965838218114029,0.39369439503163206,0.6932346847730115,0.030571888505389527,0.608468302397904,0.5306970680582089,95,0.672203947368421,0.8536212380719354
234,3,1.0,0.011474337861210545,0.8294,-0.0004999999999999449,18,0.125,1.2717802101161013,0.029625116447743505,1.207214287075483,0.31823799576696615,0.9680353162791668,0.06964584343169118,0.9377983704183146,0.25037827972692017,1.2137751221764677,0.05352790118680334,1.2210399372924472,0.05166960478202054,95,0.7888980263157894,0.9479829042009799
234,3,1.0,0.011474337861210545,0.8294,-0.0004999999999999449,7,0.125,1.3490422465919822,0.031424874620878486,1.2533291852809143,0.3708250312104378,0.8457190844166163,0.060845733569793406,0.8123267810987438,0.28174500612109094,1.0463123421270033,0.04614273487454482,1.021869359666461,0.21540508276311734,95,0.7810855263157894,0.9137713202779533
234,3,1.0,0.011474337861210545,0.8294,-0.0004999999999999449,1,0.125,1.286423505538151,0.02996622045974675,1.2433820946524738,0.2719290844874125,1.0428315610437078,0.07502710118597689,1.03289673494392,0.16809594455631977,1.6828109615434201,0.07421254334496863,1.6205538447609387,0.35363744442358014,95,0.7066611842105263,0.9005004073082742
234,3,1.0,0.011474337861210545,0.8294,-0.0004999999999999449,16,0.125,1.4336275475733735,0.033395222461966835,1.3406025351604427,0.35567660809854895,0.9208524179428041,0.06625124336398037,0.852568629543836,0.38814866089497774,0.7047451170706985,0.03107950253651514,0.673552594886578,0.29423459328002577,95,0.7257401315789473,0.8671388101983003
235,3,1.0,0.011142701927151456,0.8167,-0.012700000000000045,11,0.125,1.1966642101371507,0.02789131286150183,1.0994571480421507,0.3949030841592481,0.9472686926172544,0.0681658387112159,0.7207331068344899,0.6735742705028098,0.9813142812889463,0.0433024791784183,0.5650576458308508,0.8505310653501658,95,0.8308799342105263,0.9550650764586529
235,3,1.0,0.011142701927151456,0.8167,-0.012700000000000045,2,0.125,1.3102278846161401,0.03053820406770931,1.2656180988451737,0.2752055885687148,0.8236413431866846,0.059269564584077235,0.8282486552023178,0.2736160001911105,0.8452462821533214,0.037298203268278436,0.9260767770112572,0.2175338466179349,95,0.7010279605263158,0.8102528007507772
235,3,1.0,0.011142701927151456,0.8167,-0.012700000000000045,7,0.125,1.241161154645982,0.02892842769301706,1.1744221016755603,0.3291007064318669,0.7346044613585344,0.05286243451280022,0.6762819049353456,0.4377964316138026,0.797895492272518,0.035208753810555306,0.5285038655848312,0.7492228053841014,95,0.7835115131578947,0.9139858304906848
235,3,1.0,0.011142701927151456,0.8167,-0.012700000000000045,14,0.125,1.4184458257079569,0.033060499316995236,1.3063021285251666,0.3932045575332642,1.1856286764322062,0.08531831966891083,0.9175721458031049,0.7060389011937281,1.5147867902781034,0.06684303356882118,0.9853152791513224,0.9222836357827173,95,0.6975328947368421,0.8431384107521811
235,3,1.0,0.011142701927151456,0.8167,-0.012700000000000045,15,0.125,1.3924857953169978,0.032455434568342524,1.3351226822225697,0.28980935495264126,1.065869106791628,0.07670037254169298,1.3011548738343937,-0.34032997369990725,1.250964406782609,0.055201336830128234,1.7518863061464511,-0.7528159549085455,95,0.6851151315789473,0.8403552994838555
235,3,1.0,0.011142701927151456,0.8167,-0.012700000000000045,0,0.125,1.2305651435036782,0.02868146061624614,1.1209661114430467,0.4130380142595841,1.2372740771282782,0.08903474361647923,0.9505562093692116,0.7315263246648138,1.8893882752853464,0.08337308241660149,1.3751213863936544,0.8948621680119028,95,0.8334292763157894,0.9656618481424836
235,3,1.0,0.011142701927151456,0.8167,-0.012700000000000045,8,0.125,1.3815017239769372,0.03219942275847685,1.2608951110027784,0.4135458221891599,0.9413931063645095,0.0677430291451868,0.7215680402485715,0.6637884737843568,0.8229881879084292,0.03631601980170875,0.6260841325823471,0.6540320702093508,95,0.7033717105263158,0.8548462527768035
235,3,1.0,0.011142701927151456,0.8167,-0.012700000000000045,12,0.125,1.3479019038588052,0.031416293216315984,1.2183362298486373,0.43444625222214267,0.8788538773806024,0.06324268090263879,0.6926506763682924,0.62216651450193,0.7294816533710834,0.03218985467596426,0.4996779616919932,0.7346216531900671,95,0.7324013157894737,0.8452728497642039
236,3,1.0,0.010815327133708015,0.8293,0.012600000000000056,18,0.125,1.2307081913986435,0.028701086708040637,1.1800600829501475,0.2937430798526196,0.7754130924769586,0.05584242218756012,0.8686212624846682,-0.041979427917290514,0.9029005469113779,0.03988468797751249,1.2930575411211367,-0.5355013604359775,95,0.7938733552631579,0.9477391619619827
236,3,1.0,0.010815327133708015,0.8293,0.012600000000000056,6,0.125,1.4762465296663119,0.0344272346170423,1.3370103815966052,0.4459335468019478,1.0499930903086991,0.07561667195448037,0.8699686348528733,0.6284262074180433,1.3530078731235733,0.0597677086753922,0.9163415008389806,0.8602515807950497,95,0.6729029605263158,0.8579285059578369
236,3,1.0,0.010815327133708015,0.8293,0.012600000000000056,15,0.125,1.4022309309456917,0.032701132417126126,1.3004801756371145,0.3778508455265734,1.2562013996424173,0.09046704213795603,1.038337566607473,0.6956983360913004,1.6029498816132615,0.07080863566916272,1.1255781643401264,0.899421358356806,95,0.6873355263157894,0.8295046661880833
236,3,1.0,0.010815327133708015,0.8293,0.012600000000000056,2,0.125,1.345390494081942,0.031375568552067745,1.2454013041362084,0.38076209069814254,0.8847637005343296,0.06371745406521388,0.7714812785678694,0.49790821689949133,1.1699157672011649,0.05167980625818645,0.7913444562253441,0.805518525241306,95,0.6819078947368421,0.7416787264833574
236,3,1.0,0.010815327133708015,0.8293,0.012600000000000056,7,0.125,1.172941210497762,0.027353915104499332,1.1624417897893968,0.21662669100798146,0.6853973019728952,0.0493598133360411,0.7397496989817677,0.10595353220066327,0.5417844764502964,0.023932762991670894,0.8898687918696252,-0.3025645672794245,95,0.7939144736842105,0.9130412264346385
236,3,1.0,0.010815327133708015,0.8293,0.012600000000000056,5,0.125,1.3034876459696334,0.03039836105041095,1.2053367007836628,0.38218571387697425,0.9827221387756822,0.07077206343173059,0.8183126472131026,0.6014887231992423,0.9276276962544316,0.040976983955729296,0.9766744497933173,0.21249679661592996,95,0.7559621710526315,0.8714169159641012
236,3,1.0,0.010815327133708015,0.8293,0.012600000000000056,12,0.125,1.2563814400282276,0.029299807135957333,1.1943724923893069,0.31391102572467966,0.6642630536268254,0.04783780186859474,0.6877566108431751,0.20480219742432004,0.6469743209073774,0.028579414429556825,0.5870132072234481,0.5353604656382098,95,0.7321546052631579,0.8464000898573515
236,3,1.0,0.010815327133708015,0.8293,0.012600000000000056,4,0.125,1.3380468300158046,0.031204308507980935,1.26910256437613,0.31760685405360267,0.8625779882861672,0.062119720003313936,0.8789634770186885,0.16290971484026293,1.4056770575650757,0.06209431484997631,1.0590129772239896,0.7414201720239432,95,0.6954358552631579,0.854194997930586
237,3,1.0,0.010492249381215492,0.8137,-0.015600000000000058,18,0.125,1.1755837877920163,0.02743128577169607,1.1128632509868404,0.3301097211494081,0.845083379862895,0.060905517807524935,0.777993281052251,0.3908449928478712,1.2922880705636581,0.05758827128634063,0.8700034483120067,0.8870512598113595,95,0.7906661184210526,0.9459150241822247
237,3,1.0,0.010492249381215492,0.8137,-0.015600000000000058,7,0.125,1.180694775513005,0.027550546488121393,1.104591137087459,0.35593517824175,0.7170552894011659,0.05167847899776237,0.6375938123795881,0.45787129170389645,0.8255360530974108,0.036788387407842064,0.5010786995184456,0.8188460261438483,95,0.8008634868421053,0.9212917800482621
237,3,1.0,0.010492249381215492,0.8137,-0.015600000000000058,3,0.125,1.3804360002633906,0.03221134453026466,1.2213588327585112,0.48852684410050723,0.8947987544925102,0.06448852595436963,0.7444183357008175,0.6124480960045074,0.8500631251554723,0.0378813880411476,0.6562714658313725,0.6364369059639212,95,0.7300986842105263,0.8408425321018247
237,3,1.0,0.010492249381215492,0.8137,-0.015600000000000058,14,0.125,1.3497642188151229,0.031495643607223955,1.2346634512343004,0.4082884868987489,1.118394388173188,0.08060315815910278,1.0094540174979587,0.4692124108240811,1.4686554304653394,0.06544773513145966,1.1143250872847645,0.7819379071837194,95,0.7010690789473685,0.8798826979472141
237,3,1.0,0.010492249381215492,0.8137,-0.015600000000000058,5,0.125,1.2237119797564282,0.0285543177504974,1.1637476686932122,0.3168061918157249,0.7752372340990125,0.055871676442310426,0.7434317012099897,0.3024050152302607,0.8902878693209063,0.03967392449814073,0.6657044254769564,0.6706554196430617,95,0.7497121710526315,0.8653540284100257
237,3,1.0,0.010492249381215492,0.8137,-0.015600000000000058,15,0.125,1.3186740895254385,0.03077018087961513,1.2682082927906482,0.2838623058577682,1.0558562734931012,0.07609600969534407,1.1007088313949125,0.004718295280586368,1.2104583694655102,0.05394169191022298,1.5783389171943545,-0.6139596787487924,95,0.6903371710526316,0.8322711299064864
237,3,1.0,0.010492249381215492,0.8137,-0.015600000000000058,17,0.125,1.3013308817875586,0.030365491318057616,1.2382099940536448,0.3118549638093637,0.8460691716552635,0.060976564240332966,0.840528754734183,0.2042387281936025,0.570256336812931,0.02541234990493569,0.6207370163151067,0.3471594858203634,95,0.6722450657894737,0.8656798580952964
237,3,1.0,0.010492249381215492,0.8137,-0.015600000000000058,16,0.125,1.390768173964545,0.032452437349323945,1.2703334008341347,0.41377941593828554,0.9294342944355558,0.06698472401605278,0.8488852838815308,0.4138448231814526,0.9385780372864426,0.04182588067308962,0.7672804760235336,0.5767217282147062,95,0.7301809210526315,0.8739159815294515
238,3,1.0,0.010173504098790186,0.8221,0.008400000000000074,4,0.125,1.3316967922668521,0.031090959194505278,1.1834199924654716,0.46424573846335454,0.9073001928742243,0.06552296749806323,0.7617814640875286,0.5647342955854815,1.3235470794455308,0.058719203876838905,0.9261217756903797,0.8739096108833697,95,0.6950657894736842,0.8374940842404165
238,3,1.0,0.010173504098790186,0.8221,0.008400000000000074,10,0.125,1.3995992154653043,0.032676268614134835,1.271437753752506,0.42077008843977404,1.1349272132922072,0.0819616258138739,1.0579386982714447,0.3638076038583974,1.3106721528724452,0.058148007392720594,0.9583222431056954,0.8089210703401585,95,0.770764802631579,0.9090957588690317
238,3,1.0,0.010173504098790186,0.8221,0.008400000000000074,9,0.125,1.3837247656230038,0.03230564981025377,1.230525886208249,0.4658763508479238,0.9338103259172509,0.06743746349331359,0.8145589563986078,0.4992317399200709,0.9880584547530011,0.043835241486975415,0.7051707817887937,0.7423929808914556,95,0.6785361842105263,0.8120227851169555
238,3,1.0,0.010173504098790186,0.8221,0.008400000000000074,17,0.125,1.3374581822378169,0.031225469648785174,1.2235130030451902,0.40413628933847145,0.8909868102208297,0.06434485550186088,0.8500408518911077,0.3163496167279095,0.856032906398198,0.0379779242738659,0.7440030488736711,0.4999478237140632,95,0.6683388157894737,0.8575735203642181
238,3,1.0,0.010173504098790186,0.8221,0.008400000000000074,11,0.125,1.0537697233070813,0.02460223052124047,1.0488732186540974,0.25699465401402066,0.8234880540352036,0.05947026290015559,0.8156824095918878,0.24685662001998188,0.6698798669134374,0.02971923937511784,0.989593324430857,-0.4412788684262,95,0.8336348684210526,0.9566933017658085
238,3,1.0,0.010173504098790186,0.8221,0.008400000000000074,12,0.125,1.2674692382761823,0.029591446488698103,1.1518818626578353,0.41725818502524437,0.8301040760301591,0.059948055583929474,0.7160874069128188,0.5094844594883794,0.5534619344038352,0.024554354483516422,0.5429992977191259,0.4642369710800882,95,0.7371299342105263,0.8480504267306298
238,3,1.0,0.010173504098790186,0.8221,0.008400000000000074,6,0.125,1.4002757892133773,0.03269206449718837,1.2659864797626408,0.43132653821990735,0.9399256869941894,0.06787909968851134,0.8474894359518652,0.43413448895752343,1.293304362817883,0.05737748489228094,0.9445192308852526,0.8048393009887442,95,0.6774259868421053,0.864825493171472
238,3,1.0,0.010173504098790186,0.8221,0.008400000000000074,0,0.125,1.110529455270608,0.025927392916026387,1.0534735387058223,0.3414929061871583,1.0228258343578818,0.0738659425261485,0.9918518465637298,0.2639028268943944,1.3607091112015934,0.06036789847414477,1.5937869052982572,-0.33566424249754007,95,0.8340460526315789,0.966623940051272
239,3,1.0,0.009859126240444284,0.8236,0.0014999999999999458,11,0.125,1.04550240697313,0.024421769117862577,1.0177694284682397,0.27190085613553877,0.7677856635667328,0.05558303237735545,0.8184720828824937,0.05522994015291704,0.9712364069429255,0.04347379752467549,1.1555063778145493,-0.35607078914047335,95,0.8287417763157895,0.9579756884147854
239,3,1.0,0.009859126240444284,0.8236,0.0014999999999999458,16,0.125,1.301420962191865,0.030399740882292515,1.1904464919419728,0.41086441427786563,0.8835761724069084,0.06396556399686458,0.885947912610829,0.17902127255342884,0.8237148425468336,0.03687054153547126,0.8151853424585388,0.24717585472759795,95,0.7344983552631579,0.8878687790404747
239,3,1.0,0.009859126240444284,0.8236,0.0014999999999999458,17,0.125,1.224212261367468,0.028596231820192372,1.183786081813817,0.2696366557451111,0.8017852217060778,0.05804439448731719,0.723842478319822,0.4305533695530831,0.5804058008464142,0.025979714194987874,0.6807714985856345,0.022965247003118004,95,0.6740542763157895,0.8432257670957116
239,3,1.0,0.009859126240444284,0.8236,0.0014999999999999458,3,0.125,1.3065377222500545,0.03051926268534066,1.1721711605232252,0.45865511700042244,0.8698558231788328,0.06297229380238085,0.766136782278124,0.48553632479185127,0.9666264839311073,0.043267451409365686,1.0270163448575451,0.022448443288893918,95,0.7414473684210526,0.8336291038154392
239,3,1.0,0.009859126240444284,0.8236,0.0014999999999999458,4,0.125,1.1996644351956118,0.02802282200390115,1.151266908781305,0.29079591944475186,0.7875548982764395,0.05701420524901413,0.8163223131645498,0.11993799587781655,1.0769201286608396,0.048204337573189905,0.9323050599895272,0.5367304368735547,95,0.709703947368421,0.8697566628041715
239,3,1.0,0.009859126240444284,0.8236,0.0014999999999999458,6,0.125,1.2376073861629948,0.028909126982249823,1.1551250616866033,0.3589964329632261,0.7983398232726201,0.05779496850586537,0.7382154909497873,0.381929886742705,1.0549837118383933,0.04722243518924029,0.813401255950943,0.7542270267377583,95,0.6798930921052632,0.8626549742969458
239,3,1.0,0.009859126240444284,0.8236,0.0014999999999999458,10,0.125,1.2233383365586512,0.02857581791223296,1.1597845128539832,0.3203377256798655,1.0609470050671148,0.07680613813412035,0.9282908943190493,0.5329779294565379,1.1498893642906514,0.051470534919813044,0.9355127899204396,0.6869060410864226,95,0.7671052631578947,0.9133254716981132
239,3,1.0,0.009859126240444284,0.8236,0.0014999999999999458,15,0.125,1.3395008400785036,0.03128924432062156,1.2195112729363147,0.425202969314906,1.1452796020485116,0.08291130744232017,0.9794306031135778,0.6111254819744624,1.3761409453678444,0.06159784826502375,1.168959022187651,0.6529005781010346,95,0.68046875,0.8126170765605173
240,3,1.0,0.009549150281252633,0.8268,0.0031999999999999806,8,0.125,1.2365918462869194,0.028900773558865552,1.1564175465021738,0.3544870697754271,0.8571229188574684,0.06209071980456434,0.7244950761934341,0.5734332450506592,0.7628709340956636,0.03448446287553337,0.6398937703642491,0.5630608295994014,95,0.6812088815789473,0.8450534194483008
240,3,1.0,0.009549150281252633,0.8268,0.0031999999999999806,9,0.125,1.2002820335929747,0.028052165606465194,1.1229449753102116,0.3531553291791832,0.7717770182706278,0.05590818952422899,0.8250018752747118,0.027053633048548336,0.6243647966912883,0.028223495862788644,0.6723341952424201,0.10060150249412693,95,0.6933799342105263,0.8685880329715946
240,3,1.0,0.009549150281252633,0.8268,0.0031999999999999806,2,0.125,1.2775092124434977,0.029857066079689822,1.177507670113602,0.39299608757633847,0.8228629783674013,0.059608900314396744,0.737940361038023,0.447474447245151,0.720940112518535,0.03258904151997838,0.7404903113640774,0.1600124179506683,95,0.6752055921052632,0.781681992570489
240,3,1.0,0.009549150281252633,0.8268,0.0031999999999999806,14,0.125,1.292693861307812,0.03021195124225672,1.1840302148155954,0.410079567230069,1.146990907849713,0.08308900568498533,0.9795856087569637,0.6320783522104174,1.4921135638513252,0.06744880752300154,1.2445004718732,0.8168111125988773,95,0.6968338815789473,0.8549005723726913
240,3,1.0,0.009549150281252633,0.8268,0.0031999999999999806,3,0.125,1.1364303113926475,0.026559867100538384,1.0996268694425835,0.2712548390204936,0.7238744529632674,0.0524380865845201,0.7233108369694673,0.21810297445232213,0.9865222492945771,0.04459429290226499,0.9023985664259352,0.41386299746391975,95,0.7295641447368421,0.8541396607112665
240,3,1.0,0.009549150281252633,0.8268,0.0031999999999999806,16,0.125,1.1952872641623398,0.02793543129293485,1.1189160265302067,0.35171748693538063,0.8258175198674302,0.059822929836176174,0.6973691693643922,0.5678793280535418,0.7801811415923109,0.03526694544382461,0.5684291584925648,0.7770013530711508,95,0.7342105263157894,0.8760640681003584
240,3,1.0,0.009549150281252633,0.8268,0.0031999999999999806,4,0.125,1.1647723131499192,0.02722225685949676,1.0982707453918725,0.3341797608649152,0.8017564321202066,0.05807992399111333,0.7424476526757172,0.3776792092538817,0.732414751060062,0.0331077357434836,0.80376020389336,-0.015353899314930237,95,0.7015625,0.8544133161411324
240,3,1.0,0.009549150281252633,0.8268,0.0031999999999999806,10,0.125,1.1468620453098253,0.02680367040610922,1.0919825045084912,0.31079320895175555,0.876661837035388,0.06350613580520831,0.9409523040572698,-0.034222191456233036,0.8360781081366054,0.037793685920490795,0.9869365713025428,-0.32258795129835,95,0.777672697368421,0.9113837043303548
241,3,1.0,0.009243610213572284,0.8269,9.999999999998899e-05,19,0.125,1.2016226703249442,0.028098497237665134,1.1236683643491305,0.35455228739155464,0.9650515896125776,0.06993782205430117,0.8632328827468038,0.4808947714277486,1.2970223235094034,0.05871068763449318,1.3029793028008183,0.06984716830092094,95,0.6877055921052632,0.904813153961136
241,3,1.0,0.009243610213572284,0.8269,9.999999999998899e-05,5,0.125,1.2508002533947018,0.02924845571977912,1.1269460802025406,0.45087775032844385,0.890605716807228,0.06454268850809576,0.7817290580660622,0.5132877565815833,0.8568530711263946,0.0387860965040616,0.7114339260351948,0.6869222522916965,95,0.7551809210526316,0.8822280300555374
241,3,1.0,0.009243610213572284,0.8269,9.999999999998899e-05,7,0.125,1.1641399318292693,0.02722200859435747,1.0816226673495222,0.3702033761062011,0.705728180447627,0.05114451127184445,0.7003019087766327,0.22612390737553031,1.1214414120363798,0.0507628860730056,1.057950253768471,0.36132280034520303,95,0.7900082236842105,0.9163587154530787
241,3,1.0,0.009243610213572284,0.8269,9.999999999998899e-05,14,0.125,1.2142048703430321,0.02839271681356277,1.154296786390371,0.31137853577235275,1.0358001808958148,0.07506501156522247,1.0977457508191029,-0.0761358514902942,1.506537703108299,0.068194558330697,1.5391720276928915,-0.053749934832484206,95,0.702796052631579,0.8434355253919963
241,3,1.0,0.009243610213572284,0.8269,9.999999999998899e-05,10,0.125,1.127543128232834,0.026366236470414656,1.0936636296034443,0.2633209216854612,0.9921166845318441,0.07189924444116687,0.9253188863589282,0.3679342700575719,0.9868456588320735,0.04467030842027404,1.0006018838305377,0.06724403742232785,95,0.7754523026315789,0.9071530834084522
241,3,1.0,0.009243610213572284,0.8269,9.999999999998899e-05,1,0.125,1.2333905787846466,0.02884135147148211,1.1389494449455395,0.3876692114873237,1.1676786169200146,0.0846223147091536,1.043742238214852,0.5258772331717317,1.8709754527551805,0.08469110622652862,1.8033797526728368,0.3367890973901379,95,0.7011101973684211,0.8950794674799132
241,3,1.0,0.009243610213572284,0.8269,9.999999999998899e-05,11,0.125,1.0619038296694379,0.024831340620898843,0.9927487033591275,0.3562636497692415,0.8352547426699775,0.060531372821545436,0.832117728625504,0.18615900071080604,0.9851417700786849,0.0445931806187313,0.943080928978257,0.29244467799174545,95,0.8317434210526315,0.9555072177180146
241,3,1.0,0.009243610213572284,0.8269,9.999999999998899e-05,16,0.125,1.1290547331981753,0.026401583529846877,1.0821997263922825,0.29355911564590403,0.7511202001511339,0.05443409602656586,0.7265202625349877,0.27767855923731005,0.576974771191505,0.026117195479528718,0.6389335927862325,-0.055084416555680416,95,0.733141447368421,0.8756590016825575
242,3,1.0,0.008942539543314797,0.827,9.999999999998899e-05,9,0.125,1.1508522929715264,0.026924104928738212,1.0821200572658651,0.3406152858833038,0.7981358846471168,0.05806698827943093,0.7736923360331072,0.2576500622477284,0.7646622065760659,0.03454781331707435,0.8658529953690358,-0.3261645498818065,95,0.6919819078947368,0.866777586309347
242,3,1.0,0.008942539543314797,0.827,9.999999999998899e-05,15,0.125,1.2184363968406409,0.028505230078507367,1.1320440860328473,0.3754980290497785,1.0575993154059937,0.07694379896120845,1.0534011399473062,0.14226209775025253,1.3695336263684397,0.0618762005606276,1.4230961810140244,-0.15734817922820613,95,0.6768914473684211,0.8307010083829426
242,3,1.0,0.008942539543314797,0.827,9.999999999998899e-05,18,0.125,1.1014649655876023,0.025768692029310973,1.0247342637704508,0.36748557200575976,0.8311311364869651,0.06046750044623877,0.7549098606772877,0.4326657959908306,1.1165293737543383,0.050445344409286746,0.9801387385515612,0.6652966103855338,95,0.7879111842105263,0.9503183383780399
242,3,1.0,0.008942539543314797,0.827,9.999999999998899e-05,8,0.125,1.1690092773038314,0.027348886244583866,1.0840532764094073,0.37820344734060757,0.78484353887246,0.0570999267788139,0.7133197350098313,0.42550981988136466,0.7862937797163787,0.035525138394970464,0.6650124144776673,0.6370459614846439,95,0.7001233552631579,0.8543489751571034
242,3,1.0,0.008942539543314797,0.827,9.999999999998899e-05,11,0.125,0.9721352399403106,0.02274303258978222,0.9241873323973884,0.31820872421688884,0.8179738874913023,0.059510267676835725,0.7410697284382829,0.4373586190039087,1.033188240869941,0.04667995117321183,0.9365282994248844,0.5154306712451695,95,0.8300164473684211,0.9544733974041415
242,3,1.0,0.008942539543314797,0.827,9.999999999998899e-05,14,0.125,1.1251788084618457,0.026323475642906758,1.092264952737161,0.2538584532146384,1.0534252452653747,0.07664012174709596,0.9957272980172633,0.3366536405718847,1.3577553825026147,0.061344053729281596,1.2975340063077834,0.342813112505915,95,0.7078536184210527,0.8543130990415335
242,3,1.0,0.008942539543314797,0.827,9.999999999998899e-05,7,0.125,1.072899491643666,0.025100404862918972,1.0085955056284923,0.3411882690984416,0.7541185393900391,0.05486458287416029,0.6911224824915027,0.4029644793261406,0.6333388357420611,0.028614559050386845,0.5355194237736101,0.5766176928236363,95,0.7979851973684211,0.9209563559540372
242,3,1.0,0.008942539543314797,0.827,9.999999999998899e-05,1,0.125,1.1377884664412272,0.026618477665864684,1.0760955536782766,0.3249034913198219,1.0808643970074923,0.07863640951369791,1.0949609584179878,0.0709153232618301,1.7043916753760582,0.07700525135631922,1.7617802432288205,-0.19012696306797705,95,0.7046052631578947,0.8944327731092437
243,3,1.0,0.008645971286271903,0.8254,-0.0015999999999999348,2,0.125,1.2283310348249414,0.02875099712399984,1.0761199760650946,0.5022658683931867,0.7963860980632035,0.05798309242032657,0.6966717421533983,0.4855080339042625,1.0533914973594514,0.047569819134583025,0.6250708270917786,0.8831897266594424,95,0.6895559210526315,0.7911150864639237
243,3,1.0,0.008645971286271903,0.8254,-0.0015999999999999348,11,0.125,0.9183285133689321,0.021494906257513945,0.9591559684847697,0.1478516859775177,0.7360377688617741,0.053589265408518195,0.8868725656569165,-0.21395021998648453,0.7162111783792598,0.03234318513399028,1.0886068083798581,-0.4749347096165109,95,0.8308799342105263,0.9518483693769486
243,3,1.0,0.008645971286271903,0.8254,-0.0015999999999999348,6,0.125,1.200807520153959,0.028106766482004733,1.0838858752334422,0.43537148828760897,0.8175000736044357,0.05952035380415176,0.6911820447312896,0.5434635162851923,1.0436166525864745,0.047128399587259236,0.6259769982516129,0.8725304138385938,95,0.6900082236842106,0.8733090995769025
243,3,1.0,0.008645971286271903,0.8254,-0.0015999999999999348,17,0.125,1.1544528848866564,0.027021764192337587,1.0482072314399287,0.42056840305590093,0.8069077402855113,0.05874914968184002,0.6879205263430894,0.5288289706668131,0.5973113920802934,0.026973822134990885,0.7146860245903052,0.222772859578369,95,0.6859786184210527,0.8695078822753701
243,3,1.0,0.008645971286271903,0.8254,-0.0015999999999999348,7,0.125,1.0221238841117415,0.02392439824387926,1.0207052488205122,0.220455232942685,0.5904540530038714,0.04298964033719582,0.7057318029420777,-0.043451508543994204,0.6727176258227165,0.030379071664476256,1.101558862886163,-0.6261734414773307,95,0.8039473684210526,0.9219005728314239
243,3,1.0,0.008645971286271903,0.8254,-0.0015999999999999348,9,0.125,1.1195228345215027,0.026204172070086247,1.0217841838221946,0.4088178399490485,0.7691131849343217,0.055997412551768655,0.6493612466861032,0.5404381933597705,0.7738294938155424,0.034945154915419066,0.49346779239624633,0.7730805548822763,95,0.68203125,0.8688129257852535
243,3,1.0,0.008645971286271903,0.8254,-0.0015999999999999348,10,0.125,1.1664889844001494,0.027303487809738434,1.062040478229309,0.4150162519196214,1.0675723735940728,0.07772755922539958,0.8631286752739785,0.6804688283242643,1.167101882052508,0.052704835362767724,0.7484560090207678,0.862111009947251,95,0.7761924342105263,0.9138634316893575
243,3,1.0,0.008645971286271903,0.8254,-0.0015999999999999348,19,0.125,1.23488965286591,0.028904511773623725,1.0803173927057257,0.5060744244106007,0.9662572209140874,0.07035102932902151,0.7579366638379413,0.7009874032851061,1.6601438340815615,0.07496998231200364,1.1597750314358894,0.9411577486364594,95,0.691077302631579,0.8873683584220861
244,3,1.0,0.00835393796449503,0.8286,0.0031999999999999806,8,0.125,1.2033971578183207,0.028180857975300438,1.0807675878533551,0.45335985891684405,0.8784133591962037,0.0639875587991278,0.6823808694540345,0.67981683845551,0.7784581809336882,0.03555487998180502,0.5212474300454636,0.759281201592862,95,0.7006578947368421,0.8480633802816901
244,3,1.0,0.00835393796449503,0.8286,0.0031999999999999806,13,0.125,1.1582029209748992,0.02712251047837305,1.0949397173583444,0.32729841003755783,0.7057652262357128,0.051411096426699915,0.7620780361018343,0.10628481500862735,0.7419505228739601,0.03388744885638021,0.8213293403959749,0.13705093506975044,95,0.7058388157894737,0.8628102062216009
244,3,1.0,0.00835393796449503,0.8286,0.0031999999999999806,2,0.125,1.0248384321646158,0.023999413756984132,0.9871074415813338,0.2912051696402026,0.705123953462133,0.051364383249041426,0.6632673795651279,0.3730198800885011,0.623023732742189,0.02845565065151732,0.8509752821008292,-0.19991582774500707,95,0.6905427631578948,0.8213052280576396
244,3,1.0,0.00835393796449503,0.8286,0.0031999999999999806,6,0.125,1.0979591160350552,0.02571173590584597,1.044972335556123,0.3132965315215413,0.6976429735260693,0.050819435203201146,0.7231629596433756,0.19688212031132432,0.7661563153280123,0.03499301119312135,0.9647343729944367,-0.17332052252009494,95,0.6806743421052631,0.8693971245620394
244,3,1.0,0.00835393796449503,0.8286,0.0031999999999999806,14,0.125,1.1302940068004717,0.026468946406458287,1.0422771891311595,0.38750727894313647,1.1372362698957952,0.08284137749799886,0.9106117449758151,0.7119147215051059,1.7218038746046107,0.07864074347622355,1.318802204615542,0.8957986892635786,95,0.7054276315789474,0.8857542550711122
244,3,1.0,0.00835393796449503,0.8286,0.0031999999999999806,12,0.125,1.1824097884274174,0.027689380932798144,1.0704396510488667,0.4328957300948703,0.8193460713278716,0.05968483330433522,0.6587878929954879,0.6162683947085574,0.7786570614936473,0.035563963545461034,0.4543070910721436,0.8490499894813975,95,0.7150904605263158,0.815996779943649
244,3,1.0,0.00835393796449503,0.8286,0.0031999999999999806,9,0.125,0.99940767567592,0.023403882570828063,1.0022505599186116,0.19979288273231507,0.6811169407296731,0.04961560504259959,0.8073486437358646,-0.09745308601571007,0.5765933292007652,0.02633501338948472,0.8236143063970016,-0.2343084037134581,95,0.7002467105263158,0.8756899588960657
244,3,1.0,0.00835393796449503,0.8286,0.0031999999999999806,18,0.125,1.2140219328925013,0.02842966633872371,1.07627755654114,0.48465325337438836,0.9141914301457356,0.06659379354571388,0.696915269256178,0.7180080918209586,1.3924012974396662,0.06359578745463024,0.9969853481237521,0.8925956064444639,95,0.7810855263157894,0.9480943356496104
245,3,1.0,0.008066471602728803,0.8286,0.0,7,0.125,1.0223931681218348,0.02395379520806791,0.9500844410755772,0.3705340255370883,0.6336959812605228,0.04608543031192947,0.5893863857147587,0.36853499698538517,0.8153974976472208,0.03716596240648252,0.7556403680658477,0.39129340312675137,95,0.8072368421052631,0.9240016299918501
245,3,1.0,0.008066471602728803,0.8286,0.0,5,0.125,1.0889069536627136,0.025512156166491,0.9811619898270681,0.4536779123715681,0.7970051436158798,0.05796206081549779,0.6891756941932407,0.5569005756285341,0.9740596061401958,0.044397809421708956,0.827688517634543,0.7064908902855356,95,0.7509868421052631,0.8779566360052562
245,3,1.0,0.008066471602728803,0.8286,0.0,9,0.125,0.9947604079898152,0.02330638333377692,0.9469174267225805,0.30921644710595,0.7324092386964276,0.0532643348354784,0.6481140447980235,0.487206751626758,0.6982359154824976,0.031825716733933196,0.7155428376835261,0.08859876946723191,95,0.6944078947368421,0.8740525817148271
245,3,1.0,0.008066471602728803,0.8286,0.0,13,0.125,1.1076103352913924,0.025950360359555717,1.0090880422269275,0.427268423512529,0.7388314728517178,0.05373139070037719,0.6648940675649486,0.4491981136144664,0.936099797750637,0.042667594629985366,0.8107123654305708,0.6313765807722151,95,0.7036595394736842,0.8660082977853094
245,3,1.0,0.008066471602728803,0.8286,0.0,18,0.125,0.9482486966903366,0.02221665382268171,0.9020372391754763,0.3132186020677211,0.6395356994836946,0.04651012280671215,0.660347281148968,0.11325228057626717,1.107561008406441,0.05048282698940651,1.0610723098537376,0.30168408772105815,95,0.7938322368421052,0.9512068786905625
245,3,1.0,0.008066471602728803,0.8286,0.0,6,0.125,1.0485160615681965,0.024565832200652508,1.0136866982262023,0.26457885586151353,0.7492058063911297,0.05448586230742802,0.6930111053733493,0.3827829875893953,1.0655030503114638,0.04856581780804203,1.0920229458823891,-0.008735798887909046,95,0.6804276315789474,0.8683224558859076
245,3,1.0,0.008066471602728803,0.8286,0.0,11,0.125,0.9085615564993902,0.021286818160463628,0.8579440757750145,0.33306730251538164,0.7025441260249112,0.05109239969704922,0.6925504068660774,0.21880531608904832,0.7462059664218684,0.03401220015458879,0.7745386404071117,0.028679389166390363,95,0.8246299342105263,0.9529793069060085
245,3,1.0,0.008066471602728803,0.8286,0.0,2,0.125,0.9999307171762704,0.023427519244379934,0.9689841114868244,0.2618288937272301,0.6489506381783905,0.047194822590104206,0.6442474262295712,0.2128578530305853,0.8815075241052743,0.04017926912513351,0.9519761517431915,-0.18802790527965174,95,0.6879934210526316,0.8227348792732488
246,3,1.0,0.007783603724899246,0.8311,0.0024999999999999467,15,0.125,1.1246498632636144,0.02636103757578308,1.0384930601542401,0.38485834791906814,1.026550411192068,0.07473833995027629,0.8941672463119651,0.5480141026310924,1.3251345004064987,0.06026923542354386,1.1045314492744749,0.6348589362747038,95,0.6853207236842105,0.8455030899382012
246,3,1.0,0.007783603724899246,0.8311,0.0024999999999999467,9,0.125,0.9657670117945628,0.022636930229547176,0.8983757349994747,0.369873978853234,0.7084017699896136,0.0515754236028017,0.6128995329242672,0.5054413868786328,0.8553737020589882,0.03890376336038877,0.6482106511989179,0.6760709050745094,95,0.7000411184210527,0.8670778267254038
246,3,1.0,0.007783603724899246,0.8311,0.0024999999999999467,10,0.125,1.0855949270073175,0.02544561609590625,0.986870253942089,0.4196136847871674,0.97643518390725,0.07108968436292074,0.8296662590956133,0.5938156082890139,1.0675273124105091,0.04855284870554299,0.7257703369669649,0.8724174727038467,95,0.7636924342105263,0.919129919776019
246,3,1.0,0.007783603724899246,0.8311,0.0024999999999999467,2,0.125,1.0024107447494848,0.02349583472319867,0.9405910566822325,0.3495085853753029,0.6938345710456414,0.05051485389777024,0.6375735298679821,0.3980435982922082,0.7166924674320913,0.03259631911530104,0.43332655865932335,0.8304096428744683,95,0.6900082236842106,0.8052559442226327
246,3,1.0,0.007783603724899246,0.8311,0.0024999999999999467,3,0.125,1.1370606365879607,0.02665193776848682,1.0666062158151493,0.3465954759933672,0.7197415272733854,0.05240101835741681,0.6863122715080785,0.3218156344616759,0.7971625396374924,0.03625622663775189,1.0143449570886294,-0.31038805878191106,95,0.7293585526315789,0.834197767504792
246,3,1.0,0.007783603724899246,0.8311,0.0024999999999999467,17,0.125,1.0400166412114837,0.024377291683348942,0.9711748304700949,0.35882179719367213,0.7363394570328702,0.053609436086649094,0.6762993593931477,0.3965524802668427,0.6067801164002273,0.027597329685728027,0.6960175876418252,0.12729609600069622,95,0.6935855263157895,0.8806023239269622
246,3,1.0,0.007783603724899246,0.8311,0.0024999999999999467,14,0.125,1.0391193834704318,0.02435626056442061,0.9928649471907077,0.30585983024464874,0.9983640168082076,0.0726862202467858,1.0718210990926955,-0.08637362938652866,1.456531160502859,0.06624536557394414,1.6358176631980095,-0.29934741162262757,95,0.6890213815789473,0.8888225816076863
246,3,1.0,0.007783603724899246,0.8311,0.0024999999999999467,4,0.125,1.1378652884784664,0.026670798268464555,1.0142286302923804,0.46759509627536,0.856151579833026,0.06233239705025529,0.8054115920899789,0.34011182608092433,1.3161201488977106,0.059859248306683585,0.9983542258491709,0.8167399545806039,95,0.6962993421052631,0.850183063658911
247,3,1.0,0.007505365350656811,0.8241,-0.006999999999999895,1,0.125,1.0273927858906813,0.024092398749688708,0.9741929173866194,0.3190916807883578,0.9206857114290412,0.06720407329904757,0.9425172391259276,0.07286821815582949,1.636283889562846,0.07527924145738518,1.719256391980925,-0.2794775570655454,95,0.6946134868421052,0.8970579529982833
247,3,1.0,0.007505365350656811,0.8241,-0.006999999999999895,3,0.125,1.0457853198968265,0.024523704350992017,0.9528368267446443,0.4189823632445131,0.7166430280369395,0.052310283506727104,0.6321493966202933,0.4794438674926605,0.8732487751047496,0.040174877851446,0.747696359119573,0.6215902209561054,95,0.7418996710526315,0.8393282713517708
247,3,1.0,0.007505365350656811,0.8241,-0.006999999999999895,11,0.125,0.9455318844094253,0.022172757588508455,0.84246112130215,0.4612295694283442,0.894097084251269,0.06526327631741247,0.7668377430153789,0.5790786784754923,1.0164531465547255,0.04676317009394673,0.8414997746099369,0.7821579732669984,95,0.8275493421052632,0.9538408029414688
247,3,1.0,0.007505365350656811,0.8241,-0.006999999999999895,7,0.125,0.9568811003585906,0.02243889712141025,0.8911114977318337,0.36450377596357203,0.706881091691035,0.05159772559734831,0.6217928868322978,0.48376341136441003,1.040381721982122,0.0478640334702961,0.8893927131420281,0.6969875324722854,95,0.8036184210526316,0.9299017601309865
247,3,1.0,0.007505365350656811,0.8241,-0.006999999999999895,9,0.125,0.8704642817446876,0.020412419535312806,0.8644855868866479,0.22296548245605327,0.5684676154322349,0.04149444139449653,0.6232349945391963,0.04067341014909669,0.6256009707667359,0.02878153774826057,0.7668451407912316,-0.4598323094466901,95,0.7147615131578947,0.8862681930621872
247,3,1.0,0.007505365350656811,0.8241,-0.006999999999999895,6,0.125,1.0634563785295368,0.024938091328158978,0.996513901220267,0.3493799416589405,0.7198215218449138,0.052542292897336765,0.6707654828908193,0.36369050520853924,0.8328480907509779,0.03831619495912485,0.9166238058627918,-0.22054376824422503,95,0.6792763157894737,0.8641646489104117
247,3,1.0,0.007505365350656811,0.8241,-0.006999999999999895,0,0.125,1.0159666669101661,0.023824455837863308,0.9382557071035256,0.38483945687581367,1.171227453378226,0.08549199216366196,1.0748030722970754,0.45000223923903365,2.006423771868554,0.09230797941100746,1.8615006349669856,0.6398107263483792,95,0.8291118421052631,0.9689049791707994
247,3,1.0,0.007505365350656811,0.8241,-0.006999999999999895,19,0.125,1.023971067098798,0.024012159317725122,0.9560234508025223,0.3582811371217149,0.8023071625096071,0.058563208582826015,0.7970878636560049,0.1928752887167241,1.1836529029723886,0.05445539936740363,1.3020976592287865,-0.41441332885917187,95,0.686266447368421,0.9082085080886758
248,3,1.0,0.007231786991974671,0.8316,0.007499999999999951,5,0.125,1.0696443784962097,0.025092827017910494,0.9803547861220139,0.4077853079742524,0.8063714725101812,0.059120387881844094,0.6793831153426786,0.5777769946891258,0.8231451367280412,0.037815966216462556,0.915226347882749,-0.0673703685806108,95,0.7523026315789474,0.8639046786182772
248,3,1.0,0.007231786991974671,0.8316,0.007499999999999951,1,0.125,0.9973767318438996,0.02339749762349315,0.933156994488443,0.3530327633861697,0.9786818918146182,0.07175359623884346,0.8573353242739171,0.5346654762278673,1.7790564409036058,0.08173131962342921,1.5220405541555593,0.7822348097491116,95,0.6978207236842106,0.8985327912321018
248,3,1.0,0.007231786991974671,0.8316,0.007499999999999951,19,0.125,0.9891742747379132,0.023205075879014193,0.9406938356493653,0.312187368022176,0.823708687643395,0.060391492972250965,0.7380696542848778,0.4535137056656452,1.1810851353644722,0.05426002485448138,0.9693545014576058,0.7006734886786733,95,0.6935444078947368,0.9084010197426928
248,3,1.0,0.007231786991974671,0.8316,0.007499999999999951,2,0.125,1.0294747354103209,0.024150485875761456,0.941049883710075,0.4115285331640424,0.686451553372959,0.050328271126917054,0.5994789606397583,0.49053759112520956,0.7845054378737386,0.036040826594916864,0.5884541854894524,0.7144112070938574,95,0.6886513157894737,0.8240386911870075
248,3,1.0,0.007231786991974671,0.8316,0.007499999999999951,9,0.125,0.9144943764255393,0.021453157383726947,0.9041884403287797,0.22122144413855002,0.5941106463203107,0.04355815285212286,0.5719278974316995,0.32348874289081014,0.6266363963172445,0.028788192671990436,0.5157208519762709,0.568172195511422,95,0.7125,0.8785780240073869
248,3,1.0,0.007231786991974671,0.8316,0.007499999999999951,8,0.125,1.071287004635471,0.025131361445236262,0.9736948943449575,0.42912518510064734,0.7457219100303366,0.05467377018651475,0.7346971381312637,0.236202623772799,0.7960323096852805,0.03657038058917289,0.8181061398106728,0.15464677873399318,95,0.7113486842105263,0.8566473988439306
248,3,1.0,0.007231786991974671,0.8316,0.007499999999999951,12,0.125,0.9913252607297567,0.02325553593891481,0.9068284647729563,0.4074698794828666,0.7499870182859176,0.05498647328059007,0.7393286139940878,0.23385609627152276,0.6393577207253512,0.029372620803289184,0.7852061550438616,-0.19378592431361683,95,0.7282894736842105,0.8601513098464318
248,3,1.0,0.007231786991974671,0.8316,0.007499999999999951,3,0.125,0.92569536872544,0.02171592187617022,0.9074309432867014,0.24120764150187343,0.6227751644789765,0.045659736910783975,0.6287892602124764,0.21845332180027707,0.696524101978526,0.03199889148840861,0.8999512473629763,-0.4189015340867891,95,0.7344572368421053,0.8784010749076251
249,3,1.0,0.006962898649802824,0.8296,-0.0020000000000000018,3,0.125,0.9412934314698802,0.022091063961157176,0.8990728730818206,0.2977443167709286,0.6598374846146704,0.04838438437531039,0.6146805996658253,0.3636341236186569,0.9469859236605125,0.04395106260158774,0.7273380735591629,0.7520150295991834,95,0.7389802631578948,0.8737480525261518
249,3,1.0,0.006962898649802824,0.8296,-0.0020000000000000018,0,0.125,0.9444179882584107,0.02216439368126147,0.8663914699940963,0.40558133351639075,1.1749726701535974,0.08615807775212363,1.0647566766944165,0.545925837361974,1.959036937343425,0.09092189537430806,1.6817053800554165,0.8471116702754016,95,0.8270970394736842,0.9662938105891126
249,3,1.0,0.006962898649802824,0.8296,-0.0020000000000000018,19,0.125,0.9327818000709598,0.021891305854533905,0.8925106815718301,0.2931932038676755,0.7013011581313386,0.05142482139779089,0.7326794441332067,0.03198602781170653,1.1091434806083926,0.05147704240621658,1.3704411468734943,-0.7093775904457408,95,0.6951891447368421,0.9094457916839179
249,3,1.0,0.006962898649802824,0.8296,-0.0020000000000000018,11,0.125,0.8686950294044636,0.020387263754030965,0.7968571037212849,0.40067191240745004,0.8554790213352111,0.0627303339965129,0.7338734037355289,0.6169697592480055,1.3191204269339607,0.06122239308384048,1.0119612708620471,0.929486353034624,95,0.8212993421052631,0.9541403824972464
249,3,1.0,0.006962898649802824,0.8296,-0.0020000000000000018,17,0.125,1.0092598343664203,0.023686156525707054,0.9222830843161018,0.42229351234520046,0.6865003585394429,0.050339512373653805,0.6692396268325269,0.24399448774942784,0.6300178540755198,0.029240090536464813,0.5495683457124018,0.49117403687809985,95,0.680921052631579,0.8911231884057971
249,3,1.0,0.006962898649802824,0.8296,-0.0020000000000000018,5,0.125,0.9524463425144344,0.02235280983444305,0.9012810443348362,0.32335130565681175,0.6752276023292864,0.04951290675915178,0.678919879413037,0.15885552333794736,0.8009851198904089,0.03717494238052059,0.582323857629314,0.7688005658503152,95,0.752672697368421,0.8895383774924884
249,3,1.0,0.006962898649802824,0.8296,-0.0020000000000000018,2,0.125,0.90344290182798,0.021202755976284505,0.876081525979149,0.2583199037408043,0.6083488821542888,0.0446088420781863,0.5850008408896582,0.2908935903749555,0.5884130273633523,0.027309147005344054,0.6852831072590552,-0.021573404816413424,95,0.7141858552631579,0.8438597501295412
249,3,1.0,0.006962898649802824,0.8296,-0.0020000000000000018,1,0.125,0.92456316273046,0.021698423978285156,0.901570548953101,0.240702325668016,0.8776887411742282,0.06435892231805468,0.9081364097690254,0.0028942566404670006,1.414868092444055,0.06566618843036842,1.6742594997517941,-0.7160866116891286,95,0.6967516447368421,0.8969607553850694
250,3,1.0,0.006698729810778076,0.8289,-0.0007000000000000339,1,0.125,0.9102435026862762,0.021370340766649714,0.8726228800683993,0.28668599486416624,0.8744888121679104,0.06421462293732527,0.9546295958459226,-0.27113728802110726,1.650072576070545,0.07602114613387412,1.6119738501515675,0.2599265497620099,95,0.6892269736842105,0.8981625104402816
250,3,1.0,0.006698729810778076,0.8289,-0.0007000000000000339,5,0.125,0.9215373226903452,0.021635492653295306,0.8690383822875094,0.33304897658737365,0.6481750092035873,0.04759616502150722,0.6615879970956858,0.10093435560819831,0.7811433164387664,0.035988362616088794,0.7940434699942143,0.04771808187923571,95,0.7513157894736842,0.8838660245183888
250,3,1.0,0.006698729810778076,0.8289,-0.0007000000000000339,12,0.125,0.9254561530653157,0.021727497419352596,0.864179552603555,0.3605175708579861,0.6564089903590056,0.04820079482100968,0.5784650146185448,0.5062551137029394,0.6223121913574328,0.028670791046497734,0.5726855765627723,0.40642226974131895,95,0.7316200657894737,0.862192997246108
250,3,1.0,0.006698729810778076,0.8289,-0.0007000000000000339,0,0.125,0.8403594069916874,0.01972962931443378,0.8202985481057901,0.24196605991436754,1.1131646988267516,0.08174084151527826,1.0091372477263953,0.560838761860301,1.6212353628264262,0.07469257547951817,1.6259270870681495,0.031486758244115995,95,0.820641447368421,0.9638741356849384
250,3,1.0,0.006698729810778076,0.8289,-0.0007000000000000339,19,0.125,0.8969067524278711,0.02105722576291642,0.8741185812894271,0.24011510240048287,0.7486736923081302,0.054975887839524056,0.7866033771021024,-0.03997643648758931,1.2816971862332551,0.05904957788344451,1.2698761289278087,0.13575538181061464,95,0.6942434210526316,0.9129353233830846
250,3,1.0,0.006698729810778076,0.8289,-0.0007000000000000339,11,0.125,0.7966579391357385,0.018703623353030833,0.7655313485286623,0.28804150772472326,0.8036122339719493,0.059010082089445796,0.7057985364643413,0.5634708034835043,0.843911474726454,0.038880179256727536,0.8788806220400023,-0.08395839410761477,95,0.8250822368421052,0.9532044253961925
250,3,1.0,0.006698729810778076,0.8289,-0.0007000000000000339,13,0.125,0.9748995984207618,0.022888311281582693,0.909412749949723,0.3662783841317998,0.6646511524690945,0.04880602535652172,0.6791689988632823,0.09158266250094596,0.8100837667540394,0.037321689546372515,0.764103999798218,0.35593663296889116,95,0.7101151315789473,0.8642733063115229
250,3,1.0,0.006698729810778076,0.8289,-0.0007000000000000339,8,0.125,0.9851137021774884,0.02312811401267936,0.894579294964735,0.443525586349205,0.7513629984013614,0.05517336638280214,0.6508226627411162,0.5818546405150002,0.7695141510090492,0.03545259073710101,0.7140132223063735,0.40974360278277033,95,0.7117598684210527,0.8752166377816292
251,3,1.0,0.006439309443990521,0.8204,-0.008499999999999952,4,0.125,0.970532425340333,0.022793956217284722,0.8893900332370176,0.4018382611407604,0.7586123722555664,0.05578398055540983,0.7645970884903693,0.17125453751089376,1.150065797372464,0.05321094365753651,0.7460989275616292,0.8327062792877334,95,0.7083881578947369,0.8736359414905968
251,3,1.0,0.006439309443990521,0.8204,-0.008499999999999952,8,0.125,0.8917207914940527,0.020942983612557125,0.8518926905101142,0.3089057795076453,0.6669426902105811,0.049043120601447304,0.7337530276990185,-0.022703459934763928,0.7598821250329333,0.03515802750927426,0.932384871055447,0.03669754521202727,95,0.7158305921052631,0.8706990637026826
251,3,1.0,0.006439309443990521,0.8204,-0.008499999999999952,12,0.125,0.8777971670456755,0.020615972914330392,0.8268618779280847,0.34164472091421133,0.5986639930744684,0.04402229883174055,0.6461273803751453,0.07367334044617131,0.6540924982984838,0.030263380715517357,0.7314605648736627,0.29084027664857415,95,0.737952302631579,0.8665515127876525
251,3,1.0,0.006439309443990521,0.8204,-0.008499999999999952,19,0.125,0.899174219662619,0.021118035069785258,0.8258046289628186,0.3956453850535207,0.7708916031366456,0.056686924406258006,0.6472871664501468,0.5793483716972905,1.3105895650510437,0.060638015375654976,0.8441107456533887,0.8910790392686547,95,0.7028371710526315,0.9051073538875564
251,3,1.0,0.006439309443990521,0.8204,-0.008499999999999952,10,0.125,0.9757138974640689,0.022915648440693024,0.860205728349935,0.48780447075835026,0.938729254135513,0.06902873769879461,0.7631246096152586,0.7018143013338288,0.9994855962785577,0.04624393827866652,0.6146080837313151,0.8308673904997234,95,0.7693256578947368,0.921058257616248
251,3,1.0,0.006439309443990521,0.8204,-0.008499999999999952,3,0.125,0.8966532795326043,0.021058828187614575,0.8706326533901596,0.2704257315730462,0.6059092899471499,0.04455507619557674,0.640985240231035,0.11628863135691574,0.8681300353779648,0.04016641352647019,1.1987787785776844,-0.36422913787963457,95,0.7358552631578947,0.865500670540903
251,3,1.0,0.006439309443990521,0.8204,-0.008499999999999952,6,0.125,0.9574760074104071,0.02248731275965378,0.8652289092295893,0.43260264246852814,0.6521345226449792,0.047954213325805746,0.5483089195655986,0.5514489735105115,1.0200750690762912,0.047196566623480915,0.5374062820614868,0.9265510122848859,95,0.6849095394736842,0.8736867383082187
251,3,1.0,0.006439309443990521,0.8204,-0.008499999999999952,15,0.125,0.9903330590808482,0.023258994547557435,0.9103612861271895,0.39534181383632533,0.9819509631143764,0.07220701300964893,0.8242472853524794,0.646421674002001,1.3691237544676709,0.06334625994931653,1.1605399328895987,0.5464754681848891,95,0.6815789473684211,0.8389237451737451
252,3,1.0,0.006184665997806821,0.8221,0.0017000000000000348,15,0.125,0.9115468073945041,0.021416275503431628,0.8699242344964372,0.3013221714575388,0.8625036545581122,0.06338693644726952,0.8971968758372075,-0.018272266683637198,1.053796786770162,0.04951366365478509,1.162826627025454,-0.020778204454122845,95,0.6726973684210527,0.8216992665036675
252,3,1.0,0.006184665997806821,0.8221,0.0017000000000000348,1,0.125,0.8636042835372959,0.02028989308299334,0.8293809902885503,0.2878379098585493,0.8288173676202688,0.06091127096111279,0.8731542684944523,-0.05651479702660338,1.3905727343811105,0.06533740804874756,1.5051581333636905,-0.08466928569484575,95,0.6925575657894737,0.8936650240455976
252,3,1.0,0.006184665997806821,0.8221,0.0017000000000000348,11,0.125,0.8348275050460923,0.019613798985280022,0.7588587240491536,0.41947910517777237,0.8161883826963328,0.0599831442679254,0.7265826605231154,0.5073230728596106,1.330448801162119,0.06251242675787445,0.9648519022053776,0.8474129314565785,95,0.8298108552631579,0.9532233288736931
252,3,1.0,0.006184665997806821,0.8221,0.0017000000000000348,7,0.125,0.907275526097713,0.021315924170661128,0.808341194871756,0.47231520803206234,0.7318167584635935,0.05378252267643368,0.6178197203305122,0.6118284842022046,1.2153023621179222,0.05710215968792555,0.8163687252114608,0.9026318595003758,95,0.7986019736842105,0.9240037071362373
252,3,1.0,0.006184665997806821,0.8221,0.0017000000000000348,18,0.125,0.9452936719910436,0.022209138956754772,0.8361750108004632,0.49530572572109116,0.8803623153588034,0.06469940137564911,0.7694065366420526,0.5801226937170108,1.6796327091212206,0.07891917119798754,1.3240276970770604,0.8161980099551777,95,0.7894325657894737,0.9519245794051774
252,3,1.0,0.006184665997806821,0.8221,0.0017000000000000348,0,0.125,0.8490218390727031,0.019947286816772224,0.768089131336754,0.4310578706526324,1.1546640494666127,0.0848583264948424,1.0532344133097933,0.5186967867719326,1.9461955873469827,0.09144388645715493,1.6693573747949353,0.6676927649634715,95,0.8277549342105263,0.9636381699865878
252,3,1.0,0.006184665997806821,0.8221,0.0017000000000000348,19,0.125,0.8128077517588392,0.0190964573643211,0.8085968255224922,0.20461045213618406,0.6095802704700538,0.04479914451329584,0.6643733403366799,-0.05682742535261113,0.933238273332172,0.0438491050225794,1.2941812810147861,-0.6641682977977448,95,0.7003289473684211,0.916744950681071
252,3,1.0,0.006184665997806821,0.8221,0.0017000000000000348,10,0.125,0.848068535624391,0.019924889492661378,0.8379967308579462,0.21537514045938794,0.7884696129118117,0.0579460422922496,0.8273592940596342,-0.024882711493793105,0.7977128647918215,0.03748131231397646,1.09949181133161,-0.46849433697942444,95,0.7733552631578947,0.9149829859634199
253,3,1.0,0.005934827396750392,0.826,0.0038999999999999035,4,0.125,0.9099598590515054,0.021385953533792343,0.8160265689923644,0.460476086877005,0.739309135197722,0.054499798561241854,0.6015890825788357,0.6646078499265304,1.1925093599756342,0.05540473024095685,0.9832325725275058,0.7014308723655025,95,0.6980674342105263,0.8703540083642575
253,3,1.0,0.005934827396750392,0.826,0.0038999999999999035,2,0.125,0.8845144443424692,0.020787933246191145,0.8016324429736964,0.4319853050167258,0.6231021708767528,0.04593334665988334,0.5588781719373009,0.4437670363385397,0.7261076885216982,0.03373541706142365,0.5462149563349299,0.6962424070833902,95,0.7012335526315789,0.8331183300105547
253,3,1.0,0.005934827396750392,0.826,0.0038999999999999035,8,0.125,0.8527082962221838,0.02004042246423385,0.8451176092765574,0.20263911193372014,0.6849642025112294,0.050493642349678215,0.6347203072264961,0.37598708255375507,0.6965224717226947,0.032360869396739066,0.6713506463232957,0.3178569930523446,95,0.7204769736842105,0.8758132633261043
253,3,1.0,0.005934827396750392,0.826,0.0038999999999999035,19,0.125,0.8243982140091659,0.01937507651878026,0.7866475414469362,0.3055195434783949,0.6769750408959844,0.04990470373391553,0.7328104798140682,-0.04274689589172928,1.2402032520929014,0.057620618279732895,1.1492586968330294,0.39399598135923475,95,0.6997532894736842,0.9137971559525209
253,3,1.0,0.005934827396750392,0.826,0.0038999999999999035,17,0.125,0.8615739972253719,0.020248784918701135,0.7867776021003675,0.4119669588747638,0.6285291034255246,0.04633340492594874,0.6603767730565002,0.07234255354973976,0.5705008925727891,0.026505828059803505,0.7102623120042184,-0.15863015595965932,95,0.6882401315789474,0.8988529095471383
253,3,1.0,0.005934827396750392,0.826,0.0038999999999999035,9,0.125,0.8518638454916043,0.02002057611177543,0.7653557884850641,0.44883565022778305,0.6396379030082349,0.047152314514226724,0.6510124121334233,0.15251902610011941,0.6023769875832929,0.027986811358104963,0.5467861365272326,0.4389807127817129,95,0.7123766447368421,0.8948917748917748
253,3,1.0,0.005934827396750392,0.826,0.0038999999999999035,0,0.125,0.7572686467400516,0.017797391753809094,0.7329060154720509,0.27919592514145186,1.0661027325045347,0.0785901071701862,0.9431045584375293,0.5766184373162911,1.794894280583983,0.08339191017236443,1.731792346472084,0.2764959406388273,95,0.8233141447368421,0.9649902611996204
253,3,1.0,0.005934827396750392,0.826,0.0038999999999999035,7,0.125,0.785809586435964,0.01846816333134195,0.7468750010808961,0.3181215547148432,0.5653681815233762,0.04167735868395443,0.49666782970003553,0.4787787110475989,0.7814327690830943,0.036305854885178755,0.8470177043221709,0.01920518051323242,95,0.8018914473684211,0.9250333299148805
254,3,1.0,0.005689821038439263,0.8244,-0.0015999999999999348,18,0.125,0.8662601245566688,0.020365581627710815,0.7958214820450452,0.39660292647089457,0.7143556808251921,0.05264635397012235,0.7778720090057257,-0.029113931310623013,1.4247552623087485,0.06657321554055758,1.3689756250525293,0.3032968626332968,95,0.7900904605263158,0.9527452511059068
254,3,1.0,0.005689821038439263,0.8244,-0.0015999999999999348,10,0.125,0.8642512368081888,0.02031835312640641,0.8014471395169245,0.3744597637841095,0.8962879425972572,0.06605433896825792,0.7389337670185943,0.659341809964221,0.9163754416887562,0.04281862394862243,0.9023579917973051,0.19413320595552358,95,0.7710115131578947,0.9174444029651752
254,3,1.0,0.005689821038439263,0.8244,-0.0015999999999999348,19,0.125,0.7537572220663972,0.01772066357241814,0.7433257650618528,0.240491338377341,0.7210701588192524,0.053141195398122974,0.6378632761802474,0.47200499398593826,1.2519367728320325,0.058498086531605153,1.2871893029396235,-0.03707531442020642,95,0.6987253289473684,0.9111398811275231
254,3,1.0,0.005689821038439263,0.8244,-0.0015999999999999348,15,0.125,0.8984210758033512,0.021121678392726217,0.8348221322950077,0.3702233996237805,1.0024380221768416,0.07387735320823424,0.8451863045379102,0.6471251516644195,1.294013606123589,0.06046417163133218,1.2098090353081692,0.4168430161857048,95,0.6789473684210526,0.8377543604651163
254,3,1.0,0.005689821038439263,0.8244,-0.0015999999999999348,3,0.125,0.8917657522279665,0.020965213225173123,0.7886222592001227,0.4861492288855796,0.6850842440339407,0.05048911708674495,0.5868577509793744,0.5268922537979321,0.9556016821337636,0.044651512044616926,0.8273477959879261,0.6008686860573785,95,0.7395559210526316,0.8670076726342711
254,3,1.0,0.005689821038439263,0.8244,-0.0015999999999999348,16,0.125,0.962281322831166,0.02262301850609728,0.8457484985433108,0.512649606121564,0.746931821122639,0.05504713982388451,0.7407802509765725,0.2139227447375163,0.6091627177384275,0.028463780398014785,0.6279108982275355,0.13614726818086487,95,0.7328947368421053,0.891270197486535
254,3,1.0,0.005689821038439263,0.8244,-0.0015999999999999348,9,0.125,0.7713289239996379,0.01813377035168073,0.7785456601796287,0.1794315367952937,0.6527529370664927,0.04810637488056731,0.592013386959692,0.4216775045651707,0.5890412719080491,0.027523584291574192,0.6515154607296416,-0.03903771599304557,95,0.7145970394736842,0.8891765924391507
254,3,1.0,0.005689821038439263,0.8244,-0.0015999999999999348,11,0.125,0.7540556276616684,0.017727679021168907,0.7122483752421215,0.33730808926450206,0.6978997415025995,0.05143358947514794,0.7748650461096894,-0.07603506552576648,1.124538839087092,0.05254528163451703,1.0814364367524152,0.27889735304207947,95,0.828125,0.9558093346573983
255,3,1.0,0.00544967379058161,0.8269,0.0024999999999999467,19,0.125,0.7650647469338213,0.017992115885129688,0.719209412532828,0.34129234619096865,0.6570471388614665,0.04838684626043864,0.596504661472134,0.43909449694424574,1.2693353813658927,0.059222907445886194,1.0320681189780034,0.880820314403238,95,0.7091282894736842,0.9135451698944683
255,3,1.0,0.00544967379058161,0.8269,0.0024999999999999467,10,0.125,0.7930583356278752,0.018650444338822823,0.736500757738268,0.3720139606891591,0.7683730772256473,0.05658520943079016,0.7110350300628379,0.4041378193297738,0.8968414526669427,0.041843597149064424,0.7124805424333778,0.7484068538733852,95,0.7768914473684211,0.9147348364560178
255,3,1.0,0.00544967379058161,0.8269,0.0024999999999999467,18,0.125,0.7654889170689367,0.018002091143114837,0.7534041974501203,0.22170544775682283,0.6899564887542963,0.05081038569865097,0.7148975834125645,0.02178292519512543,1.0490720057166643,0.04894616128305901,1.254429436541565,-0.6750881234271557,95,0.7875411184210527,0.9486242364120503
255,3,1.0,0.00544967379058161,0.8269,0.0024999999999999467,3,0.125,0.7579527052055356,0.017824861179605706,0.7598057911574934,0.17255770482907884,0.5617959116139141,0.04137227117693436,0.5768911015955325,0.1050809939728878,0.8050233941424813,0.03755967623920704,0.9961818072327986,-0.5931896171437081,95,0.7284128289473685,0.892125317527519
255,3,1.0,0.00544967379058161,0.8269,0.0024999999999999467,1,0.125,0.811797020923613,0.01909112416197125,0.753626771965977,0.3737393221653929,0.8540100867036521,0.06289176578989122,0.8139173928975775,0.31178266997061205,1.563793077235077,0.07296131033387977,1.4023650767649591,0.6379244185978233,95,0.6870888157894737,0.8963494913225614
255,3,1.0,0.00544967379058161,0.8269,0.0024999999999999467,14,0.125,0.8700304963118445,0.02046060751848191,0.8146602727854284,0.35341705311867194,0.9838810124901453,0.07245583531863295,0.9739672567917256,0.15170409426531234,1.309041188996859,0.06107544650287088,1.4768307223775137,-0.5333512229687758,95,0.7055921052631579,0.9116550116550116
255,3,1.0,0.00544967379058161,0.8269,0.0024999999999999467,2,0.125,0.8355590277739123,0.019649938017435448,0.7662333665488924,0.40708842665639083,0.5629725003735242,0.041458918566529064,0.5181411760409161,0.39237239791825845,0.754245859063851,0.03519056772428011,0.5692696890609026,0.7666399024713221,95,0.7028782894736842,0.8254358254358254
255,3,1.0,0.00544967379058161,0.8269,0.0024999999999999467,6,0.125,0.834396784877293,0.019622605417199387,0.755100554516041,0.44070154678123274,0.5821734802620518,0.04287293410204431,0.5030780790988025,0.5376808977593155,0.8831004786182656,0.04120248964804649,0.6623380628763087,0.8503119927874853,95,0.684375,0.877012737322759
256,3,1.0,0.005214411988029367,0.8296,0.0027000000000000357,2,0.125,0.7443340593003728,0.017510092783115737,0.7386711824286533,0.22078219092683085,0.49375032549986647,0.03644693348551317,0.5312580811392906,0.22974534654549925,0.4790499802803427,0.022549995009620644,0.8403314438575579,-0.2715306838512479,95,0.7087171052631579,0.8564051984219077
256,3,1.0,0.005214411988029367,0.8296,0.0027000000000000357,3,0.125,0.7545127594843908,0.0177495417004489,0.7115914756582632,0.3379552131120355,0.5702479483622072,0.04209372221307697,0.5396450777680485,0.38568570263669394,1.0131474266113265,0.0476912020760872,0.6128226944568156,0.8436529281455014,95,0.7355263157894737,0.8944543828264758
256,3,1.0,0.005214411988029367,0.8296,0.0027000000000000357,17,0.125,0.8618798659631787,0.020275300091869727,0.7789957305597182,0.43681414712306543,0.6458460701546244,0.04767411289698893,0.7101871640034274,0.06450432865092547,0.6352956477064303,0.029904841405128783,0.6799988943680619,0.3697288633525159,95,0.6887746710526316,0.8826935705331025
256,3,1.0,0.005214411988029367,0.8296,0.0027000000000000357,8,0.125,0.8160194629200797,0.01919645665816936,0.7545994738123208,0.3808158414059105,0.6731179072037491,0.04968722515154981,0.5357432662257238,0.615381439419252,0.8030126453455952,0.0377996699522012,0.4696196746379554,0.8179308044471655,95,0.7162006578947369,0.8858077850499483
256,3,1.0,0.005214411988029367,0.8296,0.0027000000000000357,14,0.125,0.7954340254073031,0.018712194361790564,0.7493686193972304,0.33778064887871584,1.0454085175687078,0.07716842447940002,0.8196556814690659,0.7549505918212828,1.698688204812089,0.07996119845156349,1.1846750084892976,0.9305307500663268,95,0.7092927631578947,0.916695652173913
256,3,1.0,0.005214411988029367,0.8296,0.0027000000000000357,5,0.125,0.8513367344877474,0.02002727810758365,0.7799813482170692,0.4039495883597453,0.6772190017930322,0.04998995370481623,0.7330285527008861,0.08007020056757073,0.9464331635858468,0.04455080679329291,0.7237017461453858,0.6457240691797469,95,0.7439967105263158,0.8950480822372057
256,3,1.0,0.005214411988029367,0.8296,0.0027000000000000357,4,0.125,0.8371204664480192,0.019692847391569845,0.7722089114410022,0.38709817900167315,0.7837184624531882,0.05785137385678084,0.6382666830337685,0.6050350394575256,0.8715398065721998,0.041025402563189074,1.1880956673465686,-0.3249433479721378,95,0.6946957236842105,0.8614974844628588
256,3,1.0,0.005214411988029367,0.8296,0.0027000000000000357,11,0.125,0.7427182732968022,0.01747208221180482,0.6510477645870495,0.4884623398073651,0.7657892640287527,0.056527902724356954,0.5341782676958675,0.8002268138368201,1.1394156071267347,0.05363493854974294,0.6466910249412872,0.9258042568330949,95,0.8214226973684211,0.954247384492166
257,3,1.0,0.0049840614298903236,0.8279,-0.0017000000000000348,4,0.125,0.7711105345535956,0.018145575514050678,0.7340864574535728,0.30652862257413904,0.6065166746719307,0.044774614773410375,0.5813518600620647,0.2870674451465932,1.0950948987479385,0.0510584600886828,1.1150862997970166,-0.028807324848212894,95,0.6989720394736842,0.873463144890876
257,3,1.0,0.0049840614298903236,0.8279,-0.0017000000000000348,0,0.125,0.7128384965047547,0.016774332845987526,0.664022701393016,0.36403484212712717,0.9707199915707188,0.07166103668779904,0.8741356708279545,0.5717530254778512,1.4871582910009034,0.06933829418202855,1.4373828470459857,0.33124452023458806,95,0.8147203947368421,0.9660845866558999
257,3,1.0,0.0049840614298903236,0.8279,-0.0017000000000000348,5,0.125,0.7476806085427725,0.017594228498717612,0.7320534875616047,0.2283019929055829,0.6946655231534247,0.051281988598892554,0.7533899417922539,-0.17431972752087907,0.7985512766921399,0.03723220566214794,0.8195325595527363,-0.004100216395449299,95,0.74296875,0.9083513199402291
257,3,1.0,0.0049840614298903236,0.8279,-0.0017000000000000348,16,0.125,0.8356137688119254,0.019663449094668543,0.7561448451279864,0.45344214155527746,0.629958378001199,0.04650514136902012,0.5303963030989528,0.6255528064595829,0.5590257452766504,0.02606440203163054,0.47208680602901115,0.6048511250600259,95,0.7376644736842105,0.8978260869565218
257,3,1.0,0.0049840614298903236,0.8279,-0.0017000000000000348,7,0.125,0.7145905315748643,0.016815561286325643,0.6649364690225826,0.3667685695578935,0.46720256937070564,0.03449009060803814,0.43118118587282717,0.3862389990521385,0.5416266041799748,0.025253172473098506,0.47444339461397667,0.515238139672613,95,0.8048519736842106,0.93133748850516
257,3,1.0,0.0049840614298903236,0.8279,-0.0017000000000000348,1,0.125,0.7803622700947748,0.01836328498419257,0.7587389540696929,0.24495504356998574,1.0095306114715816,0.07452613607870752,1.075718824041579,-0.2547569641335291,1.8734451303678594,0.08734879828824932,1.9023777079705433,-0.11276602946259692,95,0.6863486842105263,0.8983944404505152
257,3,1.0,0.0049840614298903236,0.8279,-0.0017000000000000348,14,0.125,0.758710799403964,0.017853788123748555,0.7183143426173145,0.3219926263051783,0.7872288323035042,0.058115249220438835,0.7078222027650968,0.5109888164403102,1.0400889718943171,0.04849382580529082,0.9746246798568885,0.4372980239752429,95,0.7078125,0.9056000929476008
257,3,1.0,0.0049840614298903236,0.8279,-0.0017000000000000348,8,0.125,0.7475106448104389,0.017590228955718896,0.70695125612588,0.32499971245490467,0.5255671573542826,0.038798714018576694,0.47403631200999125,0.4369352852235439,0.4493059694042985,0.020948751503331295,0.4333051314712486,0.28825557399576374,95,0.7263569078947368,0.8855929804698557
258,3,1.0,0.004758647376699032,0.8315,0.0036000000000000476,1,0.125,0.7726949457862278,0.0181879172541242,0.6984064168643613,0.4305821452217576,1.0693107791743859,0.07904134313091812,0.7324657657775656,0.8567078671167178,2.040037199019211,0.09534891818859617,1.3929130742596105,0.8582325216135319,95,0.6841282894736842,0.8976439475898546
258,3,1.0,0.004758647376699032,0.8315,0.0036000000000000476,17,0.125,0.7952154277647817,0.018718010876429648,0.732868050518181,0.3885361251463425,0.7325792552164355,0.054150813224629044,0.498884097498615,0.7487534412867953,0.7638122976491495,0.035699680532789435,0.6104399534579307,0.7105680596058328,95,0.6805509868421052,0.8770467041266389
258,3,1.0,0.004758647376699032,0.8315,0.0036000000000000476,12,0.125,0.7300532789765185,0.017184205360132477,0.686353977533392,0.34577364936503935,0.5231070159373344,0.03866703856928999,0.6372523149158343,0.12331555339756528,0.44491487685267384,0.02079479345489888,0.8496901718493576,0.22761661122530766,95,0.7345805921052632,0.8671704450041982
258,3,1.0,0.004758647376699032,0.8315,0.0036000000000000476,3,0.125,0.6840628069334813,0.01610166831940452,0.6974458575903189,0.1699648026564119,0.5798425769591459,0.04286081930524459,0.552934778646454,0.43488443292571466,0.667241220207171,0.031186062954234157,1.177078312448157,-0.2230569754529665,95,0.7330180921052631,0.8903348852863634
258,3,1.0,0.004758647376699032,0.8315,0.0036000000000000476,6,0.125,0.8036526674963677,0.018916609066993908,0.7111458862956702,0.4790066509643514,0.7280851776929144,0.05381861988055012,0.5111252344361352,0.7234326900417636,1.2650400933528487,0.05912647299979894,0.5379575301835285,0.9515284236503342,95,0.6891447368421053,0.8791766109785203
258,3,1.0,0.004758647376699032,0.8315,0.0036000000000000476,4,0.125,0.7183005782190374,0.016907566888436445,0.678543890421474,0.33642769781494053,0.5732287429915514,0.04237193774693168,0.6845940834547953,0.09720589502022704,1.1766837627678017,0.054996802942582065,0.6893124923794423,0.8179773156774363,95,0.7084292763157894,0.8698705670671543
258,3,1.0,0.004758647376699032,0.8315,0.0036000000000000476,2,0.125,0.7899427939089005,0.018593902094814048,0.7070788193539256,0.4528385467094249,0.5810475335245844,0.04294988731727774,0.5042172241618348,0.5388435093631204,0.8721593255579778,0.040763692064061094,0.4373158330971571,0.8693556207565362,95,0.6990542763157894,0.8373625080877596
258,3,1.0,0.004758647376699032,0.8315,0.0036000000000000476,19,0.125,0.7541367188823616,0.017751088338455113,0.6628673536073728,0.4861987805371285,0.9092931269316815,0.06721315397931803,0.5692619213340931,0.8755304004667099,1.5470555471293932,0.07230754069944059,0.7813479850504229,0.9613560135841163,95,0.6934621710526315,0.9121257041209606
259,3,1.0,0.004538194547646574,0.8254,-0.006099999999999994,7,0.125,0.7079710296130691,0.016669058670705124,0.6255276915829981,0.4883001286068866,0.6361334674473432,0.04698755353386829,0.49057636335534466,0.7155423880000281,1.126484977098121,0.05327833514739885,0.6100715216373257,0.9388347209041995,95,0.7983552631578947,0.9298001648125257
259,3,1.0,0.004538194547646574,0.8254,-0.006099999999999994,10,0.125,0.7071208178766634,0.01664904057854616,0.7041439004518358,0.18724890550482642,0.6698689228846015,0.04947939934840849,0.7967112075877182,-0.37669466977811356,0.6556901309870055,0.03101157961427891,1.0813553344763145,-0.5135574113700615,95,0.7660361842105263,0.9186795491143317
259,3,1.0,0.004538194547646574,0.8254,-0.006099999999999994,3,0.125,0.700968850979238,0.01650419355393067,0.6400547304529076,0.41187875682252467,0.5781497117877087,0.04270462398751906,0.48639587699598336,0.5554213719963247,1.1636352393293299,0.05503539730287197,0.7100100451184019,0.8745524017183817,95,0.7391858552631579,0.893252489291873
259,3,1.0,0.004538194547646574,0.8254,-0.006099999999999994,1,0.125,0.665101712344201,0.01565970781475501,0.6709880559767576,0.16248341111833584,0.6977062862189435,0.051535586716073445,0.8219464146327015,-0.3697117965982636,1.3493320986014936,0.06381813271902295,1.7633677042237046,-0.5965133317510135,95,0.6924753289473684,0.8995902856124933
259,3,1.0,0.004538194547646574,0.8254,-0.006099999999999994,14,0.125,0.7358311571103542,0.01732502068101419,0.663844077384129,0.4446470418959969,1.049072273019737,0.07748898951538359,0.8838772728958452,0.733142496014543,1.722898288829787,0.08148635296816557,1.2346328318441877,0.8845342592914642,95,0.7251644736842106,0.922261283737809
259,3,1.0,0.004538194547646574,0.8254,-0.006099999999999994,12,0.125,0.6780723937173974,0.015965100323438588,0.6430190588775957,0.3205375485945195,0.600220323998901,0.044334854317893066,0.5018371336988375,0.5711928350860296,0.8541130913674526,0.040396209857037735,0.4783581215558381,0.8430227136374883,95,0.7334703947368421,0.868987554658594
259,3,1.0,0.004538194547646574,0.8254,-0.006099999999999994,17,0.125,0.7208778401125545,0.016972947350422964,0.6719919071778281,0.3624594219262326,0.5022169716941026,0.03709590526306842,0.5517936574889795,0.03595555656944207,0.7155531285904222,0.03384286535184713,0.6192448931027794,0.5630820459844311,95,0.6951480263157894,0.8966047557080327
259,3,1.0,0.004538194547646574,0.8254,-0.006099999999999994,11,0.125,0.6863882524319107,0.01616089581649044,0.6186686310976149,0.4402913035271461,0.7715493917805198,0.056989956047724534,0.6067287871775775,0.7554460859888675,1.216635986488164,0.05754212542406283,0.7197292093426838,0.9150853427466755,95,0.8262335526315789,0.9557081715935105
260,3,1.0,0.004322727117869962,0.8274,0.0020000000000000018,18,0.125,0.6701887403735469,0.015783301470861575,0.6377541618050029,0.30789778647624483,0.6659764624213361,0.04925883714732163,0.6237851629131487,0.379622724176415,1.0580700365942692,0.04957128299651981,0.9793990350473116,0.5060416619299357,95,0.7916118421052631,0.955121545813422
260,3,1.0,0.004322727117869962,0.8274,0.0020000000000000018,14,0.125,0.6547828689546443,0.015420485000846964,0.6349809305616958,0.25624905367524425,0.8884315291444568,0.06571268878116235,0.8531277244100105,0.3101709213916196,1.393995559433529,0.06530961654957963,1.2720413412332088,0.7127420451352869,95,0.7299753289473684,0.9223229876640567
260,3,1.0,0.004322727117869962,0.8274,0.0020000000000000018,12,0.125,0.6529864975923485,0.01537817949934162,0.6092443644514391,0.3607481418697253,0.5560343949185242,0.04112699059666289,0.5034914660527294,0.461941819548985,0.6097533027666029,0.02856734666336322,0.4990439073093414,0.7070236891988286,95,0.734046052631579,0.8797333632086041
260,3,1.0,0.004322727117869962,0.8274,0.0020000000000000018,4,0.125,0.6978729477817235,0.016435279287232478,0.6494107788564268,0.370535458484843,0.6034880477719452,0.044636892056924025,0.5624605429642336,0.38383334618234877,1.0000487159517168,0.04685294564083615,0.9796072152817564,0.20241012202183484,95,0.6979440789473684,0.8779898668551903
260,3,1.0,0.004322727117869962,0.8274,0.0020000000000000018,17,0.125,0.6640158628561703,0.015637926920484685,0.623411460793806,0.3446516842386763,0.5383342400781125,0.03981780161782686,0.5517753317572577,0.05668030754388729,0.5139274534585954,0.02407784206523742,0.6165555097093723,-0.4523645811300522,95,0.7004934210526316,0.8854191124677154
260,3,1.0,0.004322727117869962,0.8274,0.0020000000000000018,3,0.125,0.6337290033899484,0.014924655263168335,0.6350494077469762,0.1666722459872229,0.47108059083245635,0.034843396751159106,0.4813047792214012,0.0983528814080496,0.6686597993404713,0.0313271550985363,0.636181732627593,0.3106701278819235,95,0.7420230263157894,0.9026377036462374
260,3,1.0,0.004322727117869962,0.8274,0.0020000000000000018,15,0.125,0.7611592399469889,0.017925705144970203,0.7124606532894284,0.35914558592705775,0.8700631982442485,0.06435407827232871,0.8822803382185175,0.010076025755337633,1.2485708638508652,0.05849637310624856,1.3461474097810047,-0.4915106714958023,95,0.6846628289473684,0.8600084079034293
260,3,1.0,0.004322727117869962,0.8274,0.0020000000000000018,9,0.125,0.6932857284708913,0.016327247831413826,0.6388480208940764,0.39679414692928555,0.56123349431364,0.04151154110988316,0.5436291754100601,0.24994291936987462,0.6342024158996741,0.029712803829917638,0.6819784550601682,-0.13371872893829467,95,0.7133634868421053,0.899994235979019
261,3,1.0,0.004112268715800955,0.8294,0.0020000000000000018,12,0.125,0.619359572240388,0.01458990181010478,0.5854335486034238,0.32676008183349303,0.49525095365589816,0.03668558285095292,0.4542579642479597,0.4045819905331763,0.35133102996773974,0.016509480116604615,0.34236670510877787,0.4050829241281947,95,0.7320723684210526,0.8630644798921591
261,3,1.0,0.004112268715800955,0.8294,0.0020000000000000018,9,0.125,0.6158266032593726,0.014506677665615164,0.6028390040578833,0.23252264712502232,0.5385817609188013,0.03989530089007532,0.5703656138543247,-0.04434000012664199,0.6781255950127661,0.03186596136541637,0.5694487886006564,0.575615747371231,95,0.7069078947368421,0.8992554676593765
261,3,1.0,0.004112268715800955,0.8294,0.0020000000000000018,4,0.125,0.6563256004456126,0.01546068954956425,0.6278481786280516,0.292859571757197,0.601249365094819,0.04453738702458758,0.5871304653986686,0.22189807967146283,1.146409467882862,0.0538712003811257,0.9308957971606261,0.8624496771409508,95,0.7025904605263158,0.8746415403523147
261,3,1.0,0.004112268715800955,0.8294,0.0020000000000000018,15,0.125,0.7182913422616672,0.01692038134929904,0.668261946585597,0.37550108040887353,0.9223873679398079,0.06832559928948503,0.9304108520800626,0.040915359916191586,1.2915611257388535,0.06069205651070165,1.18650372370967,0.48741650480184084,95,0.6872944078947368,0.8571343104995514
261,3,1.0,0.004112268715800955,0.8294,0.0020000000000000018,7,0.125,0.611661477114892,0.014408562153724627,0.5927297449903909,0.26104883617565666,0.47637722022711176,0.035287516060172705,0.43638016998311296,0.40527987942474014,0.521559001969781,0.024508703297419825,0.6667522040893542,-0.38422239010391773,95,0.8022615131578947,0.9299882117779714
261,3,1.0,0.004112268715800955,0.8294,0.0020000000000000018,8,0.125,0.684922159242898,0.01613432244983587,0.6352933688801697,0.38051973456793503,0.5435862814768678,0.04026600942118863,0.4876361254071123,0.4730284853476675,0.5541921525619393,0.026042175450143916,0.5836381476133614,0.11938013142111807,95,0.7305098684210526,0.8969379714060565
261,3,1.0,0.004112268715800955,0.8294,0.0020000000000000018,6,0.125,0.7396720277078699,0.017424034017755354,0.6757194960221522,0.4322167690389811,0.633973183842615,0.046961395206722135,0.5938082900349626,0.3656069517399562,1.0814984842925564,0.05082095288937469,0.8993912814862306,0.760065761249461,95,0.6825657894736842,0.8724698795180723
261,3,1.0,0.004112268715800955,0.8294,0.0020000000000000018,0,0.125,0.5933288254284776,0.013976710286067003,0.5791248348838117,0.24462919582427772,0.8580823062695148,0.06356221892600114,0.8164725589150835,0.3418730870880005,1.4985819844559272,0.07042022299524409,1.6450459369759958,-0.502044924974601,95,0.8145559210526315,0.9669358909641596
262,3,1.0,0.003906842420574969,0.8301,0.0006999999999999229,0,0.125,0.5638776692784967,0.013286119475914772,0.5581541905868065,0.22467225374802302,0.8795529444399909,0.0651620477850151,0.8772497694786028,0.10642803685416086,1.7990879667849193,0.08513689033245003,1.7164871980985752,0.3418735074577651,95,0.8210526315789474,0.9646434294871795
262,3,1.0,0.003906842420574969,0.8301,0.0006999999999999229,17,0.125,0.6212942834638734,0.014638973184318416,0.5857641118525612,0.3344468481487341,0.6107207921666206,0.045245505337716194,0.5935671115381684,0.23708009043187472,0.7622522360482114,0.036071490791011254,0.5577971509069266,0.7646909382225241,95,0.6998766447368421,0.8955995534927442
262,3,1.0,0.003906842420574969,0.8301,0.0006999999999999229,2,0.125,0.6493326460204045,0.015299614765162969,0.6180303319022349,0.30899120648208755,0.4662194452569518,0.0345400626104202,0.4462680142012628,0.2943538477017743,0.6149088450406185,0.02909887002258809,0.8292779314799478,-0.5311868476710272,95,0.7035773026315789,0.8463561451697739
262,3,1.0,0.003906842420574969,0.8301,0.0006999999999999229,7,0.125,0.5857256112935245,0.013800901996538323,0.5556691008931705,0.32217410114999456,0.4029673605166716,0.029854005455586613,0.3913731396434949,0.27177858960678514,0.7049228185476857,0.03335853377018927,0.5365183859870775,0.6914478390084169,95,0.8046875,0.9307102708226878
262,3,1.0,0.003906842420574969,0.8301,0.0006999999999999229,13,0.125,0.7009066419743877,0.01651480435224438,0.6221779008050541,0.4909046617836083,0.5469128338615422,0.04051826605732578,0.4847235781056395,0.5097868253132797,0.7392185436455037,0.03498148464331567,0.6272058889250488,0.5404509186167044,95,0.7210526315789474,0.9023152372262774
262,3,1.0,0.003906842420574969,0.8301,0.0006999999999999229,1,0.125,0.6794125140206055,0.016008358419760563,0.6335600406297992,0.3625230177984724,0.9359107839613781,0.06933734189910738,0.921922961621888,0.17224781248970228,1.825634554088989,0.08639313457049377,1.8121898900274225,0.12929602471436344,95,0.6784128289473684,0.899630280623068
262,3,1.0,0.003906842420574969,0.8301,0.0006999999999999229,16,0.125,0.7146413179599999,0.016838421611890985,0.6605656523650647,0.38872776556707905,0.5667737230969218,0.041989668343668754,0.5386874946193164,0.3119447053050695,0.5053087898002626,0.023912348820901812,0.5528432510131372,0.1589839328504446,95,0.7363486842105263,0.9038976993522448
262,3,1.0,0.003906842420574969,0.8301,0.0006999999999999229,11,0.125,0.5920309246933669,0.013949468169181025,0.5551639929289686,0.34874876006885236,0.6131289768620058,0.04542391670816047,0.5818472032494182,0.32018250813439664,0.790603803469763,0.037413150749215106,0.6516231676473129,0.5993948439698054,95,0.8274671052631579,0.9538362154641224
263,3,1.0,0.003706470759500264,0.8285,-0.0015999999999999348,16,0.125,0.6586230230888721,0.015521833531927149,0.6127267299022298,0.37076800189056547,0.5415049809708345,0.0401136836482374,0.5970369512424457,-0.04515795773586577,0.6754868252046339,0.03172307993347874,0.7036830981795426,0.09840447160572349,95,0.7372121710526316,0.9045680182943834
263,3,1.0,0.003706470759500264,0.8285,-0.0015999999999999348,1,0.125,0.6327022150532524,0.014910955300772999,0.5881288447197192,0.3710408497602665,0.9755540692192056,0.07226723426301708,0.8263531493288823,0.7208216153301265,1.8123097398183305,0.08511201787401576,1.6366740135959847,0.6844278174803055,95,0.6831414473684211,0.8952690501986277
263,3,1.0,0.003706470759500264,0.8285,-0.0015999999999999348,18,0.125,0.6228526417083131,0.014678829437477715,0.5910010339392425,0.31622535102251936,0.5794308024440913,0.04292315809102131,0.636646417353303,-0.06622807121482738,0.9324003018177072,0.04378858062198652,1.0469095209820356,-0.2954170282731332,95,0.7813322368421053,0.9536364593200716
263,3,1.0,0.003706470759500264,0.8285,-0.0015999999999999348,0,0.125,0.5572022569529732,0.013131640366102279,0.5751834365370994,0.0993271542557417,0.8228013375584435,0.060951595497777476,0.9578471422127954,-0.5017483712127419,1.4410966971201098,0.06767863414769652,1.6012059900833224,-0.5202527887042528,95,0.8172697368421052,0.9636747836586839
263,3,1.0,0.003706470759500264,0.8285,-0.0015999999999999348,15,0.125,0.666313307825358,0.01570307122831534,0.614298863848587,0.39623180655058066,1.0024172495042987,0.07425720878515324,0.8437756283495808,0.754048528495142,1.3391310920854322,0.06288999443144346,1.15174780388171,0.7372279854568294,95,0.6888569078947369,0.8548916611950098
263,3,1.0,0.003706470759500264,0.8285,-0.0015999999999999348,3,0.125,0.5955191001657368,0.014034657176884516,0.5579774555467474,0.349437535893205,0.5055411377868696,0.03744954891457354,0.4471557645706794,0.4667776092704938,0.7149605466249831,0.03357689554196268,0.7474127358990416,0.07114409145590077,95,0.7459703947368421,0.9102083563002976
263,3,1.0,0.003706470759500264,0.8285,-0.0015999999999999348,6,0.125,0.675760268412122,0.015925708677159336,0.6219837871980474,0.4019752084855207,0.5923059800786821,0.04387692734651899,0.48088699843027877,0.6349879159034321,1.0340959169458872,0.04856454072545445,0.8854833715881718,0.6351194819228931,95,0.6890625,0.8785057882802244
263,3,1.0,0.003706470759500264,0.8285,-0.0015999999999999348,13,0.125,0.6213403978796241,0.014643190238503908,0.5911018868210796,0.3092692450187832,0.5120360296436547,0.03793067844510065,0.4575004742253516,0.44909095906326607,0.5863830591744045,0.027538474421306622,0.5462838448198672,0.3751723581822005,95,0.7232730263157895,0.8994314951677089
264,3,1.0,0.003511175705587433,0.8295,0.0010000000000000009,16,0.125,0.5959301211943475,0.014047246386232457,0.5694227735325561,0.29528631624880636,0.5785801972213429,0.042918671679315804,0.5906303431828664,0.013418245859177513,0.7317920782004521,0.034603012852338216,0.6964234427371553,0.37141467266747774,95,0.7356496710526316,0.893633670560617
264,3,1.0,0.003511175705587433,0.8295,0.0010000000000000009,3,0.125,0.5604090253037747,0.013209944212474508,0.5343343014708781,0.3026695902987556,0.4308774469536099,0.031962185654876796,0.4235294181938823,0.20453707392562778,0.5745554873014892,0.027168032428507634,0.5302176259622582,0.4618601255945003,95,0.7328536184210527,0.9103966784491948
264,3,1.0,0.003511175705587433,0.8295,0.0010000000000000009,13,0.125,0.5883800699090777,0.013869276810839425,0.5529781389487209,0.342873337885808,0.46823190157731537,0.0347331127993836,0.43035285894056124,0.4221518752287151,0.45904731135877846,0.02170619290364614,0.5088659916302359,-0.31194864093537145,95,0.7197368421052631,0.8886540219378428
264,3,1.0,0.003511175705587433,0.8295,0.0010000000000000009,14,0.125,0.6245297340433457,0.014721395575797784,0.5922887164228475,0.31793253638179164,0.9439838988267618,0.07002406100118723,0.9423666992299691,0.0798686644195684,1.383124346240945,0.06540145890489873,1.342787541243492,0.37714436286796144,95,0.7291118421052631,0.9293367922400181
264,3,1.0,0.003511175705587433,0.8295,0.0010000000000000009,15,0.125,0.6063946511498901,0.014293915962703954,0.5793713464115827,0.2953392985062251,0.7205066597880545,0.053446676748900135,0.7056114488022364,0.20426852717136007,1.0348142569981205,0.04893150951120348,1.0521448786367982,-0.08942961729548127,95,0.6815378289473685,0.8430165912518853
264,3,1.0,0.003511175705587433,0.8295,0.0010000000000000009,1,0.125,0.5743470344428513,0.013538490532834636,0.5521100530605415,0.27884004272869806,0.769253756541106,0.057062702065548976,0.7444678039500425,0.274815047873686,1.5005365650457125,0.07095333168044692,1.5264736009843902,-0.18028205392202878,95,0.6887746710526316,0.8930810100889499
264,3,1.0,0.003511175705587433,0.8295,0.0010000000000000009,18,0.125,0.5574619868561858,0.013140476713332136,0.5554343102534761,0.17656282094964384,0.6219350124993552,0.046134701352592976,0.6453362112186869,-0.08627881779301731,1.2589999310192816,0.05953219786320203,1.2555569182941568,0.07614650765544971,95,0.7816611842105263,0.9554445028932141
264,3,1.0,0.003511175705587433,0.8295,0.0010000000000000009,10,0.125,0.6596261774406397,0.015548687854117558,0.6006805928129834,0.44494697408411166,0.744341067283254,0.05521469631623101,0.6956817890549579,0.4565731203051898,0.9247691528549091,0.04372799301186064,0.892860954061545,0.3279216564781536,95,0.7674753289473685,0.9191534958478436
265,3,1.0,0.0033209786751399123,0.8327,0.0031999999999999806,3,0.125,0.5216135593085398,0.012297869848231415,0.5417873029766919,0.1282458290773991,0.42394447203435964,0.03143416452113692,0.42500138885461947,0.2386737974090452,0.6422045129043019,0.030416178834599156,0.6535420397207081,0.18128739976788816,95,0.7292763157894737,0.9056156968876861
265,3,1.0,0.0033209786751399123,0.8327,0.0031999999999999806,6,0.125,0.6049906554035519,0.014263617589642084,0.5716518974986716,0.33060928360211245,0.49027100581382865,0.03635207078592623,0.49037609344649985,0.21030310954170225,0.9043355240805638,0.04283126398866376,0.9303271384445426,0.06461380610752325,95,0.6959703947368421,0.8870376934893064
265,3,1.0,0.0033209786751399123,0.8327,0.0031999999999999806,9,0.125,0.5946742306970174,0.014020391457813338,0.5232059267651725,0.4863614904201601,0.4915291206240153,0.03644535608751327,0.4897401861166409,0.21891054401064577,0.7585837405570366,0.03592814788774343,0.6083474952086816,0.6633139235909293,95,0.7128700657894737,0.9185556901424698
265,3,1.0,0.0033209786751399123,0.8327,0.0031999999999999806,7,0.125,0.5691175266174842,0.013417851483705884,0.5257351589980954,0.38332524999352924,0.5442884874666667,0.040357299105438754,0.45160695887700536,0.6000817243836586,0.8721048945537696,0.04130475246166556,0.7801450117528872,0.46930961519816494,95,0.8015625,0.9375192366882118
265,3,1.0,0.0033209786751399123,0.8327,0.0031999999999999806,2,0.125,0.5975130550404477,0.014087321259913913,0.5378190193635122,0.43955000984714676,0.45483702538703163,0.03372475130460413,0.4063058200323446,0.4494889196007983,0.83288972292713,0.03944743808710415,0.753243530607637,0.4373616936953035,95,0.7081003289473684,0.8635967713837757
265,3,1.0,0.0033209786751399123,0.8327,0.0031999999999999806,12,0.125,0.5734750127901811,0.013520586155496877,0.5122311155663166,0.4530790533326547,0.5088562128304402,0.03773010610318402,0.4202614431138764,0.5943968996916378,0.45521430664700463,0.021559922860751674,0.3846232274517228,0.5413708875181868,95,0.7417763157894737,0.896119733924612
265,3,1.0,0.0033209786751399123,0.8327,0.0031999999999999806,17,0.125,0.6074251650511386,0.01432101502929065,0.5250682273015179,0.5244599443401432,0.4561684801801,0.03382347453790147,0.475751052700243,0.1298034107149166,0.5354550748432623,0.025360297206060388,0.5018038525000493,0.3802197018997321,95,0.7131578947368421,0.9116120848708487
265,3,1.0,0.0033209786751399123,0.8327,0.0031999999999999806,11,0.125,0.5601783038616376,0.01320709507978594,0.5205145849183269,0.37129831228715915,0.703284801519553,0.05214638145910066,0.593036847671063,0.6385030407838295,0.9006629347708721,0.04265732230655935,0.8241231916854823,0.4155451722248666,95,0.8139391447368421,0.9552917403384693
266,3,1.0,0.0031359005254054276,0.8316,-0.0010999999999999899,8,0.125,0.5833454412634266,0.013755768034930638,0.5523802358027208,0.3218228510290283,0.5049371162801914,0.037383988036987136,0.4187524792134554,0.571786239526928,0.6315650507711466,0.02979294879809777,0.5006648562351377,0.6390986518165828,95,0.729235197368421,0.8996898787707922
266,3,1.0,0.0031359005254054276,0.8316,-0.0010999999999999899,13,0.125,0.5511834246541146,0.012997361079602265,0.5195989705008596,0.33377110489611267,0.4792687009679719,0.03548357766899994,0.5659171262341749,-0.17800126147090709,0.653457717863697,0.030825696112005904,0.8656167222520356,-0.6573499337804992,95,0.7284128289473685,0.9018910527801298
266,3,1.0,0.0031359005254054276,0.8316,-0.0010999999999999899,2,0.125,0.5458894796107788,0.012872525476450765,0.5251017936365889,0.2778776703353092,0.4462429630472781,0.033038453807962984,0.41957253843057857,0.36862659834146705,0.6625775532822927,0.03125590799491732,0.7267059570988353,-0.025049340051762518,95,0.7098273026315789,0.8694896599664022
266,3,1.0,0.0031359005254054276,0.8316,-0.0010999999999999899,0,0.125,0.5077190376497177,0.011972434881296817,0.4872327589777293,0.28842313970015915,0.8501053120225314,0.06293917755333817,0.7031084122373286,0.724111342287593,1.5392228838704098,0.07261007953498773,1.345154365119217,0.7357258469054371,95,0.8112253289473684,0.963606873130924
266,3,1.0,0.0031359005254054276,0.8316,-0.0010999999999999899,3,0.125,0.5248121705394435,0.012375505093883141,0.5068551843332805,0.2691449615970956,0.44487462343791173,0.0329371461600643,0.5062606347778056,-0.032788362498644814,0.6951799070923372,0.03279386557596797,0.6313641794568208,0.41871955947820405,95,0.7437911184210526,0.9194538117087733
266,3,1.0,0.0031359005254054276,0.8316,-0.0010999999999999899,9,0.125,0.49378734933540164,0.011643914146872932,0.4759607955896288,0.27905067187774696,0.5111337883175858,0.037842770538502706,0.6269179312614991,-0.34408930307226654,0.5583695213157072,0.026340080944417622,0.735451035615416,-0.47379442223662915,95,0.7177220394736842,0.91291893440275
266,3,1.0,0.0031359005254054276,0.8316,-0.0010999999999999899,14,0.125,0.5463172004666283,0.012882611488032556,0.4992408503992258,0.4154824695175993,0.7936218861497994,0.05875731876531725,0.6212593229140098,0.8187270592159247,1.170553985006668,0.05521878529872923,0.9439959672490393,0.8453601311695256,95,0.7344161184210526,0.9263759028049942
266,3,1.0,0.0031359005254054276,0.8316,-0.0010999999999999899,4,0.125,0.5725452842845833,0.013501091399727935,0.5177917077998581,0.4475686046214,0.5751090028403915,0.04257929827091269,0.4592635160434474,0.6557298471988636,1.0390391933862113,0.049014810825859664,1.0358812183579658,0.14703730600992274,95,0.6981496710526316,0.8942222745744743
267,3,1.0,0.0029559615522887278,0.8314,-0.00019999999999997797,13,0.125,0.5252250197290753,0.012387357995941243,0.4879291109319132,0.3723287688781362,0.5141418749296742,0.038191782158088466,0.4141013569353645,0.6806122991995279,0.9392046750193616,0.04445643240464986,0.6757178124804871,0.8465366176730723,95,0.7342105263157894,0.9115143369175627
267,3,1.0,0.0029559615522887278,0.8314,-0.00019999999999997797,11,0.125,0.48514669827940243,0.01144211643846632,0.4457303586238931,0.39661060375424617,0.47448694694226745,0.03524611201325368,0.5319434000161477,-0.1550178947091347,0.666464319743371,0.031546506069266886,0.7423802615714875,0.01981218083888455,95,0.8200246710526315,0.957428671714386
267,3,1.0,0.0029559615522887278,0.8314,-0.00019999999999997797,15,0.125,0.5952719731532312,0.014039405510809483,0.5484360017612095,0.40460130325989047,1.0076920723686924,0.07485396149769358,0.8831141473775133,0.7452097801140475,1.5309447856019296,0.07246593334403953,1.3206575792756936,0.6863629755491222,95,0.6752878289473684,0.8584911404737259
267,3,1.0,0.0029559615522887278,0.8314,-0.00019999999999997797,18,0.125,0.5526165015812733,0.01303338223126333,0.4995131120946414,0.44780319630376997,0.5019454628071064,0.03728580126524815,0.5287404737466443,0.022597907678298598,0.8776235185666303,0.04154154218736621,0.8633995372268518,0.23542884626023775,95,0.7881578947368421,0.9545596828046744
267,3,1.0,0.0029559615522887278,0.8314,-0.00019999999999997797,0,0.125,0.46089338325313955,0.010870105425027485,0.46389897342729297,0.17167917267281965,0.7647785615338902,0.0568097205178508,0.8720316359687448,-0.5287906970141184,1.3895592961526653,0.06577357477526431,1.5074856076750178,-0.23849589463471846,95,0.8080180921052632,0.9680423388122742
267,3,1.0,0.0029559615522887278,0.8314,-0.00019999999999997797,14,0.125,0.496654420170715,0.011713524435859416,0.4983950089624756,0.16537150789311822,0.642122103649252,0.047698483039958904,0.7533043813210843,-0.5404878341299931,0.9200190409227698,0.04354829718339162,1.1167624210909461,-0.45451756723031733,95,0.7391036184210527,0.9317385257301808
267,3,1.0,0.0029559615522887278,0.8314,-0.00019999999999997797,1,0.125,0.5812424117851044,0.013708520285115818,0.535213445294117,0.4036155159469874,0.965944999730868,0.07175288146187705,0.8489392270246624,0.7099159047685693,1.9610810721937557,0.09282605852044201,1.7807025483078902,0.5921872511264986,95,0.6783717105263158,0.8967147533034308
267,3,1.0,0.0029559615522887278,0.8314,-0.00019999999999997797,9,0.125,0.4617401228613938,0.010890075659237195,0.4485686118765126,0.263171830978746,0.6470292340489074,0.04806299731973938,0.5385569255425642,0.6960687925465145,0.6746485708878972,0.031933900443961424,0.6349302926364788,0.3655703234402331,95,0.7169819078947368,0.9146642197625738
268,3,1.0,0.00278118148812595,0.8338,0.0023999999999999577,12,0.125,0.5150220790250086,0.01214873018028873,0.4991985681117655,0.26008485115275365,0.4475443041266734,0.0331854578093491,0.5156795937485333,-0.14564177742234896,0.4941328692939648,0.023318167244662718,0.7004594923231174,-0.062212281867175284,95,0.7340871710526315,0.8833249313840811
268,3,1.0,0.00278118148812595,0.8338,0.0023999999999999577,13,0.125,0.47539170048346757,0.011213898848872144,0.4498503738373409,0.3267092051452655,0.4326280671991557,0.032079417252764815,0.3440556405057437,0.6293765668474695,0.6413399703558693,0.03026488140894829,0.4808085469770983,0.6647662459684055,95,0.7327302631578947,0.9108866442199776
268,3,1.0,0.00278118148812595,0.8338,0.0023999999999999577,19,0.125,0.561801928505966,0.013252208637551286,0.4931146212077157,0.5213248496389408,0.7189678282570852,0.0533115410271241,0.5823840689363237,0.7591533412222726,1.571241512203353,0.07414700506700746,1.1290077369953408,0.9627771714734579,95,0.6855263157894737,0.9232845489443378
268,3,1.0,0.00278118148812595,0.8338,0.0023999999999999577,11,0.125,0.43245001617348233,0.01020095793349089,0.44947591285363087,0.10736371952730855,0.4892286197841333,0.03627635425425323,0.5944604972208704,-0.3816460524806389,0.6142569084304602,0.028986829680925023,1.010126289989592,-0.7417557615155482,95,0.8175164473684211,0.9529725379740469
268,3,1.0,0.00278118148812595,0.8338,0.0023999999999999577,9,0.125,0.4665937930179123,0.011006367155954202,0.4384880257485172,0.3437751993056213,0.5304466452864125,0.039332675234496135,0.434723509031485,0.6249914177699019,0.5968763073257753,0.028166637808340438,0.36916282277099693,0.7858015085679473,95,0.7143092105263158,0.9108910891089109
268,3,1.0,0.00278118148812595,0.8338,0.0023999999999999577,1,0.125,0.51200761624131,0.012077622753075112,0.4773336253522026,0.36207182871677224,0.8613100718873669,0.06386623355013252,0.7376191114065539,0.6920748158463917,1.7495804582071284,0.0825628333341996,1.392364238576097,0.8206773512680934,95,0.6794819078947368,0.8970045385779123
268,3,1.0,0.00278118148812595,0.8338,0.0023999999999999577,7,0.125,0.4722144600475661,0.011138951699331018,0.44961192996077154,0.3122237039731912,0.3953569244245603,0.029315758047077593,0.4642223283118382,-0.12400927183158361,0.6149870056229362,0.029021283022317466,1.0231445314204812,-0.7854262370991203,95,0.8047286184210526,0.9413417812068877
268,3,1.0,0.00278118148812595,0.8338,0.0023999999999999577,4,0.125,0.5488899999733352,0.01294763230531508,0.47646788442629356,0.5428235136446741,0.6120624983746163,0.04538449943214254,0.5959252203763098,0.24265583099085644,1.0410610887413878,0.04912775103155606,0.7071192080061263,0.8249444958846767,95,0.6983552631578948,0.8950188412623645
269,3,1.0,0.0026115794995207223,0.8314,-0.0023999999999999577,10,0.125,0.5803376828395477,0.01369153245127034,0.4999452250081219,0.5554688991600913,0.7294239270277432,0.05421978814096852,0.5741051276785045,0.7565563724084252,0.7187673674830122,0.034324422773214465,0.6762115927870093,0.37003242033189776,95,0.7572368421052632,0.9215899218071243
269,3,1.0,0.0026115794995207223,0.8314,-0.0023999999999999577,5,0.125,0.5315380555584277,0.012540234335903807,0.4714915829242316,0.4758582118565019,0.5796417629309882,0.04308612923055421,0.43572636778993196,0.742914108525151,0.7509065422729377,0.03585921507595171,0.6980427135869887,0.4262178479716805,95,0.7395970394736842,0.9323956190582087
269,3,1.0,0.0026115794995207223,0.8314,-0.0023999999999999577,6,0.125,0.5484941639451931,0.012940268859060635,0.48424851949128667,0.4902521485802821,0.46521921350186657,0.034580833258325276,0.3859541254858815,0.561801863946271,0.6284871195073403,0.030013128827804735,0.6394597987891277,0.05727262253006395,95,0.6827713815789473,0.8858175248419151
269,3,1.0,0.0026115794995207223,0.8314,-0.0023999999999999577,12,0.125,0.4901148074979347,0.011562962375409616,0.4388642648696319,0.44893272076616486,0.47895672788110194,0.035601974862852485,0.48533327568019574,0.21493977194057892,0.6508869953602296,0.031082825149069994,0.6046019206236919,0.40257626313128925,95,0.7402549342105263,0.888907404321502
269,3,1.0,0.0026115794995207223,0.8314,-0.0023999999999999577,1,0.125,0.46975681054933893,0.011082669290699442,0.4677479794545259,0.21450936226596518,0.7768692886028667,0.057746512940574674,0.7006390609007054,0.4615249122782853,1.45010913449468,0.06924933052260739,1.453869046282233,0.03130223981413428,95,0.6771381578947369,0.8930046150109303
269,3,1.0,0.0026115794995207223,0.8314,-0.0023999999999999577,7,0.125,0.4442815242427782,0.010481647300424661,0.45927632996426626,0.1362181843936346,0.3963744893231999,0.02946344373862455,0.4819964957242092,-0.11519119753183582,0.7999395657689051,0.038200765770188425,0.778712579073934,0.2310501871951891,95,0.8011924342105263,0.9396458814472671
269,3,1.0,0.0026115794995207223,0.8314,-0.0023999999999999577,9,0.125,0.421671113356054,0.009948214467186205,0.43386651284081884,0.16278935707786618,0.4101076716457778,0.03048426333123869,0.4092047755988895,0.28716890983361043,0.39067029986212903,0.01865629012118878,0.42401998726874207,-0.014360300238509432,95,0.7266447368421053,0.9181190583974649
269,3,1.0,0.0026115794995207223,0.8314,-0.0023999999999999577,16,0.125,0.5553908311190899,0.013102977477179313,0.5033591535147744,0.43128462520216043,0.6179253270536255,0.04593183617695058,0.6308617920941425,0.13175570586545587,0.7295481338160043,0.034839253576856376,0.7104672565090749,0.2273893149144955,95,0.7342927631578947,0.9069324672415724
270,3,1.0,0.0024471741852423235,0.8313,-9.999999999998899e-05,1,0.125,0.4612680959665124,0.010883986591640844,0.45838520564732715,0.1835180429301276,0.702363932477955,0.05219505151221728,0.8007145944996688,-0.45750367895515837,1.4162437240749328,0.06768525717357955,1.6790334269157812,-0.7792625737476875,95,0.6805098684210527,0.8920845921450151
270,3,1.0,0.0024471741852423235,0.8313,-9.999999999998899e-05,0,0.125,0.46873024601791585,0.011060061940910575,0.4350386718169612,0.3758832051607148,1.0933028802417215,0.081247053719495,0.9708676694340781,0.7252101229207775,1.8508828942886828,0.0884575744757054,1.5659667083691329,0.9045203654400583,95,0.8048930921052632,0.9643422733077905
270,3,1.0,0.0024471741852423235,0.8313,-9.999999999998899e-05,17,0.125,0.47287211898387255,0.011157792718781293,0.42566434831182814,0.4559352301789179,0.42918170105722064,0.031893951210949706,0.46871496583733313,-0.02065619880504414,0.5884623648962103,0.028123850314669005,0.4954672126424155,0.5395711203024909,95,0.7128289473684211,0.9124942316566682
270,3,1.0,0.0024471741852423235,0.8313,-9.999999999998899e-05,5,0.125,0.45926371887406336,0.010836691724318412,0.4333735976693678,0.3310112297809495,0.4407699516882808,0.032755113509661066,0.47727287174077,-0.007582565868464687,1.0060256892781818,0.0480800771396171,0.772770565044969,0.8009824585109081,95,0.7507401315789474,0.9297842041844671
270,3,1.0,0.0024471741852423235,0.8313,-9.999999999998899e-05,12,0.125,0.4220867945064059,0.00995947270597684,0.41564811792003376,0.22195033195003386,0.48877565719501576,0.03632258068150792,0.40519887653588965,0.6090878942361762,0.6274548880703149,0.029987384757238153,0.4591379310203897,0.709421073091597,95,0.7451069078947369,0.8974670272060041
270,3,1.0,0.0024471741852423235,0.8313,-9.999999999998899e-05,19,0.125,0.45903546960109803,0.010831306001680687,0.43342320014550706,0.32936380917538916,0.4815059476307915,0.03578234385037558,0.5385647153241299,-0.1495907315286735,1.0426737127773738,0.04983156302674182,1.3211070783761667,-0.8269949365854969,95,0.6862253289473684,0.9259392414165019
270,3,1.0,0.0024471741852423235,0.8313,-9.999999999998899e-05,13,0.125,0.4669041009743482,0.011016972600151085,0.43976591063796316,0.3361375604377475,0.3640843088756443,0.027056342699019128,0.3913342665272032,0.0895777090982623,0.5004220689933583,0.023916219969323665,0.5848160399827762,0.036866594546881126,95,0.7356907894736842,0.9125307399955287
270,3,1.0,0.0024471741852423235,0.8313,-9.999999999998899e-05,14,0.125,0.4928410194150736,0.011628974763330895,0.4581836947845143,0.37426861873542955,0.9477997423507302,0.07043422090415405,0.8195506608250018,0.7600418237877395,1.5501249084640625,0.07408371969951284,1.2977724523319079,0.8244544420270163,95,0.7293996710526316,0.9302666441174813
271,3,1.0,0.0022879835741861586,0.8315,0.00019999999999997797,7,0.125,0.42615096258714585,0.010056720540469724,0.39715947065397394,0.3649363066325206,0.43651709237830466,0.03248429095888272,0.32885983738904506,0.7073504867101235,0.6484728857077139,0.0308179133175676,0.6397373862320368,0.24782987512720683,95,0.7995065789473684,0.9374614276897758
271,3,1.0,0.0022879835741861586,0.8315,0.00019999999999997797,10,0.125,0.4881494066979402,0.011519819491557243,0.46961590539983167,0.2730823498066184,0.6199249708299606,0.04613295441742981,0.7076331073508212,-0.32428535524767454,0.9710411102147849,0.04614758985602699,1.0126346891016536,-0.006039839882298122,95,0.7527138157894737,0.9231399541134054
271,3,1.0,0.0022879835741861586,0.8315,0.00019999999999997797,3,0.125,0.4415318634340265,0.01041969384114864,0.42109373944877665,0.3009255999607197,0.37354090959859454,0.027797792582038048,0.411810291812994,0.05473930217433943,0.8414156454819509,0.039987291678677345,0.7872916501006041,0.35336790125724904,95,0.7399671052631579,0.9270949099799956
271,3,1.0,0.0022879835741861586,0.8315,0.00019999999999997797,11,0.125,0.4253721040275976,0.010038340286612319,0.4165021871079979,0.22561433143457837,0.653986860585655,0.048667737949971174,0.5345758668396927,0.7055178735562547,0.8842329463253255,0.042022133682045375,0.7765712464905818,0.5183958157785983,95,0.807360197368421,0.9556404379933792
271,3,1.0,0.0022879835741861586,0.8315,0.00019999999999997797,6,0.125,0.4638410573552501,0.010946167669546977,0.45188480531163827,0.2341518748094474,0.4024275453007417,0.029947449251515202,0.4567196533933895,-0.05488783169493881,0.9648335083655557,0.04585258085886478,1.0025410923976459,0.00924727201724852,95,0.6819490131578947,0.8856195357250528
271,3,1.0,0.0022879835741861586,0.8315,0.00019999999999997797,4,0.125,0.47666485835597294,0.011248796067117458,0.4303052561819137,0.464717108910744,0.5853540153270509,0.043560287740932624,0.47407170640753954,0.6829757071164348,0.9949614186030852,0.04728437445672098,0.9393114277982323,0.3336363774785654,95,0.7014802631578947,0.8989449003516999
271,3,1.0,0.0022879835741861586,0.8315,0.00019999999999997797,9,0.125,0.4023919246429663,0.009496031897495772,0.3780418209943462,0.34258581836250485,0.4549245229253085,0.03385411665445042,0.5443659644537536,-0.2893959175562597,0.5515128237586308,0.026210000095179365,0.6158572560465222,0.013185437306211646,95,0.7129111842105263,0.9129080632137502
271,3,1.0,0.0022879835741861586,0.8315,0.00019999999999997797,0,0.125,0.4117305517235111,0.009716413806785715,0.395611834117481,0.28199334424734784,0.9465866637709743,0.07044213649504893,0.8071511457322749,0.7653546514224477,1.542905646739186,0.0733247812304455,1.3787485993540405,0.6434557079555907,95,0.8021381578947369,0.9635534139840065
272,3,1.0,0.002134025123396638,0.8372,0.005700000000000038,4,0.125,0.42522369978864005,0.010036095396617104,0.42346057971293055,0.1950666161177718,0.4542102249032362,0.03382356792562229,0.5868432487095715,-0.24132122053673266,1.117594927062726,0.05310020978711585,1.003036693660599,0.44377976351735643,95,0.6990131578947368,0.8978235294117647
272,3,1.0,0.002134025123396638,0.8372,0.005700000000000038,7,0.125,0.38829311569930025,0.009164462735602131,0.3881066234761527,0.20248622313521356,0.30102624246605825,0.022416451680749083,0.43653890237987353,-0.13615511052557913,0.6311984360393746,0.029990087248408796,0.8935153205092927,-0.3696415652674764,95,0.8030427631578947,0.9401945724526369
272,3,1.0,0.002134025123396638,0.8372,0.005700000000000038,17,0.125,0.40871418734870557,0.009646439218278086,0.37012245592614884,0.42645454191355237,0.5821349567795127,0.04334970939217788,0.37487748158225337,0.8518508084717626,0.5816567960049032,0.027636218762317713,0.4029487683582949,0.7220525875600863,95,0.7126233552631579,0.913045986959783
272,3,1.0,0.002134025123396638,0.8372,0.005700000000000038,15,0.125,0.4970532824009666,0.011731411400298979,0.43219241573238654,0.5450959242031483,0.8969277236720853,0.06679130966824787,0.6537201025164565,0.9116281007947928,1.4654800685526588,0.0696292522403473,1.0503035855298772,0.9588900395592408,95,0.6775082236842105,0.8675122898585907
272,3,1.0,0.002134025123396638,0.8372,0.005700000000000038,18,0.125,0.47983942052654777,0.011325131223531482,0.4448435483642134,0.3785967002978681,0.49226914225164586,0.036657692534736545,0.6267617736092933,-0.2680854844301968,1.1015116627362531,0.05233604677141399,1.3748550555466301,-0.49701833905435056,95,0.7799753289473684,0.9543992830407507
272,3,1.0,0.002134025123396638,0.8372,0.005700000000000038,1,0.125,0.45717735462302533,0.010790262975582875,0.41184168928801135,0.44659951574865114,0.922614577916095,0.06870412671128762,0.6844747715872438,0.8971374517268669,1.8589025153405694,0.08832190550274527,1.44432231532995,0.9542501284341242,95,0.6678453947368421,0.8913926856298485
272,3,1.0,0.002134025123396638,0.8372,0.005700000000000038,8,0.125,0.4801630650307348,0.011332769854962954,0.4359777689865705,0.43243073430290846,0.46955278583706483,0.03496607886757413,0.5727544157492611,-0.11648936322434303,0.6277359314241417,0.0298255735082284,0.867644270727427,-0.2972211410662567,95,0.7220805921052632,0.9083195717783725
272,3,1.0,0.002134025123396638,0.8372,0.005700000000000038,9,0.125,0.3665602970882142,0.008651526507149556,0.37826135544551776,0.13718081810351976,0.5598559259472828,0.04169066194816339,0.3976383427741971,0.747432130281702,0.6639833605474077,0.03154779507892547,0.532792450625411,0.6001497663434368,95,0.7220394736842105,0.9170273348519362
273,3,1.0,0.0019853157161528467,0.8315,-0.005700000000000038,8,0.125,0.42721968028489476,0.010084436711470366,0.38902033687033316,0.4253016222320316,0.5092542795030924,0.03786719324141999,0.425132124533288,0.6777097380001157,0.6323419291859158,0.03019052164747179,0.5520912086956932,0.6077347926598752,95,0.7238486842105263,0.9041695069302431
273,3,1.0,0.0019853157161528467,0.8315,-0.005700000000000038,4,0.125,0.4066473099244139,0.009598829946428897,0.4013563118516581,0.20860380441896662,0.5430180096195256,0.04037780089722146,0.5160093344117537,0.315538499070136,0.8664779149611561,0.041369105924019524,0.8397269333929351,0.25942796696238396,95,0.69375,0.8963371266002845
273,3,1.0,0.0019853157161528467,0.8315,-0.005700000000000038,19,0.125,0.4327093601973653,0.010214019528457218,0.3997287451391578,0.38890698845726623,0.4543852916831084,0.0337872382005555,0.48105823431155337,-0.032558295348460324,1.1083034088599515,0.05291481793755201,1.1188524597815,0.0014369778587689824,95,0.6789884868421052,0.9264821655665233
273,3,1.0,0.0019853157161528467,0.8315,-0.005700000000000038,12,0.125,0.410280005313785,0.009684579008180297,0.37518182441146064,0.4111679876604041,0.518679183759339,0.03856801144780092,0.44147206921397675,0.6354274157285498,0.5961553790596885,0.028462831651744836,0.49396505806553925,0.7331530274665989,95,0.7364720394736842,0.8858243537490927
273,3,1.0,0.0019853157161528467,0.8315,-0.005700000000000038,3,0.125,0.3997789126481223,0.00943670277664166,0.36455716343846617,0.41614103703503025,0.37914188046323366,0.02819227924294634,0.33762427521362914,0.4625160673064049,0.8237777209636382,0.039330428632932776,0.7917362429656035,0.2968621980384563,95,0.737952302631579,0.9223825709032151
273,3,1.0,0.0019853157161528467,0.8315,-0.005700000000000038,5,0.125,0.4146655354243086,0.009788098585781056,0.3881413464500634,0.35233947570564206,0.4608791321733528,0.03427010800179307,0.43797748266025166,0.3113099986817816,0.7443514848032043,0.035538303848062204,0.7547926637005965,0.036149025737194,95,0.7506167763157895,0.939085182141879
273,3,1.0,0.0019853157161528467,0.8315,-0.005700000000000038,15,0.125,0.4244959188133732,0.010020142856471964,0.40514469458778796,0.29974234719777354,0.6795230970507665,0.050528063216547424,0.7417561407540638,-0.3465647684403803,1.046982932198744,0.04998713420723722,1.104764518040111,-0.30940408758600096,95,0.6882401315789474,0.871908232763771
273,3,1.0,0.0019853157161528467,0.8315,-0.005700000000000038,7,0.125,0.3608046305936962,0.00851672249743084,0.36144855112239543,0.18780590944750883,0.45671630914714423,0.03396056828792541,0.4016356034585919,0.5172884995313456,0.8036093425625448,0.03836750993877547,0.7708869072168074,0.3033400266349401,95,0.8019325657894737,0.9377018920166128
274,3,1.0,0.0018418716601170948,0.831,-0.000500000000000056,15,0.125,0.38508798787107573,0.009090927185001792,0.3872056915045678,0.14059855981964525,0.7407558931162992,0.05514091818579401,0.8611355264841096,-0.715269827169831,1.0969380512373381,0.05253009559989514,1.3493393518169616,-0.9383019647974546,95,0.6797286184210526,0.86528340693243
274,3,1.0,0.0018418716601170948,0.831,-0.000500000000000056,5,0.125,0.3727393762794828,0.008799408539001791,0.3616484368484866,0.2530416168689606,0.4264573197718614,0.03174493567691576,0.4818792320306454,-0.1871839899661998,0.6700829134024429,0.032088885476423926,0.6284734963145886,0.34999300584856113,95,0.7543585526315789,0.9386242232639267
274,3,1.0,0.0018418716601170948,0.831,-0.000500000000000056,18,0.125,0.4027899350671508,0.00950882418013253,0.3613361188435435,0.47413542227781624,0.5627753400999589,0.04189227419424957,0.4413525523942025,0.8248653466096078,1.1587826992510664,0.05549170794330733,0.9241997016795838,0.9082673036080768,95,0.7799342105263158,0.9526571067060312
274,3,1.0,0.0018418716601170948,0.831,-0.000500000000000056,7,0.125,0.3526811086757618,0.008325884939237478,0.3468200312731712,0.22031779895207815,0.44145467874089245,0.03286131983477286,0.3438658767285479,0.7275848826685113,0.8902063258874763,0.042630140644453564,0.6733825153821391,0.8659853627888515,95,0.7978618421052631,0.9357864357864358
274,3,1.0,0.0018418716601170948,0.831,-0.000500000000000056,14,0.125,0.4331460704805178,0.010225453691706297,0.39767430517926483,0.41999298803320845,0.8139919639763397,0.06059251732806163,0.6996958395346521,0.7684921925059676,1.37303138715126,0.06575163469564696,1.1214690687039155,0.9569258292257461,95,0.7339638157894737,0.9416806722689076
274,3,1.0,0.0018418716601170948,0.831,-0.000500000000000056,10,0.125,0.44662626852141557,0.010543686154647295,0.4078712659821573,0.44084411719658734,0.6268574530253409,0.046662464453723525,0.6866557584207846,-0.2694370244079059,0.7586749064361763,0.03633137287869598,0.9343884740717601,-0.5629326813925112,95,0.7461348684210526,0.9227929020169734
274,3,1.0,0.0018418716601170948,0.831,-0.000500000000000056,4,0.125,0.3938859972395561,0.009298625334674005,0.38864605396084967,0.19727627535979592,0.5812154861847919,0.04326493500740928,0.5119184193646308,0.5478051544672163,0.9017569109289894,0.04318327428384276,1.0248786193578248,-0.3477914350714773,95,0.6923519736842105,0.8900106901057133
274,3,1.0,0.0018418716601170948,0.831,-0.000500000000000056,8,0.125,0.3791891844253877,0.008951671756911573,0.36637030162472173,0.26403563392831575,0.5042996730061542,0.03753942056859103,0.42354883057331916,0.6261809951210369,0.698758182302614,0.0334620848243539,0.5298279794625445,0.7491163134319205,95,0.7300575657894737,0.9008166713601802
275,3,1.0,0.0017037086855465845,0.8335,0.0025000000000000577,6,0.125,0.4011714417654312,0.009471567774718904,0.35516262597527676,0.49528103116825983,0.4688701478061504,0.03493714715533553,0.35266240631100715,0.779259969559459,0.9151239769521093,0.04370031136266955,0.6844623365719988,0.9003460770886891,95,0.6791529605263158,0.8944723618090452
275,3,1.0,0.0017037086855465845,0.8335,0.0025000000000000577,3,0.125,0.3519074754251995,0.008308456577198007,0.3472580434826892,0.2205540849380182,0.33599207366966366,0.02503593921632346,0.31276012065898356,0.38517582704466596,0.6946220569748179,0.03317058773859019,0.8497909740887095,-0.4531040126012033,95,0.730139802631579,0.9188489046573183
275,3,1.0,0.0017037086855465845,0.8335,0.0025000000000000577,5,0.125,0.35168975544767844,0.008303316257353888,0.34543940838455683,0.23276666440841004,0.49562002081487405,0.036930373326942226,0.418140669851669,0.5911088412682178,0.6508800181434462,0.031081755225496766,0.7165441307208676,-0.05280393558769904,95,0.7552220394736842,0.9365710241193445
275,3,1.0,0.0017037086855465845,0.8335,0.0025000000000000577,2,0.125,0.396880296096753,0.009370254787799357,0.35773295017240647,0.44979963809292156,0.33535140406832764,0.024988200693739845,0.35153390092352377,0.15672833089162777,0.8248729537769609,0.03939051518981734,0.6323214521524944,0.7984000738206972,95,0.7030427631578947,0.8892268101532343
275,3,1.0,0.0017037086855465845,0.8335,0.0025000000000000577,1,0.125,0.3907800259141409,0.00922622877681403,0.3721106096762918,0.30657072472857017,0.8140458692516204,0.060657391941692354,0.6897578185915714,0.7784916028312668,1.752417711935035,0.08368396149347715,1.5232050064246638,0.8778419463053212,95,0.6654605263157894,0.8971824023727137
275,3,1.0,0.0017037086855465845,0.8335,0.0025000000000000577,12,0.125,0.3303216428393892,0.007798819910613492,0.32192099569450205,0.26086003717899914,0.34904495374441524,0.0260085547562684,0.4232551844844909,-0.23786163418372677,0.39427305177358274,0.0188278916937581,0.5794660748687435,-0.5168025806564139,95,0.7393092105263158,0.9017797552836485
275,3,1.0,0.0017037086855465845,0.8335,0.0025000000000000577,14,0.125,0.3976046229009069,0.009387355981210328,0.3693055102741169,0.3733197041505777,0.7555963198388994,0.056302112514008344,0.861514453709575,-0.5525579412529544,1.1698345798798524,0.05586361703015746,1.394509284945438,-0.8072093920574472,95,0.7371710526315789,0.9382530120481928
275,3,1.0,0.0017037086855465845,0.8335,0.0025000000000000577,9,0.125,0.3598271318117429,0.0084954378884487,0.32721734505279926,0.4199960515465329,0.5237607270245842,0.039027235322750466,0.41311936346291933,0.7434813170368538,0.7934038880273085,0.03788775927238158,0.6103921872051152,0.7742417817112389,95,0.7211759868421053,0.9251382632989338
276,3,1.0,0.001570841943568446,0.8351,0.0015999999999999348,17,0.125,0.3558441253822205,0.008402176235495462,0.3142216954320862,0.5185060847209806,0.4135060963595457,0.030771147801185915,0.2810930523604244,0.8497704074988797,0.5629776325018322,0.026995990881359514,0.36827286322484615,0.9020521887349303,95,0.7159128289473684,0.9178680144736087
276,3,1.0,0.001570841943568446,0.8351,0.0015999999999999348,9,0.125,0.3195635515905205,0.0075455208822693,0.29812184788351426,0.3613271270380302,0.37973847802139843,0.028258322999024615,0.27673933481367424,0.740921810490185,0.5563427584232893,0.02667783436894651,0.46819944044111533,0.5588842600643333,95,0.7189967105263158,0.9131305044035228
276,3,1.0,0.001570841943568446,0.8351,0.0015999999999999348,7,0.125,0.3416957153652226,0.008068104584636603,0.3200753363274037,0.3525958079149046,0.42583282609204903,0.031688444126061185,0.5150081835962751,-0.36225949765013715,0.9070366866064403,0.04349436408666968,0.9274034150634209,0.03828186253623625,95,0.7969161184210526,0.9389092410092359
276,3,1.0,0.001570841943568446,0.8351,0.0015999999999999348,6,0.125,0.3407336373998377,0.008045388040956787,0.34107124167905184,0.15245761800424276,0.3226061514420639,0.02400680825504437,0.3112177232232108,0.3338674839911148,0.6813684814335347,0.03267308725904953,0.7599800142243441,-0.1901805908310689,95,0.6799342105263158,0.8920537010159652
276,3,1.0,0.001570841943568446,0.8351,0.0015999999999999348,10,0.125,0.376088100006364,0.00888017609657579,0.37435422129703694,0.15732054925062755,0.5611825424327609,0.04176052326355294,0.4713289594677829,0.6302544444323651,0.7687489746163373,0.036863170241012336,0.7939705528336773,0.03939133102038445,95,0.7456825657894737,0.9216983733112766
276,3,1.0,0.001570841943568446,0.8351,0.0015999999999999348,1,0.125,0.3520676383754364,0.008313005986167963,0.3327187328265377,0.3280436839461347,0.7464616098920054,0.05554810612979692,0.6203678239699326,0.7803041656940812,1.5616164435440818,0.07488287426758453,1.4372667729322597,0.5906317058349734,95,0.6654605263157894,0.8978620860108749
276,3,1.0,0.001570841943568446,0.8351,0.0015999999999999348,5,0.125,0.33406840994735676,0.007888008976049495,0.3184060529475954,0.30295336851555915,0.4128984061166842,0.03072592639708799,0.35955617697804215,0.49750721584081525,0.6723543610184795,0.03224084075673842,0.6065343875228273,0.44272601861570854,95,0.7466282894736842,0.9345742923229431
276,3,1.0,0.001570841943568446,0.8351,0.0015999999999999348,11,0.125,0.35358290867729736,0.008348784483584417,0.33912305909557694,0.28352850074476327,0.5822510941667512,0.043328344210018126,0.6973498544648644,-0.5779035160701554,1.0689548412938163,0.05125868859107659,1.1198237969242788,-0.11724557802503352,95,0.8044819078947368,0.9596728852542806
277,3,1.0,0.0014432860045182018,0.8351,0.0,11,0.125,0.3270703246571651,0.007723424035253086,0.29011837528670154,0.5008698195033494,0.7115680089356502,0.05285333118496621,0.5401104912345422,0.8989285451769146,1.1350941308975138,0.05421446018307452,0.7101481941237497,0.9720982347455323,95,0.7939967105263158,0.9547902641118592
277,3,1.0,0.0014432860045182018,0.8351,0.0,9,0.125,0.28084799399944654,0.006631931983990286,0.2771065387720391,0.21566709949534166,0.27354328907672343,0.020318049532078497,0.40132704958660925,-0.43080533765698437,0.522884936821664,0.024974073793539015,0.817627705429016,-0.42326401581977013,95,0.7167763157894737,0.9167622762735199
277,3,1.0,0.0014432860045182018,0.8351,0.0,5,0.125,0.29811132741463625,0.007039587568052283,0.28633986809749423,0.28328863244088087,0.3496405030288717,0.025970343059554726,0.38291418139038597,0.10844854966815051,0.621800336903389,0.02969847935009259,0.4049600117001115,0.7601406249701824,95,0.7461348684210526,0.9355229802711341
277,3,1.0,0.0014432860045182018,0.8351,0.0,18,0.125,0.3528783125597412,0.008332852708665173,0.32197519422558013,0.4366825380465913,0.6655227740269037,0.049433216706011855,0.498834344079642,0.8834709470265936,1.326830281873986,0.06337217815537233,0.9063874184821965,0.9626985777270165,95,0.7748355263157894,0.9548928040755679
277,3,1.0,0.0014432860045182018,0.8351,0.0,14,0.125,0.3511991195580812,0.008293200320138505,0.33468773884063435,0.3035407951086996,0.8927320411003635,0.06630970144130721,0.7250190291803911,0.8764471576172463,1.423231634352522,0.06797650756143636,1.064387138349811,0.8609673211673091,95,0.7200657894736842,0.9362151667428049
277,3,1.0,0.0014432860045182018,0.8351,0.0,1,0.125,0.3276316917754158,0.007736680133305523,0.3278207287781793,0.15123396291561683,0.6084994038841477,0.04519767628037341,0.7637087588689326,-0.7180999880591945,1.3659356833537912,0.06523993358971125,1.7626250315800307,-0.8577727646464696,95,0.670641447368421,0.8984058859595341
277,3,1.0,0.0014432860045182018,0.8351,0.0,17,0.125,0.2923331152079799,0.006903141123134172,0.28536825710013386,0.2401978088111462,0.28179026635469645,0.020930612513935395,0.41417333066990264,-0.47088233990691464,0.3402745539632361,0.016252221516260254,0.5134914707834288,0.16576600687774917,95,0.7206825657894737,0.91698522279911
277,3,1.0,0.0014432860045182018,0.8351,0.0,3,0.125,0.31815466797900677,0.0075128901167438745,0.29756042429957996,0.35629528187942944,0.3447718580817624,0.02560871339017642,0.2601532102616617,0.661813885328735,0.9083836818058288,0.043386296878547816,0.5428642686782719,0.900999949462056,95,0.7343338815789474,0.9343188308415925
278,3,1.0,0.0013210548563419855,0.8315,-0.0035999999999999366,14,0.125,0.30939922841715667,0.007306712805402446,0.3055426579728017,0.21922212420685827,0.7712723961013367,0.05739192605819041,0.6161777984624152,0.7874893191154149,1.157931944972774,0.0549377681098259,0.9239290338296959,0.8515294872026569,95,0.7173930921052631,0.9338568235226686
278,3,1.0,0.0013210548563419855,0.8315,-0.0035999999999999366,8,0.125,0.3486750895037252,0.00823424400388854,0.3118925614635768,0.46784052892658384,0.4481748300098258,0.03334958807690356,0.3001131852271515,0.8142854231999691,0.6854398847036716,0.032520510037367965,0.5120373341672205,0.7343325194817752,95,0.7241365131578947,0.9161319629776844
278,3,1.0,0.0013210548563419855,0.8315,-0.0035999999999999366,18,0.125,0.3115057617562984,0.007356460292501417,0.28171144077542215,0.4312572551971467,0.47879518044780917,0.03562810977312374,0.32355617397650105,0.8289648149392486,0.8076479261012376,0.038318637525433207,0.6681904320161595,0.6193077884834115,95,0.7725740131578948,0.9518867422428017
278,3,1.0,0.0013210548563419855,0.8315,-0.0035999999999999366,16,0.125,0.39191865816563576,0.009255475823081276,0.3419435222314921,0.553485722410062,0.487417798657712,0.036269736089885804,0.3290240222201858,0.8369931895482535,0.5765988785989765,0.02735657792531239,0.4216017702680766,0.7144394175129173,95,0.7214638157894737,0.912857631368973
278,3,1.0,0.0013210548563419855,0.8315,-0.0035999999999999366,0,0.125,0.3199547664778124,0.007555990366662936,0.28124900126848384,0.49588055213885024,0.9197308312186714,0.06843901600207744,0.7408043457676947,0.8672371871125001,1.4346761245436683,0.06806782089834906,1.2205868069191803,0.7851295118299038,95,0.7791529605263158,0.9605783946382395
278,3,1.0,0.0013210548563419855,0.8315,-0.0035999999999999366,15,0.125,0.35018566004978674,0.008269917348029818,0.34003167242971777,0.25124022142782726,0.7937489347877152,0.05906445038662911,0.9513125075508412,-0.6688071830260803,1.415235446781745,0.06714546319726024,1.6017177724496225,-0.5841754117227751,95,0.6815378289473685,0.8846455505279035
278,3,1.0,0.0013210548563419855,0.8315,-0.0035999999999999366,5,0.125,0.2807652917603762,0.006630499252092955,0.2678996898289745,0.3141413337448755,0.3768935784717014,0.028045407169755163,0.4728316674810907,-0.21665813011572851,0.3936391314814176,0.018676102182143238,0.5559137232955882,-0.30816771734380455,95,0.7475740131578947,0.9356471041196854
278,3,1.0,0.0013210548563419855,0.8315,-0.0035999999999999366,9,0.125,0.2648536998429954,0.0062547341507646756,0.2874569207260096,0.012307270948201944,0.3525469477756671,0.026233725543735605,0.5233681991692569,-0.6802239251995917,0.7498370189009185,0.03557581466112016,0.8936701025952798,-0.3513135624995166,95,0.7103207236842105,0.9162952243125905
279,3,1.0,0.0012041619030626338,0.8345,0.0030000000000000027,15,0.125,0.3251231785974686,0.0076785797260281495,0.2970576057237475,0.41356667719416385,0.9475038121922084,0.07061842074889425,0.7386129282485807,0.9078857556014971,1.609547010947095,0.07661939617871996,1.1590544185922633,0.9442386425555398,95,0.6803453947368421,0.8783996131995648
279,3,1.0,0.0012041619030626338,0.8345,0.0030000000000000027,9,0.125,0.27453388645427584,0.00648378975540666,0.27126652464551493,0.22925669186634137,0.5816590321216952,0.043351637992599355,0.40222085065506497,0.8431284501756208,1.0476376981025286,0.049870781839076256,0.6629424579787514,0.8756435556783887,95,0.7115542763157895,0.9119907541173071
279,3,1.0,0.0012041619030626338,0.8345,0.0030000000000000027,7,0.125,0.29864950961980286,0.00705333922868064,0.2869713664394086,0.2879670883246478,0.2924769849439408,0.021798606524180766,0.3829925217719747,-0.034038089790469406,0.4670706892594989,0.022234003691997562,0.7303673580632668,-0.16673445648692162,95,0.7928042763157894,0.9406669778538458
279,3,1.0,0.0012041619030626338,0.8345,0.0030000000000000027,16,0.125,0.3296414389298688,0.007785289503949704,0.3109543503634572,0.3319110834928483,0.33967409273456467,0.025316254868389294,0.47520726876360275,-0.33486889792597097,0.5226512096832571,0.024879807688527947,0.5722637504838972,0.361531518696754,95,0.7234375,0.9137774241218597
279,3,1.0,0.0012041619030626338,0.8345,0.0030000000000000027,8,0.125,0.29855101229834413,0.007051012973324489,0.28257959643729386,0.3253827290339794,0.32716168182322664,0.024383692184260824,0.49150151220590554,-0.502721874628315,0.41852636175089547,0.019923144154305263,0.6174531187096624,0.08070609598056858,95,0.7254523026315789,0.9195148217423341
279,3,1.0,0.0012041619030626338,0.8345,0.0030000000000000027,3,0.125,0.2904980545874319,0.006860822664284326,0.2636004023621378,0.42269330206241384,0.3330265997015038,0.024820810466062385,0.2807905588961148,0.5592773094939094,0.4433209971992645,0.021103445185343597,0.7145812727898726,-0.172925430367274,95,0.7335526315789473,0.9305493273542601
279,3,1.0,0.0012041619030626338,0.8345,0.0030000000000000027,10,0.125,0.3605541750910982,0.008515369439153443,0.31676990053665854,0.5272085830433073,0.773256687098962,0.05763160567144324,0.5625822677830707,0.9197543141032256,1.2838771042257655,0.06111650534244323,0.8359498922773982,0.9466573589427261,95,0.7291529605263158,0.9252241583488412
279,3,1.0,0.0012041619030626338,0.8345,0.0030000000000000027,12,0.125,0.268755402997255,0.006347316723518632,0.2607987321728518,0.27543442483060904,0.25166926315289034,0.018757165603139246,0.38493268849243373,-0.23776376555782794,0.310419841485651,0.014776940750882062,0.38529455271698165,0.6160532837130408,95,0.7310855263157895,0.9083802024746906
280,3,1.0,0.0010926199633097212,0.8308,-0.0037000000000000366,12,0.125,0.24753925499252505,0.005846591959840479,0.22170955272155887,0.44939959239632177,0.3541251092901087,0.026365970335246604,0.29377641009446054,0.6578242402966994,0.4217591407451887,0.020279102778058455,0.42626379970632755,0.14037977878399,95,0.7377878289473684,0.9041966226383548
280,3,1.0,0.0010926199633097212,0.8308,-0.0037000000000000366,2,0.125,0.28304349243883503,0.006685161136273248,0.2521730589875785,0.47463405164598715,0.3038043222868998,0.022619395064059168,0.2454655080339775,0.6610158403953609,0.6458628038186036,0.031054497493571816,0.5545149625790712,0.6983559831428882,95,0.7043174342105263,0.9037305155000291
280,3,1.0,0.0010926199633097212,0.8308,-0.0037000000000000366,10,0.125,0.30151132023494986,0.007121349948070973,0.2884325729171888,0.2922946775759856,0.5057897773436746,0.0376579855973709,0.5454773762790679,-0.26709543051384144,0.7390950344594914,0.03553730724146175,0.6946627339727217,0.3955933896071111,95,0.7380345394736842,0.9254554571285308
280,3,1.0,0.0010926199633097212,0.8308,-0.0037000000000000366,11,0.125,0.28403582695901314,0.006708598934158358,0.27939068235612086,0.21608594985617313,0.6165959947815708,0.04590793276374106,0.565710512684965,0.5333551238438979,1.0734249180930437,0.051612619942454994,1.1295958906141699,-0.33063809015735784,95,0.7997532894736842,0.9590745501285347
280,3,1.0,0.0010926199633097212,0.8308,-0.0037000000000000366,1,0.125,0.28490891981661853,0.006729220381377402,0.2778633410950832,0.24024835538872147,0.6932181701845208,0.0516127471095694,0.7272801795514787,-0.23864755425328535,1.4522646967940376,0.06982806583681174,1.4035064441198288,0.38093782464045123,95,0.6565378289473685,0.8924030813552953
280,3,1.0,0.0010926199633097212,0.8308,-0.0037000000000000366,8,0.125,0.26489835251926497,0.006256593840281579,0.24596801267714,0.37142391575547223,0.45380737844694236,0.03378769695838203,0.405581539254342,0.5368565899029971,0.624178382384342,0.030011863040715226,0.6550782941122585,-0.10269755991849891,95,0.7245888157894737,0.9121552604698672
280,3,1.0,0.0010926199633097212,0.8308,-0.0037000000000000366,19,0.125,0.2964055029419086,0.007000756427116848,0.275829708290683,0.36917849535233194,0.4190957448336718,0.031203282924680515,0.4375908481373219,-0.04116653444212966,1.2187879119824279,0.05860199090902303,1.1288161875570348,0.6578379950946965,95,0.6678042763157894,0.9287605443014593
280,3,1.0,0.0010926199633097212,0.8308,-0.0037000000000000366,18,0.125,0.2949113935575484,0.00696546728514223,0.2805785474580753,0.30831411601090325,0.47380257989049984,0.035276416267681916,0.441408146542957,0.4008178931962054,1.1921489332556476,0.05732113049530821,1.268942930655885,-0.4867156415645667,95,0.7761513157894737,0.9534329307056579
281,3,1.0,0.0009864412689139124,0.8326,0.0018000000000000238,0,0.125,0.28486185572680345,0.006728462391153432,0.25650185405132325,0.45008841130344174,0.918391568356288,0.06840637665315873,0.7874743167962733,0.8264397869968134,1.6346309523143479,0.07877790161431504,1.2781188258031957,0.9125662879387085,95,0.7837993421052631,0.9645892351274787
281,3,1.0,0.0009864412689139124,0.8326,0.0018000000000000238,15,0.125,0.26547984398254015,0.0062706575483343205,0.25676261748789625,0.2694240972932789,0.7555084441115026,0.05627403056958773,0.8699070094592976,-0.6362525489712754,1.1663429309564923,0.05620965914866208,1.4758169994623587,-0.6988009559672985,95,0.6752878289473684,0.8711563051817572
281,3,1.0,0.0009864412689139124,0.8326,0.0018000000000000238,7,0.125,0.275252009005834,0.006501476956119253,0.23284477757554417,0.5839066008098309,0.3491767592932505,0.026008423571977902,0.22101119464787428,0.8703056508573952,0.8106370156497867,0.039067095220096014,0.4318446084149203,0.969693417333262,95,0.7786184210526316,0.936417405999155
281,3,1.0,0.0009864412689139124,0.8326,0.0018000000000000238,13,0.125,0.28502262185688776,0.0067322597014576975,0.2553887870000397,0.4620134381977597,0.3416471126788313,0.025447578002268448,0.3892177863120888,-0.06666664019320617,0.619506557849231,0.02985592961798055,0.7556413189894012,-0.05084012931624107,95,0.7280838815789473,0.9221211950076241
281,3,1.0,0.0009864412689139124,0.8326,0.0018000000000000238,9,0.125,0.2556834296038274,0.006039265368615675,0.2405182549080576,0.34076359579059845,0.39344056265007504,0.029305412034042716,0.47926313321369823,-0.36684159510635117,0.5037746916746826,0.02427845443666734,0.7191735579149131,-0.2505412995209539,95,0.7169407894736842,0.9156343197981188
281,3,1.0,0.0009864412689139124,0.8326,0.0018000000000000238,8,0.125,0.24149419314854456,0.005704114340391959,0.24737645921758988,0.13474527887807417,0.3665377788722096,0.027301558750175023,0.29814457110327175,0.6008473132929406,0.6041511381057998,0.02911590463308603,0.4783254729358265,0.6131454321426014,95,0.7238075657894737,0.9151281031642333
281,3,1.0,0.0009864412689139124,0.8326,0.0018000000000000238,16,0.125,0.28067887706596983,0.006629660062808676,0.27424195518201544,0.23649954987591462,0.4526740085220589,0.03371741400400361,0.36272517742777277,0.6731012547145654,0.6960579652880161,0.03354517778443167,0.49640446037072444,0.7140822850443821,95,0.7243832236842105,0.9146846795708691
281,3,1.0,0.0009864412689139124,0.8326,0.0018000000000000238,18,0.125,0.2580510402006299,0.006095188541680867,0.2442820678387488,0.3252634659424223,0.48026146537309095,0.03577226514732589,0.36368088700206475,0.7923832480056041,1.121457535636289,0.05404649366384834,0.7601400582581699,0.9327814254237802,95,0.7782483552631579,0.9546151001215195
282,3,1.0,0.0008856374635655695,0.8341,0.0014999999999999458,1,0.125,0.2578953278285896,0.006091799480671728,0.22574859527443122,0.49765243016610405,0.8542809148090185,0.06358555043036826,0.6882699943343584,0.8768553488979264,1.7627848684687049,0.08423885933530575,1.3006306056546948,0.8907192499224443,95,0.652672697368421,0.8903798903798904
282,3,1.0,0.0008856374635655695,0.8341,0.0014999999999999458,14,0.125,0.2821163981302064,0.006663930448405939,0.27900944723914267,0.20513244980136996,0.7143874060074987,0.053173043719073186,0.847288245612036,-0.6004956858312092,1.1107704064340165,0.05308080055321662,1.5718321651985203,-0.7747229074537835,95,0.7222039473684211,0.9423821452971988
282,3,1.0,0.0008856374635655695,0.8341,0.0014999999999999458,4,0.125,0.2873461932292184,0.006787464532316742,0.24277742809522554,0.5901866123334003,0.44418071256266184,0.033061109769921646,0.4654394767376849,0.11088200895703008,1.1191278240858666,0.05348017959405907,0.7766833274088918,0.7753538161082973,95,0.68515625,0.9012782812218688
282,3,1.0,0.0008856374635655695,0.8341,0.0014999999999999458,12,0.125,0.21903571590337598,0.005173888459412511,0.21625018225991124,0.2518357537233529,0.2228157896984094,0.016584550101669874,0.2958146621657656,0.00981815337396325,0.45645545215230426,0.021812807288329628,0.6136598312688467,0.2599897249314809,95,0.7333470394736842,0.9114662181104569
282,3,1.0,0.0008856374635655695,0.8341,0.0014999999999999458,8,0.125,0.22917980461436924,0.005413504100617882,0.2235359009310224,0.2705952285732865,0.25961374828863615,0.01932348340933548,0.3502789860836981,-0.16223479626644585,0.3753826719431673,0.017938552040216296,0.6444187277822566,0.05705396552134739,95,0.7234375,0.9132090485392748
282,3,1.0,0.0008856374635655695,0.8341,0.0014999999999999458,6,0.125,0.2800646596317699,0.0066154659041876085,0.2372031106183608,0.5789899883537876,0.38278778897841703,0.028491532279704104,0.26323100721644355,0.769726603526426,1.0056492658791234,0.048057337321391315,0.5332063863690872,0.9337462899509401,95,0.6747532894736842,0.8976234003656307
282,3,1.0,0.0008856374635655695,0.8341,0.0014999999999999458,13,0.125,0.24229346369399263,0.0057232645846234395,0.2364526498163194,0.26103144501846953,0.4277087079213486,0.03183507104699918,0.32454010286984153,0.6910977817984426,0.7728007481847466,0.036930118181184995,0.5976773299456284,0.6376144693643405,95,0.7256167763157895,0.9208364027880093
282,3,1.0,0.0008856374635655695,0.8341,0.0014999999999999458,15,0.125,0.2455584912545777,0.005800388483553361,0.23067326464357202,0.3468008363764537,0.8389041364571737,0.062441031223162975,0.6963338697490792,0.7802488814855852,1.3971278610627678,0.06676507126121416,0.9605465238966157,0.8703749373190787,95,0.6754934210526315,0.8697954711468225
283,3,1.0,0.0007902196015379061,0.8342,0.00010000000000010001,1,0.125,0.21247241001073852,0.005019094700423638,0.21295235677985405,0.15103877652388015,0.7078633575619159,0.05271255002365567,0.6587587199123575,0.5766238483127605,1.3828089483578971,0.06674339592975094,1.4114875310601689,-0.14287476723240602,95,0.6527138157894737,0.892087690563185
283,3,1.0,0.0007902196015379061,0.8342,0.00010000000000010001,6,0.125,0.21861304275355978,0.0051641507914953425,0.2153756032751407,0.20154818984338316,0.24779472004286202,0.018452560704435968,0.23333708869543945,0.3384774964264286,0.5707753434612767,0.027549347855185945,0.6667421640828327,-0.5753097012945584,95,0.6701069078947368,0.8988157329569859
283,3,1.0,0.0007902196015379061,0.8342,0.00010000000000010001,12,0.125,0.20129109445716817,0.004754965905368069,0.20268044216368883,0.14623386576371689,0.2931074791968656,0.021826871661627098,0.34614581054444826,-0.46543692832963707,0.5422378488763264,0.026171941885844843,0.5011648405195666,0.4037991007856224,95,0.7364309210526315,0.9170854271356784
283,3,1.0,0.0007902196015379061,0.8342,0.00010000000000010001,17,0.125,0.2272243824054926,0.005367570751801621,0.20604140991506492,0.44835412602648445,0.40413416189576157,0.030094709660593147,0.3355381814094509,0.7916186496916254,0.5183614299076253,0.02501950988393667,0.4077503126111595,0.8116667276214437,95,0.7182154605263158,0.9172725711341386
283,3,1.0,0.0007902196015379061,0.8342,0.00010000000000010001,13,0.125,0.21538188099712677,0.005087823202199844,0.20276533627989293,0.3382412866425628,0.261903955806969,0.019503234945539044,0.2141764125524566,0.6447925305224582,0.5834802362364613,0.028162569001712476,0.5003291907660735,0.6495841224871713,95,0.7269325657894737,0.9242038576842582
283,3,1.0,0.0007902196015379061,0.8342,0.00010000000000010001,9,0.125,0.21548663694277564,0.005090297782365888,0.19631427866232956,0.42850126517828374,0.3923539723319637,0.02921747279695802,0.32342156971673997,0.7961707306114609,0.5785775029468928,0.027925931055832662,0.5492921365857132,0.32092478890800774,95,0.7217927631578948,0.9177395465420987
283,3,1.0,0.0007902196015379061,0.8342,0.00010000000000010001,11,0.125,0.22427554759430213,0.005297912384522205,0.20309521363783478,0.4500702991479112,0.5513197459917307,0.041055197135382554,0.5934807852861099,-0.38788489480243293,1.2253476334725315,0.05914328392910666,1.1765917804439128,0.3839066860229199,95,0.7900082236842105,0.9575287565710716
283,3,1.0,0.0007902196015379061,0.8342,0.00010000000000010001,16,0.125,0.2474514316185735,0.005845380908449497,0.23900500175639472,0.2593337625717751,0.4336244509340594,0.03229076673790466,0.48364901893673484,-0.4635771948829202,0.6862130347535105,0.03312112517430393,0.6950970224719497,0.047014522628724756,95,0.7161595394736842,0.9160590227938221
284,3,1.0,0.0007001981464747508,0.8353,0.0010999999999999899,4,0.125,0.22564312556708593,0.005330417947597105,0.21655042835081817,0.28116281998253817,0.5187031766730132,0.038576071328425526,0.4287178881838375,0.6204081496318673,0.8714590190580177,0.0419451705487954,0.8868830359036761,0.10963713121204553,95,0.68203125,0.9032374751311267
284,3,1.0,0.0007001981464747508,0.8353,0.0010999999999999899,14,0.125,0.23749441738777158,0.005610383660997098,0.22714166003659803,0.2925116099266227,0.8384517171506375,0.06235584183945222,0.6916753461376554,0.8293130767969223,1.5172929494779313,0.07303052713497657,1.2916456484095367,0.8246963267823283,95,0.7180921052631579,0.9413650939074668
284,3,1.0,0.0007001981464747508,0.8353,0.0010999999999999899,1,0.125,0.19405316919451326,0.004584161353300339,0.20039776424376238,0.07030062511237399,0.6259118248169996,0.04654920248284219,0.7711620065970298,-0.7201668028449147,1.441681826555082,0.06939120345247797,1.6483136465158328,-0.6752675758830697,95,0.6516447368421052,0.8893235739525492
284,3,1.0,0.0007001981464747508,0.8353,0.0010999999999999899,5,0.125,0.21827370870999385,0.005156328567388226,0.2186139020284124,0.14483150830565397,0.3817785299695733,0.028392954711075197,0.433793757404482,-0.05362901999477834,0.9451833283795524,0.04549367789160373,0.9290327998734645,0.20726033891919066,95,0.7437911184210526,0.9387473049919841
284,3,1.0,0.0007001981464747508,0.8353,0.0010999999999999899,8,0.125,0.20124021845143586,0.004753942622962706,0.19176886921317932,0.3039371585936149,0.46563434767128475,0.03462933063942985,0.3057843504938442,0.9102294447761737,0.899386827591206,0.043289395195463154,0.6554086876639506,0.8964881042806357,95,0.7154194078947368,0.9154549112017932
284,3,1.0,0.0007001981464747508,0.8353,0.0010999999999999899,12,0.125,0.1831166899150839,0.004325806460865284,0.16957385415105383,0.37796432865466356,0.3763247171767686,0.027987353433179533,0.23114669700207385,0.8760594251934553,0.5777596569388339,0.027808797449486847,0.3753265411295307,0.8313904488514556,95,0.7317434210526316,0.916385704652731
284,3,1.0,0.0007001981464747508,0.8353,0.0010999999999999899,16,0.125,0.22533267065572,0.005323084001892773,0.20854573537658325,0.39209077875034354,0.46395806907266174,0.034504665424920165,0.30480188202115044,0.9079803824918085,0.6848006164563623,0.032960905815434594,0.4388929236697294,0.9143688703191086,95,0.7111430921052632,0.9143104943625325
284,3,1.0,0.0007001981464747508,0.8353,0.0010999999999999899,10,0.125,0.24485356547495712,0.005784230459761176,0.21817062780033858,0.5189485829597498,0.4863424816762965,0.03616939919960277,0.5971588187922543,-0.4701142772380901,0.6725362212200638,0.03237059446560149,0.8033114196012544,-0.28924217764532806,95,0.7221217105263158,0.9243821888167635
285,3,1.0,0.0006155829702431171,0.8316,-0.0037000000000000366,6,0.125,0.18353232390969318,0.004335767884570465,0.17362008218025907,0.3242538711525705,0.3202872109767774,0.0239049831057233,0.3800205157659998,-0.3290493911536977,0.8142821359311668,0.039321521487378885,0.8185066011620069,0.1382584639501563,95,0.6659128289473685,0.8963877740043223
285,3,1.0,0.0006155829702431171,0.8316,-0.0037000000000000366,12,0.125,0.16149735161063586,0.0038152136672182017,0.15495061690312925,0.29055700090594266,0.26651618326293247,0.019891724177410856,0.22194570888561904,0.5614841323478648,0.4152624042454753,0.020052938448375072,0.32934286532153667,0.6090979037929216,95,0.7329769736842106,0.917704476607203
285,3,1.0,0.0006155829702431171,0.8316,-0.0037000000000000366,14,0.125,0.2123587212076526,0.0050167627358853745,0.1852766253888139,0.5720047343195218,0.709421215333562,0.05294842124876503,0.6282765090460499,0.7014178633522992,1.2119419290133784,0.05852443336320889,1.1194980410542583,0.45634041988166696,95,0.717516447368421,0.9421203438395416
285,3,1.0,0.0006155829702431171,0.8316,-0.0037000000000000366,10,0.125,0.2030160552712422,0.004796051582337892,0.2010307049464032,0.17753575918581824,0.5734150148232386,0.04279745107559559,0.6339685905269835,-0.40252888121640745,0.8438746712808713,0.04075053910089778,0.8667316720480052,0.05784177908760919,95,0.7251644736842106,0.9234520299387616
285,3,1.0,0.0006155829702431171,0.8316,-0.0037000000000000366,9,0.125,0.17492797541135696,0.004132498743244195,0.15983830844637725,0.41425755632859884,0.40875071451119666,0.030507552565222303,0.44395407206495036,-0.14194439678771673,0.6795506311004235,0.032815364065454544,0.6389147414059,0.341904876002033,95,0.7144736842105263,0.9194866482504604
285,3,1.0,0.0006155829702431171,0.8316,-0.0037000000000000366,11,0.125,0.19555619798885143,0.004619819903146689,0.1966336379158253,0.13062717878191832,0.42934492853010364,0.03204462404770905,0.356956880706263,0.6768009718922501,0.8809099323988874,0.04253896445322045,0.8453786937916687,0.28119720551484156,95,0.7864309210526316,0.9561852975007843
285,3,1.0,0.0006155829702431171,0.8316,-0.0037000000000000366,16,0.125,0.19080511297341377,0.00450758026389418,0.1927846149155031,0.11875205209013251,0.29744308851864165,0.022199987268513913,0.2682275120736423,0.43240134905280453,0.5364917470274124,0.025907079165400113,0.525970998310783,0.2765692435224365,95,0.7135690789473684,0.9135645960585456
285,3,1.0,0.0006155829702431171,0.8316,-0.0037000000000000366,4,0.125,0.20173149594260803,0.004765705150906784,0.18581032327385935,0.40674480730520945,0.4084001767204858,0.030481389797313758,0.3181257354828952,0.7966147549730078,0.865103708636923,0.04177568506900596,0.7733203681600465,0.49016591558777256,95,0.6808388157894737,0.8986592583645368
286,3,1.0,0.0005363833518505834,0.8333,0.0017000000000000348,2,0.125,0.17357605280577165,0.004100677089216052,0.1692001580601071,0.24351848213608238,0.228692040389426,0.017052710720119272,0.1984742046774476,0.5048677211387959,0.5449821962518362,0.026259838187651062,0.6418878009081337,-0.28838203649825367,95,0.6963815789473684,0.9054085970713274
286,3,1.0,0.0005363833518505834,0.8333,0.0017000000000000348,18,0.125,0.2094809884456838,0.004948919370270324,0.18283497729759657,0.5627690746907492,0.3674102127727618,0.027396406378475197,0.3884664325328011,-0.09909895505036365,1.258354395167769,0.0606335088138465,1.1207064041463077,0.6867511988244935,95,0.7587993421052631,0.9512300856182941
286,3,1.0,0.0005363833518505834,0.8333,0.0017000000000000348,19,0.125,0.17031029286847885,0.0040235245861071035,0.18035489597894128,-0.0008659921348425512,0.618263406222224,0.046101591455435076,0.5713097402799001,0.5527411272010619,1.2389200508548295,0.059697069531149165,1.3358191714010887,-0.3773905601480902,95,0.6605263157894737,0.9280378486055777
286,3,1.0,0.0005363833518505834,0.8333,0.0017000000000000348,8,0.125,0.1765103826165321,0.004169999664725091,0.15417339567873412,0.5211303487135056,0.2902981438785645,0.021646447605780394,0.2755262721164658,0.3151492225535835,0.6566912246144039,0.031642511289774196,0.4796862580354469,0.8719284484494333,95,0.71015625,0.9168548433790747
286,3,1.0,0.0005363833518505834,0.8333,0.0017000000000000348,16,0.125,0.18261148134433947,0.004314136113087356,0.1708130756616795,0.35495109063744984,0.2530079308991776,0.018865855795298984,0.2785411412808286,-0.09510012387029972,0.3247440224416069,0.015647713889322838,0.3128118260812553,0.3875971711462483,95,0.7139391447368421,0.9111904624776824
286,3,1.0,0.0005363833518505834,0.8333,0.0017000000000000348,10,0.125,0.18783908967607962,0.004437636638481542,0.19026145826375207,0.11640483240120784,0.687409524952268,0.05125755909696118,0.6305585885462381,0.64333116898993,0.9538555383396186,0.045961303439752105,1.0139607260814336,-0.17265869790305038,95,0.7213815789473684,0.924703602371181
286,3,1.0,0.0005363833518505834,0.8333,0.0017000000000000348,7,0.125,0.19772012246532214,0.00467107278431889,0.1846939049793616,0.3624940486381387,0.2331563332106259,0.017385596350595053,0.25324948350183085,-0.017353724255578462,0.7195015862795914,0.03466901370614576,0.6287347480795223,0.5431178705111112,95,0.7739720394736842,0.9380545077830313
286,3,1.0,0.0005363833518505834,0.8333,0.0017000000000000348,11,0.125,0.18418330864232088,0.0043512700154019176,0.17302606045571892,0.34346752196755803,0.4025859792276192,0.030019331814322123,0.4503541925753776,-0.41537115121781837,0.9899786626566348,0.047701887638504366,0.8834469624607587,0.5747345133931815,95,0.7873766447368421,0.9571779205180427
287,3,1.0,0.0004626079764278201,0.8326,-0.0007000000000000339,12,0.125,0.12348674808756267,0.0029173980436434464,0.12423508053004062,0.17603606873548447,0.2034583210614507,0.015162505677560379,0.32975361546146426,-0.5800779545320877,0.24092502254829085,0.01158397549907453,0.4707797220692283,-0.2890636666411142,95,0.7272615131578948,0.918923503137898
287,3,1.0,0.0004626079764278201,0.8326,-0.0007000000000000339,17,0.125,0.16093953095119395,0.0038022272026223733,0.13927497150435197,0.5736252511920873,0.5641248047002315,0.0420407752776868,0.41545735439750003,0.9207153654106854,0.5886547604555985,0.028303254889867038,0.5182952511013802,0.48358091969603656,95,0.7066611842105263,0.9149889444897009
287,3,1.0,0.0004626079764278201,0.8326,-0.0007000000000000339,10,0.125,0.16609774775072644,0.003924091061155388,0.16112708677942914,0.24597437248308274,0.6335843296226917,0.0472171693199799,0.5014676308977496,0.840219419625605,0.9981991020095667,0.04799465750204222,0.7510127308664895,0.8062547344235926,95,0.7169819078947368,0.9199403567127373
287,3,1.0,0.0004626079764278201,0.8326,-0.0007000000000000339,4,0.125,0.17233323822091504,0.0040714057162144586,0.15540408888061275,0.47718726813995405,0.3795662680714234,0.028286755069138317,0.4508258057054792,-0.24652586130038975,0.9689713569099486,0.04658935107290488,0.7704302765682002,0.6987761428731146,95,0.6739720394736842,0.8976877554755659
287,3,1.0,0.0004626079764278201,0.8326,-0.0007000000000000339,15,0.125,0.16581222138493254,0.003917345446149112,0.14885811098345864,0.4823772686577209,0.8017094266984748,0.05974650567571446,0.6463132313528794,0.9442249798264483,1.3150904307886173,0.0632311877288264,1.0098607483844702,0.9213210491252288,95,0.6605674342105263,0.8671023965141612
287,3,1.0,0.0004626079764278201,0.8326,-0.0007000000000000339,11,0.125,0.15102222697204143,0.0035679289991707675,0.15709961079805826,0.026063996689551984,0.48282947583841007,0.03598233107645794,0.6226476542419499,-0.7851163491124088,0.7559746181553005,0.0363482022830482,1.028303396985631,-0.7177139881463354,95,0.7831414473684211,0.9568938359760579
287,3,1.0,0.0004626079764278201,0.8326,-0.0007000000000000339,8,0.125,0.14522961741645266,0.0034310774904316925,0.1502883016387106,0.054539927371114155,0.3387959959871993,0.025248395769171324,0.47024664985374864,-0.6929468046348034,0.4542654967392748,0.02184165151732186,0.7352684685286344,-0.7045799554610319,95,0.7135279605263158,0.9146545265948252
287,3,1.0,0.0004626079764278201,0.8326,-0.0007000000000000339,9,0.125,0.14543771724284404,0.0034359938886347314,0.13655760811879122,0.3445856939781277,0.3944780043345458,0.02939803567232184,0.2559683135364337,0.8952934320003385,0.7699866274856271,0.03702191716354706,0.49535416600971094,0.8834761118149582,95,0.7102384868421052,0.9191802234701557
288,3,1.0,0.0003942649342761118,0.8338,0.0011999999999999789,5,0.125,0.1502801325311473,0.003550476033374977,0.12845480847397228,0.5822236177519856,0.3616693579583728,0.026901493406215695,0.41350185119852,-0.15718811495184545,0.7625678988695845,0.03672891433862739,0.4337857107145625,0.8742907479849412,95,0.7301809210526315,0.9369861470886361
288,3,1.0,0.0003942649342761118,0.8338,0.0011999999999999789,13,0.125,0.1414015249356953,0.0033407125540217777,0.12903106332280023,0.4164230472865741,0.19409532414314998,0.014437092796828043,0.27243946086049525,-0.23119643144429478,0.4384361917819977,0.021117182292601344,0.5308060081677478,0.27061549309039995,95,0.7173108552631579,0.9245629120091717
288,3,1.0,0.0003942649342761118,0.8338,0.0011999999999999789,15,0.125,0.1350819832333235,0.003191408843822198,0.13404431619639987,0.19870385091446932,0.6355562042882419,0.047273595793281116,0.747031062776098,-0.6811323015852907,1.0012695017006827,0.048225924291279296,1.2825400995691065,-0.508183468523041,95,0.656578947368421,0.8689253507014028
288,3,1.0,0.0003942649342761118,0.8338,0.0011999999999999789,0,0.125,0.16288469230360653,0.0038482678081731754,0.1473834698841242,0.45543655680944234,0.9377622371495669,0.06975212050499655,0.8100574756683151,0.8663038915788064,1.8037988536894003,0.08687957318880361,1.4713411080692047,0.8072458517530402,95,0.7552220394736842,0.960091468394403
288,3,1.0,0.0003942649342761118,0.8338,0.0011999999999999789,14,0.125,0.16132988148069866,0.003811534286115479,0.15440395293841852,0.28993364056546983,0.8079201445308588,0.060094276616453876,0.6870788326462952,0.8317279677666344,1.4212623419834516,0.06845478663448788,1.0981357715907085,0.8050967322281211,95,0.7087582236842105,0.9401868074490921
288,3,1.0,0.0003942649342761118,0.8338,0.0011999999999999789,1,0.125,0.14398877890599523,0.003401838286738977,0.14747007482658667,0.09250432635924793,0.7110050017677385,0.05288558719714009,0.8321337143969052,-0.761076303487275,1.4305753433019408,0.06890334528502821,1.7230111482920938,-0.577714038513468,95,0.632483552631579,0.8888961123390976
288,3,1.0,0.0003942649342761118,0.8338,0.0011999999999999789,11,0.125,0.14227809776415157,0.003361422216480298,0.12225264980302941,0.557228239653235,0.5049734266332944,0.037560658673365575,0.38026381857101765,0.8715169693634253,1.2331563182526757,0.059394701568713223,0.839061061462899,0.9302687094963795,95,0.7790296052631579,0.9567718779689645
288,3,1.0,0.0003942649342761118,0.8338,0.0011999999999999789,12,0.125,0.11322400191062203,0.0026749983408694902,0.12447071761368982,-0.035447116937255406,0.44289505317689437,0.03294317887459824,0.3301811228235264,0.8203409932396519,0.5984975115887566,0.02882650039112716,0.5142855329878031,0.5457403160398742,95,0.7260690789473684,0.9160154037829878
289,3,1.0,0.00033136171998017776,0.8347,0.0009000000000000119,4,0.125,0.14417315332898595,0.003406254675938091,0.13852568948763294,0.27935020338645905,0.3975341667282784,0.02955420098742734,0.3679185527110206,0.44989617302211665,1.0380602071540939,0.04956716418050965,0.8209688190402058,0.8581715631116666,95,0.6739720394736842,0.9018973827100238
289,3,1.0,0.00033136171998017776,0.8347,0.0009000000000000119,18,0.125,0.13947958858410558,0.0032953638721378484,0.13605185795372343,0.2371798231987416,0.41109349062565237,0.030562252665135146,0.4088752892360873,0.12699760126587115,0.9961132144050625,0.0475642037913718,1.1907044025257674,-0.6683219733154444,95,0.752672697368421,0.950122917235728
289,3,1.0,0.00033136171998017776,0.8347,0.0009000000000000119,17,0.125,0.11359019851300159,0.002683697594813293,0.11900981168825142,0.07710277068942341,0.3987490284984011,0.029644518429124595,0.41431973765875746,-0.089614679023003,0.4592748953580351,0.021930283027233696,0.5624845428230303,-0.1411235946307475,95,0.7069078947368421,0.9177524429967426
289,3,1.0,0.00033136171998017776,0.8347,0.0009000000000000119,8,0.125,0.11831757398576924,0.00279538721550353,0.10602662546303165,0.44862504710094453,0.3050571088611028,0.0226791049990099,0.28510212925549294,0.3694032054110191,0.47298854665965145,0.022585107093214457,0.4903072722819593,0.21532108981194564,95,0.7076069078947368,0.9174850368992968
289,3,1.0,0.00033136171998017776,0.8347,0.0009000000000000119,12,0.125,0.10637253740328363,0.002513172144432022,0.09010630387425747,0.5444827564519651,0.28119300743546083,0.020904956991249227,0.25682570785272846,0.42955596690867864,0.6086045524262041,0.029060743840493997,0.5477134808832919,0.43599672030314307,95,0.7224506578947368,0.9194649971542401
289,3,1.0,0.00033136171998017776,0.8347,0.0009000000000000119,15,0.125,0.12049287099820108,0.00284678108079024,0.10989166572796427,0.4116837641459701,0.7579119165443334,0.056346052709547165,0.7633113334339189,-0.011515463728768632,1.397616578336655,0.06673590791977205,1.3006371279744564,0.44677978826845005,95,0.6585526315789474,0.8728146853146853
289,3,1.0,0.00033136171998017776,0.8347,0.0009000000000000119,6,0.125,0.13921059058640603,0.0032890084885846336,0.11924863537249566,0.5716218728283287,0.2439004683071723,0.01813248788299701,0.21841130558677083,0.46221133488693444,0.8707291596410518,0.04157714062752666,0.6425704459220031,0.8973746533940723,95,0.653577302631579,0.899024850581944
289,3,1.0,0.00033136171998017776,0.8347,0.0009000000000000119,16,0.125,0.13628167729846774,0.003219809581908219,0.13027518686134903,0.295893608412155,0.327528528641438,0.024349715759656335,0.305525810710377,0.38397162607389623,0.5399856528860617,0.02578420531608908,0.5073442750153331,0.3654637678811928,95,0.7053865131578947,0.9124453512095599
290,3,1.0,0.0002739052315863355,0.8346,-9.999999999998899e-05,12,0.125,0.07977489779651487,0.001884799822005828,0.06978977930751822,0.48584149849217917,0.19065512050312,0.014211926304666627,0.19063946772754484,0.2001636351066511,0.4121495881057008,0.01983222799118603,0.3518265106968455,0.5358157952918927,95,0.7248355263157895,0.9183117767188563
290,3,1.0,0.0002739052315863355,0.8346,-9.999999999998899e-05,6,0.125,0.10601978956809728,0.0025048741650130313,0.09721435939281607,0.39905147930321005,0.2848862916398848,0.021236161773738202,0.3084254596587445,-0.18766180088644194,0.8240622229854703,0.03965305402896598,0.7660408184724564,0.3707461799521532,95,0.6504523026315789,0.9027119286933435
290,3,1.0,0.0002739052315863355,0.8346,-9.999999999998899e-05,2,0.125,0.11215869554578407,0.0026499148885194184,0.09513244148950299,0.5631298473882018,0.15678911246093286,0.011687466383219436,0.1388679140348993,0.46475980677536477,0.569933915914438,0.027424652811798456,0.38623668125149047,0.804379121792278,95,0.6910361842105263,0.9115791979055099
290,3,1.0,0.0002739052315863355,0.8346,-9.999999999998899e-05,10,0.125,0.1163980481813231,0.002750075857866758,0.10307555673590581,0.48027663769496437,0.5628100004549168,0.04195331459699124,0.571402868137336,-0.04582230468466905,0.9472385387092935,0.04558017575138943,0.8487791108047182,0.48628031753177314,95,0.7051809210526315,0.9219241982507289
290,3,1.0,0.0002739052315863355,0.8346,-9.999999999998899e-05,19,0.125,0.12801381308694418,0.0030245154652031475,0.12013388799155379,0.346015704664617,0.5500744941925093,0.04100397698687972,0.5612928158140246,-0.0793279435818239,1.2929341601517677,0.06221470500450032,1.1933276619591642,0.45670573938458847,95,0.6499177631578947,0.9272428191825889
290,3,1.0,0.0002739052315863355,0.8346,-9.999999999998899e-05,18,0.125,0.11640084749704438,0.002750141995836457,0.12005675862214397,0.09018556269448894,0.3663779942786122,0.02731076427739583,0.3433281120421308,0.3968531492982294,0.9408236808595256,0.045271499175992685,1.0945239361084527,-0.4649125244046977,95,0.7535361842105263,0.9496889664956892
290,3,1.0,0.0002739052315863355,0.8346,-9.999999999998899e-05,0,0.125,0.12716703313098146,0.0030045090376882213,0.11531685565237342,0.43484935109552114,0.8443633674876647,0.06294103154128745,0.8144562491234177,0.4304477214041406,1.5734506270573445,0.07571287821030885,1.5382014178744259,0.21447841996281336,95,0.7509457236842105,0.9604117614849697
290,3,1.0,0.0002739052315863355,0.8346,-9.999999999998899e-05,16,0.125,0.11955176003472041,0.002824586959781333,0.11861971206065104,0.19672896052178673,0.30661616791881885,0.022855963012072527,0.2874012243930972,0.3684502951717557,0.45000549229760256,0.021653816425125573,0.3783971528762007,0.5446795245244608,95,0.706702302631579,0.915401175306918
291,3,1.0,0.00022190176984600017,0.8339,-0.0007000000000000339,16,0.125,0.09929822868677284,0.002346091425728237,0.09270017980272813,0.3586302404667703,0.27743152468505083,0.02068735758816485,0.3040421430039283,-0.21953178850630248,0.5196364929706906,0.02511767730336455,0.5856265619687555,0.14713401163328896,95,0.702796052631579,0.9113035338169904
291,3,1.0,0.00022190176984600017,0.8339,-0.0007000000000000339,18,0.125,0.09870432081979194,0.002332059330968605,0.09472803910407303,0.28760462800677705,0.3515472084216014,0.02621397412566887,0.38433247011937954,-0.33184375734178134,1.1288797401906518,0.05456667769100297,1.0044258382938218,0.48744949837932205,95,0.7501644736842106,0.9488050866038149
291,3,1.0,0.00022190176984600017,0.8339,-0.0007000000000000339,0,0.125,0.10426458935916023,0.0024634302377559494,0.10919956714455493,0.018546745084398006,0.7876352759636001,0.058731943391831465,0.8260601593974181,-0.4580049716406176,1.7195506389011677,0.0831179461777139,1.7027442248340556,0.15067485156235633,95,0.7530838815789473,0.9604149604149604
291,3,1.0,0.00022190176984600017,0.8339,-0.0007000000000000339,15,0.125,0.08866473134315607,0.0020948567635062473,0.0780594159602472,0.4837120809287966,0.7629140133351495,0.05688854221164377,0.7188155779187675,0.6027322037350584,1.2936652215964317,0.06253191608788249,1.1789065755180577,0.4451100236694557,95,0.6542763157894737,0.8621794871794872
291,3,1.0,0.00022190176984600017,0.8339,-0.0007000000000000339,2,0.125,0.08957614672507876,0.0021163905193555144,0.09619643657372884,-0.00699968816617671,0.13674007844082725,0.010196357110283119,0.17440397491852527,-0.26848653739251827,0.5227061327275702,0.025266054528393717,0.7758155420691721,-0.5386843311053149,95,0.6921463815789474,0.9148101942612725
291,3,1.0,0.00022190176984600017,0.8339,-0.0007000000000000339,8,0.125,0.08756987425264023,0.002068988881808584,0.0755291860484295,0.5221906328945218,0.2770203205803499,0.020656695152216645,0.27947494464977557,0.10828325201772662,0.5718823954385721,0.027643088309641437,0.45496340706163146,0.6061598548237528,95,0.707360197368421,0.9122246119862815
291,3,1.0,0.00022190176984600017,0.8339,-0.0007000000000000339,13,0.125,0.11765892189857119,0.0027798943795604315,0.09936470712791162,0.6361694438834499,0.3172766258024137,0.023658504633862824,0.2746735532572468,0.6344550903741394,0.7335584062147108,0.035458024175970965,0.5331741631521449,0.7278775221695257,95,0.7084703947368421,0.9221706326175275
291,3,1.0,0.00022190176984600017,0.8339,-0.0007000000000000339,1,0.125,0.10389994289042526,0.0024548148378134207,0.09357753728711647,0.4505412889769084,0.8036180875853413,0.05992374068184237,0.7572992658891577,0.6279928548344497,1.6694210014275366,0.08069482910562571,1.5315470512461893,0.47707575973964483,95,0.6215460526315789,0.8792670018523419
292,3,1.0,0.00017535703752478152,0.8335,-0.00039999999999995595,18,0.125,0.08080833303343576,0.0019092532357600932,0.08181373951024783,0.16471328498105398,0.4516778028019724,0.033633694809390956,0.4339204429870898,0.2852678351485983,1.1357624893504112,0.054640398976338746,1.0529430996438323,0.4938929000198713,95,0.7489309210526316,0.9490501811793126
292,3,1.0,0.00017535703752478152,0.8335,-0.00039999999999995595,9,0.125,0.068202047231221,0.0016114053399392961,0.05342786444523478,0.647593345178878,0.34040873487301687,0.025348165059573595,0.32804266157993556,0.2681123078180836,0.6462107992603099,0.03108855612461445,0.6180165345925392,0.2923479813782749,95,0.6964638157894737,0.9142165544928563
292,3,1.0,0.00017535703752478152,0.8335,-0.00039999999999995595,7,0.125,0.08642614791912302,0.0020419849831649264,0.069102671957524,0.6744543774527811,0.23762873141078336,0.017694764233780764,0.17655661779037285,0.74510361117375,0.697328601924098,0.03354778255490501,0.548188344914852,0.8208674180958969,95,0.754235197368421,0.9348525323011503
292,3,1.0,0.00017535703752478152,0.8335,-0.00039999999999995595,5,0.125,0.07469862130286757,0.0017648994735519044,0.07486191952461002,0.20749011627967853,0.31602972200502033,0.023532808463633235,0.32318354134385463,0.08412759631376578,0.6340480779568131,0.030503419750687204,0.6431534103928486,0.10748146554236947,95,0.7192023026315789,0.9356812074781317
292,3,1.0,0.00017535703752478152,0.8335,-0.00039999999999995595,14,0.125,0.09959034959446188,0.002353014721081183,0.08616289606521033,0.5536773359255813,0.7260791958023993,0.054066695169814695,0.7135578784782093,0.19341912298528088,1.2188149468209641,0.058635969753422515,1.1098662644421011,0.6120761528465724,95,0.6935032894736842,0.9373888295980078
292,3,1.0,0.00017535703752478152,0.8335,-0.00039999999999995595,2,0.125,0.07790309945990352,0.00184061147082466,0.07882614068374119,0.17466107492421448,0.1553222921731978,0.011565905031509277,0.15115003432193438,0.36096515513927807,0.7703897958363625,0.037062683621356875,0.8323001949437162,-0.20201358959599858,95,0.6913240131578947,0.9125676559804913
292,3,1.0,0.00017535703752478152,0.8335,-0.00039999999999995595,13,0.125,0.08674762250645442,0.002049580442358759,0.08013466034027959,0.38333613022182755,0.23698192272361313,0.017646600330552858,0.23546415937680662,0.22464398207697248,0.5357862380048539,0.02577614077337657,0.6165197754707754,-0.26093749547395556,95,0.7092516447368421,0.9242854658241058
292,3,1.0,0.00017535703752478152,0.8335,-0.00039999999999995595,10,0.125,0.08445079192868518,0.001995313375486037,0.08255387487431234,0.2471238110200218,0.5102695287244571,0.03799666375718386,0.4962958578649738,0.23611814013774396,1.0349987915708279,0.04979275811776749,1.1033021598202617,-0.2659584228524099,95,0.6994243421052632,0.9234567901234568
293,3,1.0,0.00013427613877709522,0.8339,0.00039999999999995595,2,0.125,0.061748214107925546,0.0014589297298163917,0.05384682158747804,0.5396657537389071,0.11008308626791409,0.00819218745713196,0.07957462031438069,0.6952555863275697,0.7061265711103756,0.03385453848495236,0.4506899590650613,0.8936255063248537,95,0.6864309210526316,0.9154187133101713
293,3,1.0,0.00013427613877709522,0.8339,0.00039999999999995595,11,0.125,0.06275760037655395,0.0014827785756080533,0.06750049991631697,-0.10159172005760558,0.42656664394271265,0.031744330837832915,0.39868116009032234,0.47603076724930765,0.8591588914367766,0.041191521385602725,1.0792123389565944,-0.6185462353045985,95,0.7539884868421053,0.9544091181763648
293,3,1.0,0.00013427613877709522,0.8339,0.00039999999999995595,10,0.125,0.06552042632144439,0.0015480560733873998,0.05945644218862358,0.44706034322734833,0.6028069215819789,0.04485981879212252,0.6303918873674248,-0.35801624117806763,0.9444467155159701,0.045280561567232674,0.7568416119420637,0.7084904748047103,95,0.6971628289473685,0.9228546151577706
293,3,1.0,0.00013427613877709522,0.8339,0.00039999999999995595,4,0.125,0.07848499408638354,0.0018543708975445774,0.06815912644814916,0.6230781084421199,0.37755500415567017,0.02809697178996156,0.32304801706690883,0.8330391752006225,1.0470174391531428,0.05019821323603142,0.760535338780962,0.9445544393336314,95,0.6614309210526316,0.8994778067885117
293,3,1.0,0.00013427613877709522,0.8339,0.00039999999999995595,16,0.125,0.06819404623653562,0.0016112258935467023,0.06720976795196389,0.1920664369655248,0.3277920462530026,0.02439370098441873,0.28809638186623976,0.6516432743691812,0.5677123644600236,0.02721840655390225,0.5370719905531258,0.3695235351679712,95,0.6896792763157895,0.9150420318368807
293,3,1.0,0.00013427613877709522,0.8339,0.00039999999999995595,18,0.125,0.06179441413944753,0.001460021301459064,0.0691919773417455,-0.25052113147939764,0.42327288133771107,0.03149921488392702,0.4091854379860356,0.2839101690861169,0.9560995540390105,0.04583924535903059,1.2024042019584045,-0.7328122990084169,95,0.7394325657894737,0.9499527331368515
293,3,1.0,0.00013427613877709522,0.8339,0.00039999999999995595,6,0.125,0.06915848630119714,0.001634012791974266,0.05981303512556395,0.591287026643867,0.20316752378284197,0.015119365712364444,0.19929123617348646,0.22393346008370876,0.951618746231687,0.045624417470429585,0.6799906814224729,0.9129682682723067,95,0.6392269736842106,0.8993953428534671
293,3,1.0,0.00013427613877709522,0.8339,0.00039999999999995595,9,0.125,0.05004485010475595,0.0011824134624269587,0.04966446468527839,0.21232329329898073,0.41772087118744483,0.031086044164819582,0.45620230428871567,-0.509827066814822,0.6366144823383285,0.03052185029450209,0.5338482112913385,0.5481112596520937,95,0.7017269736842106,0.9185515059181999
294,3,1.0,0.00010000000000000002,0.8338,-9.999999999998899e-05,18,0.125,0.052832688385094154,0.0012482876525897206,0.05260448052202307,0.15485562917613943,0.3203841784112309,0.023903741275567245,0.21009572345934288,0.8494427271153573,1.2167891980162369,0.05877877180469311,0.978068230139863,0.8873810711901098,95,0.7394325657894737,0.9477840182394484
294,3,1.0,0.00010000000000000002,0.8338,-9.999999999998899e-05,11,0.125,0.05236213601182292,0.0012371698250589719,0.050850819580725744,0.24177374068462348,0.4037707429114136,0.030125181028164267,0.27602077733029273,0.9120618753798088,1.0873086999648536,0.05252402804091858,0.862907703486147,0.8505421784283924,95,0.7463815789473685,0.9524019391802556
294,3,1.0,0.00010000000000000002,0.8338,-9.999999999998899e-05,2,0.125,0.043061802043003916,0.00101742912260566,0.0434623459444581,0.14370484050117724,0.11693895970216317,0.008724771153232782,0.23826447504816972,-0.6196799155898999,0.5101445405589695,0.02464327394244796,0.707723352217061,-0.5736172263992912,95,0.6863075657894737,0.9154634234018333
294,3,1.0,0.00010000000000000002,0.8338,-9.999999999998899e-05,16,0.125,0.054354806211964694,0.001284251010638433,0.048870112973941934,0.4890716047499582,0.26469281974009673,0.019748630259907477,0.15034681306681705,0.8865983802564648,0.5474234650393126,0.02644408660476191,0.34923926330968824,0.837102241684044,95,0.6891858552631579,0.9095519360420022
294,3,1.0,0.00010000000000000002,0.8338,-9.999999999998899e-05,4,0.125,0.056498870753690554,0.0013349092181913717,0.05654226717237164,0.12740291039829965,0.3324725170790272,0.02480564761001659,0.2796370444576301,0.5516304141557283,0.790540220929521,0.038188195066330574,1.0152312420629,-0.7450613986279102,95,0.6592927631578948,0.902956218036672
294,3,1.0,0.00010000000000000002,0.8338,-9.999999999998899e-05,12,0.125,0.036161242365173145,0.000854388329015741,0.03369772734567084,0.36521696683731114,0.22530831682031693,0.01681016752829015,0.09912897519708638,0.9434125343477141,0.4852112786752625,0.023438836466344138,0.2784941483060737,0.8710630271033062,95,0.7161595394736842,0.9286329448240225
294,3,1.0,0.00010000000000000002,0.8338,-9.999999999998899e-05,8,0.125,0.045370244057415264,0.0010719711069602177,0.03890225282783445,0.5701468372834068,0.2668081457639768,0.01990645392722791,0.15933106935479566,0.8584926375490357,0.6694179637262279,0.03233720828223627,0.4399337914541044,0.890675748039304,95,0.6903371710526316,0.9120852939424623
294,3,1.0,0.00010000000000000002,0.8338,-9.999999999998899e-05,6,0.125,0.04755686241722417,0.0011236347414052433,0.04415717925361063,0.3774208802076549,0.30016137998588294,0.02239492600315078,0.4301649748596311,-0.8273219202734747,0.609775899031784,0.029456111608834764,0.8102072911025406,-0.6093665347864317,95,0.6401315789473684,0.9006294964028777
295,3,1.0,0.00010000000000000002,0.8315,-0.0022999999999999687,9,0.125,0.037720870295010596,0.0008912410077881819,0.03199770318869328,0.530787384625659,0.5640604137786417,0.04213685658760529,0.23752780025450942,0.9942095417315321,0.8967443413298288,0.043209893984769085,0.5308274074922348,0.9056876661227513,95,0.6972861842105263,0.9180917561033141
295,3,1.0,0.00010000000000000002,0.8315,-0.0022999999999999687,4,0.125,0.05495036936147774,0.0012983269522955343,0.05141322989041067,0.35324750031922286,0.2818411885580425,0.021054308107164927,0.5007784579673346,-0.3305464781236134,1.0562767285225263,0.05089700972113497,0.9856860139065804,0.3635592625604715,95,0.662828947368421,0.9000620347394541
295,3,1.0,0.00010000000000000002,0.8315,-0.0022999999999999687,11,0.125,0.0516776496479186,0.0012210015355458971,0.049753471275001224,0.2817317193270819,0.21769529874190252,0.016262434588227036,0.4970993665050523,-0.6247385058837662,0.6240165262193775,0.030068422737630354,0.8348329536932616,-0.20398869670545194,95,0.7511513157894737,0.9527041821764834
295,3,1.0,0.00010000000000000002,0.8315,-0.0022999999999999687,18,0.125,0.05434716734118619,0.0012840749381648948,0.05687748400148253,0.032882626511144465,0.23245115621993478,0.017364737524562846,0.48674229963697474,-0.4757414437449804,1.02090366079602,0.04919254788520997,1.285561948023541,-0.4605178505437958,95,0.7395559210526316,0.9484043144668075
295,3,1.0,0.00010000000000000002,0.8315,-0.0022999999999999687,17,0.125,0.049880122097289176,0.0011785308753193252,0.04178297266878614,0.5857817812930137,0.6027491740221708,0.045027012858301484,0.28589102532082333,0.980066721297741,0.6781783453098863,0.032678226171073306,0.3510673480716072,0.8876212481930633,95,0.7020559210526316,0.9132599273749561
295,3,1.0,0.00010000000000000002,0.8315,-0.0022999999999999687,10,0.125,0.04967145612051222,0.0011736006689381008,0.051092879404081075,0.11054067906096815,0.7670621644923018,0.05730164292591966,0.4536261175651908,0.9690151907416826,1.086006291757069,0.052329537607146565,0.8000167645960031,0.7655808383168055,95,0.6961348684210527,0.9213821618428825
295,3,1.0,0.00010000000000000002,0.8315,-0.0022999999999999687,3,0.125,0.05672230599336689,0.0013401929690971287,0.04821977088401457,0.586018278744524,0.29649697367232053,0.022149135364057736,0.20242934876564508,0.7974205000600396,0.6687961628921468,0.032226142908395455,0.8334999412992861,-0.08858025869449865,95,0.7041529605263158,0.9352992700729927
295,3,1.0,0.00010000000000000002,0.8315,-0.0022999999999999687,1,0.125,0.04975325604958705,0.0011755333775594948,0.04325104383859624,0.5132278505325394,0.8877473549644279,0.06631715693638782,0.5743072524768392,0.9659709570166761,1.7954058957015797,0.08651216945272078,1.4282341190929064,0.8692774241339157,95,0.6162006578947369,0.882957426931803
296,3,1.0,0.00010000000000000002,0.8353,0.0038000000000000256,9,0.125,0.03664640368274797,0.0008658578574560178,0.030548191003031,0.5524785215989274,0.20486210141653274,0.015229730090857825,0.2988609148580835,-0.7032498049790608,0.471558937364216,0.022643145175987343,0.6592346537816964,-0.40418411021481665,95,0.6986019736842105,0.9175985874043555
296,3,1.0,0.00010000000000000002,0.8353,0.0038000000000000256,19,0.125,0.05593709894086691,0.0013216461036815294,0.05384749016229326,0.2807796550099007,0.372379486301623,0.02768320264476369,0.47176023945164075,-0.8066065580460321,1.195950454444821,0.05742671300992943,1.3994357963237947,-0.5882384926999268,95,0.6452713815789474,0.9262091378321544
296,3,1.0,0.00010000000000000002,0.8353,0.0038000000000000256,5,0.125,0.05244118607428316,0.0012390469037513562,0.04826229058352063,0.39138766029448796,0.26814737353633283,0.019934444171435264,0.2834589886671946,0.0832592389242452,0.556021269463586,0.026698826653086243,0.5045469956065727,0.43633746698802744,95,0.7130756578947368,0.9317264444700727
296,3,1.0,0.00010000000000000002,0.8353,0.0038000000000000256,12,0.125,0.03553430667454528,0.0008395819385106907,0.042675300076042866,-0.11618288504596141,0.3157263653505501,0.023471531794354596,0.23422436892721304,0.792332979326955,0.5473477099215326,0.02628234283241889,0.4366353678885697,0.6044654747222992,95,0.7164884868421053,0.9260832137733142
296,3,1.0,0.00010000000000000002,0.8353,0.0038000000000000256,0,0.125,0.054217579756835194,0.0012810184009080339,0.04702460725269484,0.5212947299344243,0.910052075484597,0.06765452166320925,0.8157750263793108,0.8289253623793729,1.5802419035399522,0.07587947974231099,1.293636955984427,0.9437239386074299,95,0.7325657894736842,0.9566681634485855
296,3,1.0,0.00010000000000000002,0.8353,0.0038000000000000256,7,0.125,0.050482157058547555,0.0011927602154055217,0.03920696618888567,0.7010056328309433,0.3640486983537581,0.02706388042258173,0.2783198578458457,0.8075569002823647,0.945103906017244,0.04538165487851295,0.7009215433533252,0.8534130207734288,95,0.7543996710526316,0.9372104431242165
296,3,1.0,0.00010000000000000002,0.8353,0.0038000000000000256,17,0.125,0.04519966741442906,0.0010679489186439983,0.04164790074695881,0.3915101113566946,0.24927353823733014,0.018531337323484526,0.3278181217202303,-0.5432631067135066,0.30500125199043204,0.014645438948266924,0.4008602710625246,0.144638859264657,95,0.6997121710526316,0.9203737439031556
296,3,1.0,0.00010000000000000002,0.8353,0.0038000000000000256,3,0.125,0.051088820426390215,0.0012070940706024667,0.044761229779292255,0.4932364801979062,0.2406694660073515,0.017891698772289598,0.16179931264959438,0.806992506360289,0.7298703812487397,0.03504664993657811,0.5959555556115437,0.6059271772328277,95,0.7081825657894737,0.9363061023050572
297,3,1.0,0.00010000000000000002,0.8363,0.0010000000000000009,13,0.125,0.05150749194819772,0.001216990218613511,0.0444648353306852,0.520493861570819,0.23505092716057724,0.017461693413747224,0.3008780539407931,-0.6696985142357514,0.7036186368565911,0.03368312350201979,0.813820882118821,-0.10144975984945291,95,0.7064144736842105,0.9250291036088475
297,3,1.0,0.00010000000000000002,0.8363,0.0010000000000000009,5,0.125,0.052517942781995466,0.0012408645859066899,0.042141102905858714,0.6544155411997159,0.3209734244648382,0.023844788019647446,0.37308805431607545,-0.5062787135864039,0.602505422088891,0.02884270466956517,0.4648521256779848,0.6399719072707144,95,0.7191611842105263,0.9355631789594053
297,3,1.0,0.00010000000000000002,0.8363,0.0010000000000000009,3,0.125,0.04922886474704508,0.0011631520892311218,0.04191959148985443,0.5397383259505361,0.15585983980539778,0.011578668380824301,0.18002654593247325,-0.015890253479544307,0.6269658874069787,0.030013658409373433,0.38019546760835965,0.8507536560864069,95,0.7073190789473685,0.9357051505638879
297,3,1.0,0.00010000000000000002,0.8363,0.0010000000000000009,16,0.125,0.0556404175429166,0.0013146406735820586,0.05141625074131818,0.3826415560432241,0.31782613307693125,0.02361097895552998,0.24109717683683524,0.9075991453628977,0.508139136736067,0.024325269972033343,0.5045972647714504,0.348495710129728,95,0.6825657894736842,0.9133734939759036
297,3,1.0,0.00010000000000000002,0.8363,0.0010000000000000009,15,0.125,0.04470671858324164,0.0010563053482943994,0.04652437699101427,0.13511165991076976,0.6966130964628137,0.05175067575940593,0.7618558562391954,-0.7162697182522457,1.3279072843252648,0.06356861901353518,1.4425487733496847,-0.2184888335781343,95,0.645764802631579,0.8637376631645972
297,3,1.0,0.00010000000000000002,0.8363,0.0010000000000000009,14,0.125,0.053304892330689614,0.0012594581898093277,0.057041120996466715,-0.0007612625583576952,0.7178396286035583,0.05332757316183787,0.6484444283013152,0.8144870150433164,1.24236747511561,0.059473719010857656,1.0956158801508002,0.5400572329441712,95,0.6939555921052631,0.937725899152693
297,3,1.0,0.00010000000000000002,0.8363,0.0010000000000000009,11,0.125,0.04948137985623862,0.001169118375033772,0.03890182505134354,0.6710356201652983,0.4084510036812524,0.030343408073208355,0.3427761126580196,0.7963207846959954,0.7287124707422197,0.03488439740471926,0.536168599842745,0.7220012313695017,95,0.7534128289473684,0.9537739453146319
297,3,1.0,0.00010000000000000002,0.8363,0.0010000000000000009,18,0.125,0.05236603179709973,0.001237275318098737,0.050898887993165845,0.26487199780674636,0.3683401356695785,0.027363612638065728,0.2941504604433002,0.8801443238372754,0.9800156393735641,0.04691460129936641,0.7183824727947071,0.8349213442850113,95,0.7365131578947368,0.9456230460026798
298,3,1.0,0.00010000000000000002,0.836,-0.000300000000000078,1,0.125,0.0509022534611703,0.0012026936582739342,0.04928507529266919,0.25007481076147264,0.7673661387647881,0.05711647226713047,0.798655309617103,-0.5561153409967342,1.890505101187861,0.09012730241072538,1.813186244422472,0.4675591235272507,95,0.6155838815789474,0.8837085031060049
298,3,1.0,0.00010000000000000002,0.836,-0.000300000000000078,8,0.125,0.044058396653836214,0.0010409903421998337,0.04111190986269646,0.36900523092624626,0.29044559681920645,0.021618399663213793,0.24543552847749,0.8619586520341573,0.4109460836645444,0.019591304955308447,0.4187971530447411,0.17554702427491925,95,0.6944901315789473,0.9155121373593843
298,3,1.0,0.00010000000000000002,0.836,-0.000300000000000078,16,0.125,0.05274631999732643,0.0012462643644345563,0.048390523139357246,0.45082442183523774,0.2683640842739594,0.019974832094625153,0.2271110787868027,0.8058937089058793,0.5395832218754821,0.02572390848518138,0.42310922770474924,0.743141234602063,95,0.6902549342105263,0.9151128849705129
298,3,1.0,0.00010000000000000002,0.836,-0.000300000000000078,14,0.125,0.0524098285900675,0.0012383139093160476,0.05232991276269195,0.12656535230025376,0.6778195357863561,0.0504513540044636,0.6407066894367156,0.708351969270758,1.0277505929206425,0.04899663504359753,1.0401193474362755,0.01878277015127362,95,0.6893914473684211,0.938685434808541
298,3,1.0,0.00010000000000000002,0.836,-0.000300000000000078,7,0.125,0.04513776985153612,0.0010664932465216394,0.045198389418158784,0.13478526658746232,0.17360028396660698,0.012921388244606851,0.15725505315169605,0.44398179998979925,0.31989972000810973,0.015250791329873408,0.4153648245515619,-0.3262179105332469,95,0.75859375,0.9396173234321643
298,3,1.0,0.00010000000000000002,0.836,-0.000300000000000078,3,0.125,0.04288300959651917,0.001013218869156291,0.03767081762089076,0.5353929821267981,0.15389962901732127,0.011455032283335945,0.1889767083852828,-0.5482466926317837,0.3006164216213956,0.01433148586802428,0.3657935187558183,-0.10043583405172922,95,0.7095394736842106,0.9374710245711636
298,3,1.0,0.00010000000000000002,0.836,-0.000300000000000078,5,0.125,0.046368954828516676,0.0010955830856405736,0.04433370959738113,0.2938451409650973,0.34855821793700054,0.025943828874603767,0.3881106677373175,-0.6966276728503455,0.4461924114100878,0.021271626493501675,0.5373375110256886,-0.35471736260941455,95,0.7195723684210527,0.9361714285714285
298,3,1.0,0.00010000000000000002,0.836,-0.000300000000000078,12,0.125,0.04112450109981585,0.0009716696866899537,0.04337668293932103,-0.030383005315577097,0.19714190263542633,0.014673634195914236,0.15581953045300276,0.8220386978854223,0.529928015296363,0.025263609424021734,0.42851243358288627,0.6786027858346546,95,0.7084703947368421,0.9209518282066164
299,3,1.0,0.00010000000000000002,0.8343,-0.0016999999999999238,13,0.125,0.0489416773737757,0.0011563742828015686,0.04322918067815529,0.4954759905965787,0.2949286663249716,0.021979941521185174,0.13427622809537837,0.9391981352865625,0.6705271933814542,0.03216002581466851,0.3590354564303227,0.8655252799122233,95,0.7120476973684211,0.928567303805509
299,3,1.0,0.00010000000000000002,0.8343,-0.0016999999999999238,8,0.125,0.04209867966141051,0.0009946906831281108,0.041306900163711295,0.24266538936254603,0.23491631968665636,0.017507443523293618,0.41479159808935046,-0.9154093433478492,0.29512996364021943,0.014155111594336352,0.6902539065500214,-0.686642301599412,95,0.6952302631578947,0.9169032410693163
299,3,1.0,0.00010000000000000002,0.8343,-0.0016999999999999238,11,0.125,0.04250780989779598,0.0010043574479195888,0.044695765929788474,0.056194229422065464,0.35865085946303404,0.026728920642912855,0.523069919003383,-0.8070974930087625,0.7518829837212008,0.03606203656579784,1.1381806010519622,-0.7693247371430904,95,0.7595805921052632,0.9551236940399502
299,3,1.0,0.00010000000000000002,0.8343,-0.0016999999999999238,1,0.125,0.04965312493566882,0.0011731840798555597,0.041430408511890386,0.6248957007573855,0.8052398100036763,0.06001154162108141,0.6299019840301411,0.9447246127771954,1.8666097460947453,0.08952689497585885,1.4561212813496665,0.9272396087607905,95,0.6204769736842105,0.8803843605036448
299,3,1.0,0.00010000000000000002,0.8343,-0.0016999999999999238,3,0.125,0.040474578464336504,0.000956317072787368,0.03969085698857582,0.2499846182362874,0.23849112070071352,0.017773860207090205,0.20351185834929397,0.5675361498604847,0.569726746667946,0.02732540463832443,0.8912878390566685,-0.5114247752693792,95,0.7141858552631579,0.9352870055846624
299,3,1.0,0.00010000000000000002,0.8343,-0.0016999999999999238,2,0.125,0.05676940428794395,0.0013413246682819821,0.05288012006756749,0.3734375066286,0.1884753974266987,0.0140463735358173,0.15797716975952636,0.6493752247745773,0.7817325670383013,0.037493691209353724,0.4970482999516517,0.8035495583280631,95,0.6796463815789474,0.9160263778812995
299,3,1.0,0.00010000000000000002,0.8343,-0.0016999999999999238,6,0.125,0.05904483534737126,0.0013950876388339388,0.05297929613348115,0.48964449727267306,0.32906880290760776,0.024524279496066125,0.16538526471213355,0.9381688025928588,1.0558762852068695,0.0506422542210477,0.6739660670218203,0.9046816575393678,95,0.6332648026315789,0.897733913382248
299,3,1.0,0.00010000000000000002,0.8343,-0.0016999999999999238,9,0.125,0.03638493441286814,0.0008596886068111602,0.038599617328642824,0.08636455501192729,0.42444253776816576,0.03163213083182687,0.246217430961865,0.9681369223595216,0.9132983132059443,0.043803886880523876,0.5563378484746724,0.8816516944222968,95,0.6980674342105263,0.9158272957530776
300,3,1.0,0.00010000000000000002,0.834,-0.000300000000000078,15,0.125,0.04577591344532413,0.0010815787368334117,0.04210925893193716,0.41912042588076376,0.6991311807810121,0.05199271391558199,0.6208614420091714,0.9371367017214658,1.0034557761105671,0.04832939626355192,1.0525092974869914,-0.1651568376475375,95,0.6552631578947369,0.8646460843373494
300,3,1.0,0.00010000000000000002,0.834,-0.000300000000000078,17,0.125,0.046904979413816605,0.0011082559487575884,0.04726344176153434,0.10335629337773851,0.3184365475103679,0.023681364485098142,0.2532800399029169,0.8264464870116093,0.46716350938224765,0.02249997548702978,0.3624621702828754,0.6890017087466387,95,0.7035361842105263,0.9130917592051432
300,3,1.0,0.00010000000000000002,0.834,-0.000300000000000078,11,0.125,0.045625922804287296,0.0010780348056289974,0.042736636023445705,0.3614099333546255,0.5167277882733812,0.03842780983951645,0.5865281256979316,-0.8027696882422338,1.022634681344923,0.04925310903001285,0.9126356749436421,0.6348399386641318,95,0.7618832236842106,0.9540719952506881
300,3,1.0,0.00010000000000000002,0.834,-0.000300000000000078,1,0.125,0.0445565660096378,0.0010527683830908062,0.03986677092063021,0.497192291832566,0.6267766643052283,0.04661188156388628,0.5546815288043897,0.8736035801128365,1.3974996346924518,0.0673077132357635,1.46114531852863,-0.26930940771736195,95,0.6263157894736842,0.8813025210084033
300,3,1.0,0.00010000000000000002,0.834,-0.000300000000000078,16,0.125,0.05101597842834415,0.0012053893271349954,0.04996380832222547,0.2055530308604629,0.42706235314870794,0.03175960586763042,0.4961609895461871,-0.7877156180690444,0.8294031702516673,0.03994650828829578,0.813940300573386,0.19562272747450593,95,0.6883634868421052,0.9159548414073233
300,3,1.0,0.00010000000000000002,0.834,-0.000300000000000078,8,0.125,0.043188535066132655,0.0010204449826720985,0.040660015854413194,0.34143550204466244,0.3639541307030152,0.02706639829008487,0.4228374037019259,-0.6395662591029156,0.6719948723124936,0.032365259380884706,0.5754184313701364,0.6088963321299442,95,0.6978618421052631,0.9168630685835494
300,3,1.0,0.00010000000000000002,0.834,-0.000300000000000078,9,0.125,0.036453878926821004,0.0008613206674606863,0.03986140510804441,-0.11701867827067913,0.2820259506424909,0.020973595473376606,0.23397146831917362,0.6710918928549738,0.49155245672754827,0.023674619281767433,0.550465234266056,-0.1286058530758236,95,0.6982319078947369,0.9147871150108945
300,3,1.0,0.00010000000000000002,0.834,-0.000300000000000078,3,0.125,0.041403405506060295,0.0009782665086811165,0.038459773915394464,0.37860254644882085,0.19501230289746602,0.01450259858706354,0.21127456058689112,0.015006983659834534,0.8735929291647064,0.04207481769678512,0.7537867126762302,0.6899014096727702,95,0.7148026315789474,0.9367809479981593
