round,phase,gate,lr,acc,delta_acc,params_global_norm,params_global_relative,params_local_mean_norm,params_local_rms_norm,params_disagreement_rms,params_disagreement_relative,params_retained_ratio,bn_mean_global_norm,bn_mean_global_relative,bn_mean_local_mean_norm,bn_mean_local_rms_norm,bn_mean_disagreement_rms,bn_mean_disagreement_relative,bn_mean_retained_ratio,bn_var_global_norm,bn_var_global_relative,bn_var_local_mean_norm,bn_var_local_rms_norm,bn_var_disagreement_rms,bn_var_disagreement_relative,bn_var_retained_ratio
1,1,0.0,0.14999588770241343,0.1,nan,7.361869096604793,0.13140343816776673,14.687864487155078,14.697918620245416,12.72130868128933,0.8655176974355107,0.5012212022410024,32.632877048694496,nan,46.40153992503203,46.55088693039156,33.197595468084366,0.7131463578282702,0.7032714237807048,143.01647955626714,4.3345493422912815,177.39484034035428,197.96831839582995,136.88586690745132,0.6914534003049586,0.8062042801350483
2,1,0.0,0.14998355126061338,0.2229,0.12289999999999998,6.318991411306708,0.11345686817798199,12.215650335264177,12.234425266562289,10.47623539606102,0.8562915844272186,0.5172865330849414,13.84975680462207,0.4244111478113187,27.648904478858803,27.88811608945788,24.20601665751879,0.8679688717542675,0.5009152104095849,75.02043610785925,0.4390420455525032,101.47562977005343,103.98687856310465,72.00836988257093,0.6924755399679826,0.7392951024581728
3,1,0.0,0.14996299202742988,0.3347,0.11180000000000001,6.060217820074643,0.10870521964635041,11.829645358758963,11.848468269012649,10.181353481858622,0.8592970205681321,0.5122907438292312,16.25214224286403,0.45047542417177405,28.092744707833518,28.27829686037275,23.141519625862195,0.8183491297275092,0.5785174219140006,42.90813249529765,0.3420091258436263,63.00650112079654,64.1232606914483,47.65170152316315,0.7431266128598191,0.681011193004256
4,1,0.0,0.14993421225741435,0.3128,-0.021899999999999975,6.1561715495927665,0.1100760841860879,11.617600288433986,11.632902145297086,9.870459074274986,0.8484949800996465,0.5299004438740763,14.04109492723726,0.350737276312811,25.416304739372528,25.55766191704916,21.35513355283752,0.8355667909744047,0.5524443884041935,39.67270029932663,0.30952849181918723,59.595386266599604,62.47654533721736,48.263811242010455,0.7725108835884951,0.6657008668733355
5,1,0.0,0.149897215106593,0.2616,-0.05120000000000002,6.246587082828205,0.11124146079538061,11.903633036353726,12.040275738722485,10.293123338917736,0.854890997704831,0.5247630755880253,18.721290124708908,0.4575166133525494,29.959175589453388,30.80211526374925,24.45983613413914,0.7940959873923242,0.6248933676031931,91.56415997879655,0.7179640367777322,122.65738635698905,151.89053964639257,121.18885921233704,0.7978696994195273,0.746503432840995
6,1,0.0,0.14985200463212037,0.4375,0.1759,5.371549955924095,0.09538061902075091,10.842456689022308,10.866114683364206,9.44557559985344,0.8692689038442064,0.4954181612145745,13.382352775702108,0.3058958920457856,22.328431658873193,22.492614937863994,18.078450166614974,0.8037504850617333,0.5993413679990388,90.28593718745292,0.5056196753425048,95.73672124749721,95.81413983988428,32.07489960193853,0.33476165058246243,0.9430648554805526
7,1,0.0,0.14979858579183433,0.3511,-0.08639999999999998,5.272194874679094,0.09326004462524301,10.766447625890564,10.861724421390678,9.496368643068443,0.8742965918345936,0.48968750491116575,12.079325238353753,0.29134254027245493,21.444514315160514,21.75437956378715,18.09262073437555,0.8316771655714306,0.5632827613080562,27.4999802607737,0.22195588686630036,40.72844886418275,41.79214081402599,31.469574172038076,0.7530022046986518,0.675203230854137
8,1,0.0,0.1497369644437128,0.4971,0.14599999999999996,4.854190883587747,0.08560526530036612,10.48439550984355,10.521041507901442,9.334299329388374,0.8872029753307399,0.46299196544333554,11.192047655738632,0.27075375480393016,20.14423018426731,20.432016075295117,17.094014962043023,0.8366288915909694,0.5555956992826485,24.08106579084898,0.1958258337225979,37.003391999404954,37.821883289150115,29.16499857825674,0.7711143930958944,0.6507799552872403
9,1,0.0,0.14966714734523098,0.3836,-0.11349999999999999,4.567619962953214,0.08030451224526551,9.966520923434826,10.01175355624098,8.909099643806831,0.8898640576558348,0.45829633008777604,8.98612522207891,0.21282779424560985,17.39032842302419,17.503861305915862,15.021142226074009,0.8581616343701971,0.516731196990023,17.845676678188916,0.14766840544100654,29.231436117822327,29.615567327152156,23.635009210521925,0.7980603224457857,0.6104960634249665
10,1,0.0,0.1495891421526205,0.479,0.09539999999999998,3.960917074415561,0.06950854576123011,9.288079018491384,9.372228283948306,8.494103729576116,0.9063056801682752,0.42645169862679666,6.946152531615935,0.16657524426850817,14.681592739856121,14.850277340612037,13.125612510979986,0.8838631232215781,0.4731198211730267,15.324673456693912,0.12874928258248908,24.512002723421475,24.770355890969423,19.460856432561542,0.785651062835816,0.6251905904877787
11,1,0.0,0.14950295742002973,0.5396,0.06059999999999999,4.149821438320959,0.07273108085165324,9.590161146109232,9.66669703134803,8.730636460049984,0.903166451967771,0.4327165492943316,7.106540519995807,0.1732827335531144,14.748455472384217,14.96422993174605,13.169102467862848,0.880038767643171,0.481849813582342,12.534354769577819,0.10886787692177581,21.63266595411931,21.84510333355919,17.891295714154136,0.8190071450323112,0.579417941189584
12,1,0.0,0.14940860259858588,0.4563,-0.08329999999999999,3.8841198658023184,0.06803802007261935,9.170349720579175,9.197361633325574,8.33697026279369,0.9064523713611135,0.4235519891990562,6.379105578560207,0.15682888183644797,13.64100901661982,13.716205711295952,12.14254136403331,0.885269703561922,0.4676417683463214,11.114866454833875,0.09639367150541954,19.127997336659842,19.168106389693012,15.616531036932193,0.8147143342927939,0.5810784191992557
13,1,0.0,0.14930608803535828,0.5495,0.0932,3.6860508615600245,0.06453503370017133,8.927000927671097,9.017839557584523,8.230094721936604,0.9126459468903081,0.4129103258110283,5.963327910439345,0.14942830801341253,13.065748245897524,13.233397327497919,11.813615976096099,0.8927122554952968,0.45640921577619964,10.333932745574439,0.09012343450842644,18.95328707487567,19.192203508174767,16.172522599014,0.8426610624530654,0.5452316901416545
14,1,0.0,0.14919542497222413,0.531,-0.01849999999999996,3.478566508421851,0.06091682828708432,8.855399604643429,8.882678558338307,8.173221714062,0.9201303030817963,0.392818694099115,4.850007220474947,0.12093832373822856,11.536722495039376,11.600018680312022,10.53745060487253,0.9083994513523568,0.42039732017133813,9.532354491496719,0.08287740812918738,16.862322546475596,16.954318294423455,14.020811089231001,0.8269758090977134,0.5653049551877467
15,1,0.0,0.14907662554463533,0.5453,0.01429999999999998,3.45856415386187,0.06059043086119411,8.749431366770317,8.781080078034346,8.071288680394572,0.91916809876096,0.39529016331246813,5.008504732179977,0.12811284957594485,11.385446269599475,11.44944291356834,10.29585469084816,0.8992450347646955,0.4399041208910092,9.214565334693042,0.08151673228188908,16.520556132476944,16.705269364741387,13.934051891497706,0.834111176974333,0.5577636285850319
16,1,0.0,0.14894970278028788,0.611,0.06569999999999998,3.3044341103266315,0.05789176446015393,8.49833932047496,8.597827118200199,7.937464728941924,0.9231942698800729,0.3888329220233997,4.211816088350536,0.10816989345046969,10.25231361814886,10.346550798593688,9.450487866954274,0.9133950096914223,0.4108161577202136,8.908930815262176,0.07753032122363454,14.990222580673247,15.011409269811477,12.08194352860639,0.8048507179738044,0.5943161128740261
17,1,0.0,0.14881467059769313,0.4937,-0.11729999999999996,3.913049629217983,0.06859285754666161,9.261610962046797,9.290970352685074,8.426753365716186,0.9069831294080999,0.4225020512363658,4.622635890496526,0.12181767152296627,10.565272924652321,10.613778996534709,9.554242076461605,0.9001734518479204,0.43753113842524294,6.551159968927703,0.05744915878190383,14.163034843007177,14.192618191169313,12.59018306300228,0.8870937619413962,0.46255340338742845
18,1,0.0,0.14867154380465167,0.4727,-0.02100000000000002,4.610993327388905,0.08077792905843371,9.6923593334242,9.794721948209565,8.641488175854093,0.8822596722547822,0.4757348720540981,6.4573667886628625,0.16951313947913485,12.467844297680188,12.720738938518243,10.959909307613053,0.8615780388689984,0.5179216739067188,11.986204977216172,0.10320469460196481,18.702130126101462,19.619830798499358,15.53282231331015,0.7916899219384804,0.6409005229028821
19,1,0.0,0.14852033809662912,0.5921,0.11939999999999995,3.4458775192817943,0.06036941886464311,8.36019021852554,8.408210392585094,7.669676004231136,0.9121650917530268,0.41217692770267284,4.661727464236774,0.12056376661762133,9.899513196712562,9.976794780020125,8.820699030772177,0.8841215265284212,0.47090471739406786,9.413202665407859,0.0768081605078715,14.64131260946802,14.663460940513414,11.243163396743778,0.7667469120936002,0.6429206804395853
20,1,0.0,0.14836107005503543,0.5541,-0.03799999999999992,3.4970590021537697,0.061303776054200954,8.703607537079996,8.737787878711213,8.007466210105623,0.9164180134900105,0.40179419709071695,4.098694602427855,0.10842314752653343,9.669529010178454,9.711683829846907,8.804402656151707,0.9065783864475846,0.42387737790676655,6.373475305087263,0.05352515801472209,12.34061742510207,12.365430414954139,10.59635261665322,0.856933585088839,0.516463243737138
21,1,0.0,0.14819375714540606,0.6159,0.061799999999999966,3.4383844385432902,0.06031565486671374,8.682498390003905,8.713015949200756,8.005882803808642,0.9188417478500107,0.39601325380052776,4.16549295934449,0.11129227623616675,9.428610354050646,9.475504497606467,8.510808068312059,0.8981904942857563,0.44179288388505134,5.015479279458145,0.0420558446150537,12.242194155565837,12.32783681381072,11.261461241795459,0.9134985652291719,0.4096879379402661
22,1,0.0,0.14801841771548704,0.531,-0.08489999999999998,3.4203350961271,0.060093267235833026,8.387112092649623,8.425393528025726,7.699906734428365,0.9138928299094701,0.407808439704132,3.8004738492379055,0.10131366541938983,8.764235126975283,8.796894733517775,7.933584046766621,0.9018618827548565,0.4336344009690583,6.266085642387504,0.052139218915986024,11.97390514147188,12.021123989372022,10.258830595559383,0.8534002814237089,0.5233117824430378
23,1,0.0,0.1478350709932227,0.5876,0.056599999999999984,3.5545268200307585,0.062494934207997746,8.824403041443164,8.87534816037406,8.132474648835618,0.9162992258878178,0.40280649051694295,3.897814548769173,0.10498014729201265,9.138294833470603,9.220268708819772,8.35586004417907,0.9062490810258229,0.4265363089941841,5.435407626969624,0.045499769398755927,12.862576709598198,12.95061168293366,11.75477169675418,0.9076615054595946,0.4225753322748826
24,1,0.0,0.14764373708464731,0.617,0.02939999999999998,3.1273169222462216,0.05500354795572186,7.708588378854353,7.733985470786117,7.073501276904931,0.9145997627774116,0.40569255595808607,3.580843405460431,0.0972270716964741,7.746312132164644,7.776445437291775,6.902946165700546,0.8876737091985005,0.46226428064935116,6.085225915675934,0.050173943432441394,10.426146116821993,10.448373371428126,8.493440733439018,0.812895982131054,0.5836505500203731
25,1,0.0,0.1474444369716801,0.6458,0.028800000000000048,3.5506949119378857,0.06256925481121171,8.77379719668596,8.894654825001078,8.155209998831529,0.9168663831573183,0.4046930687295866,3.65671618365369,0.1015229567546945,8.562703229661608,8.684422171747421,7.877030837715515,0.9070299303667491,0.4270516080700605,5.234939516868431,0.04357184914734862,11.834772697184823,12.050029062670673,10.85350609470737,0.9007037276225361,0.4423354508628361
26,1,0.0,0.14723719250982437,0.6862,0.04039999999999999,2.8598743033622176,0.05046558477860516,7.661143495398497,7.667840294662506,7.114555068582225,0.9278434076847667,0.3732960105864014,3.080161000287818,0.08502391850836556,7.198099632208997,7.204196801062777,6.512531071554392,0.9039912777776491,0.4279130822953835,5.913784653193612,0.04844792865754947,10.302819622624556,10.382017110965464,8.533079679705637,0.8219096143362176,0.573996718355351
27,1,0.0,0.1470220264257707,0.6383,-0.047900000000000054,2.891966078985175,0.051141714962280475,7.894402956449072,7.901633669510872,7.353390171608248,0.9306164369504918,0.36633119628415706,3.036940889436764,0.08607187556639052,7.405366600504575,7.4137395473708665,6.763174162976502,0.9122486863427682,0.4101000062886607,4.1639492404168195,0.0350080605618526,9.343154491398572,9.400258687091931,8.427716437351318,0.8965409057225128,0.44566845643515846
28,1,0.0,0.14679896231490505,0.6379,-0.00039999999999995595,3.17891609984435,0.056363688183735355,8.027908475206992,8.059846477368586,7.406457832731572,0.9189328672113448,0.39598310190779606,3.147136924451527,0.09080358303739916,7.183566478162685,7.212277583500947,6.489412655695326,0.8997730024341726,0.43810229000016976,3.937600047408838,0.032988134027263624,9.16141391715195,9.231847658283481,8.34998958136383,0.9044765349731065,0.42980265743008117
29,1,0.0,0.14656802463872076,0.5659,-0.07200000000000006,3.4368317976386105,0.0610505849641089,8.45891529978026,8.533563468865776,7.810882953113714,0.9153131609803196,0.4062969867694372,3.2217376065810988,0.09257250325181277,7.657212047962783,7.70725133898036,7.001580523551319,0.9084406639420173,0.42074551238766444,4.363530808553167,0.03679080868936306,10.25089162232588,10.370656027812428,9.407980522428431,0.9071731332326272,0.4256732945112439
30,1,0.0,0.14632923872213652,0.614,0.04810000000000003,3.6792773684200233,0.0654188195364436,8.720142367530084,8.785028428682388,7.977445843839464,0.9080728546983146,0.4219285893909266,3.5399801476448167,0.10156363644907253,7.9098993263828214,7.981333660675084,7.153336786200256,0.896258331041282,0.4475379523273454,4.0921857490568145,0.03430783191445757,9.825353654021354,9.864988544117896,8.976191211553715,0.9099038657177017,0.4164924635951349
31,1,0.0,0.14608263075071892,0.5553,-0.058699999999999974,3.9120716532720063,0.06959256725126234,8.776306377335516,8.8297211267633,7.915786151808892,0.8964933363315147,0.4457537698746235,3.668805364715733,0.10526363243745811,7.907300724533383,7.982284367751749,7.089198093467415,0.8881164547466659,0.4639769616112877,4.022966579558493,0.0337863225137091,11.512122510128737,11.734422044450444,11.023266258475276,0.9393957552164665,0.3494548095730355
32,1,0.0,0.1458282277678111,0.609,0.05369999999999997,4.128792660214562,0.07352115302856929,9.05649463555142,9.117941795705919,8.129571534094767,0.8916016044238598,0.4558930167094582,3.481234037915435,0.09937752895033476,7.9290470147922125,7.981797198375169,7.182624573323392,0.8998756038033061,0.4390482275386866,5.400703792520225,0.04481223166324997,10.702204591377097,10.917385236469624,9.487976128456557,0.8690703793030851,0.5046346989919853
33,1,0.0,0.1455660576715669,0.6064,-0.0025999999999999357,3.284531605109805,0.058530125473443,7.865414612279528,7.931006061309524,7.218913308400956,0.9102140702700471,0.4175916677020403,3.2786004380709013,0.09331274480623401,6.759628025951521,6.780286159900942,5.934901851974845,0.8753173113952395,0.4850267537627395,5.383411087653903,0.04388571892247054,8.938802645862467,8.975340613327218,7.181618210624009,0.8001499352526228,0.6022519235443397
34,1,0.0,0.14529614921189185,0.6314,0.02499999999999991,3.418979006582479,0.06104302890734767,8.31515903705228,8.377232399078615,7.647784337069522,0.9129249342432804,0.41117421703512064,3.2000227927027214,0.09314491940845186,7.093450552917106,7.166620657219831,6.412511618577526,0.8947748074425291,0.4511235778455869,4.3826854973005105,0.03639188590214657,9.126714235306245,9.320997591545781,8.226365781325873,0.8825628051644656,0.48020408925989017
35,1,0.0,0.14501853198729012,0.6515,0.020100000000000007,2.880446098562574,0.05152586027588797,7.741405227862257,7.767514225810489,7.213688907356818,0.9286997999162488,0.37208310555756713,2.533793255400885,0.07353808573510477,6.45942056744567,6.486152912721107,5.970768039384966,0.9205407457592726,0.3922632423364337,4.616611071236239,0.03890524785094695,8.563973603848074,8.62735171614213,7.2882166869344465,0.8447802902596279,0.5390734820996931
36,1,0.0,0.14473323644161884,0.6626,0.011099999999999999,2.916243821422859,0.052274961992655626,7.880737671856265,7.94091077288619,7.386039934458379,0.9301250380091932,0.37004706194413317,2.594007641458771,0.07623520935302583,6.591683242796922,6.648934965418278,6.122047145322021,0.9207560574984341,0.3935273504371405,4.161199645033309,0.034592727900226605,8.78157577921733,8.889071660087804,7.8549351265230625,0.8836620320873274,0.47385568941752976
37,1,0.0,0.1444402938607496,0.6961,0.033500000000000085,2.9000420858604894,0.052075728092007265,7.722578118392105,7.745653582396326,7.182263249323478,0.9272636805816782,0.3755277112644214,2.6127637767517475,0.07730149988317496,6.375856819034804,6.393099636238892,5.834825460239697,0.9126755083192115,0.4097902212846862,3.531948521064304,0.029943700176276396,8.1298455846933,8.230275500206343,7.433893882144942,0.9032375504269043,0.43444226391140583
38,1,0.0,0.14413973636913754,0.687,-0.009099999999999997,2.767220769611531,0.049791149254676294,7.541355620046182,7.578081801875765,7.054772372999994,0.9309443415157859,0.36693943490157077,2.4476049132392435,0.07260025271296776,6.188911613601134,6.221648093681202,5.719976896165546,0.9193668317523196,0.39548228607114627,4.235517571916706,0.03597901157083906,8.406248620297797,8.517483727605525,7.389717785406944,0.8675940009672759,0.5038534741513105
39,1,0.0,0.14383159692629857,0.701,0.013999999999999901,2.6411495757190155,0.047642476883769616,7.440442008939656,7.460824270892862,6.977695034627226,0.9352445227599742,0.35497213371808917,2.202929267002625,0.06597257012577981,5.986886663997062,6.0134340063528695,5.5953990663174915,0.9304831582763282,0.3679590729936868,3.2006766885704874,0.02779515493304851,7.831646061861949,7.899258717923952,7.221769628488533,0.9142338397021799,0.4086850533449078
40,1,0.0,0.14351590932319505,0.6195,-0.0814999999999999,2.8673363681904283,0.05182957260010226,7.626030601028075,7.679192214636505,7.123789393508966,0.9276743170891147,0.37599329431013284,2.316605118989891,0.06954664219477348,6.149771008645822,6.1936587416738496,5.744105669436132,0.927417203467651,0.3766977852887577,3.5221624513823744,0.030777959972035623,7.804287706760227,7.856662482485697,7.022927982589543,0.8938818484624051,0.45131120016646853
41,1,0.0,0.14319270817853014,0.6464,0.026899999999999924,3.311529933686374,0.059957883862019355,8.019621541595729,8.115401606650833,7.409015642610081,0.9129573620285352,0.4129284551035624,2.6470819389888964,0.08010134211324667,6.34012471532146,6.452883827692314,5.884952422141543,0.911987969919199,0.4175125975979611,4.018745062384449,0.03529982857462301,7.968941257769796,8.279259357959962,7.238495385964811,0.8742926236518337,0.5043010021520905
42,1,0.0,0.14286202893495145,0.6039,-0.04249999999999998,3.498980952726452,0.0634281998327792,8.441600577150062,8.523459335964741,7.77216129301206,0.9118552675223569,0.4144925977897583,2.8936000309713457,0.0862904820910219,6.666030850031434,6.706371785673871,6.0500001310819576,0.902127159726806,0.434081404072365,5.009090402714591,0.04301123583082938,9.30902999203114,9.446909385625498,8.009564555983852,0.8478502575849068,0.5380894042668839
43,1,0.0,0.14252390785516453,0.627,0.02310000000000001,3.517858324256312,0.06386669073673783,8.273344710206628,8.297973232786516,7.5153863852484974,0.9056893984128676,0.4252038863939048,2.9507951315435608,0.08831859620710633,6.41809078811768,6.438953409663342,5.723017438768122,0.8888117485334232,0.4597621362737033,4.088335879831084,0.03584553039033103,8.439394397654873,8.561874076654087,7.522713727988435,0.8786293351943635,0.48443474581151763
44,1,0.0,0.14217838201795596,0.5874,-0.03959999999999997,3.466592970528932,0.06302744043207535,8.099782719548354,8.23025460265028,7.4645712402176025,0.9069672325585025,0.42798592142015257,2.7034439020405125,0.08076359697775327,6.23304397098582,6.29908622489518,5.689453301610551,0.9032188318243297,0.43372771227425416,4.146210036372386,0.03711982433180241,8.10389226257668,8.176767533992855,7.04758599387502,0.8619036758201152,0.5116319296986895
45,1,0.0,0.14182548931412756,0.6252,0.037799999999999945,3.531004647448242,0.06425687846720052,8.299482903889354,8.362759236020654,7.580748513469746,0.9064889110782267,0.4254487524510137,2.7364406192478827,0.0821840769829497,6.36838743781876,6.4471196187725655,5.837571770315808,0.9054542362325819,0.4296912909220144,3.3644339517536213,0.02979409411792504,7.84244998114229,7.934475036195642,7.185852654133823,0.905649412387494,0.4290029212610388
46,1,0.0,0.14146526844234109,0.6125,-0.012699999999999934,3.258632763863081,0.05938326667444679,7.658496705084346,7.712830689724118,6.9906415862685645,0.9063652331409616,0.4254924810112839,2.698804349383976,0.08134226894874014,6.021318249748209,6.0610062897951025,5.426992942815157,0.8953947056535098,0.4482082224265145,3.9234824139177213,0.034989316416213695,8.035976372086822,8.125770133568112,7.115787492687159,0.8757062254679533,0.48823966525661305
47,1,0.0,0.1410977589048744,0.6888,0.07629999999999992,3.2834891179180263,0.059942714871382946,7.962339082012974,8.04643646872495,7.346008365120029,0.9129517636375606,0.41237745392374336,2.5647867756425184,0.07814263309975444,6.096318767650239,6.15951752862395,5.600136264200936,0.909184240190322,0.4207107392829277,3.8828395087459957,0.034998934022921084,8.309848261779601,8.477463944508196,7.535976796801429,0.8889423589566932,0.46725757034635235
48,1,0.0,0.14072300100328974,0.616,-0.07279999999999998,3.0274920173105984,0.055340200358288495,7.475033967124705,7.4969507698991515,6.858466518286219,0.9148341410781972,0.4050138140676748,2.3362439668828197,0.07189822204561225,5.7588065234085075,5.780881091067861,5.287773754121545,0.9147003148519653,0.4056819685444215,4.310132277043182,0.03850215546607687,8.025985660425208,8.09144790696234,6.847943249469495,0.8463186475658004,0.5370221751448825
49,1,0.0,0.14034103583401422,0.6663,0.05030000000000001,2.8813948952363306,0.05276730830994986,7.5395449121006175,7.56524900945979,6.995037968290696,0.9246275911796046,0.3821709305838641,2.471246720655544,0.07595571832681072,5.845555679786919,5.8736008101003945,5.328426240623877,0.907182223119586,0.42275651042051576,3.24365782055694,0.029752969376152905,7.197197414890095,7.221509439854714,6.452045102865215,0.8934482682051331,0.4506834582369827
50,1,0.0,0.13995190528383292,0.7142,0.04789999999999994,2.9917928382521244,0.054901365537057836,7.612621151842232,7.692487145287126,7.086856444657315,0.9212698456050256,0.39300429885810345,2.383375443351178,0.07425622781829785,5.778352454821206,5.8384709187680235,5.329846468861716,0.912883962773316,0.4124662630024572,3.3924902508249315,0.03133114787930829,7.768853843960245,8.003658566392447,7.249108985341151,0.905724416553741,0.43667834650568976
51,1,0.0,0.13955565202529577,0.7178,0.0036000000000000476,2.7464802245991504,0.05051179789939979,7.359580477667714,7.38473159069287,6.855005998800678,0.9282674548984534,0.3731843456204073,2.1332929385954786,0.0660383587430906,5.559438414931653,5.586400016983755,5.163034723103987,0.9242150056221082,0.3837245382313863,2.7768280546915727,0.02609575213200606,7.589628076604891,7.660377803784507,7.139370982301884,0.9319867981935269,0.36587142698746655
52,1,0.0,0.139152319512038,0.7086,-0.009199999999999986,2.5108733124301748,0.04630002910694184,6.9377287136077745,6.955334475588955,6.486308129777315,0.9325659538793174,0.36191575313478414,2.1919050861791924,0.06883364621363583,5.290323886595831,5.299699137214545,4.825180183495345,0.9104630392342231,0.41432342010908885,3.9740525242851383,0.03758572411390732,7.362197182458175,7.552011761349161,6.421820944692123,0.8503457287445843,0.5397916445044516
53,1,0.0,0.13874195197401476,0.657,-0.05159999999999998,2.9067601095866156,0.05376430855309932,7.566026629561103,7.602954291120077,7.0253583313767365,0.9240300628378172,0.38418581534324225,2.2349641323161022,0.07189154100476321,5.605376651291704,5.6276328007506775,5.164802529333861,0.9177575567199269,0.39871792233641906,3.834267872870366,0.037316383763178376,7.279719038752529,7.3188062351945575,6.234043980051056,0.8517842636785335,0.5267054748211019
54,1,0.0,0.13832459441265113,0.6254,-0.03160000000000007,3.2100428155404455,0.059493220505049724,7.941717807768352,8.059745354892092,7.3929101478806,0.9172634893971262,0.4042000601432195,2.3536225559239616,0.07455587903713429,5.836816749033341,5.89029063993862,5.3996282418330495,0.9166997983463371,0.4032373564432625,2.7416908029818807,0.027167046229969693,6.602964334962685,6.6558776715374455,6.064968790854469,0.9112199908345849,0.41522120428011894
55,1,0.0,0.13790029259590678,0.6937,0.06830000000000003,3.102897103122615,0.057592645602435585,7.652997265130873,7.698025607118145,7.044971804674393,0.9151660651999012,0.40544860995315574,2.4126200540563816,0.07704276629219244,5.647554511572802,5.670448375929992,5.131593235114096,0.9049713347002263,0.42719730267543443,4.490978248107944,0.044862776692421356,7.639880484718625,7.7599563767176996,6.3283507408781,0.8155137005492885,0.5878335737176582
56,1,0.0,0.1374690930532574,0.7095,0.015800000000000036,2.93569217716339,0.0545863094256598,7.319287030065624,7.344203651411793,6.731941683492885,0.9166333074381439,0.40108991013801915,2.3005328865734413,0.07329369970251137,5.220312915288876,5.24489243984302,4.71343237910745,0.8986709323725471,0.44068869508488784,3.379391533963971,0.032798449581512706,6.997820038166417,7.113377404672658,6.2593809030304275,0.8799450031877608,0.48292061178090057
57,1,0.0,0.13703104307059213,0.719,0.009499999999999953,2.5903780620058376,0.04824004042107527,6.972275741972053,7.0143719057591305,6.518539327987101,0.9293119064067693,0.37152547573701805,2.1907625996414986,0.07010718538413324,5.047678981005706,5.064841929095281,4.566528671273623,0.9016132655672691,0.43401385228444306,3.050805994308416,0.0302303526473576,6.528962690955389,6.608392795832602,5.862034260108345,0.8870589931949979,0.4672726953294917
58,1,0.0,0.13658619068502784,0.7331,0.014100000000000001,2.5212970281203733,0.04707500391696152,6.985393799575729,7.028058376713235,6.560233686541862,0.9334347176566626,0.36093842386860264,1.9651524890474996,0.06450106889867531,5.028886881781241,5.0482179898433035,4.650019362774838,0.9211209524094213,0.3907728559508658,2.5357997360761484,0.02565438860087984,6.00586645485477,6.093948275301909,5.541293889273096,0.9093109489838205,0.42222046646181505
59,1,0.0,0.13613458467964154,0.7096,-0.023499999999999965,2.6988888170291756,0.05050975653836023,7.297506797587732,7.301980052344357,6.78490323742605,0.9291867669848954,0.3698371090139062,2.174778547081773,0.07210523392935894,5.280797644602787,5.29299126080858,4.825566749765186,0.9116899144526477,0.4118276619261287,3.523444562681679,0.036244876485155716,6.823744265672363,6.956140779193241,5.997769599187552,0.8622265979906119,0.5163506171247911
60,1,0.0,0.13567627457812106,0.6866,-0.02300000000000002,2.8509637556748904,0.05347185087552537,7.457609406626441,7.475047872037684,6.910017822756333,0.9244111798407353,0.3822892297284534,2.172781281676633,0.07161775337211682,5.339688180510961,5.350676873262705,4.889658940703571,0.9138393247286456,0.40691164132148205,2.2483545040831996,0.023691890778458374,6.16428048381084,6.2743097617806765,5.857632978777122,0.9335900204446872,0.3647391629871516
61,1,0.0,0.1352113106393336,0.6585,-0.028100000000000014,3.191452018515038,0.05994342538106368,7.565286114547534,7.669031663487217,6.973426746368151,0.9092969037498061,0.4218547679747487,2.2794570410476123,0.07595792844016483,5.221704126726871,5.28093191473378,4.763645402936197,0.9020463584553409,0.43653508236523697,2.3967060214910636,0.025190031265805563,6.3375341363603095,6.429855790585175,5.966477249200093,0.9279332917444933,0.3781764279170429
62,1,0.0,0.13473974385181473,0.7205,0.062000000000000055,3.0157857420240473,0.05673098414854457,7.565276160652483,7.678137777251711,7.061078966077962,0.9196343138043275,0.39863524846711534,2.275091315713338,0.07610523395217764,5.164080159631575,5.229534565701637,4.708714349119831,0.9004079215772565,0.4405608056780535,2.5093769396186736,0.02665227871154393,6.522708700704903,6.573589780492473,6.075780653825048,0.9242713428597715,0.3847139363049415
63,1,0.0,0.13426162592817678,0.724,0.0034999999999999476,2.66660808924366,0.05024942969918008,7.098913953155965,7.135206895314708,6.618185474281335,0.9275393932342911,0.37563606304287794,2.1630257903719823,0.07206252466954594,5.131182476545092,5.154211677039714,4.678377673657746,0.9076805468619674,0.42154528712617184,3.3829580306254723,0.035757246608951805,6.322345335015044,6.408962529656733,5.443382264206237,0.8493390683776999,0.5350796028001882
64,1,0.0,0.13377700929943795,0.7567,0.03270000000000006,2.3855024105265348,0.045050652735096626,6.56818293825372,6.595830097953656,6.149337618012959,0.9323068554965931,0.3631906164843769,1.8611668975604319,0.06239702096681636,4.591540769064154,4.6044101821832655,4.211490298893669,0.9146644482696183,0.40534691755329316,2.998031494909838,0.03243574589653327,6.0688601852711885,6.298402898418418,5.5391053385627105,0.8794460163787913,0.4940023996904569
65,1,0.0,0.1332859471092728,0.7108,-0.04590000000000005,2.4539982113788454,0.0464732858552252,6.456942032848096,6.475684143974232,5.992693735140264,0.9254147672901247,0.3800557909448058,1.9305022370253861,0.06553545911191684,4.557887622329209,4.587920806454184,4.161992201164586,0.907163043291765,0.4235519602475072,3.381503148178008,0.037069947281796335,5.857947309496384,5.920346282912285,4.859625516926425,0.8208346749838964,0.5772505230110581
66,1,0.0,0.1327884932081842,0.7109,9.999999999998899e-05,2.927225645283166,0.05560525242554636,7.1872499054819725,7.286435287577516,6.672592411415072,0.9157553931469108,0.4072803483639085,1.9344145636119028,0.06691424703866997,4.782679611959447,4.8576595508025635,4.455883340939712,0.9172901670730566,0.40446250231245995,2.33418158883603,0.02631216046376858,5.705407311561096,5.798782427054327,5.3082461860764765,0.9154070277427129,0.4091174321780996
67,1,0.0,0.13228470214759816,0.7451,0.03420000000000001,2.507186848784857,0.047755333974164135,6.554812233181597,6.560650416824409,6.062684901574895,0.9240981482609544,0.38249560164256763,1.8534300771229402,0.06419738764425739,4.3915702008286885,4.398222653264941,3.9886288242237167,0.9068728754018012,0.4220426845899442,2.1674854705912283,0.024610517753305108,4.922585639586579,4.994876551848943,4.500088882843567,0.9009409614293227,0.44031442605298454
68,1,0.0,0.13177462917388172,0.6763,-0.06879999999999997,2.5258410433918175,0.048244752134721416,6.39070038197168,6.407638263638732,5.888799163836152,0.9190280289780366,0.3952369681603719,1.962738377585707,0.06870553426047206,4.328573393714684,4.333590554004822,3.86363374280943,0.8915548653388382,0.45343770315543364,3.34821534096373,0.03827563347669019,5.2521915172659845,5.274150641430837,4.075059847509026,0.7726476023452173,0.6374891947403005
69,1,0.0,0.13125833022228447,0.738,0.06169999999999998,2.756349809909539,0.05285889812352233,6.7272644708090885,6.80778025492414,6.224821924438785,0.9143688091189937,0.4097281773103879,1.8489911903813974,0.06565444996209173,4.418131830006031,4.4581780235544395,4.056671404998006,0.909939303357761,0.41850068343906194,2.8314138925723427,0.033376497924066835,5.726652730662229,5.883757744097723,5.157683631942831,0.8765968716364552,0.49442737769170064
70,1,0.0,0.13073586191080458,0.7516,0.013600000000000056,2.443083209390228,0.047008296951881225,6.438186773638787,6.454314398523343,5.974070564565057,0.9255933621597114,0.3794675885131904,1.7726607606481413,0.06308161846209784,4.3627652975509115,4.373765686582912,3.9984372460749396,0.9141864316921822,0.40631586614188137,2.4508739009777822,0.02903061650342877,5.478683464593031,5.572195342513779,5.004256662567269,0.8980763155208596,0.4473472353015085
71,1,0.0,0.13020728153398006,0.7581,0.00649999999999995,2.217949556276665,0.04281574242936537,6.087982894815079,6.105470163090881,5.6883623332954,0.9316829304453892,0.36431599670978293,1.569332013559694,0.056920385970531256,4.02283375422413,4.03082147250609,3.712777788327376,0.9210970551913389,0.3901061066497802,2.660662094318862,0.03211627325593853,5.9237521947703184,6.015106807844036,5.394664174104562,0.8968525990377456,0.4491514848760522
72,1,0.0,0.12967264705660586,0.7762,0.018100000000000005,2.262908852418851,0.043837257031517585,6.052687413506027,6.062166033098263,5.623975542000273,0.9277171742401059,0.3738684484794925,1.678409613358588,0.06095193635164597,3.9476533328672536,3.9533584557947443,3.579383301318977,0.9054031758927392,0.42516641453405635,1.9618688700366784,0.02429664094741131,4.5129177280621,4.593247091196631,4.153190682101412,0.9041949191153625,0.4347229416209916
73,1,0.0,0.12913201710737712,0.7797,0.0034999999999999476,2.2646865679346124,0.04402626509406199,6.0772821208226535,6.094983207830761,5.6586231001577145,0.9284066759835505,0.3726479243369489,1.5786622526512442,0.05856598968027325,3.9709612756335018,3.9881745010680825,3.6624256455768225,0.9183213133216662,0.39755166144232784,2.3038516337189288,0.028959548866456485,4.573718355452464,4.645776527034414,4.0342918745401946,0.8683783757277377,0.5037152388214808
74,1,0.0,0.12858545097246024,0.7728,-0.006899999999999906,2.2064838819545285,0.04303799077149058,6.080804486360635,6.095244816587128,5.681851687511505,0.932177764550056,0.36286052066033625,1.575185025989398,0.05895859197800413,3.888867744829226,3.8930393410630058,3.5601331180619473,0.9144868073924582,0.4050497803850025,3.04813558184223,0.039107423932702674,4.807342540568947,4.886027347353098,3.818656692365427,0.7815463199226881,0.6340583297568566
75,1,0.0,0.12803300858899105,0.7713,-0.0015000000000000568,2.1048000156943893,0.04119334096269127,5.924097850334981,5.932319365707969,5.546370917222315,0.9349413905939308,0.3552946066843532,1.4928197678591721,0.0564262243461094,3.7907126037557712,3.796852747224856,3.4910715359708986,0.9194645587776732,0.39380979881727585,2.1949320806093504,0.029144732911532013,4.444517943653136,4.524801851615898,3.956780518793141,0.8744649265426054,0.49385155115500406
76,1,0.0,0.1274747505385024,0.7782,0.006900000000000017,2.048145828779057,0.04022212098692295,5.805982724440596,5.809483658383829,5.4364693854907316,0.9357921814007015,0.35276471288095246,1.3866724625997846,0.053033258074395725,3.660640689399332,3.663968207126067,3.391430828298346,0.9256168821831855,0.37880594689759656,2.46038221925932,0.033348735523507866,4.56973973827282,4.6659454945793435,3.9645394126659705,0.8496754660490076,0.5384075155643868
77,1,0.0,0.1269107380402805,0.7462,-0.03200000000000003,2.3964372544384607,0.04722191609152312,6.263570882714998,6.296035335457456,5.822125873330376,0.9247289068633145,0.38259920727514857,1.497984283961416,0.058021693591035116,3.914164746406115,3.930313010489689,3.633648773442408,0.9245189285801135,0.3827085421830612,1.5085536874424985,0.021025208764685357,4.360831482100342,4.420067513857904,4.15466736053585,0.9399556335983635,0.3459325804343904
78,1,0.0,0.12634103294465168,0.756,0.009800000000000031,2.0704488912644847,0.04091375186754909,5.653841960936729,5.6647796066177705,5.272852144476946,0.9308132903029516,0.3662021162900444,1.4155821860727755,0.054728692877634336,3.651344694502978,3.6592092456629204,3.3743058543662587,0.9221407216233005,0.3876879080202711,2.7287768745129166,0.03778412934609555,4.327743047680568,4.392083565384095,3.441538358791587,0.7835776135763526,0.6305311670422279
79,1,0.0,0.12576569772619958,0.7674,0.011399999999999966,2.4746500489957883,0.04906719019207736,6.4618828850498335,6.490551393098751,6.000280382515025,0.924463888984067,0.38296114197939446,1.8613252361355468,0.07299373198604706,4.097764773028215,4.123971219197696,3.6800281916142366,0.8923505999467604,0.45422940047386917,1.9084290690728651,0.027311250643628885,3.7789953709123263,3.796728728000447,3.2822322972671416,0.8644895467672072,0.5050096339790254
80,1,0.0,0.12518479547691433,0.7718,0.0044000000000000705,2.2791618819084527,0.045283613631442406,5.940511774282117,5.944610251411627,5.490338086806431,0.9235825150189917,0.3836642310474805,1.524515828730092,0.06022508211886185,3.649117330065559,3.6500872162010816,3.316472230585144,0.9086008180475327,0.41777659933524336,2.3928920175889625,0.03463931936208108,4.043140945907945,4.089674541110921,3.316551703082211,0.8109573683047409,0.5918398714273871
81,1,0.0,0.12459838989927387,0.7882,0.01639999999999997,2.213694990808245,0.044090060390786445,6.045205724914102,6.086519802386053,5.669680581914218,0.9315143573001398,0.3661901830213892,1.5428931611865622,0.061061398894603935,3.7927248775864877,3.8315321915759837,3.5071526814740164,0.9153394793823868,0.40680334350230724,1.5940343348350905,0.02352794095909481,4.180911278477803,4.328025786398756,4.0237871233026326,0.9297049791033539,0.38126480775632504
82,1,0.0,0.12400654529925792,0.7779,-0.010299999999999976,2.3635350860012356,0.047192215465447364,6.270159417590927,6.286262430535565,5.825014796922538,0.9266260932135901,0.37694975974140943,1.519467937707037,0.060527693373646226,3.7628372171514526,3.7695179197142843,3.4497076264837863,0.9151588346196963,0.4038091073355829,1.9541888207910092,0.028993893796705902,3.7444163515763464,3.810232874978665,3.270936164862207,0.8584609582112542,0.5218941050634829
83,1,0.0,0.12340932657929628,0.7445,-0.033399999999999985,2.333309765167999,0.04668899427646286,6.197502929004962,6.204260164812855,5.74878333713079,0.9265864397071423,0.37649191809944377,1.5300013319495438,0.06163116935723813,3.828145497824691,3.835513832686413,3.517138331494377,0.9169927381101258,0.39967167727009156,1.5999993888466006,0.024231363253692798,3.8614885527360503,3.9392756350007403,3.599707989816207,0.9137994706012824,0.4143478264911401
84,1,0.0,0.1228067992311517,0.7776,0.03309999999999991,2.405194381930279,0.04820819443634578,6.24590015166314,6.261447748153523,5.781069786929956,0.923280049511676,0.3850837066759434,1.5952408155462454,0.0641779276175696,3.7083364802230925,3.7253878355181738,3.366559253449802,0.9036802078303717,0.4301769335263439,1.6564066251426641,0.025282977669912384,3.9688744727326766,4.04494243117451,3.6902407016386345,0.9123098200849097,0.41734920983837104
85,1,0.0,0.12219902932873782,0.791,0.013400000000000079,2.14518144618185,0.0430614855061902,5.8504044750868225,5.869012438816166,5.462920805646596,0.9308075017044124,0.36667233100152696,1.5059015210507727,0.06098287163352341,3.5137908556606674,3.52331736825453,3.1852827739022143,0.9040578639329957,0.42856891115895146,2.5263851277454883,0.03867241165647422,4.081268643701049,4.148619049417475,3.2906569728857495,0.79319333341725,0.6190195618817356
86,1,0.0,0.12158608352087329,0.7827,-0.008300000000000085,2.1116849894963767,0.04248411811090543,5.872644341413101,5.895873967695759,5.504735816645517,0.933659004043618,0.3595799211958159,1.3612082675344437,0.05595544822213049,3.5202609899522135,3.537195808714485,3.2647919093065463,0.9229887418907302,0.3866782239781948,1.4006328026233135,0.022126133281794844,3.6909755652981984,3.74843821425717,3.4769266413618127,0.9275667471688172,0.3794749593554014
87,1,0.0,0.12096802902397322,0.7818,-0.0008999999999999009,2.3787711972723775,0.047936931740612955,6.334027862256784,6.384616283946463,5.924928072913304,0.9280006517871712,0.3755542679954099,1.5775165998051597,0.06480950963755523,3.8519658722272774,3.907295964492973,3.574689213905236,0.914875465383156,0.4095354559548604,1.509008742518284,0.024139038958582014,3.906620567483255,4.037690790130319,3.7451088432855544,0.9275373073242884,0.3862695945130976
88,1,0.0,0.12034493361467813,0.7936,0.011799999999999922,2.1820268017804243,0.04403293860502422,6.04915737112204,6.054944654401752,5.648107110491254,0.9328090400273534,0.36071582666987,1.4178874834777244,0.05806431876091103,3.6046104219728745,3.6153924821818775,3.325756735982857,0.9198881594110562,0.39335387670040817,1.4320943666980825,0.022935126336310896,3.7057774700094677,3.78132473573751,3.499646154052164,0.9255079631158927,0.38644909962562424
89,1,0.0,0.1197168656224212,0.784,-0.009599999999999942,2.4605634078566148,0.049759217333199705,6.250309797412925,6.266000927028403,5.762672592165327,0.9196731151615428,0.39367063195412655,1.6589145734033524,0.06877018986411519,3.71696007972989,3.735856928475569,3.347331706136665,0.8960010434614146,0.4463094942692807,1.5927808405093873,0.025838349145315354,3.494950811513546,3.531671051135342,3.15210310188641,0.8925245460992437,0.45573769887182114
90,1,0.0,0.1190838939219355,0.7949,0.01090000000000002,2.3527786143926797,0.047623882529236036,6.109845753513374,6.124646661471746,5.654708610103413,0.9232709938477648,0.38507987096724167,1.4606274986445456,0.06047853359763004,3.5537019476431113,3.5652055951493606,3.252269697329351,0.9122250065337677,0.41101575769832466,1.5048179950093656,0.024692732756137863,3.7478587496105495,3.764540311686888,3.450694305345819,0.9166309880208362,0.4015140632409734
91,2,0.0012179748700879012,0.1184460879257009,0.7901,-0.0048000000000000265,2.3629942150511147,0.0478801302413182,6.269942103983653,6.289465279369397,5.8286903998986554,0.9267386241908088,0.37687656055863245,1.484198992749203,0.061574309038609686,3.6751190277444317,3.6932274063745454,3.381875547532441,0.9156965373145699,0.4038505913807411,2.0754967383527343,0.034382423520811195,3.9905958701155124,4.056525906820682,3.485356696699993,0.8591974454889294,0.5200969494043647
92,2,0.004865965629214819,0.11780351757633237,0.8032,0.0131,2.2183952203652866,0.04498165982083711,6.004715519003093,6.016097792111096,5.592151231337369,0.9295313049382862,0.36944218478706314,1.392617502755409,0.05832543876551955,3.513450612217735,3.5198696747079543,3.23266130841045,0.9184036930795358,0.3963674622072946,1.7070959733724171,0.02896271291826313,3.784955852162378,3.8813058958008906,3.485736429027882,0.8980834086792882,0.45102136987863106
93,2,0.010926199633097156,0.11715625333890979,0.7904,-0.012800000000000034,2.221972599634532,0.045131750794109284,5.9552867953774316,5.960568607351215,5.530932648460091,0.9279203064014311,0.373109251658418,1.4286504050080868,0.05968303466943412,3.5160478043497783,3.520516408690467,3.2176067968436177,0.913958755852093,0.40632280461052683,2.1146707557718165,0.03591529235267586,3.7359005808955588,3.7835650422055758,3.137442023780499,0.8292290442433022,0.5660404258576105
94,2,0.019369152030840553,0.11650436619325079,0.7847,-0.005700000000000038,2.2414946699914022,0.04558525990216496,6.025397057887712,6.0503415952778425,5.619816285971855,0.92884280952963,0.37200779441698567,1.427778595742405,0.0597371468434999,3.475537234819086,3.4903235038402713,3.184934285867689,0.9125040364778295,0.41080802744348266,1.7304321893740497,0.030069852168266915,3.3510297515038454,3.3826596859627744,2.9065435048927593,0.8592479807987239,0.516388190405496
95,2,0.030153689607045786,0.11584792762612703,0.7966,0.011900000000000022,2.17280821074243,0.044231073399804734,6.070779172124406,6.088806766793957,5.687923382048728,0.9341605999172949,0.35791257582213754,1.2620306829665529,0.05345706630037426,3.46919086892713,3.481928863482231,3.245166728764723,0.932002592815545,0.36378242957754703,1.2399692062742933,0.021866171776995055,3.2232233526654297,3.239426089745203,2.9927174282393536,0.9238418612831342,0.38469850537937633
96,2,0.04322727117869957,0.11518700962342475,0.7978,0.0011999999999999789,2.192308688630237,0.044667471460440665,6.021862692991354,6.066157735107113,5.656151720301656,0.9324109209306247,0.36405823254352715,1.3230334777502164,0.056226942132556385,3.455704893275031,3.4879368306071794,3.2272721754238947,0.9252668073297909,0.38285487870359053,1.6149863630338732,0.02850317975965214,3.25717797990274,3.3048344628136954,2.8833581469192366,0.8724667390645585,0.4958237999269838
97,2,0.058526203570536506,0.1145216846622508,0.7853,-0.012499999999999956,2.2690548829688186,0.04627417231406485,6.043497860969855,6.067400459921038,5.627142997556791,0.9274388652484005,0.3754539068546444,1.3632998303640618,0.058082621116593174,3.5087867053874593,3.5243913330820633,3.2500381003149634,0.9221558542061278,0.3885388155030412,1.3170511510825886,0.023580084379200304,3.4800861263293443,3.5335483186694203,3.2789235243072365,0.9279407633916085,0.3784536081214063
98,2,0.07597595192178702,0.11385202570298478,0.7987,0.013399999999999967,2.210608260932556,0.04512973802854409,5.993743972501404,6.0231702686833035,5.602837785609374,0.9302140792433855,0.36881926740190574,1.4353882829206603,0.06126780060353598,3.4401901908126677,3.4552328878094727,3.1429754932848915,0.9096276851189199,0.4172409673029101,1.4413912179313788,0.025805116988501176,3.6703207606329817,3.806554930793883,3.5231030905344505,0.9255358597438349,0.3927153270611687
99,2,0.09549150281252627,0.11317810618127785,0.8108,0.0121,2.175146475187585,0.044461571715121134,5.915014746257804,5.93435065005345,5.521345440596421,0.9304043131571085,0.3677330604397418,1.335610542508478,0.05757389378413078,3.408112732998435,3.4266779821299553,3.155672118148089,0.9209129467679322,0.39189153855641884,1.2783115864286778,0.023268923497693526,3.702159884576083,3.784156183970621,3.5617071645486313,0.9412156875648353,0.3452880551578478
100,2,0.11697777844051102,0.11250000000000002,0.806,-0.0047999999999999154,2.081515605012168,0.04261542180325013,5.746875965684835,5.75558077379318,5.366004361828327,0.9323132751887164,0.3621995006401919,1.2587573650137334,0.05452289794009608,3.2440785032737898,3.253936308064387,3.0006051999397454,0.9221462609772666,0.3880169249120968,1.634652520742079,0.029831629982575682,3.285928316331561,3.342296901832443,2.9152814859655267,0.8722389337605521,0.49747053598753466
101,2,0.14033009983067443,0.11181778152113554,0.8153,0.009299999999999975,2.1313835707100637,0.04368858436486392,5.834379463357274,5.861917708782819,5.460703551858812,0.9315558189561627,0.36531452643699025,1.347538099739892,0.05874424231195998,3.3037398187649734,3.319712540960492,3.033913682542714,0.9139085523546301,0.40788263412451103,1.183919949592654,0.022073039314245986,3.1087703912695304,3.12752271799789,2.8947768358700188,0.9255813936095513,0.38083222643830444
102,2,0.16543469682057088,0.11113152555762863,0.8011,-0.01419999999999999,2.15515160946685,0.04421975334843506,5.89793415290323,5.919589665035861,5.513335043787227,0.9313711516782687,0.3654078790293016,1.3834294613123554,0.059844214054457126,3.41168174074514,3.42173058820043,3.1295947555856136,0.9146233681803518,0.4054978061963666,1.300474037332485,0.024325365037202236,3.0916373866119513,3.1089793822674823,2.823919536888712,0.9083107958178652,0.42064248639380125
103,2,0.19216926233717088,0.11044130736517907,0.7966,-0.0045000000000000595,2.042408827444846,0.041946712109872504,5.710511587445606,5.71566473369,5.33829463491993,0.9339761661411443,0.3576577678145374,1.2368883036526217,0.05373612160070255,3.3264961793612455,3.329131420828702,3.0908289390261365,0.9284190223577157,0.3718291670757696,1.501461619597586,0.02822142626855862,3.583498334740388,3.637380703180311,3.3130278671903253,0.9108279109452605,0.4189932516618183
104,2,0.22040354826462666,0.10974720263398964,0.8102,0.013600000000000056,2.128146118821793,0.043782133550214,5.840432112241979,5.864978879403521,5.465251259136837,0.931845002601725,0.36438162072991837,1.245274227938017,0.05425622993830783,3.2923253830031785,3.304628602754423,3.0610231123488023,0.926283549624132,0.3782354667514996,1.193267374357325,0.022813597196331553,3.2259705308107893,3.283365413277143,3.058856455659964,0.9316223053610425,0.36989407155477605
105,2,0.24999999999999997,0.10904928748046602,0.8016,-0.008600000000000052,2.3297382610703843,0.047964844815266694,6.1277319751732575,6.1514322117650755,5.693192233154158,0.9255067823498894,0.3801958490530279,1.4219013199563242,0.06215937467231042,3.4715102272166196,3.492485789524542,3.189930089851629,0.9133695259174979,0.4095915687669955,1.687008308064555,0.03253431184520294,3.3141329003745446,3.3472026124280547,2.890980369953409,0.8637004402480127,0.5090345978201112
106,2,0.2808144266054613,0.10834763843886955,0.8126,0.01100000000000001,2.110235516312505,0.04344626062493645,5.767750696927086,5.781623334463691,5.382757136190338,0.9310113829284328,0.36586801808836605,1.3470272871524935,0.05928826123161808,3.2130331735342947,3.23254543122028,2.9385145542779565,0.9090404502586288,0.4192385245966138,1.4129469556848278,0.02745116857941258,3.2621791078830733,3.3485899536159294,3.0358915184608435,0.9066178781258593,0.4331297911480194
107,2,0.31269670329204396,0.10764233245292455,0.8078,-0.0048000000000000265,2.249267029445583,0.046352502837055526,5.924456977940083,5.935626211371035,5.492946061622447,0.925419806776152,0.3796579227127153,1.4058088213858466,0.06251916802657188,3.2866271856049147,3.295647825046763,2.9807710327997365,0.9044567839275852,0.4277360168938975,1.6576847831222057,0.03252148696437431,3.358455241662636,3.393089202696857,2.9605973413296383,0.8725374325486432,0.4935854920911653
108,2,0.3454915028125263,0.10693344686738046,0.8091,0.0013000000000000789,2.061058673917433,0.04252580583792753,5.6114343090068175,5.624792764066992,5.233577250101118,0.9304480128645652,0.36729623130565087,1.2017370236623963,0.05323158169295292,3.1447164233538003,3.1556152897178804,2.9178306546490855,0.9246471406563461,0.38214479841103094,1.2141816543992145,0.024138193250936996,2.8355707935026304,2.9051797925710883,2.6392864931819435,0.9084761294054614,0.4281965582313677
109,2,0.37903905220016615,0.1062210594195301,0.7983,-0.010800000000000032,2.078565790719142,0.04294056427926266,5.51829504452737,5.5412061788851785,5.1365874094333925,0.9269800190807572,0.3766681146888851,1.349949904027594,0.05958914963611154,3.14070036380273,3.1526984994321725,2.8490601174224492,0.9036893689439662,0.4298244810571765,2.4660869893961372,0.049171011900907356,3.4269647984315252,3.4793166175396046,2.454396708934049,0.7054249379206176,0.7196125826926589
110,2,0.41317591116653485,0.105505248230685,0.8089,0.010599999999999943,2.148612248054463,0.04445210672338978,5.805789139974114,5.836578309954321,5.4267035797497725,0.929774825516261,0.3700809995424744,1.292808317963618,0.05803435191447272,3.2456512456769295,3.269412790466492,3.0029496407162304,0.9184981625669112,0.3983201582996892,1.5121489027197461,0.031079874441933428,3.048888820668149,3.091313023853645,2.696223639850949,0.8721936662660659,0.49596721680010825
111,2,0.44773576836617324,0.10478609179760855,0.7974,-0.011499999999999955,2.2824728144186843,0.04725950140921791,5.938492924456721,5.956502565482367,5.501839743337481,0.9236694994845407,0.38435219902657286,1.3372906992671256,0.059830958203366286,3.333500402118448,3.3426500988249233,3.0634887496169623,0.9164850220769151,0.4011671030299784,1.2138331045628112,0.024706727971232172,2.8515164647472093,2.869498643354604,2.600121448753883,0.9061239512259174,0.4256798512543111
112,2,0.48255025164874954,0.10406366898390772,0.8069,0.009499999999999953,2.2605725721996306,0.04683683883649528,5.767663762404465,5.773639954792689,5.312695166451299,0.9201639187842393,0.3919390355129209,1.4741866068478842,0.06608780090689233,3.2553256278130998,3.270702495683249,2.9196350678652805,0.892662989592812,0.4528538080039109,1.3064350309777135,0.026762183325621504,2.7760545238801626,2.790212691349196,2.4654645074704047,0.8836116741617426,0.4706085632466886
113,2,0.5174497483512503,0.10333805901138504,0.802,-0.004899999999999904,2.1669187598488557,0.04492108240571325,5.691143735631113,5.743455221681722,5.318998121076499,0.9260972560553995,0.3807527731696901,1.23908624191151,0.05612741335870763,3.161033182920251,3.198003305713736,2.948201193993016,0.9218881008426698,0.39198773635359546,1.315020467223984,0.027072429752867402,3.1347626895858585,3.208922790975273,2.9270990821184992,0.9121749798252016,0.4194960185001164
114,2,0.5522642316338268,0.10260934145135084,0.8074,0.00539999999999996,2.0072502799097305,0.041654499224882256,5.543614229954514,5.554222964200675,5.178835691724107,0.9324140793597775,0.3620833262646056,1.2274367249456652,0.05565191404072697,3.143946678419318,3.1492416579367104,2.900193445572372,0.9209180369703647,0.3904127043155781,1.3636361354894586,0.02853408790065935,3.11560398850163,3.173065061169056,2.865107405462017,0.9029463153858,0.43767954480802435
115,2,0.5868240888334652,0.10187759621589751,0.8133,0.005900000000000016,2.0053167316899363,0.041670006511922056,5.622063679734187,5.634586044686227,5.2656684995712775,0.9345262380964326,0.35668694734257234,1.154980763308063,0.051887149779161944,3.079300989747103,3.0867991755147073,2.862577324380757,0.9273610499469689,0.3750788789902995,0.9893166160171837,0.021028330958776317,3.0359198466540844,3.081184075986954,2.9180385584737296,0.9470510318469155,0.32587046627977306
116,2,0.6209609477998338,0.10114290354913615,0.8162,0.0029000000000000137,2.151962886698521,0.04476401891911614,5.885629630193073,5.91955648516766,5.514544825411298,0.9315807424473135,0.36563002124004323,1.2193355347489285,0.055582428658368654,3.195194193583846,3.219121155409195,2.9792552251244175,0.925487138040231,0.3816154702576238,1.1132204681103959,0.02383040394144335,2.9132961039032805,2.977855210906498,2.7619489675077427,0.927496057361019,0.3821171718929927
117,2,0.6545084971874737,0.10040534401839686,0.8071,-0.009099999999999997,1.9186534446310004,0.03993349369941033,5.373434272744408,5.378590420343099,5.024739199340028,0.9342111606667944,0.3570627921072671,1.0985584576418277,0.050172694643847555,2.9724368010261304,2.9739848465707115,2.763648862947929,0.9292746955771076,0.36958177117931945,1.3043850035595708,0.02806782734777987,3.0394089948742806,3.1142028594162983,2.8278684723099454,0.9080553194405514,0.42915744664811856
118,2,0.687303296707956,0.09966499850539376,0.8037,-0.0034000000000000696,2.02343617625671,0.042179962922904865,5.495653554822683,5.5110027309991585,5.126095701976027,0.9301566252438879,0.36818845221439656,1.1919450075169327,0.054599584927123385,3.0372472339934515,3.0452856106719115,2.8023261205032606,0.9202178313530847,0.3924425361809392,1.3643017012084366,0.02973817554931533,3.016245611207644,3.0736901040274303,2.7543149539070138,0.8960939003896515,0.4523178404765909
119,2,0.7191855733945386,0.09892194819735524,0.8,-0.0036999999999999256,2.071747769605895,0.04323656866246216,5.504649168757879,5.508780001223569,5.104362668770497,0.9265867701445246,0.37636327149862364,1.2148541186972759,0.05594524346273285,2.9947644754699887,2.9973613779397317,2.7401285851880406,0.9141802537909184,0.4056593193381662,1.1206857684990048,0.024437737192422218,2.671552637098123,2.688123043019514,2.4433726865659433,0.9089512077621835,0.4194885599245797
120,2,0.7499999999999999,0.09817627457812106,0.8129,0.012899999999999912,2.1839042848887824,0.04562528404629413,5.7669777169267284,5.784381093255876,5.356269842032505,0.9259884083843449,0.3786912993401687,1.284966617487866,0.0595645142478896,3.144053224335491,3.156152423769775,2.88273460215128,0.913369893177745,0.4086974760929657,1.0552330410221014,0.023232190988860747,2.688559202463881,2.703612523688387,2.489177442454316,0.9206857198081294,0.3924901635251522
121,2,0.7795964517353733,0.0974280594192065,0.8236,0.010700000000000043,1.9419751755049266,0.04058325372957847,5.368346776626285,5.376168191701718,5.013174333527851,0.9324809334026863,0.3617454788800646,1.1615551183960657,0.0536909488143897,2.9758090597984332,2.981240498130445,2.7456483185873592,0.9209751176764078,0.39033254320246735,1.128189780630054,0.025101057713710753,2.7149295098475523,2.74842528669072,2.506198072462873,0.9118669096078997,0.41555030306971164
122,2,0.8078307376628293,0.09667738477083535,0.8181,-0.005499999999999949,2.0967257261051815,0.043866496610473676,5.676268823373363,5.7107264121372125,5.311886423365238,0.930159499862521,0.36938450086638314,1.2034738381785222,0.056054539570492105,3.0268243648609143,3.0456339618406463,2.7977735457761175,0.9186177921674038,0.3976027985468602,1.1445822660990097,0.02576831520118207,2.49921366999352,2.5348619902273812,2.2617380952284183,0.8922529526057301,0.4579769548483533
123,2,0.8345653031794288,0.09592433295294221,0.7983,-0.01980000000000004,1.9448325066167416,0.040723736252032496,5.3468468557843485,5.353392694897928,4.987628687670556,0.931676223271279,0.36373446987971514,1.2453120113920415,0.05780285434354669,2.9787379800885665,2.9865848634689485,2.714569451291553,0.9089209164940832,0.4180669866622558,1.2075134147176554,0.027446717967676983,2.8023113150070804,2.9284434156206403,2.6679005574222443,0.9110302569588227,0.4308990968459207
124,2,0.8596699001693258,0.09516898654614492,0.8173,0.019000000000000017,2.1908407882715597,0.04592453490723141,5.748286703224064,5.773087465898756,5.341231643982735,0.9251949975698507,0.38112935234124184,1.388578215240456,0.06506477367579387,3.3769029745451467,3.489417466803519,3.2012316899233104,0.9174114935739687,0.4111987302292839,1.1819634412011188,0.027119344050707563,3.150202373402972,3.4876507351702286,3.281260551893897,0.940822576872435,0.3752023841961352
125,2,0.8830222215594892,0.09441142838268907,0.814,-0.0033000000000000806,2.04433901543598,0.04286247532437237,5.458453476672349,5.466402448004124,5.069737037914404,0.9274357470269045,0.37452714842634793,1.221208024855114,0.05671178462141485,3.021761744373263,3.024683158572342,2.7671934114477508,0.9148705058925488,0.4041377607381161,1.1965794415638549,0.02735568920817193,2.6818762485153314,2.697199835222325,2.417247571143597,0.896206332054869,0.4461725041288811
126,2,0.9045084971874735,0.0936517415373641,0.831,0.017000000000000015,1.928648211364938,0.04047211134326489,5.283548971097339,5.287463042017906,4.9231678366393705,0.9311020800554842,0.3650289269419561,1.1192338959850539,0.05234105105377201,2.7522775153450874,2.759345791292108,2.5221626995807114,0.9140437228056394,0.40665735549735127,1.2424572746414644,0.028768843575754523,2.5396285033117376,2.571008329184027,2.2508631591753185,0.8754787503507176,0.4892279611058349
127,2,0.9240240480782128,0.09289000931839356,0.8297,-0.0012999999999999678,1.9485752136876882,0.04093509379238619,5.246245335380351,5.253194659058362,4.878433022311236,0.9286602418014521,0.3714228155794809,1.2096871288531106,0.056290570653263455,2.8763601653149324,2.8834418435253357,2.617421254464926,0.9077419960254272,0.42056177228440444,1.2983885988188704,0.03048523019186269,2.4712709035485574,2.524348229821606,2.164837581816432,0.8575827836436891,0.5253930667635357
128,2,0.9414737964294633,0.09212631525829919,0.8164,-0.013299999999999979,1.8619251742689071,0.03916196105003438,5.264775646408562,5.2840418488150735,4.94513224948137,0.9358616738794938,0.35365707853838835,1.10534433660232,0.05221312094491019,2.813240536388101,2.8264853981924998,2.6013907366316675,0.9203623476332914,0.39290786632182667,0.9240589285727513,0.021922804135474556,2.3642945371179125,2.399269939150523,2.2141844444597143,0.9228575777695363,0.3908391759425981
129,2,0.9567727288213004,0.09136074310474071,0.8144,-0.0020000000000000018,1.9261592712925908,0.04055689425053893,5.306052309983307,5.316412055622571,4.95521418722479,0.9320598432516564,0.3630117380615591,1.1453738668824511,0.054604296026127784,2.894679717380929,2.9005363223711074,2.664813183458188,0.9187311887478029,0.3956824169544987,0.9916578408558139,0.023774615787682953,2.599020708352612,2.642641938101746,2.4495249798730936,0.9269227679148347,0.3815505731327457
130,2,0.9698463103929543,0.09059337681133195,0.812,-0.0023999999999999577,2.067945597961652,0.04359103787724237,5.477273465649108,5.505009918985827,5.101836461855921,0.9267624467415707,0.37755018275622676,1.1493372984283208,0.05449071309913475,2.8718950367558365,2.8802552213181642,2.641002458327018,0.9169334851924508,0.4002017078335288,0.8269627743257737,0.020087734656011255,2.5794186627050975,2.6236463472332345,2.4899101362830356,0.9490265861893962,0.3206004462488142
131,2,0.9806308479691594,0.08982430052843446,0.8306,0.01859999999999995,1.9558584224733144,0.0412636027037236,5.204188814993387,5.211425338399266,4.830483607098659,0.9269025829663682,0.3758238780342561,1.2003462370917253,0.05729070762979912,2.795807012179496,2.8061177164902906,2.5364276846590283,0.9038921174808828,0.4293380164877635,1.2746705467966686,0.030982555771667083,2.361947047115228,2.4083211104910256,2.0433371014470167,0.8484487772606065,0.5396694004437956
132,2,0.9890738003669028,0.08905359859392936,0.826,-0.0046000000000000485,1.7529298245527456,0.03702348139275966,4.935471693262856,4.943998106461242,4.622808060584304,0.935034350952283,0.35516966431913183,1.0979164189101926,0.05245277291980272,2.6837471333395646,2.691036428353813,2.456879468963385,0.9129863286415381,0.4090983108173766,0.9160804895286948,0.022578308561293524,2.1393150926879887,2.1502024283966987,1.9452935670031866,0.904702525358832,0.42821204443412103
133,2,0.9951340343707853,0.08828135552396875,0.8163,-0.009699999999999931,1.808643482724877,0.03826171970515275,5.075745761071464,5.081260224209306,4.748474943559351,0.9345073336208167,0.35633059019549507,1.1563906105410604,0.05565353597923646,2.690563767296045,2.699784359258765,2.4395893968176026,0.9036237981197135,0.42979490937812137,0.9539024228115216,0.023651054089657,2.3488140616288087,2.4047641155657247,2.2074786629778997,0.9179605802869305,0.40612087537913855
134,2,0.998782025129912,0.08750765600370768,0.808,-0.008299999999999974,1.955597493274027,0.04143140078442723,5.154723802008514,5.1729563032506904,4.789062057111723,0.9257882294699207,0.37937968519516746,1.132594328648687,0.054729049296124044,2.709534088283209,2.715355975713312,2.4678712396447553,0.9088573511973715,0.41800335103601205,0.9458586505226791,0.023752777961710343,2.3703153358757048,2.401913963276087,2.2078367113633464,0.9191989159977949,0.3990433830498063
135,2,1.0,0.0867325848780173,0.8271,0.019099999999999895,1.8025059300361783,0.03823407205997152,4.989826833103636,4.997464850935387,4.661075774859134,0.932688055622184,0.36123616917483947,1.0197708013514069,0.04984157231521789,2.719343641784456,2.7306215470248767,2.533053761512989,0.927647320542407,0.3750062278565958,1.113671048266746,0.02835523225242823,2.4460761279524785,2.4854625580797673,2.2219951494628494,0.8939966294159469,0.45528879315745563
136,3,1.0,0.08595622714218087,0.8328,0.005700000000000038,1.87150622955542,0.03974753169957435,5.094568045946432,5.131586463119374,4.778142328209316,0.9311238079197816,0.36735326973294846,1.0673394173483293,0.052104296617836554,2.7323945451549134,2.7595151180984723,2.5447416427632006,0.9221698500846526,0.3906241941673238,0.75494556154098,0.019526707104279502,2.4150209262519717,2.506625502138376,2.3902359139391205,0.9535672209111554,0.3126041490301408
137,3,1.0,0.08517866793257281,0.8178,-0.015000000000000013,1.8616980995544279,0.0395822039090348,4.942824509920516,4.948849024542632,4.585322983254133,0.9265433155293931,0.37664661082300194,1.0579033793415802,0.05165048452620727,2.6603583810021103,2.6633161238354264,2.4441958163352235,0.9177265118702286,0.39765446148014333,1.213435035307035,0.03125430936988488,2.325816831826945,2.3766721959195642,2.0435624005181725,0.8598419268869734,0.5217242470267417
138,3,1.0,0.0843999925173228,0.8241,0.006300000000000083,2.0315752840298313,0.04324760453335652,5.268658816125864,5.291883793923602,4.88638270566047,0.9233730172365561,0.38559628834035675,1.2505629578116675,0.061094944750272606,2.865425149722497,2.8938643566909694,2.6097017862745653,0.9018051520765356,0.43643190537808274,1.4091538190161688,0.036955814405817064,2.476083546400153,2.5525397773595158,2.1283193454864624,0.833804575491517,0.5691059257935229
139,3,1.0,0.083620286286965,0.8378,0.013699999999999934,1.818139640233923,0.03873587342973761,4.967344616058738,4.985445036821217,4.642093339162902,0.9311291780127137,0.36601842246985017,1.0697040324332998,0.05248979737407427,2.61384397445324,2.6270170048202925,2.3993648747385357,0.9133419655586394,0.409245556692824,1.34782681674152,0.03525171229860203,2.626868243499448,2.681477988729581,2.3181215377295117,0.8644939646988418,0.5130926608431563
140,3,1.0,0.08283963474507404,0.8219,-0.015900000000000025,1.6938789759322712,0.03612887813965303,4.741294879149508,4.750965955701087,4.438744379692681,0.9342825061430412,0.35726083677717146,0.9287480350937634,0.046082844873630464,2.520263117063757,2.5256469782078357,2.3486847140564775,0.929933887958907,0.36851233063943145,1.0223751025373653,0.027358302179213465,2.554965445127821,2.6217421701131367,2.4141833033394002,0.9208317014770451,0.40015222299267433
141,3,1.0,0.0820581234988886,0.8283,0.006400000000000072,1.7344533552523234,0.03705727878315049,4.808153912504788,4.817518006143873,4.49445784834015,0.9329405396322924,0.3607316626744103,1.000940223046945,0.04987437303109563,2.502903652069546,2.514591381821251,2.306791852348508,0.9173625063002326,0.3999116075520165,0.8800344115739046,0.023816312117180473,2.0671642068553986,2.083045048529027,1.8880192825567055,0.9063746767694526,0.4257206121581537
142,3,1.0,0.08127583824992367,0.843,0.014699999999999935,1.7652963026043913,0.037765791336334883,4.880692023391993,4.895302610349756,4.5659299885298985,0.9327165962889628,0.36168975508877577,0.968469503556014,0.04860085004034559,2.5431836241806316,2.5499228642018266,2.3588500297236408,0.9250672100083329,0.38080990076681454,0.9024385820450945,0.024629882839087847,2.2867967093288697,2.3043371320142763,2.1202770314563666,0.9201244913338621,0.39462999853185143
143,3,1.0,0.08049286478457239,0.8059,-0.03710000000000002,1.8321611491623107,0.03923846706876246,4.878559044876673,4.886353612102598,4.529860614776327,0.9270431439011488,0.375553751078691,1.0198244388453261,0.05129682924824265,2.5859961715290747,2.589470037552235,2.380191882993154,0.919181086660919,0.39436424928746655,0.7277107237316734,0.02009502961047085,2.1015181197125745,2.1168042779291234,1.9877870476456778,0.9390509403119387,0.34627858637317044
144,3,1.0,0.07970928896469852,0.8368,0.03090000000000004,1.8660800060539509,0.04001246490111411,4.9931900462269825,5.002087271701103,4.640972139740691,0.9278071108428293,0.37372501122083707,0.9512513235660818,0.04816224189503811,2.52559855625297,2.5295174240510665,2.3438385738381253,0.9265951487633663,0.37664391326600133,0.9067647191005708,0.024994438203997466,1.991352797680371,2.0086766997862795,1.79236206893486,0.8923098819862674,0.45535111616425594
145,3,1.0,0.07892519671822079,0.8157,-0.021100000000000008,1.7716288285238084,0.038022790756524774,4.7924130305578725,4.798889087148914,4.459895497067388,0.9293599864624238,0.3696736523390968,1.0318342958137996,0.05206624540169969,2.531865120535956,2.5360246104686164,2.316622319875394,0.9134857407583752,0.40753920398231025,0.7406704958673621,0.020646427660270552,2.2219363733919244,2.265340930679616,2.140835610475178,0.9450390365007505,0.33334460191435744
146,3,1.0,0.07814067402968998,0.82,0.0042999999999999705,1.9610536172157231,0.04213619953469799,5.019164380854295,5.028192328817941,4.630009374747035,0.9208099197421684,0.3907131682509149,1.0697091018360967,0.054320454780048065,2.5509461653419088,2.5583936587268057,2.324026769825636,0.9083929527022815,0.4193381719965546,0.8635524362052971,0.024220515864271024,2.110616355811921,2.1302786898670316,1.9473995687260894,0.9141524899954019,0.4091470407814129
147,3,1.0,0.0773558069308596,0.8297,0.009700000000000042,1.832501029983805,0.039395799468334824,4.866194905226468,4.887192438789335,4.53062798558903,0.9270410450036147,0.3765778119605594,1.110675361819926,0.05631931941896174,2.635178977579872,2.65861672916993,2.4155006394620897,0.9085554201775651,0.42148004794724103,1.216286418834793,0.03407932214908271,2.666275726965504,2.8810990824857337,2.6117772471048326,0.9065211477737386,0.4561742833022945
148,3,1.0,0.07657068149125178,0.8339,0.0041999999999999815,1.6311529649762762,0.03510477902664338,4.509308710292471,4.523468213059973,4.219135548329792,0.9327213875734721,0.36173016082336057,0.9083844686195436,0.0463133177637121,2.3725111182492613,2.383437739918044,2.2035456063618226,0.9245240894933521,0.3828789090311469,1.039381745894721,0.02963340906721395,2.2381150316008904,2.285068654741297,2.034999961012711,0.8905640348224473,0.46440050275309874
149,3,1.0,0.07578538380871845,0.8371,0.0031999999999999806,1.6409569333221088,0.03536645407303958,4.574754327834061,4.588613948314428,4.285164921562156,0.9338691312517715,0.3586983727930649,0.9142211356186947,0.04686558441983758,2.3576407560328505,2.3609026402364353,2.1767088282820732,0.9219816146523028,0.3877694823858721,0.7981597037552626,0.023052682640376614,2.2084424055364464,2.2499609929148856,2.103631758769168,0.9349636573227236,0.36141295863288947
150,3,1.0,0.075,0.8432,0.006099999999999994,1.5431142141941754,0.03330360342395671,4.427798920717208,4.439796010774081,4.163002193250985,0.9376561858131773,0.34850593756055753,0.8037555818578838,0.04175082474071514,2.3164529143009056,2.321809084231075,2.1782502778932,0.9381694182726404,0.3469768700653487,0.7195286299431078,0.021003730323552152,1.9563273299965043,1.9733651521398874,1.8375115213792097,0.9311563647440718,0.3677956234166567
151,3,1.0,0.07421461619128157,0.831,-0.012199999999999989,1.6543086073200999,0.03575644771858283,4.684672206376078,4.692783808812842,4.391523990244051,0.935803601690954,0.3531322010253997,0.8382031777394762,0.04354340049232597,2.4392506758933576,2.4440291933012253,2.295799256068202,0.9393501773058591,0.34363142174081407,1.0367644716463873,0.03057922328817416,2.316008707608348,2.405047968904617,2.1701096850060684,0.9023145122525137,0.4476513703253791
152,3,1.0,0.07342931850874825,0.8452,0.01419999999999999,1.5947070312111746,0.034515067700933606,4.432871729885568,4.450658601500696,4.1551500036789815,0.9336034002423655,0.3597458100264816,0.9308181356656434,0.04859135003246329,2.3584801225207306,2.3691782120102847,2.1786653968380576,0.9195869630209987,0.39466863713516914,0.6907340903956114,0.020750718786600737,2.2646660233787768,2.2968567936779616,2.1905335437163065,0.9537092385322815,0.305004836591785
153,3,1.0,0.07264419306914037,0.8378,-0.007399999999999962,1.565491293519959,0.03393170311347921,4.4198769872658605,4.430316122732405,4.144506975680097,0.9354878660721767,0.35419340810396016,0.9465754697416268,0.04929161594333871,2.335796007150323,2.340809285530594,2.140883730667598,0.9145912671746436,0.40524749029623147,0.8650147222882008,0.025924074334656735,2.1033522232689514,2.1322665375607612,1.9489256015291196,0.9140159390010513,0.4112552870216987
154,3,1.0,0.07185932597031003,0.8236,-0.01419999999999999,1.673448836632536,0.03632652269232569,4.437352141704977,4.4454587598186,4.118455129163893,0.9264409708148882,0.3771277967561848,1.091119493829839,0.05715434268472828,2.4100345841915587,2.4182935364979596,2.1581477878614255,0.8924259008634399,0.45274018098617985,0.8747267847460038,0.02662924388878422,2.0683776448386113,2.1338195441724372,1.946288555917302,0.912114879270231,0.42290477608321664
155,3,1.0,0.07107480328177919,0.8322,0.008600000000000052,1.67956283563489,0.036508003322361045,4.518316230025937,4.542148093087976,4.22021066078126,0.9291222070023157,0.37172317078507106,0.993253189476335,0.052258786143732666,2.4190348843732314,2.433130311112286,2.221164397801741,0.9128834520935927,0.4105989524552415,0.7720988352835632,0.023566783502386928,2.086242070379228,2.104358318219956,1.957597418877508,0.930258598038289,0.3700907225704706
156,3,1.0,0.0702907110353015,0.8271,-0.0051000000000001044,1.6632893604763088,0.036198059702419606,4.486618615722348,4.51714402006918,4.199768884126649,0.9297398678163752,0.3707222527557133,0.9357516674352505,0.049268031093732415,2.3038369518658435,2.3136367199577594,2.115959263134721,0.9145598550032316,0.40617096043945256,0.8058549932049269,0.024709579260782807,1.916049875795116,1.9365706282267396,1.7609385347436741,0.9093076746475874,0.4205814281689906
157,3,1.0,0.06950713521542763,0.8181,-0.008999999999999897,1.6261167599200141,0.03542255690619313,4.37673223711473,4.387828785211564,4.0753878113899145,0.9287937180058896,0.37153672462083215,0.944722297512004,0.04961020466669809,2.2354521876959224,2.243406139917263,2.03479018363757,0.9070092781829568,0.4226090375414059,0.8288369342702716,0.02575993721079155,1.8603965936571965,1.8664657796875619,1.6723411482317307,0.8959934687426593,0.4455162609392501
158,3,1.0,0.06872416175007633,0.8401,0.02199999999999991,1.5767448520015728,0.03438473374838535,4.335737243198825,4.347017926948183,4.050980210639636,0.931898666791011,0.36366245543936154,0.881078974644167,0.04689796652510436,2.208192950148638,2.2114097608618217,2.028307939907301,0.9172013146567812,0.39900452294481775,0.6446969751060859,0.02034048467391847,1.9683819258782007,1.9866822075373871,1.8791680126048436,0.9458825399831743,0.32752636397961843
159,3,1.0,0.06794187650111143,0.8255,-0.014599999999999946,1.6733145910864275,0.03653833895363103,4.49929407288973,4.52041409439476,4.19930493675504,0.9289646587825018,0.37190602880769685,0.9226086401784356,0.049430248044795067,2.372935669170934,2.383032214160158,2.197188171145055,0.9220136253673771,0.3888047418077627,0.9048504062132494,0.028724359497954696,2.0313252243753572,2.0667623860390627,1.8581585850219329,0.8990673517061061,0.4454483188389961
160,3,1.0,0.06716036525492598,0.8303,0.0048000000000000265,1.6517857463156027,0.03610995720734491,4.427367141615182,4.441190811998731,4.122593810754488,0.9282631585241751,0.37308533344560213,0.8953987380130906,0.04802752152192456,2.2780911036199867,2.284100255205193,2.1012794285930174,0.9199593685979638,0.39304781823266977,0.874238172803552,0.02822478899590447,2.094666129668829,2.1351964989683707,1.9480173871746174,0.9123363531720899,0.41736397052535085
161,3,1.0,0.06637971371303501,0.8254,-0.0049000000000000155,1.5233739418367982,0.03333771864937939,4.243812242164975,4.252334689879743,3.9700985138267715,0.9336279487302178,0.3589635579776854,0.7811865271047937,0.0422185990783582,2.1928154969465745,2.1962918627967256,2.0526679218183066,0.9346061680547637,0.35624817874215636,0.7646275494571466,0.02484160284199995,2.0519972398112616,2.094869353006059,1.9503392576878409,0.9310075852172723,0.37262601265851386
162,3,1.0,0.06560000748267719,0.8427,0.017299999999999982,1.5438953279715024,0.03382665931230232,4.254211859854791,4.272003612758733,3.9832652609977615,0.9324114916713487,0.3629098359065268,0.8409039843839337,0.04548362601404299,2.167987984334492,2.1735154148427425,2.0042578963479856,0.9221272978609159,0.38787299120666774,0.7811512048248237,0.025678781144128533,1.9795835511158715,2.024354643164124,1.8675692529759302,0.922550433187372,0.3946038066362476
163,3,1.0,0.06482133206742717,0.8331,-0.009600000000000053,1.484755506167205,0.032571983084287985,4.165058632186248,4.1750685879475515,3.9021402961190463,0.9346290279837832,0.3564788967659391,0.8382428703404661,0.04541904832328339,2.1426366682233184,2.1467155197347743,1.9762935790805054,0.9206127038782836,0.39122025809235306,0.59995118630385,0.019727898405036484,1.7733528381462123,1.7992028163325828,1.6962279867476073,0.9427664137415731,0.33831461703414506
164,3,1.0,0.06404377285781915,0.8439,0.010800000000000032,1.5924157297966526,0.03497316657235906,4.300959487250621,4.308566730408445,4.003493408921926,0.9291937805364806,0.37024662392590935,0.8686693029202076,0.047256075515240005,2.2024954597817215,2.2065678629844854,2.028387382862229,0.9192499432665265,0.3944023126414513,0.5818930758675211,0.019245158835048563,1.8815349227793965,1.9221002822497664,1.831903391457259,0.9530737851581113,0.3092650945898739
165,3,1.0,0.0632674151219827,0.8445,0.0006000000000000449,1.4496668237144326,0.031878455809309494,4.035305343445163,4.041751326038487,3.772826522254911,0.9334632979394202,0.35924588112501343,0.8155943168105732,0.044488969171815,2.0667615190553286,2.0710135222537125,1.9036552014977213,0.9191901361542686,0.39462429955796907,0.8225143445862346,0.027260331627772704,1.971106883331068,2.0248861643820066,1.8503067829913267,0.9137831131144296,0.4172855117811918
166,3,1.0,0.062492343996292325,0.8267,-0.017800000000000038,1.497885287480632,0.03298497948852026,4.084142631013714,4.094867378371509,3.8110731564972484,0.9306951371921787,0.36675636058989597,0.8407333269258108,0.04630289451698109,2.0700883517519673,2.074104165600838,1.896068469950155,0.914162606390066,0.4061340310495817,0.8410773168526532,0.02831767063589444,1.7193750067204674,1.7480762020015832,1.5324359349985301,0.8766413805324158,0.489176191095695
167,3,1.0,0.06171864447603126,0.8422,0.015499999999999958,1.4807373365653422,0.032650124773937736,4.058913578353942,4.080478315239289,3.8023309073032316,0.931834607012304,0.3648112500995507,0.8687369777286482,0.048081220173910734,2.1346124176480425,2.146217804720104,1.9625358218568196,0.9144159635339345,0.4069764471275022,0.8786164274955002,0.029945392843526975,1.8705930886146158,1.9285589642422745,1.7167917665710961,0.8901940767186337,0.4696993872388432
168,3,1.0,0.060946401406070654,0.8358,-0.006399999999999961,1.4210255512684917,0.03137822685766588,3.930344595010528,3.9384900592030294,3.6731989335465327,0.9326414129098552,0.3615524076622817,0.7458155852187082,0.041184471697632986,2.036920368254324,2.040718316616624,1.8995500398106084,0.930824222208157,0.36614862163604606,0.7059910698831381,0.02439405482080799,1.9902525255583163,2.0392336963209323,1.9131260157358607,0.9381592797271898,0.35472436829848497
169,3,1.0,0.060175699471565536,0.8436,0.007800000000000029,1.4585090899959596,0.03224775746922544,3.9839434921593564,3.996224335799727,3.7205591310106034,0.9310185861390193,0.3660968316609898,0.836753940451598,0.04637169923517514,2.1074318122835134,2.1109072146925283,1.9379814926854744,0.9180799038425561,0.397049117117071,0.5479292154583326,0.019071471612226065,1.6218222538000884,1.6675451109776813,1.57495421384348,0.9444747272354658,0.33784788325260723
170,3,1.0,0.05940662318866806,0.8445,0.0009000000000000119,1.5079725589382955,0.03338844447364356,4.034567374573895,4.045404147791864,3.7538398365152257,0.9279270251809613,0.373763137143684,0.8594730816891408,0.04818333466619507,2.0283388697672997,2.0344159446210215,1.8439507052064494,0.9063784178854081,0.4237324909065828,0.7211117803267107,0.025121946596383494,1.6970851998420793,1.7444601076571447,1.588439238488246,0.910562088244919,0.42491194926089343
171,3,1.0,0.0586392568952593,0.8352,-0.009299999999999975,1.4079273988162448,0.031202297358301764,3.9385476051773383,3.957167065847883,3.698230894047987,0.9345652666437486,0.35747375427568334,0.8122513302936483,0.0453315179855546,2.0745915995269937,2.0871580836194887,1.922622349674411,0.9211675745903518,0.3915234836961845,0.7044384623157485,0.024701537955201937,1.938439592006636,1.9901749004237743,1.861333668402463,0.9352613521586084,0.3634049083709269
172,3,1.0,0.057873684741700834,0.8436,0.008399999999999963,1.4248483746825613,0.031622392016366865,3.8895487887797566,3.909243617700933,3.6403286738772214,0.9312104923300064,0.3663274204948513,0.7954503197232431,0.04459409879483652,2.038343786752627,2.046874899471907,1.8859892922943886,0.9213993941598352,0.3902434539712799,0.6482945364218073,0.023040396540396833,1.8128026659669771,1.8455221129020072,1.7279080970671492,0.9362706005998949,0.35762002593701886
173,3,1.0,0.057109990681606444,0.8399,-0.0037000000000000366,1.4123522506727084,0.031386192291504786,3.903738516662551,3.921319200775784,3.6581423570643437,0.9328856361248596,0.361794788417381,0.7687543115786817,0.04313575180768829,2.05513453133931,2.06113066858682,1.9124007136793957,0.9278405987673753,0.37406520101518237,0.494905246483365,0.017639492615813795,1.7307761073529673,1.760377886500932,1.689378442174816,0.9596680662313701,0.2859441174284919
174,3,1.0,0.05634825846263591,0.8367,-0.0031999999999999806,1.5420424868756322,0.034308701695679185,4.051697526541449,4.0636502230896046,3.7597018711486547,0.9252031215152526,0.3805917092216723,0.8719569100979003,0.04900941784223072,2.0820867546585777,2.0887609308102344,1.8980552032530111,0.9086991121175135,0.41878990303691,0.7344979123127469,0.026358470403118766,1.6365107994289272,1.7208649195330181,1.5562420703415663,0.9043371462089397,0.44881947162771885
175,3,1.0,0.05558857161731095,0.8408,0.0040999999999999925,1.4368455429050615,0.03200966572898847,3.9128639869684725,3.9172086632142786,3.6441732463573437,0.9302984751818416,0.36721070491853997,0.8521597355359686,0.04831181779685781,1.9926364924732909,1.998591821548962,1.8078144591216894,0.9045441093222252,0.4276543859127336,0.5742247687844866,0.020829568398424186,1.615667306577916,1.6497159299851978,1.5465538822086138,0.9374667808551078,0.3554102793605018
176,3,1.0,0.0548310134538551,0.8532,0.012399999999999967,1.374985337286739,0.03066149016633802,3.79903615874026,3.803430249004035,3.5461947244241423,0.9323674925687799,0.3619300474735878,0.8473528463566705,0.048500398182572256,1.978068890740876,1.9824913869361371,1.7922793055822792,0.9040540187930787,0.42837377925664594,0.5390267161004481,0.01971697974700374,1.6010121531611456,1.6287644180466405,1.5369853591650176,0.9436511150018291,0.33667871604606975
177,3,1.0,0.054075667047057796,0.8316,-0.021599999999999953,1.3502456845763156,0.030144175957849295,3.688199105138187,3.690339410144691,3.4344492455933033,0.930659449955213,0.36609891334099365,0.7913804334155538,0.04524278175416298,1.8718781317449447,1.8748693377618217,1.6996623631303647,0.9065497679744363,0.4227734808130043,0.7491248596923583,0.027567818457283632,1.5398052456378564,1.5743784032263073,1.3847308893815724,0.8795413393272556,0.4865062395485198
178,3,1.0,0.05332261522916461,0.8416,0.010000000000000009,1.3575585647584976,0.03033898602721592,3.7127020867662073,3.725041140105639,3.4688566290237337,0.9312263941668466,0.3656524366976457,0.7790887528554891,0.04482234591369695,1.903514172447523,1.9102046060023288,1.7441050735291506,0.9130462087928942,0.40928970434390993,0.6198166765089484,0.02304726237850853,1.7062512577697948,1.7383700182147448,1.624117383242442,0.934275997759305,0.36326225325049594
179,3,1.0,0.0525719405807935,0.8366,-0.0050000000000000044,1.3853393854544827,0.03099631242348976,3.6951223691434905,3.6968298377615585,3.4274459462844735,0.9271311087339098,0.3749102863339264,0.8103974470981019,0.047023117003151295,1.8606895675555035,1.8621479298573111,1.6765592325064793,0.9003362222865652,0.4355360836266569,0.9244188913845344,0.0342629685921254,1.56891233754544,1.6012605580683548,1.3074729307523192,0.816527281687098,0.5892100337682256
180,3,1.0,0.051823725421878956,0.8398,0.0031999999999999806,1.4421904653703324,0.03230699823723414,3.808228334666945,3.8178550228005195,3.534982848352336,0.9259080890293504,0.37870377998131816,0.8003290698044658,0.046372607542321885,1.9335709876350178,1.940246222701428,1.7674922200852101,0.9109628455425155,0.4139124319316362,0.5348472406275041,0.020180684829907678,1.6301937309591732,1.651799701444992,1.5628118195964904,0.9461267115070578,0.32808814711415357
181,3,1.0,0.05107805180264475,0.8313,-0.008499999999999952,1.3643148805628333,0.03059985675002451,3.5103706370396788,3.5154571006806163,3.2399203144677116,0.9216213487117908,0.38865265854473136,0.8941679235404772,0.05183757279305906,1.848601439463105,1.8537721766612538,1.6238642379565222,0.8759783205297598,0.4836996793641864,1.3722050008592168,0.052145312282453705,1.8952303460075917,1.946887731312232,1.3810957667355725,0.7093864451057448,0.7240307246820119
182,3,1.0,0.05033500149460625,0.8406,0.009299999999999975,1.3910264239663466,0.03123989545620047,3.6199616265280334,3.6308848598537424,3.353859042014977,0.9237029461050097,0.38426551645535084,0.8892055377086012,0.05177583379984585,1.8793092755049943,1.892809123330992,1.6709398206612593,0.8827830551242885,0.47315550947284096,1.2543769912197353,0.04748793355742328,1.7849619442780225,1.8987617209195522,1.425424818200369,0.7507128474814888,0.702747190348141
183,3,1.0,0.04959465598160315,0.832,-0.008600000000000052,1.3163396801614637,0.02960319054575527,3.5248669930523167,3.5359150080473283,3.2817594187631602,0.9281216916397199,0.3734437874552523,0.8376206010777675,0.04896894797760476,1.8343233749081964,1.8433068253752845,1.6420024265218702,0.8907917032139074,0.4566373696893485,1.1825661819079623,0.04568107321820846,1.6815961613214414,1.7059911641344887,1.2296111764418993,0.7207605773654319,0.7032402958024544
184,3,1.0,0.04885709645086388,0.8418,0.009800000000000031,1.2566019914064892,0.028295719383728612,3.4715755882931556,3.488131656209371,3.2539228537238114,0.9328555153390972,0.36196878317845116,0.681259550726212,0.040343626770593104,1.731215242425848,1.7402415419872355,1.6013513262485761,0.9201891160579604,0.39351522215782014,0.5721588844011185,0.022252027429825544,1.38086239091579,1.4037455965664445,1.2818488105177344,0.9131631925707414,0.4143489519050931
185,3,1.0,0.04812240378410249,0.8483,0.006500000000000061,1.2218714234951062,0.02754298145603089,3.4574800636821674,3.46131018262413,3.238471624971794,0.9356201710060567,0.35339941257501584,0.6714193833510828,0.03968306336210275,1.7391903525251209,1.7441221841998424,1.6097075129520688,0.9229327667147129,0.3860528448632737,0.611698098632989,0.024053035698976676,1.5034677732175956,1.5987891916695605,1.4771434107588977,0.9239138083091291,0.40685813791930103
186,3,1.0,0.04739065854864916,0.838,-0.010300000000000087,1.2641577734563745,0.028530379815158394,3.4637294670664547,3.469966784583631,3.231497288279764,0.9312761443817448,0.3649701241035521,0.6457286732412252,0.038506587685569596,1.7661895215491192,1.7694478990925173,1.6474162658692928,0.9310340624972288,0.365605539701571,0.5852737882030855,0.023195642028733945,1.6047883083833405,1.6461101075320002,1.5385490656600527,0.9346574440070641,0.3647046686130763
187,3,1.0,0.04666194098861497,0.8461,0.008099999999999996,1.1976457554163644,0.027064395596703275,3.3395180173298207,3.3440957189725484,3.1222781592419615,0.9336688963560114,0.358628325764796,0.6454891968305744,0.03859046041454115,1.684713488256667,1.6866152867164312,1.5582088840223565,0.9238674025396382,0.3831447906899133,0.6602478524856353,0.02620927887568372,1.4980448828115094,1.5175821366127542,1.3664291275647042,0.9003987952932658,0.44073970016605346
188,3,1.0,0.045936331016092284,0.8215,-0.024599999999999955,1.2543138930710567,0.028380911260741534,3.403460916788173,3.414363792121113,3.1756222768126015,0.9300773058045471,0.36854070716191617,0.6732575448106625,0.04055069749830907,1.781175804045348,1.7877377221204407,1.6561191113332547,0.9263770019737164,0.3779848924971819,0.5601456613734901,0.02249037222466106,1.4632420351073174,1.5016328603355804,1.3932472885829974,0.9278215237455837,0.38281135173403336
189,3,1.0,0.04521390820239145,0.8464,0.024900000000000033,1.28016533914816,0.029002862356883895,3.442405969132107,3.4442279558261992,3.1974807323468437,0.9283592065786581,0.37188098981565293,0.6933362537454737,0.041846812162353746,1.7730657976525008,1.7788733189289672,1.6381926472659574,0.9209158571518115,0.3910380848039792,0.8428846763144825,0.03376287188664144,1.67351271351329,1.7125010421659679,1.4907066565319798,0.8704851091048312,0.5036619498067464
190,3,1.0,0.044494751769314986,0.8387,-0.00770000000000004,1.148582598563052,0.02605463362517617,3.2158826850745785,3.219954212999274,3.0081328480619516,0.9342160319913312,0.3571593590443476,0.6047486345330084,0.036395191781801436,1.6482616273773427,1.6516670930481068,1.5369721548785271,0.9305580775615543,0.36690087573977176,0.592538408104611,0.024139882231386484,1.4662349896097744,1.4993590444828468,1.3773076306589136,0.9185976072422127,0.40412240350525935
191,3,1.0,0.043778940580469924,0.8235,-0.015199999999999991,1.20347574848334,0.027334923965683076,3.3450559951888996,3.3510309239560656,3.127467733028142,0.9332852498227633,0.3597774596940277,0.6431039163842366,0.03891103223644631,1.6891331927362432,1.6946784110761932,1.5679133598546895,0.925198167160811,0.3807301396655798,0.5520591778173601,0.022854900023841287,1.4331711897286963,1.4592228130670053,1.3507634328846982,0.9256731876646402,0.3852011411992357
192,3,1.0,0.04306655313261954,0.8478,0.02429999999999999,1.1734098590593267,0.026682976082612997,3.2041998946332395,3.2094795062849846,2.9872844005833414,0.9307691152828588,0.3662099424647906,0.6267526644492928,0.03823346229624793,1.618089077765286,1.6205093477985992,1.4944001361032722,0.9221792753823718,0.38734126140625685,0.42920624982373906,0.017760139682504325,1.54244796781401,1.5760886728395724,1.5165215188715309,0.9622057089841767,0.27826303303573946
193,3,1.0,0.042357667547075435,0.8496,0.0018000000000000238,1.169747446649625,0.02662846774829352,3.208500636439466,3.216884992574857,2.9966714895182256,0.9315444899134028,0.3645775953305454,0.6295197889614675,0.038748174033718163,1.6026426023403075,1.607225620288445,1.478809993570874,0.9201010579370155,0.3928011073973649,0.4584177648225494,0.018992580481813875,1.4781771786479012,1.4952465127186694,1.4232411449262523,0.9518438149295555,0.31012369250746197
194,3,1.0,0.04165236156113045,0.8389,-0.010700000000000043,1.1663068257683804,0.026580445942480508,3.1705511872160965,3.1753381109809853,2.9533879805935985,0.9301018906869046,0.3678561729175098,0.6986823776461834,0.042944137294708404,1.6504666674169053,1.6566912373465077,1.5021547279542904,0.9067197882692157,0.42332413700887983,0.5982483467948077,0.024946972473245805,1.4396266071945865,1.4864642183872527,1.3607627105006272,0.9154359006212702,0.4155579952503237
195,3,1.0,0.04095071251953399,0.8476,0.008700000000000041,1.116063358072006,0.025464555947915496,3.124046292763773,3.128518199102534,2.922674941638208,0.9342042320471795,0.35724930218132267,0.5646777429975179,0.034845619909899844,1.5574466627608081,1.5626125583450787,1.4570165311022696,0.9324234106024061,0.36256634432446105,0.5021516019000348,0.020982652208003064,1.4142852814318017,1.4612766781807134,1.3722876906171428,0.9391018902222119,0.35505679688023334
196,3,1.0,0.04025279736601039,0.836,-0.011600000000000055,1.0797704002596775,0.024665381344193077,3.016174867192205,3.022557190969911,2.8231096272277316,0.9340136344357546,0.35799330204778523,0.5439612646173985,0.03377728488671382,1.5356455700751117,1.5426149715642687,1.4435259608273068,0.9357655587664354,0.3542231848399707,0.5516905735797687,0.023327849973708396,1.4143027293286252,1.4577671651620658,1.3493417415934885,0.9256222624848851,0.3900795509612417
197,3,1.0,0.03955869263482096,0.8274,-0.008599999999999941,1.0885071412744824,0.02489469951293883,2.9818254484999103,2.9855293855796234,2.780024823920002,0.9311664582327587,0.3650472370279374,0.6237338922018099,0.03897816895731695,1.55805984460236,1.5664949494153615,1.436962926405645,0.9173109220313416,0.4003273008816911,0.573105568769323,0.02459377496923836,1.4268565686021455,1.500719973739622,1.3869789636891459,0.9242090383010986,0.40165604685184275
198,3,1.0,0.03886847444237134,0.8422,0.014799999999999924,1.1950305914176398,0.027366885289687927,3.1622466624934136,3.169378986924387,2.9354497282390333,0.9261908217191904,0.3779055585990768,0.7933479018372077,0.049843009983772536,1.7336140097660375,1.7449870083010104,1.5542132255847478,0.8906732360706756,0.4576266097112789,0.6849737574999984,0.029418611091143586,1.520453882741797,1.5827811737407502,1.4268873172788779,0.9015063743186733,0.45050610562735527
199,3,1.0,0.03818221847886444,0.846,0.0038000000000000256,1.0963040626870721,0.02513498084636886,2.9818456565852602,2.9856403996459027,2.777078696566838,0.9301450693446538,0.3676595602008904,0.6563409164148265,0.041232814797967005,1.5725423671132548,1.5738596432520437,1.4304722387201303,0.9088944143483887,0.4173756651273464,0.5278386092310455,0.022991340482376693,1.4005476026633796,1.416161925489678,1.314116170871607,0.9279420292402044,0.3768801633213113
200,3,1.0,0.037499999999999985,0.8474,0.0014000000000000679,1.0752470930288847,0.024678637221437573,2.9062846899789934,2.911081743746536,2.705224703390366,0.9292850361215779,0.3699730782522398,0.6363886819680854,0.04005327114960755,1.5337298516745097,1.537881086221582,1.4000313456619926,0.9103638494584311,0.41492879679774314,0.6276821675905981,0.02748597142469054,1.5021803576641293,1.5481872816414308,1.415238214118392,0.9141259787497527,0.41784740719592134
201,3,1.0,0.03682189381872215,0.8515,0.0040999999999999925,1.0472769183568966,0.02406556861971616,2.8730427043932436,2.876083458983718,2.6786315935478116,0.931346962544099,0.3645183960389724,0.5735183452871194,0.03615547349412694,1.4564342394173904,1.4585518889723166,1.3410631429935773,0.9194483604820389,0.39378252018885584,0.5643313617947594,0.025142904290548333,1.3764169828389257,1.3949445104042903,1.2756963002388295,0.9145140116498973,0.4100002897601562
202,3,1.0,0.036147974297015245,0.8447,-0.006800000000000028,1.0140617790472173,0.023329821384872346,2.8280002205234394,2.8320227666456765,2.644245024668422,0.9336948331811388,0.3585791018288969,0.5774732019758541,0.03659937336527671,1.46051608495279,1.4646242254731083,1.3459750463250248,0.9189900200443858,0.3953898268737796,0.38617985378791836,0.01746335474854386,1.3114277028302592,1.3407533899178399,1.2839333026503719,0.9576207767254276,0.2944728504320016
203,3,1.0,0.03547831533774918,0.8493,0.0046000000000000485,1.0436267281265195,0.024037995427433595,2.844533401270116,2.8489991514794974,2.6509695379847664,0.9304915154531045,0.36688854757709244,0.6201349192911215,0.03947094502006862,1.4891340582550097,1.4967074524403512,1.3621915669455396,0.9101254655507419,0.4164399543838284,0.4992487606553553,0.022677332110955867,1.4014727547030954,1.4369152553934554,1.3473960819916069,0.9377004502764943,0.3562315135845235
204,3,1.0,0.034812990376575266,0.8453,-0.0040000000000000036,1.094544899100723,0.025240677658388513,2.884699821198283,2.890907212160907,2.675689831255283,0.9255536877834442,0.379431125227462,0.6117793139563178,0.039148335103812826,1.4580316688784267,1.462133649510983,1.327991325927738,0.9082557715376366,0.41959261037650963,0.6143270828728272,0.02775022428820256,1.2926149666472482,1.3503038490324193,1.2024654339487446,0.8905147051238796,0.4752591442339966
205,3,1.0,0.034152072373872994,0.8427,-0.0026000000000000467,1.0395456132148349,0.02399870686130788,2.7796627969900642,2.7830369235464945,2.5815963064793084,0.9276184173616765,0.3739826335555876,0.6023436324995586,0.0386943254997972,1.4350146564417656,1.4390971916355015,1.3069746927660992,0.9081907048131697,0.4197473731683815,0.512126213062778,0.02354634028729589,1.2632901233227256,1.3042424805780521,1.1994894605948805,0.9196828645416117,0.40539081530676063
206,3,1.0,0.0334956338067492,0.8466,0.0039000000000000146,1.0309153726286948,0.02382536542859811,2.7640461087986647,2.7660232764740424,2.566729114592313,0.9279492101253112,0.37297329062168244,0.6046998241204102,0.03894379978070476,1.4443172970541514,1.44581303466048,1.3132834841180772,0.9083356233722677,0.41867519370831047,0.5630760309381078,0.025905552375989953,1.1683745324700547,1.1830769031738464,1.0404885104584782,0.8794766491232772,0.48193110624185853
207,3,1.0,0.032843746661090224,0.8378,-0.00880000000000003,0.9789875487690055,0.02264860469491863,2.6437050279415706,2.651318041267472,2.463954310413431,0.9293318538410915,0.37030891813647615,0.5552890393502563,0.03591413539533038,1.4147091665367628,1.4195184460425332,1.3064022335324732,0.9203136719882605,0.39251109166813086,0.45828013431577946,0.021081075454566302,1.3299965459141712,1.3773110565108464,1.2988323476258412,0.9430203449583742,0.3445724244349682
208,3,1.0,0.03219648242366763,0.8503,0.012499999999999956,0.945638419900298,0.021904053582374173,2.574831948524605,2.578213306483242,2.3985311975997554,0.9303075085247394,0.3672621898458867,0.5752813041454531,0.03747292102205664,1.3552075510758668,1.3609724491510997,1.2334088627993405,0.9062702654772135,0.4244968261051608,0.5547881097672122,0.02573992946216527,1.2718805901779113,1.3695770569924293,1.2521787360644423,0.9142813320881762,0.43619512244432324
209,3,1.0,0.03155391207429908,0.849,-0.0012999999999999678,0.9600187563955602,0.02225954161123879,2.668144760328988,2.672916441797192,2.494563363733919,0.9332739792107554,0.3598075976496822,0.5434441021233857,0.0354513612661928,1.4088789619689392,1.4150950871587111,1.306584313114382,0.9233190935160395,0.38572802688735636,0.6659073821990378,0.03095939145877478,1.3941154886078928,1.4407670033608557,1.277645245588504,0.8867813064903346,0.4776558238112582
210,3,1.0,0.030916106078064522,0.8473,-0.0016999999999999238,0.9213821445496757,0.02138714888130849,2.564901196846322,2.567448752732152,2.3964240267836856,0.9333872873737128,0.3592271490545377,0.56528123335122,0.037023404467362984,1.3367472119522537,1.3407003520372291,1.215703359414897,0.9067673903177574,0.4228781839205444,0.4496590949432844,0.021265857607144764,1.1660893772872662,1.1892262229203556,1.1009384632049164,0.9257603322111138,0.3856128901451358
211,3,1.0,0.030283134377578798,0.8463,-0.0010000000000000009,0.9380257434639859,0.021795695059868885,2.6145112359486626,2.617972089738795,2.444153357034779,0.9336055822041409,0.3587767115193245,0.4960277779519015,0.03278689772129481,1.3301781106889583,1.3320789696216924,1.2362810040735197,0.9280838691002088,0.37290327811437723,0.380850660956742,0.01802885169877803,1.0962757470756717,1.123595736057004,1.057080999087728,0.9408018962383269,0.3474040741781122
212,3,1.0,0.02965506638532189,0.8288,-0.01750000000000007,0.9239455151984226,0.02148976451897146,2.527251253616638,2.5320406566356097,2.357446632812902,0.9310461214889434,0.3655930584172052,0.5102797682425144,0.03374506158526794,1.363670380601097,1.369244892336031,1.2706085468353407,0.92796296261335,0.374195828773216,0.4527240485624421,0.021642156250856602,1.2615235333451085,1.3220085939421684,1.2420739156949094,0.9395354322100906,0.3588708704957569
213,3,1.0,0.029031970976026777,0.8367,0.007900000000000018,0.8952892399401499,0.020842844827584354,2.4759241607761635,2.47872945689317,2.311397186529153,0.9324927252957446,0.3615980061600476,0.528882170836433,0.03510139839605933,1.3051294152068151,1.30702727280641,1.1952422621245955,0.9144738499283239,0.40523350763083105,0.44189873577026667,0.021114684371741868,1.1815801837965891,1.2340331328340992,1.1521994380374025,0.9336859824754007,0.3739896300142591
214,3,1.0,0.028413916479126725,0.848,0.011299999999999977,0.8682646998730724,0.02023534019828512,2.4293426763701045,2.4346916827888037,2.2746076774459194,0.9342487566394785,0.3574072560115,0.47287441453210016,0.031684258172912955,1.2861720203934384,1.2871263415303205,1.197114866444594,0.930067878978603,0.3676603183977276,0.3979657092679566,0.019198706757966665,1.1981249203544373,1.2171652680283378,1.1502672316192106,0.9450378365482824,0.3321571085844936
215,3,1.0,0.0278009706712622,0.8452,-0.0028000000000000247,0.8533493574976595,0.019907891091098757,2.398828869314882,2.4003007190410637,2.243488022916725,0.9346695624925754,0.3557358210973093,0.4567640122470872,0.03067649974207968,1.2453867251782849,1.2473604306072263,1.1607216259827253,0.9305422855346434,0.3667647992487623,0.32820901843549394,0.015955548722372155,1.0516190204829625,1.0732670430229792,1.0218518016527685,0.9520946425174914,0.31209878486674947
216,3,1.0,0.027193200768848267,0.8495,0.0043000000000000815,0.9407819348122316,0.021970680351643134,2.4301282366452672,2.434263324303441,2.2451207872127097,0.9222998862931749,0.38713262972120277,0.5783751656781048,0.03889659293265613,1.3001193667832203,1.3058788205868874,1.1708123728496633,0.8965704584468851,0.4448631259982931,0.49172715867740757,0.02399698404671942,1.0899510593938848,1.1095459503948404,0.9946340812094825,0.8964334292379098,0.45114608994540917
217,3,1.0,0.026590673420703724,0.851,0.0014999999999999458,0.8263577534199045,0.01931726577592671,2.2901651923603468,2.2946533947941745,2.1406931426525015,0.9329047896771866,0.36082888525968,0.5632101671327385,0.03777161321789405,1.224454488181356,1.22628512390178,1.0892977746430368,0.888290784427949,0.45996823284894567,0.5114018323104276,0.02521863346755775,1.1090537865277947,1.13323491510412,1.011281134927258,0.8923843780742873,0.4611154468094059
218,3,1.0,0.02599345470074211,0.8488,-0.0021999999999999797,0.8788800612474473,0.02056517627169424,2.3268574345684163,2.333871005112656,2.162064705147763,0.9263856915876977,0.3777111773977082,0.539909649608597,0.036651876079699025,1.2539034356367995,1.2683242909688346,1.147668993614147,0.9048703094202173,0.43058311690038703,0.4339672350147481,0.021523660765868216,1.0019192059857167,1.0448766051526304,0.9504944557769268,0.9096714876088965,0.43313595789173315
219,3,1.0,0.025401610100726092,0.8497,0.0009000000000000119,0.7930597489079644,0.018575270111737888,2.226359479098006,2.2295844763150066,2.0837713962532805,0.9346007825176816,0.3562137005966651,0.42696572075181904,0.029085475580524645,1.1666218565698268,1.1678792652220982,1.0870336857434635,0.9307757386520086,0.3659846747661748,0.28020340983874426,0.014021970049840796,1.1296733367580916,1.1568555702774643,1.122408471812487,0.9702235098745166,0.24803932315767055
220,3,1.0,0.024815204523085634,0.8466,-0.0030999999999999917,0.778984273561888,0.01826275978666166,2.1926929548022613,2.1946764207409766,2.0517768323810275,0.9348880832684653,0.35526372803625733,0.42038857683737624,0.02866849855682617,1.200738586928609,1.2066048451015001,1.1310033938388049,0.9373436535004668,0.3501083261700582,0.35315624663937545,0.017654291168973737,1.1500431182195647,1.1997359140209076,1.1465806535689,0.9556941991726678,0.30708087465982414
221,3,1.0,0.024234302273800454,0.8502,0.0035999999999999366,0.709304990439308,0.016646290893620373,2.086255157703997,2.087754318463283,1.9635693531437144,0.9405174429666722,0.33998956830377597,0.38929966901078866,0.026500471540502366,1.1669807467106332,1.174969801131259,1.1086026655624168,0.9435158797230839,0.3335956228139213,0.29706033880302096,0.015003207010431816,1.2354229099595246,1.263839428101899,1.2284320339662065,0.9719842621234969,0.2404523474578866
222,3,1.0,0.023658967055348343,0.847,-0.0031999999999999806,0.751711948961225,0.01765955763041159,2.108112694655886,2.11107567245493,1.972706189162992,0.9344554602673097,0.35658053332102785,0.45139923613511357,0.030900433810661748,1.1632292638850819,1.172733476054667,1.0823781671231745,0.9229532448963018,0.3880569808117451,0.3654814985704076,0.01848744875902658,1.0684631873290171,1.1021411356560662,1.0397781421109118,0.9434165085327009,0.3420627897195518
223,3,1.0,0.023089261959719498,0.8522,0.005199999999999982,0.766586341144597,0.018026437315592354,2.098959630384156,2.10294687624152,1.9582469177863595,0.9311918146435659,0.365222050985466,0.44149291733235335,0.030171941993856727,1.1196871951831544,1.12385637358239,1.0335072540358698,0.9196079484262526,0.39430022887788363,0.535578367396609,0.02713154664574304,1.0755219367302522,1.144146453255829,1.0110525840728983,0.8836740971366092,0.49797065880854785
224,3,1.0,0.022525249461497584,0.8538,0.0016000000000000458,0.7634711076384271,0.017970112413591924,2.1107001375380214,2.1148540113491947,1.9722371623229527,0.9325642109285558,0.36171462447951547,0.42245038875182295,0.029038722252504454,1.1452743762035493,1.1499360615609717,1.0695272896329149,0.930075441047647,0.3688639137742666,0.4347745273249635,0.022410699833590706,1.0078827077315142,1.0485227563590958,0.9541337597137456,0.9099790671467086,0.43137413112635853
225,3,1.0,0.02196699141100894,0.854,0.00019999999999997797,0.7190806838759525,0.016941419187478438,2.0082130227088317,2.0086788933097193,1.8755569626078163,0.9337266244269851,0.3580699237305021,0.3671778896945252,0.025342891572026464,1.0539815757260427,1.0558099410673571,0.9899065977838878,0.9375802966802479,0.348372208917971,0.47273097020441635,0.024320865240627227,0.8860200147342807,0.9014119585763767,0.7675085315970068,0.8514514637781742,0.533544347015896
226,3,1.0,0.02141454902753976,0.8405,-0.013499999999999956,0.6921416505490691,0.01632124572455346,1.936193225797494,1.93895774452559,1.8112142719631594,0.9341174541203393,0.3574755046795417,0.41389799395350346,0.02864004828156666,1.1236596898987512,1.1381558150748408,1.0602297358841728,0.931533030751555,0.3683481730939358,0.28372310511208904,0.014833386859721112,1.1311560464470352,1.2205898802009127,1.18715667845144,0.9726089800580933,0.2508257865952839
227,3,1.0,0.02086798289262284,0.8491,0.008599999999999941,0.7629844690590291,0.018007602610270953,2.067147728660574,2.074055498181107,1.9286163315922922,0.9298769166416418,0.3691001172680636,0.42784335946476265,0.029715388949430512,1.1892189948010532,1.2025307620536918,1.1238462267307376,0.9345675488678759,0.35976835329336243,0.34769283209390095,0.018099185026988904,1.1775770152865241,1.2264671979913546,1.1761511715685806,0.9589748290821157,0.29526122502425156
228,3,1.0,0.02032735294339415,0.8373,-0.011799999999999922,0.7450256946894652,0.017599998447970323,1.9406275800948614,1.943074345878011,1.7945681079167217,0.9235715101296423,0.38390967042375385,0.4827056035593083,0.03369478020805423,1.1353174953673504,1.1369627314821094,1.029407409263237,0.9054011892908165,0.4251723465277183,0.35525954179556085,0.018519364839914218,1.0060709636883047,1.0284880459319825,0.9651831329747668,0.9384485670906841,0.3531157886648097
229,3,1.0,0.01979271846601995,0.8506,0.013299999999999979,0.7403570371461664,0.017503975290638525,1.951814024033851,1.9624777476676434,1.8174681359953122,0.9261089141802135,0.3793174083338414,0.4566617263666138,0.0320453681675059,1.1243142201928336,1.1327182880690347,1.0365860996129066,0.915131423701116,0.40616912795809945,0.22191079272803887,0.011681859964303992,1.15593592984157,1.2047217960085093,1.1841073676595706,0.982888640002,0.1919749935954093
230,3,1.0,0.01926413808919542,0.857,0.006399999999999961,0.6848809468340304,0.016205612022229123,1.8751859097056038,1.8773426797411454,1.7479570043549562,0.9310804166003249,0.36523362472447,0.3928035041217446,0.027608467612315436,1.0875187616763358,1.0932326286302083,1.020226921914711,0.9332203368216594,0.36119239314663854,0.32991496750882926,0.017345518269718,1.171219814397528,1.2159999310015057,1.1703897171126894,0.9624915982920726,0.2816849266493468
231,3,1.0,0.01874166977771553,0.8518,-0.005199999999999982,0.614069676649836,0.014542761717065445,1.7673678925389218,1.7702133959896669,1.6602933358252765,0.9379057573434881,0.34744869998044997,0.32720181289669004,0.022963231386015654,1.0213924681237518,1.0258238688167074,0.9722415429938212,0.9477665440903674,0.3203487622125742,0.2876307660713293,0.015233985886803343,1.1536818915764895,1.2352295884906423,1.2012746998808044,0.9725112732675646,0.2493154899729648
232,3,1.0,0.01822537082611828,0.8517,-9.999999999998899e-05,0.6255113891400765,0.014825695355260297,1.7341162318282113,1.7370810849068414,1.6205512202994188,0.9329162779907467,0.36070903302751756,0.36413301061524006,0.02559473453725735,1.0463452727226366,1.0534324031283047,0.9884973681590842,0.9383586124972163,0.3480046406362117,0.28079359961005157,0.014846402346656545,1.1254571207002992,1.1778238478294205,1.1438636075822972,0.9711669615879253,0.2494929344223544
233,3,1.0,0.01771529785240183,0.8499,-0.0018000000000000238,0.6010450170542755,0.014257540005251262,1.7078217492985237,1.7132077253040146,1.6043147041958945,0.9364391022175688,0.35193662178219165,0.3305262172616009,0.023344807532861885,0.9972904777536518,1.0035187048592291,0.9475242845177333,0.9442019166455392,0.3314242185547536,0.39687503994886836,0.0210309615414493,1.0842468020881109,1.1461913813077214,1.0752883732579466,0.9381403409534631,0.3660375471567372
234,3,1.0,0.017211506791815812,0.8519,0.0020000000000000018,0.576596461040817,0.013688974984374182,1.6804415643967439,1.6828109803067577,1.5809457230089272,0.939467201908047,0.3431219943954477,0.30726908427502375,0.021765829382467183,0.9588830442559098,0.9620993217460225,0.911713154328199,0.9476289336464946,0.3204447988893824,0.22436247483744134,0.01200250469033578,1.0299538772536843,1.0898987410611498,1.0665556010811001,0.9785822855824916,0.21783740009377084
235,3,1.0,0.016714052890727183,0.8494,-0.0024999999999999467,0.5979027545230765,0.014205861623372647,1.651267401908625,1.654902214516521,1.543118168844491,0.9324527789669508,0.36208717851026906,0.4736230748266025,0.033650013361862054,1.0289135602166979,1.0390888582667168,0.9248712592500117,0.8900790840860047,0.46031376506191,0.5701508952697701,0.03067158417035574,1.0748459565678747,1.1433285712053955,0.9910234880462406,0.8667880021588354,0.5304489371577834
236,3,1.0,0.01622299070056202,0.8541,0.0046999999999999265,0.5683907882012527,0.013515117004664817,1.6248720339662277,1.628604495975252,1.526199386636629,0.937120946435003,0.34980649326202046,0.4037759145980006,0.028728377373101067,0.9525540361737118,0.9684702054422246,0.8802837996021271,0.9089425721673805,0.4238876738372943,0.5393294364959279,0.02889856502196974,1.0597361636262277,1.1145111301585144,0.9753252937931008,0.8751148978246476,0.5089280285108314
237,3,1.0,0.015738374071823238,0.8477,-0.006399999999999961,0.5634860743195899,0.013408207755059251,1.578952661091231,1.5818657853329765,1.4781011025016768,0.9344036113598236,0.3568733174876558,0.3177283791046709,0.022659546483973433,0.9323712707662181,0.9385496003861923,0.8831330753297895,0.940955145009278,0.34077452734420194,0.4833824008690152,0.026325052103321995,0.9883278741500693,1.0239379275129843,0.902657424003915,0.8815548284224178,0.48909113413876826
238,3,1.0,0.015260256148185282,0.8456,-0.0020999999999999908,0.6046342435562361,0.014397581879422658,1.5697124129595337,1.5741159103349442,1.4533610662003034,0.9232871967421088,0.3851879099409423,0.3536374870416244,0.02526661244724,0.9233718505605392,0.9264843267231446,0.8563374072221368,0.9242869874020336,0.38298491212066554,0.4813343558030684,0.026007418684644526,1.0067347687701487,1.0475677675142105,0.9304384679323332,0.8881892864460547,0.4781143661016873
239,3,1.0,0.014788689360666423,0.8486,0.0030000000000000027,0.5306483808139337,0.012645222899229275,1.5093247536660277,1.5119134517705013,1.4157311318032402,0.9363837130659639,0.3515799893462502,0.34223077654242795,0.024554797052065935,0.9123493597036529,0.920512475871024,0.8545298947714833,0.92831973185686,0.37510935137126694,0.3538658122930389,0.01932654649110247,0.9629600997436621,0.9865600152957624,0.9209125357201621,0.933458199645442,0.3674771284783629
240,3,1.0,0.014323725421878947,0.849,0.00039999999999995595,0.5308920284285347,0.012660038852141252,1.5141282304346335,1.5155347939077173,1.4195067544641964,0.9366375223917373,0.35062554000207835,0.3400555238939412,0.024451621158993873,0.8770179627227752,0.8871484509536718,0.8193867384595908,0.9236185190638183,0.3877406602234355,0.3214552823355836,0.017749617299107272,0.8777781633462858,0.9128993162644656,0.8544306312376204,0.9359527562512634,0.3662147177484167
241,3,1.0,0.013865415320358426,0.8526,0.0036000000000000476,0.4969405809044396,0.011858621695932348,1.4264861853891004,1.4293832027454705,1.3402188121189427,0.9376203732804007,0.34836690743618376,0.28960629753301426,0.020826154412289608,0.9139485104348302,0.9268931636388154,0.8804879971847441,0.9499347192594528,0.3168737562636083,0.22785278096672987,0.012574333375957892,1.1194722049481622,1.176421081222431,1.1541445734432993,0.9810641715498809,0.2035358983989073
242,3,1.0,0.013413809314972198,0.849,-0.0036000000000000476,0.4765281663579705,0.011379472624025744,1.3826865201416307,1.3854390273113615,1.3009082407753114,0.9389862816986657,0.34463933756232684,0.29205551513076533,0.02105280137868478,0.9295161024316699,0.9366403080677085,0.8899430679729402,0.9501438922790918,0.3142016737168195,0.22879130989506982,0.012628572861931758,1.0707726478401653,1.128819935897816,1.1053908867612807,0.9792446532954783,0.2136693632925349
243,3,1.0,0.012968956929407856,0.8512,0.0021999999999999797,0.5294421792596985,0.012651399857002045,1.3828275544381672,1.388000683770018,1.28305764445559,0.9243926602187348,0.3828692721377012,0.365439789106948,0.026263614543582527,0.8390771494360759,0.8434135070615123,0.7601316500469294,0.9012561972065869,0.4355258504567209,0.5307920961249907,0.02927145910612198,0.9198395370376048,0.9783750397230996,0.8218745533568474,0.8400403934972166,0.5770485772273245
244,3,1.0,0.012530906946742542,0.8544,0.0032000000000000917,0.5073722885630436,0.012131553048290887,1.4061320071072823,1.408746837627334,1.3142073851972969,0.9328910987376099,0.3608283475509658,0.3769932727979191,0.027228423465768183,0.8377139934055063,0.8510351343607246,0.7629789455585309,0.8965304894628829,0.4500262330170133,0.4504716770279108,0.025187466571436067,0.8928194526733626,0.9717424735900693,0.8610217423037019,0.8860595947017593,0.5045495768254901
245,3,1.0,0.012099707404093205,0.8508,-0.0036000000000000476,0.43898424887517007,0.010502880405775728,1.2702845211045646,1.272324320831633,1.1941951514967633,0.9385933538676664,0.34557946789232324,0.2772745042747216,0.020044678044358735,0.74920612027284,0.7509561428379732,0.697892552818625,0.9293386297915972,0.37009108277672104,0.23665907802909117,0.013157378283091742,0.8500725221848189,0.8633959285967359,0.8303283084286162,0.9617005141292895,0.2783986917031978
246,3,1.0,0.011675405587348867,0.8533,0.0024999999999999467,0.488995805552253,0.011706263611306321,1.3092945280820174,1.3106229905621878,1.2159834589461633,0.9277904231060153,0.3734803705844413,0.2976014873399297,0.02158136864860379,0.839525273955499,0.849915467980086,0.7961090858937014,0.9366920780789398,0.3544878237408547,0.3977234825377144,0.022191803381888177,1.003594188340255,1.0438672570094822,0.9651295467023517,0.9245711465912804,0.3962991089012481
247,3,1.0,0.011258048025985219,0.8522,-0.0010999999999999899,0.43481219014468303,0.0104152615536961,1.2295568311534284,1.2311535000683427,1.1518148075515877,0.935557432511583,0.3536332596654295,0.2650611362829046,0.019251334805924173,0.8214025795152909,0.8383720349852422,0.7953680253491981,0.9487053386307178,0.32269333320004545,0.24139420911278764,0.013623037070358222,1.139555336869336,1.2202935962477373,1.1961794871962856,0.9802390923581016,0.21183193242371381
248,3,1.0,0.010847680487962004,0.856,0.0038000000000000256,0.42604404864470646,0.01021141050855248,1.239323563001685,1.2406153412001604,1.1651664830932946,0.9391843260346295,0.3437714422316097,0.2996840249993388,0.021838945748758574,0.7548839899063134,0.7610501538853675,0.6995619023094368,0.9192060454071044,0.3969934837756087,0.37331860737710343,0.021067529162173994,0.8725832815961069,0.9588167597089475,0.8831550448871515,0.9210884519323969,0.4278314921347549
249,3,1.0,0.010444347974704237,0.8508,-0.005199999999999982,0.38454534189587614,0.009221849916464655,1.1692986733288713,1.1711434367806777,1.1062105939621252,0.9445560289378008,0.3288683641461045,0.22506893383153956,0.016460296258625055,0.7880209395855424,0.807003195143366,0.7749826775391259,0.9603216966215956,0.28561288479201324,0.34661467094826126,0.01983279882013695,1.0828924199605763,1.1564001091963947,1.1032313204817588,0.9540221517692661,0.32008227646554227
250,3,1.0,0.010048094716167114,0.8514,0.0006000000000000449,0.37359558746756033,0.008964311339049534,1.1251043086982477,1.1279270495244715,1.0642583362699838,0.943552454672197,0.33205417895858264,0.23403811101579985,0.017134585091203858,0.784417831221108,0.8005848210152012,0.7656123285649024,0.9563163183559349,0.29835898892235957,0.23676119184840771,0.0134225936507129,1.0194031343269243,1.0876310226320818,1.0615486512326582,0.9760190994402643,0.2322547222740616
251,3,1.0,0.009658964165985781,0.8525,0.0010999999999999899,0.42791910371142255,0.010273168849890905,1.1407695649560659,1.1411540343388713,1.0578836404868937,0.9270296635280965,0.3751144112333527,0.27914059589232343,0.02047361092211112,0.743577145891127,0.756210662669757,0.7028051570669334,0.9293774760933962,0.3754023337521923,0.530013383411044,0.030218525384246124,0.9845744414737606,1.0118757483671217,0.8619620074092174,0.8518457022022494,0.538317227306544
252,3,1.0,0.009276998996710232,0.8499,-0.0026000000000000467,0.37662196992457037,0.009046181240037648,1.07638695354344,1.077566793410589,1.0096069208358662,0.9369321020373835,0.34989458826562314,0.2389642471799525,0.01752449056499005,0.8458173387342527,0.8583411025154511,0.8244061882233217,0.960464535377975,0.2825246495154111,0.4353423666430862,0.025178862212417285,1.2649067417892828,1.3127871657360415,1.2385020010261645,0.9434141598510924,0.34416953618831186
253,3,1.0,0.008902241095125588,0.8532,0.0032999999999999696,0.3635758761679851,0.008737308635183023,1.045237099625086,1.0461879556374698,0.9809800443714719,0.937670940566062,0.3478405773181945,0.2538892232093187,0.01865778663407367,0.6976148634161567,0.7123682621031588,0.6655890767560211,0.9343328614766899,0.3639389533159403,0.3687251859051111,0.021208603616090255,0.8777948458295942,0.9719166843276416,0.8992574006699307,0.9252412425577655,0.42005849961061575
254,3,1.0,0.008534731557658895,0.8548,0.0016000000000000458,0.3660351912598449,0.008800077696575415,1.0328476661544836,1.035484707189989,0.9686314348568053,0.9354377019100508,0.3543941698805144,0.2591049418556383,0.01904570354563865,0.7530072014369933,0.7620271450233448,0.7166240419938638,0.9404179978023092,0.34409357753973424,0.2590399795844866,0.014964122236593543,1.0178356088263127,1.056526737529955,1.0242787305406702,0.9694773394332858,0.25450080281941695
255,3,1.0,0.008174510685872416,0.8532,-0.0016000000000000458,0.33984670412085594,0.008174191478449031,0.9881813785415305,0.9887829439552678,0.928545077997985,0.9390787772730758,0.3439112611314737,0.19384165644502854,0.014280535042588593,0.7136380499635893,0.7265059168448696,0.7001687278735872,0.96374814249874,0.271624609218803,0.26494302121588603,0.015309507292823434,1.0790491600525736,1.1156684608068512,1.0837534686444108,0.9713938385070422,0.24553378198540782
256,3,1.0,0.007821617982044048,0.8546,0.0014000000000000679,0.34924764046689877,0.008404006295957773,0.9722079290695483,0.9734140662571602,0.9086039075039329,0.9334197429441035,0.3592314257312695,0.3150663511752723,0.023224195644297643,0.6905571827653751,0.7069727763353749,0.6328852012736054,0.8952044865916821,0.45624947366932217,0.5522341313815938,0.032244533566881936,0.9119271821511564,0.9781118659051683,0.8073042586556862,0.8253700694128554,0.605568231971024
257,3,1.0,0.007476092144835487,0.8506,-0.0040000000000000036,0.32140912685688033,0.007737267546142656,0.9292954638412361,0.930429592834119,0.8731525844863399,0.9384402551370798,0.3458632258123138,0.211748409504462,0.015608698559081728,0.7126793381893805,0.7364417066601616,0.7053432003423755,0.9577719376339765,0.29711596528450784,0.17746132717662919,0.010228738727870607,0.9542863110102712,1.070684153377904,1.05587500622469,0.9861685193467257,0.185962352314115
258,3,1.0,0.007137971065048549,0.853,0.0023999999999999577,0.3825185582372637,0.009212071291403516,0.942289805918429,0.9437334711694587,0.8627354479329441,0.9141727768369355,0.40594576725196696,0.44350870750212523,0.03276638241861239,0.7216945155955341,0.7481359137428079,0.6025009079467027,0.8053361653666433,0.6145380045408089,0.797898928668479,0.04620062862846681,1.0617533686100806,1.172906044466133,0.8596892683757993,0.7329566357270336,0.7514917797840303
259,3,1.0,0.006807291821469859,0.8542,0.0011999999999999789,0.3054479935281077,0.007358955023110444,0.8595192460745597,0.8599931290397044,0.8039214747772327,0.9347998811047676,0.3553707434977103,0.2627682708766956,0.01939378902193559,0.6963647345884475,0.7163648504023106,0.6664318579202786,0.9302967022265406,0.3773428748254921,0.5676741477194012,0.03351794944340586,1.0761594945999382,1.124140290775777,0.970276803913837,0.8631278603529479,0.5275000133046578
260,3,1.0,0.006484090676804943,0.8473,-0.006899999999999906,0.27598600273572393,0.006651514441285536,0.8396705335864925,0.8406013874457011,0.7940040549408617,0.9445666719080339,0.32868368210672155,0.1578093893723993,0.01164810599554439,0.6489689626442466,0.6670046879611963,0.6480674902064132,0.971608598715149,0.24316939400214063,0.17270071444371277,0.010041626558283393,0.8516120073806022,0.9115104825188441,0.8950004511439256,0.9818871733331084,0.20279271892244402
261,3,1.0,0.006168403073701431,0.8478,0.0004999999999999449,0.27144491734294657,0.00654430149929237,0.8160383407662034,0.8177752529041997,0.7714104296867936,0.9433037096038933,0.33263745559807717,0.1818083572299945,0.013438433426419528,0.6429909281999991,0.6621006973475364,0.636649872034581,0.9615604916066169,0.2827541560173364,0.26095616660147575,0.01518495961947187,0.8576734025654279,0.9460732959106117,0.9093716151770876,0.9612063030505494,0.3042605329964964
262,3,1.0,0.005860263630862452,0.8494,0.0016000000000000458,0.27650164830765406,0.006668436515980236,0.7940467452766367,0.7966614877632952,0.7471388039888757,0.9378372313271234,0.3482183510636066,0.16405956403922606,0.012117256012658544,0.6387302872078521,0.6619401471477273,0.6412871392854493,0.968799282002654,0.25685264551395653,0.2956543192713144,0.017360850947132318,0.9317329272934295,1.0564528495682886,1.0142391572709344,0.9600420479583122,0.3173165942843237
263,3,1.0,0.005559706139250394,0.8511,0.0016999999999999238,0.26106051581350137,0.006297988504664103,0.7747653730960571,0.7753812247913607,0.73011195686028,0.9416167602674906,0.3369542894905998,0.2423844622367044,0.017876893597139423,0.6964132607519781,0.7246454822600589,0.6829062101435869,0.9424004245685855,0.3480468794850069,0.2299391923698732,0.013472793001483891,1.0340104269647683,1.1078047157569655,1.0836785253574435,0.9782216215038979,0.22237608671397652
264,3,1.0,0.0052667635583811484,0.8525,0.0014000000000000679,0.23326776419620218,0.0056292672145653476,0.7251443365798718,0.7256164066666434,0.687099221397653,0.9469179790932075,0.3216845977125116,0.15154181389947682,0.011225210692135617,0.6744177481660473,0.6925472909491004,0.6757638939077717,0.9757657025582644,0.22470021631483808,0.12537899653972528,0.007388013282609141,0.9640939074854267,1.0205693452978042,1.0128385375721216,0.9924250049628655,0.13004853112985834
265,3,1.0,0.00498146801270987,0.8525,0.0,0.2843773137679595,0.006864606032414813,0.7084448174783319,0.7099932262987272,0.6505535679943629,0.9162813726910751,0.4014106769531945,0.22323986412784205,0.016553272728500098,0.5176247482026901,0.5241203821075657,0.47420048072169574,0.9047548939326979,0.4312774165126015,0.2807068993603287,0.016556238812742402,0.6973990321648136,0.7176430742398687,0.6604658771968874,0.9203264142087016,0.4025054329212065
266,3,1.0,0.004703850788108141,0.8492,-0.0033000000000000806,0.22329618531391365,0.005391452406507845,0.6727055254106831,0.6735056560545766,0.6354122306875838,0.9434400809784648,0.3319374925270497,0.22970959189583653,0.01699270458140135,0.5694759093821363,0.5911361763323035,0.5446792662501722,0.9214108154057282,0.40337016564065775,0.25201979785781,0.014815562805040691,0.8333233683543056,0.8936633636971586,0.8573915569334052,0.9594122258590819,0.3024273738482973
267,3,1.0,0.00443394232843309,0.8527,0.0035000000000000586,0.2097494512937644,0.0050656531863254705,0.6378475009987836,0.6396808059498835,0.6043150860684321,0.9447134890518785,0.3288394968473262,0.17630594136815617,0.01309155332831233,0.6991741451546379,0.7275031503326513,0.7058165648681616,0.9701903896160813,0.25216313073070257,0.3625198324718342,0.021305850950891197,1.1010068589563848,1.1882636434645977,1.1316138448280173,0.9523255643239175,0.3292621017960389
268,3,1.0,0.004171772232188925,0.8528,9.999999999998899e-05,0.21678761729302706,0.005236929400634997,0.6036496894046012,0.6060494182627542,0.5659496837694572,0.9338342166745359,0.35912818493595444,0.19637071032155304,0.014562804187671826,0.5563332277036803,0.5776259492096021,0.5432221578335908,0.9404393250976901,0.35297318323425025,0.43786511742642575,0.025777557652935105,0.8823099298549922,0.9888901291819393,0.886666942864036,0.8966283682066202,0.49627132440682037
269,3,1.0,0.003917369249281083,0.8546,0.0018000000000000238,0.20782878532377674,0.005021606069501609,0.6023320803460271,0.6040725175388867,0.5671955740252503,0.9389527872185273,0.3450402063997379,0.2032466315209569,0.015096955231776059,0.537977523994976,0.55306477800331,0.5143650989876294,0.9300268602253152,0.3777976262124567,0.16652395200588327,0.009951911806022689,0.7292488639599949,0.7951901166300425,0.7775584196437229,0.9778270672414272,0.22834996423802237
270,3,1.0,0.0036707612778634846,0.8553,0.0006999999999999229,0.18618451089271743,0.004499618243910029,0.5705649587604119,0.5708073038729653,0.5395890340004582,0.9453085661996806,0.32631606276209973,0.17369619001701977,0.012928033988349158,0.6208803371194362,0.6720046360126972,0.6491685972488365,0.9660180338942941,0.2797579173192701,0.3100722796270594,0.018571571509338965,1.0458115569233468,1.1430257206564116,1.1001649366770305,0.9625023451311602,0.29648962814988883
271,3,1.0,0.0034319753612792386,0.8547,-0.0005999999999999339,0.17294029323558524,0.0041803575330563525,0.5332458795949517,0.5339001800137526,0.5051149118167841,0.9460849250954982,0.3243162298168135,0.20643744261328334,0.015376793407633775,0.5482567207708146,0.5784493050309946,0.5403583866760688,0.9341499453389701,0.3765342672371535,0.31109870937492096,0.018455292478371608,0.9070667047320534,0.9486790031556495,0.8962195900048158,0.9447026728995427,0.34297225083001937
272,3,1.0,0.003201037685094957,0.8558,0.0010999999999999899,0.17223135101308978,0.004163972348006583,0.5240837096376129,0.5257617858027274,0.4967512779772464,0.9448219543358632,0.3286332848089903,0.2811167325934284,0.020958918112734072,0.5902271517243184,0.6275775657292678,0.5610944325994057,0.8940638786974383,0.47628566692020224,0.4258618486845659,0.025200345779888143,0.9771778939564684,1.0893191032813616,1.002625628010372,0.9204149867473705,0.435807902858205
273,3,1.0,0.00297797357422927,0.8572,0.0013999999999999568,0.1601051927356647,0.003871433615322764,0.488706392278757,0.48918699734461685,0.4622448019784639,0.9449245472336767,0.3276101873542531,0.14555068775293104,0.010830903426830114,0.49068163300080186,0.4986582935632845,0.4769435024140107,0.9564535646362051,0.2966295821239618,0.12859391287411545,0.007690468350332432,0.798526465307531,0.8223297692138317,0.8122129677807073,0.9876973912268842,0.16103901180606575
274,3,1.0,0.002762807490175642,0.856,-0.0011999999999999789,0.1551195635908772,0.0037514321595937955,0.4762659331368096,0.4773599489657655,0.4514537083026581,0.945730175480295,0.3256994733367133,0.1643228572950821,0.01225865841031237,0.587019114677376,0.6015998095657478,0.5787230196661972,0.9619734090074535,0.279927609146754,0.2620672280248029,0.015715139319391846,0.9108981532376107,0.9371539631764146,0.8997656162481601,0.9601043708959737,0.2877020082797795
275,3,1.0,0.0025555630283198767,0.8555,-0.0004999999999999449,0.17674834203430193,0.004275134234278772,0.45803083592831195,0.45904869503417134,0.42365756894424705,0.9229033292703516,0.3858874297755041,0.17249824096606253,0.012872734376289566,0.5053136245465666,0.5374599335738638,0.5090260523715227,0.9470958123087078,0.34136867202195564,0.2639235899950228,0.015740793976658812,0.8848150628637914,0.9640502344473342,0.9272202431066685,0.9617966055868662,0.2982810771109705
276,3,1.0,0.0023562629153526696,0.856,0.0004999999999999449,0.1283417954040431,0.003104717952239814,0.41297501156071453,0.41329601404926397,0.39286383081123594,0.9505628350057289,0.31077375582366107,0.17221907119364627,0.012827741138621975,0.4704379380039344,0.4882475967810208,0.4568657374116101,0.9357255220992199,0.3660824463357926,0.21322469133075778,0.012780288588367016,0.8086096430790566,0.8791309455651662,0.85288132249421,0.9701413956551362,0.26369298604804187
277,3,1.0,0.0021649290067773026,0.8558,-0.00019999999999997797,0.12508495573955747,0.0030263006849236937,0.3928651231753299,0.39398068977082973,0.373596763863338,0.9482616117065316,0.318391601495595,0.20132919982498398,0.014974972838927009,0.5156566423940507,0.5617232949416793,0.5244040667010075,0.933562968499381,0.3904326702556732,0.457372772490293,0.02742585950374477,0.9354924733515096,1.0228493429076695,0.9148939109306049,0.8944561750705358,0.4889112264599012
278,3,1.0,0.0019815822845129782,0.853,-0.0028000000000000247,0.1398765539509617,0.0033845407539619355,0.38950164861628334,0.39133508187200894,0.3654828342729849,0.9339383336772261,0.35911671862719324,0.21137192653509385,0.01575046066733411,0.5766321861931858,0.6138592560902074,0.5763203237290271,0.9388476560567428,0.3665628308584896,0.25516809588341755,0.015132446265036587,0.8530403642282084,0.9342388197193052,0.898716538764137,0.9619773015150013,0.29912780987132054
279,3,1.0,0.0018062428545939507,0.8583,0.005299999999999971,0.13445371575348858,0.0032536552406813553,0.3670618809339414,0.3679790374294953,0.3425358045265658,0.9308568415183042,0.36629713608884834,0.2429309014235261,0.01813902040553296,0.4773750716939429,0.5380078806325269,0.48003858602671795,0.892251960068586,0.508888955096665,0.49244815518086027,0.029216956983301456,0.7209206633812942,0.8546394122753584,0.6985009488617068,0.8173048642842778,0.6830823143161939
280,3,1.0,0.0016389299449645815,0.8555,-0.0027999999999999137,0.11725921433506761,0.002837812830220653,0.34131510598476966,0.34168813584846836,0.3209377847664025,0.939271081126246,0.34355120028089237,0.10386574686070206,0.00774491696451833,0.4744843329105801,0.48963343561993095,0.47849013546825325,0.9772415457339652,0.21890237391732023,0.14572150064168896,0.008784042321057112,0.8988224331108147,0.9558329075434395,0.9446596102224097,0.9883104073600626,0.16212490395611115
281,3,1.0,0.0014796619033708683,0.8548,-0.0007000000000000339,0.11955296252657532,0.0028935507344866147,0.32712812402671876,0.3276498297448193,0.30505983295673045,0.9310544528416742,0.3654621958361814,0.16306108168167105,0.012159889774697712,0.507564063746854,0.547911414464858,0.5230850711476853,0.954689129188118,0.32126206981232863,0.37556216231422324,0.02266657382967857,0.8496511131830486,0.9187805627385142,0.8385169751752815,0.9126411780806515,0.4420192670698146
282,3,1.0,0.0013284561953483542,0.8549,9.999999999998899e-05,0.12342880539377031,0.002987555485231257,0.3126270669233048,0.3135532209312669,0.28823766872426987,0.9192623436244451,0.39481164125833823,0.1991789036713296,0.0148457750154861,0.5183633980614739,0.5737706271995924,0.5380896758520145,0.9378132137545516,0.38424569407523734,0.518839778764894,0.031005974298514195,0.9783275937158846,1.0711712205781025,0.9371302279608457,0.8748650168691836,0.5303333792254967
283,3,1.0,0.0011853294023068588,0.8552,0.00029999999999996696,0.07978330513763472,0.0019312596570315733,0.2713645888835425,0.2715891076252154,0.2596059950313011,0.9558777864889537,0.2940077976492141,0.08949393154508857,0.00667512892295068,0.4094708575563955,0.4355540581293144,0.4262606712776377,0.9786630690766804,0.21855995339732515,0.1368880801879396,0.008287310209657296,0.7319990177630208,0.8087426950442147,0.7970736268693611,0.9855713464290201,0.18700582496171614
284,3,1.0,0.0010502972197121263,0.8567,0.0015000000000000568,0.07826495134913967,0.0018946058106546761,0.2617478937035842,0.2623853648608205,0.25044097196798915,0.954477671042487,0.29900890601920427,0.1888576915794126,0.014062082892808029,0.5161271364977654,0.5384048446168018,0.5041949978997442,0.9364607375674605,0.365913121447026,0.26501979833810757,0.01601715097822679,0.9325613705985195,0.9914172858633494,0.9553391242944257,0.9636095092516911,0.28418483404262973
285,3,1.0,0.0009233744553646757,0.8559,-0.0008000000000000229,0.0720506206750354,0.001744256650342717,0.23208881809612955,0.23259794858236604,0.22115722452560008,0.9508133062802372,0.3104441707535972,0.12704578131119543,0.009501050190745881,0.42160964059664036,0.4439950118245844,0.4254302907152078,0.958187095316487,0.30133509549593496,0.25641627956403773,0.015500848168877016,0.7388548029907537,0.7738326468251007,0.7301147543947254,0.9435047195155928,0.34704556094933664
286,3,1.0,0.0008045750277758752,0.8569,0.0010000000000000009,0.07782637284874372,0.0018841556875878798,0.22976175785696906,0.2304174222314218,0.21687611005043977,0.9412313875841312,0.33872639892140827,0.09843917442134488,0.0073546227353462066,0.38447302893250507,0.41890455167245216,0.4071741032686427,0.9719973240754335,0.2560366189916174,0.22343441554750415,0.013446804238829043,0.8125166887147831,0.8645707020222576,0.8352002895538809,0.9660289061384125,0.27499055545668444
287,3,1.0,0.0006939119646417303,0.8553,-0.0016000000000000458,0.06725618741822739,0.001628308507672374,0.19302869325524635,0.19349788849179286,0.18143329497828786,0.937649999141894,0.34842585464375997,0.1722512873969613,0.012865354804668973,0.4741675180941791,0.5083531462606494,0.47828067257412854,0.9408433410755331,0.3632709555671183,0.3126053416157594,0.018802762948726428,0.7218671761554561,0.7907916360259385,0.7263810218388081,0.9185491964598654,0.43305105418512474
288,3,1.0,0.0005913974014141677,0.857,0.0017000000000000348,0.06347408416848045,0.0015367861096603605,0.1809289318752872,0.18219308004325277,0.17077868823586073,0.9373500255625392,0.3508232957028266,0.14716751788272278,0.010971874197559683,0.5769286069908358,0.6247408850460509,0.6071596829534884,0.9718584096008596,0.25508791919735824,0.4167589794869662,0.0252306762826896,1.0618535166510008,1.1470710636158656,1.0686832079692807,0.9316625986541008,0.3924825533387976
289,3,1.0,0.0004970425799702666,0.8581,0.0010999999999999899,0.05297431964570984,0.0012826061681180869,0.16264849295928221,0.16324300987674126,0.1544085604153221,0.9458816063971761,0.32569818927846783,0.0746147005051775,0.005558861849104706,0.39376951483625394,0.4227169950804606,0.41607970417437584,0.9842984999814796,0.18948826075630934,0.23823243818997786,0.014249288724144432,0.7628318113985216,0.8331958101083887,0.7984112515444071,0.9582516400803113,0.3123000832296433
290,3,1.0,0.0004108578473795032,0.8562,-0.0019000000000000128,0.05211940820008282,0.001261931477878048,0.14710744898290837,0.14794714701066217,0.13846272522115144,0.9358931754944405,0.3542948270834218,0.07190791598039627,0.0053709472777915485,0.4112177640161176,0.46492106514342607,0.45932651167102073,0.9879666595216987,0.1748657822515125,0.2781667425515309,0.01676150993669896,0.8461109160131477,0.9274322762022491,0.8847338115791548,0.9539605578555658,0.3287591937263323
291,3,1.0,0.0003328526547690002,0.8549,-0.0012999999999999678,0.045530493229273473,0.0011024137660261852,0.12795832617958627,0.12841638386346071,0.12007390059900877,0.9350356783654481,0.35582282598298903,0.075844329359936,0.005665138724381145,0.470101859032102,0.538544740384623,0.5331773234210976,0.990033479930206,0.16133594858802036,0.38646369765563265,0.023349175525222646,1.0118458353014421,1.1170249972673412,1.0480414573423398,0.938243512818638,0.3819393075235617
292,3,1.0,0.0002630355562871722,0.8555,0.0006000000000000449,0.04225083584248367,0.0010230154162227903,0.10560179457155956,0.1063857314730023,0.09763601461226394,0.9177547896734742,0.40009581289693885,0.09618835753206705,0.007172923845371662,0.37003692033947333,0.40879910028153393,0.39732165364411853,0.9719239924219231,0.25994259557620214,0.18562676984369306,0.011195448048637188,0.8073990623478633,0.8412363765646572,0.8205006541890982,0.9753508966644582,0.22990709117732022
293,3,1.0,0.00020141420816564278,0.856,0.0004999999999999449,0.024276312416691582,0.0005878036726856626,0.08489143033978079,0.08527229868439005,0.08174365881923483,0.9586191539386615,0.2859689407932559,0.06613043344997727,0.004928670639751518,0.36090962307127983,0.38725458704104065,0.3815663742997517,0.9853114386978555,0.18323266885271294,0.30541107104271503,0.018339376014497706,0.7946935685089217,0.8115463993490625,0.751885552058852,0.9264849830668165,0.38431300207419045
294,3,1.0,0.00014799536787963308,0.8566,0.0006000000000000449,0.019671336483641205,0.0004763059471646242,0.06467039078884532,0.06511138922027968,0.06206877082228562,0.9532705654966059,0.3041784075168171,0.1437555612612604,0.01073896289695728,0.2747175874897521,0.2863740593204525,0.24767811118439126,0.8648762104085674,0.5232848853065258,0.26030843152575295,0.015761118709576968,0.7038508327629451,0.7480772288020521,0.7013265583180462,0.9375055559987157,0.36983465730078074
295,3,1.0,0.00010278489340696252,0.8543,-0.0023000000000000798,0.01812336722303666,0.0004388263075954005,0.050464923042197594,0.05069383861060272,0.047343526834014764,0.9339108682946091,0.35912800675198336,0.33096556940697525,0.024754668469372375,0.47916076545848474,0.539949424208131,0.4266229186484436,0.7901164433578429,0.6907192601428688,0.3995197568051927,0.024046868392322635,0.9414740282494662,1.0167930178907896,0.9350143868958922,0.9195719978835644,0.42435557946090285
296,3,1.0,0.00010000000000000002,0.8552,0.0009000000000000119,0.018687713979589647,0.0004524923954310467,0.047042531145014554,0.04760718351937059,0.04378600350636227,0.9197352220709812,0.3972514557514434,0.11465780074995667,0.008537228063184394,0.3642440109709105,0.424025119093742,0.4082289621925468,0.9627471199466768,0.31478294027218345,0.28715798787090535,0.0173221649741024,0.7525454523922473,0.8455828019451412,0.7953304468386388,0.9405707460098478,0.3815822512222567
297,3,1.0,0.00010000000000000002,0.8573,0.0020999999999999908,0.02168978565401042,0.0005251836615675276,0.04917097477974606,0.04935107702854123,0.044329242544412076,0.8982426567666421,0.44110953161222716,0.08500161311430852,0.006324595494531736,0.4019895671454342,0.4470485257377533,0.4388930822366516,0.9817571403738711,0.2114522864807487,0.31998912190240386,0.01915968626009528,0.8181428910156446,0.8662734707083798,0.8050072434823633,0.9292761128008259,0.3911164240578667
298,3,1.0,0.00010000000000000002,0.8576,0.000300000000000078,0.014317663422398536,0.0003466801256456875,0.046643491299755827,0.0469857157044372,0.044751112930300235,0.9524408058782441,0.30695951403778143,0.05346912943100845,0.003986386628260916,0.3624564673970358,0.42661928621271794,0.4232553325470145,0.9921148579672365,0.14751876222541843,0.15200272348564645,0.009057758629029009,0.6536901371977984,0.8283657849865828,0.8143004393063267,0.9830203686159202,0.23253023846626025
299,3,1.0,0.00010000000000000002,0.8559,-0.0017000000000000348,0.015494352432037818,0.00037517270833635887,0.04600949955823672,0.046269157688368416,0.04359771353390277,0.9422629611617672,0.33676420262788936,0.18787770876505416,0.014027088768408396,0.3556986604037017,0.4036153896008272,0.35722167262850035,0.8850546382331707,0.5281934673350234,0.42649536693340523,0.025578316271756336,0.8345523511868869,0.9382964487014892,0.835764356732353,0.8907252690649842,0.5110468700098327
300,3,1.0,0.00010000000000000002,0.8555,-0.00039999999999995595,0.012915026474856033,0.0003127189322759268,0.04499750328455897,0.04521700243589148,0.04333335545143056,0.958342064201811,0.2870165127425606,0.0860189787604134,0.006405526218243796,0.43076020903330353,0.4629435342878277,0.4548817933705338,0.9825859088199693,0.1996910971731908,0.18665758641393362,0.011291917386409275,0.8193588598844922,0.88239007301379,0.8624217235682866,0.9773701562877948,0.2278093220841566
