round,phase,gate,lr,acc,delta_acc,params_global_norm,params_global_relative,params_local_mean_norm,params_local_rms_norm,params_disagreement_rms,params_disagreement_relative,params_retained_ratio,bn_mean_global_norm,bn_mean_global_relative,bn_mean_local_mean_norm,bn_mean_local_rms_norm,bn_mean_disagreement_rms,bn_mean_disagreement_relative,bn_mean_retained_ratio,bn_var_global_norm,bn_var_global_relative,bn_var_local_mean_norm,bn_var_local_rms_norm,bn_var_disagreement_rms,bn_var_disagreement_relative,bn_var_retained_ratio
1,1,0.0,0.14999588770241343,0.1,nan,7.361869096604793,0.13140343816776673,14.687864487155078,14.697918620245416,12.72130868128933,0.8655176974355107,0.5012212022410024,32.632877048694496,nan,46.40153992503203,46.55088693039156,33.197595468084366,0.7131463578282702,0.7032714237807048,143.01647955626714,4.3345493422912815,177.39484034035428,197.96831839582995,136.88586690745132,0.6914534003049586,0.8062042801350483
2,1,0.0,0.14998355126061338,0.2229,0.12289999999999998,6.318991411306708,0.11345686817798199,12.215650335264177,12.234425266562289,10.47623539606102,0.8562915844272186,0.5172865330849414,13.84975680462207,0.4244111478113187,27.648904478858803,27.88811608945788,24.20601665751879,0.8679688717542675,0.5009152104095849,75.02043610785925,0.4390420455525032,101.47562977005343,103.98687856310465,72.00836988257093,0.6924755399679826,0.7392951024581728
3,1,0.0,0.14996299202742988,0.3347,0.11180000000000001,6.060217820074643,0.10870521964635041,11.829645358758963,11.848468269012649,10.181353481858622,0.8592970205681321,0.5122907438292312,16.25214224286403,0.45047542417177405,28.092744707833518,28.27829686037275,23.141519625862195,0.8183491297275092,0.5785174219140006,42.90813249529765,0.3420091258436263,63.00650112079654,64.1232606914483,47.65170152316315,0.7431266128598191,0.681011193004256
4,1,0.0,0.14993421225741435,0.3128,-0.021899999999999975,6.1561715495927665,0.1100760841860879,11.617600288433986,11.632902145297086,9.870459074274986,0.8484949800996465,0.5299004438740763,14.04109492723726,0.350737276312811,25.416304739372528,25.55766191704916,21.35513355283752,0.8355667909744047,0.5524443884041935,39.67270029932663,0.30952849181918723,59.595386266599604,62.47654533721736,48.263811242010455,0.7725108835884951,0.6657008668733355
5,1,0.0,0.149897215106593,0.2616,-0.05120000000000002,6.246587082828205,0.11124146079538061,11.903633036353726,12.040275738722485,10.293123338917736,0.854890997704831,0.5247630755880253,18.721290124708908,0.4575166133525494,29.959175589453388,30.80211526374925,24.45983613413914,0.7940959873923242,0.6248933676031931,91.56415997879655,0.7179640367777322,122.65738635698905,151.89053964639257,121.18885921233704,0.7978696994195273,0.746503432840995
6,1,0.0,0.14985200463212037,0.4375,0.1759,5.371549955924095,0.09538061902075091,10.842456689022308,10.866114683364206,9.44557559985344,0.8692689038442064,0.4954181612145745,13.382352775702108,0.3058958920457856,22.328431658873193,22.492614937863994,18.078450166614974,0.8037504850617333,0.5993413679990388,90.28593718745292,0.5056196753425048,95.73672124749721,95.81413983988428,32.07489960193853,0.33476165058246243,0.9430648554805526
7,1,0.0,0.14979858579183433,0.3511,-0.08639999999999998,5.272194874679094,0.09326004462524301,10.766447625890564,10.861724421390678,9.496368643068443,0.8742965918345936,0.48968750491116575,12.079325238353753,0.29134254027245493,21.444514315160514,21.75437956378715,18.09262073437555,0.8316771655714306,0.5632827613080562,27.4999802607737,0.22195588686630036,40.72844886418275,41.79214081402599,31.469574172038076,0.7530022046986518,0.675203230854137
8,1,0.0,0.1497369644437128,0.4971,0.14599999999999996,4.854190883587747,0.08560526530036612,10.48439550984355,10.521041507901442,9.334299329388374,0.8872029753307399,0.46299196544333554,11.192047655738632,0.27075375480393016,20.14423018426731,20.432016075295117,17.094014962043023,0.8366288915909694,0.5555956992826485,24.08106579084898,0.1958258337225979,37.003391999404954,37.821883289150115,29.16499857825674,0.7711143930958944,0.6507799552872403
9,1,0.0,0.14966714734523098,0.3836,-0.11349999999999999,4.567619962953214,0.08030451224526551,9.966520923434826,10.01175355624098,8.909099643806831,0.8898640576558348,0.45829633008777604,8.98612522207891,0.21282779424560985,17.39032842302419,17.503861305915862,15.021142226074009,0.8581616343701971,0.516731196990023,17.845676678188916,0.14766840544100654,29.231436117822327,29.615567327152156,23.635009210521925,0.7980603224457857,0.6104960634249665
10,1,0.0,0.1495891421526205,0.479,0.09539999999999998,3.960917074415561,0.06950854576123011,9.288079018491384,9.372228283948306,8.494103729576116,0.9063056801682752,0.42645169862679666,6.946152531615935,0.16657524426850817,14.681592739856121,14.850277340612037,13.125612510979986,0.8838631232215781,0.4731198211730267,15.324673456693912,0.12874928258248908,24.512002723421475,24.770355890969423,19.460856432561542,0.785651062835816,0.6251905904877787
11,1,0.0,0.14950295742002973,0.5396,0.06059999999999999,4.149821438320959,0.07273108085165324,9.590161146109232,9.66669703134803,8.730636460049984,0.903166451967771,0.4327165492943316,7.106540519995807,0.1732827335531144,14.748455472384217,14.96422993174605,13.169102467862848,0.880038767643171,0.481849813582342,12.534354769577819,0.10886787692177581,21.63266595411931,21.84510333355919,17.891295714154136,0.8190071450323112,0.579417941189584
12,1,0.0,0.14940860259858588,0.4563,-0.08329999999999999,3.8841198658023184,0.06803802007261935,9.170349720579175,9.197361633325574,8.33697026279369,0.9064523713611135,0.4235519891990562,6.379105578560207,0.15682888183644797,13.64100901661982,13.716205711295952,12.14254136403331,0.885269703561922,0.4676417683463214,11.114866454833875,0.09639367150541954,19.127997336659842,19.168106389693012,15.616531036932193,0.8147143342927939,0.5810784191992557
13,1,0.0,0.14930608803535828,0.5495,0.0932,3.6860508615600245,0.06453503370017133,8.927000927671097,9.017839557584523,8.230094721936604,0.9126459468903081,0.4129103258110283,5.963327910439345,0.14942830801341253,13.065748245897524,13.233397327497919,11.813615976096099,0.8927122554952968,0.45640921577619964,10.333932745574439,0.09012343450842644,18.95328707487567,19.192203508174767,16.172522599014,0.8426610624530654,0.5452316901416545
14,1,0.0,0.14919542497222413,0.531,-0.01849999999999996,3.478566508421851,0.06091682828708432,8.855399604643429,8.882678558338307,8.173221714062,0.9201303030817963,0.392818694099115,4.850007220474947,0.12093832373822856,11.536722495039376,11.600018680312022,10.53745060487253,0.9083994513523568,0.42039732017133813,9.532354491496719,0.08287740812918738,16.862322546475596,16.954318294423455,14.020811089231001,0.8269758090977134,0.5653049551877467
15,1,0.0,0.14907662554463533,0.5453,0.01429999999999998,3.45856415386187,0.06059043086119411,8.749431366770317,8.781080078034346,8.071288680394572,0.91916809876096,0.39529016331246813,5.008504732179977,0.12811284957594485,11.385446269599475,11.44944291356834,10.29585469084816,0.8992450347646955,0.4399041208910092,9.214565334693042,0.08151673228188908,16.520556132476944,16.705269364741387,13.934051891497706,0.834111176974333,0.5577636285850319
16,1,0.0,0.14894970278028788,0.611,0.06569999999999998,3.3044341103266315,0.05789176446015393,8.49833932047496,8.597827118200199,7.937464728941924,0.9231942698800729,0.3888329220233997,4.211816088350536,0.10816989345046969,10.25231361814886,10.346550798593688,9.450487866954274,0.9133950096914223,0.4108161577202136,8.908930815262176,0.07753032122363454,14.990222580673247,15.011409269811477,12.08194352860639,0.8048507179738044,0.5943161128740261
17,1,0.0,0.14881467059769313,0.4937,-0.11729999999999996,3.913049629217983,0.06859285754666161,9.261610962046797,9.290970352685074,8.426753365716186,0.9069831294080999,0.4225020512363658,4.622635890496526,0.12181767152296627,10.565272924652321,10.613778996534709,9.554242076461605,0.9001734518479204,0.43753113842524294,6.551159968927703,0.05744915878190383,14.163034843007177,14.192618191169313,12.59018306300228,0.8870937619413962,0.46255340338742845
18,1,0.0,0.14867154380465167,0.4727,-0.02100000000000002,4.610993327388905,0.08077792905843371,9.6923593334242,9.794721948209565,8.641488175854093,0.8822596722547822,0.4757348720540981,6.4573667886628625,0.16951313947913485,12.467844297680188,12.720738938518243,10.959909307613053,0.8615780388689984,0.5179216739067188,11.986204977216172,0.10320469460196481,18.702130126101462,19.619830798499358,15.53282231331015,0.7916899219384804,0.6409005229028821
19,1,0.0,0.14852033809662912,0.5921,0.11939999999999995,3.4458775192817943,0.06036941886464311,8.36019021852554,8.408210392585094,7.669676004231136,0.9121650917530268,0.41217692770267284,4.661727464236774,0.12056376661762133,9.899513196712562,9.976794780020125,8.820699030772177,0.8841215265284212,0.47090471739406786,9.413202665407859,0.0768081605078715,14.64131260946802,14.663460940513414,11.243163396743778,0.7667469120936002,0.6429206804395853
20,1,0.0,0.14836107005503543,0.5541,-0.03799999999999992,3.4970590021537697,0.061303776054200954,8.703607537079996,8.737787878711213,8.007466210105623,0.9164180134900105,0.40179419709071695,4.098694602427855,0.10842314752653343,9.669529010178454,9.711683829846907,8.804402656151707,0.9065783864475846,0.42387737790676655,6.373475305087263,0.05352515801472209,12.34061742510207,12.365430414954139,10.59635261665322,0.856933585088839,0.516463243737138
21,1,0.0,0.14819375714540606,0.6159,0.061799999999999966,3.4383844385432902,0.06031565486671374,8.682498390003905,8.713015949200756,8.005882803808642,0.9188417478500107,0.39601325380052776,4.16549295934449,0.11129227623616675,9.428610354050646,9.475504497606467,8.510808068312059,0.8981904942857563,0.44179288388505134,5.015479279458145,0.0420558446150537,12.242194155565837,12.32783681381072,11.261461241795459,0.9134985652291719,0.4096879379402661
22,1,0.0,0.14801841771548704,0.531,-0.08489999999999998,3.4203350961271,0.060093267235833026,8.387112092649623,8.425393528025726,7.699906734428365,0.9138928299094701,0.407808439704132,3.8004738492379055,0.10131366541938983,8.764235126975283,8.796894733517775,7.933584046766621,0.9018618827548565,0.4336344009690583,6.266085642387504,0.052139218915986024,11.97390514147188,12.021123989372022,10.258830595559383,0.8534002814237089,0.5233117824430378
23,1,0.0,0.1478350709932227,0.5876,0.056599999999999984,3.5545268200307585,0.062494934207997746,8.824403041443164,8.87534816037406,8.132474648835618,0.9162992258878178,0.40280649051694295,3.897814548769173,0.10498014729201265,9.138294833470603,9.220268708819772,8.35586004417907,0.9062490810258229,0.4265363089941841,5.435407626969624,0.045499769398755927,12.862576709598198,12.95061168293366,11.75477169675418,0.9076615054595946,0.4225753322748826
24,1,0.0,0.14764373708464731,0.617,0.02939999999999998,3.1273169222462216,0.05500354795572186,7.708588378854353,7.733985470786117,7.073501276904931,0.9145997627774116,0.40569255595808607,3.580843405460431,0.0972270716964741,7.746312132164644,7.776445437291775,6.902946165700546,0.8876737091985005,0.46226428064935116,6.085225915675934,0.050173943432441394,10.426146116821993,10.448373371428126,8.493440733439018,0.812895982131054,0.5836505500203731
25,1,0.0,0.1474444369716801,0.6458,0.028800000000000048,3.5506949119378857,0.06256925481121171,8.77379719668596,8.894654825001078,8.155209998831529,0.9168663831573183,0.4046930687295866,3.65671618365369,0.1015229567546945,8.562703229661608,8.684422171747421,7.877030837715515,0.9070299303667491,0.4270516080700605,5.234939516868431,0.04357184914734862,11.834772697184823,12.050029062670673,10.85350609470737,0.9007037276225361,0.4423354508628361
26,1,0.0,0.14723719250982437,0.6862,0.04039999999999999,2.8598743033622176,0.05046558477860516,7.661143495398497,7.667840294662506,7.114555068582225,0.9278434076847667,0.3732960105864014,3.080161000287818,0.08502391850836556,7.198099632208997,7.204196801062777,6.512531071554392,0.9039912777776491,0.4279130822953835,5.913784653193612,0.04844792865754947,10.302819622624556,10.382017110965464,8.533079679705637,0.8219096143362176,0.573996718355351
27,1,0.0,0.1470220264257707,0.6383,-0.047900000000000054,2.891966078985175,0.051141714962280475,7.894402956449072,7.901633669510872,7.353390171608248,0.9306164369504918,0.36633119628415706,3.036940889436764,0.08607187556639052,7.405366600504575,7.4137395473708665,6.763174162976502,0.9122486863427682,0.4101000062886607,4.1639492404168195,0.0350080605618526,9.343154491398572,9.400258687091931,8.427716437351318,0.8965409057225128,0.44566845643515846
28,1,0.0,0.14679896231490505,0.6379,-0.00039999999999995595,3.17891609984435,0.056363688183735355,8.027908475206992,8.059846477368586,7.406457832731572,0.9189328672113448,0.39598310190779606,3.147136924451527,0.09080358303739916,7.183566478162685,7.212277583500947,6.489412655695326,0.8997730024341726,0.43810229000016976,3.937600047408838,0.032988134027263624,9.16141391715195,9.231847658283481,8.34998958136383,0.9044765349731065,0.42980265743008117
29,1,0.0,0.14656802463872076,0.5659,-0.07200000000000006,3.4368317976386105,0.0610505849641089,8.45891529978026,8.533563468865776,7.810882953113714,0.9153131609803196,0.4062969867694372,3.2217376065810988,0.09257250325181277,7.657212047962783,7.70725133898036,7.001580523551319,0.9084406639420173,0.42074551238766444,4.363530808553167,0.03679080868936306,10.25089162232588,10.370656027812428,9.407980522428431,0.9071731332326272,0.4256732945112439
30,1,0.0,0.14632923872213652,0.614,0.04810000000000003,3.6792773684200233,0.0654188195364436,8.720142367530084,8.785028428682388,7.977445843839464,0.9080728546983146,0.4219285893909266,3.5399801476448167,0.10156363644907253,7.9098993263828214,7.981333660675084,7.153336786200256,0.896258331041282,0.4475379523273454,4.0921857490568145,0.03430783191445757,9.825353654021354,9.864988544117896,8.976191211553715,0.9099038657177017,0.4164924635951349
31,1,0.0,0.14608263075071892,0.5575,-0.056499999999999995,3.8950269251043803,0.06928935542478853,8.763264678446333,8.819314070235599,7.912589068471496,0.8971887162036536,0.4444721308811298,3.6427799405595174,0.10451692324738879,7.878940487834306,7.965498525357863,7.08373638627496,0.8893023285013678,0.4623438831888947,4.311761499207517,0.0362117262804621,10.852358994134647,11.106972137198323,10.235894246390531,0.9215737754585277,0.39731099031444556
32,1,0.0,0.1458282277678111,0.6181,0.06059999999999999,4.091012811273685,0.07284550204849453,9.000361128073925,9.067274087977557,8.091914064303051,0.8924307334033553,0.4545387405082001,3.287200115196309,0.09388710570259398,7.701392511020215,7.758229480372026,7.027406336228477,0.9058002671882163,0.42683191520137814,4.900274459939249,0.040413400843831035,10.407710561797941,10.58087515106387,9.377751932230648,0.8862926552240575,0.4708311622275478
33,1,0.0,0.1455660576715669,0.6278,0.009700000000000042,3.211716717536526,0.05723001402896271,7.81080936315823,7.875368501051888,7.190709609026115,0.9130632564134205,0.41118872170731074,2.877146408088704,0.0823923092863066,6.51048948335961,6.541749295583629,5.875075610623338,0.8980893863648419,0.44192474551145566,5.639888739928225,0.04631635045037474,8.868763361478209,8.920001178713466,6.91072168950221,0.7747444816480332,0.6359273001267893
34,1,0.0,0.14529614921189185,0.6635,0.035699999999999954,3.3333392131186317,0.05952239228113477,8.264660984496235,8.318269606139264,7.621184869531647,0.916198347779791,0.40332437342217403,2.98723245447715,0.08754894645577802,6.890828831858173,6.9463960386698105,6.271272587757745,0.9028095364626882,0.43350843960400853,4.1876691178160215,0.03531125392968375,9.26846628165716,9.419293549292876,8.43721051241848,0.895737081370808,0.45181899470289544
35,1,0.0,0.14501853198729012,0.6197,-0.04379999999999995,2.863204349433698,0.05122701640325179,7.598751738294991,7.630802388988847,7.073274066881676,0.9269371301094524,0.3767993017858673,2.548366126131034,0.07420241478170485,6.371220858584866,6.401158925763422,5.872024040731274,0.9173376428911204,0.39998081728672963,4.01761132149596,0.03414187645208683,8.115997138514595,8.168972281259142,7.112728293552765,0.8707005053586042,0.49502374790527226
36,1,0.0,0.14473323644161884,0.671,0.05130000000000001,3.016343825337104,0.054090128364651706,7.986583597448533,8.053428953513894,7.467220895692343,0.9272101286041923,0.37767636042784714,2.859049513034019,0.08467619469152948,6.781019429030015,6.842928604520094,6.217033641768133,0.9085340504154132,0.4216253238848173,3.8891225993028873,0.03321946479969199,9.661154349333255,9.867200991412844,9.068428254210499,0.9190476875967668,0.40255257898568686
37,1,0.0,0.1444402938607496,0.6821,0.011099999999999999,2.915407941817616,0.052361633992740464,7.788423191223249,7.8112580002694205,7.246802614328165,0.9277382227137054,0.37432582568227424,2.6097545069771844,0.07689691173982738,6.571719090047189,6.604594302855096,6.067111922393581,0.9186199248863526,0.39711899903476316,3.73906597162318,0.03216884072572343,8.639105868053058,8.81165299655127,7.979010714108916,0.9055066872505946,0.43280705535164726
38,1,0.0,0.14413973636913754,0.6806,-0.0015000000000000568,2.8310302686197035,0.050940799246182236,7.6375464107479925,7.6685550309798804,7.1268509176511605,0.9293603408803468,0.3706727417899177,2.4009325925420226,0.07109769504256763,6.213368829742756,6.250974519722536,5.771499372860612,0.9232959364417299,0.38641398222635776,3.8625585438237375,0.03368781797908365,8.37976012308992,8.408382716314675,7.46870527332949,0.8882451626325308,0.4609390348991843
39,1,0.0,0.14383159692629857,0.7022,0.021600000000000064,2.650473202077382,0.04780132978645309,7.48968735222212,7.5147912256655065,7.031861708598063,0.9357361365651677,0.3538830230731876,2.3128580157744985,0.06837598610880892,6.091368558998834,6.102509735201931,5.647239417273928,0.9253962160352149,0.3796943155504344,4.0143973233435695,0.03477010253281582,8.23389224921153,8.340972752867618,7.311392776023649,0.8765635607081919,0.48754552547466046
40,1,0.0,0.14351590932319505,0.6018,-0.10040000000000004,2.886172104134997,0.05215026098077923,7.630577132165858,7.674537513197542,7.111155791099548,0.9265907918061286,0.37823772096721964,2.4905066269618814,0.07449835721204366,6.106119616002722,6.131259024135011,5.602652500997721,0.9137849956988457,0.4078705927140441,3.8531318021496355,0.033815512672331086,8.26998729023071,8.322842828011204,7.377200405537101,0.886379877403011,0.46591749986137454
41,1,0.0,0.14319270817853014,0.6457,0.04390000000000005,3.4015198884306557,0.061565037797749175,8.100863054152052,8.209228539053823,7.471351658655977,0.910116172684493,0.41989598709327963,2.792324782038038,0.0844772549601037,6.52743619380607,6.63475343362098,6.01854420614908,0.9071240199599102,0.42778277705536133,3.3215066371020736,0.02939035378833983,8.623725405562388,8.762643468507076,8.108730907140785,0.9253749666163583,0.38515913725171136
42,1,0.0,0.14286202893495145,0.5722,-0.07350000000000001,3.550432004234638,0.06434299837801624,8.494169883151898,8.581326627483525,7.812400348221916,0.9103954070692335,0.41798457684215673,2.9080998071716624,0.0873585562220411,6.63202866049841,6.686799484846131,6.0213157243272315,0.9004779847179442,0.43849325086497937,3.937263421283027,0.03471479182634549,8.685920668997538,8.83567658980685,7.909938869989593,0.8952272969242422,0.45329258363321384
43,1,0.0,0.14252390785516453,0.6249,0.05269999999999997,3.5357286312176375,0.06416607867648766,8.327898722277896,8.359319326384613,7.5747503205167765,0.9061443910401302,0.42456431677768103,2.9356273329512743,0.08772394204112938,6.702888126097771,6.737191782529153,6.063979321626959,0.9000752119528548,0.43796454270531177,5.009388659658528,0.043943565420757204,9.210670725932351,9.42019096670542,7.9778484009924275,0.8468881819051455,0.5438679558432974
44,1,0.0,0.14217838201795596,0.5618,-0.06310000000000004,3.4610491000080836,0.06289817100117176,8.037754376542672,8.173304678112826,7.404326331390449,0.905915859373062,0.43059901284229163,2.786486045864498,0.08309065972748844,6.130868023501252,6.193871665363922,5.5316853112412865,0.8930900751745349,0.45450106496880277,3.876899162657848,0.03508427691901316,7.831778964662552,7.898344838502602,6.881387018355072,0.8712441858463692,0.49502152450300824
45,1,0.0,0.14182548931412756,0.6159,0.05410000000000004,3.6361829247232675,0.06615155621008402,8.414776999311675,8.473744231455562,7.6539215389247195,0.9032514234395272,0.4321187507429734,2.803266354452003,0.08377342688263269,6.4219298871058195,6.475904696255587,5.837725487757453,0.9014532735685357,0.43651463091811415,3.175948658835268,0.02836338325376463,8.36426313973713,8.472246659868297,7.854445136373776,0.9270793747754124,0.37970453652359404
46,1,0.0,0.14146526844234109,0.6324,0.01649999999999996,3.3186031584091915,0.0604462448401447,7.685018559750937,7.74786709225593,7.0011654385298705,0.9036248757451718,0.4318276049182039,2.625040788458938,0.07862662701113476,5.890038282664175,5.93911344456562,5.327497478114969,0.8970189789840959,0.4456746565103109,4.738565984863079,0.04243155924662944,8.002414536212134,8.082679695587247,6.547953501538585,0.8101216116622129,0.5921420295612471
47,1,0.0,0.1410977589048744,0.6995,0.06710000000000005,3.2453765295912294,0.05921579830249422,7.8958654941987705,7.988599575618899,7.299674946270305,0.9137615269325574,0.41102226627032384,2.6740699864836897,0.0807651662561313,6.264550642872047,6.375173125870893,5.787243160175475,0.9077781961230892,0.42685742983438235,4.062917516496479,0.03633001584941605,8.466019450783545,8.661171574182973,7.649091859881306,0.8831474811885206,0.479908833202651
48,1,0.0,0.14072300100328974,0.6299,-0.0696,2.9288344298003457,0.053514272109832665,7.343565423832491,7.362467199740628,6.754839173199992,0.9174695098727174,0.3988300315668507,2.4266725435256937,0.07455046638848777,5.719086931059384,5.744819860265886,5.2071312940246095,0.9064046255026714,0.42431118337209556,2.9972315408168964,0.027321634834784354,7.109629171804334,7.188784333006861,6.534158797069469,0.9089379364280384,0.4215735403899043
49,1,0.0,0.14034103583401422,0.6727,0.04279999999999995,2.8092371295350778,0.051433623852080175,7.519376789463121,7.542063197438438,6.999350262907965,0.9280418473933236,0.37359972883280074,2.2808387754755097,0.07055405537818696,5.7100797001178965,5.748533112449172,5.276685211975506,0.9179185557004412,0.39944079509580527,3.273297313204418,0.030175136555806194,7.418190693207257,7.562487147557967,6.817385338648186,0.9014739735259736,0.44125278637036586
50,1,0.0,0.13995190528383292,0.7335,0.060800000000000076,2.886036134235893,0.052946544291463,7.471098587814714,7.555476038050902,6.98255066262641,0.9241708434334086,0.3862934078989385,2.378289381739362,0.07284958232045476,5.6237163392363065,5.6819895961859626,5.160304869559847,0.9081862580360414,0.4229035104680139,3.088139388030523,0.028801614018436266,7.115374315130649,7.24148326070913,6.549998229030433,0.9045105806664555,0.43400940713177644
51,1,0.0,0.13955565202529577,0.7221,-0.011400000000000077,2.761246738062243,0.050781027833864754,7.439537977436723,7.460054309236323,6.93021838118129,0.9289769342028729,0.3711583631183539,2.165076363079384,0.06747703629151641,5.483883563876107,5.508361347034906,5.06502612539072,0.9195159515301534,0.39480713583004473,3.049189234871483,0.028795956094492297,7.387803183955295,7.561216176550506,6.91913541387764,0.915082342882334,0.4127328732164468
52,1,0.0,0.139152319512038,0.6994,-0.022699999999999942,2.516224298106806,0.046377173609990274,6.978005373586649,6.998947558003587,6.530993986543134,0.9331394373822206,0.3605936314740158,2.21923561248902,0.0698982935098884,5.225864154824009,5.236399471343319,4.742876073679728,0.9057513850185718,0.4246638540040191,3.1158036995453733,0.029583854674515117,7.135115154953323,7.184071207396057,6.473226465971884,0.9010526592926371,0.43668583223668467
53,1,0.0,0.13874195197401476,0.6615,-0.037900000000000045,2.933371359607076,0.0542138124776448,7.525541705053143,7.569633660876958,6.978157802032844,0.9218620232705436,0.38978873210381887,2.2418924947966365,0.07181922423366857,5.548594994110514,5.570571424106966,5.099527779915735,0.9154406956972561,0.4040468798274635,3.7851239139558404,0.03653406982339586,7.435126775598668,7.5186406243812565,6.496367245336233,0.864034812924823,0.5090866676783822
54,1,0.0,0.13832459441265113,0.603,-0.058499999999999996,3.3703993346617436,0.062421226650472686,8.054675944569828,8.194005576737036,7.468743925885454,0.911488753081812,0.41844009093052903,2.570831479080163,0.08193737728986479,5.941122213602194,6.006197021217982,5.428188229931603,0.9037645969247332,0.43271816108987743,3.416212323124548,0.033524386997999256,7.484210250161141,7.543022720250588,6.725079579352651,0.8915629488027362,0.4564559531249131
55,1,0.0,0.13790029259590678,0.689,0.08599999999999997,3.197248000160871,0.059302172883414384,7.751792320880977,7.811069636261527,7.126739368496648,0.9123896854551142,0.41245274225787176,2.4490712995894617,0.0772829433019696,5.720173250461047,5.741748263172682,5.193238217594965,0.904469854748625,0.4281463501812757,2.873995027190798,0.028679258442210153,6.762796170858598,6.891517419284724,6.263637647513461,0.9088909258192905,0.42497141043154024
56,1,0.0,0.1374690930532574,0.7062,0.017200000000000104,2.95802890196216,0.054957399823987924,7.372351385207695,7.3962316913976505,6.778960699260743,0.9165425019263745,0.40123276108316236,2.2826165773795695,0.07280878748228506,5.369707130696916,5.40212304715791,4.896181716008794,0.9063439824060848,0.42509144760066575,2.886838435778387,0.02851520182242652,6.935461645052024,7.09108650772376,6.476856948294559,0.9133800499034712,0.4162431548933658
57,1,0.0,0.13703104307059213,0.7188,0.012599999999999945,2.588086721162894,0.04815329345863791,6.887129099010467,6.929726996241874,6.428290880629167,0.9276398455690036,0.37578600371158233,2.089171748202018,0.06716288148945536,4.985478514968512,5.000519936178177,4.543188527547142,0.9085432286106297,0.41905139936506436,3.247193087052849,0.03251041759748538,6.498548429262426,6.52249232434307,5.656734576055588,0.8672658080322572,0.4996797550097507
58,1,0.0,0.13658619068502784,0.7287,0.00990000000000002,2.5229965425555436,0.04707474217789857,7.0088042327868365,7.047083082909032,6.579959619821501,0.9337139270827637,0.359975319435103,1.9619922012101314,0.06424022690664281,4.985244974581144,5.006402300367168,4.605936495230301,0.9200092639164261,0.39355983732273386,2.3585489758889047,0.023954411979609954,6.438728855941489,6.5179914274653115,6.076303626187155,0.932235596472713,0.36630661558492217
59,1,0.0,0.13613458467964154,0.7126,-0.016100000000000003,2.6866384932094833,0.050236700906906205,7.245325139372505,7.24879589575813,6.732534116078312,0.9287796501510097,0.37080992799201895,2.12789359023634,0.07018077920906671,5.283128574141519,5.28837059253262,4.841377042091782,0.9154761296282811,0.4027714942716706,3.1832656029901463,0.03277888888875223,6.610579650213559,6.809462668396045,6.019603002668848,0.8840055810287236,0.4815410707421563
60,1,0.0,0.13567627457812106,0.6769,-0.035700000000000065,2.876321897407267,0.05390267390652979,7.383599050553823,7.405355074439959,6.823932600690998,0.9214862126252694,0.3895555375791325,2.0798636248769165,0.06815899502716707,5.182577523792805,5.197125850415236,4.762802234434876,0.9164300368162801,0.4013183816987641,2.355761693247921,0.024800996288890736,5.932537378918307,5.965342697026252,5.4804837749936235,0.9187206927316459,0.3970917573346082
61,1,0.0,0.1352113106393336,0.6751,-0.0017999999999999128,3.309760288195306,0.062125456791038806,7.744783260415781,7.882700379930781,7.154191221287958,0.9075812699290722,0.42735350711643033,2.3608003846725487,0.07847587130748125,5.454972239842956,5.533853335015153,5.005012968013159,0.9044354204951935,0.43277954146665176,2.4641582265365995,0.02610731084937435,6.71707185630146,6.863881889203251,6.406309962708407,0.9333362761945838,0.36685006193955016
62,1,0.0,0.13473974385181473,0.7204,0.04530000000000001,3.0202606387375526,0.056768515376139556,7.536645068620702,7.644033504985164,7.0220562485878695,0.9186323220598571,0.4007433826640714,2.242082909943215,0.07478004899716437,5.241914612063271,5.287775393164292,4.7889073629991055,0.9056563501524493,0.4277221351113746,2.6415034617981012,0.02820615998404536,6.696876913228468,6.803009594285046,6.269242853114306,0.9215396165809999,0.3944381083935244
63,1,0.0,0.13426162592817678,0.7139,-0.006500000000000061,2.6740724453632616,0.050350773774719984,7.08670560573992,7.126683609902701,6.605978799472713,0.9269358878642437,0.3773364655076656,2.1709629733280877,0.07298905706929164,4.974188452232847,4.988276093869726,4.491082075710554,0.9003274861288869,0.43644566227754633,3.3473040826435083,0.0358773605367412,6.400231948098389,6.480347120979027,5.5489158793487725,0.8562683102862031,0.5229973085019279
64,1,0.0,0.13377700929943795,0.7388,0.024900000000000033,2.455170505209159,0.046323654878762784,6.58784068224251,6.624072447875689,6.152273877454583,0.9287751494064033,0.37268213116128596,1.8074532990418244,0.060765592909450626,4.675284687655521,4.698616074500049,4.3370618585208875,0.9230509132377597,0.38659748438724356,2.527960663994729,0.02771556333117547,6.340426799500205,6.4518836792238154,5.936010722945974,0.9200430475925904,0.39870512568554534
65,1,0.0,0.1332859471092728,0.7055,-0.033299999999999996,2.6347925917573285,0.049857172343668196,6.698271984132977,6.720290562295549,6.182246635724751,0.919937401280011,0.39335407669301675,2.023522596369461,0.06835004090930193,4.625735279612092,4.641486068742862,4.1771700728152,0.8999639363232171,0.437448853869379,2.382514940640294,0.02642223671086481,5.535014401543585,5.631035991946974,5.102175287153586,0.9060811002540706,0.43044421708746894
66,1,0.0,0.1327884932081842,0.711,0.005499999999999949,3.00962778828467,0.057096327449336806,7.24682792819055,7.358170491563855,6.714522598443633,0.9125260968255405,0.41530278048648794,2.0888468246325127,0.07204017668736867,4.966257000424101,5.048016810882091,4.595562280076412,0.9103698446823086,0.42060787922456133,2.1777282792046533,0.024512332571019858,5.542769470911075,5.677271819910884,5.24298691171063,0.9235046476589047,0.3928953370031996
67,1,0.0,0.13228470214759816,0.7516,0.04060000000000008,2.4748487742421887,0.047075132949134874,6.4536394277757765,6.458697692604103,5.965727095719549,0.9236733749825359,0.38348110425734405,1.7967174359629616,0.062287056393362066,4.472384579232512,4.483588397300215,4.107842645809859,0.9161953064833938,0.40173589818416044,2.6381255750500627,0.029811081313307675,4.907161483022388,4.949695696064424,4.188053742037585,0.84612347893782,0.537607246913995
68,1,0.0,0.13177462917388172,0.6856,-0.06600000000000006,2.4876599778408925,0.04746698064781639,6.333516274186049,6.343776835326376,5.835670717796852,0.9199047931982646,0.39277707203185386,1.8137574073552267,0.06366454640218956,4.2634692972748205,4.270763514036044,3.8664848849121207,0.9053380905322329,0.4254181937030877,3.676389959863154,0.042361667679119086,5.7290175331234785,5.8847941717948755,4.595102892181565,0.7808434344578016,0.6417138608159879
69,1,0.0,0.13125833022228447,0.749,0.06340000000000001,2.7069938420950166,0.05185841645853197,6.691742270975038,6.760664050522681,6.195059559750894,0.9163389148543686,0.40452751054630603,1.853792739260414,0.06591624444828621,4.472692491124279,4.505628967499387,4.106597682699075,0.9114371627848945,0.414469079405554,2.7951466199147936,0.03334051749792155,5.584475679859176,5.689847828491304,4.955959008925596,0.8710178476319106,0.5005208689502751
70,1,0.0,0.13073586191080458,0.7468,-0.0021999999999999797,2.414792675631201,0.04642067360911661,6.395781983276874,6.416226556628857,5.944471372029398,0.9264746684931082,0.37756019231818533,1.840681456090647,0.06566937275570467,4.400613586757651,4.407370969098532,4.004598710839793,0.9086139421703544,0.41827836500565174,2.651004853034081,0.03172533798944914,5.918254780933639,6.263351560186347,5.674659116209555,0.9060099950769365,0.44793692586108463
71,1,0.0,0.13020728153398006,0.7571,0.010299999999999976,2.2203623770965857,0.0428313736774557,6.098346268862288,6.116685799958338,5.699459316789902,0.9317887992266534,0.3640925390599078,1.5748376651010279,0.057121020469174784,4.11687105630552,4.129299544785908,3.8171980754945736,0.9244178181053909,0.38253266705765787,2.5174953295633924,0.0308231424207716,5.323614535984555,5.4496936132817035,4.833362160515658,0.8869053021138738,0.47289211353425015
72,1,0.0,0.12967264705660586,0.78,0.02290000000000003,2.2440370077479366,0.04344171472033672,6.032938204599993,6.0412213745419105,5.608979765764406,0.928451287913567,0.3719641958269859,1.6337379766005604,0.05989067651742545,4.076691013769962,4.085985570195831,3.745153987874562,0.9165852212481177,0.4007509941475168,1.8864841077220902,0.023648519694971337,4.579750618652829,4.761587872365317,4.371944939422324,0.9181695385263491,0.4119185223838705
73,1,0.0,0.12913201710737712,0.7826,0.0025999999999999357,2.2531176423332027,0.043780662353180705,6.093776242507659,6.11119204224397,5.6806803639229955,0.9295535673981381,0.3697407900566462,1.6941195013578618,0.06299803022365219,4.024530324732126,4.039962359127094,3.667595310460725,0.9078290796880529,0.4209483752543529,2.296428516627396,0.029170875548954193,4.806923657737192,4.852838101268109,4.275096614930562,0.8809477105394109,0.477733511105607
74,1,0.0,0.12858545097246024,0.7773,-0.005299999999999971,2.228627327802462,0.043450194214227696,6.0769437392403605,6.098149401354599,5.676323339805316,0.9308272012070448,0.3667348956041262,1.608903800010019,0.0603656161277608,3.9950982605996375,4.010681734325926,3.6738259070211208,0.9160103320037134,0.4027194564592595,2.5700240716634184,0.03330039377158579,4.6805955808596575,4.7161504696511,3.954371684182841,0.8384744527617637,0.5490805661939708
75,1,0.0,0.12803300858899105,0.7718,-0.005499999999999949,2.123400015995345,0.04154499450475557,5.945819231319178,5.95658385155094,5.565255061620906,0.934303150986762,0.35712488614024573,1.4590902568626267,0.054946491828482255,3.8328430481949565,3.8471176779507097,3.5596868514299804,0.9252867079767005,0.38068093019091204,1.991632447205958,0.02649733802198963,4.198920738256073,4.244406067297709,3.748118509654945,0.8830725548465875,0.4743200863641778
76,1,0.0,0.1274747505385024,0.7886,0.016799999999999926,2.0398753388129,0.04005025891595962,5.822426328197892,5.825327197943361,5.4564957514361705,0.9366848532323804,0.3503479861881335,1.3315818088316485,0.050985366735527685,3.628831977708533,3.635461671410981,3.3828200882258166,0.9305063273883699,0.36694501619567704,2.9213432319362767,0.03958546926767403,4.6770041937387274,4.716720493927641,3.703134539903387,0.7851079038223368,0.6246184760422459
77,1,0.0,0.1269107380402805,0.7431,-0.045499999999999985,2.361970783678968,0.04653292637144339,6.192422228686566,6.218444205223827,5.752403199015027,0.925055047399589,0.381429220497445,1.504719432502509,0.05831956078243616,4.048782238279161,4.0622231857932505,3.773258076291702,0.9288652798516484,0.3716474099980379,1.562839376769482,0.021914156407376206,4.326974719592585,4.383260499545892,4.0951805211152665,0.9342772398627756,0.36118523403728925
78,1,0.0,0.12634103294465168,0.7594,0.01629999999999998,2.0938779730160184,0.04136838556093322,5.665766827207445,5.677752259790006,5.277551141213162,0.9295141633052433,0.3695665629868593,1.4255938440651712,0.0554192940422411,3.6380934390844963,3.644300444191457,3.353894489123196,0.9203122905162415,0.3918519048328547,2.322900202632305,0.032448974360233585,4.287838868305163,4.400794948732299,3.7377980150585084,0.8493460973761627,0.5417414865569491
79,1,0.0,0.12576569772619958,0.7702,0.010800000000000032,2.4871547063915402,0.04929812398267286,6.5406003883039885,6.57622994875929,6.087763296612712,0.9257223886706188,0.380263975588405,1.7296757998201027,0.06790693908450368,4.073205335501424,4.089281544199878,3.7054615514576774,0.9061399933964929,0.4246473372566115,1.8377437709305608,0.026321850361713455,3.7422978001818654,3.7709534336351043,3.292838978166462,0.873211254425979,0.49107363151089994
80,1,0.0,0.12518479547691433,0.7763,0.006099999999999994,2.221790279109442,0.04411753087149082,5.898952838895159,5.902631135479514,5.468519219664238,0.9264545071763136,0.37664147176426166,1.5988128045750034,0.06298936267186969,3.717623546240657,3.7231292278027643,3.362363672887925,0.9031015221763473,0.4300631262656377,2.235266587495271,0.03236907643491599,3.893414664369688,3.9311779577920865,3.2338441116277545,0.822614530898524,0.5741146988403667
81,1,0.0,0.12459838989927387,0.7811,0.0048000000000000265,2.1787450411110614,0.04337112363556941,5.98953090351255,6.025657119895717,5.617972408205199,0.9323418668572411,0.36375887798380674,1.4225396226322042,0.05692264427520706,3.762781522109986,3.8053465339000097,3.5294536561643,0.9274986193036792,0.3780553333414141,1.8210657400528036,0.0268822311112814,4.300956136671935,4.600341438545798,4.2245548539153175,0.918313327467,0.4234095122536957
82,1,0.0,0.12400654529925792,0.7826,0.0014999999999999458,2.36471215462277,0.04719241940090056,6.295359474186085,6.312393129655329,5.852729582891112,0.9271807795676192,0.3756278198757664,1.4327097624380762,0.05712407699873207,3.747169024488258,3.751980782283586,3.467665323444434,0.9242225706001331,0.38234457882073736,1.8021956181375092,0.026989863271449106,3.8950453555207303,3.9453704702293506,3.509707125803594,0.8895760619406595,0.46268925099501773
83,1,0.0,0.12340932657929628,0.7414,-0.041200000000000014,2.3383123604665723,0.04676997923318452,6.177869152215336,6.188084565716647,5.7292832015337956,0.9258572892289301,0.37849820105498216,1.525175418460146,0.061360132306602866,3.8393373799162838,3.8509832462084184,3.5360871399933957,0.9182296867884165,0.3972496468891729,1.7700926611062817,0.026967338554703537,4.057968025480951,4.120960399953387,3.7214363983519596,0.9030507544780225,0.4362017270691752
84,1,0.0,0.1228067992311517,0.7702,0.028800000000000048,2.422136123755062,0.04853487637260755,6.254484460941072,6.271950010795739,5.785379291388424,0.9224211419782056,0.3872639126184061,1.6364191088383624,0.06619274986503888,3.8029839564395447,3.821709957012225,3.4536356689675296,0.9036885864744032,0.4302987147940592,1.5698499985287468,0.02430552771417943,4.265050728784361,4.4399394126530405,4.1531474796154875,0.9354063408567588,0.3680729956935801
85,1,0.0,0.12219902932873782,0.7909,0.02070000000000005,2.142115529720627,0.04298635737149696,5.845572651622728,5.867240046121859,5.462219972107818,0.9309692341151524,0.3664509291704683,1.4639830745238223,0.05941908054556844,3.5084370219659724,3.517828612256938,3.1987297697541774,0.9092909639227603,0.41727500461258704,1.8396585306255964,0.028560953185466482,3.8395508274438273,3.8644936574202036,3.3985252657764686,0.8794231708081522,0.47913378759732295
86,1,0.0,0.12158608352087329,0.7835,-0.007400000000000073,2.1135686927411843,0.042508400131101985,5.838423101230129,5.862894912283091,5.468671165784389,0.9327595407393742,0.36201019626273145,1.3164069106344258,0.053937917199703,3.4801075780152466,3.494309502177225,3.2368614686443706,0.9263236317869254,0.37826615445755585,1.5529912085387316,0.024532516165057378,3.770448621581298,3.835099110318614,3.506594709846883,0.9143426568591497,0.41188499417541957
87,1,0.0,0.12096802902397322,0.7796,-0.0039000000000000146,2.3796302624511574,0.04794360725555594,6.3533747627093415,6.3946369859956755,5.935380533515755,0.9281809970627422,0.3745458675628926,1.5859339859133788,0.065658749754388,3.8392252181661646,3.8801399673574433,3.5412284601868302,0.9126548243048491,0.41308698911675523,1.9965004284697672,0.03201690742953507,4.248964911799815,4.371938579238506,3.8894519329758306,0.8896401133003305,0.46987924586651186
88,1,0.0,0.12034493361467813,0.7935,0.013900000000000023,2.1790804106416988,0.04396181681402557,6.057098718384779,6.060392292033399,5.655082972797241,0.9331216034036359,0.35975646294613883,1.4657992850397235,0.06011788398209545,3.665669594962088,3.668566376770919,3.3630063118022466,0.9167085903355994,0.3998721780747082,1.3540487834435297,0.022058397887190266,3.816784268998653,3.916049742306762,3.674506841758939,0.9383197567849224,0.3547616758017003
89,1,0.0,0.1197168656224212,0.7821,-0.011399999999999966,2.4856660772041113,0.050246537383368275,6.29835639830944,6.319631787612196,5.810267638740105,0.9193997109340212,0.39465313170770966,1.6330620624375687,0.06704416856673934,3.842097264997232,3.863143615062607,3.5009979923980086,0.9062562361770417,0.42504443531799685,1.6974234678655309,0.027864615437824192,3.854522948869983,3.966647734362421,3.585114932725927,0.9038148010141315,0.4403718671238314
90,1,0.0,0.1190838939219355,0.7952,0.0131,2.3599004802361603,0.0477377516385667,6.073349421391189,6.088170974378158,5.612191681713361,0.9218190003749996,0.3885665580057455,1.492272651277719,0.06174739559087076,3.568688482706347,3.5773310033216013,3.2512181981921335,0.90883907448691,0.4181571629211078,1.554648629202234,0.025858022176145436,3.4533024072824925,3.481438534514051,3.115041683472888,0.8947570530374721,0.4501918586462961
91,2,0.0012179748700879012,0.1184460879257009,0.7908,-0.0044000000000000705,2.3365989154719764,0.04732098615817223,6.222667404160521,6.241341823792755,5.7874565425943825,0.9272776120884604,0.3754979599118071,1.5043571681061998,0.06252104244401079,3.6713617614872756,3.695831184922194,3.3758077323716322,0.9134096130104224,0.40975454499934155,1.3984229598757751,0.023332413342143546,3.465510823023011,3.509114254941966,3.218430490415674,0.917163208887566,0.4035257805531573
92,2,0.004865965629214819,0.11780351757633237,0.8009,0.010099999999999998,2.2186437420681573,0.04498359404302037,6.002150634116343,6.01056933606115,5.586104529429978,0.9293802661780236,0.36964146308780427,1.33822898954111,0.05608927577196023,3.5187692856286024,3.527745605982812,3.264066789495218,0.9252557168406891,0.38031166038839775,2.451527370053686,0.04113292775656556,4.017196105905203,4.128757701248977,3.3221468301283745,0.8046359390679193,0.6102583258133668
93,2,0.010926199633097156,0.11715625333890979,0.7852,-0.015699999999999936,2.241105457094832,0.04552050978460992,5.9858696424744835,5.992722419981104,5.55789243906344,0.9274403267089693,0.3743993088643987,1.3763234782980454,0.05776223947287986,3.4650993030239716,3.4706117434023427,3.1860445093330956,0.9180066065844987,0.39719596985198546,1.3530859230524777,0.02334335706560143,3.489812220635806,3.5058905959222564,3.2342582185335913,0.9225211483482674,0.38772456439102043
94,2,0.019369152030840553,0.11650436619325079,0.7825,-0.0027000000000000357,2.286288829135465,0.04649105605430501,6.127815576239518,6.1530744141103275,5.712548299748992,0.9284055279177001,0.3731001366947961,1.4286571041983667,0.05984939770973447,3.5243573382819053,3.5322157177258986,3.2304003771527983,0.9145535367337604,0.4053667001016489,1.6087838938966594,0.027918955418534668,3.3399665486072365,3.3902656127632382,2.9842450139496988,0.8802392953268897,0.48167664869802995
95,2,0.030153689607045786,0.11584792762612703,0.7962,0.013700000000000045,2.136776442862443,0.0434790106893863,5.954056789590947,5.970348937940767,5.574876936526605,0.9337606552774511,0.3588774038228888,1.3429902730445715,0.0564814692377234,3.4829951162246506,3.4887091437668096,3.219855404871777,0.9229360408633127,0.38558488548795017,1.2166648596806446,0.021406440470591752,3.049186890484498,3.0677000831300036,2.8161163165968297,0.917989451473209,0.3990128855261226
96,2,0.04322727117869957,0.11518700962342475,0.7953,-0.0009000000000000119,2.1611685465475934,0.04402795189758191,5.978847941512886,6.022768947980919,5.621663123783719,0.9334017579519356,0.3614690602084006,1.2603156829452407,0.05368890861549032,3.371484969243168,3.406878710464299,3.165189873548762,0.9290585731234915,0.37381619507209507,2.031728064092738,0.0360154114017337,3.6306534156407317,3.750690257223019,3.1527385066927094,0.8405755448936942,0.5596039697262544
97,2,0.058526203570536506,0.1145216846622508,0.7841,-0.011199999999999988,2.293274039844824,0.04676170740309547,6.1092564956790065,6.1403990690725205,5.696085930720571,0.9276409996558967,0.3753769450450845,1.4425705957049548,0.061683103919228904,3.609898860432443,3.6348033290943933,3.336283154402561,0.9178717119844257,0.3996152389521916,1.2775976822900204,0.02317383931598859,3.4670199152691836,3.5052207084396323,3.264094933255547,0.9312095313703017,0.3685002432963602
98,2,0.07597595192178702,0.11385202570298478,0.8031,0.019000000000000017,2.178030580545371,0.044451011916091285,5.970572787507545,5.997545578951115,5.588088744323912,0.9317292667079969,0.36479424304189817,1.3963153953398832,0.0598473205148196,3.3742843092587176,3.389315755049378,3.0883272065360132,0.9111948929323112,0.4138108313838658,1.2012331460105814,0.02169465751418201,3.126815204730929,3.1711247337966855,2.9348038040166777,0.9254772518843596,0.38417145477388415
99,2,0.09549150281252627,0.11317810618127785,0.8078,0.0046999999999999265,2.1409562852245183,0.04375420209634402,5.8499511607496935,5.8677760365450125,5.463250125743494,0.9310597561525702,0.3659784887759895,1.3432812447673752,0.05776291352204302,3.4125388004083597,3.436881565943784,3.1635028987048006,0.9204573500734198,0.39363105398439197,1.2382032749659344,0.022576558792982062,3.4041865016606794,3.4595759109098325,3.23040536480164,0.9337576188499004,0.3637295648642917
100,2,0.11697777844051102,0.11250000000000002,0.8089,0.0010999999999999899,2.0713971251512566,0.04240301586954401,5.74162543948919,5.752480812856233,5.3665957090183385,0.9329184891889636,0.36076841775585083,1.3122595140432995,0.05665881236249939,3.4015535151562886,3.413790658365064,3.151498361163774,0.9231668478093185,0.38578241035934613,1.6735009209414984,0.030860446137105913,3.450818393233014,3.5229629874298882,3.1001073124150547,0.8799715817271984,0.4849576912604848
101,2,0.14033009983067443,0.11181778152113554,0.8171,0.008200000000000096,2.074835762526758,0.0425309363409334,5.769310452466865,5.785913235405527,5.401096976164652,0.9334908347940507,0.3596332316697555,1.2919293531764877,0.056520866199775546,3.2479082808034985,3.259699456905063,2.992751061278359,0.9181064392113746,0.39777273293471144,1.297140058762321,0.024492294319055075,3.134074808520169,3.147867382077854,2.868186948879078,0.9111524091544912,0.4138829281406967
102,2,0.16543469682057088,0.11113152555762863,0.7976,-0.019500000000000073,2.1504596595124648,0.04412795831131308,5.940019200655031,5.958720071736007,5.557145684215653,0.9326072742659718,0.3620290754742551,1.3294228980265361,0.05814493151178716,3.3562770815907363,3.3731595666353495,3.1001355136041795,0.9190598465214306,0.3961004606319466,1.5333875307840426,0.02895665248834178,3.3009147070297002,3.334104628124051,2.960570153194991,0.887965580990411,0.46453412671297045
103,2,0.19216926233717088,0.11044130736517907,0.8024,0.0048000000000000265,2.0152277382516064,0.04139567786765042,5.689484601023375,5.696105565244162,5.327708311805502,0.9353247145406672,0.35420216057692194,1.2164791826601224,0.05282844897492029,3.3492168703244722,3.3521202787725954,3.1236018848972518,0.9318287009799608,0.3632130225542158,1.2133268689702543,0.023192091217102858,3.6436745595068016,3.6591875383492494,3.4521719738806182,0.94342581179591,0.33299540042744297
104,2,0.22040354826462666,0.10974720263398964,0.8109,0.008499999999999952,2.1401869146788894,0.044038751411928645,5.8656723896899985,5.884988479386605,5.482033321448322,0.9315283013127863,0.36486642493717564,1.3058279845387175,0.05691140830536176,3.3058133887425356,3.3159578541363155,3.048014062347883,0.919195658215559,0.3950095879536104,1.080907552293653,0.020748678004793405,3.223655109139007,3.2765230243294527,3.093096038678855,0.944017794384907,0.3353049615107083
105,2,0.24999999999999997,0.10904928748046602,0.7992,-0.011699999999999933,2.3227729772841696,0.04782927713383868,6.061380116494385,6.084894097347703,5.624114316352001,0.9242748068209523,0.38320859814803226,1.4250341352978884,0.0625188086085186,3.3549245161906756,3.3714494226604086,3.055478439843778,0.9062803728589534,0.42475892629498946,1.8610934395399974,0.03581730467370272,3.4132336675895516,3.4334011021667736,2.8852336933017084,0.8403427410449877,0.5452581395795014
106,2,0.2808144266054613,0.10834763843886955,0.8109,0.011699999999999933,2.075233440695565,0.04274187272825241,5.730400837800392,5.740173859202991,5.3519157390769285,0.9323612612353921,0.3621445513909531,1.3868940270498193,0.060856499090353,3.2441488653461437,3.2593465619176696,2.9495533632218343,0.90495235998667,0.4275062842721432,1.3167811287788151,0.02578329590977221,3.041453805842969,3.097398101761915,2.8035625569225813,0.9051347178549024,0.43294464188446097
107,2,0.31269670329204396,0.10764233245292455,0.8089,-0.0020000000000000018,2.2236077737477635,0.045850977956760464,5.904923175758339,5.915269625644889,5.481421645833068,0.926656262982345,0.37656845103021974,1.4070415808573684,0.06245103646634039,3.362315086728076,3.366618611489534,3.0584890098439175,0.9084750495366367,0.4184740408212556,1.5565189004080895,0.03080702259602091,3.431622505777931,3.476851057354894,3.108977824517735,0.8941935599861363,0.4535810386449353
108,2,0.3454915028125263,0.10693344686738046,0.8085,-0.00039999999999995595,2.0885707041011354,0.04312505480531664,5.624613301026272,5.640261191452557,5.239314720653129,0.928913492267515,0.3713269859316467,1.3505305711403792,0.05998159590703366,3.2445947978096283,3.2608059108888727,2.967982849428825,0.9101991748474763,0.4162401332986479,1.3724605400499361,0.02744740449777454,3.0384841486356455,3.1091779893971214,2.789864188300917,0.8972996071035096,0.4516925127505453
109,2,0.37903905220016615,0.1062210594195301,0.7897,-0.01880000000000004,2.1138604438264896,0.04370500220530314,5.627679739153015,5.663139270551304,5.253831028161147,0.927724143300062,0.3756184683218368,1.3488104272196417,0.059639295685216566,3.2194182013107326,3.2408513746122902,2.9468335873751954,0.9092776084888284,0.4189609248871414,1.9127640865055202,0.038816991395779564,3.189143372653666,3.2284852966044273,2.600856176803195,0.805596413754356,0.5997736266444244
110,2,0.41317591116653485,0.105505248230685,0.8121,0.022400000000000087,2.139983458486627,0.044289260912449925,5.788893913154102,5.821529557780512,5.413933613931533,0.9299847334272787,0.3696705261127593,1.2678734187718967,0.05681358310079141,3.2388164760002662,3.2618847622730573,3.0053933328016735,0.9213671088451798,0.3914619516625531,1.33496134142189,0.02762610268509224,2.9767928892323354,3.0178788921598563,2.7065606114881104,0.8968420232234902,0.44845623833983084
111,2,0.44773576836617324,0.10478609179760855,0.7973,-0.014800000000000035,2.254521780319502,0.046707090017788166,5.860277011718511,5.876058575174714,5.426342768016702,0.9234664186197905,0.384712493250958,1.4241521444267378,0.06367148158437617,3.2975839688765527,3.307960691091387,2.9856983421933823,0.9025797526053185,0.431877446599769,1.448202634175596,0.029921956030340344,3.0315473452704804,3.0513193063618305,2.685750944314176,0.8801933441428221,0.4777107098244526
112,2,0.48255025164874954,0.10406366898390772,0.8099,0.012599999999999945,2.2475780333241784,0.04660321411976587,5.715074900659811,5.723247329008888,5.263454463193187,0.9196622407902605,0.39327184199540294,1.4626366526913004,0.06597188947969561,3.197700605326009,3.203579037087507,2.8501952764680833,0.8896909498631574,0.4574026255788831,1.3420002175081216,0.02773680260193918,2.68052842225876,2.7022108871113275,2.345416411606102,0.8679620168777278,0.5006476358781821
113,2,0.5174497483512503,0.10333805901138504,0.7974,-0.012499999999999956,2.1274005431848177,0.04413652249883821,5.664976524298568,5.7044162045531515,5.292875513388337,0.927855774121753,0.37553563268264917,1.2548002395713866,0.05716001660213869,3.1625197293894054,3.183278057098925,2.925531681431802,0.9190311461820524,0.3967723040303858,1.2818588595813807,0.026522471432154682,3.1364461438974423,3.196772721022219,2.928514478346412,0.9160846684808962,0.4086978703828481
114,2,0.5522642316338268,0.10260934145135084,0.8061,0.008700000000000041,1.982988904542538,0.0411796476235636,5.47257578055567,5.483728407585455,5.112634574309875,0.9323281888354903,0.3623501956040873,1.0954448163924935,0.04998633790944289,3.0025790566834245,3.0089254085677895,2.802433318627547,0.9313734766065438,0.36483462906801695,1.4085037228425663,0.029671769063965837,3.2338219125838723,3.2849082860166385,2.967615650215361,0.9034089818726615,0.4355538928602134
115,2,0.5868240888334652,0.10187759621589751,0.8161,0.010000000000000009,2.007222479508171,0.0417432341413586,5.619460966611099,5.629103827768088,5.259074808545047,0.934265021476828,0.3571912842591835,1.1187001658199864,0.05098236365843976,3.0716980561248404,3.0767623370061785,2.866178016311691,0.9315565202545364,0.36419600669712443,0.9742774013381414,0.020961709741696366,3.0342269616141877,3.071121639965608,2.912485617282417,0.9483459005274153,0.32109575640308485
116,2,0.6209609477998338,0.10114290354913615,0.8139,-0.0022000000000000908,2.16703049122518,0.04512323586176179,5.907420961020139,5.935066475831647,5.525304773316797,0.930959205902166,0.3668319060930712,1.2211171235091363,0.055863494973914254,3.1902931954239815,3.1988399923780655,2.956594359098359,0.9242707875802135,0.3827601567343885,0.999463668677153,0.02167107956734291,2.8627330420088035,2.88387924928082,2.705149116025471,0.938024404697277,0.349129190186669
117,2,0.6545084971874737,0.10040534401839686,0.8082,-0.005699999999999927,1.9431666153907576,0.040479763799184144,5.419175628473392,5.425673526832183,5.0657710991045315,0.9336667740976698,0.3585723638815074,1.1422496626706893,0.05266298103227752,3.0118683898863488,3.01477327444037,2.790004286628067,0.9254441487464671,0.3792495271394616,1.052070247533837,0.022790877906694647,2.916491260529564,2.962078895874969,2.768945736182972,0.9347981041420076,0.36073149327483556
118,2,0.687303296707956,0.09966499850539376,0.8094,0.0011999999999999789,2.0302470349904227,0.04235242379524423,5.503842336658392,5.516394849506907,5.129201598800505,0.929810453879854,0.3688781238277746,1.1440910249634684,0.05297136700499655,3.032245825461104,3.0371007081397505,2.813367442946509,0.9263332741671646,0.3773081375384498,1.0766710890140068,0.023499491329270827,2.813394585474023,2.8490045349972224,2.63772757728384,0.9258418317282222,0.3826946616635365
119,2,0.7191855733945386,0.09892194819735524,0.7873,-0.02210000000000001,2.0947196080653243,0.04374284200378433,5.585928484178561,5.589939082875587,5.182621795528586,0.9271338593662335,0.37499936026720604,1.1996934713376246,0.05530082189169346,2.9940993711734833,2.9970642591509096,2.7464758920653933,0.9163887239586549,0.400685923415904,1.2959214364479483,0.028537313638062813,2.8560641994550027,2.911154001552061,2.6067998638768812,0.8954524090745747,0.4537438047419373
120,2,0.7499999999999999,0.09817627457812106,0.8157,0.02839999999999998,2.202511644371499,0.046032864458036636,5.785473099108494,5.80682482934875,5.372909541365531,0.9252749478871599,0.3806968949023188,1.3365296884544868,0.061766649529827626,3.201907409709338,3.2155527027506596,2.924631194732333,0.9095267486147979,0.4174167199218962,0.9918050847461354,0.022047595860187685,2.686150992258407,2.716013885999354,2.528449153775115,0.9309411733161206,0.36922908935668797
121,2,0.7795964517353733,0.0974280594192065,0.8199,0.0041999999999999815,1.9537173430092312,0.040848172945249096,5.377525531334729,5.384121017823327,5.017145377695188,0.9318411233860976,0.3633115885038501,1.2263481791537862,0.05666909749596299,3.0115132945157246,3.0188598857602105,2.758547725981491,0.9137713674600808,0.40721991212427733,1.504347228809512,0.03367429606795019,2.817244056642303,2.901201695188,2.4807085415032066,0.8550624196924216,0.5339783130476986
122,2,0.8078307376628293,0.09667738477083535,0.8204,0.000500000000000056,2.129716921898329,0.0445764437541165,5.751690375618508,5.785465908045146,5.379211992212611,0.9297802593102128,0.3702766982948573,1.21884726485457,0.05732361200939697,3.0901907807586175,3.1152089109644123,2.8668689737865742,0.9202814500485759,0.39442460072169155,1.131335411386358,0.025846610346862378,2.6983503002852265,2.7433133987376985,2.4991696417559557,0.9110040591446524,0.4192692888194581
123,2,0.8345653031794288,0.09592433295294221,0.7927,-0.027700000000000058,1.9543373305387464,0.04094387989736865,5.350404043836477,5.355894916627317,4.986599640481966,0.9310488196848526,0.3652691113655409,1.2300864676538508,0.05814556112875293,2.9684892339480746,2.9731940190475226,2.706800661619684,0.9104016233985365,0.41438131342583395,1.091426487508876,0.02505572467391217,2.774616234653728,2.824485065767742,2.6050919850035976,0.9223245739822987,0.3933612417737064
124,2,0.8596699001693258,0.09516898654614492,0.8178,0.02510000000000001,2.148803385402155,0.04506089611066685,5.6212951190139675,5.630208015055511,5.2040259635212145,0.9243043861976927,0.38226126540374156,1.3447665782862241,0.06331440354461393,3.0658063356945866,3.0705512424354495,2.7604144058617797,0.8989963651192219,0.4386338962867186,1.104019387972972,0.02549083089119838,2.494476163800218,2.4983767451478465,2.2412113026719775,0.8970669884054454,0.44258566347294737
125,2,0.8830222215594892,0.09441142838268907,0.8204,0.0026000000000000467,2.010415594495143,0.042178456323323864,5.414354139828047,5.422953105493753,5.0365314960993395,0.9287433245544855,0.3713121717891529,1.171546718796643,0.055320301526105196,2.923455119986454,2.925857418277822,2.681066917405357,0.916335464830494,0.4007404494727019,1.1355904784816035,0.026296886120623836,2.5587463988435726,2.608209208255053,2.348018379243733,0.9002415802429463,0.4438073577728667
126,2,0.9045084971874735,0.0936517415373641,0.8322,0.011800000000000033,1.8964986652223152,0.03982557179740557,5.271664438695946,5.276318177830285,4.9237004764265775,0.9331697427032898,0.35975329751668583,1.0707732271271606,0.05069112228571178,2.7635899927839898,2.77130289145667,2.5560837774849587,0.9223400969142761,0.38745733988147907,1.286972207006073,0.029989340090230344,2.622706438380414,2.6991404042383187,2.3725646585933564,0.8790074998943525,0.49070387298122853
127,2,0.9240240480782128,0.09289000931839356,0.8257,-0.006500000000000061,1.9928999050707528,0.041890936585924105,5.363724143332127,5.374471949614108,4.991322345454706,0.928709348983222,0.37155152871689184,1.1756406187282042,0.05560008446122346,2.937704659077385,2.9455794570935168,2.7007975388079175,0.9168985519313975,0.40019020124964694,1.316289614102781,0.03099509279337783,2.5521092148083664,2.599815328488046,2.2419685461729237,0.8623568457367191,0.5157653937633774
128,2,0.9414737964294633,0.09212631525829919,0.8193,-0.006399999999999961,1.8712188408747739,0.039373543807793884,5.2743951235292315,5.289130144828072,4.947063547260567,0.9353264925987892,0.35477411097382744,1.16162598000775,0.05503265092886255,2.8216486077403666,2.8312610695787974,2.581988476572675,0.9119570442710159,0.4116834310343142,0.9838068360992699,0.023367337318794368,2.5012347601187934,2.5200274097556443,2.3200566367449045,0.9206473817560064,0.3933284679173997
129,2,0.9567727288213004,0.09136074310474071,0.8191,-0.00019999999999997797,1.898438218271956,0.039987925641549654,5.232358113771426,5.2409760923406035,4.885055039679077,0.9320887852967532,0.3628265070915765,1.0374744173465773,0.049790068205378846,2.781384462322143,2.7870437708292206,2.5867469471640816,0.9281328747823916,0.3730064762353648,1.0087498769827832,0.024265029619365122,2.532459791932412,2.58496798217647,2.380018056399662,0.9207147139964782,0.39832809199827385
130,2,0.9698463103929543,0.09059337681133195,0.8135,-0.005600000000000049,2.0459668934157884,0.043143215028408954,5.460927232574094,5.489264904409996,5.093726406916288,0.9279432666519815,0.37465558618172423,1.1488021143656533,0.0549991032004676,2.82178342076331,2.8350060228962097,2.5918165149095436,0.9142190506748107,0.40711916652160896,0.9013976991005036,0.02204569349750868,2.5310752873639926,2.552195626060707,2.387715595045522,0.9355535173966824,0.35613231404083245
131,2,0.9806308479691594,0.08982430052843446,0.8277,0.01419999999999999,1.9112109359131477,0.040344584457435564,5.14722908875288,5.152125480871804,4.784523984585019,0.9286505156655108,0.371308698905456,1.178382927769166,0.056367020904672056,2.7732442983267367,2.778117336090453,2.5158199134998402,0.9055844693155636,0.42491133164148376,0.9722221719914987,0.024000712397531973,2.297599589145248,2.3066132980322287,2.091709934250989,0.9068316462215085,0.4231469123622121
132,2,0.9890738003669028,0.08905359859392936,0.8273,-0.00039999999999995595,1.7786555556174586,0.03759091960976243,4.999443051893755,5.008119236532748,4.6816282186455,0.9348076588301667,0.35577074029150424,1.1045705319438373,0.053056091126628374,2.695731739105999,2.7006682394941692,2.464453917746629,0.9125348614490381,0.4097479418742728,0.8425408118819437,0.020915634927289817,2.327256942452112,2.3750930687508505,2.220628760867581,0.9349649451991757,0.36203171060012024
133,2,0.9951340343707853,0.08828135552396875,0.8216,-0.005700000000000038,1.8148745833396334,0.03841074665246851,5.049270510419526,5.057178814536566,4.720305909190776,0.9333871872638815,0.35943302692824863,1.1374361895566194,0.054864925854416734,2.7242051844490653,2.7324198440384393,2.484422910049681,0.9092390817868509,0.41752955909840944,0.9661740254135748,0.02402435897660288,2.3701677167068627,2.4101397845407835,2.2080041841000746,0.9161311714211535,0.40763951791394226
134,2,0.998782025129912,0.08750765600370768,0.8162,-0.00539999999999996,1.958814839205917,0.041515671685062164,5.216958005898437,5.23389615876319,4.853525883986937,0.9273255977500828,0.3754706932643941,1.1820061776075241,0.05730278869405922,2.8065284675487536,2.819828794826701,2.560135921206847,0.9079047373030978,0.42116308146337766,1.0580789502968915,0.026550652820308156,2.4337093026550742,2.459275304861152,2.220023450985691,0.9027144893446692,0.43475979203538073
135,2,1.0,0.0867325848780173,0.8265,0.010299999999999976,1.77938724301858,0.037761832931868106,4.962327255340096,4.96951418217739,4.640027186942029,0.9336983489418282,0.3585791809888662,1.152659779146408,0.05646901965323583,2.768421411197651,2.7822160675935788,2.532212785500924,0.9101423915257273,0.4163599423426486,1.0809190460220999,0.027541831714120252,2.5145815668571996,2.5494009229000056,2.308908865978714,0.9056672276372575,0.42986040312586293
136,3,1.0,0.08595622714218087,0.8307,0.0041999999999999815,1.8612538348516898,0.03955626589239418,5.100685432930971,5.135904573646629,4.786778664476962,0.932022508564294,0.3649026899081229,1.075471764736562,0.052527564035189475,2.734536331398799,2.7563542374794663,2.5378828266015043,0.9207389935925863,0.3932921835368065,0.8953352093416818,0.02316226031920327,2.4917595690719443,2.5525071800410095,2.3903282099391974,0.936462874083196,0.3593184593147361
137,3,1.0,0.08517866793257281,0.8095,-0.021199999999999997,1.8482545979426233,0.039325530375967074,4.899197887599335,4.904399397524566,4.542806233605275,0.9262716727145427,0.3772565714524117,1.0410437038988338,0.05106329121813745,2.582058267787752,2.584597988385171,2.365665856813031,0.9152935456283758,0.403183660448831,1.3336296326931627,0.034239461279834855,2.3547555433899654,2.396201097289397,1.9907817760972022,0.8308074720227745,0.5663558735159556
138,3,1.0,0.0843999925173228,0.8213,0.011800000000000033,2.0216839003550864,0.04307515026612471,5.2656379846635675,5.284873312709886,4.882896688656588,0.9239382667723441,0.38393902244008066,1.2279382379190973,0.06086555657866205,2.7688113228880478,2.7949913728475098,2.510805533283172,0.898323178266267,0.44348931534933156,1.5136310138597495,0.03986367600913528,2.6139677582620013,2.690780562128877,2.2246845738817997,0.8267803793415566,0.5790549669465496
139,3,1.0,0.083620286286965,0.8348,0.013499999999999956,1.8145566809770846,0.03868896950496711,4.953528246296888,4.973085114321601,4.630222424267757,0.9310563398429557,0.3663160056336801,1.0263339821404154,0.05103850146385259,2.616601638390868,2.631394104168594,2.4229885470029267,0.9208003252589507,0.3922392950772515,1.2896305376754917,0.03397047645447282,2.443919017715318,2.4962561142211626,2.137322986710888,0.856211417784644,0.5276895544931332
140,3,1.0,0.08283963474507404,0.8239,-0.01090000000000002,1.7054547401242732,0.03640825446546381,4.73078552957118,4.742361856206137,4.425089852623539,0.9330983140463233,0.360501385967261,0.9832389119566286,0.04918958112035124,2.6012428984406095,2.608932474950623,2.4165616176846094,0.9262645319060415,0.37798811965851387,1.1120451889134477,0.029653694356365588,2.4554056347709077,2.5021053132306155,2.241402963432616,0.8958068038065946,0.45289673248518175
141,3,1.0,0.0820581234988886,0.831,0.007099999999999995,1.737396837056673,0.03714691762707463,4.785490108324395,4.7956094354417225,4.469823503710728,0.9320657914042605,0.36305515166240937,1.0272628756473074,0.05184982883468339,2.497693252426042,2.506875249919567,2.2867344259054336,0.9121851699556265,0.41128464219916266,0.9214920824380459,0.024884787027880523,2.1410213688846405,2.147509982426901,1.939755566327383,0.903257997494971,0.4303983583863504
142,3,1.0,0.08127583824992367,0.8421,0.011099999999999999,1.7570607781760723,0.0376165630226507,4.855323692613651,4.868409040744557,4.54028016777338,0.932600389526638,0.36188334484250123,1.083941301496696,0.054450989934408785,2.6354240590471965,2.6447772727951357,2.4124506381859856,0.9121564462161248,0.41129673145982476,0.9017657903138601,0.02463306146007761,2.3099094584236934,2.3410302994008867,2.1603800349481457,0.9228330088256557,0.3903901025320856
143,3,1.0,0.08049286478457239,0.8199,-0.022199999999999998,1.821293219661483,0.0390351915487241,4.886835389885676,4.897617070997951,4.546377017031126,0.9282834797259364,0.3726937934989643,1.0749998352862686,0.0543263363884539,2.592620372601969,2.598448460827464,2.3656520664523257,0.9104094624601462,0.4146383506997565,0.8491194821551789,0.023410676452956393,2.14451081316906,2.153976581723401,1.9795485485507316,0.919020459807827,0.3959501984978984
144,3,1.0,0.07970928896469852,0.8322,0.012300000000000089,1.8406072936321667,0.03949146954005273,4.986354675658465,4.995528524886299,4.644079026887192,0.9296471842271972,0.3691288352626277,1.0213096054727453,0.05173437920425982,2.5189729116863484,2.524633933161188,2.308831535354465,0.9145213113980017,0.40544683935843545,0.7243515102654638,0.02016650150092722,1.9639839772715963,1.9723310949017214,1.8345041994052393,0.9301197979118462,0.3688174234861868
145,3,1.0,0.07892519671822079,0.8103,-0.02190000000000003,1.7301912494542022,0.037155202852297,4.7608182888768305,4.768355485344616,4.443382980620046,0.9318480961154507,0.36342308075412555,0.9244621239596397,0.046920983545357675,2.485543745340406,2.4920264986361977,2.314209579333766,0.928645654691174,0.37193556769729297,0.8535703613807974,0.02389928401022191,2.287033433441476,2.3168942289716936,2.15393051055254,0.9296628579840343,0.37322163677177383
146,3,1.0,0.07814067402968998,0.809,-0.0012999999999999678,1.9861474404284778,0.04270222966666246,5.085451551530144,5.093583200943239,4.690395306889673,0.920843956376544,0.39055478560814777,1.1174174831468682,0.05711031170649541,2.6021151104817273,2.6090614986031935,2.3576641086218117,0.9036445135095621,0.4294266147741641,0.9101407352139015,0.025587733213822187,2.09185105224865,2.107194757539453,1.9005035696467263,0.9019116827463648,0.4350886905812626
147,3,1.0,0.0773558069308596,0.8328,0.023799999999999932,1.8120490532821707,0.038974858463457135,4.756425171391282,4.7718756492419185,4.414439427062638,0.9250952354057961,0.3809686871941551,1.02810777078404,0.05255441976998412,2.4535317895302415,2.461120084690273,2.2360917903455504,0.9085667149097919,0.4190317709235321,0.929721149751662,0.02625725787561523,2.1313350439168235,2.14563323604845,1.9337425765210627,0.9012456295104657,0.43621539110204055
148,3,1.0,0.07657068149125178,0.8314,-0.0013999999999999568,1.616830700198738,0.03481918490480281,4.485352180426536,4.502076536063687,4.201731986143743,0.9332875513079248,0.36046906355633934,0.8572011285910428,0.04387381076008367,2.298937186082546,2.3108088509618985,2.145936581579424,0.9286517059540236,0.37286844276582337,0.8179526035299306,0.023473954429014635,2.1277667824215216,2.1883516799051543,2.029738060969218,0.9275191367126098,0.3844183536877351
149,3,1.0,0.07578538380871845,0.8406,0.009199999999999986,1.6269985542981003,0.0350878668671636,4.572426990262005,4.588920415386661,4.290811858691702,0.9350373225703806,0.35582821940364573,0.9637211653922151,0.049686079573340446,2.3413250067430598,2.3479500046965414,2.1410537064149686,0.9118821534241685,0.41161357889941813,0.9569045183970941,0.027677839463783886,2.2971935123939513,2.33804835301035,2.1332615859426465,0.9124112352920201,0.41655372663832957
150,3,1.0,0.075,0.8386,-0.0020000000000000018,1.5390317396894557,0.033244119972330476,4.4100896095012665,4.421441740951937,4.1449401068690515,0.9374634677368033,0.3489796979121936,0.8956473148358842,0.04680426308322358,2.3263203597338475,2.3347389259753064,2.156112666169198,0.9234919768464092,0.3850060079164482,0.7883538921590129,0.023251968551258106,1.9806260118944095,2.0095667875925822,1.8484744217893754,0.9198372670180363,0.3980326863449481
151,3,1.0,0.07421461619128157,0.8303,-0.008299999999999974,1.6597158587617877,0.03590268794266544,4.685838960783592,4.696069725025826,4.392996039477411,0.9354622688131514,0.3541982284607239,0.9044423512804898,0.04745019331145292,2.4736153053075465,2.4796297278341153,2.308797838074412,0.931105887366127,0.36563581626450187,0.701902247287815,0.02097394335709438,2.103368646644771,2.190517064565696,2.0750177277461317,0.9472730257673369,0.33370386518191564
152,3,1.0,0.07342931850874825,0.847,0.016699999999999937,1.612065480611084,0.03492038350076351,4.490855741089573,4.51536410294613,4.217790647479009,0.934097572491892,0.35896621346825186,0.8855284464584323,0.046127252083618515,2.3904246344269833,2.402398406825781,2.2332392514097927,0.929587384450736,0.37044817632190497,0.6475588570505613,0.019480146691832498,2.3071619917915402,2.3177150388824495,2.2254148408407564,0.9601762095455021,0.2806733377866214
153,3,1.0,0.07264419306914037,0.8311,-0.015900000000000025,1.5495484052659718,0.03361188388621876,4.398986794263516,4.406324365207815,4.124875060596592,0.9361260585277069,0.35225120641113433,0.9020775908731362,0.04733968139633786,2.330554040987141,2.3341091996244603,2.1527475059330268,0.9222993963947304,0.38706572557787494,0.8275707060997829,0.02502542502437844,2.197139495154844,2.214529105809619,2.0540853054681514,0.9275494731947493,0.3766582449247081
154,3,1.0,0.07185932597031003,0.814,-0.017100000000000004,1.701341914202977,0.03695726920973023,4.478569142200818,4.490587040821737,4.155816123515854,0.9254505225569299,0.3798851508557751,1.0402930543960078,0.05492323865076281,2.3862144389820714,2.3938561292942606,2.1560004328368065,0.9006391012614543,0.43595958410166336,0.9632743294353349,0.029487151053676795,2.1603655707375706,2.2505886877318266,2.0340234324105246,0.9037739518989766,0.4458848735987138
155,3,1.0,0.07107480328177919,0.8314,0.017400000000000082,1.683484312127056,0.036613552202141526,4.508056359868956,4.527476181161916,4.202846796265342,0.9282979364425364,0.37343905615589795,0.9443698885032124,0.05033971284205471,2.36142938177631,2.371078822320565,2.1748977806526253,0.9172608519711976,0.399914516093994,0.8695902864940924,0.026600218848579927,2.135924041316697,2.15204257476282,1.9685274800193338,0.9147251560468261,0.40712603523018115
156,3,1.0,0.0702907110353015,0.8273,-0.0040999999999999925,1.6405125289136344,0.03571924741235926,4.422216473869939,4.447047494999838,4.133394514200426,0.9294693881385174,0.3709706520716749,0.8971036161169815,0.04754885841952056,2.2274311329455387,2.240084558905503,2.0526042198824923,0.9163065794647444,0.40275257126834635,0.6793863841324042,0.02088463383701659,1.8153226354693826,1.8343005449191352,1.7038464215846372,0.9288807258462385,0.3742510399297353
157,3,1.0,0.06950713521542763,0.8139,-0.013400000000000079,1.5815975325844192,0.03448000885663688,4.318001669574559,4.330244539080807,4.031075170991038,0.9309116689854946,0.3662799724531486,0.8789566262079795,0.046781570916633014,2.140508265156215,2.1534022903408476,1.965852724541237,0.9129054674823789,0.4106298679224362,0.7608483896842124,0.02358745779196684,1.7726316415818346,1.7912604632080695,1.6216423066970231,0.9053079326011206,0.4292196821022882
158,3,1.0,0.06872416175007633,0.8422,0.028299999999999992,1.5763561059533002,0.03441040407423641,4.356261710721725,4.36670083507252,4.072244798639384,0.9325678475456527,0.36185982629866764,0.8434421245765821,0.04523644911309604,2.227945527956432,2.2320620780781075,2.066568780235228,0.9258563193791745,0.37857394356953766,0.5657685172634472,0.017806413311192735,2.0492378869244163,2.072293572596894,1.993566434926418,0.9620096598708169,0.27608728145885336
159,3,1.0,0.06794187650111143,0.8251,-0.017100000000000004,1.6530213429919183,0.036129052214512895,4.424184908710682,4.445649234973771,4.12690170095077,0.928301240791688,0.373632969032854,0.8611313282933797,0.04644439941994867,2.274465797188481,2.2901669199176746,2.122102112911494,0.9266146037022392,0.37860816784224394,0.9348581955706898,0.029590809709877493,2.0978576111169103,2.1285015805123555,1.912213413441452,0.8983847749744962,0.44562518953465413
160,3,1.0,0.06716036525492598,0.8367,0.011600000000000055,1.6658935262348507,0.03645038641221413,4.429768716315422,4.44014062455434,4.115780310907982,0.9269481890162173,0.3760678339930356,0.9374067086641913,0.050598001388148434,2.2914764513490455,2.296039322885549,2.0959640766746297,0.9128607057306516,0.409084155376032,0.8656363872910343,0.027874278848037407,2.040908594715025,2.083767100416052,1.895457328895473,0.9096301254190162,0.4241426536850389
161,3,1.0,0.06637971371303501,0.8132,-0.023499999999999965,1.5263922134745207,0.03343383880210237,4.251606392107127,4.2599355876517615,3.9770816048303583,0.9336013474848518,0.35901541034188483,0.8252311202205854,0.04500596282937012,2.239031287970656,2.243064217508816,2.0857446364161127,0.9298639870117384,0.36856614047967723,0.7433932708092362,0.02397405475411504,2.1117714883362,2.1718972007015256,2.040711763983417,0.9395986897189538,0.3520235380178056
162,3,1.0,0.06560000748267719,0.8385,0.02529999999999999,1.5672450934498676,0.034372154303740625,4.295823607156765,4.3201069947715345,4.0258002078397395,0.9318751162209677,0.36482994572655764,0.8922447069959674,0.04883166011318567,2.2614269198253085,2.277249038224629,2.095175990736636,0.920046931876217,0.3945494321191205,0.7663593272724724,0.02512353473836108,1.930562404637091,1.9850368463322925,1.8311374542656045,0.9224702592543588,0.3969616964630228
163,3,1.0,0.06482133206742717,0.8291,-0.009400000000000075,1.5314961030238616,0.03362793688689418,4.259816322123681,4.273960472519933,3.990145092803321,0.9335942899936849,0.3595216289185803,0.8848534850039083,0.048309708719241944,2.2565190029799256,2.2614027609745353,2.0810999189736927,0.9202694694141338,0.3921320776981642,0.606169189373288,0.01983345482098756,1.826165106520847,1.851020221659304,1.748952499263378,0.9448586670196235,0.3319355885230677
164,3,1.0,0.06404377285781915,0.8392,0.010099999999999998,1.5675002813667696,0.03445539335792365,4.219650015633531,4.2250454178914305,3.9235126717421553,0.9286320698773081,0.3714763725804942,0.8723530895810039,0.047672456661999055,2.180805946044006,2.1885446505649586,2.0071690923658494,0.9171250364244165,0.4000140824833393,0.6299250974882745,0.020669847507391443,1.8459225557041363,1.8844040258700534,1.7759991872276681,0.9424726135403296,0.34125218067341206
165,3,1.0,0.0632674151219827,0.8459,0.006700000000000039,1.4523276629980926,0.0319645645417091,4.06296764950096,4.067665960144523,3.7995592947820644,0.9340883278053312,0.35745489215905446,0.7927902345867043,0.0435099615186611,2.0975420379632626,2.0994419481276534,1.9440011060167273,0.9259608762940299,0.37796154748655847,0.6748647812467423,0.022240011059020414,1.8618313841546865,1.933917171529714,1.8123447569796585,0.937136700402793,0.36247363052865617
166,3,1.0,0.062492343996292325,0.8285,-0.01739999999999997,1.5086716148750507,0.03325125359979597,4.106732575005578,4.117755993104435,3.831425899759055,0.9304645312095068,0.36736543890321405,0.8522036342138539,0.04708735592709808,2.1262059315421835,2.1287955506265357,1.95077409048462,0.9163745620900413,0.4008095460422933,0.755614044541864,0.025205446915320263,1.7683996374530844,1.7961835425717008,1.629515992634291,0.9072101786998994,0.42728692572575266
167,3,1.0,0.06171864447603126,0.8448,0.01629999999999998,1.4824761179895662,0.032710400332478504,4.041740036506524,4.0623115695255905,3.7821475248125673,0.9310333439673261,0.36679155626024473,0.8274089349390502,0.04584624603952157,2.0682566112981586,2.0797369849851117,1.9080619925693774,0.917453507989154,0.4000513913115066,1.0175820836429743,0.034064947866264066,1.9158181295026666,1.9679211500325122,1.684411186748642,0.8559342871643072,0.5311475384707481
168,3,1.0,0.060946401406070654,0.8419,-0.0029000000000000137,1.4106432202573702,0.031170069606406905,3.8964247456259935,3.9053053104798563,3.641633608306774,0.9324837160706689,0.3620352790955131,0.7336898983034251,0.04086173152391701,1.9936936046084706,1.9969222753413522,1.8572554651741944,0.9300589652928363,0.36800534275050256,0.698346256652,0.023915281556199337,1.9966480544150476,2.034845562564488,1.911258556530906,0.9392646752622212,0.34975931542256333
169,3,1.0,0.060175699471565536,0.8429,0.0010000000000000009,1.4594370892958795,0.032291858192125544,4.022151321912253,4.0351126314723995,3.7619379864012505,0.9323006146246112,0.36284987124801127,0.8481827930047756,0.047361950016743024,2.081783759780646,2.0845431985068554,1.9041812974847332,0.9134765347384912,0.4074307857479622,0.5976309790347053,0.020555045077258926,1.7281023826165605,1.773313001427241,1.6695736408618727,0.9414996898562892,0.3458307708191561
170,3,1.0,0.05940662318866806,0.848,0.005099999999999993,1.4783593682518639,0.03275137076160936,3.9838688321220137,3.9910889373545673,3.707188226466054,0.9288663531821236,0.3710863561399971,0.866699194114616,0.048591047717373784,2.0366494778533393,2.0435618781704177,1.8506695185784319,0.9056097289480265,0.4255514773352804,0.7130573914414416,0.02453752176815478,1.6904797917294263,1.7265764377548192,1.572455300486924,0.9107359895005234,0.4218076991692142
171,3,1.0,0.0586392568952593,0.8383,-0.009699999999999931,1.404123526773796,0.0311400086590575,3.9275392339295037,3.945031833585915,3.6866941004303038,0.9345156784398391,0.3575071929629001,0.7923446707846911,0.04466974760018332,2.0826735385331117,2.1016235727971853,1.9465383644023764,0.9262069523761594,0.38044592977484254,0.6758785269609132,0.023443183446459553,1.9145985339091716,1.9667436001707093,1.8469623510490492,0.9390966625688965,0.35301318526601194
172,3,1.0,0.057873684741700834,0.8429,0.0045999999999999375,1.4369518135514296,0.03191329258299109,3.9004634780497485,3.918633928305985,3.6456633747633567,0.930340379189073,0.36840540147036904,0.763528429664388,0.04317000013965242,2.018697522187033,2.033593420219865,1.884814743658915,0.9268395171416003,0.3782282492907557,0.7110283365194217,0.024974061006939247,1.7819572407438145,1.824219646327637,1.6799452030385917,0.9209116930740845,0.399015374927082
173,3,1.0,0.057109990681606444,0.8333,-0.009599999999999942,1.403869033164108,0.03122170852207755,3.8569646885743603,3.8736570798654175,3.6103145299961508,0.932017072125957,0.3639828586771471,0.7460278244344394,0.04233875057009387,2.01923875355437,2.025917669260961,1.883556435486553,0.9297300004168776,0.3694599378707654,0.6396949360808623,0.02255220249260686,1.7301901192311397,1.757613281249961,1.6370690827351728,0.931415971988411,0.3697252278640507
174,3,1.0,0.05634825846263591,0.8436,0.010299999999999976,1.5212790887566638,0.03387435163483189,4.00253327797833,4.011245672845265,3.7115767350003424,0.9252927987249506,0.3800790607105354,0.8874934931514171,0.05038365816296581,2.0878556330284788,2.098683616069496,1.9017961378025898,0.9061852502400312,0.42507416658118696,0.7658354137866271,0.027207222025761577,1.722826340922234,1.7896058331234617,1.6174627365133551,0.9038094906576947,0.44452269831019253
175,3,1.0,0.05558857161731095,0.8411,-0.0025000000000000577,1.428393433511313,0.03184731106975579,3.867651304147906,3.8716157735719414,3.5984859279492802,0.9294532666472034,0.369318048909791,0.8098066497060605,0.046703439207781694,1.946621384797824,1.9535406457721585,1.7777891520253883,0.9100343808422259,0.41600624344839765,0.5941836611846387,0.021360778407767813,1.69292431093313,1.7288268326843619,1.6235112625433628,0.9390826379195684,0.3509806418085686
176,3,1.0,0.0548310134538551,0.8465,0.005400000000000071,1.378593961117369,0.03076504610551243,3.8040608510280145,3.8081255182104945,3.5498308043073656,0.9321727415055094,0.3624006069053327,0.7801530828436877,0.04518494152815599,1.9517623746512647,1.9557668329109008,1.7934282788836033,0.9169949345210656,0.3997172468206245,0.7423845446377063,0.027018193144908435,1.6790311795831798,1.7284033628068418,1.560846957151373,0.903057116607685,0.4421505411364687
177,3,1.0,0.054075667047057796,0.8404,-0.006099999999999994,1.3317726846071551,0.029756235414881246,3.6757857626593275,3.6783964069857493,3.4288455395956325,0.9321577014059204,0.3623096585595498,0.7289679208257394,0.04215575887240606,1.8753053616510784,1.8761745924960382,1.72876745017576,0.9214320762524719,0.3887195844115397,0.6241375074910842,0.02301933031208437,1.5472871078701957,1.5809898289433377,1.4525775482572543,0.9187772885471955,0.40337536861545675
178,3,1.0,0.05332261522916461,0.8438,0.0033999999999999586,1.3580627848147167,0.030375988304071982,3.71987948469252,3.732449068222687,3.4766135247436583,0.9314563872666983,0.36508246850555487,0.7593645265330842,0.044033818924410856,1.9179241645480571,1.9261896308316921,1.7701898820989637,0.9190112197492358,0.39593042340755014,0.5987852163023066,0.022229877721136323,1.7810366760183758,1.8296234083734824,1.728866034889293,0.9449299932308137,0.33620038507063776
179,3,1.0,0.0525719405807935,0.8345,-0.009299999999999975,1.389050989458421,0.031105255559152733,3.707511361064637,3.7097958589692324,3.43993063021147,0.9272560434544384,0.3746585928355849,0.8194352071094445,0.04781509331390649,1.8459443673085483,1.8499133240332717,1.6585250388455082,0.8965420256715112,0.4439111067600644,0.929588611176969,0.034271920767857476,1.5352560022806605,1.5724762950793492,1.2682851461844906,0.8065527920218927,0.6054942040910717
180,3,1.0,0.051823725421878956,0.8352,0.0007000000000000339,1.4539451025947643,0.032598033870149506,3.8017966448616853,3.814096755029801,3.5260995077279693,0.9244913630148375,0.3824363158823454,0.7415524456680208,0.04362235100267482,1.9005652041245689,1.906204074710122,1.756050668530709,0.921229102292079,0.39017469332739463,0.4800050175827231,0.01803142220136516,1.6303843321806877,1.663647698988108,1.5928964338405935,0.9574722068917909,0.29441218742620157
181,3,1.0,0.05107805180264475,0.8313,-0.0039000000000000146,1.3760676750146417,0.030887996855523916,3.564804957080214,3.568439530780205,3.292445671483278,0.9226569886034798,0.3860148567964634,0.9176945924014142,0.05411650353186959,1.9139206174487438,1.9179568567465022,1.6841600952894267,0.8781011363031006,0.47948414580783455,1.3298682268338833,0.050378799645322,1.8752863012264442,1.9408899493740988,1.4136844914472229,0.72836921635001,0.7091547706417652
182,3,1.0,0.05033500149460625,0.8418,0.010499999999999954,1.3595549483678617,0.03055858339593251,3.581624280116195,3.5922037253041648,3.324986915606776,0.9256120114193238,0.3795917276738349,0.8889656795165546,0.05266183598693736,1.8901049767695919,1.9037267999547973,1.6834238083126951,0.8842780426018412,0.47032608793819475,1.2806449533786255,0.04818788632989435,1.8167237460857468,1.9210556867932211,1.4319232170312015,0.7453835028704876,0.7049200276805215
183,3,1.0,0.04959465598160315,0.8323,-0.009499999999999953,1.2776212951152603,0.028757591348172143,3.4880950684197445,3.497837388512379,3.2561557576279103,0.930905412676358,0.3662805256320256,0.7488110060663202,0.04432974714834625,1.813007858325444,1.8171500456650942,1.655692142296784,0.9111477317167747,0.4130213791560438,1.182638949916997,0.04540284820951265,1.7373795137494752,1.765748636444548,1.311195200865687,0.7425718325943977,0.6807027138041469
184,3,1.0,0.04885709645086388,0.8448,0.012499999999999956,1.26197484343828,0.02844151379261831,3.464818043638169,3.483147982324161,3.2464964835538095,0.9320581554469461,0.36422543046825234,0.6431664805336091,0.038434306498070385,1.7039607817892441,1.7133242168185525,1.5880229086839124,0.9268665516399982,0.37745380492751257,0.5673551815281672,0.02190912742118873,1.4309953876613586,1.4577590588582225,1.3428218635932474,0.9211548749661013,0.3964758981196873
185,3,1.0,0.04812240378410249,0.8491,0.0042999999999999705,1.2323130413199734,0.027801479267582897,3.470219840464728,3.474206430047819,3.2483095460622806,0.9349788538666572,0.3551109433905327,0.6546799079752964,0.03919157170936835,1.760919511955766,1.7659197125793458,1.6400813489907204,0.928740608821438,0.3717829824306824,0.5934137260821389,0.02321730161902389,1.4848718584989014,1.5713089812621146,1.4549475567945542,0.9259461850882467,0.3996396878866285
186,3,1.0,0.04739065854864916,0.8399,-0.009199999999999986,1.2538141477563045,0.02831833650521862,3.4482865920474097,3.4550485034374394,3.2195202009646127,0.9318306813237213,0.3636049714220117,0.6215471166275384,0.03755234106836223,1.7866784658135275,1.789679570420306,1.678282519799177,0.9377558684457871,0.3478785514687051,0.5677760099771226,0.02235572770400569,1.583274174762745,1.6252944087946584,1.5228960351904501,0.9369970307840114,0.358608773532357
187,3,1.0,0.04666194098861497,0.8507,0.010800000000000032,1.1777562791047689,0.02663548850876647,3.290604350543301,3.29505186888638,3.0773782757199997,0.9339392513903136,0.3579148854253211,0.6373377239566685,0.03862137123407759,1.6757738326842322,1.6787222368456214,1.5530322132538996,0.9251275637904828,0.38032442775155967,0.5397210373922323,0.0213968804362155,1.4922913965602644,1.5113398483090152,1.4116833016293733,0.9340607959281004,0.3616726858013728
188,3,1.0,0.045936331016092284,0.8224,-0.028299999999999992,1.2320034012050958,0.027899266625056093,3.382906249583297,3.39154907119789,3.159869117229215,0.9316890455938925,0.36418490797870995,0.656266806306009,0.039898372517327314,1.7018739078884857,1.7073291320221347,1.5761619915524023,0.9231740746352872,0.38561423573397335,0.5391306431368957,0.02156625826517603,1.4162366206541166,1.4613981463078722,1.35831617046501,0.9294634551827698,0.38067836636499885
189,3,1.0,0.04521390820239145,0.8384,0.016000000000000014,1.2770902020731452,0.028957647458212155,3.4221064324924946,3.423977328289318,3.1768949356548535,0.927837608446458,0.3731883350989102,0.6910035806111373,0.04207336287330834,1.7795576847075445,1.7835187950703626,1.644218175074002,0.9218956254448303,0.3883007482978547,0.8481345873527723,0.03396108305990614,1.7255179828623946,1.7628065813843676,1.5453658164642075,0.8766508094442219,0.49152462957577225
190,3,1.0,0.044494751769314986,0.8395,0.0010999999999999899,1.1547360275559633,0.02621681368342546,3.2190189930051796,3.224219805884557,3.010345193274699,0.9336662431576429,0.35872296189154707,0.6212211699280847,0.037841194159354684,1.634373979090636,1.6400603551319677,1.517854504370401,0.9254869795619605,0.38009732036588806,0.5748973429085882,0.023401792557726227,1.4496099941020242,1.48763911877792,1.3720654414734321,0.9223106761272649,0.39658759614493017
191,3,1.0,0.043778940580469924,0.8195,-0.020000000000000018,1.2089458728996667,0.027480704371023762,3.345912445907813,3.3543916467339154,3.128960410928774,0.9327951952108401,0.36132023549458286,0.6870994615117203,0.04193443545810669,1.7355964411077527,1.7410831852781048,1.5997703134803465,0.9188362319545426,0.3958866503973561,0.5513010958742759,0.022735075947037175,1.4462811520049503,1.4808342233902057,1.3743860022206578,0.9281160446671427,0.38118528690636555
192,3,1.0,0.04306655313261954,0.8425,0.02300000000000002,1.1638497330306685,0.026483651008231992,3.195983660334411,3.2004718088594717,2.981354333683807,0.9315358833753483,0.36416010115298564,0.6476757549008152,0.039724713634562876,1.6434219643013066,1.6459597962146035,1.5131754439127632,0.919327098628278,0.39410192206854894,0.45014338291306355,0.018548695394285424,1.5008073177029722,1.530167187234785,1.4624577246442994,0.9557502845732526,0.2999341605037085
193,3,1.0,0.042357667547075435,0.8489,0.006399999999999961,1.1560924799294954,0.02633700825861441,3.200330103932786,3.2091269459729714,2.9936509516600696,0.9328552600316121,0.36124163520157165,0.6177630329832269,0.03839927512605719,1.6258617660306762,1.6315793310963775,1.5101059003762416,0.9255485599719451,0.3799603667976107,0.39041095029292916,0.01616450504398768,1.3685978311154567,1.3863550412313312,1.330247959744343,0.9595290673613052,0.28526345827592764
194,3,1.0,0.04165236156113045,0.8308,-0.018100000000000005,1.162902325628899,0.02652275628282429,3.172869254570342,3.1784711332977533,2.95809685853252,0.9306665797727133,0.3665144171805387,0.6790802873809685,0.04212703899674243,1.6336646001696282,1.6420737270389032,1.4950773108449071,0.9104812324967467,0.4156791346953699,0.7170310241371362,0.029762286556184736,1.5210525929775092,1.5667264526608964,1.3930177773569432,0.8891263532259063,0.4714044914998797
195,3,1.0,0.04095071251953399,0.8498,0.019000000000000017,1.1277649726773935,0.025750951647866897,3.1070112388698607,3.1126117801729594,2.9011201839727785,0.9320533329767103,0.36297421733421376,0.6057188168409361,0.037927664886158154,1.58249332248832,1.5894892601792183,1.4695512130685453,0.9245430276784948,0.38276232084726963,0.4148579896866528,0.017470771417393213,1.3647977357267624,1.4087316659435456,1.3462607384359075,0.9556544876374338,0.30397030917239803
196,3,1.0,0.04025279736601039,0.8385,-0.011299999999999977,1.073698860369014,0.02454393477833522,2.9935857770958525,2.998264054454145,2.799421045842498,0.9336806215195587,0.35866647569746085,0.5734668738468357,0.03589320904087888,1.517338521505787,1.522406546302923,1.4102686224672552,0.9263416699645779,0.37794260523863493,0.469201987852005,0.019891980140364782,1.4181656841360146,1.4619507198944277,1.3846117177059456,0.9470987625396381,0.33085131949011704
197,3,1.0,0.03955869263482096,0.8309,-0.007600000000000051,1.0902655646831956,0.024951777319036264,2.9928605874983605,2.999565744082821,2.7944079455043136,0.9316041667087251,0.36428879087699667,0.6562483578943537,0.041435199853131086,1.5920701509574389,1.6005807492765114,1.4598619092239067,0.9120826361830155,0.41219814183420195,0.5880553030986636,0.025195500833539695,1.4458877075488739,1.51112643784059,1.3920107599563722,0.9211742479640321,0.406708833631042
198,3,1.0,0.03886847444237134,0.8372,0.006300000000000083,1.1919803284768473,0.027316363631957823,3.1514620438970615,3.161672168393598,2.9283705122425787,0.9262094095386377,0.37823090104644197,0.7962391734459829,0.050345120686719265,1.7094158660196888,1.7271955738077516,1.5327125440244187,0.887399532089711,0.46579605891923553,0.6824174812750169,0.029285431660076418,1.549598946523044,1.6062572637385268,1.4540870998211806,0.9052641395917029,0.44038328937058857
199,3,1.0,0.03818221847886444,0.8437,0.00649999999999995,1.0792006080215037,0.024761928344791424,2.962316816681966,2.967670721638646,2.764488316711942,0.9315347206665456,0.36430965180500025,0.6067012096423776,0.038492923945610415,1.538174567784234,1.540421693660383,1.4159140661865768,0.9191730238633887,0.3944293595468431,0.5384610615392991,0.023425872263316445,1.3803760431473946,1.3957000393025352,1.287648331510101,0.9225824283515603,0.3900828793808637
200,3,1.0,0.037499999999999985,0.847,0.0032999999999999696,1.0739471280942954,0.024669060450424454,2.9078009748761975,2.912764761552743,2.70755169935993,0.9295469840539344,0.36933309307388884,0.6188458445626398,0.03931823639031581,1.534899798616639,1.5401682229649893,1.4103715912371482,0.91572567866777,0.40318322089845066,0.6037586253564401,0.026418844306959646,1.5432197394444331,1.5955709163161063,1.4769298609115233,0.9256435084198549,0.39123308879770824
201,3,1.0,0.03682189381872215,0.8484,0.0014000000000000679,1.032127833327974,0.02373725173419658,2.8822504923384997,2.8860927031298336,2.695226018154678,0.9338667518308856,0.35809789470815984,0.5496263924835251,0.034898622277069864,1.4593869743991668,1.4622819195190737,1.35505695347576,0.926672849734353,0.3766145663385872,0.5138371706801448,0.022623667895806707,1.3350621407567358,1.3549335558105144,1.2537212157319673,0.9253008830990221,0.3848788419607893
202,3,1.0,0.036147974297015245,0.8463,-0.0020999999999999908,1.0168327631670173,0.0234136948736837,2.841120625592428,2.8452335432086993,2.6573304490698453,0.9339586394982019,0.357898483439079,0.585417690794506,0.03743350927450414,1.4566542205717372,1.4604092267751265,1.3379391934364642,0.9161399208569091,0.4018920087738663,0.43580030269080794,0.01947072171304815,1.3377818599957951,1.373406462483777,1.3024298318139307,0.9483207392649904,0.3257633518010012
203,3,1.0,0.03547831533774918,0.8429,-0.0034000000000000696,1.0439825162835499,0.024066402443739636,2.853161821935806,2.859022007122658,2.661598657294475,0.9309472437300784,0.3659037171523735,0.5727655932323,0.03679974534078198,1.4964563214089726,1.5028850130767715,1.389461425537937,0.9245294306936838,0.3827479526385499,0.511269988469738,0.022967737078585255,1.4327542952672458,1.466071736206431,1.37403392759436,0.9372214835474384,0.35684414987174956
204,3,1.0,0.034812990376575266,0.8342,-0.00869999999999993,1.1110088374034308,0.02564298450416414,2.887200695911644,2.8951635941386566,2.6735055036435154,0.9234384920617631,0.38480485231825073,0.6661704099265248,0.042942340709843,1.5162976858140644,1.52376403381225,1.3704283717124512,0.8993704676726265,0.43934012177092624,0.6521324633143645,0.02922678038853604,1.3147209008348453,1.3704184320050294,1.205309335597881,0.8795192092056286,0.49602350042527016
205,3,1.0,0.034152072373872994,0.8449,0.010699999999999932,1.066563554862545,0.024643606613986107,2.8186691448449066,2.8242087024855853,2.615071134019969,0.9259482600271167,0.3783926030528252,0.6168108697239174,0.04011507757505923,1.4739128272646183,1.4752293800858856,1.34009183014918,0.9083955676582051,0.41848531223426183,0.5151650769367234,0.023531199691208978,1.3095398411817416,1.3403355838035964,1.2373780907381806,0.9231852870956065,0.39339396995499837
206,3,1.0,0.0334956338067492,0.8464,0.0015000000000000568,1.0275808876728683,0.02376891944060169,2.7421462310661724,2.7454128265422746,2.545853324618513,0.9273116596548077,0.3747359918414472,0.6295360066769213,0.04094617290991956,1.4305953643865612,1.4333546596846427,1.2877072865814747,0.8983870655325372,0.4400517591127986,0.5334001837241963,0.024340999976091664,1.18945734668187,1.199766879026399,1.0746743758501043,0.8957359922472554,0.44843994214015176
207,3,1.0,0.032843746661090224,0.8398,-0.00660000000000005,0.9711165343002164,0.022483696909046422,2.6488305720368865,2.654940148375536,2.470959317017809,0.9307024561475337,0.36662085697442376,0.5264181749629991,0.03446444563233986,1.4226727543012812,1.4285304009485782,1.3279996546760584,0.929626456527796,0.37002056402038813,0.436842878949744,0.019922272319082772,1.300502175645352,1.3472757670719981,1.2744884055469676,0.945974414960927,0.3359032280995364
208,3,1.0,0.03219648242366763,0.8509,0.011099999999999999,0.9264577488605551,0.021475538765120056,2.5689969912655597,2.573850001894486,2.4013287840669713,0.9329715338110106,0.36063014165079116,0.5628970339068182,0.03704756497144243,1.3908079303568535,1.3964908300936634,1.278019414090842,0.915164916625428,0.40472664961177646,0.5060072544190066,0.023283793285822977,1.2887476819073598,1.3703433760508885,1.273498218076651,0.9293278169057672,0.392634851276792
209,3,1.0,0.03155391207429908,0.8492,-0.0017000000000000348,0.9497954277767713,0.022040433933510666,2.65167060243543,2.654782536569251,2.479064141284057,0.9338106255918525,0.3581875617976194,0.507144448877662,0.033578542096513946,1.3962595632986567,1.4032324433154373,1.3083828905608106,0.9324063855518304,0.36321645502612393,0.6438271680819626,0.029827704487588032,1.4020554104500984,1.4463447144203037,1.295144893082261,0.8954607294992994,0.4592023705220583
210,3,1.0,0.030916106078064522,0.8475,-0.0016999999999999238,0.9281460567573304,0.021561777088329126,2.574327563468128,2.576746581279752,2.4037820017504004,0.9328748194386085,0.36053922194226684,0.5731875466541183,0.03787575819954053,1.3621209405468881,1.3679221270083877,1.2420414882940531,0.9079767508479212,0.4208051793286321,0.45992044450754205,0.02164209494495687,1.2528027303585632,1.3030089110903362,1.2191413222434215,0.9356354449051805,0.3671132201124025
211,3,1.0,0.030283134377578798,0.8462,-0.0013000000000000789,0.9437166731670313,0.02194552752176827,2.614666067181899,2.618686899851133,2.442727981293609,0.9328064311286979,0.36093200772830397,0.5106686063870476,0.03397788932882563,1.3296582024189432,1.3320174571630976,1.2302390336961326,0.9235907735896116,0.38406005803448445,0.38538997010022985,0.018157324011311267,1.0918718939443064,1.1202837421882452,1.051908064078413,0.9389657498945095,0.3529626252288967
212,3,1.0,0.02965506638532189,0.8248,-0.021399999999999975,0.9338517408568194,0.021737704758929263,2.5350816242524834,2.5398038981140987,2.3618900977011545,0.9299497884285272,0.36837146856452135,0.5374159646649165,0.03580881322172265,1.3538532578505555,1.3605042852286058,1.249862399669392,0.9186758272204761,0.39695289097885295,0.46452412341642685,0.02208695298921595,1.2818660310406749,1.3336304608038612,1.25011513046635,0.9373774574051261,0.3623811788189019
213,3,1.0,0.029031970976026777,0.8368,0.01200000000000001,0.8955061241974029,0.020866165061228913,2.4618634234732513,2.464897377231936,2.2964729350052697,0.9316708095913486,0.3637513420358645,0.48186809778193157,0.03229608190409979,1.265308249209986,1.2669006464189787,1.1716827509609669,0.9248418605459278,0.3808305984591447,0.4112261324689477,0.019574709763739595,1.1843548695155832,1.2375831113602822,1.167264032550343,0.9431803180211077,0.3472153009656173
214,3,1.0,0.028413916479126725,0.846,0.009199999999999986,0.8678211571302615,0.02024155988609809,2.40669429591308,2.4118681850538986,2.250332125212252,0.9330245073745451,0.3605863688645247,0.5183228988444634,0.03503671273773474,1.2658321820045926,1.2681503963345084,1.157387917476239,0.9126582468621861,0.4094720502552232,0.3735412044017583,0.017943022146420542,1.1713647188180962,1.2032229420147096,1.143771053894049,0.9505894659711919,0.318894020283162
215,3,1.0,0.0278009706712622,0.8486,0.0026000000000000467,0.8421243382026576,0.019661987733068407,2.3955261653441577,2.396435188526253,2.243597177222098,0.9362227645312843,0.3515404466816468,0.4577229792503619,0.030975315072254428,1.2673353828131773,1.2697967941784531,1.184429637296228,0.9327710092877838,0.3611695731514478,0.39363898558726373,0.018919392429814032,1.0657751000058042,1.0902536648420982,1.016711085681048,0.9325454419163072,0.36934526391648664
216,3,1.0,0.027193200768848267,0.8463,-0.0022999999999999687,0.9218216050072474,0.02154459958097048,2.4071968616788557,2.4118659763708967,2.2287535706707544,0.924078531935813,0.38294400415774044,0.5534391424773201,0.03751457584023035,1.2828630803799033,1.2900004646287264,1.1652494608225397,0.9032938303304479,0.43140936156134935,0.4876141844955281,0.023602961091368696,1.0702326430763764,1.0935488682319106,0.9788165620842326,0.8950825980615011,0.4556151297103819
217,3,1.0,0.026590673420703724,0.8453,-0.0010000000000000009,0.8282139516027945,0.0193757169022569,2.2868576798315816,2.290796551948955,2.135839550670795,0.9323567162058428,0.36216243752597205,0.5423702176928322,0.03669287400353367,1.2146857015134345,1.2173348318516846,1.0898342706512896,0.8952625375826516,0.44651074513931255,0.49100914917774435,0.024053702917556517,1.1151886049786557,1.1372410909977482,1.0257812624822624,0.9019910295206643,0.44029247338582883
218,3,1.0,0.02599345470074211,0.8414,-0.0039000000000000146,0.8762366809750208,0.02052035926949496,2.3293763870677644,2.3372831717304674,2.1668183967650463,0.9270671277544804,0.3761679245310947,0.5523383863121992,0.03771072464426516,1.244115362339359,1.2581486069024068,1.1304247811602157,0.8984827189399746,0.4439607475576989,0.4558129700117733,0.022399341519885464,1.0162844495286831,1.068771549065217,0.9666991401535362,0.9044955781233541,0.4485092438668753
219,3,1.0,0.025401610100726092,0.8411,-0.000300000000000078,0.7820532748365395,0.018333174409639857,2.21102223092602,2.2146828930944085,2.0720070117003813,0.9355772865547008,0.35370665382636163,0.4334379069782548,0.029643028048931992,1.1668350587686829,1.1685386322456317,1.0851792972083754,0.9286636036353706,0.3714645902357832,0.2948891214097794,0.014616079191576759,1.1368171803613396,1.1666271638043912,1.1287423427493086,0.9675261966886323,0.2593988958858348
220,3,1.0,0.024815204523085634,0.8474,0.006300000000000083,0.7723503363715379,0.018123330601137303,2.1824706125561892,2.184678069861835,2.0435981289489633,0.9354230067765573,0.3538880807503442,0.40810133978241586,0.027968478005769327,1.2045160585326018,1.2115490894949765,1.1407473317471784,0.9415609665661081,0.33880938065664656,0.33884444369821537,0.016789280257858242,1.1854683309084202,1.2370009887281526,1.1896873744553271,0.9617513529059731,0.2858317129725094
221,3,1.0,0.024234302273800454,0.8493,0.0019000000000000128,0.712709141899315,0.016741018953036358,2.080975369015734,2.0823060571664564,1.9565388452870265,0.9396019564719653,0.34248802389065003,0.36914985590066096,0.02522357242889948,1.1513359503999467,1.1580900703628791,1.097679878353132,0.9478363613023485,0.32062740312454163,0.3495650470872824,0.017437660085883305,1.247089089552873,1.2725015995986968,1.2235459000106497,0.9615279858166889,0.2803047913863269
222,3,1.0,0.023658967055348343,0.8466,-0.0027000000000000357,0.7561451100027841,0.017779798143119373,2.12417455114108,2.126646117016474,1.987679137504791,0.9346543938835281,0.35597126874370677,0.4233527020648391,0.029169024785808618,1.1738792651497876,1.1817681122339967,1.1033350972934635,0.933630790906801,0.3606441604629749,0.37043268389781575,0.018603246643057906,1.0845905396797744,1.1158778013782957,1.0525981359452323,0.9432915814304197,0.34154150377080195
223,3,1.0,0.023089261959719498,0.8491,0.0024999999999999467,0.7587846733332241,0.017859509706905276,2.0782238366166252,2.08142186774845,1.938185461280002,0.9311833854117272,0.36511210196132443,0.39091335307209063,0.0269724679717568,1.0970927053538153,1.1020545047115595,1.0303935655560712,0.9349751406585429,0.35631752099383435,0.528601383592931,0.026594389540998953,1.0889057347976092,1.1604369064729783,1.0330511396497208,0.8902260294267678,0.4854427400836309
224,3,1.0,0.022525249461497584,0.8503,0.0011999999999999789,0.7674143622271126,0.018079650268239725,2.1110696307915955,2.115021685840192,1.9708860971686577,0.9318514842488358,0.3635192089516026,0.46471411233944493,0.03215748865021597,1.1760373835017721,1.181279751784625,1.0860307079776157,0.9193679196963198,0.3951525001320204,0.4410068180587233,0.02259344574975549,1.042856798713221,1.0814811893062788,0.987478761685953,0.9130799235808955,0.42288338974524675
225,3,1.0,0.02196699141100894,0.8508,0.000500000000000056,0.7178098781557191,0.016926816119477887,1.9920305623778498,1.9927113131734586,1.8589371740559633,0.9328682793974529,0.3603407958253827,0.4034271462614351,0.028123205108541233,1.0630127089318606,1.0650746383280567,0.9857132322385207,0.9254874698602187,0.3795130038161142,0.4461553880376309,0.022821924510025286,0.8601635150345593,0.8767109137768501,0.7546971418143418,0.8608278167350788,0.5186867150715005
226,3,1.0,0.02141454902753976,0.8412,-0.009600000000000053,0.7048372548408058,0.016636023014767545,1.950957780510758,1.953159407828043,1.8215477408852854,0.9326160136160557,0.3612775539695587,0.40535778417274687,0.028287804043933103,1.1461767429242407,1.1573784177200823,1.0840709851544506,0.9366607918004555,0.3536608002868367,0.292021242929687,0.015160834046455431,1.165019372394788,1.2612679813216303,1.2269965656508086,0.972827808064302,0.2506578429931295
227,3,1.0,0.02086798289262284,0.8497,0.008500000000000063,0.7598080627654723,0.017949075404265553,2.0511045112193593,2.057129460903981,1.911667698379899,0.9292889605206662,0.37043849233883,0.43293850090124325,0.030305102402551038,1.1853429072815158,1.198373501319963,1.1174360567798431,0.9324605855762245,0.3652432542867711,0.4147080151086516,0.021449637914509347,1.2222594830651183,1.2702922679568924,1.2006913408348492,0.9452087296146519,0.33929621398286763
228,3,1.0,0.02032735294339415,0.8341,-0.015600000000000058,0.7045032726084027,0.016658673400482948,1.8932522206681153,1.895235922847691,1.7594301357110569,0.9283435980188794,0.37211274066790134,0.4325545075208001,0.030345976770336344,1.090298321425762,1.091971328215221,1.0026454883056561,0.9181976324821971,0.3967304168231287,0.387488648632551,0.020015488428711533,1.022622813870558,1.0430879487144897,0.968444702886244,0.9284401225033453,0.37891649137567424
229,3,1.0,0.01979271846601995,0.8435,0.009400000000000075,0.731353860544828,0.017307337285376097,1.944037456397626,1.9525657419820643,1.8104238603809033,0.9272025117797715,0.3762035850379416,0.4402167189823578,0.03099480401290247,1.1247580678209481,1.1337700712975551,1.044817600349712,0.9215427596831512,0.39138791850163157,0.2452284501329475,0.012831927860230094,1.1668922297728146,1.22342658207349,1.1985973544050037,0.9797051755844596,0.2101551830375044
230,3,1.0,0.01926413808919542,0.8524,0.008900000000000019,0.6931313484831678,0.016415988389687667,1.8916252502693511,1.893411064585591,1.7619802656305052,0.9305851743378019,0.3664210701271152,0.4031344285663947,0.0284746020260135,1.118328061836909,1.1233124637702214,1.048481547887469,0.9333837037367196,0.3604795786884097,0.36796346133527025,0.01921084173777931,1.1919531545304634,1.2359032231554892,1.1798558256459197,0.9546506583529493,0.30870631109678065
231,3,1.0,0.01874166977771553,0.8467,-0.005700000000000038,0.6086032720774281,0.014427168249776773,1.7651528305755786,1.7675206186890071,1.659437032175276,0.938850169344051,0.34478786286113006,0.29847130382363635,0.021133133281414654,1.0162672311151648,1.0208051093114354,0.9761956625062186,0.9562997418426841,0.2936937202000693,0.25962334439520895,0.013676839817560219,1.1564785092541274,1.23470788093338,1.2071036428606123,0.977643102065648,0.22449474185443655
232,3,1.0,0.01822537082611828,0.8463,-0.00039999999999995595,0.6258336957563718,0.01484789097575597,1.7349329555748045,1.7380259247022793,1.6214395978082845,0.9329202601428596,0.3607250030875259,0.365009708399369,0.025855949567559024,1.046412100841483,1.0528044375900323,0.9875045038348947,0.9379752483712785,0.3488202287663175,0.297000254489866,0.015601458790053667,1.1297886304308205,1.186988314070288,1.1492311453761255,0.9681907831386395,0.2628812562723448
233,3,1.0,0.01771529785240183,0.8516,0.005299999999999971,0.6046570679344391,0.014357498383073342,1.7092501596231549,1.715039032893815,1.604913947920763,0.9357885838975711,0.3537557475306893,0.3444353131787886,0.024507533297448012,1.0025881038843982,1.0115737263411682,0.9511286829531799,0.9402465269569464,0.34354617997592274,0.4052945405630377,0.021309042710138462,1.086292263872813,1.1517209293351995,1.0780528158907774,0.9360364897710549,0.3730989845385579
234,3,1.0,0.017211506791815812,0.8529,0.0012999999999999678,0.5801032034922565,0.01378580084356925,1.679637555894798,1.6825180700868427,1.579350306265345,0.9386825225501603,0.3453740370690965,0.3108304021934723,0.022205895098769707,0.9469511933989929,0.9503602133818927,0.8980919057489282,0.9450015826662548,0.32824331851547234,0.2385243476415169,0.012691601345298079,1.048211643320194,1.1021839812792131,1.076064923117907,0.9763024516732751,0.2275536139686397
235,3,1.0,0.016714052890727183,0.8445,-0.008399999999999963,0.5897102714527517,0.014024362412209224,1.6404450614358699,1.6431354823976712,1.5336675191483262,0.9333786139840345,0.3594818780072906,0.46708467120569924,0.03352280977867322,1.0273904510774785,1.0387872837366514,0.9278528868307576,0.8932077831114292,0.45463209310135494,0.5418081084276067,0.028988178714508164,1.0748947437300596,1.15085578576094,1.0153388938970518,0.8822468518292367,0.504056896350097
236,3,1.0,0.01622299070056202,0.852,0.007499999999999951,0.568816714248846,0.013537980991646407,1.6186694265138817,1.6223955892801485,1.5194127261463595,0.9365241968024074,0.35141005626695687,0.39569087374531253,0.02845428582041928,0.944226760025884,0.9618318363552311,0.8766693670438636,0.9114580469346051,0.4190633971594551,0.5306244797611087,0.02823716151179008,1.0521126499060287,1.1106768698956089,0.9757258565938035,0.878496602423629,0.5043418875426527
237,3,1.0,0.015738374071823238,0.8475,-0.0044999999999999485,0.5561045594400372,0.01324492841540354,1.5766363552687486,1.5792830054311862,1.4781348339525489,0.9359531058519678,0.3527158038577928,0.31808301316663445,0.022830104154803636,0.9326986089906053,0.938633829989429,0.8830949711500532,0.9408301117380339,0.3410351533716487,0.497064841171711,0.02686668590653461,1.0021883950443966,1.04279818737133,0.9167085903376659,0.8790853316004426,0.49597944221823803
238,3,1.0,0.015260256148185282,0.8407,-0.006800000000000028,0.6060421712127144,0.014444859913143777,1.5703939021747795,1.5749811064997532,1.4537119403277212,0.9230027803688762,0.38591729780243633,0.34301462475013034,0.024707390233886236,0.922728182709846,0.9270625207003637,0.8612699389365706,0.9290311275726161,0.3717396208087773,0.5021384441048122,0.026940813800613375,1.0242629526167766,1.0713344118674166,0.946369099573123,0.8833554575396587,0.4902436848096029
239,3,1.0,0.014788689360666423,0.8456,0.0049000000000000155,0.5360216579030359,0.012785520045154602,1.5110812951102823,1.5141211640105834,1.4160662946785023,0.9352397472125977,0.3547272139742262,0.33606634626163684,0.024319034504717285,0.9059585110242113,0.9159062105605481,0.8520232194200424,0.9302516017427065,0.3709511441994231,0.33484995225737313,0.01818505978949344,0.9664011115963619,0.99586023975968,0.9378770374825108,0.9417757633428948,0.3464916878088509
240,3,1.0,0.014323725421878947,0.8468,0.0011999999999999789,0.5249227133891716,0.01252968355305454,1.5042286821799054,1.5051527964477402,1.4106527280724401,0.9372156311317187,0.3489647017157402,0.33329178826974803,0.0241401698451127,0.8906081801968374,0.8992667575295517,0.8352229047558793,0.9287821414086157,0.37422942622881106,0.3164020922247358,0.017327729485364752,0.8791135012663105,0.9146841778032861,0.8582172828220078,0.9382662383896376,0.3599104003851351
241,3,1.0,0.013865415320358426,0.8473,0.000500000000000056,0.4904687492231885,0.011715143059471456,1.4206227734642118,1.4231013905345862,1.3359109395561182,0.9387320878481363,0.3452491107313256,0.2871273245076631,0.020826539431527038,0.9104059312653346,0.9221303372984717,0.8762889233382353,0.9502874896248006,0.3153838465316202,0.234037504571593,0.012831964734725964,1.1165219749476203,1.1726365777472556,1.1490443173123994,0.9798810126832482,0.20961298552370405
242,3,1.0,0.013413809314972198,0.8439,-0.0034000000000000696,0.4732249570583971,0.011311209550695945,1.3719249442178634,1.374510282023362,1.2904792572772912,0.9388647536180145,0.34493501926097236,0.295398278972453,0.021472614471338133,0.923195698090759,0.9296274826394673,0.8814460498970225,0.9481712474703905,0.31997363027509745,0.2501740478195224,0.013696412792233334,1.086015492853881,1.1476459096552483,1.1200465041138512,0.9759512883641193,0.23035955699131294
243,3,1.0,0.012968956929407856,0.8478,0.0039000000000000146,0.5269109760672223,0.0126028005107307,1.3856060439185698,1.3910933606467317,1.2874414958019424,0.9254889227588574,0.3802747385375782,0.36417455311816455,0.02645567045647786,0.8340849352093043,0.8390826584945636,0.7559342740144022,0.9009056096698008,0.43661567035349824,0.5310883305468798,0.02911545365842587,0.9247739561993347,0.9886078655801916,0.8338411159983161,0.843449809605706,0.5742898867195216
244,3,1.0,0.012530906946742542,0.8519,0.0040999999999999925,0.502475892467386,0.012025545208287351,1.395787367213066,1.398690801036263,1.3053175800439911,0.9332424143183801,0.3599945838961611,0.37109862348676087,0.027052453940235942,0.8376002682784789,0.8512023127689449,0.7660490867587044,0.8999612374956565,0.4430497906232533,0.4533194198548075,0.025211709241608957,0.9072497592828743,0.9885363535577166,0.878467681114725,0.8886549067751961,0.4996633123530712
245,3,1.0,0.012099707404093205,0.852,9.999999999998899e-05,0.436695543524173,0.010457882498787298,1.266291866084828,1.2681962112873262,1.1906379253790547,0.9388436227628032,0.34486168253956007,0.26727193334698723,0.019483746163720894,0.7485006616141044,0.7499491648364013,0.7007064305875121,0.9343385704554638,0.3570764156315221,0.22981775682564765,0.01270854739503148,0.8537032130487341,0.868605846205614,0.8376514902692745,0.9643631733869173,0.2692009978560645
246,3,1.0,0.011675405587348867,0.8532,0.0011999999999999789,0.4835717630089437,0.011587327392197345,1.3073267429000515,1.308799365237077,1.2161883793058135,0.9292397380445795,0.3698935752941406,0.28125898763676804,0.020587915181288954,0.8432945803836568,0.8527556273959873,0.8050376336719096,0.9440425929878745,0.3335240071254926,0.4004990155728093,0.022243779411878828,0.9951463207198126,1.0409384551387333,0.960808795793649,0.9230217128116331,0.4024523904013623
247,3,1.0,0.011258048025985219,0.8451,-0.008099999999999996,0.43173846985295944,0.0103515279916161,1.2269804854364788,1.2290330970322598,1.1507059965133883,0.9362693317958585,0.3518706898580994,0.23878848773020447,0.01754255906320174,0.8160112914060685,0.8346573956034965,0.7997706200127983,0.9582022806309967,0.29262890139516107,0.23849313794137397,0.013410994092254323,1.1309095581140711,1.2186642017640552,1.195099762702638,0.9806637143953955,0.21088612809948323
248,3,1.0,0.010847680487962004,0.8521,0.007000000000000006,0.43010465302247985,0.010318424033444734,1.2432788951502023,1.2446557782746661,1.1679803217552278,0.9383962555287975,0.3459438221787866,0.2973377176817283,0.021888253931470078,0.7722776834338089,0.7793655638957713,0.7204172209492481,0.9243636803095824,0.3850139969857264,0.3637127786494963,0.02041260030874765,0.859824544096953,0.9465432124497366,0.8738747312801147,0.9232275080378534,0.4230081371211525
249,3,1.0,0.010444347974704237,0.8472,-0.0049000000000000155,0.3919485137083103,0.009408299933160696,1.178807771438448,1.1804907969213159,1.11352365458743,0.9432717794085866,0.3324956987940727,0.23648041180470608,0.01744836296040998,0.7993366544906546,0.8165372503270087,0.7815434126595389,0.9571436114476646,0.29584582475501986,0.33919888454845126,0.019284052131047547,1.0828671892104138,1.160669658931782,1.1099991529012454,0.9563437317064263,0.31324144634558776
250,3,1.0,0.010048094716167114,0.8477,0.000500000000000056,0.37974022746467295,0.009120233013405518,1.133445527926193,1.1362145456033437,1.0708785645444752,0.9424967922548692,0.3350317400426504,0.24282341893759044,0.017950107678259525,0.7935943221971824,0.8085988723901019,0.7712774816085904,0.9538443694941167,0.30597927952067266,0.22016943624940272,0.01240324061829726,1.0182027293893336,1.0894336253182808,1.0669541077771045,0.9793658677144201,0.2162333982167276
251,3,1.0,0.009658964165985781,0.846,-0.0017000000000000348,0.4248906126068798,0.010210076863063074,1.1355424522101083,1.136181850767188,1.0537443689002242,0.9274434089830785,0.3741741330585347,0.29288381793854595,0.021713198434648643,0.758120139025305,0.7693584022737,0.7114291309491215,0.924704440539833,0.38632903000716873,0.5397569464333497,0.03061177466231278,0.9947573421454274,1.0226787142927183,0.868639508931901,0.8493767365957642,0.5426016210840297
252,3,1.0,0.009276998996710232,0.8469,0.0009000000000000119,0.3743952580415922,0.00900113172430289,1.0803828160119973,1.0814718742964504,1.0145982661970747,0.9381642651198117,0.3465394418467265,0.23732420760490097,0.01759924022712472,0.8593829738735096,0.8697008370878818,0.8366939517631188,0.9620480009709043,0.27615651556977683,0.4408037766222599,0.02539544958773563,1.280669740969083,1.328309594155761,1.2530356523871051,0.943331026065126,0.3441978540764956
253,3,1.0,0.008902241095125588,0.8505,0.0036000000000000476,0.37235556498403155,0.008956639715363705,1.0492493804461058,1.0501642953546522,0.9819350338516961,0.9350299169332221,0.3548780413153243,0.2625182404397011,0.01950443266569104,0.6985392927620472,0.7133573225498371,0.6632969566213673,0.9298242769142215,0.3758102703166424,0.36908416782334924,0.021083835158092975,0.8970852250404542,0.9853043441808279,0.9135654254902148,0.9271911068754537,0.4114259799638383
254,3,1.0,0.008534731557658895,0.8519,0.0013999999999999568,0.3641662021181592,0.00876328406031754,1.0301913687178916,1.0324151715211254,0.9660559539276008,0.9357242905528469,0.35349374220769925,0.2627047738060376,0.019538678928956926,0.7523710763328018,0.7622338567025759,0.7155324320465015,0.9387308445493293,0.34916915611178206,0.25685385425979035,0.014754650841050059,1.014650833222406,1.0590415467695495,1.027421566987935,0.9701428335101048,0.25314506808618503
255,3,1.0,0.008174510685872416,0.8487,-0.0031999999999999806,0.34556615974824706,0.008319436102899267,0.9946870284804652,0.9951964745765869,0.9332738572801661,0.9377785001471531,0.34741194954170823,0.2008882647876448,0.014967090406152909,0.7159102981373147,0.7301605994002981,0.701981770755508,0.961407355220298,0.28060535699838973,0.2947189944489913,0.016906829817266617,1.0919954515285486,1.1272846988160532,1.0880770388268033,0.9652193806671657,0.2698903132210403
256,3,1.0,0.007821617982044048,0.8507,0.0020000000000000018,0.34537482351059556,0.008318499242041076,0.9649163219794826,0.9658582232011407,0.9019968841808967,0.9338812493529449,0.3579324088974623,0.31873340720873555,0.023740421259226964,0.6805203329826144,0.6981559417736177,0.6211527379970906,0.8897048651037679,0.468367206328394,0.5574383269158956,0.03238525258601571,0.9037912069367791,0.9746645017840286,0.7995207091755511,0.8203035072192597,0.616777771942728
257,3,1.0,0.007476092144835487,0.8436,-0.007099999999999995,0.3207195591278981,0.0077277477301903996,0.9290561403068176,0.9302301147682365,0.8731935957863322,0.9386855810445196,0.34521009572358197,0.20743541205472063,0.01545178262045388,0.7178999498257495,0.7413484657072069,0.7117359736251984,0.9600559069697948,0.2889475227085193,0.1715132242935098,0.009830526211622472,0.968505626221894,1.0844774485485933,1.070828919319567,0.9874146491037755,0.17709058125204372
258,3,1.0,0.007137971065048549,0.849,0.00539999999999996,0.38880615245336103,0.009372108398552882,0.9459488261140981,0.9475607862990323,0.864118770481485,0.9119401973740875,0.4110223954191621,0.44771602808879707,0.03344028549216436,0.7220380261744774,0.745815631560949,0.596482419590895,0.7997719467779077,0.6200726441803889,0.8068754685728003,0.04645098070595424,1.0738277566754157,1.1887563184038872,0.8729795898452766,0.7343637853529175,0.7514012033651439
259,3,1.0,0.006807291821469859,0.847,-0.0020000000000000018,0.305353006824361,0.007363355420266373,0.8676878916859574,0.8682615476364437,0.812796217751043,0.9361190990936006,0.3519157173336211,0.25101769339130414,0.01871824295704804,0.699827314207405,0.7179732145503129,0.6726631100375227,0.9368916505594581,0.35868519032526797,0.5679857542993726,0.03333347084209437,1.0709242327587705,1.122964014511269,0.9687310650055726,0.8626554836017423,0.5303696908941955
260,3,1.0,0.006484090676804943,0.8451,-0.0019000000000000128,0.2698775324460973,0.006510186822514126,0.8343101819693489,0.8353400932249838,0.7905436218608949,0.946373373279446,0.3234738569401903,0.15645175855293572,0.011681420993580802,0.6373018327802911,0.6551136039757113,0.6361577580189437,0.9710647957213382,0.2454908341788376,0.18816885168270742,0.010894775525478309,0.8551237326267619,0.9180268386985841,0.8985353573219079,0.9787680702186139,0.22004868360359023
261,3,1.0,0.006168403073701431,0.8438,-0.0012999999999999678,0.26621035117371694,0.006423908784238373,0.8118949075048429,0.8132764557807882,0.7684729501431078,0.9449098700457685,0.32788769668706047,0.16806528403436116,0.012562290917841442,0.6401773340866749,0.6597198441053725,0.6379532294621594,0.967006275712791,0.2625292635112359,0.2605716960273346,0.015106272214035134,0.8636052148734115,0.954349789283736,0.9180883473486336,0.9620040342207048,0.30172547772946184
262,3,1.0,0.005860263630862452,0.8454,0.0016000000000000458,0.2750651448820864,0.006639845691295468,0.7924432545724511,0.7949165249023215,0.7458092750231664,0.938223387813973,0.34711021047241164,0.1656551179801095,0.012368176614977968,0.6410117379329942,0.6640531452873129,0.6430590486649442,0.9683849150156721,0.258427589039603,0.30250253476474914,0.017687058141014744,0.9330756329203753,1.0607983546265094,1.0167523184524125,0.9584784082837263,0.3241993725824404
263,3,1.0,0.005559706139250394,0.8516,0.006199999999999983,0.26007323651033754,0.0062798606092535104,0.7690425871374883,0.7698331947938277,0.7245723467211058,0.9412069414792598,0.3381779382054456,0.2385570806987312,0.017780918933445303,0.6897122737219843,0.7196449022149849,0.6789545884030012,0.943457789130801,0.34587912929456005,0.22544586395318297,0.013115023720822466,1.0356774905735153,1.112026211483445,1.08893366626057,0.9792338121310383,0.2176796020046167
264,3,1.0,0.0052667635583811484,0.85,-0.0016000000000000458,0.2353686692968415,0.005685113415084113,0.7274365421461838,0.7279171202139587,0.6888141609645748,0.9462810282056695,0.323559040081248,0.14426060128624457,0.010785919417952402,0.6723599166353209,0.691639628222099,0.6764275803229725,0.9780058179456402,0.21455859832954557,0.12943246238051334,0.007566285452900128,0.9744215860601837,1.0308450148384807,1.022687005312571,0.9920860949915076,0.13283004423561603
265,3,1.0,0.00498146801270987,0.8521,0.0020999999999999908,0.280851556163917,0.006785675318967385,0.7063747983488409,0.707651049637878,0.6495324715278361,0.9178711341701782,0.3975956628413283,0.21951494983807276,0.016447053064796924,0.5188840579092555,0.5252635776478544,0.4771949467940598,0.9084866476578345,0.4230520219151971,0.2749354890171394,0.016078707500209642,0.7024967890799321,0.7243393868975521,0.6701327291978083,0.9251640064308548,0.3913690329847991
266,3,1.0,0.004703850788108141,0.8477,-0.0043999999999999595,0.22223740269896228,0.005370735328526127,0.6686943745377827,0.6695871085293913,0.6316307903646465,0.9433138456800522,0.33234525541295007,0.23604810245048202,0.017662284742185813,0.5688460555290308,0.5890378268109531,0.53967295557012,0.9161940558077667,0.41495954864441426,0.2734870033935588,0.01596665635097406,0.8509747112388729,0.912581984435645,0.8706381860324212,0.954038323001563,0.3213808821597163
267,3,1.0,0.00443394232843309,0.8487,0.0010000000000000009,0.20686432160643142,0.0050004739000131465,0.6431005911503919,0.644846003623791,0.610764719068325,0.9471481805517254,0.3216671302329052,0.18307707523186756,0.01376559046888861,0.7022851269436753,0.7309857002124297,0.7076883926618331,0.9681289147738099,0.2606876725819522,0.3699090218670747,0.021620290152999617,1.109809022119175,1.1990096533169736,1.140522479798706,0.9512204314982226,0.3333087175311796
268,3,1.0,0.004171772232188925,0.8509,0.0021999999999999797,0.21757377838982833,0.0052607093392759655,0.6087033505292904,0.6109985740056948,0.5709473947246366,0.9344496354247058,0.35743811529974295,0.20062419592518008,0.015061872301013145,0.5591936787902492,0.5787767742485063,0.542892711678179,0.9380001683431064,0.35877407691590385,0.44332562620378735,0.025926653750901172,0.8901531146986165,0.9975838566296613,0.8936644220545814,0.8958288730471523,0.498033000034928
269,3,1.0,0.003917369249281083,0.8507,-0.00019999999999997797,0.2119491977730345,0.005125839331798951,0.6048940453189078,0.6069901283194373,0.5687834116748186,0.9370554563211745,0.35039061702333707,0.20491417405563947,0.015408151305511049,0.5448201771384089,0.560912402869569,0.5221426268181945,0.9308808722127868,0.376113408890108,0.1646891005881354,0.009777601429368335,0.7371617704881651,0.801665921283529,0.784567281387186,0.9786711154330139,0.2234097143684955
270,3,1.0,0.0036707612778634846,0.8508,9.999999999998899e-05,0.18640685679348026,0.004509113772751648,0.5721676183830675,0.5725208735102875,0.5413249023605526,0.9455112073757879,0.32579064386807094,0.1715523179063531,0.012915945460838374,0.6254589469875729,0.6744488552088506,0.6522661027922054,0.9671098078893232,0.2742822989943761,0.3160275924818805,0.0187861423145732,1.0563680319674178,1.1554966385050047,1.1114400742766282,0.9618721831286524,0.29916429020793006
271,3,1.0,0.0034319753612792386,0.8483,-0.0024999999999999467,0.17210327628087124,0.004163907685263992,0.5337917734099222,0.534477390614053,0.5060104331091151,0.9467387058744756,0.3224165018157849,0.20708802349463332,0.015597999525229004,0.5523612873140642,0.5824085245799592,0.5443475351129924,0.9346489828691692,0.3749140793367842,0.3089192267703634,0.018202002462265186,0.9155149379446511,0.9577387181197617,0.9065496755827863,0.9465521842559836,0.33742674637717335
272,3,1.0,0.003201037685094957,0.8521,0.0037999999999999146,0.17386282892898744,0.004207246459531946,0.5223857966345058,0.5240560307472494,0.4943748124958005,0.9433625099035182,0.33282457151229344,0.28262598701927244,0.02131029088087187,0.5911270913265756,0.6284867935285211,0.5613538852478148,0.8931832634003315,0.4781137443472916,0.4315773730530862,0.025374573566372332,0.9869224583027587,1.096753412359494,1.0082703315427797,0.9193227212064408,0.43729613144611507
273,3,1.0,0.00297797357422927,0.852,-9.999999999998899e-05,0.16158516694622116,0.00391079505143528,0.49276241596180714,0.4933956193045876,0.46618610099919683,0.9448525336650921,0.32791698740016173,0.1461450231624245,0.01099175864452106,0.4945781086094273,0.5023242562648335,0.4805947331947354,0.9567420390333651,0.2954943225718802,0.1428625993002337,0.008493308090616457,0.8140896131825366,0.8374630387191906,0.82518762680448,0.9853421448503751,0.17548755933850835
274,3,1.0,0.002762807490175642,0.8516,-0.00039999999999995595,0.15354508167649034,0.003716755155250862,0.47451209441418596,0.47569460300168376,0.4502324661397481,0.9464737739270809,0.32358518040736367,0.16490159244202623,0.012432979331897454,0.5887280075808086,0.603410450246068,0.5804408880464924,0.9619337679846136,0.28009809337870156,0.2604373859326043,0.015537380870239944,0.9214995005572616,0.9498209884409587,0.9134177778559239,0.961673608997852,0.28262346943770356
275,3,1.0,0.0025555630283198767,0.8515,-9.999999999998899e-05,0.17402396817963645,0.0042131029423781614,0.45729570337197867,0.45833589292488885,0.42401351600286674,0.9251152321870485,0.3805501930073458,0.16995267426022143,0.012816624228429442,0.5043420097535114,0.5356448321325306,0.5079679767862434,0.948329837821642,0.33697901617056036,0.26575165488049834,0.01576399970001372,0.8925708674930044,0.9722128762949308,0.9351866638948705,0.961915529712828,0.29773731650790314
276,3,1.0,0.0023562629153526696,0.8517,0.00019999999999997797,0.1290706012050274,0.003125208177476563,0.4164066178418217,0.4168526822012862,0.39636719169305207,0.9508567621538243,0.30996289606054434,0.17411206495312445,0.013113158677115112,0.47560900388864413,0.49319495320626994,0.4614393057400931,0.9356123835823283,0.36608235657769395,0.21646668092315627,0.012905648200731678,0.8151662817387659,0.8855194338807623,0.8586540576522383,0.9696614493136676,0.2655491103746692
277,3,1.0,0.0021649290067773026,0.8536,0.0019000000000000128,0.12444230366370332,0.0030134926447121877,0.39445682438083357,0.39562590321533575,0.37554490584354233,0.9492424605957525,0.31547762891169767,0.2022634708662724,0.015214182027166113,0.5177326706033523,0.5619293124072826,0.5242652448105056,0.9329736556446475,0.3906716387639972,0.4611226937060581,0.027486011972337434,0.9466205650070032,1.0346071159325978,0.9261627138936341,0.8951830116292874,0.48712515949053636
278,3,1.0,0.0019815822845129782,0.8467,-0.006900000000000017,0.141169536222889,0.0034189268130911713,0.39201089795772504,0.39405275204306894,0.36789772793515396,0.9336255768490197,0.3601163563521974,0.2117510389507552,0.015964913391715015,0.577950989549029,0.6143128163977026,0.5766643476679969,0.9387144989901491,0.36638234518117707,0.2457807772332438,0.014490719797764609,0.8532673729191387,0.937824613705118,0.9050451624740109,0.9650473545350836,0.2880466135631036
279,3,1.0,0.0018062428545939507,0.8516,0.0049000000000000155,0.13583834987940546,0.003290143791033942,0.3668315824002293,0.3680449987000167,0.34206003234993304,0.9293973116280183,0.3703016762913284,0.2425831527792785,0.01833178806731873,0.4786095928969242,0.5386267723222052,0.48090768329894684,0.892840289437505,0.5068497505680427,0.49396186324114866,0.029119877271838134,0.7255115519460924,0.8625745316630421,0.7071327763351809,0.8197932472824466,0.6808463103256713
280,3,1.0,0.0016389299449645815,0.8514,-0.00019999999999997797,0.1172413541015715,0.002839957736997611,0.3453579177576325,0.345862534896031,0.32538495642115667,0.9407927242508932,0.33947782307353924,0.1049047472320373,0.00791529940546331,0.47659795979800856,0.49119578606267017,0.47986278746344924,0.9769277365140608,0.22011161624883574,0.14067255551860955,0.008421807201173963,0.908519323385305,0.9648043397586479,0.9544939290481887,0.989313469803589,0.15483716405110517
281,3,1.0,0.0014796619033708683,0.8509,-0.000500000000000056,0.12124564587224389,0.00293718914368797,0.3261856431337097,0.32672197011820436,0.3033920619788334,0.9285940026288086,0.37170748751361504,0.16405226242628415,0.012375839465967656,0.5070252946906011,0.5480735555611052,0.5229450068567479,0.9541511382014569,0.32355833948362034,0.38028652072944946,0.02281019622554178,0.8604018268248202,0.9294898564618972,0.848135246574376,0.9124739131665218,0.44198711447747385
282,3,1.0,0.0013284561953483542,0.8519,0.0010000000000000009,0.12428775669509752,0.003011077689044656,0.3122992491105668,0.3133162370715857,0.28761019600747784,0.9179549668272232,0.3979764826494813,0.1976810931952073,0.014913843732182889,0.5166908851603825,0.5709996361799204,0.535689055363779,0.9381600642473699,0.3825906337284166,0.5260371992189681,0.031231246448715673,0.9888874898971468,1.0826609393784692,0.946276673736556,0.8740286449050169,0.5319484821005074
283,3,1.0,0.0011853294023068588,0.8524,0.000500000000000056,0.08091699862329953,0.0019604862912446642,0.27160267333793714,0.27185644947373844,0.2595349196795525,0.9546763381261029,0.297924161161035,0.08764360629234969,0.006610718821940703,0.40684886139936294,0.4326152923317453,0.4236443993651998,0.9792635786909117,0.21542055197327614,0.1381242525214798,0.008309171204575538,0.7370226917992705,0.8130690984033591,0.8012509150764516,0.9854647245232723,0.18740841233026542
284,3,1.0,0.0010502972197121263,0.8515,-0.0009000000000000119,0.0796505747628904,0.001929900417952597,0.26236136993290604,0.2631310307014657,0.25078622198966805,0.9530849376491691,0.303591091871717,0.1858701959426877,0.013998626644842346,0.51361093745739,0.5352298425726802,0.5019195943341951,0.9377645908561949,0.36188909228224486,0.2681837325946502,0.01610047630522209,0.9400704132776616,0.9986667036036216,0.9619836476281995,0.9632679693404679,0.2852804734696387
285,3,1.0,0.0009233744553646757,0.8498,-0.0017000000000000348,0.07192747976085423,0.0017428571759479112,0.23284897015410985,0.2334523040319206,0.22209551694527344,0.9513528592757245,0.3089018590601857,0.12715697043487603,0.009615067149851768,0.4232475755414432,0.44568581320142814,0.42716149330275666,0.9584363707572191,0.30043165698518026,0.25289386010653186,0.015189277714035469,0.7479550917389807,0.7827027659527984,0.7407214245900379,0.9463636220683903,0.33811369546072434
286,3,1.0,0.0008045750277758752,0.8511,0.0012999999999999678,0.077994025140661,0.0018899297859923331,0.2312796959489427,0.23189813277290197,0.21838882662501893,0.9417446531960104,0.3372281549430909,0.09915674083424515,0.007492571287325461,0.3854363221676025,0.41948173296436736,0.40759398719895895,0.9716608738087333,0.2572584241065065,0.2243645928480951,0.013420661884668375,0.8192026904346271,0.872876305889829,0.8435482730301429,0.9664007000054968,0.2738816601408605
287,3,1.0,0.0006939119646417303,0.8539,0.0028000000000000247,0.06673679737320425,0.001617200279582918,0.19395813514887342,0.19452723069942024,0.18272122286816692,0.9393092278710545,0.34407836166284095,0.17128454741715168,0.012937267827647512,0.472770238150793,0.5069455013072002,0.4771323925797283,0.9411907026483195,0.3622997676146429,0.315554341095084,0.018858165375320368,0.7283101364835219,0.7980633334895658,0.733028473849809,0.9185091496994491,0.43326918751764953
288,3,1.0,0.0005913974014141677,0.8518,-0.0020999999999999908,0.06350285175825034,0.0015388785408718257,0.1819558677743336,0.1831665129175628,0.17180617520768654,0.9379780860107918,0.34900139542082936,0.1485519397546855,0.011198063234070963,0.5753304001372079,0.6230839890703365,0.60511649531747,0.9711636086498153,0.2582028339181417,0.4237501832675916,0.02549018712040493,1.0719956028683197,1.1573172588573737,1.0769487806019145,0.9305562259264953,0.3952909714683257
289,3,1.0,0.0004970425799702666,0.8536,0.0018000000000000238,0.05217008938600181,0.001264280293892905,0.1613600754788385,0.16199559986935913,0.15336511250115517,0.9467239395689513,0.32331473092824403,0.07529857150912292,0.005674832896903258,0.3925552536570396,0.4216351611062524,0.41485703025266557,0.9839241802419825,0.19181649158339473,0.24032484279371355,0.014279255217217728,0.76625655634984,0.8388894280169598,0.8037285729403809,0.9580864248585238,0.313634957903044
290,3,1.0,0.0004108578473795032,0.8524,-0.0011999999999999789,0.05283928455941577,0.001280522040899208,0.14835690424347342,0.14932754553512245,0.13966648142715998,0.9353028667728945,0.3561632997726852,0.07246096039990796,0.005474177963001538,0.41104586151288847,0.46414989266258216,0.4584588708797077,0.987738827751897,0.17628436917771018,0.2786316619583169,0.01668008971330596,0.8553669988806667,0.9371554327505838,0.8947764167318084,0.9547790958279018,0.32574516239571355
291,3,1.0,0.0003328526547690002,0.8522,-0.000200000000000089,0.04592977979015904,0.0011130909648344564,0.12932495919144255,0.12980625383741307,0.12140890115954324,0.9353085661929061,0.35515015877305006,0.07608914644665887,0.005749688312928419,0.46786901533880787,0.5358412133562648,0.5304113813205158,0.9898667144288156,0.16262916318910076,0.38676314521589755,0.02321904889145039,1.018843908679538,1.1248026028059572,1.0562173193952944,0.9390246046376773,0.3796098125738985
292,3,1.0,0.0002630355562871722,0.8542,0.0020000000000000018,0.041440811895136424,0.0010043135985005726,0.10600960777393835,0.10673717080719163,0.0983640443121389,0.9215537901957528,0.3909156232660294,0.09502078077562263,0.007168841458394469,0.36859888930528223,0.4074562637448771,0.39622172484149926,0.972427620083386,0.2577891131324712,0.18451715034443883,0.011054147897235116,0.8129682350374876,0.8481355373417166,0.8278207232229159,0.976047679616783,0.22696723241090763
293,3,1.0,0.00020141420816564278,0.8556,0.0014000000000000679,0.0247103787968249,0.000598856954984961,0.08616892334470581,0.08652485989028626,0.08292134564047994,0.9583528450161539,0.2867667116829898,0.06717601951093673,0.00506625456860985,0.3605278250690757,0.3861686103654839,0.38028093398668184,0.9847536122285295,0.18632686533436377,0.30821879573821126,0.018388435875705482,0.8032754966912256,0.8205905205123238,0.7605065354594404,0.9267795769620019,0.38370247444095607
294,3,1.0,0.00014799536787963308,0.856,0.00039999999999995595,0.019869220452294518,0.00048153421943616855,0.06513822185656881,0.06552640106809121,0.062441359147143445,0.9529191002304251,0.3050316678285381,0.14314124519853405,0.010820106678713833,0.27418984361967175,0.2856645420659991,0.2472141352808621,0.8654001420440429,0.5220515950148942,0.26299558588883526,0.015825912626939498,0.711761499414888,0.7565047975735175,0.709318359197949,0.9376257248772003,0.36949959516640607
295,3,1.0,0.00010278489340696252,0.8536,-0.0023999999999999577,0.01851659992384446,0.0004487548465644004,0.0510225549642911,0.05125433581421071,0.04779271223525799,0.9324618391017574,0.36291008823065757,0.3281076060495264,0.024830660164154694,0.47624881109492434,0.5361657913539442,0.42405082722921067,0.7908949695548144,0.6889415750880038,0.40128776898409685,0.024005269392341707,0.9482060180798062,1.0235644270921922,0.9416221935020783,0.9199442346556527,0.42320736351867605
296,3,1.0,0.00010000000000000002,0.8547,0.0010999999999999899,0.01903201598463648,0.0004612474235985189,0.047312830147313814,0.04788414512536432,0.04393942406743675,0.9176194740952357,0.40225908966718243,0.11369270214785752,0.008566180569324238,0.36195959839234143,0.42134655845899055,0.4057177405395688,0.9629074508723136,0.31410329399421477,0.2890873954095666,0.01733009533382315,0.7591025528330745,0.8533677043651928,0.8029102190157913,0.9408725159256688,0.38082785300965327
297,3,1.0,0.00010000000000000002,0.8554,0.0007000000000000339,0.022118634646708667,0.0005360535657692175,0.04962359074696881,0.049782367182065086,0.04459875569160758,0.8958745478795755,0.44572821744181734,0.08461260368671407,0.00637116002610745,0.39998833041482185,0.4446884958733675,0.43656452387899064,0.981731094755619,0.21153768060924083,0.3220542361563747,0.019165369750280624,0.8235219112417483,0.872433246265658,0.8108148132528537,0.9293717504731114,0.3910694199632951
298,3,1.0,0.00010000000000000002,0.853,-0.0024000000000000687,0.014039350226540329,0.00034024964951726234,0.0463848607281833,0.04666675261827701,0.044504860321109126,0.9536738218137514,0.3026709578543601,0.053195777275389114,0.004013579500929789,0.36032329571617944,0.423811990042168,0.4204602568698261,0.9920914621315728,0.14763346668901065,0.15297344100922267,0.009058351294370553,0.6566445644704422,0.8331593914181105,0.8189955924658168,0.9829998928198053,0.2329623197788741
299,3,1.0,0.00010000000000000002,0.8537,0.0007000000000000339,0.015565212061144614,0.0003772303968614009,0.04622657189698821,0.04653820739371931,0.04385805722333376,0.9424096818403181,0.3367156901842148,0.18623110652301444,0.014069257633315645,0.3531908868975134,0.40040028348762075,0.3544549898699866,0.8852515956846103,0.5272817431924673,0.4319992991921403,0.02574727240639041,0.8425741648166992,0.9469790846817261,0.8427016934186399,0.8898841664511173,0.5127136781913093
300,3,1.0,0.00010000000000000002,0.8545,0.0008000000000000229,0.013224324876980501,0.00032049867234771294,0.04498172543302281,0.04517195963336777,0.043192862588910516,0.9561874875360659,0.2939932772625929,0.08585352139781491,0.00646854215004695,0.42732384202783186,0.4595216581632988,0.45143031073878165,0.9823918039970996,0.2009097385963857,0.18763327844539118,0.011281416383628264,0.8237185238055018,0.8866552943896141,0.866574460691424,0.9773521527190405,0.22778810118114518
